Date,Open,High,Low,Close,Volume,Dividends,Stock Splits,Capital Gains
2014-01-02,31.23513309725049,31.242750143685576,30.587576622332627,30.6180477142334,138488400,0.0,0.0,0.0
2014-01-03,30.7704210452864,30.778040999428875,30.42759576289989,30.56472587585449,83579700,0.0,0.0,0.0
2014-01-06,30.44282969450316,30.44282969450316,30.267608546992296,30.27522850036621,55735100,0.0,0.0,0.0
2014-01-07,30.435221018833804,30.541877146119905,30.313327886769468,30.404747009277344,57341500,0.0,0.0,0.0
2014-01-08,30.45045035799699,30.48092145372113,30.21428120263005,30.305700302124023,63182600,0.0,0.0,0.0
2014-01-09,30.20666371638533,30.25999176582878,29.9095465615652,30.145715713500977,74405200,0.0,0.0,0.0
2014-01-10,30.320936697548337,30.79327209268876,30.31331965030961,30.678998947143555,110244200,0.0,0.0,0.0
2014-01-13,30.73994842869473,30.77804238880475,30.229521912225145,30.31332397460937,62209500,0.0,0.0,0.0
2014-01-14,30.4809259293367,30.7323321225609,30.34379871304128,30.640913009643555,75830700,0.0,0.0,0.0
2014-01-15,30.61805805502744,30.709480080087417,30.564729993489816,30.6332950592041,47361900,0.0,0.0,0.0
2014-01-16,30.595202690851693,30.67138480230924,30.3971274573653,30.4656925201416,56673900,0.0,0.0,0.0
2014-01-17,30.45045409375428,30.458071142079604,30.27523292066049,30.31332397460937,61288200,0.0,0.0,0.0
2014-01-21,30.47330571222357,30.511396763131675,30.13810039560704,30.26761054992676,46683100,0.0,0.0,0.0
2014-01-22,30.51901679269385,30.67900095060116,30.38188668415591,30.6713809967041,56188400,0.0,0.0,0.0
2014-01-23,30.298087841010624,30.298087841010624,29.70385924510916,29.917171478271484,109930400,0.0,0.0,0.0
2014-01-24,29.52101591099785,29.543869961086457,29.10200852446105,29.132482528686523,127153900,0.0,0.0,0.0
2014-01-27,29.170572753344057,29.23151785390505,28.774419428134387,29.018205642700195,118532300,0.0,0.0,0.0
2014-01-28,29.20866494539618,29.330558057440403,29.10200883562762,29.201047897338867,86568700,0.0,0.0,0.0
2014-01-29,28.82012787418731,29.102005114845493,28.63728677641727,28.78203392028809,142219100,0.0,0.0,0.0
2014-01-30,29.193424590210764,29.2619896394959,28.94202134693906,29.048677444458008,84660600,0.0,0.0,0.0
2014-01-31,28.70585745613036,29.15533888240722,28.62967534570833,29.094390869140625,102329500,0.0,0.0,0.0
2014-02-03,28.84298475061252,28.88869284991773,28.22589925454361,28.27161026000977,123117200,0.0,0.0,0.0
2014-02-04,28.736319543638103,29.01819672267726,28.66013455865453,28.84297561645508,138955500,0.0,0.0,0.0
2014-02-05,28.72108921711586,28.919164411756075,28.53063106966305,28.736326217651367,86064900,0.0,0.0,0.0
2014-02-06,28.94202438927912,29.38388582632835,28.94202438927912,29.33817481994629,99403100,0.0,0.0,0.0
2014-02-07,29.56672536425827,29.65052451223504,29.34579320447017,29.50577735900879,80356700,0.0,0.0,0.0
2014-02-10,29.37626642963231,29.399120477915595,29.048678175488305,29.17818832397461,68839500,0.0,0.0,0.0
2014-02-11,29.338176082284924,29.879079509516,29.33055903397401,29.81051445007324,93164800,0.0,0.0,0.0
2014-02-12,30.008592501351664,30.153342588347616,29.72671518871116,29.818134307861328,68705700,0.0,0.0,0.0
2014-02-13,29.38388768687309,29.87146016117676,29.38388768687309,29.84860610961914,50414900,0.0,0.0,0.0
2014-02-14,30.054295034887343,30.374263314722032,30.00096698824823,30.214279174804688,69806400,0.0,0.0,0.0
2014-02-18,30.1990515094622,30.25999952798065,29.91717418921804,29.932411193847656,69542600,0.0,0.0,0.0
2014-02-19,29.81812272744472,30.0619088879406,29.658138604524343,29.726703643798828,101924800,0.0,0.0,0.0
2014-02-20,29.69623818342438,29.90193336037521,29.51339996357549,29.8333683013916,71686300,0.0,0.0,0.0
2014-02-21,29.99335339789217,30.16095752640467,29.92478833678808,30.03906440734864,66907700,0.0,0.0,0.0
2014-02-24,30.008590401044327,30.305704697108336,29.97049934624454,30.03906440734864,58971200,0.0,0.0,0.0
2014-02-25,29.9781148424025,30.046679899956136,29.612435504170136,29.69623756408692,77028600,0.0,0.0,0.0
2014-02-26,29.863837650527515,29.92478274558784,29.5971945044267,29.719087600708008,59122600,0.0,0.0,0.0
2014-02-27,29.985734084531742,30.33617641207829,29.92478607652662,30.282848358154297,67962200,0.0,0.0,0.0
2014-02-28,30.305705306449774,30.35141631682532,29.879080834256325,30.07715606689453,88240700,0.0,0.0,0.0
2014-03-03,29.49816091983569,29.665762125406864,29.322939760370744,29.543869018554688,98832200,0.0,0.0,0.0
2014-03-04,30.11524168584704,30.160952687970525,29.91716648896675,30.046676635742188,63103000,0.0,0.0,0.0
2014-03-05,29.95525634672412,30.11524048855471,29.90192829944725,30.06953239440918,42856900,0.0,0.0,0.0
2014-03-06,30.34379440202509,30.640908656415625,30.336174448437195,30.49615859985352,86027600,0.0,0.0,0.0
2014-03-07,30.35903691172717,30.374273916965528,29.92479243399953,30.10763359069824,66565600,0.0,0.0,0.0
2014-03-10,29.90955262621724,29.91717258120322,29.65052937375897,29.90193557739257,57747100,0.0,0.0,0.0
2014-03-11,29.947635288220848,30.0390543704268,29.49053406487064,29.56671905517578,72692600,0.0,0.0,0.0
2014-03-12,29.39150971097802,29.65815001846181,29.3000876859881,29.62767601013184,56882800,0.0,0.0,0.0
2014-03-13,29.69623942242276,29.71147642573941,28.972497748768653,29.094390869140625,79967400,0.0,0.0,0.0
2014-03-14,29.14009939570827,29.421976667641022,29.14009939570827,29.254375457763672,64589800,0.0,0.0,0.0
2014-03-17,29.51340393773276,29.68100517746924,29.51340393773276,29.61244010925293,57492000,0.0,0.0,0.0
2014-03-18,29.68099941722364,30.03906169354807,29.6581453676407,30.02382469177246,68135000,0.0,0.0,0.0
2014-03-19,29.81051368578171,29.94764380115142,29.254376176187243,29.38388633728028,95953000,0.0,0.0,0.0
2014-03-20,29.18580518269254,29.57433849311277,29.079146187638703,29.51339340209961,60572300,0.0,0.0,0.0
2014-03-21,29.71147456645006,30.054299854218232,29.658146511259574,29.69623756408692,86969000,0.0,0.0,0.0
2014-03-24,29.962882794896995,30.05430190916556,29.78004166019862,29.985736846923828,54328100,0.0,0.0,0.0
2014-03-25,30.290467821715257,30.442834947718257,30.199048708577944,30.32856178283692,93531000,0.0,0.0,0.0
2014-03-26,30.59518894454075,30.69422796986669,30.381876803371,30.397113800048828,91289900,0.0,0.0,0.0
2014-03-27,30.511400442375084,30.83898875077688,30.496163438942297,30.79327774047852,73438700,0.0,0.0,0.0
2014-03-28,31.06752896844293,31.250370050381058,30.998963925986185,31.03705787658692,67464400,0.0,0.0,0.0
2014-03-31,31.227514168546115,31.425589331683803,31.21227717043395,31.242748260498047,75256100,0.0,0.0,0.0
2014-04-01,31.539871532638887,31.608436584472653,31.41797843006339,31.608436584472656,65717300,0.0,0.0,0.0
2014-04-02,31.48655147751908,31.69986373465402,31.44084046263522,31.669389724731445,44076300,0.0,0.0,0.0
2014-04-03,31.52463511727748,31.57034321524205,31.23513790347149,31.54748916625977,84659200,0.0,0.0,0.0
2014-04-04,31.88269334068615,32.096008446167744,31.417977893045844,31.463685989379883,127800700,0.0,0.0,0.0
2014-04-07,31.49416632761104,31.684624517084693,31.417984214286104,31.60082244873047,60586200,0.0,0.0,0.0
2014-04-08,32.04267860646976,32.19504279395333,31.85983751286465,31.966493606567383,107043300,0.0,0.0,0.0
2014-04-09,32.004586221496794,32.35503142589653,31.79127402364014,32.21028137207031,71617000,0.0,0.0,0.0
2014-04-10,32.20267519829461,32.316948383091386,31.82937581983701,31.867469787597656,74792500,0.0,0.0,0.0
2014-04-11,31.64653756169748,31.91317789905168,31.638917605680668,31.867469787597656,76310100,0.0,0.0,0.0
2014-04-14,31.966490330443484,31.97411028273308,31.63890212983802,31.79888916015625,44883400,0.0,0.0,0.0
2014-04-15,31.600812613251108,31.6236666589032,30.930399181239025,31.31893539428711,155302100,0.0,0.0,0.0
2014-04-16,31.471305507709165,31.74556280040337,31.395120504604623,31.715091705322266,64113100,0.0,0.0,0.0
2014-04-17,31.74556207380781,32.11124426801842,31.654142978335493,32.00458526611328,69955200,0.0,0.0,0.0
2014-04-21,31.958879942413382,31.966496990129567,31.72271077695908,31.8065128326416,29288500,0.0,0.0,0.0
2014-04-22,31.844608502071416,31.89031951348084,31.70747837400448,31.722715377807617,43060000,0.0,0.0,0.0
2014-04-23,31.570345619700625,31.58558262223625,31.311322388917205,31.4941635131836,58299300,0.0,0.0,0.0
2014-04-24,31.51701345423803,31.53225045478682,31.25037321003596,31.524633407592773,39310800,0.0,0.0,0.0
2014-04-25,31.113244203232,31.120861250693377,30.88469499930021,31.09800720214844,72613500,0.0,0.0,0.0
2014-04-28,31.136101587739315,31.357033767880687,30.983734466739712,31.250377655029297,64020600,0.0,0.0,0.0
2014-04-29,31.44845011040177,31.66938227110005,31.433213109026624,31.54748916625977,71181600,0.0,0.0,0.0
2014-04-30,31.30370254744436,31.486543655395508,31.26561149758478,31.486543655395508,49063100,0.0,0.0,0.0
2014-05-01,31.448448404848826,31.600815504176023,31.296084211682324,31.524633407592773,31161300,0.0,0.0,0.0
2014-05-02,31.46368475272852,31.79127299233041,31.44083070545976,31.699853897094727,63037500,0.0,0.0,0.0
2014-05-05,31.47892240594641,31.55510450252965,31.387503308814367,31.524633407592773,26894600,0.0,0.0,0.0
2014-05-06,31.55511364060256,31.85223087810536,31.53987954180281,31.669389724731445,41163100,0.0,0.0,0.0
2014-05-07,31.57796143754631,31.844601681588905,31.52463338873779,31.83698463439941,43226500,0.0,0.0,0.0
2014-05-08,31.928409258795583,32.02744832636838,31.760805130004883,31.760805130004883,49820300,0.0,0.0,0.0
2014-05-09,31.7912758105112,31.867460818428327,31.66176565629344,31.70747375488281,43953000,0.0,0.0,0.0
2014-05-12,32.17218812831496,32.263607220279006,32.05029503697604,32.240753173828125,63396500,0.0,0.0,0.0
2014-05-13,32.294094380889305,32.49978960125849,32.24838626935952,32.3626594543457,53342400,0.0,0.0,0.0
2014-05-14,32.545489871094205,32.69785406742553,32.499778868498346,32.5911979675293,57544700,0.0,0.0,0.0
2014-05-15,32.54548787768528,32.553104924571,32.172188644752254,32.28646469116211,56308800,0.0,0.0,0.0
2014-05-16,32.56072480260977,32.758799988948574,32.46930280322825,32.71308898925781,70419600,0.0,0.0,0.0
2014-05-19,32.66738089572763,32.758799988948574,32.63690689593379,32.71308898925781,32471500,0.0,0.0,0.0
2014-05-20,32.591204085329714,32.66738910395708,32.362654841770244,32.44645690917969,63707800,0.0,0.0,0.0
2014-05-21,32.621663380875354,32.713082455838176,32.59880933867464,32.697845458984375,50661300,0.0,0.0,0.0
2014-05-22,32.85784180810943,32.92640686035156,32.78927675586729,32.92640686035156,51415000,0.0,0.0,0.0
2014-05-23,32.88069644359338,32.97973549996854,32.850222440683964,32.86545944213867,55456100,0.0,0.0,0.0
2014-05-27,32.72833482534394,32.7816628863007,32.476931524570865,32.583587646484375,40155800,0.0,0.0,0.0
2014-05-28,32.75118617314821,32.8426052753881,32.6369101157277,32.77404022216797,45095400,0.0,0.0,0.0
2014-05-29,32.857842394491755,32.91878749414971,32.7740403395713,32.86545944213867,28979600,0.0,0.0,0.0
2014-05-30,32.65977137129486,32.697862430119734,32.3474200390725,32.415985107421875,72201700,0.0,0.0,0.0
2014-06-02,32.553109515256175,32.62167457153912,32.49216441309412,32.515018463134766,33550800,0.0,0.0,0.0
2014-06-03,32.55309834811323,32.7892674401072,32.545481302766326,32.697845458984375,38021700,0.0,0.0,0.0
2014-06-04,32.47692741101335,32.575963565296824,32.423599356811174,32.515018463134766,25656100,0.0,0.0,0.0
2014-06-05,32.81213429798139,32.91117336313352,32.68262413338032,32.857845306396484,41040500,0.0,0.0,0.0
2014-06-06,33.12448442500561,33.261614539266525,33.07115637014426,33.18543243408203,45429100,0.0,0.0,0.0
2014-06-09,33.14733259873184,33.35302773365611,33.14733259873184,33.30731964111328,38995600,0.0,0.0,0.0
2014-06-10,33.34541004331264,33.50539417644551,33.29969904549162,33.482540130615234,31573300,0.0,0.0,0.0
2014-06-11,33.284465008941794,33.42921506184598,33.276847961707176,33.36826705932617,44721500,0.0,0.0,0.0
2014-06-12,33.4215985035675,33.45207250792309,33.10163017631684,33.20828628540039,40265500,0.0,0.0,0.0
2014-06-13,33.09400532531498,33.25399237142847,33.025440278740795,33.22351837158203,27554000,0.0,0.0,0.0
2014-06-16,33.12447978078292,33.15495378104852,32.97211268561556,33.07115173339844,32040700,0.0,0.0,0.0
2014-06-17,33.03306158835173,33.09400668438685,32.9416424912187,33.07876968383789,35013500,0.0,0.0,0.0
2014-06-18,33.00258986517902,33.46730824243576,32.903550807855225,33.444454193115234,62131500,0.0,0.0,0.0
2014-06-19,33.33780460537833,33.39875262900888,33.15496634681012,33.254005432128906,48497900,0.0,0.0,0.0
2014-06-20,33.139721427274715,33.20828648440517,33.06353932209022,33.18543243408203,36744000,0.0,0.0,0.0
2014-06-23,33.16257134568368,33.17780834605432,33.00258720103296,33.11686325073242,27608300,0.0,0.0,0.0
2014-06-24,33.20828727681851,33.43683650398665,33.03306610578423,33.10163116455078,49441000,0.0,0.0,0.0
2014-06-25,33.11775508584538,33.20222003327636,33.01793260895884,33.171504974365234,35940200,0.0,0.0,0.0
2014-06-26,33.26364597415005,33.26364597415005,33.09471608562505,33.209896087646484,21873800,0.0,0.0,0.0
2014-06-27,33.209893604701605,33.309716070380325,33.11007113902289,33.286678314208984,21988900,0.0,0.0,0.0
2014-06-30,33.302049369183024,33.340441739531634,33.17151472416773,33.194549560546875,34343200,0.0,0.0,0.0
2014-07-01,33.44024242979524,33.540064870898895,33.42488490584481,33.50934982299805,42222400,0.0,0.0,0.0
2014-07-02,33.64756572126019,33.72435041440141,33.62453089914749,33.7089958190918,35955800,0.0,0.0,0.0
2014-07-03,33.63221976753239,33.93168427461762,33.60918493749485,33.90864944458008,26627100,0.0,0.0,0.0
2014-07-07,33.83953609194961,33.90864349909435,33.77042868480487,33.8856086730957,26962800,0.0,0.0,0.0
2014-07-08,33.86257883668687,33.88561659722167,33.66293679666524,33.7320442199707,29106700,0.0,0.0,0.0
2014-07-09,33.74740401000855,33.96240359506451,33.709011645412794,33.92401123046875,29892600,0.0,0.0,0.0
2014-07-10,33.43257002496316,33.75506928767248,33.34810509544921,33.73971176147461,43704000,0.0,0.0,0.0
2014-07-11,33.60151340240861,33.76276604184325,33.57847856641082,33.70133590698242,32082600,0.0,0.0,0.0
2014-07-14,33.900971340692266,33.970078758316056,33.83954122318257,33.962398529052734,23136700,0.0,0.0,0.0
2014-07-15,33.99311145714299,34.03150381360553,33.77811191763353,33.939361572265625,38034000,0.0,0.0,0.0
2014-07-16,34.108292436057454,34.14668772606994,33.977757823293,34.02383041381836,26424000,0.0,0.0,0.0
2014-07-17,33.78577667123091,33.84720676207871,33.325062706464216,33.38648986816406,66994900,0.0,0.0,0.0
2014-07-18,33.8625768553557,33.985434164138084,33.73971954657332,33.90864944458008,51870700,0.0,0.0,0.0
2014-07-21,33.739720499302706,34.09293783503171,33.72436296912759,34.02383041381836,56034400,0.0,0.0,0.0
2014-07-22,34.400080757980774,34.42311851855943,34.32329603378384,34.338653564453125,43480300,0.0,0.0,0.0
2014-07-23,34.41543446432956,34.41543446432956,34.29257716177697,34.369361877441406,29647900,0.0,0.0,0.0
2014-07-24,34.415437990055395,34.55365283573028,34.377045628290034,34.5229377746582,31503700,0.0,0.0,0.0
2014-07-25,34.36168501946705,34.42311513610799,34.27722007366036,34.38471984863281,34409200,0.0,0.0,0.0
2014-07-28,34.43078844478457,34.63811067069049,34.36935833526481,34.62275314331055,38243200,0.0,0.0,0.0
2014-07-29,34.65347694647211,34.65347694647211,34.39240477340217,34.41543960571289,35722000,0.0,0.0,0.0
2014-07-30,34.56132776885341,34.592042827821395,34.08525607144664,34.24650573730469,54177600,0.0,0.0,0.0
2014-07-31,33.83185896006631,33.90096636755232,33.52471427587322,33.6475715637207,88181200,0.0,0.0,0.0
2014-08-01,33.74739465244325,33.92400182393335,33.51703759959306,33.83185958862305,108800800,0.0,0.0,0.0
2014-08-04,33.98542256717735,34.22345980321979,33.847210704965306,34.14667510986328,43918900,0.0,0.0,0.0
2014-08-05,33.80115326815148,33.8932955272717,33.51704626052687,33.62454605102539,67276000,0.0,0.0,0.0
2014-08-06,33.44026141079601,33.578476275653664,33.35579644569968,33.39419174194336,63560700,0.0,0.0,0.0
2014-08-07,33.4709635747963,33.493998400343884,33.12542654583892,33.263641357421875,77763500,0.0,0.0,0.0
2014-08-08,33.40954558691865,33.616867879498,33.27133365434886,33.56311798095703,53612400,0.0,0.0,0.0
2014-08-11,33.72436587860639,34.023833349132914,33.701331045931134,33.99311828613281,49923100,0.0,0.0,0.0
2014-08-12,33.85489459757785,34.03918199834027,33.816502243420764,34.03150177001953,36823500,0.0,0.0,0.0
2014-08-13,34.30025945217638,34.38472440918592,34.1236522371335,34.215797424316406,49491900,0.0,0.0,0.0
2014-08-14,34.23882763584264,34.330969881440936,34.19275504846891,34.2695426940918,33152100,0.0,0.0,0.0
2014-08-15,34.34632857860674,34.423116226841,34.000791484425726,34.177398681640625,66006100,0.0,0.0,0.0
2014-08-18,34.354017953807734,34.50758743286133,34.27723028513089,34.50758743286133,38360500,0.0,0.0,0.0
2014-08-19,34.538293334050394,34.68418547209232,34.522935804390826,34.66883087158203,33591600,0.0,0.0,0.0
2014-08-20,34.50757863699325,34.6611510060518,34.44615144685942,34.59972381591797,30889600,0.0,0.0,0.0
2014-08-21,34.522926675521724,34.58435677791606,34.40774962725509,34.453819274902344,35476300,0.0,0.0,0.0
2014-08-22,34.49222131709011,34.545974136364656,34.231152095995824,34.36168670654297,45995800,0.0,0.0,0.0
2014-08-25,34.45382538958298,34.63043257158724,34.40775573375954,34.61507797241211,31989900,0.0,0.0,0.0
2014-08-26,34.68417290759464,34.84542544603095,34.66881831264663,34.8223876953125,45918400,0.0,0.0,0.0
2014-08-27,34.8915016750486,34.99900436401367,34.814716969222324,34.99900436401367,34239100,0.0,0.0,0.0
2014-08-28,34.54597312329266,34.691865259475726,34.50757783505833,34.653472900390625,38157700,0.0,0.0,0.0
2014-08-29,34.68418583620833,34.73793865515574,34.553651226455614,34.59972381591797,39791500,0.0,0.0,0.0
2014-09-02,34.59204439283233,34.59972462249641,34.46150978003662,34.54597473144531,48129000,0.0,0.0,0.0
2014-09-03,35.1295389497481,35.160254003738125,34.937574256033635,34.99900436401367,51700200,0.0,0.0,0.0
2014-09-04,35.11417874174543,35.19096637085765,34.81471431107911,34.906856536865234,41676700,0.0,0.0,0.0
2014-09-05,34.96829875058635,35.20633316040039,34.8761535637394,35.20633316040039,53035700,0.0,0.0,0.0
2014-09-08,35.07579013216184,35.106505187082114,34.7225757880253,34.791683197021484,50222700,0.0,0.0,0.0
2014-09-09,34.584366496575626,34.66115121699755,34.21579456608157,34.36168670654297,85940600,0.0,0.0,0.0
2014-09-10,34.03919020927353,34.27722461995544,33.962402553287774,34.215797424316406,57439600,0.0,0.0,0.0
2014-09-11,33.97775437140967,34.039184485869306,33.93168178556493,33.98543167114258,70622500,0.0,0.0,0.0
2014-09-12,33.778118435658826,33.785795736773174,33.50936603026291,33.62454605102539,85785600,0.0,0.0,0.0
2014-09-15,33.524723423657576,33.56311578737052,33.35579350834114,33.45561599731445,68507800,0.0,0.0,0.0
2014-09-16,33.42490083637675,34.12365239883565,33.40186600404665,33.89329528808594,97318600,0.0,0.0,0.0
2014-09-17,33.9393706434831,33.99312054272659,33.57079865046358,33.57847595214844,76121700,0.0,0.0,0.0
2014-09-18,33.685973247389,33.74740337290222,33.57847345689048,33.62454605102539,50513900,0.0,0.0,0.0
2014-09-19,33.72435383730404,33.76274911691992,33.28667459784999,33.37113952636719,88033100,0.0,0.0,0.0
2014-09-22,33.079359456602724,33.1177518118716,32.71846487294759,32.864356994628906,83094000,0.0,0.0,0.0
2014-09-23,32.78758020620482,32.94115259353534,32.63400781887431,32.68008041381836,82990700,0.0,0.0,0.0
2014-09-24,32.91811092847005,33.217575437225484,32.75686125900932,33.148468017578125,55218900,0.0,0.0,0.0
2014-09-25,32.641673396715014,32.657030922847305,32.342208960006865,32.42667388916016,68810700,0.0,0.0,0.0
2014-09-26,32.45739373151405,32.68775079919749,32.411321146317746,32.57257080078125,54551800,0.0,0.0,0.0
2014-09-29,31.76631732704837,32.07346201475538,31.758640027972667,31.91221237182617,74208400,0.0,0.0,0.0
2014-09-30,31.827747436249304,31.973639551878275,31.758640027972667,31.91221237182617,87704500,0.0,0.0,0.0
2014-10-01,31.7432828849102,31.773997939882456,31.25185372194953,31.259531021118164,109933300,0.0,0.0,0.0
2014-10-02,31.374707384720107,31.65113698920816,30.99845532768948,31.42845726013184,92880600,0.0,0.0,0.0
2014-10-03,31.54364658960359,31.78168098580776,31.397751516679083,31.697216033935547,61010900,0.0,0.0,0.0
2014-10-06,32.34221544781642,32.37293050624241,32.10418106788802,32.11185836791992,84259600,0.0,0.0,0.0
2014-10-07,32.06578361618296,32.15024855657934,31.827749252319336,31.827749252319336,41767500,0.0,0.0,0.0
2014-10-08,31.889184613465588,32.36525932157433,31.52829286079252,32.303829193115234,90901600,0.0,0.0,0.0
2014-10-09,32.17328927674084,32.21168163614378,31.68953734664585,31.79703712463379,82942800,0.0,0.0,0.0
2014-10-10,31.451501772696624,31.55900155663518,31.07525252891168,31.10596466064453,104177200,0.0,0.0,0.0
2014-10-13,31.635786475029096,31.86614355344101,31.40542939661719,31.42078399658203,89761000,0.0,0.0,0.0
2014-10-14,31.528289206309097,31.804715964884814,31.35935930177721,31.605073928833008,71636700,0.0,0.0,0.0
2014-10-15,31.175072597302464,31.336325205019666,30.545428484576565,31.205787658691406,122284500,0.0,0.0,0.0
2014-10-16,30.484001080689048,31.26721756580805,30.468643550100506,30.921680450439453,101076200,0.0,0.0,0.0
2014-10-17,31.259533592461874,31.482213365604625,31.08292640556736,31.267213821411133,73616400,0.0,0.0,0.0
2014-10-20,31.23650432583763,31.397754012694623,31.167396898734683,31.35936164855957,50853900,0.0,0.0,0.0
2014-10-21,31.297924438522656,31.61274643981137,31.274889611085342,31.48988914489746,49877200,0.0,0.0,0.0
2014-10-22,31.451496835288623,31.5129269474096,31.175067189042217,31.282569885253903,50711600,0.0,0.0,0.0
2014-10-23,31.35935393010717,31.459176395608782,31.236496637624,31.27488899230957,43661600,0.0,0.0,0.0
2014-10-24,31.30561859748685,31.651155808548573,31.282583759799497,31.497583389282227,43721100,0.0,0.0,0.0
2014-10-27,30.99845723939844,31.29792168634595,30.92934983401449,31.25185203552246,44793200,0.0,0.0,0.0
2014-10-28,31.628112982902785,31.97365013869702,31.620435681285045,31.88150787353516,73890500,0.0,0.0,0.0
2014-10-29,32.18096991406719,32.26543487100208,31.727932996175188,31.92757797241211,75308700,0.0,0.0,0.0
2014-10-30,31.98900202095497,32.357573945652405,31.98900202095497,32.2270393371582,54208200,0.0,0.0,0.0
2014-10-31,32.37291930176927,32.50345679032525,32.2500620397362,32.36524200439453,108786100,0.0,0.0,0.0
2014-11-03,32.25774238979683,32.28078014239757,32.01970806972742,32.096492767333984,59606600,0.0,0.0,0.0
2014-11-04,32.134889823639995,32.157927579615574,31.90453276792641,32.12721252441406,41428100,0.0,0.0,0.0
2014-11-05,31.866145868978258,31.90453822997848,31.658823604597824,31.843111038208008,48726600,0.0,0.0,0.0
2014-11-06,31.75096444223369,31.79703703087092,31.4361424094191,31.451499938964844,52054400,0.0,0.0,0.0
2014-11-07,31.543648054722023,31.69721750618687,31.489895231729893,31.651147842407227,42327500,0.0,0.0,0.0
2014-11-10,31.989004808066696,32.0120396400081,31.71257510817176,31.73561286926269,45891600,0.0,0.0,0.0
2014-11-11,31.635778084678066,31.758635355857173,31.58970550955525,31.70488548278809,28395000,0.0,0.0,0.0
2014-11-12,31.720248866804955,31.86614098791868,31.612746171661808,31.643461227416992,25122300,0.0,0.0,0.0
2014-11-13,31.781687485282674,31.797045018686426,31.4745456046577,31.55900764465332,30709800,0.0,0.0,0.0
2014-11-14,31.505257692067065,31.83543733684605,31.482222856573177,31.8200798034668,47386400,0.0,0.0,0.0
2014-11-17,31.55132521320331,31.55132521320331,31.42078766506804,31.48221778869629,38237800,0.0,0.0,0.0
2014-11-18,31.528290523745632,31.67418267429705,31.520610293682672,31.651147842407227,23114500,0.0,0.0,0.0
2014-11-19,31.55132491659577,31.75864718816785,31.413110068881064,31.63578987121582,49215300,0.0,0.0,0.0
2014-11-20,31.612749101498515,31.72792910668075,31.558999213519925,31.5820369720459,28926200,0.0,0.0,0.0
2014-11-21,32.39596785032942,32.60329011707509,32.234718174799255,32.58793258666992,111455200,0.0,0.0,0.0
2014-11-24,32.41132560352435,32.42668313403509,32.28846828858791,32.319183349609375,38061300,0.0,0.0,0.0
2014-11-25,32.37293050624241,32.403645564668395,32.08882353867503,32.11185836791992,43794300,0.0,0.0,0.0
2014-11-26,32.395972015814145,32.54186710884779,32.36525988020424,32.518829345703125,30953300,0.0,0.0,0.0
2014-11-28,32.15026077339236,32.157941004973544,31.850796183028766,31.866153717041016,49144700,0.0,0.0,0.0
2014-12-01,31.520604916218574,31.528285144971274,31.28257054956737,31.32096290588379,75105900,0.0,0.0,0.0
2014-12-02,31.413108307422004,31.443823367225065,31.28257369698298,31.31328582763672,47273300,0.0,0.0,0.0
2014-12-03,31.39006974033276,31.52828456384352,31.359354684186155,31.39774703979492,37508300,0.0,0.0,0.0
2014-12-04,31.5436451162393,31.55899971663579,31.38239252058363,31.451499938964844,31459900,0.0,0.0,0.0
2014-12-05,31.29792479245866,31.48221220148805,31.228817380216263,31.39006996154785,32496300,0.0,0.0,0.0
2014-12-08,31.1827504648757,31.19042776506658,30.88328596189411,30.92935562133789,43437900,0.0,0.0,0.0
2014-12-09,30.56077988207964,30.66060234698575,30.46095741717352,30.6375675201416,54564100,0.0,0.0,0.0
2014-12-10,30.553104058580367,30.560781358182936,30.153817108819,30.184532165527344,55591700,0.0,0.0,0.0
2014-12-11,30.05400012712564,30.21524981056601,29.8850702135312,29.93114280700684,65853700,0.0,0.0,0.0
2014-12-12,29.869712659559788,29.877389959805548,29.43203331681968,29.43971061706543,79274600,0.0,0.0,0.0
2014-12-15,29.501138308226032,29.52417606765368,28.863816927614792,29.01738929748535,93921700,0.0,0.0,0.0
2014-12-16,28.69487816000697,29.424344494596625,28.587378413063984,28.9713077545166,117074100,0.0,0.0,0.0
2014-12-17,29.092040813962225,30.026725488619142,29.060886936122174,29.63727378845215,119530800,0.0,0.0,0.0
2014-12-18,30.089042178351978,30.27597734910029,29.83979330316691,30.04230690002441,70091400,0.0,0.0,0.0
2014-12-19,30.09682797312216,30.392812107628394,30.089040246208125,30.252609252929688,61239600,0.0,0.0,0.0
2014-12-22,30.61869667523269,30.72774268633957,30.556382971011075,30.673219680786133,47398500,0.0,0.0,0.0
2014-12-23,30.42397530764816,30.447341464547776,30.2214587102468,30.39281845092773,52339300,0.0,0.0,0.0
2014-12-24,30.447336994459143,30.50186000007446,30.314921858478403,30.462915420532227,21433900,0.0,0.0,0.0
2014-12-26,30.74332186508704,30.86794630530052,30.68100815933979,30.70437431335449,28723000,0.0,0.0,0.0
2014-12-29,30.712172438568647,30.774483188101915,30.517446517944336,30.517446517944336,38964300,0.0,0.0,0.0
2014-12-30,30.47849284446222,30.642061855929967,30.47070214604136,30.579748153686523,32332700,0.0,0.0,0.0
2014-12-31,30.743323678754404,30.75890210611025,30.54080709440963,30.603120803833008,34940700,0.0,0.0,0.0
2015-01-02,30.525223793309443,30.540802218178,30.120193660569367,30.19808578491211,65010000,0.0,0.0,0.0
2015-01-05,30.00337062339428,30.00337062339428,29.613918776732284,29.660654067993164,83166600,0.0,0.0,0.0
2015-01-06,29.66842967571456,29.80084182326378,29.38023625889288,29.53601455688477,52066100,0.0,0.0,0.0
2015-01-07,30.04230943141241,30.19809073434957,29.94105113881108,30.174724578857425,64948700,0.0,0.0,0.0
2015-01-08,30.61869937397996,30.829003687342816,30.57975181976812,30.68880081176757,55081600,0.0,0.0,0.0
2015-01-09,30.782271299139527,30.79784972803267,30.49407779282009,30.58754539489746,38550100,0.0,0.0,0.0
2015-01-12,30.494072458612635,30.53301703839233,30.299346588433195,30.33829116821289,55381800,0.0,0.0,0.0
2015-01-13,30.72774525139856,30.8835265536758,30.353871908701905,30.603120803833008,55565600,0.0,0.0,0.0
2015-01-14,30.26819555338129,30.50186604824986,30.19030340757073,30.431764602661133,83761000,0.0,0.0,0.0
2015-01-15,30.83678646531322,30.94583246852676,30.4551224827851,30.50185775756836,57441600,0.0,0.0,0.0
2015-01-16,30.478492070954665,30.797842358645426,30.431756795458163,30.75889778137207,72675200,0.0,0.0,0.0
2015-01-20,30.696591218428924,30.735535804757863,30.548600601866376,30.7121696472168,57716900,0.0,0.0,0.0
2015-01-21,30.969203839391824,31.42096932458867,30.953628383119945,31.389812469482425,74714900,0.0,0.0,0.0
2015-01-22,31.55337976928564,32.02072365637395,31.405389172578936,31.98956680297852,95318400,0.0,0.0,0.0
2015-01-23,31.794843193582267,31.90388921696168,31.73253245362887,31.74810791015625,52368100,0.0,0.0,0.0
2015-01-26,31.64685147888576,31.86494351801276,31.60011619709518,31.76368522644043,47266100,0.0,0.0,0.0
2015-01-27,31.389812438558707,31.670218191676195,31.38202471043044,31.592329025268555,42525200,0.0,0.0,0.0
2015-01-28,31.514436314292443,31.54559316880121,31.16392912927175,31.24960899353028,56698000,0.0,0.0,0.0
2015-01-29,31.2106644110349,31.272978120052443,30.938049362286133,31.24960899353028,53124400,0.0,0.0,0.0
2015-01-30,30.610910505407915,30.80563640298848,30.39281845092773,30.39281845092773,103745400,0.0,0.0,0.0
2015-02-02,30.790038659326964,31.054865832755592,30.71993726132293,30.938032150268555,50443600,0.0,0.0,0.0
2015-02-03,31.280759495090493,31.56116518615821,31.24181492050455,31.522220611572266,48552700,0.0,0.0,0.0
2015-02-04,31.48328120268444,31.65464094068789,31.319712164380068,31.36644744873047,34900700,0.0,0.0,0.0
2015-02-05,31.27298007923319,31.576752001521346,31.26518937947733,31.55338287353516,32092400,0.0,0.0,0.0
2015-02-06,31.086033505569127,31.249602500833834,30.93025223667297,31.015932083129883,64292000,0.0,0.0,0.0
2015-02-09,30.91467332202382,31.07045458844765,30.90688559577886,30.96919631958008,35632500,0.0,0.0,0.0
2015-02-10,30.867953115732337,30.938054564524045,30.76669480719283,30.891319274902344,46949400,0.0,0.0,0.0
2015-02-11,30.64206010290837,30.75889680229021,30.455121978153567,30.66542625427246,44240300,0.0,0.0,0.0
2015-02-12,31.0003632297762,31.366448879010782,30.976997072176204,31.319713592529297,55855400,0.0,0.0,0.0
2015-02-13,31.491070034753463,31.693583645698755,31.491070034753463,31.67800521850586,44640000,0.0,0.0,0.0
2015-02-17,31.584527685734823,31.623472255819085,31.343069568444257,31.60789680480957,30152800,0.0,0.0,0.0
2015-02-18,31.45212042991188,31.65463400851835,31.36644057967351,31.60011100769043,36036700,0.0,0.0,0.0
2015-02-19,31.34307082417532,31.63126421988133,31.31191397834754,31.46769523620605,38785800,0.0,0.0,0.0
2015-02-20,31.350867161298577,31.724740500084547,31.280765724571136,31.67800521850586,32542700,0.0,0.0,0.0
2015-02-23,31.48327463517554,31.51443148490972,31.288548781257983,31.35865020751953,34091700,0.0,0.0,0.0
2015-02-24,31.530017128098,31.903890496658683,31.358657386610496,31.810422897338867,64630500,0.0,0.0,0.0
2015-02-25,31.7169540258202,31.8337877774633,31.67800647065788,31.74810791015625,28592500,0.0,0.0,0.0
2015-02-26,31.7870543765228,31.8337866870668,31.70137451215052,31.755897521972656,25889800,0.0,0.0,0.0
2015-02-27,31.69357923097713,31.935040361911195,31.69357923097713,31.732526779174805,43207600,0.0,0.0,0.0
2015-03-02,31.654632260586368,31.709155258403595,31.568952415079146,31.685789108276367,36669900,0.0,0.0,0.0
2015-03-03,31.49885512777633,31.537802678141134,31.428753696913,31.44433212280273,40406100,0.0,0.0,0.0
2015-03-04,31.1950796643752,31.21065808847375,30.96919697186703,31.101612091064453,51564400,0.0,0.0,0.0
2015-03-05,31.15614225118428,31.210665262421355,30.95362863391534,31.05488395690918,33714000,0.0,0.0,0.0
2015-03-06,30.797843140257715,30.86015387122029,30.50964672430308,30.579748153686523,72516900,0.0,0.0,0.0
2015-03-09,30.5641737043668,30.587539857835942,30.462915420532227,30.462915420532227,34915600,0.0,0.0,0.0
2015-03-10,30.00337040202393,30.02673656184108,29.769699890007143,29.7852783203125,84229600,0.0,0.0,0.0
2015-03-11,29.964419956953098,30.06567527723029,29.87874009265609,30.01115226745605,47978700,0.0,0.0,0.0
2015-03-12,30.408390063716425,30.439546913453523,30.151350510306465,30.19808578491211,46829700,0.0,0.0,0.0
2015-03-13,29.96441969202957,29.96441969202957,29.65285709211893,29.83200454711914,69885200,0.0,0.0,0.0
2015-03-16,30.12798353924828,30.22145111463679,30.06566984146884,30.19029426574707,50569900,0.0,0.0,0.0
2015-03-17,30.22145549741949,30.55638424335447,30.19029864401134,30.54080581665039,53697700,0.0,0.0,0.0
2015-03-18,30.470703271732724,31.3898096148124,30.40839253846817,31.288551330566406,101688200,0.0,0.0,0.0
2015-03-19,31.00035594323534,31.008146641458485,30.66542723037908,30.75889778137207,64499900,0.0,0.0,0.0
2015-03-20,31.05488236435771,31.288552825002288,31.031516209677584,31.21845436096192,67345300,0.0,0.0,0.0
2015-03-23,31.28076712493229,31.366446992688296,31.15614267309117,31.31192398071289,35502700,0.0,0.0,0.0
2015-03-24,31.350858855069102,31.452117119354543,31.311914283045592,31.436538696289062,45280300,0.0,0.0,0.0
2015-03-25,31.428738965017263,31.459895802192285,30.914663036747523,30.938032150268555,49779900,0.0,0.0,0.0
2015-03-26,30.790059458098327,30.82121631631989,30.525232105778084,30.64985656738281,76980100,0.0,0.0,0.0
2015-03-27,30.657639790646453,30.766685796545737,30.59532608940068,30.73552894592285,42212000,0.0,0.0,0.0
2015-03-30,31.09383164445861,31.38981585735072,31.07825618650569,31.327505111694336,51535700,0.0,0.0,0.0
2015-03-31,31.13278176190434,31.304138555003902,31.03931117881533,31.25740623474121,47508800,0.0,0.0,0.0
2015-04-01,31.50664391800564,31.685791347965232,31.43654249138834,31.646846771240234,56392700,0.0,0.0,0.0
2015-04-02,31.919462204053414,32.19986791425138,31.85715147472097,32.121978759765625,62389200,0.0,0.0,0.0
2015-04-06,32.42574785826188,32.71394127083209,32.394591010610895,32.534793853759766,54678400,0.0,0.0,0.0
2015-04-07,32.46469484301761,32.558162421630925,32.36343656627275,32.3712272644043,33279500,0.0,0.0,0.0
2015-04-08,33.11898297689027,33.17350599373675,32.86973405094022,33.04888153076172,65023100,0.0,0.0,0.0
2015-04-09,33.24360633658909,33.39159695293498,33.12676960649185,33.37601852416992,52128800,0.0,0.0,0.0
2015-04-10,33.22802761598992,33.40717508829254,33.204661458688285,33.39938735961914,49899000,0.0,0.0,0.0
2015-04-13,33.46169128539751,33.5785279906644,33.18907626814921,33.20465469360352,55031100,0.0,0.0,0.0
2015-04-14,33.282548250547215,33.422751126894184,33.13455764608374,33.3526496887207,42601100,0.0,0.0,0.0
2015-04-15,33.344864567280545,33.60190121315589,33.2825508523523,33.58632278442383,40254700,0.0,0.0,0.0
2015-04-16,33.679786146495864,34.04586874384156,33.62526017196608,33.85114288330078,55057700,0.0,0.0,0.0
2015-04-17,33.142341454722214,33.313701165832335,33.06445229764355,33.259178161621094,76688000,0.0,0.0,0.0
2015-04-20,33.2202358013372,33.32928181704115,33.19686667562844,33.228023529052734,28811300,0.0,0.0,0.0
2015-04-21,33.50843224927213,33.578533690074686,33.4071739522726,33.422752380371094,33309100,0.0,0.0,0.0
2015-04-22,33.64863183739281,33.81220085949505,33.562951976878004,33.781044006347656,29271900,0.0,0.0,0.0
2015-04-23,33.69535999442184,34.10818081956091,33.679784541048164,34.03028869628906,32056500,0.0,0.0,0.0
2015-04-24,34.170500914276545,34.19387004330478,34.10039946975487,34.15492248535156,44030100,0.0,0.0,0.0
2015-04-27,34.287322998046875,34.36521213811609,34.21722158347249,34.287322998046875,41819300,0.0,0.0,0.0
2015-04-28,34.30290570586167,34.41973943056182,34.193859707629294,34.34185028076172,32442100,0.0,0.0,0.0
2015-04-29,33.99913199127201,34.092599560145814,33.81998160828325,33.9134521484375,45752900,0.0,0.0,0.0
2015-04-30,33.64084557515328,33.648636275108124,33.391596659664295,33.39938735961914,98330200,0.0,0.0,0.0
2015-05-01,33.56294599011783,33.69535813545378,33.39158629965434,33.601890563964844,44928900,0.0,0.0,0.0
2015-05-04,33.61747957155603,33.85115005948514,33.60190114285656,33.796627044677734,31314300,0.0,0.0,0.0
2015-05-05,33.640830971664435,33.68756623726138,33.422739008105694,33.43052673339844,38738700,0.0,0.0,0.0
2015-05-06,33.47728019351132,33.508437054176014,32.95541614814575,33.01772689819336,52439700,0.0,0.0,0.0
2015-05-07,32.82298805364862,32.978769324359675,32.760677328132566,32.97098159790039,44347000,0.0,0.0,0.0
2015-05-08,33.352641729859194,33.54736757039844,33.25138346082024,33.39158630371094,56822800,0.0,0.0,0.0
2015-05-11,33.35264847934273,33.40717148802495,33.04108588291767,33.072242736816406,34705400,0.0,0.0,0.0
2015-05-12,32.815205205808404,33.04887566097433,32.79183608039508,32.96319580078125,38432500,0.0,0.0,0.0
2015-05-13,33.26696321623222,33.32927691391373,33.00213594364708,33.02550506591797,41156700,0.0,0.0,0.0
2015-05-14,33.25139139551873,33.40717269937994,33.20465908425723,33.3526496887207,37071400,0.0,0.0,0.0
2015-05-15,33.329282064834565,33.617475532949214,33.25138993069473,33.60968780517578,40940700,0.0,0.0,0.0
2015-05-18,33.422741402579774,33.43831982556149,33.25138172106125,33.26696014404297,35675300,0.0,0.0,0.0
2015-05-19,33.34486036725039,33.36822652176461,33.25918050565679,33.32149124145508,32065300,0.0,0.0,0.0
2015-05-20,33.251387129459125,33.39158998781846,33.13455339501358,33.29812240600586,37659200,0.0,0.0,0.0
2015-05-21,33.05666142471758,33.20465498217928,33.009929119229355,33.1812858581543,27575700,0.0,0.0,0.0
2015-05-22,33.35264734328062,33.39159192368694,33.22023517564294,33.29033660888672,37907000,0.0,0.0,0.0
2015-05-26,33.080031457503445,33.087819184871805,32.65942286886942,32.76068115234375,51008600,0.0,0.0,0.0
2015-05-27,32.50365101692763,32.79184455372473,32.449127995676335,32.76847839355469,35464700,0.0,0.0,0.0
2015-05-28,32.269978813106064,32.379024849903665,32.15314207580483,32.34008026123047,42689100,0.0,0.0,0.0
2015-05-29,32.285550628251734,32.31670748131961,31.98956646666896,32.02851104736328,59462200,0.0,0.0,0.0
2015-06-01,32.044089663397486,32.05966809002356,31.83378536086717,31.903886795043945,52509700,0.0,0.0,0.0
2015-06-02,31.87272975330492,32.1687139148877,31.825997444984147,32.02851104736328,42331700,0.0,0.0,0.0
2015-06-03,31.888304887709992,31.9817754372638,31.78704958261449,31.86493873596192,39291400,0.0,0.0,0.0
2015-06-04,31.5845383807955,31.685796674326543,31.366446337449776,31.38202476501465,46637300,0.0,0.0,0.0
2015-06-05,31.140568700973464,31.39760834102021,31.086045681196588,31.2418270111084,51982800,0.0,0.0,0.0
2015-06-08,31.28853940350995,31.32748693964476,31.202862549340963,31.23401641845703,34008200,0.0,0.0,0.0
2015-06-09,31.109408903101777,31.13277803171495,31.00815357381002,31.04709815979004,33384100,0.0,0.0,0.0
2015-06-10,31.34307347636324,31.53779932234361,31.327495052131137,31.498851776123047,64828100,0.0,0.0,0.0
2015-06-11,31.42096968801515,31.428757416241165,31.25740065373732,31.343080520629883,33808000,0.0,0.0,0.0
2015-06-12,31.3508682488559,31.38202510432252,31.249609954230028,31.343080520629883,40975900,0.0,0.0,0.0
2015-06-15,30.969203657590707,31.031517367437395,30.8991022196538,30.992572784423828,34097000,0.0,0.0,0.0
2015-06-16,30.8835210394592,31.04709004056871,30.821207341161863,31.000354766845703,33605900,0.0,0.0,0.0
2015-06-17,31.00815036703857,31.366445275051262,30.82900291303224,31.18729782104492,70505900,0.0,0.0,0.0
2015-06-18,31.42876100357988,31.592333027809403,31.37423798593057,31.47549629211425,60019000,0.0,0.0,0.0
2015-06-19,31.327499577909386,31.436545592007,31.20287513732909,31.2028751373291,55891700,0.0,0.0,0.0
2015-06-22,31.740323889767264,31.7559023193958,31.61569942402067,31.65464401245117,45009800,0.0,0.0,0.0
2015-06-23,31.77926741889436,31.98178402603308,31.771479689980502,31.966205596923828,40579100,0.0,0.0,0.0
2015-06-24,31.935044177470765,31.989567185924933,31.740318298339844,31.740318298339844,56107100,0.0,0.0,0.0
2015-06-25,31.780342267572948,31.79603662296153,31.607707351690745,31.631250381469727,33663800,0.0,0.0,0.0
2015-06-26,31.34875366414537,31.50569420307638,31.301670604448525,31.33305931091309,34721500,0.0,0.0,0.0
2015-06-29,30.83084897847625,30.948552126167723,30.626825399717955,30.634674072265625,59610800,0.0,0.0,0.0
2015-06-30,31.183975561627165,31.19966692555167,30.97995190989755,31.08980941772461,61266600,0.0,0.0,0.0
2015-07-01,31.262436216811864,31.278130570043515,30.995638198657367,31.066261291503903,38622300,0.0,0.0,0.0
2015-07-02,31.254594211169994,31.40368609431017,31.19181679086329,31.215356826782227,34085800,0.0,0.0,0.0
2015-07-06,30.38357675484848,30.556208672733664,30.226636198541115,30.34433937072754,66892500,0.0,0.0,0.0
2015-07-07,29.77150360261896,29.94413848326792,29.355613746573667,29.889209747314453,100698500,0.0,0.0,0.0
2015-07-08,29.09666219510424,29.23005968839793,28.81416986413952,28.86124992370605,93899000,0.0,0.0,0.0
2015-07-09,29.74012664177328,29.842135470904672,29.410551135693225,29.418399810791016,72889000,0.0,0.0,0.0
2015-07-10,30.1560051055922,30.26586256787407,29.96767588925804,30.16385078430176,64726600,0.0,0.0,0.0
2015-07-13,30.3600350077385,30.43850678590195,30.28941190408752,30.367883682250977,43846200,0.0,0.0,0.0
2015-07-14,30.22663087365586,30.44634581774473,30.195242169245564,30.42280578613281,30252200,0.0,0.0,0.0
2015-07-15,30.23447889876241,30.25802192559249,30.04615264447281,30.07754135131836,44039400,0.0,0.0,0.0
2015-07-16,30.41495573979765,30.50127317633208,30.3286412966547,30.45419311523437,36217600,0.0,0.0,0.0
2015-07-17,30.50126874846663,30.50911741977117,30.360022598895245,30.41495132446289,35714800,0.0,0.0,0.0
2015-07-20,30.12462310719976,30.28156365683488,29.991225585714705,30.218786239624023,31707000,0.0,0.0,0.0
2015-07-21,30.352190651093263,30.375730688873382,30.2030987561652,30.226638793945312,27625400,0.0,0.0,0.0
2015-07-22,29.97552832691518,29.98337400661032,29.763659054445768,29.79504776000977,39326800,0.0,0.0,0.0
2015-07-23,29.779354025727443,29.802894058693497,29.48116730345973,29.50470733642578,42787700,0.0,0.0,0.0
2015-07-24,29.26145516690575,29.26930084752,28.93187970665814,29.080974578857425,55194200,0.0,0.0,0.0
2015-07-27,28.59445739064998,28.70431786847896,28.46105987194556,28.53168296813965,73051800,0.0,0.0,0.0
2015-07-28,28.75139838707541,28.845561519010865,28.563072123204503,28.822021484375,49701300,0.0,0.0,0.0
2015-07-29,28.892640094642264,29.230061174517413,28.806322656526547,29.10450935363769,61119900,0.0,0.0,0.0
2015-07-30,28.782784039641044,28.869101481997525,28.633692180456368,28.814172744750977,44051400,0.0,0.0,0.0
2015-07-31,29.088817371851896,29.237909235858897,29.01034859993069,29.1280517578125,85020500,0.0,0.0,0.0
2015-08-03,28.774930381468074,28.798473402917583,28.53167544248871,28.64153289794922,45674700,0.0,0.0,0.0
2015-08-04,28.884797441734584,28.97896056891205,28.657233807113183,28.74355125427246,38618400,0.0,0.0,0.0
2015-08-05,29.01819804378406,29.041738079735502,28.69647124774835,28.751399993896484,30785300,0.0,0.0,0.0
2015-08-06,28.60229979141605,28.61799414194961,28.421819250367047,28.500288009643555,42182300,0.0,0.0,0.0
2015-08-07,28.50029251280337,28.61014999050492,28.42182374112848,28.48459815979004,37027200,0.0,0.0,0.0
2015-08-10,28.657235849844195,29.02604569821704,28.625847140750324,28.963268280029297,43071900,0.0,0.0,0.0
2015-08-11,28.28057572963088,28.36689316892963,28.07655214703536,28.327655792236328,58642500,0.0,0.0,0.0
2015-08-12,27.81760056649913,27.896069326738715,27.660660052628653,27.88822364807129,64540000,0.0,0.0,0.0
2015-08-13,27.896069478214542,28.021621291314418,27.79405769463611,27.841140747070312,58165600,0.0,0.0,0.0
2015-08-14,27.91177124780753,27.99808870351723,27.8489968212682,27.8803825378418,35715200,0.0,0.0,0.0
2015-08-17,27.480183417999378,27.605735248275323,27.42525467934064,27.5743465423584,42609500,0.0,0.0,0.0
2015-08-18,27.26830788646995,27.34677663986596,27.18199046169971,27.276153564453125,42639500,0.0,0.0,0.0
2015-08-19,27.0721372770908,27.213383450181723,26.71902184436348,26.938739776611328,112308600,0.0,0.0,0.0
2015-08-20,26.577777622889258,26.6562493878084,26.44438011261436,26.515003204345703,116628600,0.0,0.0,0.0
2015-08-21,26.122655981834374,26.24820782491477,25.6675286797979,25.698917388916016,129140200,0.0,0.0,0.0
2015-08-24,23.95688356267677,25.28302654022966,23.54099216233169,24.57679557800293,218802300,0.0,0.0,0.0
2015-08-25,26.099113382089666,26.114807736906567,24.89067649841309,24.89067649841309,135001800,0.0,0.0,0.0
2015-08-26,25.51058555085031,25.81662094375209,25.03976693520284,25.714609146118164,134618500,0.0,0.0,0.0
2015-08-27,26.216813064223267,26.899500866302485,26.20896738545077,26.85242080688477,144856300,0.0,0.0,0.0
2015-08-28,26.444380046335464,26.68763503349572,26.358062601836632,26.50715446472168,68659200,0.0,0.0,0.0
2015-08-31,26.31097371698913,26.60131469208468,26.08341313316189,26.55423164367676,98538600,0.0,0.0,0.0
2015-09-01,25.74599739379364,25.910783606997928,25.392881941647524,25.52627944946289,83635900,0.0,0.0,0.0
2015-09-02,25.926478809567264,25.934324489475824,25.604752052263805,25.89509010314941,55551000,0.0,0.0,0.0
2015-09-03,25.94217399612692,26.342369538938843,25.90293661514827,25.99710273742676,67468200,0.0,0.0,0.0
2015-09-04,25.510581453887845,25.589053206154475,25.071151614759803,25.22024345397949,81962800,0.0,0.0,0.0
2015-09-08,25.910781951106845,26.0598738020886,25.78523013096656,26.020639419555664,53584300,0.0,0.0,0.0
2015-09-09,26.507153731376427,26.554236788907303,25.887243270874023,25.887243270874023,56389200,0.0,0.0,0.0
2015-09-10,25.95786448084856,26.31097690989022,25.895087075353143,26.15403938293457,49745400,0.0,0.0,0.0
2015-09-11,26.08341821882386,26.287438814921963,26.028486488275327,26.25605010986328,42195900,0.0,0.0,0.0
2015-09-14,26.16973479442057,26.248206563444555,26.012797243156427,26.21681785583496,39313800,0.0,0.0,0.0
2015-09-15,26.20897096104565,26.538543395497523,26.177582254890684,26.467920303344727,51913600,0.0,0.0,0.0
2015-09-16,26.89950462421481,27.22123137987765,26.86027023808847,27.111373901367188,85209600,0.0,0.0,0.0
2015-09-17,26.899508180123537,27.73913672646517,26.88381382491997,27.048603057861328,105902400,0.0,0.0,0.0
2015-09-18,26.781801753474035,26.97797667960445,26.43653196771374,26.5463924407959,90964900,0.0,0.0,0.0
2015-09-21,26.554240191271703,26.60916893539985,26.397299639451827,26.499311447143555,45318300,0.0,0.0,0.0
2015-09-22,25.9264769878656,26.02848578646835,25.8009251644078,26.004945755004883,58874100,0.0,0.0,0.0
2015-09-23,25.887248508300992,25.91863422627977,25.58121306252165,25.589061737060547,44721000,0.0,0.0,0.0
2015-09-24,25.188857431636283,25.604750279396967,25.06330710474566,25.479198455810547,79880800,0.0,0.0,0.0
2015-09-25,25.84800423964295,25.84800423964295,25.385031347072267,25.42426872253418,59861600,0.0,0.0,0.0
2015-09-28,25.220245016261867,25.22809368867036,24.80435518035565,24.8828239440918,58659500,0.0,0.0,0.0
2015-09-29,24.96914344482212,25.12608397866258,24.82789726370488,25.000532150268555,52829500,0.0,0.0,0.0
2015-09-30,25.65183288354302,25.77738471956709,25.4870466600224,25.722455978393555,80422200,0.0,0.0,0.0
2015-10-01,25.93432395799618,25.989252696405845,25.66752594569563,25.86370086669922,48402600,0.0,0.0,0.0
2015-10-02,25.74599210304952,26.56207732171587,25.65182600623368,26.55423164367676,83904700,0.0,0.0,0.0
2015-10-05,26.86026955628261,27.142761918648485,26.81318649809106,27.12706756591797,77869000,0.0,0.0,0.0
2015-10-06,27.03290840790907,27.14276589974404,26.930896596894247,27.07998847961425,47313400,0.0,0.0,0.0
2015-10-07,27.74697975769677,27.97454337177928,27.59003923097121,27.801908493041992,97905900,0.0,0.0,0.0
2015-10-08,27.637126584138667,28.13933395303245,27.605737875234794,28.10009956359864,64163600,0.0,0.0,0.0
2015-10-09,28.38258513021501,28.453208219014368,28.06870706374467,28.202104568481445,61563400,0.0,0.0,0.0
2015-10-12,28.24918668981793,28.26488104163037,27.958848664766656,27.990234375,44030200,0.0,0.0,0.0
2015-10-13,27.660666128325808,27.8960754541438,27.511574253765875,27.53511428833008,72241600,0.0,0.0,0.0
2015-10-14,27.73128631458816,27.88037817349862,27.652817545349315,27.74698066711425,57724900,0.0,0.0,0.0
2015-10-15,28.20210555464385,28.43751785446797,28.03731933948037,28.42182350158692,60410800,0.0,0.0,0.0
2015-10-16,28.31980836884749,28.45320586253636,28.17071652412616,28.44536018371582,65003800,0.0,0.0,0.0
2015-10-19,28.147176809043348,28.17071983505477,28.013779299676155,28.15502548217773,52354600,0.0,0.0,0.0
2015-10-20,28.084404227680416,28.194261711612736,28.02162681206656,28.147178649902344,44212500,0.0,0.0,0.0
2015-10-21,27.966697471480263,27.990237505135628,27.723442474663205,27.739133834838867,55037000,0.0,0.0,0.0
2015-10-22,28.02947357812972,28.37474036033253,28.02947357812972,28.31196594238281,56963300,0.0,0.0,0.0
2015-10-23,28.52382948075552,28.578758213704223,28.3668919542686,28.476749420166016,53727000,0.0,0.0,0.0
2015-10-26,28.33550820656908,28.351202560640488,28.186413339586675,28.21780204772949,41789200,0.0,0.0,0.0
2015-10-27,27.919617322021907,28.02162612982292,27.83329987435039,27.896074295043945,56392800,0.0,0.0,0.0
2015-10-28,27.958850706361343,28.092248216420643,27.41740600616553,27.5743465423584,125416000,0.0,0.0,0.0
2015-10-29,27.307542868978985,27.44094334478093,27.260462813253348,27.315391540527344,63886000,0.0,0.0,0.0
2015-10-30,27.51941687980092,27.527265552712525,27.34678199644539,27.36247634887696,72076000,0.0,0.0,0.0
2015-11-02,27.597887630363672,27.90392303466797,27.58219627019697,27.90392303466797,51896500,0.0,0.0,0.0
2015-11-03,27.825451273995093,28.38258735520345,27.817605593909736,28.272729873657227,68335400,0.0,0.0,0.0
2015-11-04,28.44536150872444,28.46105586048796,27.9588485776214,28.045166015625,69243600,0.0,0.0,0.0
2015-11-05,28.021622018141247,28.186408215848186,27.91176455300329,28.09224510192871,43303000,0.0,0.0,0.0
2015-11-06,27.47233035992768,27.739128330854044,27.32323852070668,27.699893951416016,65547200,0.0,0.0,0.0
2015-11-09,27.29970037305195,27.39386348887062,26.9465849469926,27.00935935974121,76448600,0.0,0.0,0.0
2015-11-10,26.891660690307617,26.962283787277,26.77395453089465,26.891660690307617,53876200,0.0,0.0,0.0
2015-11-11,27.10353097743916,27.11137665810548,26.899507359409807,26.946590423583984,34433100,0.0,0.0,0.0
2015-11-12,26.82887968947308,27.009360247973945,26.66409348302336,26.687633514404297,53097900,0.0,0.0,0.0
2015-11-13,26.50715675493405,26.53069978308078,26.2403587186099,26.318830490112305,72046800,0.0,0.0,0.0
2015-11-16,26.39729609553939,26.83672898296151,26.350216031688493,26.8288803100586,61895300,0.0,0.0,0.0
2015-11-17,26.868121967159915,26.9152020385094,26.703332737260343,26.75041580200196,58447500,0.0,0.0,0.0
2015-11-18,26.71902375151131,27.072139209443268,26.69548371877976,27.04075050354004,48166100,0.0,0.0,0.0
2015-11-19,27.213384935722367,27.354631116523727,27.16630187765801,27.284008026123047,68973900,0.0,0.0,0.0
2015-11-20,27.55081101143953,27.699902898819023,27.47233923382488,27.558656692504883,73122400,0.0,0.0,0.0
2015-11-23,27.440945950697746,27.495874683188024,27.27615675983549,27.299699783325195,55352100,0.0,0.0,0.0
2015-11-24,27.11922362554642,27.488030461496088,27.09568059824485,27.44095039367676,62017500,0.0,0.0,0.0
2015-11-25,27.26830885624275,27.29184888442052,27.1270627003938,27.22907447814941,37938300,0.0,0.0,0.0
2015-11-27,26.86811798389201,26.87596366348974,26.60131997669396,26.63270568847656,54817200,0.0,0.0,0.0
2015-11-30,26.562083193978022,26.70332937703696,26.49930877561391,26.67194366455078,91134900,0.0,0.0,0.0
2015-12-01,26.805342024638755,26.91519950530415,26.750413284306056,26.875965118408203,56692100,0.0,0.0,0.0
2015-12-02,26.71901782301785,26.75825219999557,26.444374190782696,26.55423164367676,59091000,0.0,0.0,0.0
2015-12-03,26.6562493053223,26.671943658257565,26.30313384775827,26.4051456451416,52692500,0.0,0.0,0.0
2015-12-04,26.185426201319977,26.63270475754831,26.185426201319977,26.58562469482422,79516400,0.0,0.0,0.0
2015-12-07,26.334525629182423,26.350219983950595,26.07557326559572,26.146196365356445,47613100,0.0,0.0,0.0
2015-12-08,25.61259228679391,25.87939024783931,25.5498178806962,25.85585021972656,71352200,0.0,0.0,0.0
2015-12-09,25.777383256888307,26.04418126747461,25.581208337145195,25.643985748291016,66422800,0.0,0.0,0.0
2015-12-10,25.57336342300505,25.67537522247495,25.41642288383409,25.47135162353516,59281000,0.0,0.0,0.0
2015-12-11,24.945603870430137,24.97699107975698,24.71804024185302,24.757274627685547,89806000,0.0,0.0,0.0
2015-12-14,25.01622493307396,25.173166963150912,24.7886628060368,25.15747261047364,83798000,0.0,0.0,0.0
2015-12-15,25.471351927562004,25.64398682204982,25.463506247536124,25.541975021362305,78124300,0.0,0.0,0.0
2015-12-16,25.73814753640129,26.177580411450435,25.62829006598689,26.04417991638184,105082200,0.0,0.0,0.0
2015-12-17,26.05987393046444,26.083416954813387,25.706758499145508,25.706758499145508,93646700,0.0,0.0,0.0
2015-12-18,25.714610287443985,25.78523338226484,25.56551841766302,25.62044715881348,96868900,0.0,0.0,0.0
2015-12-21,25.868288370505763,25.89219828348154,25.63717846532525,25.82047462463379,64002400,0.0,0.0,0.0
2015-12-22,25.828439787513787,26.035639757405523,25.796561933672145,26.027671813964844,49664600,0.0,0.0,0.0
2015-12-23,26.226908113963795,26.418172228139746,26.21894016922478,26.394262313842773,47464000,0.0,0.0,0.0
2015-12-24,26.242845031725608,26.346446545630567,26.22690610342948,26.298629760742188,21532700,0.0,0.0,0.0
2015-12-28,26.09143240433943,26.1312782090784,26.00376980988967,26.115339279174805,38299200,0.0,0.0,0.0
2015-12-29,26.18706277634364,26.24284751062965,26.10736812733504,26.13924598693848,43931500,0.0,0.0,0.0
2015-12-30,25.88423390414723,25.92407971588812,25.71687967081116,25.732818603515625,51320000,0.0,0.0,0.0
2015-12-31,25.73281086575475,25.83640933712127,25.64514828226027,25.65311622619629,44184700,0.0,0.0,0.0
2016-01-04,24.983702049255456,25.007608925002657,24.74462265164292,24.951824188232425,83489100,0.0,0.0,0.0
2016-01-05,25.06339084613901,25.103236645504904,24.94385040800171,25.007604598999023,57773900,0.0,0.0,0.0
2016-01-06,24.537420834910343,24.6968055682722,24.43381931420618,24.52945137023925,65835100,0.0,0.0,0.0
2016-01-07,23.899877781812723,24.23458770406635,23.75643045512974,23.772369384765625,88974700,0.0,0.0,0.0
2016-01-08,23.93175223459016,24.019413295069693,23.50937977948051,23.517349243164062,73528000,0.0,0.0,0.0
2016-01-11,23.740496011152448,23.756433422759223,23.29421504571865,23.50938606262207,56225500,0.0,0.0,0.0
2016-01-12,23.676736498848925,23.788307482377803,23.38984337553737,23.55719757080078,61357500,0.0,0.0,0.0
2016-01-13,23.8281512293348,23.90784434783153,23.25436351219397,23.310148239135746,71788700,0.0,0.0,0.0
2016-01-14,23.33405814347276,23.700644384296336,23.158732967409385,23.61298179626465,65521200,0.0,0.0,0.0
2016-01-15,22.68854388101584,22.83199119120461,22.37774238895337,22.68057441711425,117573900,0.0,0.0,0.0
2016-01-19,23.27030571841464,23.30218205829245,22.839963729913947,23.015287399291992,79535100,0.0,0.0,0.0
2016-01-20,22.449465643319243,22.6805740122604,22.00318631293577,22.513219833374023,103223500,0.0,0.0,0.0
2016-01-21,22.505253333548577,22.895747989064592,22.33789913262171,22.60088539123535,81845900,0.0,0.0,0.0
2016-01-22,23.31812044837511,23.38187464667472,23.158734192616105,23.37390518188477,75886600,0.0,0.0,0.0
2016-01-25,23.214516914557382,23.310148963730143,22.959500143456506,22.97543907165528,59623300,0.0,0.0,0.0
2016-01-26,23.10294673905216,23.34999403837421,23.063100939813697,23.310148239135746,60020100,0.0,0.0,0.0
2016-01-27,23.302180967300263,23.55719775446317,23.07107257394136,23.230457305908203,74020200,0.0,0.0,0.0
2016-01-28,23.68470697206211,23.74049322621232,23.39781383653248,23.5970458984375,84739900,0.0,0.0,0.0
2016-01-29,23.97160024277773,24.386003272405013,23.94769184952311,24.36209487915039,81973800,0.0,0.0,0.0
2016-02-01,23.95566009179361,24.202708916094583,23.891905899720427,24.13098526000977,43254600,0.0,0.0,0.0
2016-02-02,23.732523272973804,23.764399611812262,23.28624236907557,23.34999656677246,75516000,0.0,0.0,0.0
2016-02-03,23.597044490326912,24.027384927951584,23.20654985469752,24.011445999145508,117143200,0.0,0.0,0.0
2016-02-04,24.19474220275879,24.49757426953015,24.043325409363103,24.19474220275879,99923300,0.0,0.0,0.0
2016-02-05,24.09911231767147,24.178805454017013,23.82018710047214,23.91581916809082,70370700,0.0,0.0,0.0
2016-02-08,23.549231574633453,23.70064838313933,23.31015368332536,23.58907890319824,72716800,0.0,0.0,0.0
2016-02-09,23.142799691473627,23.53329439513572,23.02325922462141,23.262338638305664,67275700,0.0,0.0,0.0
2016-02-10,23.525323105314097,23.78830937596208,23.349997911535404,23.357967376708984,67192400,0.0,0.0,0.0
2016-02-11,22.88777514541458,23.126854494327084,22.7921446218654,22.96746826171875,86795500,0.0,0.0,0.0
2016-02-12,23.16670232372901,23.3739038362794,23.05513286313261,23.36593437194824,68436000,0.0,0.0,0.0
2016-02-16,23.804246230945537,23.91581569360844,23.70064471274148,23.88393783569336,54396200,0.0,0.0,0.0
2016-02-17,24.09910541462367,24.409906885321863,24.07519702456238,24.354122161865234,69297600,0.0,0.0,0.0
2016-02-18,24.441786083149417,24.441786083149417,24.15489146671225,24.210676193237305,59141200,0.0,0.0,0.0
2016-02-19,24.059267654296825,24.218652414551613,23.97160504814355,24.09911346435547,59069000,0.0,0.0,0.0
2016-02-22,24.505545251523525,24.696807861328125,24.46569944448844,24.696807861328125,42673400,0.0,0.0,0.0
2016-02-23,24.417878990918485,24.45772631199916,24.1389553434532,24.17083168029785,54666100,0.0,0.0,0.0
2016-02-24,23.78033755085998,24.202710043023814,23.64485969639384,24.115047454833984,59334200,0.0,0.0,0.0
2016-02-25,24.08317121393144,24.22661854240945,23.90784754580276,24.19474220275879,45895100,0.0,0.0,0.0
2016-02-26,24.35412588211955,24.37006481126185,23.931754899988128,23.95566177368164,54635600,0.0,0.0,0.0
2016-02-29,24.194738725450467,24.393970759698195,24.13895399906427,24.162860870361328,65543100,0.0,0.0,0.0
2016-03-01,24.625078348312083,25.03948133121405,24.61710888479246,25.023542404174805,69324500,0.0,0.0,0.0
2016-03-02,25.05542333551231,25.37419431534937,24.99963860404332,25.35825538635254,66977500,0.0,0.0,0.0
2016-03-03,25.382161102975573,25.65311526724657,25.35028324834383,25.6451473236084,69856900,0.0,0.0,0.0
2016-03-04,25.892197173623128,26.26675134040424,25.828441461806968,26.155181884765625,102487700,0.0,0.0,0.0
2016-03-07,25.90016828553632,26.24284767836353,25.876261410700938,26.115339279174805,67816600,0.0,0.0,0.0
2016-03-08,25.796564325872072,25.836410126849422,25.573425408367115,25.669055938720703,50510100,0.0,0.0,0.0
2016-03-09,25.836409563878995,25.971888932297617,25.74875001965481,25.828441619873047,54890300,0.0,0.0,0.0
2016-03-10,25.97985749915736,26.02767428445849,25.493732342088183,25.868288040161133,69716400,0.0,0.0,0.0
2016-03-11,26.25878295869026,26.46598293855925,26.226905103313616,26.41019821166992,74998500,0.0,0.0,0.0
2016-03-14,26.322536186613515,26.41816975476788,26.17908887442164,26.25081253051757,43838500,0.0,0.0,0.0
2016-03-15,25.852348937588268,25.884226794240966,25.73281153520026,25.876258850097656,66967800,0.0,0.0,0.0
2016-03-16,25.66905774099392,26.465985976653755,25.6610897962549,26.394262313842773,98218500,0.0,0.0,0.0
2016-03-17,26.752881869460754,27.03977653401906,26.6174055223305,26.97602081298828,114746800,0.0,0.0,0.0
2016-03-18,27.111498836908066,27.24697517722615,27.087591962743687,27.11946678161621,102194600,0.0,0.0,0.0
2016-03-21,27.08758765437597,27.23900290006721,27.04773881705349,27.17524719238281,59921400,0.0,0.0,0.0
2016-03-22,26.93616701620165,27.22306159564684,26.928199073456707,27.111492156982425,41960900,0.0,0.0,0.0
2016-03-23,26.888361463762767,26.888361463762767,26.61740572737488,26.649280548095703,58628500,0.0,0.0,0.0
2016-03-24,26.3623846958661,26.59349154923971,26.298628984563283,26.58552360534668,61479100,0.0,0.0,0.0
2016-03-28,26.60145979335344,26.68115138423448,26.55364301480122,26.67318344116211,40595500,0.0,0.0,0.0
2016-03-29,26.673180174426577,27.047734253742025,26.45800925735313,27.039766311645508,81638800,0.0,0.0,0.0
2016-03-30,27.4462053626176,27.557777861198264,27.310729031543545,27.318696975708008,53128600,0.0,0.0,0.0
2016-03-31,27.41433262711316,27.501992179736,27.21510056743949,27.29479217529297,109595100,0.0,0.0,0.0
2016-04-01,26.713039332354573,27.26291881334601,26.633344671314926,27.21510505676269,76178800,0.0,0.0,0.0
2016-04-04,27.1991605844718,27.20712852893257,26.864449156362195,26.88835906982422,46429000,0.0,0.0,0.0
2016-04-05,26.46598326734426,26.55364585069926,26.314568012483583,26.36238479614257,61660900,0.0,0.0,0.0
2016-04-06,26.29066491663548,26.68912905090372,26.2189412508656,26.6811580657959,56608700,0.0,0.0,0.0
2016-04-07,26.33050800758888,26.386292737432267,26.083459175396914,26.147214889526367,75406000,0.0,0.0,0.0
2016-04-08,26.721006467789284,26.752884331238047,26.497867503728703,26.601469039916992,44785200,0.0,0.0,0.0
2016-04-11,27.03977382722113,27.135404359154165,26.904294453612835,26.94414329528809,63972000,0.0,0.0,0.0
2016-04-12,26.944142293653705,27.446204847668103,26.92023238152944,27.358545303344727,70261600,0.0,0.0,0.0
2016-04-13,27.79685750123649,27.860610178787347,27.677317050773738,27.84467124938965,95376400,0.0,0.0,0.0
2016-04-14,27.796854859336616,27.82076173114101,27.669346476313773,27.709192276000977,49781400,0.0,0.0,0.0
2016-04-15,27.677318812805154,27.72513560404242,27.549810409545906,27.5498104095459,61733700,0.0,0.0,0.0
2016-04-18,27.454177737266463,27.8127960436247,27.39839300517073,27.67731666564941,51810600,0.0,0.0,0.0
2016-04-19,27.948274206643525,28.163445204509603,27.91639634621001,28.09968948364257,70368800,0.0,0.0,0.0
2016-04-20,27.876546976459807,28.11562481906305,27.77294546331717,27.972177505493164,51670100,0.0,0.0,0.0
2016-04-21,27.9004467751451,27.9004467751451,27.637462126967588,27.693246841430664,59286600,0.0,0.0,0.0
2016-04-22,27.58168843854578,27.772949524580778,27.50199378599774,27.525903701782227,43727100,0.0,0.0,0.0
2016-04-25,27.509960735079385,27.509960735079385,27.31072869300033,27.350574493408203,40116100,0.0,0.0,0.0
2016-04-26,27.55778149776212,27.65341204055392,27.478086845402164,27.64544105529785,46394300,0.0,0.0,0.0
2016-04-27,27.53386894257699,27.860609385830383,27.454177337896592,27.81279563903809,56192100,0.0,0.0,0.0
2016-04-28,27.533871647016955,27.772949524580778,27.4621479797438,27.525903701782227,51718900,0.0,0.0,0.0
2016-04-29,27.52590873628122,27.55778660313091,27.183229267748818,27.406368255615234,86482700,0.0,0.0,0.0
2016-05-02,27.406360347929105,27.41433133236197,27.20712829766496,27.334636688232425,36887000,0.0,0.0,0.0
2016-05-03,26.81663366428912,26.86444740802173,26.55364591360113,26.561616897583008,94755400,0.0,0.0,0.0
2016-05-04,26.394261816340588,26.44207860399327,26.115338155133024,26.131277084350582,105838400,0.0,0.0,0.0
2016-05-05,26.386294048202625,26.41817190685092,26.043614667833246,26.123306274414062,83029500,0.0,0.0,0.0
2016-05-06,26.03564127191815,26.274722149598507,26.01970538410979,26.16315269470215,81640000,0.0,0.0,0.0
2016-05-09,26.107365260676552,26.115336244722187,25.75671796366076,25.828441619873047,84074300,0.0,0.0,0.0
2016-05-10,26.1153383743666,26.33847730520586,26.10736738967095,26.32253837585449,69384400,0.0,0.0,0.0
2016-05-11,26.29862722999151,26.4420745308128,26.19502572605625,26.25878143310547,58600300,0.0,0.0,0.0
2016-05-12,26.4101983108612,26.45801509410576,26.09142887601632,26.18705940246582,63469800,0.0,0.0,0.0
2016-05-13,25.96392392901519,26.075493397973165,25.669058286723374,25.716875076293945,62246800,0.0,0.0,0.0
2016-05-16,25.971887089761704,26.115334392009625,25.96391914632103,26.027671813964844,51206600,0.0,0.0,0.0
2016-05-17,25.97188635162325,26.091426780112258,25.836406996666422,25.90813064575196,63616400,0.0,0.0,0.0
2016-05-18,25.73281086575475,26.00376656017422,25.50966891503071,25.65311622619629,91541300,0.0,0.0,0.0
2016-05-19,25.437949913978613,25.501704113461468,25.262626245405773,25.41404151916504,74455000,0.0,0.0,0.0
2016-05-20,25.65311701032181,25.74077959649584,25.621242193563784,25.669055938720703,54928300,0.0,0.0,0.0
2016-05-23,25.61327344562673,25.780627648367066,25.59733451583622,25.621244430541992,52648200,0.0,0.0,0.0
2016-05-24,25.756717463440264,25.94001057241422,25.732810591847024,25.88422584533692,58219200,0.0,0.0,0.0
2016-05-25,26.13127563176725,26.314568747520465,26.1153367034357,26.19502830505371,53340200,0.0,0.0,0.0
2016-05-26,26.402229646007683,26.45004338790691,26.226904485605072,26.37035179138184,48215100,0.0,0.0,0.0
2016-05-27,26.46598326734426,26.5217679949266,26.290661140673908,26.36238479614257,43342900,0.0,0.0,0.0
2016-05-31,26.42614017287876,26.53770963946474,26.32253865103179,26.394262313842773,94760100,0.0,0.0,0.0
2016-06-01,26.290664952641603,26.434109244337737,26.22690923185213,26.378324508666992,52115100,0.0,0.0,0.0
2016-06-02,26.354412771808136,26.625368455100187,26.31456697368509,26.593490600585938,48252500,0.0,0.0,0.0
2016-06-03,26.920232878931355,27.015866449116075,26.71303289027728,26.99992752075196,89424800,0.0,0.0,0.0
2016-06-06,27.103529003540395,27.33463893041364,27.07962212836043,27.28682518005371,110069500,0.0,0.0,0.0
2016-06-07,27.462145129842856,27.565746647383925,27.43823825657947,27.53386878967285,59934000,0.0,0.0,0.0
2016-06-08,27.717163868480977,27.78091958840473,27.6215333286354,27.73310279846192,75850100,0.0,0.0,0.0
2016-06-09,27.358542898140406,27.478080288093985,27.3186940614498,27.41432762145996,54934300,0.0,0.0,0.0
2016-06-10,26.856478124616,26.976015518025267,26.65724609556104,26.72099876403809,77417500,0.0,0.0,0.0
2016-06-13,26.37035768195396,26.593496634100248,26.314572943917383,26.346450805664062,56865500,0.0,0.0,0.0
2016-06-14,26.266749376466905,26.39425775052589,26.043610481873536,26.25878143310547,71023800,0.0,0.0,0.0
2016-06-15,26.529740338139128,26.768818188603948,26.44207775029274,26.537708282470703,64707000,0.0,0.0,0.0
2016-06-16,26.0595524696101,26.465984509650607,25.892198279007527,26.44207763671875,73981900,0.0,0.0,0.0
2016-06-17,26.48989470152347,26.529740503509345,26.31456952473782,26.51380157470703,56740400,0.0,0.0,0.0
2016-06-20,27.015869483233207,27.15931681458093,26.960084747713548,26.983991622924805,78204200,0.0,0.0,0.0
2016-06-21,27.11149720979736,27.270883454754124,26.960081949110307,27.19118881225586,75173100,0.0,0.0,0.0
2016-06-22,27.372712599968786,27.436966197171465,27.212074011072712,27.260263442993164,67273500,0.0,0.0,0.0
2016-06-23,27.62972900037586,27.918874740600582,27.50924931067122,27.918874740600582,70159900,0.0,0.0,0.0
2016-06-24,26.31249992713792,26.874733473155352,26.159894948274097,26.224151611328125,158566000,0.0,0.0,0.0
2016-06-27,26.10367002169868,26.111700572039407,25.613723724909388,25.886808395385746,101826000,0.0,0.0,0.0
2016-06-28,26.50526308649245,26.66590165737759,26.40888116953173,26.649837493896484,68332900,0.0,0.0,0.0
2016-06-29,27.16387583374052,27.32451438903809,27.11568334797357,27.32451438903809,82587300,0.0,0.0,0.0
2016-06-30,27.44499861036097,27.669893875648125,27.31648834330821,27.597606658935547,92761700,0.0,0.0,0.0
2016-07-01,27.806432593555087,27.9108481351254,27.74217899684536,27.86265563964844,66514800,0.0,0.0,0.0
2016-07-05,27.47712329535106,27.50122107367376,27.22813640944949,27.268295288085938,63420200,0.0,0.0,0.0
2016-07-06,26.8988311835661,27.19601058959961,26.77032092171974,27.19601058959961,61084500,0.0,0.0,0.0
2016-07-07,27.32451954242686,27.404837303260727,27.04340125165597,27.123722076416016,49586800,0.0,0.0,0.0
2016-07-08,27.428931577269925,27.7180773176751,27.396803251471862,27.71004676818848,74907900,0.0,0.0,0.0
2016-07-11,27.94297314444771,28.07148338652008,27.926908981197933,27.975101470947266,70202000,0.0,0.0,0.0
2016-07-12,28.34457288550316,28.457018983572542,28.264252055506187,28.368667602539062,89275200,0.0,0.0,0.0
2016-07-13,28.376702647777467,28.392763750660013,28.135743209567806,28.320476531982425,62034300,0.0,0.0,0.0
2016-07-14,28.63372061081237,28.8104203019499,28.569463949361445,28.7301025390625,99969200,0.0,0.0,0.0
2016-07-15,28.70600972635324,28.73010444403182,28.553401677251635,28.665847778320312,82124300,0.0,0.0,0.0
2016-07-18,28.57749798464863,28.930900436051804,28.57749798464863,28.922866821289062,75861700,0.0,0.0,0.0
2016-07-19,28.665849346508463,28.722072400118527,28.529308520291625,28.62569046020508,54832700,0.0,0.0,0.0
2016-07-20,28.68993449055907,28.83450886870273,28.609613689409667,28.770252227783203,48091500,0.0,0.0,0.0
2016-07-21,28.706005431808507,28.826482066104056,28.60158989761156,28.6819076538086,56354300,0.0,0.0,0.0
2016-07-22,28.7782933538744,28.898769991167047,28.689941981504138,28.89073944091797,45498600,0.0,0.0,0.0
2016-07-25,28.786324408455584,28.79435495884536,28.57749639513404,28.60159111022949,44174100,0.0,0.0,0.0
2016-07-26,28.76222917907945,28.882705816328663,28.722067236070306,28.82648277282715,63593800,0.0,0.0,0.0
2016-07-27,28.87467738841781,29.01121820012143,28.63372103228263,28.922866821289062,67888600,0.0,0.0,0.0
2016-07-28,28.874677525828915,28.93090057373047,28.746167264350166,28.93090057373047,45590000,0.0,0.0,0.0
2016-07-29,28.93893310081458,29.11563587138708,28.81042283056,29.0835075378418,85265700,0.0,0.0,0.0
2016-08-01,29.155787229877905,29.203979717755075,28.987118118196413,29.02727699279785,57794000,0.0,0.0,0.0
2016-08-02,28.979089500775054,29.051373641521124,28.60961986360371,28.81845092773437,81854600,0.0,0.0,0.0
2016-08-03,28.617657473474537,28.93090104948472,28.55340080971533,28.91483688354492,42844900,0.0,0.0,0.0
2016-08-04,28.9951510583004,29.19594851178981,28.930897466425304,29.07547187805176,70532500,0.0,0.0,0.0
2016-08-05,29.284302925610884,29.44494151788573,29.20398516143661,29.412813186645508,55760000,0.0,0.0,0.0
2016-08-08,29.60557890144199,29.685896662337104,29.57345057151348,29.62164306640625,43636800,0.0,0.0,0.0
2016-08-09,29.734082117257813,29.942910084497782,29.72604850471467,29.822433471679688,65823600,0.0,0.0,0.0
2016-08-10,29.97504929254127,29.991113459535963,29.74212346700812,29.830474853515625,59111700,0.0,0.0,0.0
2016-08-11,29.95095045150628,30.232065675403707,29.910791571510384,30.21600151062012,82544300,0.0,0.0,0.0
2016-08-12,30.11961602750979,30.199933778012834,29.983075238869453,30.103551864624023,54790400,0.0,0.0,0.0
2016-08-15,30.32845577651704,30.50515857284819,30.320425223923337,30.416807174682617,55160100,0.0,0.0,0.0
2016-08-16,30.35253965258941,30.35253965258941,30.17583693723526,30.28025245666504,62084000,0.0,0.0,0.0
2016-08-17,30.047338822570147,30.16781855233144,29.798348810895995,30.08749771118164,106432500,0.0,0.0,0.0
2016-08-18,30.280259005295488,30.384674547306936,30.199938179161204,30.36861038208008,63045700,0.0,0.0,0.0
2016-08-19,30.03930229792656,30.224035599951726,29.91079204156444,30.19993782043457,63995700,0.0,0.0,0.0
2016-08-22,29.918819537255608,29.918819537255608,29.709991540961884,29.79833984375,62902100,0.0,0.0,0.0
2016-08-23,30.055368928152845,30.119625600117946,29.65377392015128,29.67787170410156,72475000,0.0,0.0,0.0
2016-08-24,29.62967797299955,29.79834713403227,29.57345491932197,29.758188247680664,75080700,0.0,0.0,0.0
2016-08-25,29.645738004352616,29.79834297676896,29.645738004352616,29.78228187561035,56434300,0.0,0.0,0.0
2016-08-26,29.84654198393006,30.159785611611607,29.29234195525708,29.525264739990234,178796200,0.0,0.0,0.0
2016-08-29,29.52525545493804,29.79030955742365,29.5091943553261,29.750150680541992,49578800,0.0,0.0,0.0
2016-08-30,29.790315763983354,29.894731316770503,29.62164660758403,29.669836044311523,48196900,0.0,0.0,0.0
2016-08-31,29.517225504692924,29.54935383242121,29.25217139682346,29.34052276611328,98943200,0.0,0.0,0.0
2016-09-01,29.37264944444048,29.56541633605957,29.30036224307404,29.56541633605957,67120400,0.0,0.0,0.0
2016-09-02,29.967015002644573,30.063396928662574,29.83850474664517,30.047332763671875,88393000,0.0,0.0,0.0
2016-09-06,30.448937299534133,30.71399150958319,30.38468368323346,30.68989372253418,108573800,0.0,0.0,0.0
2016-09-07,30.697923326480343,30.713987494437283,30.529251094895884,30.59350776672364,58618800,0.0,0.0,0.0
2016-09-08,30.60152807735833,30.689879439589653,30.44089257940217,30.51317977905273,73367300,0.0,0.0,0.0
2016-09-09,30.03930277121396,30.047333321895408,29.469035627191328,29.48509979248047,124082600,0.0,0.0,0.0
2016-09-12,29.08350166773134,29.7983400932374,29.027278627338227,29.68589401245117,119811600,0.0,0.0,0.0
2016-09-13,29.24413967006234,29.35658574866053,28.79435229174371,28.938926696777344,160782500,0.0,0.0,0.0
2016-09-14,29.035310606073583,29.348554117460854,29.01121283017213,29.02727699279785,90163100,0.0,0.0,0.0
2016-09-15,29.23611889715664,29.59755196668036,29.10760861236608,29.525264739990234,87331100,0.0,0.0,0.0
2016-09-16,29.284305911791414,29.364626748082472,29.051380082437262,29.32446479797364,92612000,0.0,0.0,0.0
2016-09-19,29.69392835235064,29.798340821962185,29.509195063123308,29.5573844909668,55874700,0.0,0.0,0.0
2016-09-20,29.79031171608727,29.79031171608727,29.565419538113098,29.573450088500977,48531200,0.0,0.0,0.0
2016-09-21,29.862596356843884,30.44089398066879,29.77424499054554,30.40073204040528,123874800,0.0,0.0,0.0
2016-09-22,30.66579962785772,30.77824575663366,30.50516098792328,30.61760711669922,73865400,0.0,0.0,0.0
2016-09-23,30.368611599320488,30.448929364747848,30.20797300453941,30.22403717041016,56201900,0.0,0.0,0.0
2016-09-26,29.950951013111496,30.023238224030013,29.78228187561035,29.78228187561035,47253900,0.0,0.0,0.0
2016-09-27,29.999138596217,30.207969665527344,29.870628347382183,30.207969665527344,60877300,0.0,0.0,0.0
2016-09-28,30.256157179505863,30.50514711133676,29.98307559894567,30.48105239868164,82411300,0.0,0.0,0.0
2016-09-29,30.320421084667046,30.4007388553472,29.86260305115176,29.95095443725586,74659100,0.0,0.0,0.0
2016-09-30,30.08749260217955,30.191908145980616,29.942918176586165,30.0794620513916,85539100,0.0,0.0,0.0
2016-10-03,30.143711801966365,30.34450924922471,30.023235171966896,30.288286209106445,77690300,0.0,0.0,0.0
2016-10-04,30.304356917745704,30.376644136928466,29.85456943572781,29.95095443725586,95339800,0.0,0.0,0.0
2016-10-05,30.256160752459984,30.424832952741795,30.159778826531937,30.384674072265625,61950100,0.0,0.0,0.0
2016-10-06,30.22402682242502,30.432854779394265,30.151739632719263,30.40876007080078,45429700,0.0,0.0,0.0
2016-10-07,30.44892525572704,30.489084133021365,30.03929980504346,30.2722225189209,77792800,0.0,0.0,0.0
2016-10-10,30.47301793062476,30.673815367588634,30.424828506665897,30.60152816772461,56113700,0.0,0.0,0.0
2016-10-11,30.07142931207311,30.087493478042934,29.74212156950769,29.89472961425781,79646900,0.0,0.0,0.0
2016-10-12,29.79834284675988,29.94291726796614,29.701960920597767,29.83850479125977,48482900,0.0,0.0,0.0
2016-10-13,29.380686239930583,29.68589617748806,29.22004765683783,29.573450088500977,67497300,0.0,0.0,0.0
2016-10-14,29.82244053257021,29.88669412850106,29.56542002099444,29.62164306640625,54235800,0.0,0.0,0.0
2016-10-17,29.581485135258408,29.70196178046729,29.55738735507561,29.58951568603516,37742300,0.0,0.0,0.0
2016-10-18,30.095523360436577,30.16781056637227,29.991107826545907,30.111587524414062,50174900,0.0,0.0,0.0
2016-10-19,30.25615992559172,30.360575463117144,30.143713837760995,30.296321868896484,49171200,0.0,0.0,0.0
2016-10-20,30.19190550143224,30.336479914362165,30.095523580787628,30.207969665527344,55283900,0.0,0.0,0.0
2016-10-21,30.031268683445447,30.224035599951726,29.991109802818443,30.19993782043457,33058500,0.0,0.0,0.0
2016-10-24,30.440896494446505,30.46499120945364,30.24812958261109,30.328447341918945,28142200,0.0,0.0,0.0
2016-10-25,30.30435167974657,30.416797764833504,30.25615918731245,30.36057472229004,32233900,0.0,0.0,0.0
2016-10-26,30.023238660609334,30.18387724986708,29.942917834017337,30.03930282592773,50715500,0.0,0.0,0.0
2016-10-27,30.06339710477892,30.06339710477892,29.758184096020045,29.78228187561035,47287000,0.0,0.0,0.0
2016-10-28,29.81440343059311,29.942913671348546,29.51722407333225,29.66179847717285,69558100,0.0,0.0,0.0
2016-10-31,29.798346519526245,29.93489040701783,29.7581876340028,29.830474853515625,60365100,0.0,0.0,0.0
2016-11-01,29.942918134811336,29.950951749514363,29.35658988246786,29.58951568603516,90113200,0.0,0.0,0.0
2016-11-02,29.477068943651947,29.55738670535903,29.099568722991,29.23611259460449,82319300,0.0,0.0,0.0
2016-11-03,29.26823258597669,29.356583946286825,29.05137099174065,29.155786514282227,67403000,0.0,0.0,0.0
2016-11-04,28.92287330281088,29.059417209039843,28.81846079890712,28.858619689941406,78558900,0.0,0.0,0.0
2016-11-07,29.5654212653333,29.93488788328268,29.517228768412217,29.90275955200196,85341300,0.0,0.0,0.0
2016-11-08,29.90276261278517,30.25616510126772,29.693934565937905,30.09552955627441,83963300,0.0,0.0,0.0
2016-11-09,29.187918310191737,29.46903352286217,28.987120854305424,29.115631103515625,193443900,0.0,0.0,0.0
2016-11-10,28.85058157360389,28.95499712514912,28.143776622643948,28.28835105895996,206490900,0.0,0.0,0.0
2016-11-11,27.75020980834961,27.983135609455413,27.40483791399997,27.75020980834961,182114700,0.0,0.0,0.0
2016-11-14,27.565474030201862,27.71004844109557,27.33254824999245,27.549409866333008,107881600,0.0,0.0,0.0
2016-11-15,27.766265931779984,28.15179659578117,27.7502017711226,28.10360717773437,89937000,0.0,0.0,0.0
2016-11-16,27.774303663079905,27.942972779108533,27.726111173960664,27.87068557739257,65387900,0.0,0.0,0.0
2016-11-17,27.967071664618857,28.127710255059096,27.86265612124376,27.91084861755371,80829200,0.0,0.0,0.0
2016-11-18,27.96706664751561,28.023289684494724,27.76626921146859,27.78233337402344,51490500,0.0,0.0,0.0
2016-11-21,28.03132520836328,28.135737676198016,27.97510216755198,28.055419921875,45251800,0.0,0.0,0.0
2016-11-22,28.46504545544329,28.497173782837955,28.272281618927217,28.481109619140625,61503100,0.0,0.0,0.0
2016-11-23,28.079512623274585,28.21605647255042,28.01525903720562,28.1758975982666,43495600,0.0,0.0,0.0
2016-11-25,28.33654322198275,28.3606410063054,28.272289612951585,28.31244850158692,28572700,0.0,0.0,0.0
2016-11-28,28.424888610839844,28.537334700836286,28.39276028114768,28.424888610839844,50953000,0.0,0.0,0.0
2016-11-29,28.336543276114973,28.5534049518722,28.30441800350142,28.46505355834961,36457700,0.0,0.0,0.0
2016-11-30,28.59356622773298,28.633728183724777,28.497184273992207,28.51324844360352,86930300,0.0,0.0,0.0
2016-12-01,28.43291807039389,28.497171656462854,28.16786398505441,28.1758975982666,80947500,0.0,0.0,0.0
2016-12-02,28.17590543068169,28.34457458791627,28.159841263717464,28.2080307006836,58727500,0.0,0.0,0.0
2016-12-05,28.344570377483585,28.465047015929315,28.3285062129056,28.44095230102539,53275100,0.0,0.0,0.0
2016-12-06,28.529305666264456,28.601592879949703,28.45701845257921,28.59355926513672,48356900,0.0,0.0,0.0
2016-12-07,28.770258890848577,29.1076002059523,28.722066398997764,29.07547187805176,61773300,0.0,0.0,0.0
2016-12-08,28.99515223101104,29.24414218642168,28.979091130337164,29.20398330688477,60291800,0.0,0.0,0.0
2016-12-09,29.02728162695104,29.13972771935719,28.971058580747968,29.05137634277344,60173400,0.0,0.0,0.0
2016-12-12,28.89074802833964,28.99516053224339,28.778301907872827,28.858619689941406,40766300,0.0,0.0,0.0
2016-12-13,29.027285436280074,29.244147098919647,29.019254884594144,29.179893493652344,48943200,0.0,0.0,0.0
2016-12-14,28.94696935937625,29.05138185704276,28.30441794943057,28.31244850158692,95190000,0.0,0.0,0.0
2016-12-15,28.328507426913472,28.47308185038492,28.248186600581427,28.36063575744629,68897000,0.0,0.0,0.0
2016-12-16,28.29637983477802,28.38473121408569,28.151805407533885,28.23212623596192,75471100,0.0,0.0,0.0
2016-12-19,28.24818231325712,28.256215926634155,28.03935432434082,28.03935432434082,45241700,0.0,0.0,0.0
2016-12-20,28.119674208755217,28.191961415006045,28.063451166551907,28.13573837280273,39157800,0.0,0.0,0.0
2016-12-21,28.18123096793507,28.18935643701672,27.99438546551724,28.01875877380371,52040600,0.0,0.0,0.0
2016-12-22,27.71817487207209,27.73442270921071,27.57194743678264,27.68568229675293,48802800,0.0,0.0,0.0
2016-12-23,27.710063490086068,27.84816551208496,27.68569327419433,27.84816551208496,32062900,0.0,0.0,0.0
2016-12-27,27.913152492738217,28.00251406888768,27.9050270227471,27.97001838684082,25959900,0.0,0.0,0.0
2016-12-28,28.20560194396641,28.23809452073088,28.10811491679842,28.181228637695312,33745600,0.0,0.0,0.0
2016-12-29,28.46556326286544,28.67677897281031,28.449315423799145,28.64428329467773,48465500,0.0,0.0,0.0
2016-12-30,28.63616745595637,28.652415298728464,28.359960326749064,28.44119644165039,60515600,0.0,0.0,0.0
2017-01-03,28.749898724237,28.961117577405386,28.676784982595496,28.782394409179688,64483700,0.0,0.0,0.0
2017-01-04,28.944865980763986,29.058597764353205,28.9286181404,29.0017318725586,83072600,0.0,0.0,0.0
2017-01-05,29.212952124708703,29.367305082597827,29.196704281827788,29.31856155395508,60303200,0.0,0.0,0.0
2017-01-06,29.22107817878932,29.245448394117467,29.115468747435315,29.19670486450196,33132200,0.0,0.0,0.0
2017-01-09,29.18045513526988,29.24544650388996,29.13983707936184,29.172332763671875,33950800,0.0,0.0,0.0
2017-01-10,29.351049586843427,29.505399405528845,29.32667627939747,29.342924118041992,46621700,0.0,0.0,0.0
2017-01-11,29.399790579982373,29.71661879132205,29.286058806200217,29.69224548339844,92509300,0.0,0.0,0.0
2017-01-12,29.814101293718053,29.82222366333008,29.66787384903554,29.82222366333008,38318100,0.0,0.0,0.0
2017-01-13,29.708491909282145,29.82222367765467,29.67599623290192,29.79785346984864,35242000,0.0,0.0,0.0
2017-01-17,29.73287077482519,29.830357832352544,29.69225271700171,29.781614303588867,38367000,0.0,0.0,0.0
2017-01-18,29.797859970425208,29.80598234181308,29.562270913710844,29.61913681030273,37054200,0.0,0.0,0.0
2017-01-19,29.627266498490744,29.63538887103494,29.40792525228488,29.5297794342041,52877000,0.0,0.0,0.0
2017-01-20,29.56227490992588,29.62726628565008,29.42417288495099,29.586645126342773,59295600,0.0,0.0,0.0
2017-01-23,29.78973291626032,30.033447430364024,29.773488174348262,30.02532196044922,51401800,0.0,0.0,0.0
2017-01-24,30.15529803829715,30.325898797876803,30.139050199339163,30.2121639251709,45519900,0.0,0.0,0.0
2017-01-25,30.42338624440889,30.561488243055138,30.350272510137707,30.54524040222168,42660800,0.0,0.0,0.0
2017-01-26,30.53711948486205,30.54524185618602,30.39089200935921,30.41526222229004,43300100,0.0,0.0,0.0
2017-01-27,30.41525910637867,30.48025046614804,30.317775165683223,30.439632415771484,30457500,0.0,0.0,0.0
2017-01-30,30.22029284381755,30.285281108109583,30.14717910963978,30.277158737182617,34712000,0.0,0.0,0.0
2017-01-31,30.309654217743287,30.39089032230913,30.220292643345616,30.33402442932129,67258600,0.0,0.0,0.0
2017-02-01,30.45587680847052,30.512742692352862,30.269028219761925,30.35026741027832,54321500,0.0,0.0,0.0
2017-02-02,30.447757536784284,30.512748902424697,30.399014012553977,30.48025321960449,26814000,0.0,0.0,0.0
2017-02-03,30.610235006912745,30.723966805831395,30.545243636696885,30.66710090637207,34305200,0.0,0.0,0.0
2017-02-06,30.634614116673312,30.667109811217053,30.569625826545828,30.59399604797364,30250100,0.0,0.0,0.0
2017-02-07,30.528993985975063,30.56148656690115,30.4071367358868,30.439632415771484,31693700,0.0,0.0,0.0
2017-02-08,30.45587483256544,30.658968147242845,30.44774936456184,30.62647247314453,37862900,0.0,0.0,0.0
2017-02-09,30.62647968131375,30.821447573874693,30.62647968131375,30.76458168029785,38286700,0.0,0.0,0.0
2017-02-10,30.837702702771697,31.048921585083008,30.821454858058555,31.048921585083008,38798700,0.0,0.0,0.0
2017-02-13,31.04890128728056,31.17888086105377,31.04077582075615,31.146385192871094,34007000,0.0,0.0,0.0
2017-02-14,31.146404077129635,31.17889976501465,30.894567144459845,31.17889976501465,55327300,0.0,0.0,0.0
2017-02-15,31.187017487472417,31.44697675387344,31.15452180443256,31.43072891235352,49527300,0.0,0.0,0.0
2017-02-16,31.463225004698884,31.463225004698884,31.292627314958697,31.31699752807617,42986800,0.0,0.0,0.0
2017-02-17,31.07328184849958,31.195139095332006,31.0489116387165,31.18701362609864,54880700,0.0,0.0,0.0
2017-02-21,31.38198603766788,31.5363358716232,31.349490357164026,31.52821350097656,42603700,0.0,0.0,0.0
2017-02-22,31.479474420362976,31.625701904296875,31.46322657781931,31.625701904296875,39083500,0.0,0.0,0.0
2017-02-23,31.78817059519457,31.804418434346605,31.585077254231845,31.63381767272949,46763100,0.0,0.0,0.0
2017-02-24,31.25200755764516,31.325121291973616,31.211386406050305,31.260129928588867,44575100,0.0,0.0,0.0
2017-02-27,31.17076961858784,31.260131197389533,31.08953351001842,31.162647247314453,53625500,0.0,0.0,0.0
2017-02-28,31.130151722426053,31.138277192699604,30.853944613344613,30.862070083618164,71508900,0.0,0.0,0.0
2017-03-01,31.11390863293487,31.35762009606252,31.09766078886511,31.34137535095215,93966300,0.0,0.0,0.0
2017-03-02,31.03266903162369,31.08953493001137,30.78083212522179,30.788957595825195,63518000,0.0,0.0,0.0
2017-03-03,30.93518527770338,31.0570394469133,30.837698223584567,31.02454376220703,54969900,0.0,0.0,0.0
2017-03-06,31.07328433212646,31.08140670305052,30.943304704630165,31.04078865051269,30455800,0.0,0.0,0.0
2017-03-07,31.13826977800094,31.154514516761992,31.01641254458581,31.073278427124023,43470400,0.0,0.0,0.0
2017-03-08,31.000169671854167,31.048913192818617,30.75645826494926,30.78082847595215,60587000,0.0,0.0,0.0
2017-03-09,30.626486228214787,30.675226662294683,30.37464928928405,30.537124633789062,64159100,0.0,0.0,0.0
2017-03-10,30.780834823547814,30.878318786621094,30.707721076503024,30.878318786621094,45184900,0.0,0.0,0.0
2017-03-13,31.20326471193741,31.33324434256753,31.17076902954017,31.308874130249023,42405900,0.0,0.0,0.0
2017-03-14,31.211387857707727,31.25200901119189,31.10578153573386,31.130151748657227,56600300,0.0,0.0,0.0
2017-03-15,31.29262394449233,31.999387939405345,31.20326237407464,31.942522048950195,124080900,0.0,0.0,0.0
2017-03-16,32.169978077545565,32.21059921746582,32.03999848709124,32.13748550415039,137911800,0.0,0.0,0.0
2017-03-17,32.16998208838395,32.1862299265862,32.05625031992648,32.080623626708984,68267900,0.0,0.0,0.0
2017-03-20,32.28372511911758,32.54368439817076,32.23498159218546,32.454322814941406,70310000,0.0,0.0,0.0
2017-03-21,32.61679198127121,32.68178023928566,32.07250021297767,32.09687042236328,71712900,0.0,0.0,0.0
2017-03-22,32.07249758505199,32.32433442424957,31.991261494450555,32.251220703125,70134100,0.0,0.0,0.0
2017-03-23,32.137499461885334,32.37308544136832,32.12937399078913,32.25935363769531,53877500,0.0,0.0,0.0
2017-03-24,32.23497439929508,32.397449687188455,32.22684893047331,32.34058380126953,68871400,0.0,0.0,0.0
2017-03-27,32.12936346826464,32.308086586337645,32.03187953975127,32.251220703125,52896700,0.0,0.0,0.0
2017-03-28,32.22684893047331,32.43806773442221,32.22684893047331,32.34058380126953,51799000,0.0,0.0,0.0
2017-03-29,32.26747368305521,32.4218235193778,32.20248232105072,32.39745330810547,36857000,0.0,0.0,0.0
2017-03-30,32.26747738708457,32.364961342322914,32.202486017619634,32.22685623168945,33282500,0.0,0.0,0.0
2017-03-31,32.02375986023168,32.0725033827788,31.934401384000108,31.9993896484375,94971500,0.0,0.0,0.0
2017-04-03,32.096876632791435,32.21061152950062,31.98314483504132,32.17811584472656,60048300,0.0,0.0,0.0
2017-04-04,32.11311201587326,32.24309160558068,32.05624613906114,32.19435119628906,44136500,0.0,0.0,0.0
2017-04-05,32.3324594429524,32.41369863916855,32.08062568207852,32.09687042236328,44099200,0.0,0.0,0.0
2017-04-06,32.06438185631675,32.12124775130669,31.94252459621896,32.040008544921875,35544800,0.0,0.0,0.0
2017-04-07,31.975024295301125,32.129374158382575,31.95065407980385,31.98314666748047,40355800,0.0,0.0,0.0
2017-04-10,31.86128632772108,31.893778909112257,31.75567691606347,31.853160858154297,33853800,0.0,0.0,0.0
2017-04-11,31.845035911105548,31.88565395877728,31.59319905720738,31.780044555664062,46002800,0.0,0.0,0.0
2017-04-12,31.918150811664457,31.94252102137309,31.739427676578515,31.934398651123047,55149100,0.0,0.0,0.0
2017-04-13,32.00751975070947,32.088755867753,31.78817851594086,31.796300888061523,48182500,0.0,0.0,0.0
2017-04-17,31.942526107976697,32.129371643066406,31.893782581838902,32.129371643066406,29862300,0.0,0.0,0.0
2017-04-18,31.763798821236804,31.87753370079464,31.650067040637577,31.723180770874023,50889200,0.0,0.0,0.0
2017-04-19,31.80442058734201,31.812542957988644,31.446974299716928,31.52821350097656,58751100,0.0,0.0,0.0
2017-04-20,31.869404526627267,31.9262704103164,31.77192059729708,31.918148040771484,46722900,0.0,0.0,0.0
2017-04-21,31.9262704103164,31.96688845595746,31.86128215708236,31.918148040771484,32949500,0.0,0.0,0.0
2017-04-24,32.389325231771664,32.43806874935228,32.29184129556888,32.373077392578125,63549800,0.0,0.0,0.0
2017-04-25,32.60867376878638,32.74677888360801,32.576178083068456,32.65741729736328,50957400,0.0,0.0,0.0
2017-04-26,32.600540513557675,32.69802443920853,32.494931119710344,32.53554916381836,56452000,0.0,0.0,0.0
2017-04-27,32.60053965841107,32.60866202743637,32.39744634424023,32.494930267333984,42298100,0.0,0.0,0.0
2017-04-28,32.52743807001889,32.600551814341,32.43807648262974,32.54368591308594,56635400,0.0,0.0,0.0
2017-05-01,32.689911729046585,32.819891367972936,32.61679798846557,32.73052978515625,41171000,0.0,0.0,0.0
2017-05-02,32.86862320156806,33.006728274981455,32.82800515607879,32.96611022949219,55325500,0.0,0.0,0.0
2017-05-03,32.82800886627306,32.860504545920406,32.65741119656238,32.74677276611328,58336100,0.0,0.0,0.0
2017-05-04,32.5680481990962,32.5842960382075,32.35683248856618,32.381202697753906,81078300,0.0,0.0,0.0
2017-05-05,32.33246302454745,32.649288177490234,32.324340653505324,32.649288177490234,52581000,0.0,0.0,0.0
2017-05-08,32.738650636941145,32.81988984434808,32.61679647426909,32.64116668701172,35951500,0.0,0.0,0.0
2017-05-09,32.89300491883244,33.15296419518574,32.86863160613999,33.055477142333984,70127300,0.0,0.0,0.0
2017-05-10,33.15296045184543,33.27481460571289,33.11233930159761,33.27481460571289,47629100,0.0,0.0,0.0
2017-05-11,33.31542379214327,33.40478534057651,33.152951630218666,33.34791946411133,37366100,0.0,0.0,0.0
2017-05-12,33.39666901401322,33.51852315750188,33.38854354507227,33.48603057861328,65418200,0.0,0.0,0.0
2017-05-15,33.656638463451905,33.84348401939656,33.632268247142406,33.82723617553711,52561000,0.0,0.0,0.0
2017-05-16,33.80285624975683,33.875969976643624,33.73786489298703,33.85972213745117,41936300,0.0,0.0,0.0
2017-05-17,33.567277062037405,33.607895122436666,33.26669969633163,33.2829475402832,63287300,0.0,0.0,0.0
2017-05-18,32.47869287894187,33.022984747480294,32.34871324001552,32.73052978515625,121234700,0.0,0.0,0.0
2017-05-19,33.209823708167995,33.494153143588555,33.201698239179734,33.42916488647461,63742000,0.0,0.0,0.0
2017-05-22,33.461666107177734,33.56727553859024,33.42917351970862,33.461666107177734,46357500,0.0,0.0,0.0
2017-05-23,33.486041140639124,33.53478157382472,33.404801920397475,33.494163513183594,39495600,0.0,0.0,0.0
2017-05-24,33.5022875165318,33.681007595312686,33.46979182985918,33.624141693115234,48549600,0.0,0.0,0.0
2017-05-25,33.80286130597827,33.900345256756125,33.721622097864284,33.78661346435547,39606900,0.0,0.0,0.0
2017-05-26,33.851604967910255,33.924718712722644,33.819112380517474,33.90847396850586,31372700,0.0,0.0,0.0
2017-05-30,33.72161848809847,33.77848747717012,33.66475259798541,33.72974395751953,35122800,0.0,0.0,0.0
2017-05-31,33.72974301592127,33.72974301592127,33.41291789443339,33.469783782958984,80159500,0.0,0.0,0.0
2017-06-01,33.55914058141854,33.76223389699464,33.47790139581327,33.75410842895508,46802100,0.0,0.0,0.0
2017-06-02,33.875976521427425,33.949090262439675,33.79473730976989,33.92471694946289,43699200,0.0,0.0,0.0
2017-06-05,33.91658991848016,33.99782602001882,33.85159855808234,33.88409423828125,39245500,0.0,0.0,0.0
2017-06-06,33.84346752822211,33.97344711680217,33.82721969227987,33.900333404541016,34184900,0.0,0.0,0.0
2017-06-07,33.79473078068137,33.924710395262515,33.67287663517568,33.85972213745117,34745400,0.0,0.0,0.0
2017-06-08,34.087186829998785,34.10343466973547,33.932837000938164,34.06281661987305,48941400,0.0,0.0,0.0
2017-06-09,34.087182038644904,34.152173388456326,33.61600714834457,33.802852630615234,73660800,0.0,0.0,0.0
2017-06-12,33.607893849778925,33.64038953645154,33.461666358711405,33.624141693115234,52374200,0.0,0.0,0.0
2017-06-13,33.80286130597827,33.827231518933004,33.67288167195481,33.78661346435547,38327800,0.0,0.0,0.0
2017-06-14,34.038447404647734,34.05469214590067,33.6647532776986,33.77848815917969,70500400,0.0,0.0,0.0
2017-06-15,33.372298999390495,33.44540962653428,33.22607154718609,33.42916488647461,87660700,0.0,0.0,0.0
2017-06-16,33.502278417536786,33.54289646536634,33.33980312726016,33.48603057861328,53875900,0.0,0.0,0.0
2017-06-19,33.689123629644776,33.87596912723529,33.66475032198801,33.8191032409668,68181200,0.0,0.0,0.0
2017-06-20,33.722803205311486,33.73096632424237,33.420833184539966,33.445316314697266,71372000,0.0,0.0,0.0
2017-06-21,33.60038464269832,33.68200027347048,33.46164274036261,33.51877212524414,54840400,0.0,0.0,0.0
2017-06-22,33.69831814776086,33.82890002332723,33.61670252970845,33.690155029296875,50400700,0.0,0.0,0.0
2017-06-23,33.74728713457189,33.93500151461501,33.72280400383485,33.86970901489258,46141200,0.0,0.0,0.0
2017-06-26,34.18800387265624,34.28593951380606,34.08190511197515,34.1961669921875,44381000,0.0,0.0,0.0
2017-06-27,34.19616580257949,34.19616580257949,33.78809701311347,33.79625701904297,54898400,0.0,0.0,0.0
2017-06-28,33.894179305000144,34.09005361664375,33.81256682458331,34.05740737915039,33600800,0.0,0.0,0.0
2017-06-29,33.89418640333071,33.9023495210719,33.39634207390327,33.62486267089844,66218700,0.0,0.0,0.0
2017-06-30,33.828903305025264,33.92683894287127,33.75545079831131,33.77993392944336,76054300,0.0,0.0,0.0
2017-07-03,33.96764025717593,34.08189900359216,33.90235087921694,33.97580337524414,38427000,0.0,0.0,0.0
2017-07-05,33.7799291470987,33.92683413972875,33.616701031585606,33.9105110168457,49491000,0.0,0.0,0.0
2017-07-06,33.66566568420012,33.73095816658584,33.45347134308036,33.502437591552734,48464800,0.0,0.0,0.0
2017-07-07,33.59222070905607,33.64935008725867,33.42083257444827,33.5677375793457,69254100,0.0,0.0,0.0
2017-07-10,33.68199392132071,33.91051141775026,33.66567079824468,33.88602828979492,38230800,0.0,0.0,0.0
2017-07-11,34.06558136786945,34.20432325152353,33.96764262413032,34.163516998291016,41916900,0.0,0.0,0.0
2017-07-12,34.645029241387064,34.89802981357116,34.6205430051665,34.82457733154297,80106600,0.0,0.0,0.0
2017-07-13,34.88171674701247,35.012298617340434,34.84907050110114,34.995975494384766,38698800,0.0,0.0,0.0
2017-07-14,35.23265689462089,35.46117752798279,35.21633688317577,35.43669128417969,51171300,0.0,0.0,0.0
2017-07-17,35.29794351459117,35.32242664099875,35.200007895643665,35.273460388183594,44288000,0.0,0.0,0.0
2017-07-18,35.20817423560152,35.412208627892504,35.15920797397504,35.37956237792969,49195500,0.0,0.0,0.0
2017-07-19,35.37956413837588,35.74682668543777,35.37956413837588,35.67337417602539,37949700,0.0,0.0,0.0
2017-07-20,35.706013224575145,35.71417322916687,35.55094823079406,35.63256072998047,35990000,0.0,0.0,0.0
2017-07-21,35.64072495317494,35.64888807205017,35.51014307103004,35.60808181762695,34217900,0.0,0.0,0.0
2017-07-24,35.7631417295962,35.7631417295962,35.608076739574656,35.71417236328125,37613800,0.0,0.0,0.0
2017-07-25,35.75498678924377,35.803953049176705,35.61624178835931,35.62440490722656,37103900,0.0,0.0,0.0
2017-07-26,35.68153157317193,35.95901844052598,35.63256220364448,35.918209075927734,49001700,0.0,0.0,0.0
2017-07-27,36.03247660732467,36.04063661353772,35.469339665768864,35.72234344482422,61916500,0.0,0.0,0.0
2017-07-28,35.59175778572847,35.714176545876875,35.50198216029576,35.706016540527344,46072600,0.0,0.0,0.0
2017-07-31,35.77946478663107,35.77946478663107,35.64888292334587,35.74681854248047,60833500,0.0,0.0,0.0
2017-08-01,35.91005372879057,35.934536860071226,35.812118090350125,35.85292434692383,37138400,0.0,0.0,0.0
2017-08-02,35.91821748149367,35.950863735485164,35.69786305034643,35.88557434082031,29234800,0.0,0.0,0.0
2017-08-03,35.714180289173626,35.73866653442383,35.55911526473917,35.73866653442383,45351400,0.0,0.0,0.0
2017-08-04,35.82028187018241,35.89373438508078,35.6570537133729,35.8692512512207,48442700,0.0,0.0,0.0
2017-08-07,35.99982359100628,36.13856546378216,35.97534046364991,36.11408233642578,23791100,0.0,0.0,0.0
2017-08-08,36.21202523938348,36.38341650528725,36.073283338714354,36.12224960327149,33793700,0.0,0.0,0.0
2017-08-09,35.70600839163807,35.82026712036062,35.60807278320687,35.79578399658203,29007400,0.0,0.0,0.0
2017-08-10,35.49381994955573,35.501979954398244,34.93068310258353,34.94700622558594,104326500,0.0,0.0,0.0
2017-08-11,34.987811609051015,35.17552284894908,34.86539285954392,35.02861785888672,52964600,0.0,0.0,0.0
2017-08-14,35.412212778458226,35.559117807191484,35.34692338419796,35.38772964477539,37340400,0.0,0.0,0.0
2017-08-15,35.36323083731416,35.45300332546808,35.28977835550332,35.42852020263672,29467800,0.0,0.0,0.0
2017-08-16,35.72233151192942,35.82026712036062,35.673362151055386,35.79578399658203,43356300,0.0,0.0,0.0
2017-08-17,35.71417910056371,35.77131159536749,35.289790299044334,35.3387565612793,65838600,0.0,0.0,0.0
2017-08-18,35.47749916796721,35.7876291855285,35.33059416456762,35.640724182128906,67014400,0.0,0.0,0.0
2017-08-21,35.722339527064335,35.84475828674161,35.64072390729526,35.77130889892578,27756400,0.0,0.0,0.0
2017-08-22,36.02431385220604,36.22018824979772,35.99166760038778,36.17121887207031,30935800,0.0,0.0,0.0
2017-08-23,36.10592805776705,36.37525184135104,36.0814418132101,36.34260559082031,48383900,0.0,0.0,0.0
2017-08-24,36.50582895801773,36.53847520428086,36.34260084001951,36.45685958862305,52141700,0.0,0.0,0.0
2017-08-25,36.66090044844551,36.78332233694779,36.59561105767745,36.669063568115234,55530900,0.0,0.0,0.0
2017-08-28,36.65272995807422,36.65272995807422,36.46501873249614,36.53847122192383,37424900,0.0,0.0,0.0
2017-08-29,36.538482813741176,36.538482813741176,36.12225087049587,36.47319030761719,45507800,0.0,0.0,0.0
2017-08-30,36.42421975916853,36.554801642746746,36.399733515591706,36.53031539916992,46687600,0.0,0.0,0.0
2017-08-31,36.53847493638428,36.66905680716196,36.49766868551325,36.58744430541992,62118300,0.0,0.0,0.0
2017-09-01,36.73434008676871,36.873085052674746,36.68537383918047,36.85676193237305,55195500,0.0,0.0,0.0
2017-09-05,36.5711184890245,36.64457098050967,36.187532909788935,36.375244140625,49130500,0.0,0.0,0.0
2017-09-06,36.51398760429585,36.65272946394602,36.45685512367381,36.61192321777344,44733800,0.0,0.0,0.0
2017-09-07,36.7914759741174,36.88124847412109,36.74250660867408,36.88124847412109,39114300,0.0,0.0,0.0
2017-09-08,36.82412100007489,36.832284118060905,36.57112038221988,36.63640975952149,41973600,0.0,0.0,0.0
2017-09-11,36.93838425601931,37.15058176312566,36.93022425035415,37.1260986328125,45287800,0.0,0.0,0.0
2017-09-12,37.12610218834924,37.158745327453765,37.02816343108171,37.08529281616211,49495000,0.0,0.0,0.0
2017-09-13,36.93838199860063,36.99551448803594,36.80780012271456,36.8894157409668,54758700,0.0,0.0,0.0
2017-09-14,36.79964301179729,37.00367740349869,36.76699676192881,36.98735427856445,36057900,0.0,0.0,0.0
2017-09-15,37.05264905438647,37.25668345862138,36.97919654432919,37.20771408081055,47816300,0.0,0.0,0.0
2017-09-18,37.44439374202229,37.5096831307174,37.28932560640044,37.33829498291016,37633400,0.0,0.0,0.0
2017-09-19,37.36277342608008,37.42806591989988,37.24851467521288,37.41990280151367,63741000,0.0,0.0,0.0
2017-09-20,37.43623117353383,37.49336055697697,36.89758047727139,37.24851989746094,78810000,0.0,0.0,0.0
2017-09-21,37.24851989746094,37.3709417838779,37.16690738206156,37.24851989746094,32668200,0.0,0.0,0.0
2017-09-22,37.044483553148176,37.109776052698265,36.97919416691583,37.03632354736328,39264300,0.0,0.0,0.0
2017-09-25,36.72619495539857,36.72619495539857,36.26915674182575,36.407901763916016,85660600,0.0,0.0,0.0
2017-09-26,36.48134370986893,36.53030996310055,36.25282311262491,36.30995559692383,62892900,0.0,0.0,0.0
2017-09-27,36.20386545664852,36.277317967255776,35.98350792482674,36.17938232421875,80084700,0.0,0.0,0.0
2017-09-28,35.99166383905828,36.20386134038326,35.983503833615444,36.15489196777344,54957600,0.0,0.0,0.0
2017-09-29,36.43237242652632,36.66088989843027,36.35891993722618,36.57111740112305,70546800,0.0,0.0,0.0
2017-10-02,36.57112466234503,36.75067280592595,36.55480153777992,36.57928466796875,68124300,0.0,0.0,0.0
2017-10-03,36.87309031982622,37.16690030059254,36.83228406990141,37.15873718261719,54087400,0.0,0.0,0.0
2017-10-04,37.14241061325093,37.240349339962734,37.10160436711284,37.15057373046875,45574100,0.0,0.0,0.0
2017-10-05,37.305644383317016,37.53416500040668,37.29748437817551,37.42806625366211,38759200,0.0,0.0,0.0
2017-10-06,37.08528832175743,37.26483957500325,36.97919268421909,37.2403564453125,44870200,0.0,0.0,0.0
2017-10-09,37.14240978742771,37.21586227416992,37.07712041772183,37.21586227416992,25022400,0.0,0.0,0.0
2017-10-10,37.50152118752702,37.60761994115874,37.45255181354676,37.583133697509766,45691800,0.0,0.0,0.0
2017-10-11,37.574976074944026,37.770847356652375,37.56681295543741,37.75452423095703,48802900,0.0,0.0,0.0
2017-10-12,37.7708480947654,37.8443006051709,37.70555870402603,37.73820495605469,35546600,0.0,0.0,0.0
2017-10-13,38.08098220825195,38.15443472048186,38.03201282899268,38.08098220825195,61902200,0.0,0.0,0.0
2017-10-16,38.17891826067808,38.21156451386581,38.048336361245205,38.05649948120117,34089400,0.0,0.0,0.0
2017-10-17,37.95855422078108,37.97487734457942,37.78716609087485,37.860618591308594,38828200,0.0,0.0,0.0
2017-10-18,37.99120374781459,38.0728193738514,37.87694498468084,37.95039749145508,36187200,0.0,0.0,0.0
2017-10-19,37.55865049716402,37.64026300699463,37.45255174373008,37.61577987670898,51487000,0.0,0.0,0.0
2017-10-20,37.80349360804306,37.82797673992713,37.68923484149354,37.75452423095703,46370200,0.0,0.0,0.0
2017-10-23,37.68922576160142,37.69738576582428,37.444385161792766,37.452545166015625,47564000,0.0,0.0,0.0
2017-10-24,37.525997657289935,37.656579518075695,37.444385161792766,37.452545166015625,40213400,0.0,0.0,0.0
2017-10-25,37.599458692079935,37.64842806849556,37.07713113025131,37.370941162109375,57309600,0.0,0.0,0.0
2017-10-26,37.395422070554055,37.46887457415192,37.10977517507215,37.11793518066406,55320500,0.0,0.0,0.0
2017-10-27,37.31380564010573,37.697388128968726,37.19954689392027,37.65658187866211,55225600,0.0,0.0,0.0
2017-10-30,37.53416466569833,37.63210029311057,37.37093654446628,37.41990280151367,35732500,0.0,0.0,0.0
2017-10-31,37.64842094326842,37.77083969116211,37.59129157158792,37.77083969116211,63902300,0.0,0.0,0.0
2017-11-01,38.113617935550366,38.236036679914086,37.942229825450845,37.96671295166016,51926300,0.0,0.0,0.0
2017-11-02,38.02384604025164,38.05649228726816,37.83613478988289,38.01568603515625,38024500,0.0,0.0,0.0
2017-11-03,37.98304090120659,37.99936402519319,37.615778394802106,37.8198127746582,42909900,0.0,0.0,0.0
2017-11-06,37.999357255911576,38.25235784933986,37.98303413483281,38.24419784545898,30828500,0.0,0.0,0.0
2017-11-07,38.20340115479568,38.25236741696232,37.94223737884764,37.99936676025391,46904400,0.0,0.0,0.0
2017-11-08,38.11362754036855,38.20340317684947,38.0483350362668,38.17891693115234,35006300,0.0,0.0,0.0
2017-11-09,37.91775160929616,38.02385036751555,37.65658783007752,37.94223785400391,39894900,0.0,0.0,0.0
2017-11-10,37.89326954015147,37.91775267222772,37.69739514358772,37.77901077270508,32484400,0.0,0.0,0.0
2017-11-13,37.64842525057703,37.77900713126036,37.55864962386018,37.697391510009766,52239700,0.0,0.0,0.0
2017-11-14,37.63210442834151,37.67291068480418,37.39542378221309,37.44439315795898,56682300,0.0,0.0,0.0
2017-11-15,37.256683016991616,37.35461865813445,37.09345487287496,37.24851989746094,49000900,0.0,0.0,0.0
2017-11-16,37.795335755879286,38.13811207506328,37.78717263590744,38.02385330200195,46316400,0.0,0.0,0.0
2017-11-17,38.13810298530725,38.3747835949918,38.1136198578631,38.21155548095703,46258900,0.0,0.0,0.0
2017-11-20,38.17074813854301,38.44007187267411,38.15442501627488,38.40742874145508,45493800,0.0,0.0,0.0
2017-11-21,38.87263407917757,39.0766684756055,38.8563109538652,38.92160034179688,63587700,0.0,0.0,0.0
2017-11-22,39.04401437638807,39.117466868869485,38.88894938706829,39.01953125,60764000,0.0,0.0,0.0
2017-11-24,38.89712098551141,38.96241349309764,38.856314724929085,38.93792724609375,25838000,0.0,0.0,0.0
2017-11-27,38.61146666813684,38.62778979191349,38.35030291434556,38.36662292480469,47853200,0.0,0.0,0.0
2017-11-28,38.67675821582648,38.78285696965745,38.50537007655024,38.65227508544922,54357600,0.0,0.0,0.0
2017-11-29,38.49719990181479,38.49719990181479,37.95038933482353,38.040164947509766,66269800,0.0,0.0,0.0
2017-11-30,37.92590880156271,37.93406880631149,37.5994525718992,37.62393569946289,118059300,0.0,0.0,0.0
2017-12-01,37.5260095687478,37.59946208333732,37.23219951038975,37.41175079345703,88358900,0.0,0.0,0.0
2017-12-04,37.8279752608554,37.89326776108384,37.45255272449516,37.485198974609375,67381600,0.0,0.0,0.0
2017-12-05,37.50968250994008,37.71371690537707,37.4280699970924,37.460716247558594,32126400,0.0,0.0,0.0
2017-12-06,36.82413001417712,37.03632754731466,36.77516374754389,36.9547119140625,81862800,0.0,0.0,0.0
2017-12-07,37.05264626871804,37.15874190935486,36.76699625627396,37.06080627441406,70820800,0.0,0.0,0.0
2017-12-08,37.47703548716383,37.5423279867507,37.33013358972887,37.49335861206055,42794900,0.0,0.0,0.0
2017-12-11,37.69738772832552,37.75451710081109,37.62393523322732,37.68106460571289,46795900,0.0,0.0,0.0
2017-12-12,37.33013062537653,37.50967875834717,37.26483813097449,37.42806625366211,47157800,0.0,0.0,0.0
2017-12-13,37.66474729835648,37.99936355262642,37.65658417980592,37.8769416809082,75946200,0.0,0.0,0.0
2017-12-14,37.754521801259074,37.852460549128274,37.599456787109375,37.599456787109375,50968200,0.0,0.0,0.0
2017-12-15,37.67290460106523,37.75451710081109,37.48519336099589,37.68106460571289,67881200,0.0,0.0,0.0
2017-12-18,38.0075216813594,38.2360391764124,37.97487543540401,38.1054573059082,61186100,0.0,0.0,0.0
2017-12-19,38.16925439366987,38.16925439366987,37.84613770134353,37.90413284301758,51306800,0.0,0.0,0.0
2017-12-20,38.078119932302826,38.12783141040966,37.945559151182906,37.9538459777832,42832800,0.0,0.0,0.0
2017-12-21,38.11126407036714,38.334960999605215,38.08640990950688,38.20240020751953,40602200,0.0,0.0,0.0
2017-12-22,38.35152726746615,38.533796361186894,38.30181579072509,38.5255126953125,40032700,0.0,0.0,0.0
2017-12-26,38.4592334333393,38.500661247121926,38.32667264653088,38.492374420166016,29614100,0.0,0.0,0.0
2017-12-27,38.54207396606101,38.64149373525792,38.48407883732136,38.5917854309082,35373200,0.0,0.0,0.0
2017-12-28,38.9480474828902,38.98118846593517,38.76577839713904,38.85691452026367,34284300,0.0,0.0,0.0
2017-12-29,39.17174151761826,39.20488249824348,38.98947244517527,39.039180755615234,46485100,0.0,0.0,0.0
2018-01-02,39.58599819105815,39.82626558349779,39.54457354144744,39.776554107666016,68969400,0.0,0.0,0.0
2018-01-03,40.00853019945025,40.215656568475566,40.000243374810594,40.15766143798828,56228700,0.0,0.0,0.0
2018-01-04,40.25709417284507,40.41450912621233,40.24052367872768,40.35651397705078,52154900,0.0,0.0,0.0
2018-01-05,40.44764514570593,40.71276669801836,40.40622049575053,40.70448303222656,50026900,0.0,0.0,0.0
2018-01-08,40.64648789018936,40.77904866634557,40.61334690602575,40.70448303222656,36998200,0.0,0.0,0.0
2018-01-09,40.69619781156168,40.70448463817863,40.45593356814168,40.63820266723633,42131600,0.0,0.0,0.0
2018-01-10,40.3316590630097,40.46421985297487,40.207381939699246,40.3813705444336,72183900,0.0,0.0,0.0
2018-01-11,40.32337156983641,40.63820462599055,40.31508790331852,40.629920959472656,38720900,0.0,0.0,0.0
2018-01-12,40.71277138936188,41.04417494818925,40.605064758668206,41.019317626953125,69358300,0.0,0.0,0.0
2018-01-16,41.1767218440904,41.30099576633916,40.7873232679498,40.86188888549805,80418000,0.0,0.0,0.0
2018-01-17,41.17673186488886,41.49984856606603,41.1187367216262,41.400428771972656,65863500,0.0,0.0,0.0
2018-01-18,41.39214294737463,41.50813323670741,41.33414780270824,41.450138092041016,33947000,0.0,0.0,0.0
2018-01-19,41.65725705163207,41.789817810058594,41.532983118387214,41.789817810058594,60503700,0.0,0.0,0.0
2018-01-22,41.76497636390062,42.03838478912898,41.67384022215784,42.03009796142578,49191200,0.0,0.0,0.0
2018-01-23,42.03009628592995,42.24550955064358,41.96381746944019,42.22893905639648,61277300,0.0,0.0,0.0
2018-01-24,42.50233355437025,42.68460578446295,42.286923504668,42.58518600463867,63963100,0.0,0.0,0.0
2018-01-25,42.62661139863542,42.94144439419258,42.42776867499462,42.56032943725586,61533700,0.0,0.0,0.0
2018-01-26,42.85859596161945,43.14857482910156,42.75917617072469,43.14857482910156,80566200,0.0,0.0,0.0
2018-01-29,42.62661748284214,42.67632580047394,42.43606155742418,42.49405670166016,58884200,0.0,0.0,0.0
2018-01-30,42.038381583752056,42.088089904186106,41.74011901915374,41.91410446166992,87601400,0.0,0.0,0.0
2018-01-31,42.48576331853673,42.53547478899524,41.95552027563734,42.27863693237305,96654200,0.0,0.0,0.0
2018-02-01,41.89752994741508,42.12951051517512,41.67383304543295,41.706974029541016,72143800,0.0,0.0,0.0
2018-02-02,41.27615241531343,41.30100657416763,40.60506168176519,40.63820266723633,116832800,0.0,0.0,0.0
2018-02-05,40.58020135559326,40.9944541295301,39.21316909790039,39.21316909790039,151202100,0.0,0.0,0.0
2018-02-06,39.20489143965164,40.828761934667135,39.08890114150748,40.48907470703125,183650300,0.0,0.0,0.0
2018-02-07,39.76826629793679,40.19908956209085,39.18831178232564,39.21316909790039,156301200,0.0,0.0,0.0
2018-02-08,39.46172259420775,39.49486041621351,37.8047113949943,37.85441970825195,163250200,0.0,0.0,0.0
2018-02-09,38.36809555425222,38.757491037930265,37.31589306078558,38.459228515625,153419800,0.0,0.0,0.0
2018-02-12,39.00604218826384,39.34572933192043,38.65806821936074,39.06403732299805,104447700,0.0,0.0,0.0
2018-02-13,39.122032851998576,39.47829048924067,39.08060504634423,39.36229705810547,55739700,0.0,0.0,0.0
2018-02-14,39.27945533691185,40.447648254223154,39.26288484355656,40.34822845458984,96491500,0.0,0.0,0.0
2018-02-15,41.06074462917302,41.30929571312292,40.588496621518665,41.176734924316406,95168100,0.0,0.0,0.0
2018-02-16,40.87846481937221,41.41699470234761,40.87018115431782,41.044166564941406,70876400,0.0,0.0,0.0
2018-02-20,40.31507981358176,40.6216259812071,40.25708467809852,40.48078155517578,78660300,0.0,0.0,0.0
2018-02-21,40.84531788574762,41.30928207362801,40.414494674251,40.447635650634766,66591900,0.0,0.0,0.0
2018-02-22,40.57192280123888,40.88675267352891,40.43936202330144,40.47249984741211,62436300,0.0,0.0,0.0
2018-02-23,40.9696052485584,41.20987264689138,40.795619819626886,41.193302154541016,43623300,0.0,0.0,0.0
2018-02-26,41.30100113150368,41.57440948486328,41.06902058477281,41.57440948486328,51742600,0.0,0.0,0.0
2018-02-27,41.0358871068297,41.08559858757486,40.36479949951172,40.36479949951172,94671000,0.0,0.0,0.0
2018-02-28,40.455941946753,40.50565027475622,39.78485107421875,39.78485107421875,102169900,0.0,0.0,0.0
2018-03-01,40.07481506964774,40.389648083236,39.35401608110176,39.71027374267578,112694400,0.0,0.0,0.0
2018-03-02,39.22974002673136,39.9588258606892,39.03090044687804,39.8759765625,72756200,0.0,0.0,0.0
2018-03-05,39.44515296416895,40.00853703704183,39.39544148932789,39.9339714050293,55905400,0.0,0.0,0.0
2018-03-06,40.605060219288056,40.6216307114268,40.19909422363238,40.30680084228516,57199200,0.0,0.0,0.0
2018-03-07,40.04996589519148,40.37308261437356,39.86769362878172,40.34822845458984,46554800,0.0,0.0,0.0
2018-03-08,40.42279595352032,40.46422060856448,40.16595803544875,40.35651397705078,46733900,0.0,0.0,0.0
2018-03-09,40.68791181208969,41.23472539901186,40.65477082851909,41.21815490722656,58818700,0.0,0.0,0.0
2018-03-12,41.267865233889175,41.40042600398356,41.10216348114668,41.31757354736328,52944500,0.0,0.0,0.0
2018-03-13,41.50813202265576,41.57441399204917,40.795619814666,40.94474792480469,60376000,0.0,0.0,0.0
2018-03-14,41.25129567869913,41.3092908194004,40.78733139259081,41.01102828979492,51067200,0.0,0.0,0.0
2018-03-15,41.14358086729173,41.201575996440646,40.71275765040154,40.86188888549805,65778900,0.0,0.0,0.0
2018-03-16,40.71276063442262,40.88674603462155,40.69619014480876,40.770755767822266,66155800,0.0,0.0,0.0
2018-03-19,40.50563901561812,40.59677513895669,40.091386208077736,40.3316535949707,65394200,0.0,0.0,0.0
2018-03-20,40.67134230072602,40.878468712287976,40.58020617395904,40.77904891967773,60101700,0.0,0.0,0.0
2018-03-21,40.72934188335311,41.17673573962048,40.605064758668206,41.019317626953125,78575100,0.0,0.0,0.0
2018-03-22,40.07481536956031,40.27365810607733,39.58599693447479,39.65227890014648,87622700,0.0,0.0,0.0
2018-03-23,39.71856318880484,39.78484516362733,38.83206231879438,38.8486328125,82908800,0.0,0.0,0.0
2018-03-26,39.85112184934382,40.15767122577604,39.39544435852356,40.10795974731445,73320800,0.0,0.0,0.0
2018-03-27,40.14109874727156,40.19909388902534,39.28773579196917,39.37887191772461,84232100,0.0,0.0,0.0
2018-03-28,39.254584987759365,39.39542938244466,38.91489791531568,39.18001937866211,78140800,0.0,0.0,0.0
2018-03-29,39.46172123048716,40.14109554584697,39.41200975844939,40.000247955322266,82685500,0.0,0.0,0.0
2018-04-02,39.72684323508295,39.90911231373695,38.90662131939703,39.27944946289063,72405700,0.0,0.0,0.0
2018-04-03,39.63572039630103,39.71856971794983,39.32088728513733,39.66886138916016,52874500,0.0,0.0,0.0
2018-04-04,38.60007747557653,39.71027514756138,38.55865282612523,39.68542098999024,68352400,0.0,0.0,0.0
2018-04-05,39.84284623055516,39.98369070722958,39.62743610137694,39.78485107421875,48247700,0.0,0.0,0.0
2018-04-06,39.38715812368849,39.6605633361509,38.77406257130605,39.006046295166016,76156700,0.0,0.0,0.0
2018-04-09,39.287734316516776,39.486577052560925,39.039183266835146,39.04747009277344,55352700,0.0,0.0,0.0
2018-04-10,39.619132682732925,39.86768370016648,39.44514728657921,39.809688568115234,87142000,0.0,0.0,0.0
2018-04-11,39.561145681281765,39.917403371670346,39.55286201521384,39.82626724243164,51569200,0.0,0.0,0.0
2018-04-12,39.74340977169853,39.92567883221771,39.67712781478416,39.809688568115234,52968500,0.0,0.0,0.0
2018-04-13,39.7765553603204,39.81798317173396,39.304307386790015,39.41201400756836,56518000,0.0,0.0,0.0
2018-04-16,39.35402432131748,39.49486878605965,39.22974719084014,39.46173095703125,43005800,0.0,0.0,0.0
2018-04-17,39.28774821516033,39.66057650182554,39.27118087841893,39.54458618164063,58168100,0.0,0.0,0.0
2018-04-18,39.69370616185581,40.0251096910376,39.63571101832374,39.88426208496094,80289500,0.0,0.0,0.0
2018-04-19,39.98367924701076,40.00853656438668,39.51971812930116,39.65227890014648,67581100,0.0,0.0,0.0
2018-04-20,39.42858646865706,39.45344062834751,38.981192631238336,39.15517807006836,80997700,0.0,0.0,0.0
2018-04-23,39.08061537433884,39.18832200860811,38.75749863202971,38.84035110473633,74337500,0.0,0.0,0.0
2018-04-24,39.15517555009984,39.23802801123314,38.467517505433726,38.65807342529297,72196800,0.0,0.0,0.0
2018-04-25,38.36809288611104,38.45094217632419,38.11953869447589,38.359806060791016,69106800,0.0,0.0,0.0
2018-04-26,38.58350963808432,38.93976733677125,38.55865547880331,38.91491317749024,45047800,0.0,0.0,0.0
2018-04-27,39.13861073727368,39.22146004324081,38.91491381856432,39.15517807006836,33545000,0.0,0.0,0.0
2018-04-30,39.29602909429385,39.345740578488886,38.865205712766326,38.87348937988281,49179000,0.0,0.0,0.0
2018-05-01,38.64150152916599,38.74092131841567,38.19410773679532,38.68292617797852,75839300,0.0,0.0,0.0
2018-05-02,38.72434723344714,38.80719651662258,38.343232313546416,38.376373291015625,66837900,0.0,0.0,0.0
2018-05-03,38.35152846962868,38.401236787429646,37.7798575309308,38.29353332519531,83449200,0.0,0.0,0.0
2018-05-04,37.92070048588724,38.60007480345235,37.88755950442115,38.46751403808594,60099100,0.0,0.0,0.0
2018-05-07,38.15268025880413,38.40123129374627,38.12782610345928,38.24381637573242,58886100,0.0,0.0,0.0
2018-05-08,38.334954571663175,38.47579900691952,38.09468718863971,38.459228515625,58783600,0.0,0.0,0.0
2018-05-09,38.575214574240746,38.61663921430241,38.3349472371867,38.53378677368164,46129500,0.0,0.0,0.0
2018-05-10,38.99776849150041,39.47830338163775,38.93148966970494,39.33745574951172,115804000,0.0,0.0,0.0
2018-05-11,39.503148317975565,39.54457296698451,39.171744804907725,39.27116775512695,68838600,0.0,0.0,0.0
2018-05-14,39.48657883596632,39.58599862822964,39.26288193300019,39.32087707519531,34353300,0.0,0.0,0.0
2018-05-15,38.59179411043664,38.69121390199366,38.3432398907968,38.50894165039063,78379300,0.0,0.0,0.0
2018-05-16,38.87348066764567,39.16345951971258,38.87348066764567,39.08889389038086,60004200,0.0,0.0,0.0
2018-05-17,38.66635986025861,38.77406648719622,38.3681004603135,38.492374420166016,73014000,0.0,0.0,0.0
2018-05-18,38.15268762408103,38.268677918745794,38.06155148955915,38.16925811767578,59258700,0.0,0.0,0.0
2018-05-21,38.48408613020857,38.5586517613611,38.24381874532839,38.4012336730957,59330200,0.0,0.0,0.0
2018-05-22,38.566927749929945,38.732629470674034,38.48407846980663,38.53378677368164,32584700,0.0,0.0,0.0
2018-05-23,38.07812082192524,38.55036881322927,38.069837155629735,38.51723098754883,70687800,0.0,0.0,0.0
2018-05-24,38.31011199951172,38.38467765263584,37.887572244975374,38.31011199951172,79762900,0.0,0.0,0.0
2018-05-25,38.30181229125344,38.52550917540263,38.268671309787344,38.46751403808594,39374500,0.0,0.0,0.0
2018-05-29,37.89584703795266,38.0118373147528,37.38217129712635,37.57272720336914,112089900,0.0,0.0,0.0
2018-05-30,37.58101505327128,37.91241540166018,37.41531329882778,37.87099075317383,72813800,0.0,0.0,0.0
2018-05-31,37.8212818862462,38.04497561690174,37.66386379960217,37.85441970825195,92066200,0.0,0.0,0.0
2018-06-01,38.16096954882664,38.40123377383905,38.111258074428505,38.38466644287109,66762200,0.0,0.0,0.0
2018-06-04,38.70779191932198,38.865206883265714,38.691221424091246,38.774070739746094,36302900,0.0,0.0,0.0
2018-06-05,38.65806797414254,38.7243499337028,38.459225255959545,38.47579574584961,40092200,0.0,0.0,0.0
2018-06-06,38.80720455373465,39.06404244156669,38.724355253400816,39.055755615234375,46801500,0.0,0.0,0.0
2018-06-07,38.91490912497918,38.95633377296645,38.21896429309959,38.459228515625,89752500,0.0,0.0,0.0
2018-06-08,38.252102511142745,38.55036503653536,38.102974408944526,38.38466644287109,73944700,0.0,0.0,0.0
2018-06-11,38.42609109128716,38.52551087958533,38.326668142490895,38.38466644287109,38323500,0.0,0.0,0.0
2018-06-12,38.368096446436304,38.417804760977695,38.13611272341669,38.28524398803711,57189800,0.0,0.0,0.0
2018-06-13,38.35152087959245,38.40951601254817,37.79642054351928,38.02840423583984,100698800,0.0,0.0,0.0
2018-06-14,38.02840999825781,38.10297563199942,37.73014746329137,37.77157211303711,76094800,0.0,0.0,0.0
2018-06-15,37.42359327894814,37.52301621812218,37.216466896415554,37.47330474853516,86066000,0.0,0.0,0.0
2018-06-18,36.943065898186624,37.06734300597783,36.735939492200046,37.01763153076172,83532600,0.0,0.0,0.0
2018-06-19,36.33382562517832,36.68407301886171,36.20039880404806,36.6090202331543,122657600,0.0,0.0,0.0
2018-06-20,36.94258195793624,36.992618203727815,36.7257645884648,36.767459869384766,69822800,0.0,0.0,0.0
2018-06-21,36.54229736033538,36.55897610702714,36.20039100601847,36.25042724609375,86214100,0.0,0.0,0.0
2018-06-22,36.77580367038867,36.79248242171485,36.50061222637309,36.62569808959961,48711000,0.0,0.0,0.0
2018-06-25,36.28378462158344,36.32548308240605,35.77509711969441,36.13368225097656,110854500,0.0,0.0,0.0
2018-06-26,36.15034850682248,36.21706348203839,35.90017371205302,35.991905212402344,69228700,0.0,0.0,0.0
2018-06-27,35.9418770094158,35.95021797375348,35.19135245746091,35.29976272583008,95340400,0.0,0.0,0.0
2018-06-28,35.26640257451347,35.61664670281628,35.14965453174587,35.59996795654297,105345300,0.0,0.0,0.0
2018-06-29,36.05862947510016,36.23375155842979,36.02527197890044,36.13368225097656,108877000,0.0,0.0,0.0
2018-07-02,35.541590022937534,35.833463278874326,35.46653726354182,35.775089263916016,78848700,0.0,0.0,0.0
2018-07-03,36.00858942075149,36.04194691342167,35.75007362427598,35.80010986328125,28637200,0.0,0.0,0.0
2018-07-05,35.90018248171303,35.93353997746952,35.56661706758577,35.70838165283203,67394400,0.0,0.0,0.0
2018-07-06,35.816784469434765,36.342153784251344,35.79176476225145,36.20038604736328,69933900,0.0,0.0,0.0
2018-07-09,36.70074360059491,36.8591901161933,36.51728373468834,36.85084915161133,80552700,0.0,0.0,0.0
2018-07-10,36.73410237219039,36.78413861798196,36.47558972179898,36.767459869384766,63808300,0.0,0.0,0.0
2018-07-11,36.16703721169002,36.34216247929194,35.90852456439202,36.050289154052734,58679200,0.0,0.0,0.0
2018-07-12,36.492257313728025,36.6256840921986,36.35883053525745,36.542293548583984,53833300,0.0,0.0,0.0
2018-07-13,36.50060614959479,36.650711705393626,36.37551712604708,36.56731796264648,40515300,0.0,0.0,0.0
2018-07-16,36.39220022054133,36.44223647216493,36.233756862119535,36.367183685302734,31717300,0.0,0.0,0.0
2018-07-17,36.22540426948685,36.70073737333727,36.18370899708943,36.63402557373047,46911500,0.0,0.0,0.0
2018-07-18,36.43389203752888,36.625692878772135,36.32548494105188,36.59233856201172,41182100,0.0,0.0,0.0
2018-07-19,36.02526551519869,36.300456856606345,35.9085174805927,36.14201354980469,72549300,0.0,0.0,0.0
2018-07-20,36.50059904971734,36.72575733961916,36.47558252233227,36.65904235839844,75114300,0.0,0.0,0.0
2018-07-23,36.49226621996995,36.50894496899252,36.30046537792949,36.417213439941406,57679100,0.0,0.0,0.0
2018-07-24,37.01763573472024,37.16774129499852,36.842513641444285,36.95092391967773,66639400,0.0,0.0,0.0
2018-07-25,37.19275686810408,37.57636172399611,37.09268755754992,37.55134201049805,77820500,0.0,0.0,0.0
2018-07-26,37.23444900056733,37.34285607642823,37.10935999777954,37.134376525878906,68705800,0.0,0.0,0.0
2018-07-27,37.409570940255776,37.48462370546001,37.06766460569103,37.26780319213867,63743400,0.0,0.0,0.0
2018-07-30,37.35119844849568,37.40957247035927,37.10102361463089,37.20943069458008,41541400,0.0,0.0,0.0
2018-07-31,37.20942323626138,37.46793898208684,37.1176917399638,37.40956497192383,88217500,0.0,0.0,0.0
2018-08-01,37.08434880768164,37.26780867539373,36.97593853507045,37.07600784301758,61755000,0.0,0.0,0.0
2018-08-02,36.317130850484745,36.64235838466615,36.24207809789327,36.583984375,68678600,0.0,0.0,0.0
2018-08-03,36.7090874757389,36.90922610553194,36.66739219296086,36.86753082275391,41043800,0.0,0.0,0.0
2018-08-06,36.60066311792532,36.70907335636744,36.50059384151833,36.583984375,33153800,0.0,0.0,0.0
2018-08-07,37.00929145686762,37.15105602717429,36.94257647238528,36.95925521850586,38719500,0.0,0.0,0.0
2018-08-08,36.88421274297623,36.95926553088734,36.767464668702594,36.90922927856445,30610200,0.0,0.0,0.0
2018-08-09,36.95925891454748,37.04264947234418,36.775795870019685,36.80081558227539,35013900,0.0,0.0,0.0
2018-08-10,35.975226727832464,36.133673204539456,35.900173970746295,36.01692199707031,86629900,0.0,0.0,0.0
2018-08-13,35.68337013528122,35.766760705243364,35.3331227429183,35.42485427856445,75183500,0.0,0.0,0.0
2018-08-14,35.558272680988,35.741735708846555,35.49156087704117,35.64166641235352,56724600,0.0,0.0,0.0
2018-08-15,34.64096361846763,34.78272818890218,34.29905727555103,34.615943908691406,138633600,0.0,0.0,0.0
2018-08-16,34.957853321857115,35.11629983348877,34.816088738971786,34.832767486572266,78123900,0.0,0.0,0.0
2018-08-17,34.70768359431477,35.28308933747269,34.624293025146585,35.1996955871582,76030400,0.0,0.0,0.0
2018-08-20,35.28309006652251,35.39149717245189,35.16633881366981,35.3581428527832,50762900,0.0,0.0,0.0
2018-08-21,35.71672426037,35.95022037911486,35.69170454682874,35.80845260620117,70462300,0.0,0.0,0.0
2018-08-22,35.84180893592524,36.15035782295066,35.84180893592524,36.091983795166016,45602900,0.0,0.0,0.0
2018-08-23,35.966894136180485,36.075301215612136,35.46654128969402,35.50823974609375,68878400,0.0,0.0,0.0
2018-08-24,36.04194451699482,36.19205004288453,35.92519648155734,36.167030334472656,69304200,0.0,0.0,0.0
2018-08-27,36.50059993609689,36.82582752458221,36.492258972669056,36.68406295776367,96574800,0.0,0.0,0.0
2018-08-28,36.78413620897807,36.8425102346723,36.47558733300205,36.55064010620117,50093400,0.0,0.0,0.0
2018-08-29,36.46724610913015,36.79247373029634,36.392193336465205,36.77579498291016,58165600,0.0,0.0,0.0
2018-08-30,36.20873097129474,36.20873097129474,35.69170251726865,35.81679153442383,120206400,0.0,0.0,0.0
2018-08-31,35.766755662131416,36.11700300510947,35.72506038302938,36.00025177001953,88660500,0.0,0.0,0.0
2018-09-04,35.43318952492067,35.43318952492067,35.216368988182325,35.29976272583008,76724700,0.0,0.0,0.0
2018-09-05,34.891138326079684,34.9495123467773,34.68265877183235,34.79106903076172,77835800,0.0,0.0,0.0
2018-09-06,34.85778605550095,34.94951758209413,34.59093244058226,34.82442855834961,73104400,0.0,0.0,0.0
2018-09-07,34.7160184247407,34.97453105216429,34.51587664050223,34.6493034362793,61590700,0.0,0.0,0.0
2018-09-10,34.640960652219974,34.640960652219974,34.26569684916532,34.30739212036133,61116600,0.0,0.0,0.0
2018-09-11,33.97382816100376,34.39078725233046,33.88209665192862,34.3824462890625,74608700,0.0,0.0,0.0
2018-09-12,34.2240060171528,34.766050975299954,34.09891700619424,34.55757141113281,116612700,0.0,0.0,0.0
2018-09-13,35.074602890817914,35.258062743426606,34.86612332742273,35.024566650390625,96306500,0.0,0.0,0.0
2018-09-14,35.21636158067527,35.25805685015594,34.82441904903764,34.99120330810547,65202700,0.0,0.0,0.0
2018-09-17,34.73269806147053,34.86612486066508,34.62428779301689,34.67432403564453,74603900,0.0,0.0,0.0
2018-09-18,34.84110070623485,35.066258997630854,34.832762924099626,35.00788497924805,52000700,0.0,0.0,0.0
2018-09-19,35.299757279671695,35.533253346769264,35.29141631662088,35.49155807495117,55892400,0.0,0.0,0.0
2018-09-20,35.800112403757595,35.90852267205598,35.59997061467948,35.88350296020508,93427400,0.0,0.0,0.0
2018-09-21,35.933541096415446,36.10866318287138,35.88350485122261,36.050289154052734,102750700,0.0,0.0,0.0
2018-09-24,35.63332544864417,35.68336168746348,35.51657740587803,35.64166641235352,54411700,0.0,0.0,0.0
2018-09-25,35.700041454232256,35.86682255943961,35.65834299678475,35.78343200683594,49467000,0.0,0.0,0.0
2018-09-26,35.84181124105952,36.28378696018169,35.80845374270981,35.858489990234375,84080400,0.0,0.0,0.0
2018-09-27,35.9668956758768,36.15035553107782,35.93353818178726,36.03360748291016,45547200,0.0,0.0,0.0
2018-09-28,35.76675059267504,35.98357110310765,35.67501908296474,35.79176712036133,64732800,0.0,0.0,0.0
2018-10-01,35.96689414548656,35.9919106744164,35.71671931275139,35.80010986328125,31030500,0.0,0.0,0.0
2018-10-02,35.33311754739683,35.52491837502367,35.241386025239244,35.349796295166016,57719700,0.0,0.0,0.0
2018-10-03,35.59997116556662,35.624990877804684,34.95785369131799,35.05792617797852,76571200,0.0,0.0,0.0
2018-10-04,34.699340459359696,34.707678242532346,34.03220646544464,34.18231201171875,132360900,0.0,0.0,0.0
2018-10-05,34.19899269153135,34.25736990705173,33.740338200957886,34.057228088378906,80578500,0.0,0.0,0.0
2018-10-08,33.823729292547554,34.18231443617518,33.757014297851235,34.107261657714844,59744400,0.0,0.0,0.0
2018-10-09,33.83206455922754,34.15729218131028,33.715316508341,33.98217010498047,60976800,0.0,0.0,0.0
2018-10-10,33.807047545323506,33.815385328348,32.96478830829069,32.97312927246094,99036700,0.0,0.0,0.0
2018-10-11,32.78967390759062,33.13992131835024,32.331019386415406,32.63956832885742,168923800,0.0,0.0,0.0
2018-10-12,33.57354443943567,33.656938165905174,33.139909786375846,33.59856414794922,116892100,0.0,0.0,0.0
2018-10-15,33.306698234444525,33.473482543080635,33.17327142376485,33.239986419677734,52651000,0.0,0.0,0.0
2018-10-16,33.65694298155691,34.10725962548756,33.59856895524877,34.07390213012695,65949500,0.0,0.0,0.0
2018-10-17,33.815387612235,33.840407325289824,33.49015997283609,33.656944274902344,69718700,0.0,0.0,0.0
2018-10-18,33.29835676639841,33.32337329652487,32.656239316938205,32.772987365722656,107005100,0.0,0.0,0.0
2018-10-19,33.281673280610825,33.49015281836989,33.00648194496442,33.0815315246582,81176200,0.0,0.0,0.0
2018-10-22,33.640258640061774,33.70697043854408,33.290011359307385,33.44011688232422,67724900,0.0,0.0,0.0
2018-10-23,32.64791081642535,33.26500873006715,32.46444772694699,33.07320785522461,89864600,0.0,0.0,0.0
2018-10-24,32.9064209740568,32.948116259948065,31.98911195986344,32.00579071044922,87632500,0.0,0.0,0.0
2018-10-25,32.37270799049109,32.84804116463518,32.280976468964006,32.62288284301758,80961600,0.0,0.0,0.0
2018-10-26,31.94741548764642,32.49780151195385,31.80564770350481,32.24762344360352,139198800,0.0,0.0,0.0
2018-10-29,32.5311522832053,32.58118852764815,31.338652011537068,31.68889617919922,102322800,0.0,0.0,0.0
2018-10-30,31.88069583199346,32.314333724354555,31.813984023016427,32.30599594116211,99881500,0.0,0.0,0.0
2018-10-31,32.6562385559082,32.84803937174798,32.522811763100286,32.6562385559082,92768300,0.0,0.0,0.0
2018-11-01,33.173271972425674,33.84874700205804,32.989812092923145,33.82373046875,120482200,0.0,0.0,0.0
2018-11-02,34.39913541315639,34.524224450753685,33.69864380113353,34.040550231933594,111324700,0.0,0.0,0.0
2018-11-05,34.03220532723157,34.20732739831245,33.94881159256518,34.13227462768555,58319600,0.0,0.0,0.0
2018-11-06,33.9654918607779,34.13227615643509,33.89043908678946,34.07390213012695,40847800,0.0,0.0,0.0
2018-11-07,34.53255184376505,34.774388880400856,34.31573451580753,34.71601486206055,81011500,0.0,0.0,0.0
2018-11-08,34.26570438857792,34.38245244607269,33.706977451950934,33.81538772583008,90610900,0.0,0.0,0.0
2018-11-09,33.298363136873185,33.34005842210945,32.9314401731891,33.1899528503418,82943700,0.0,0.0,0.0
2018-11-12,33.081535720155046,33.13991292478482,32.63956006201968,32.72295379638672,68569700,0.0,0.0,0.0
2018-11-13,33.039839174558715,33.4234439756223,32.88973363960896,33.09821319580078,106305600,0.0,0.0,0.0
2018-11-14,33.40676153579601,33.515168602604994,32.99814025113489,33.2983512878418,96621100,0.0,0.0,0.0
2018-11-15,33.47348544214621,34.23235109007545,33.40677362160166,34.040550231933594,146475800,0.0,0.0,0.0
2018-11-16,33.76535526276129,34.28238374707363,33.665282770716814,34.107261657714844,135075800,0.0,0.0,0.0
2018-11-19,33.87375601047814,33.923792247125064,33.55686938848397,33.64859771728516,77777300,0.0,0.0,0.0
2018-11-20,33.123233666673855,33.2816769878072,32.80634384326152,32.923091888427734,98272800,0.0,0.0,0.0
2018-11-21,33.53184509277344,33.75700335516707,33.46513330084848,33.53184509277344,68104600,0.0,0.0,0.0
2018-11-23,33.1399040222168,33.31502604562497,33.11488431805503,33.1399040222168,32048200,0.0,0.0,0.0
2018-11-26,33.606912243878575,33.70698156520754,33.4234523516332,33.54853820800781,76320100,0.0,0.0,0.0
2018-11-27,33.431784046813064,33.78202819824219,33.38174780468928,33.78202819824219,81069100,0.0,0.0,0.0
2018-11-28,34.0155359554833,34.61595510483723,33.74868229329342,34.590938568115234,121010900,0.0,0.0,0.0
2018-11-29,34.34909210252273,34.524217355396786,34.12393378980956,34.29071807861328,104239600,0.0,0.0,0.0
2018-11-30,34.15729369139659,34.33241577546851,34.02386688717808,34.25736618041992,92961200,0.0,0.0,0.0
2018-12-03,35.13297167337985,35.14965041770102,34.77438662333771,34.94950866699219,125024100,0.0,0.0,0.0
2018-12-04,34.982880866547,35.04125490564579,34.12394266910687,34.20733642578125,134758200,0.0,0.0,0.0
2018-12-06,33.298353121878705,33.923791755751495,33.089873577254444,33.89043426513672,165155100,0.0,0.0,0.0
2018-12-07,33.840396105143824,34.065551179962824,33.173259118075215,33.25665283203125,134304600,0.0,0.0,0.0
2018-12-10,33.031503044413306,33.089877068575525,32.497795862846885,32.90641403198242,104465300,0.0,0.0,0.0
2018-12-11,33.37340620327658,33.38174398543705,32.92308961912124,33.156585693359375,104014700,0.0,0.0,0.0
2018-12-12,33.77369551465798,34.00719165086659,33.67362619644662,33.69864273071289,89712200,0.0,0.0,0.0
2018-12-13,33.82373444576235,33.923803771906854,33.64860914857631,33.6903076171875,72445400,0.0,0.0,0.0
2018-12-14,33.265002700419075,33.50683978705098,33.18994992115904,33.214969635009766,94915600,0.0,0.0,0.0
2018-12-17,33.264999141062184,33.390088153493075,32.798006947764435,32.90641403198242,109276200,0.0,0.0,0.0
2018-12-18,33.15527133157089,33.33302735474874,33.03676946874138,33.129878997802734,102509800,0.0,0.0,0.0
2018-12-19,33.29070727975353,33.629283585259955,32.308827275663795,32.57969284057617,204046200,0.0,0.0,0.0
2018-12-20,32.90979455642143,33.12140588391834,32.55428584718165,32.833614349365234,183908800,0.0,0.0,0.0
2018-12-21,32.9267298312028,33.10448260364501,32.43578991234353,32.605079650878906,143673400,0.0,0.0,0.0
2018-12-24,32.53736150823206,32.7743684267937,32.30035781860352,32.30035781860352,50709500,0.0,0.0,0.0
2018-12-26,32.51197490692154,32.97751933454911,32.19879094345334,32.943660736083984,96347200,0.0,0.0,0.0
2018-12-27,32.50350570006597,32.93519144726072,32.36807456085457,32.90133285522461,81792700,0.0,0.0,0.0
2018-12-28,33.172194646841874,33.40073529633219,33.01137118043002,33.21451950073242,72869100,0.0,0.0,0.0
2018-12-31,33.43459532811914,33.46845392111688,32.952121679167256,33.06216049194336,72972200,0.0,0.0,0.0
2019-01-02,32.664331145130255,33.17219714066718,32.65586811107571,33.14680480957031,57198800,0.0,0.0,0.0
2019-01-03,32.78284116211049,32.80823349953292,32.41886925736353,32.54583740234375,62767600,0.0,0.0,0.0
2019-01-04,33.01984138663272,33.73932208293319,32.94366115358758,33.59542465209961,103055100,0.0,0.0,0.0
2019-01-07,33.62081187029788,33.81549392221463,33.426129818381135,33.67159652709961,76597000,0.0,0.0,0.0
2019-01-08,33.68852610533905,33.85781583027702,33.49384405178691,33.79856491088867,70518200,0.0,0.0,0.0
2019-01-09,34.145610764203056,34.58576280091213,34.13714773014067,34.39954376220703,125118800,0.0,0.0,0.0
2019-01-10,34.21332292194012,34.67040423163881,34.21332292194012,34.64501190185547,85207600,0.0,0.0,0.0
2019-01-11,34.36567684743915,34.53496654809763,34.28103361157615,34.47571563720703,63136200,0.0,0.0,0.0
2019-01-14,34.03557062213629,34.34875776211163,33.97631969920758,34.187931060791016,76217000,0.0,0.0,0.0
2019-01-15,34.38261657113358,34.61115725201558,34.323365642267895,34.4249382019043,78913000,0.0,0.0,0.0
2019-01-16,34.67040700944785,34.96666487269988,34.66194397515304,34.84815979003906,82543600,0.0,0.0,0.0
2019-01-17,34.56882926337138,35.16980470501152,34.53497067340867,35.00051498413086,85522800,0.0,0.0,0.0
2019-01-18,35.14441510410606,35.3137048381231,35.05976862263099,35.16980743408203,98168900,0.0,0.0,0.0
2019-01-22,34.75504964074133,34.8312298566753,34.408007152360575,34.56036758422852,101294900,0.0,0.0,0.0
2019-01-23,34.88201969957657,34.94127062867311,34.61962365041572,34.91587829589844,66625200,0.0,0.0,0.0
2019-01-24,34.94126841368263,35.27984789757126,34.94126841368263,35.25445556640625,76076900,0.0,0.0,0.0
2019-01-25,35.635350926560214,35.81310691892956,35.584566267825856,35.71999740600586,105779500,0.0,0.0,0.0
2019-01-28,35.1867412054092,35.37296025940449,35.07670237996348,35.347564697265625,85543100,0.0,0.0,0.0
2019-01-29,35.52532024853458,35.54224954675964,35.322171898767245,35.40681838989258,56518900,0.0,0.0,0.0
2019-01-30,35.618428161372165,36.253262285863926,35.44913841572103,36.17708206176758,127796800,0.0,0.0,0.0
2019-01-31,36.219407825814805,36.515662492825214,36.21094156165239,36.48180389404297,119929200,0.0,0.0,0.0
2019-02-01,36.21093717087351,36.261725062888566,36.08397228423584,36.19400787353516,65766100,0.0,0.0,0.0
2019-02-04,36.083968026987726,36.35483029457794,36.00778781241967,36.25325775146485,45770200,0.0,0.0,0.0
2019-02-05,36.42255320537786,36.786525072398426,36.363302271577645,36.75266647338867,81720100,0.0,0.0,0.0
2019-02-06,36.58337093828211,36.608763266827154,36.17707753689679,36.25325775146485,58194900,0.0,0.0,0.0
2019-02-07,35.96547390155969,36.15168973238006,35.57610648308011,35.8892936706543,101061400,0.0,0.0,0.0
2019-02-08,35.626883424664875,35.74538525209294,35.42373512840775,35.686134338378906,64212200,0.0,0.0,0.0
2019-02-11,35.75386126519604,35.77078733464576,35.55071291353084,35.56764221191406,42213400,0.0,0.0,0.0
2019-02-12,35.86389923095703,36.01625969753962,35.81311456138532,35.86389923095703,66073100,0.0,0.0,0.0
2019-02-13,35.88082476914652,35.94854196005512,35.52531920367654,35.609962463378906,82318100,0.0,0.0,0.0
2019-02-14,35.398348605014206,35.8046420351988,35.33063464778336,35.677677154541016,91302500,0.0,0.0,0.0
2019-02-15,35.6607545039331,35.6607545039331,35.5083940356025,35.626895904541016,72362200,0.0,0.0,0.0
2019-02-19,35.491447879335446,35.98238442161652,35.491447879335446,35.90620422363281,64391100,0.0,0.0,0.0
2019-02-20,36.10090052195409,36.33790421986794,36.007791003792725,36.1093635559082,73694800,0.0,0.0,0.0
2019-02-21,36.08396812297452,36.117823484813655,35.86389051188896,36.033180236816406,48092400,0.0,0.0,0.0
2019-02-22,36.337897883328814,36.532579919657344,36.26171767529307,36.43100738525391,58022200,0.0,0.0,0.0
2019-02-25,36.83730697631836,37.015059748793,36.75266049256863,36.83730697631836,66533800,0.0,0.0,0.0
2019-02-26,36.583369909743496,36.8373028748534,36.55797435297952,36.71033477783203,58330600,0.0,0.0,0.0
2019-02-27,36.47333598433084,36.53258690981433,36.27018764772084,36.39715576171875,69471200,0.0,0.0,0.0
2019-02-28,36.16014838628191,36.17707768169067,35.92314147949219,35.92314147949219,87434700,0.0,0.0,0.0
2019-03-01,36.21094377357733,36.23633933868214,35.89775978804513,35.965476989746094,94263900,0.0,0.0,0.0
2019-03-04,36.16014800534364,36.21093266210198,35.70306672092114,36.01625061035156,94168300,0.0,0.0,0.0
2019-03-05,36.18554608850168,36.43101606498174,36.10936586231592,36.37176513671875,54576700,0.0,0.0,0.0
2019-03-06,36.38869105747551,36.439475717597176,36.10936251107387,36.16861343383789,61237800,0.0,0.0,0.0
2019-03-07,35.95700505870433,35.96547132204973,35.440672778370484,35.49992370605469,83415300,0.0,0.0,0.0
2019-03-08,35.07670480064102,35.27985316710386,35.03438316606693,35.245994567871094,97742100,0.0,0.0,0.0
2019-03-11,35.55916181702529,35.948529067237715,35.55916181702529,35.90620422363281,63002300,0.0,0.0,0.0
2019-03-12,36.09243392944336,36.18554344675438,36.0247199716292,36.09243392944336,42726900,0.0,0.0,0.0
2019-03-13,36.10936185131132,36.18554206903503,36.01625233754533,36.1347541809082,61450000,0.0,0.0,0.0
2019-03-14,35.99086281273906,36.007792110100645,35.79618073648078,35.9400749206543,58460400,0.0,0.0,0.0
2019-03-15,36.27019275236318,36.51566275187534,36.244800417563205,36.46487808227539,139870800,0.0,0.0,0.0
2019-03-18,36.72727261857616,36.88809934274954,36.67648795109706,36.87117004394531,42149100,0.0,0.0,0.0
2019-03-19,36.91349200437526,37.02353083311338,36.80345317563713,36.88809967041016,53192700,0.0,0.0,0.0
2019-03-20,36.76958593616486,37.25205954171282,36.51565296939217,36.94734191894531,90678800,0.0,0.0,0.0
2019-03-21,36.7526570471798,37.00659324569048,36.668013800298176,36.99812698364258,71400600,0.0,0.0,0.0
2019-03-22,36.43947575262852,36.52412223446787,35.88082188822129,35.91468048095703,118616600,0.0,0.0,0.0
2019-03-25,35.83850511938784,36.10936744012072,35.80464652206284,35.99932861328125,53285300,0.0,0.0,0.0
2019-03-26,36.117826589862325,36.21093610802369,35.91468148563136,36.1093635559082,57145800,0.0,0.0,0.0
2019-03-27,35.92314249880935,35.99932271584391,35.601495563714984,35.71999740600586,72804300,0.0,0.0,0.0
2019-03-28,35.83850269343673,35.99932617644381,35.71153457652939,35.95700454711914,41052500,0.0,0.0,0.0
2019-03-29,36.35483281509805,36.3971544419183,36.16015074857837,36.329437255859375,70439100,0.0,0.0,0.0
2019-04-01,36.82038109725309,36.964275289584165,36.73573783457993,36.930419921875,70455500,0.0,0.0,0.0
2019-04-02,36.96427357126086,36.98120286879522,36.69341126857788,36.81191635131836,48692200,0.0,0.0,0.0
2019-04-03,37.16742186032877,37.36210393829931,37.01506141166777,37.06584930419922,73639400,0.0,0.0,0.0
2019-04-04,37.05738089489504,37.36210177456992,37.040451598364974,37.29438781738281,47028400,0.0,0.0,0.0
2019-04-05,37.39595719141498,37.599102274655394,37.36209860123061,37.582176208496094,50360800,0.0,0.0,0.0
2019-04-08,37.39595719141498,37.61603156974758,37.33670627305879,37.582176208496094,30209000,0.0,0.0,0.0
2019-04-09,37.60757689769822,37.63296923151536,37.47214573578419,37.506004333496094,49530300,0.0,0.0,0.0
2019-04-10,37.66682466984918,37.78532652296769,37.59064444585395,37.68375396728516,51143400,0.0,0.0,0.0
2019-04-11,37.41289316158295,37.43828549428519,37.17588621693936,37.277462005615234,55153600,0.0,0.0,0.0
2019-04-12,37.64989332041027,37.68375191343686,37.46367428769721,37.54832077026367,54695700,0.0,0.0,0.0
2019-04-15,37.51446499556842,37.53139429335355,37.209744093302845,37.353641510009766,37957800,0.0,0.0,0.0
2019-04-16,37.51446323788034,37.68375297886642,37.51446323788034,37.63296508789063,43860100,0.0,0.0,0.0
2019-04-17,37.89536428897221,37.95461521388528,37.649894326370536,37.74300384521485,56935400,0.0,0.0,0.0
2019-04-18,37.60757439942782,37.79379344553919,37.49753557864079,37.71761322021485,56639800,0.0,0.0,0.0
2019-04-22,37.36210245089836,37.51446289349384,37.294388492485496,37.47214126586914,35929100,0.0,0.0,0.0
2019-04-23,37.41289139971513,37.62450277275771,37.37056977089327,37.556785583496094,32829900,0.0,0.0,0.0
2019-04-24,37.30284883942711,37.311315101702135,36.930414022650645,37.04891586303711,68961600,0.0,0.0,0.0
2019-04-25,36.82037422783142,37.00659324569048,36.71033542373899,36.99812698364258,61168500,0.0,0.0,0.0
2019-04-26,37.05738232268207,37.209742768389816,36.93888047133899,37.14202880859375,55441700,0.0,0.0,0.0
2019-04-29,37.24360446110484,37.28592609311484,37.14203189849413,37.21821212768555,34398300,0.0,0.0,0.0
2019-04-30,37.11663568158722,37.268996137283175,36.930419858240434,37.18435287475586,69577000,0.0,0.0,0.0
2019-05-01,37.25206418541516,37.53985577801465,36.85423700515502,36.90502166748047,98629100,0.0,0.0,0.0
2019-05-02,36.98966979980469,37.11663469020444,36.77805842020504,36.98966979980469,53101500,0.0,0.0,0.0
2019-05-03,37.26053126874813,37.48060567784781,37.209743376371286,37.4298210144043,56642000,0.0,0.0,0.0
2019-05-06,36.26172313387739,36.72726748464996,36.21940150724954,36.65955352783203,80977000,0.0,0.0,0.0
2019-05-07,36.27865441001941,36.27865441001941,35.72846354703443,35.9400749206543,94189000,0.0,0.0,0.0
2019-05-08,36.04165413246509,36.194011365342256,35.8723643716827,35.8892936706543,73548600,0.0,0.0,0.0
2019-05-09,35.08516655129644,35.49146000301973,34.83123354758605,35.32217025756836,130849000,0.0,0.0,0.0
2019-05-10,35.42374033310798,35.64381795546624,34.99205457991769,35.53377914428711,90343300,0.0,0.0,0.0
2019-05-13,34.43339048058225,34.59421390376724,34.17945757015726,34.34874725341797,154670900,0.0,0.0,0.0
2019-05-14,34.81430086778051,34.95819503862754,34.687332763794174,34.83123016357422,89406800,0.0,0.0,0.0
2019-05-15,34.619619540574426,34.96666203934108,34.56883165212086,34.89894485473633,79039500,0.0,0.0,0.0
2019-05-16,34.84815806735187,35.059769432528206,34.712726922796335,34.72965621948242,60101000,0.0,0.0,0.0
2019-05-17,34.15407140184159,34.39107831509117,34.069428151423686,34.10328674316406,83972200,0.0,0.0,0.0
2019-05-20,34.001702718456514,34.11174150044862,33.83241625869296,33.959381103515625,53810000,0.0,0.0,0.0
2019-05-21,34.187934415884875,34.399545798235174,34.10329115451813,34.391082763671875,59832600,0.0,0.0,0.0
2019-05-22,34.34875842469321,34.382613789210446,34.18793172027028,34.2217903137207,44117200,0.0,0.0,0.0
2019-05-23,33.75624676788843,33.92553651028384,33.64620795099142,33.781639099121094,86731100,0.0,0.0,0.0
2019-05-24,34.044042864874896,34.086364498839046,33.78164356800325,33.81550216674805,66379700,0.0,0.0,0.0
2019-05-28,34.17100179987108,34.21332342644508,33.866280922245245,33.93399810791016,98395200,0.0,0.0,0.0
2019-05-29,33.79856627716029,34.17100110393277,33.75624465144823,34.15407180786133,82060400,0.0,0.0,0.0
2019-05-30,34.26410604718994,34.47571737645539,34.23871372093653,34.34028625488281,69626300,0.0,0.0,0.0
2019-05-31,34.179468319501865,34.543440122854214,34.15407276022004,34.45879364013672,85220400,0.0,0.0,0.0
2019-06-03,34.74658472672579,34.95819608709432,34.67887077045308,34.77198028564453,75619900,0.0,0.0,0.0
2019-06-04,34.62808538010709,34.87355535079019,34.55190515572038,34.84815979003906,64141900,0.0,0.0,0.0
2019-06-05,34.89048642359407,34.90741572197843,34.47572668551096,34.5688362121582,64072200,0.0,0.0,0.0
2019-06-06,34.568828914418056,34.661938421409175,34.44186081780602,34.58575820922852,47722500,0.0,0.0,0.0
2019-06-07,34.771977542677085,35.14441234513047,34.75504824771109,34.85662078857422,63584200,0.0,0.0,0.0
2019-06-10,35.1782708759019,35.38988221922172,35.102090663149454,35.2205924987793,57245800,0.0,0.0,0.0
2019-06-11,35.67767820177743,35.73692912694354,35.516851494383786,35.61842727661133,69040600,0.0,0.0,0.0
2019-06-12,35.36449465195498,35.3898902145651,35.16981255958978,35.23752975463867,55120600,0.0,0.0,0.0
2019-06-13,35.288303998669384,35.34755491236907,35.06822963763236,35.17826843261719,59717500,0.0,0.0,0.0
2019-06-14,34.9497366289601,34.96666592699352,34.7719838430094,34.788909912109375,71468300,0.0,0.0,0.0
2019-06-17,34.81535355031879,34.99446164502281,34.81535355031879,34.926231384277344,48715600,0.0,0.0,0.0
2019-06-18,35.31003616579069,35.847360440733816,35.30150534987243,35.770599365234375,112482400,0.0,0.0,0.0
2019-06-19,35.83882767728269,36.2482189360161,35.75353579824291,36.06911087036133,105746200,0.0,0.0,0.0
2019-06-20,36.82819505503157,36.85378099499335,36.45292050352949,36.5979118347168,89200400,0.0,0.0,0.0
2019-06-21,36.45292205455503,36.56379663480895,36.39321610284896,36.47850799560547,55544000,0.0,0.0,0.0
2019-06-24,36.46144295325991,36.52114564050152,36.39320945152525,36.42732620239258,37025600,0.0,0.0,0.0
2019-06-25,36.28233473119762,36.32497904281711,36.00087641811461,36.05205154418945,62167500,0.0,0.0,0.0
2019-06-26,36.33351629124445,36.52115521666288,36.307930348161314,36.39321899414063,45126700,0.0,0.0,0.0
2019-06-27,36.5467357342902,36.66614437590931,36.48703304025704,36.64908599853516,42358200,0.0,0.0,0.0
2019-06-28,36.64908696819327,36.67467290815505,36.48703400562757,36.5979118347168,66235700,0.0,0.0,0.0
2019-07-01,37.27170436381162,37.30582112060311,36.89642654621128,37.03289031982422,73169000,0.0,0.0,0.0
2019-07-02,36.99877052803732,37.02435646450568,36.83671758759782,36.93906784057617,67518700,0.0,0.0,0.0
2019-07-03,36.76849876345173,36.87084579467773,36.717323621062,36.87084579467773,31218500,0.0,0.0,0.0
2019-07-05,36.614967346191406,36.700255975089256,36.42732845835297,36.614967346191406,51678000,0.0,0.0,0.0
2019-07-08,36.35910548788088,36.444394133860186,36.2994027849847,36.39321899414063,37679000,0.0,0.0,0.0
2019-07-09,36.10323291152177,36.32498532240949,36.09470209559168,36.28234100341797,28227600,0.0,0.0,0.0
2019-07-10,36.64907722197215,36.78554095473287,36.55525779565814,36.58937454223633,53673100,0.0,0.0,0.0
2019-07-11,36.71731897032122,36.71731897032122,36.41880547807551,36.52115249633789,44486100,0.0,0.0,0.0
2019-07-12,36.55526085563857,36.580846790937954,36.40173873673766,36.54673004150391,30512200,0.0,0.0,0.0
2019-07-15,36.7002553977061,36.75995808770586,36.64908352259351,36.683197021484375,28026300,0.0,0.0,0.0
2019-07-16,36.72584611871476,36.82819312675605,36.59790991849861,36.63202667236328,37093700,0.0,0.0,0.0
2019-07-17,36.614971952058845,36.68320221304941,36.478508176524656,36.52115249633789,32865600,0.0,0.0,0.0
2019-07-18,36.50409442840096,36.7855527979594,36.48703604961987,36.7429084777832,63374400,0.0,0.0,0.0
2019-07-19,36.84524940350211,36.862307779462114,36.5211467673671,36.55526351928711,81774700,0.0,0.0,0.0
2019-07-22,36.64908124348034,36.70025311541069,36.538203431710606,36.56378936767578,29826200,0.0,0.0,0.0
2019-07-23,36.6064338684082,36.69172574465454,36.461442559118034,36.6064338684082,37246400,0.0,0.0,0.0
2019-07-24,36.56378744971583,36.69172362993556,36.56378744971583,36.6661376953125,40358800,0.0,0.0,0.0
2019-07-25,36.58937876181561,36.76848682167825,36.273803699902494,36.34203720092773,55327700,0.0,0.0,0.0
2019-07-26,36.48703442723864,36.52115118328384,36.3164571541185,36.41880416870117,33068600,0.0,0.0,0.0
2019-07-29,36.29940260749215,36.37616368991951,36.171466385595465,36.3505744934082,31912400,0.0,0.0,0.0
2019-07-30,36.06911087036133,36.12028274423268,35.95823305438587,36.06911087036133,57335800,0.0,0.0,0.0
2019-07-31,36.05205621541968,36.07764215499604,35.20768442031862,35.625606536865234,98764700,0.0,0.0,0.0
2019-08-01,35.634136200582645,35.907063750670595,34.832411928893414,34.926231384277344,139325900,0.0,0.0,0.0
2019-08-02,34.78976886042499,34.866529939994955,34.482724542145135,34.5850715637207,92796300,0.0,0.0,0.0
2019-08-05,33.62982011767412,33.69805037075677,33.1351369552261,33.30571746826172,131194100,0.0,0.0,0.0
2019-08-06,33.87715989395016,33.95392095804878,33.56158482290442,33.78334045410156,88071500,0.0,0.0,0.0
2019-08-07,33.44218356326194,33.953925138103926,33.30571979401466,33.936866760253906,106772500,0.0,0.0,0.0
2019-08-08,34.15008809840439,34.3718404805916,34.064796217907336,34.35478210449219,81187700,0.0,0.0,0.0
2019-08-09,34.14155637245055,34.192731499383086,33.860101308202815,34.00509262084961,64704000,0.0,0.0,0.0
2019-08-12,33.57864856122304,33.70658477300322,33.50188748486554,33.595706939697266,78559800,0.0,0.0,0.0
2019-08-13,33.33983316995381,34.20979083079731,33.28013048030743,34.022151947021484,110271800,0.0,0.0,0.0
2019-08-14,33.339834258762,33.42512288859859,33.0242624241034,33.04132080078125,102911500,0.0,0.0,0.0
2019-08-15,33.348369245750995,33.39954438717933,33.10103086273086,33.26308059692383,78018300,0.0,0.0,0.0
2019-08-16,33.57011450418313,33.86010037503735,33.57011450418313,33.723636627197266,52047900,0.0,0.0,0.0
2019-08-19,34.15008950571276,34.1586170673376,33.834514415197816,33.860103607177734,43330900,0.0,0.0,0.0
2019-08-20,33.9709770310337,34.090382399636965,33.88568515806545,33.92832946777344,44920900,0.0,0.0,0.0
2019-08-21,34.28654670923809,34.28654670923809,34.090380293856846,34.2524299621582,39677100,0.0,0.0,0.0
2019-08-22,33.99656833999738,34.04774021831481,33.71510999504037,33.808929443359375,41603000,0.0,0.0,0.0
2019-08-23,33.73216712407442,34.047738958381075,33.2545455918379,33.30571746826172,80560300,0.0,0.0,0.0
2019-08-26,33.54453107863107,33.587175392981464,33.39953650557654,33.484825134277344,58145000,0.0,0.0,0.0
2019-08-27,33.71510620781581,33.8345115818807,33.51893977134458,33.54452896118164,62899100,0.0,0.0,0.0
2019-08-28,33.48482928688714,33.69805413863479,33.39954064760929,33.63835144042969,49483900,0.0,0.0,0.0
2019-08-29,33.85156934757831,34.039208219759374,33.73216397566395,34.01362228393555,43359900,0.0,0.0,0.0
2019-08-30,34.29507732647664,34.303608140783126,34.08185251854746,34.278018951416016,57071300,0.0,0.0,0.0
2019-09-03,33.88569217247054,34.07333107829003,33.88569217247054,34.06480026245117,50339600,0.0,0.0,0.0
2019-09-04,34.53389490541565,34.678886228139966,34.45713383645787,34.6362419128418,65958900,0.0,0.0,0.0
2019-09-05,35.04563427457155,35.156512100601034,35.011517519862046,35.0285758972168,72704000,0.0,0.0,0.0
2019-09-06,35.224742705705154,35.30150377778619,35.1394540716386,35.182098388671875,48716200,0.0,0.0,0.0
2019-09-09,35.27591800179158,35.39532339145938,35.182098551751785,35.29297637939453,38554200,0.0,0.0,0.0
2019-09-10,35.25886647691222,35.3868027070229,35.1138718658832,35.31856918334961,48449600,0.0,0.0,0.0
2019-09-11,35.44649352244507,35.59148483128126,35.38679083603576,35.56589889526367,62563900,0.0,0.0,0.0
2019-09-12,35.79618377712489,36.03499453408378,35.668247583866886,35.82176971435547,74590100,0.0,0.0,0.0
2019-09-13,36.03499774631235,36.12028638038544,35.958236674225425,36.02647018432617,58403500,0.0,0.0,0.0
2019-09-16,35.74500274658203,35.91558322490744,35.65971413419533,35.74500274658203,62905800,0.0,0.0,0.0
2019-09-17,35.420900163118965,35.77058867958764,35.39531423011336,35.74500274658203,98835700,0.0,0.0,0.0
2019-09-18,35.68530617459091,35.736481302912544,35.318559222167295,35.60001754760742,70984700,0.0,0.0,0.0
2019-09-19,35.60001163590109,35.719416995270656,35.39531441015897,35.45501708984375,52527900,0.0,0.0,0.0
2019-09-20,35.71941891343177,35.76206322213207,35.34414118834383,35.4891357421875,84880500,0.0,0.0,0.0
2019-09-23,35.318557146825434,35.540309516083724,35.318557146825434,35.52325439453125,41828800,0.0,0.0,0.0
2019-09-24,35.506191430735726,35.51471899040989,35.11385536113302,35.147972106933594,57006500,0.0,0.0,0.0
2019-09-25,34.91769349916854,35.19915180833943,34.78976056608827,35.12239074707031,43393200,0.0,0.0,0.0
2019-09-26,35.18209840881622,35.22474272587392,35.0115178870326,35.11386489868164,37645800,0.0,0.0,0.0
2019-09-27,35.113862675995435,35.19915455826474,34.533894144327334,34.661827087402344,79236200,0.0,0.0,0.0
2019-09-30,34.95180587484317,35.05415285920812,34.81534214450591,34.85798645019531,43961000,0.0,0.0,0.0
2019-10-01,34.88357273214078,34.89210029114789,34.58505611006472,34.61064529418945,48520000,0.0,0.0,0.0
2019-10-02,34.354783817802215,34.405958948652604,34.17567574015494,34.34625625610352,41806300,0.0,0.0,0.0
2019-10-03,34.46566552750176,34.78976821899414,34.37184607047345,34.78976821899414,62287700,0.0,0.0,0.0
2019-10-04,34.687414491679945,35.011517150899124,34.65330099088275,34.94328689575195,54314800,0.0,0.0,0.0
2019-10-07,34.73006231007436,34.90917039136503,34.62771204629158,34.65330123901367,57065700,0.0,0.0,0.0
2019-10-08,34.58506433200469,34.62770864428151,34.380370331654944,34.40595626831055,57784200,0.0,0.0,0.0
2019-10-09,34.68741568939665,34.80682433374459,34.627712993999126,34.67036056518555,41122500,0.0,0.0,0.0
2019-10-10,34.798292683256854,35.173570477955785,34.78976512135588,35.0285758972168,49289100,0.0,0.0,0.0
2019-10-11,35.56590194630899,35.86441540396368,35.506199254778046,35.591487884521484,95248800,0.0,0.0,0.0
2019-10-14,35.54884321346405,35.60001834292896,35.42943783159857,35.437965393066406,29228200,0.0,0.0,0.0
2019-10-15,35.54031898844807,35.830304935414105,35.523263862349985,35.753543853759766,50663000,0.0,0.0,0.0
2019-10-16,35.7194208048038,35.89000130218958,35.64265974365782,35.85588455200195,40768400,0.0,0.0,0.0
2019-10-17,36.13734285297421,36.15440122960018,35.941176402104496,35.99235153198242,56380200,0.0,0.0,0.0
2019-10-18,35.915588202494604,36.00940764125374,35.71089094942446,35.804710388183594,78858900,0.0,0.0,0.0
2019-10-21,35.95823798405025,36.137346074259696,35.90706284961057,36.12881851196289,38432200,0.0,0.0,0.0
2019-10-22,36.15440368652344,36.282339893136,36.10323180672072,36.15440368652344,53409500,0.0,0.0,0.0
2019-10-23,36.009415006491274,36.205581485132434,35.983825811153295,36.16293716430664,43342700,0.0,0.0,0.0
2019-10-24,36.31645932212201,36.32498688486592,36.13734796896866,36.16293716430664,61391900,0.0,0.0,0.0
2019-10-25,36.16293500546803,36.44439010895861,36.14587662744543,36.41880416870117,49443700,0.0,0.0,0.0
2019-10-28,36.589382356808805,36.72584611871476,36.57232397987647,36.63202667236328,56279100,0.0,0.0,0.0
2019-10-29,36.44438552856445,36.55526334499957,36.41026877680711,36.44438552856445,33949800,0.0,0.0,0.0
2019-10-30,36.35909556117483,36.6064338684082,36.20557343748383,36.6064338684082,60881000,0.0,0.0,0.0
2019-10-31,36.46997089978842,36.47850171437167,36.12881314816544,36.31645202636719,56057700,0.0,0.0,0.0
2019-11-01,36.70025935210344,36.88789825720768,36.68320097404369,36.86231231689453,72772400,0.0,0.0,0.0
2019-11-04,37.331400496136666,37.37404480784989,37.169350810205465,37.22905349731445,62191600,0.0,0.0,0.0
2019-11-05,37.45081119250462,37.47639713245809,37.27170310572452,37.44228363037109,62354500,0.0,0.0,0.0
2019-11-06,37.416699254573054,37.45081601460576,37.2034743846986,37.322879791259766,61670500,0.0,0.0,0.0
2019-11-07,37.60433368403787,37.74079745429546,37.553158550108925,37.59580612182617,97598200,0.0,0.0,0.0
2019-11-08,37.29727916365242,37.38257103015381,37.17787380410249,37.25463485717773,68666900,0.0,0.0,0.0
2019-11-11,36.79407175989852,37.03288249990528,36.75995501031118,36.99023818969727,47092800,0.0,0.0,0.0
2019-11-12,36.89642182897165,36.91348020518647,36.68319700661535,36.75143051147461,57453500,0.0,0.0,0.0
2019-11-13,36.38468588484351,36.5382080270475,36.33351075292458,36.469974517822266,63134600,0.0,0.0,0.0
2019-11-14,36.43586081361726,36.54673538516091,36.30792461130963,36.49556350708008,48737400,0.0,0.0,0.0
2019-11-15,36.73437022314045,36.862306411315856,36.700253472486686,36.78554534912109,67670700,0.0,0.0,0.0
2019-11-18,36.79407176785392,36.86230526704336,36.69172477262208,36.7258415222168,52545500,0.0,0.0,0.0
2019-11-19,36.99877111629171,36.99877111629171,36.75142954799014,36.80260467529297,40853600,0.0,0.0,0.0
2019-11-20,36.67467309127054,36.81113686100292,36.48703418780618,36.64055633544922,51991800,0.0,0.0,0.0
2019-11-21,36.49555912058452,36.580847742836696,36.40173968397569,36.56378936767578,43842600,0.0,0.0,0.0
2019-11-22,36.63202286831943,36.66613961864125,36.47850074542361,36.56378936767578,23519900,0.0,0.0,0.0
2019-11-25,36.79407442281681,36.964654929546725,36.75995767076032,36.93053817749024,57048200,0.0,0.0,0.0
2019-11-26,36.7258478043601,36.83672237918013,36.58085322055665,36.81966400146485,49571200,0.0,0.0,0.0
2019-11-27,36.75143448628267,36.87937069495428,36.68320097404369,36.86231231689453,30402300,0.0,0.0,0.0
2019-11-29,36.36762964140102,36.43586315462984,36.28234100341797,36.28234100341797,35476600,0.0,0.0,0.0
2019-12-02,36.393216738724405,36.40174755492562,36.1373475630903,36.27381134033203,59762300,0.0,0.0,0.0
2019-12-03,35.95823020020744,36.09469394228679,35.79618052322329,36.08616638183594,50471700,0.0,0.0,0.0
2019-12-04,36.35909652709961,36.41879921528192,36.307921399992274,36.35909652709961,47026100,0.0,0.0,0.0
2019-12-05,36.43586385671142,36.5723276322456,36.37616115826228,36.52115249633789,43346400,0.0,0.0,0.0
2019-12-06,36.734371185302734,36.78554631262378,36.65761012109741,36.734371185302734,56766600,0.0,0.0,0.0
2019-12-09,36.7002490882874,36.81965444775904,36.57231616894724,36.58937454223633,37622000,0.0,0.0,0.0
2019-12-10,36.66614760544852,36.79408056669379,36.5979140899419,36.71731948852539,34791300,0.0,0.0,0.0
2019-12-11,36.92200471170237,37.28875160377829,36.90494633840208,37.25463485717773,60083200,0.0,0.0,0.0
2019-12-12,37.36552302299703,37.95402242413718,37.331406266931616,37.90284729003906,132196700,0.0,0.0,0.0
2019-12-13,37.99665813980548,38.26958561943073,37.78343334300124,37.885780334472656,160526800,0.0,0.0,0.0
2019-12-16,38.233362086505714,38.33789529854823,38.17238410256,38.20722961425781,81828000,0.0,0.0,0.0
2019-12-17,38.50341437061292,38.59923787758756,38.43372333897636,38.55567932128906,79046200,0.0,0.0,0.0
2019-12-18,38.72989829386692,38.7734535211724,38.642787839255945,38.76474380493164,67065000,0.0,0.0,0.0
2019-12-19,38.642790610836286,38.79087905890647,38.61665813718886,38.782169342041016,59364600,0.0,0.0,0.0
2019-12-20,38.8257234876538,38.91283394607868,38.76474550214618,38.86056900024414,69295600,0.0,0.0,0.0
2019-12-23,38.84314646495426,38.91283416748047,38.799591235494,38.91283416748047,29479500,0.0,0.0,0.0
2019-12-24,38.83443096445036,38.86927314899872,38.7473171954532,38.82571792602539,18951500,0.0,0.0,0.0
2019-12-26,38.97381125448474,39.12189968321789,38.95638849997779,39.10447692871094,24947900,0.0,0.0,0.0
2019-12-27,39.35711120015295,39.3745339587838,39.15675446047531,39.26128768920898,48407900,0.0,0.0,0.0
2019-12-30,39.357104780283045,39.357104780283045,38.947678326871646,38.99994659423828,44522800,0.0,0.0,0.0
2019-12-31,39.02608484293194,39.13061807008704,38.92155161577683,39.08706283569336,47292800,0.0,0.0,0.0
2020-01-02,39.51390430198901,39.8797721862793,39.50519126300073,39.8797721862793,78570100,0.0,0.0,0.0
2020-01-03,39.22643846480002,39.426795185542666,39.1219052459454,39.13932800292969,78998200,0.0,0.0,0.0
2020-01-06,38.85185960812601,39.087061855616014,38.84314989068622,39.04350662231445,40085300,0.0,0.0,0.0
2020-01-07,39.01737594604492,39.11319945755759,38.93026215237367,39.01737594604492,65705300,0.0,0.0,0.0
2020-01-08,38.96510467984498,39.46164163498923,38.93025916505036,39.24386215209961,86913300,0.0,0.0,0.0
2020-01-09,39.618445701284045,39.618445701284045,39.42679868051949,39.50519943237305,53199900,0.0,0.0,0.0
2020-01-10,39.75782296388481,39.87106922857284,39.661999457075815,39.71426773071289,67573300,0.0,0.0,0.0
2020-01-13,39.99301304541542,40.35017116566523,39.90590260556923,40.33274841308594,79593800,0.0,0.0,0.0
2020-01-14,40.09755679631669,40.13240231065078,39.91462283063941,40.10626983642578,75746900,0.0,0.0,0.0
2020-01-15,39.95817859965313,40.00173383163119,39.73168939953649,39.792667388916016,60620600,0.0,0.0,0.0
2020-01-16,40.05399398665029,40.1062622482622,39.92332831719629,40.04528427124024,50712700,0.0,0.0,0.0
2020-01-17,40.17595461078759,40.29791057900781,40.08013111488573,40.27177810668945,72382100,0.0,0.0,0.0
2020-01-21,39.43550505500779,39.50519275429105,39.22643531105631,39.25257110595703,106662600,0.0,0.0,0.0
2020-01-22,39.68813640468609,39.70555916306964,39.4616438687514,39.57489013671875,57584900,0.0,0.0,0.0
2020-01-23,38.95639604542035,39.28741847601611,38.74732627389294,39.16546249389648,88714300,0.0,0.0,0.0
2020-01-24,39.21773132095985,39.22644103849789,38.66892607062582,38.85186004638672,88654500,0.0,0.0,0.0
2020-01-27,37.2315803684796,39.17417287942643,37.16188934167651,37.51033782958984,129321800,0.0,0.0,0.0
2020-01-28,37.649723140441495,37.89363513078034,37.48420858438159,37.82394409179688,82396700,0.0,0.0,0.0
2020-01-29,38.12011701642378,38.14625281253257,37.89362782947053,38.006874084472656,51814700,0.0,0.0,0.0
2020-01-30,37.16189344802874,37.48420617498062,36.96153670840722,37.440650939941406,105864200,0.0,0.0,0.0
2020-01-31,36.848288618980376,36.87442441715423,36.482420675058975,36.68277740478516,99532200,0.0,0.0,0.0
2020-02-03,36.822149704648886,37.17930786875577,36.81343666576419,37.09219741821289,71309200,0.0,0.0,0.0
2020-02-04,38.05043029785156,38.26820977376735,38.024297824118015,38.05043029785156,73939300,0.0,0.0,0.0
2020-02-05,38.729898948785646,38.73861198822458,38.24207507783381,38.26820755004883,74350800,0.0,0.0,0.0
2020-02-06,38.61666162859444,38.63408106390026,38.29434558356329,38.30305862426758,80118800,0.0,0.0,0.0
2020-02-07,37.91975973768899,37.937182493818334,37.67584779798011,37.771671295166016,58449900,0.0,0.0,0.0
2020-02-10,37.78909591274484,38.00687539051277,37.78909591274484,37.98073959350586,45350800,0.0,0.0,0.0
2020-02-11,38.451147187007,38.68634944087166,38.398882234849104,38.47727966308594,58708400,0.0,0.0,0.0
2020-02-12,38.84314511518927,39.06092457797391,38.76474437566477,38.99994659423828,41641100,0.0,0.0,0.0
2020-02-13,38.58181211645907,38.72119084583164,38.468565860390406,38.48598861694336,64757500,0.0,0.0,0.0
2020-02-14,38.729899522358615,38.73861256192659,38.3640316137264,38.50341033935547,45095300,0.0,0.0,0.0
2020-02-18,38.23335925837932,38.37273797180978,38.16367156318941,38.25078201293945,40176200,0.0,0.0,0.0
2020-02-19,38.54695995447547,38.61665096866643,38.49469169383225,38.52953720092773,45651500,0.0,0.0,0.0
2020-02-20,38.22465464724326,38.62536808648682,37.80651845111289,37.92847442626953,109316300,0.0,0.0,0.0
2020-02-21,37.841359045938894,37.91975978709761,37.65842509091887,37.710693359375,70553100,0.0,0.0,0.0
2020-02-24,36.11655027657003,36.50855402809169,36.09041780081903,36.29948425292969,101505600,0.0,0.0,0.0
2020-02-25,36.830862074163285,36.891840058546926,36.01201248168945,36.01201248168945,118601100,0.0,0.0,0.0
2020-02-26,36.438866318405246,36.79602455355801,36.27335177717869,36.29948425292969,109411100,0.0,0.0,0.0
2020-02-27,35.89876826892019,36.16881601728363,35.419654083092446,35.42836380004883,151063200,0.0,0.0,0.0
2020-02-28,34.452717241260245,35.38481326262931,34.21751497562718,35.29770278930664,201191200,0.0,0.0,0.0
2020-03-02,35.40223001570614,36.07299118025704,35.19316358598047,36.06428146362305,135152300,0.0,0.0,0.0
2020-03-03,36.07299088574781,36.65664158698977,35.56774424882659,35.82036590576172,141798700,0.0,0.0,0.0
2020-03-04,36.36046338963937,36.525974597898326,36.16010334404808,36.45628356933594,80064800,0.0,0.0,0.0
2020-03-05,36.16881525606647,36.30819398579298,35.54160931077163,35.689701080322266,107474200,0.0,0.0,0.0
2020-03-06,35.079918009672525,35.18445122655642,34.679204575741736,34.95796203613281,104006900,0.0,0.0,0.0
2020-03-09,32.43171959408399,33.18959125008628,31.88291437688523,32.57109832763672,143376900,0.0,0.0,0.0
2020-03-10,33.93003899217077,34.26106468679629,33.25056484814464,34.226219177246094,142773700,0.0,0.0,0.0
2020-03-11,33.27669720187099,33.38994343467702,32.42300224444552,32.6320686340332,137795400,0.0,0.0,0.0
2020-03-12,29.73125438840785,30.20165552146789,28.65106674730665,29.36538314819336,171341200,0.0,0.0,0.0
2020-03-13,31.89162323785593,31.97002397289637,29.949030939688,31.482196807861328,128272900,0.0,0.0,0.0
2020-03-16,27.87577160033188,29.165025638081115,27.518613409624663,27.55345726013184,101553900,0.0,0.0,0.0
2020-03-17,28.363596430420333,29.45249366760254,27.90190174218064,29.45249366760254,92310900,0.0,0.0,0.0
2020-03-18,26.926255307560027,27.89319674959876,26.26420547586488,26.908832550048828,101136100,0.0,0.0,0.0
2020-03-19,26.839143372330195,27.483770451096827,26.351317789227863,27.117900848388672,68919700,0.0,0.0,0.0
2020-03-20,28.389730937672308,28.50297718891875,27.222432882738445,27.318256378173828,100290200,0.0,0.0,0.0
2020-03-23,27.056922884906943,27.14403501164264,26.2206504559058,26.66492080688477,97832900,0.0,0.0,0.0
2020-03-24,28.40715286538222,28.720755814737625,28.180660369491854,28.668487548828125,84450500,0.0,0.0,0.0
2020-03-25,29.19115839170104,30.07969901878468,28.912400938857264,29.678985595703125,79588900,0.0,0.0,0.0
2020-03-26,29.93161262962925,30.881131306985395,29.8619216001108,30.80273056030273,89991500,0.0,0.0,0.0
2020-03-27,29.138888745505003,29.5831573258518,28.912396274700424,29.05177497863769,74103800,0.0,0.0,0.0
2020-03-30,29.15631430717184,29.55702770420632,28.93853485360301,29.530895233154297,47544900,0.0,0.0,0.0
2020-03-31,29.600583665680265,30.097120566308668,29.54831539922697,29.73125267028809,64131300,0.0,0.0,0.0
2020-04-01,28.833998268409108,29.034358289595712,28.415862117118937,28.45941734313965,65580600,0.0,0.0,0.0
2020-04-02,28.99951217288696,29.56573674541224,28.921111438469527,29.417648315429688,55784000,0.0,0.0,0.0
2020-04-03,29.347965732476425,29.49605752807656,28.70334024024513,28.86014175415039,68672500,0.0,0.0,0.0
2020-04-06,30.00129828790958,30.4455702631313,29.87934231762941,30.436857223510746,82394800,0.0,0.0,0.0
2020-04-07,31.438637958470647,31.464770426121603,30.532674752000624,30.593652725219727,74322600,0.0,0.0,0.0
2020-04-08,30.67206056952925,30.98566354632228,30.43685833693448,30.907262802124023,47112900,0.0,0.0,0.0
2020-04-09,31.23828980121949,31.43864652827578,30.715617044373744,30.794017791748047,67239300,0.0,0.0,0.0
2020-04-13,30.785307640612327,30.881131144169387,30.489127412822857,30.837575912475582,38193400,0.0,0.0,0.0
2020-04-14,31.54317855834961,31.7783807915838,31.368954312651947,31.54317855834961,52817400,0.0,0.0,0.0
2020-04-15,30.794012112506145,30.889835599741343,30.593655422401014,30.733034133911133,60775200,0.0,0.0,0.0
2020-04-16,31.1686021261706,31.203447644988103,30.794021106511348,30.898557662963867,37215100,0.0,0.0,0.0
2020-04-17,31.73481888308249,31.778374104578965,31.36023799672205,31.586727142333984,40870300,0.0,0.0,0.0
2020-04-20,31.25571092394906,31.56931389704353,31.12504191080935,31.186019897460938,44402700,0.0,0.0,0.0
2020-04-21,30.4717006460182,30.64592487291985,30.2626342321768,30.32361221313477,46166600,0.0,0.0,0.0
2020-04-22,31.1685973020002,31.2469980456792,31.090196558321203,31.15117454528809,37455800,0.0,0.0,0.0
2020-04-23,31.39508964528708,31.61286911842633,31.02050868564348,31.037931442260746,40733100,0.0,0.0,0.0
2020-04-24,31.090195402660136,31.13375395434684,30.70690473839412,30.99437522888184,30553700,0.0,0.0,0.0
2020-04-27,31.4037987476742,31.682556201994647,31.351533801895982,31.62157821655273,30617400,0.0,0.0,0.0
2020-04-28,32.07456179126896,32.10069426569035,31.665135302394408,31.682558059692383,34463600,0.0,0.0,0.0
2020-04-29,32.22265488013372,32.66692357866093,32.16167356557968,32.6059455871582,45483100,0.0,0.0,0.0
2020-04-30,32.44043166921472,32.54496488550717,31.70869250906549,31.91775894165039,59181700,0.0,0.0,0.0
2020-05-01,31.142460394434515,31.255706635413897,30.663346283745643,30.767879486083984,56829000,0.0,0.0,0.0
2020-05-04,30.88983772751139,31.13375298174355,30.76788176192073,31.098907470703125,37036200,0.0,0.0,0.0
2020-05-05,31.412505300550908,31.56930675160751,31.238281096815765,31.27312660217285,41772700,0.0,0.0,0.0
2020-05-06,31.46477812727392,31.49962364137067,31.15988818655514,31.17731094360352,36584500,0.0,0.0,0.0
2020-05-07,31.47349068575121,31.56931418652553,31.281843684202563,31.429935455322266,36883300,0.0,0.0,0.0
2020-05-08,31.83064530430082,32.187803470442155,31.80450951054853,32.09197998046875,60613000,0.0,0.0,0.0
2020-05-11,31.900340162904584,32.09198718588069,31.84807520976669,31.882917404174805,31053700,0.0,0.0,0.0
2020-05-12,32.14425557995062,32.370744798165425,31.752251814721667,31.760961532592773,49641400,0.0,0.0,0.0
2020-05-13,32.11811017692976,32.18780119126685,31.49090766314825,31.6999740600586,55002900,0.0,0.0,0.0
2020-05-14,31.090192761693103,31.87420010274279,30.976949841469768,31.82193183898925,58633700,0.0,0.0,0.0
2020-05-15,31.32539934654323,31.5344691077563,31.22086612746225,31.386377334594727,40402000,0.0,0.0,0.0
2020-05-18,32.16166152741863,32.684334102870814,32.15295181320029,32.61464309692383,47487700,0.0,0.0,0.0
2020-05-19,32.56238317298674,32.71918463743046,32.33589069187889,32.35331344604492,36152600,0.0,0.0,0.0
2020-05-20,32.86727325957919,33.02407472495947,32.597225552968574,32.7801628112793,43140300,0.0,0.0,0.0
2020-05-21,32.57980665045622,32.69304957047368,32.24878096005365,32.40558242797852,42845500,0.0,0.0,0.0
2020-05-22,31.900330585897976,31.900330585897976,31.630286214286823,31.734819412231445,47355000,0.0,0.0,0.0
2020-05-26,32.736617859159466,32.86728357260933,32.39687902886589,32.431724548339844,54511200,0.0,0.0,0.0
2020-05-27,32.57980961999286,32.60594209267867,32.15296040216919,32.536251068115234,47182400,0.0,0.0,0.0
2020-05-28,32.640790613142364,32.79759210981,32.292342104314,32.30976486206055,53388700,0.0,0.0,0.0
2020-05-29,32.53625708563463,32.92826086367693,32.30976786001661,32.86728286743164,63616700,0.0,0.0,0.0
2020-06-01,33.1721591108381,33.65127311623012,33.11117782290471,33.62513732910156,49360200,0.0,0.0,0.0
2020-06-02,34.03457858801119,34.470137570016,33.95617783832828,34.42658233642578,54010500,0.0,0.0,0.0
2020-06-03,34.888265249795225,35.29769165598712,34.836000311507235,35.22800064086914,60769300,0.0,0.0,0.0
2020-06-04,34.766313712668925,35.00151593399354,34.557243963807856,34.731468200683594,50969300,0.0,0.0,0.0
2020-06-05,35.62871780658765,35.855206962638945,35.55902679054076,35.64613723754883,52467500,0.0,0.0,0.0
2020-06-08,35.541613209065325,35.88134869234606,35.33254675307014,35.86392593383789,39777100,0.0,0.0,0.0
2020-06-09,35.34996973968323,35.69841494294078,35.21930071155451,35.62001419067383,44389800,0.0,0.0,0.0
2020-06-10,35.72453856120157,35.98587655265847,35.42835838419428,35.88134002685547,81172700,0.0,0.0,0.0
2020-06-11,34.72275440691818,34.91440137728257,33.9648828870098,34.00843811035156,91271100,0.0,0.0,0.0
2020-06-12,34.86213720910313,34.93182491002287,34.21750852957818,34.731468200683594,73779500,0.0,0.0,0.0
2020-06-15,33.8377725705687,34.617565366212865,33.732632832657536,34.416046142578125,76868600,0.0,0.0,0.0
2020-06-16,35.28345884548621,35.28345884548621,34.3897627003464,34.63508987426758,79638000,0.0,0.0,0.0
2020-06-17,34.93298895715866,35.14327178154257,34.86289691058543,34.96803665161133,61471100,0.0,0.0,0.0
2020-06-18,34.88041402073668,35.11698089910167,34.87165042765013,34.98555374145508,48131400,0.0,0.0,0.0
2020-06-19,35.458696483156245,35.46745673613112,34.85413541558838,34.97679901123047,72411300,0.0,0.0,0.0
2020-06-22,35.213365130702265,35.48497975925966,35.13450948643284,35.406124114990234,39024200,0.0,0.0,0.0
2020-06-23,35.8266850785353,35.98439636109417,35.712781742835645,35.74782943725586,32995800,0.0,0.0,0.0
2020-06-24,35.60764662030675,35.71278637487219,35.02937295669807,35.27470016479492,51150200,0.0,0.0,0.0
2020-06-25,35.152030413542185,35.43240527157453,35.029366830944525,35.42364501953125,48199000,0.0,0.0,0.0
2020-06-26,35.31850991825684,35.336033766975035,34.84537602986265,34.99432373046875,53901200,0.0,0.0,0.0
2020-06-29,35.003075664446655,35.16954715830968,34.80155648482364,35.15202331542969,34712700,0.0,0.0,0.0
2020-06-30,35.090707553565025,35.12575525532243,34.819096220777126,35.03813934326172,67644600,0.0,0.0,0.0
2020-07-01,35.230888146848706,35.56383456394078,35.20460404682348,35.43240737915039,51766200,0.0,0.0,0.0
2020-07-02,36.19467929665832,36.44876672615649,36.08077596060817,36.23848724365234,42240200,0.0,0.0,0.0
2020-07-06,37.48265024943352,37.80683640972335,37.48265024943352,37.798072814941406,69159900,0.0,0.0,0.0
2020-07-07,37.31617590311649,37.570266655337946,37.149704380453386,37.1672248840332,34004100,0.0,0.0,0.0
2020-07-08,37.67540958689862,38.13101959228516,37.63160163956633,38.13101959228516,42278100,0.0,0.0,0.0
2020-07-09,38.46396600820842,38.51653420807432,37.78931292382829,38.13101959228516,64950400,0.0,0.0,0.0
2020-07-10,37.87692137389774,37.9382531565748,37.631594243189504,37.885684967041016,45293500,0.0,0.0,0.0
2020-07-13,38.14854119598385,38.42891605321888,37.5615040407948,37.63159942626953,47039600,0.0,0.0,0.0
2020-07-14,37.19351164731807,37.78930902814676,37.10589241935397,37.68416595458984,56528000,0.0,0.0,0.0
2020-07-15,37.911976150781946,37.982068197376975,37.64912512696941,37.798072814941406,48309100,0.0,0.0,0.0
2020-07-16,37.07085518598824,37.29865853775655,37.01828363911905,37.26361083984375,36512000,0.0,0.0,0.0
2020-07-17,37.53522018874372,37.552744035227406,37.2811294282282,37.4738883972168,40913000,0.0,0.0,0.0
2020-07-20,37.68416543981618,37.9995879715146,37.57902571002728,37.95578002929688,23319300,0.0,0.0,0.0
2020-07-21,38.55157868432386,38.5691025302602,38.28872767994257,38.306251525878906,44420500,0.0,0.0,0.0
2020-07-22,38.29748941440787,38.29748941440787,37.92949866249391,38.13977813720703,31232200,0.0,0.0,0.0
2020-07-23,38.113493294419534,38.26244097423932,37.64912306635558,37.8331184387207,39243400,0.0,0.0,0.0
2020-07-24,37.43008205007027,37.798072814941406,37.3512264086933,37.798072814941406,30184800,0.0,0.0,0.0
2020-07-27,38.060926578822645,38.41139686402503,37.94702657711437,38.38511276245117,39112200,0.0,0.0,0.0
2020-07-28,38.315014062724295,38.35882200901183,38.0258789433609,38.06968688964844,31219100,0.0,0.0,0.0
2020-07-29,38.42015193699326,38.78814602107309,38.42015193699326,38.68300628662109,37830900,0.0,0.0,0.0
2020-07-30,38.227399990553714,38.34129998785887,37.84188202326792,38.19235229492188,47900300,0.0,0.0,0.0
2020-07-31,38.227399302679714,38.23615955526393,37.64036210957247,37.929500579833984,62457700,0.0,0.0,0.0
2020-08-03,38.069688702542656,38.279968191669255,38.03464100691082,38.19235229492188,30603000,0.0,0.0,0.0
2020-08-04,38.35882810593656,38.70053482055664,38.35006785221948,38.70053482055664,40597400,0.0,0.0,0.0
2020-08-05,39.04223811088285,39.2963255326319,39.015950669622455,39.12109375,36768200,0.0,0.0,0.0
2020-08-06,39.00719601864948,39.26128681921662,38.86700856701459,39.2437629699707,33523700,0.0,0.0,0.0
2020-08-07,38.54281855201821,38.68300597761165,38.23615626067939,38.43767547607422,35759300,0.0,0.0,0.0
2020-08-10,38.49901373401514,38.61291708092519,38.23616268465786,38.534061431884766,26964700,0.0,0.0,0.0
2020-08-11,38.78814743408733,38.86700307338193,38.38510898539579,38.42891693115234,34166400,0.0,0.0,0.0
2020-08-12,38.8231982215796,39.05976515831625,38.7355789807518,38.94586181640625,30740100,0.0,0.0,0.0
2020-08-13,38.90205034236581,38.96338213422205,38.66548342706374,38.83195495605469,26509200,0.0,0.0,0.0
2020-08-14,38.73558389114376,38.82320314307879,38.68301568231545,38.76187133789063,24593800,0.0,0.0,0.0
2020-08-17,39.05099847572176,39.27004154697545,38.98966668315728,39.25251770019531,26422200,0.0,0.0,0.0
2020-08-18,39.25252148149861,39.31385327997135,38.95462274220291,39.20871353149414,34464800,0.0,0.0,0.0
2020-08-19,39.08604091014961,39.09480116119496,38.71804686194535,38.726810455322266,28391100,0.0,0.0,0.0
2020-08-20,38.07844729488565,38.61291293180322,37.99959165431859,38.60415267944336,38399500,0.0,0.0,0.0
2020-08-21,38.53405072654752,38.81442554694728,38.36757922141376,38.79690170288086,34657800,0.0,0.0,0.0
2020-08-24,39.37518212333833,39.40146956523401,39.0772834063999,39.22623443603516,26576500,0.0,0.0,0.0
2020-08-25,39.35765575320404,39.65555445104597,39.270039865387176,39.62051010131836,27608400,0.0,0.0,0.0
2020-08-26,39.62927130304572,39.76945873231198,39.57669976369638,39.72565078735352,31465300,0.0,0.0,0.0
2020-08-27,39.83079785427934,39.83079785427934,39.2262400809915,39.3927116394043,31947400,0.0,0.0,0.0
2020-08-28,39.63803382378174,39.9184086747199,39.53289074793103,39.909645080566406,24151700,0.0,0.0,0.0
2020-08-31,39.17366311171276,39.182426706503925,38.770624651953845,39.024715423583984,52790000,0.0,0.0,0.0
2020-09-01,39.392710229128056,39.71689642300903,39.35766253103296,39.69060897827149,34212200,0.0,0.0,0.0
2020-09-02,39.74317575771508,39.75193601002172,39.23499422329635,39.58546447753906,50638400,0.0,0.0,0.0
2020-09-03,39.37518083063796,39.38394442509284,38.58662778862972,38.83195495605469,82433300,0.0,0.0,0.0
2020-09-04,38.91956789926684,39.12985069994369,38.18358645272717,38.8494758605957,62284500,0.0,0.0,0.0
2020-09-08,38.16606350931984,38.51653039562029,38.052160183664576,38.17482376098633,50051100,0.0,0.0,0.0
2020-09-09,38.56034027171918,38.823194627536665,38.463964129229,38.74433898925781,49010500,0.0,0.0,0.0
2020-09-10,38.78815396741869,38.84948577027477,38.12226104736328,38.12226104736328,54276200,0.0,0.0,0.0
2020-09-11,38.647960916107394,38.770624504058965,38.29749065710397,38.49024963378906,49400700,0.0,0.0,0.0
2020-09-14,38.99842425062013,39.173659364025816,38.94585605623068,39.1123275756836,38892300,0.0,0.0,0.0
2020-09-15,39.594227640201005,39.62927533666785,39.44527994371536,39.52413558959961,30541000,0.0,0.0,0.0
2020-09-16,39.64680039191887,39.78698783972186,39.454041397815104,39.47156524658203,38179100,0.0,0.0,0.0
2020-09-17,38.99843540633434,39.37518983811308,38.9721513016209,39.31385803222656,38231100,0.0,0.0,0.0
2020-09-18,39.348897362256174,39.38394505597315,38.945858911507,39.0071907043457,34270500,0.0,0.0,0.0
2020-09-21,38.35006573263424,38.67424857957018,38.01711929013299,38.64796447753906,42901100,0.0,0.0,0.0
2020-09-22,38.5077728965285,38.52529674344592,38.04339930904708,38.35882186889648,44884000,0.0,0.0,0.0
2020-09-23,38.24492466063008,38.31501671106851,37.72798283710904,37.76302719116211,40837000,0.0,0.0,0.0
2020-09-24,37.23732120052164,37.85064245346721,37.17598940946028,37.58779144287109,46493800,0.0,0.0,0.0
2020-09-25,37.27236637560839,37.64035709712012,37.053323324518544,37.622833251953125,44165700,0.0,0.0,0.0
2020-09-28,38.12226309700197,38.20111875381839,37.859412021724815,38.04340744018555,45528300,0.0,0.0,0.0
2020-09-29,37.929500651294994,38.139780137033945,37.89445295622778,38.01711654663086,25333200,0.0,0.0,0.0
2020-09-30,38.31501338815524,38.73557568130894,38.28872928931188,38.63043594360352,48674300,0.0,0.0,0.0
2020-10-01,38.91957059924182,39.01595008364104,38.69176727984254,38.98966598510742,51521100,0.0,0.0,0.0
2020-10-02,38.40264014767597,38.88453432746055,38.35882885124157,38.54282760620117,32647100,0.0,0.0,0.0
2020-10-05,38.75310631973526,39.05976867675781,38.75310631973526,39.05976867675781,36059100,0.0,0.0,0.0
2020-10-06,39.18243147246164,39.427758679141,38.9984327251196,39.129859924316406,43464800,0.0,0.0,0.0
2020-10-07,39.48908582411783,39.68184480225366,39.37518248773465,39.559181213378906,45691100,0.0,0.0,0.0
2020-10-08,39.69937024041825,39.92717357998112,39.38394766076792,39.88336563110352,29669900,0.0,0.0,0.0
2020-10-09,39.979740772344506,40.26887587733087,39.865837443795016,40.15497589111328,31901900,0.0,0.0,0.0
2020-10-12,40.37401973811793,40.6018230573093,40.28640050586589,40.50544357299805,40037700,0.0,0.0,0.0
2020-10-13,40.36525809880613,40.39154219858882,40.12869117376552,40.33897399902344,35585000,0.0,0.0,0.0
2020-10-14,40.32145453900044,40.42659429190332,40.04983988980778,40.06736373901367,42300500,0.0,0.0,0.0
2020-10-15,39.489086473112685,39.81326929794272,39.4452785252706,39.77822494506836,41119300,0.0,0.0,0.0
2020-10-16,39.91841125488281,40.03231124758531,39.786984072740445,39.91841125488281,31611400,0.0,0.0,0.0
2020-10-19,40.04108280814308,40.20755437528707,39.72566018211637,39.80451583862305,30869500,0.0,0.0,0.0
2020-10-20,40.04983668908009,40.45287516160796,40.032312841274674,40.24259567260742,51631300,0.0,0.0,0.0
2020-10-21,40.30392717522835,40.584302053408585,40.25135563219499,40.35649871826172,42909300,0.0,0.0,0.0
2020-10-22,40.426588182288256,40.46163587540334,40.14621332203157,40.34773254394531,41884100,0.0,0.0,0.0
2020-10-23,40.38278176533287,40.58430099487305,40.19002278823701,40.58430099487305,36931400,0.0,0.0,0.0
2020-10-26,40.10240551007071,40.33897242588569,39.73441141580341,40.05859756469727,53574300,0.0,0.0,0.0
2020-10-27,40.172493897187735,40.34772900506136,40.04107007303128,40.23382568359375,41828600,0.0,0.0,0.0
2020-10-28,39.59422519925386,39.64679674071315,39.19118674172897,39.22623443603516,67047200,0.0,0.0,0.0
2020-10-29,39.37517959923378,39.75193393304364,39.23499217332768,39.62051010131836,44763400,0.0,0.0,0.0
2020-10-30,39.296323857867655,39.35765564764133,38.91080927324287,39.17366027832031,66155200,0.0,0.0,0.0
2020-11-02,39.58546074550426,39.6906004749319,39.35765409902402,39.67307662963867,51001600,0.0,0.0,0.0
2020-11-03,39.7431726468195,39.95345210903987,39.585461378988335,39.84831237792969,49744300,0.0,0.0,0.0
2020-11-04,40.382781053701336,41.25895334530489,40.30392541376373,41.10124206542969,81110200,0.0,0.0,0.0
2020-11-05,41.80217361450195,41.97740871774782,41.45170675034181,41.80217361450195,78029300,0.0,0.0,0.0
2020-11-06,41.76713502487616,42.15265300447327,41.65323502393367,41.99494171142578,57353300,0.0,0.0,0.0
2020-11-09,43.35300412999971,43.39681207565121,42.26655237158157,42.28407287597656,74889400,0.0,0.0,0.0
2020-11-10,42.1175961318782,42.22273585689308,41.61817826014301,41.80217361450195,68735600,0.0,0.0,0.0
2020-11-11,41.74085268478122,42.14389118742821,41.6707606306538,42.07379913330078,46272000,0.0,0.0,0.0
2020-11-12,42.1789317261762,42.32788274720419,41.6532297112899,41.75836944580078,41292600,0.0,0.0,0.0
2020-11-13,42.26655375163032,42.37169349309325,42.0475106738888,42.34540939331055,48143400,0.0,0.0,0.0
2020-11-16,42.80101362357229,43.01129643689068,42.722157986369375,42.87110900878906,63565900,0.0,0.0,0.0
2020-11-17,42.6082617554713,42.94120483760931,42.54692995916524,42.82730484008789,34661600,0.0,0.0,0.0
2020-11-18,43.01129492466964,43.02005517634777,42.66958828958163,42.678348541259766,32343400,0.0,0.0,0.0
2020-11-19,42.476829010884494,42.80977539179817,42.3892131254328,42.748443603515625,27524000,0.0,0.0,0.0
2020-11-20,42.844832231781176,43.10768328659595,42.80978453318387,42.98501968383789,35259100,0.0,0.0,0.0
2020-11-23,43.44938536407534,43.45814561662532,43.00253895271933,43.098915100097656,38979600,0.0,0.0,0.0
2020-11-24,43.45814579299902,43.70347631571192,43.23034246012149,43.677188873291016,39275200,0.0,0.0,0.0
2020-11-25,43.282914186529446,43.45814597764183,43.160247253485736,43.431861877441406,47358000,0.0,0.0,0.0
2020-11-27,43.76480662204694,43.95756225336101,43.72975892823273,43.84366226196289,27040300,0.0,0.0,0.0
2020-11-30,43.20405476885419,43.20405476885419,42.67834941445143,42.69587326049805,60622800,0.0,0.0,0.0
2020-12-01,43.44938285900244,43.70347361862006,43.23910004427325,43.5369987487793,50376400,0.0,0.0,0.0
2020-12-02,43.46690761400361,43.68595068535631,43.30043274068306,43.598331451416016,42826100,0.0,0.0,0.0
2020-12-03,44.010128578582325,44.31679084961702,43.975080888921504,44.097747802734375,61408300,0.0,0.0,0.0
2020-12-04,44.43945999316995,44.57964742705907,44.36060435271156,44.55335998535156,42230900,0.0,0.0,0.0
2020-12-07,44.49202819192082,44.67602691454511,44.37812819973921,44.55335998535156,43115100,0.0,0.0,0.0
2020-12-08,44.500788848741394,44.57088088989258,44.36060142410718,44.57088088989258,28632600,0.0,0.0,0.0
2020-12-09,44.71106960621117,44.71106960621117,43.97508477003628,44.18536758422852,40762600,0.0,0.0,0.0
2020-12-10,44.13279793760153,44.80745101155333,44.10651383807487,44.7548828125,36032000,0.0,0.0,0.0
2020-12-11,44.474505106718055,44.605932290510665,44.36060511258538,44.43946075439453,38034400,0.0,0.0,0.0
2020-12-14,44.54480841024866,44.57136425055917,44.18186395949418,44.20841979980469,34407200,0.0,0.0,0.0
2020-12-15,44.40316220666807,44.712991534135405,44.27923047568114,44.68643569946289,39345000,0.0,0.0,0.0
2020-12-16,44.774959720909465,44.96970813206055,44.67758382689076,44.89889144897461,38243300,0.0,0.0,0.0
2020-12-17,45.191009521484375,45.24412455913805,45.04937279796044,45.191009521484375,36323800,0.0,0.0,0.0
2020-12-18,45.10249509005169,45.16446095550485,44.95200414760375,45.13790512084961,47662800,0.0,0.0,0.0
2020-12-21,44.13759521430431,44.659881367383406,44.119890198298144,44.47398376464844,48558100,0.0,0.0,0.0
2020-12-22,44.35890478152728,44.40316563502764,44.05792625008349,44.11989212036133,35229900,0.0,0.0,0.0
2020-12-23,44.54479807820256,44.668729806755465,44.48283221392611,44.57135391235352,36469400,0.0,0.0,0.0
2020-12-24,44.44742649247563,44.55365659314993,44.13759714105891,44.376609802246094,20689000,0.0,0.0,0.0
2020-12-28,44.58906721659272,44.65103309238872,44.4031695892047,44.50054550170898,26906100,0.0,0.0,0.0
2020-12-29,44.89889834599225,45.199876893335706,44.8634883105667,45.16446685791016,41965900,0.0,0.0,0.0
2020-12-30,45.71330341027091,45.92576022042584,45.669042559747176,45.76641845703125,35759500,0.0,0.0,0.0
2020-12-31,46.02314125347844,46.03199207381628,45.46544501936351,45.739864349365234,35680200,0.0,0.0,0.0
2021-01-04,46.58082820386475,46.74902416093643,45.88149867170432,46.031986236572266,48201300,0.0,0.0,0.0
2021-01-05,46.46576446325145,47.15624338116889,46.46576446325145,47.1385383605957,53358000,0.0,0.0,0.0
2021-01-06,46.78443801119955,47.30672422429873,46.61624540514238,46.740177154541016,56418700,0.0,0.0,0.0
2021-01-07,46.98803282126461,47.18278121948242,46.75787101852615,47.18278121948242,41031300,0.0,0.0,0.0
2021-01-08,48.02376015712844,48.45752463792622,47.74933745483704,48.430965423583984,76024300,0.0,0.0,0.0
2021-01-11,47.79359918137697,48.06801849239811,47.722779116025336,47.77589416503906,40816400,0.0,0.0,0.0
2021-01-12,48.07686739567899,48.342435857735005,47.94408147620788,48.245059967041016,47570500,0.0,0.0,0.0
2021-01-13,48.333582826981605,48.59030047647357,48.05030934370989,48.35128784179688,33561200,0.0,0.0,0.0
2021-01-14,48.88243196231078,49.11259041906027,48.74079520964497,48.80276107788086,38837200,0.0,0.0,0.0
2021-01-15,48.2981789624683,48.39555148424411,47.98834625064403,48.11227798461914,58519000,0.0,0.0,0.0
2021-01-19,49.13030042691468,49.16571046290045,48.79391183882369,48.908992767333984,50429300,0.0,0.0,0.0
2021-01-20,49.74995703231028,49.80306870351245,49.52864939727054,49.76766204833984,38832500,0.0,0.0,0.0
2021-01-21,49.93585297943658,49.97126301032152,49.670284501572354,49.85618209838867,31457000,0.0,0.0,0.0
2021-01-22,49.16571043567919,49.52865486211511,49.103744561181855,49.42242813110352,48223800,0.0,0.0,0.0
2021-01-25,49.97126676153184,50.05093764856044,49.31619464853158,49.794219970703125,50793700,0.0,0.0,0.0
2021-01-26,49.38701356161121,49.510945299229455,49.156851725845975,49.4312744140625,32283000,0.0,0.0,0.0
2021-01-27,48.38670414361089,48.581455954937496,48.023759735066506,48.05916976928711,45279700,0.0,0.0,0.0
2021-01-28,47.97063575854239,48.57259272074846,47.84670403871515,48.395545959472656,38055000,0.0,0.0,0.0
2021-01-29,47.55458331473388,47.66966084782911,46.96147712657004,47.1916389465332,57657800,0.0,0.0,0.0
2021-02-01,48.17424573618855,48.554895149366864,47.944087275071865,48.46637344360352,51427000,0.0,0.0,0.0
2021-02-02,49.17455384556181,49.20996387619164,48.94439540024071,49.09488296508789,33172200,0.0,0.0,0.0
2021-02-03,49.42242525185262,49.52865197667566,49.19226340836824,49.34275436401367,32363100,0.0,0.0,0.0
2021-02-04,49.28964167970353,49.39586840962683,48.98866313084846,49.36045837402344,40161800,0.0,0.0,0.0
2021-02-05,49.581756267470816,49.803063881081336,49.39585868249067,49.78536224365234,24242300,0.0,0.0,0.0
2021-02-08,49.6083214302727,49.96241162840784,49.59946723360953,49.8738899230957,21606000,0.0,0.0,0.0
2021-02-09,49.88273555591988,50.44928589242041,49.873884737063634,50.40502166748047,27200000,0.0,0.0,0.0
2021-02-10,50.85649973392022,50.92731642745488,50.28109848084952,50.58207702636719,30531200,0.0,0.0,0.0
2021-02-11,51.03354478968676,51.34337414497936,50.936168884627165,51.122066497802734,48875000,0.0,0.0,0.0
2021-02-12,50.90075612844654,51.31681556349144,50.82108524464829,51.16632461547852,28400400,0.0,0.0,0.0
2021-02-16,51.45845246480025,51.60008921675531,51.15747394478496,51.29025650024414,34954000,0.0,0.0,0.0
2021-02-17,51.20173379259224,51.34337054176994,50.94501612943064,51.30796051025391,37789100,0.0,0.0,0.0
2021-02-18,50.47585309784813,50.59978485107422,50.05094278240711,50.59978485107422,46118400,0.0,0.0,0.0
2021-02-19,50.90075129579029,51.17517395323793,50.75911455769484,50.92730712890625,39809800,0.0,0.0,0.0
2021-02-22,49.57291116803858,49.90044552844202,49.378159364989,49.4312744140625,46924200,0.0,0.0,0.0
2021-02-23,49.112592874119,49.82077667284901,48.50178498088062,49.65258407592773,40316200,0.0,0.0,0.0
2021-02-24,48.82931550905087,49.351601652647616,48.52833699618347,49.33389663696289,36631300,0.0,0.0,0.0
2021-02-25,49.36045872665248,49.48439385214972,48.138842881590186,48.209659576416016,50895200,0.0,0.0,0.0
2021-02-26,47.89982697973952,47.93523701321168,47.262459884787326,47.563438415527344,68933600,0.0,0.0,0.0
2021-03-01,48.52833595756765,48.97980540564949,48.42210924261925,48.838165283203125,53421400,0.0,0.0,0.0
2021-03-02,48.572599008371405,48.60800904058754,48.20965462037235,48.360145568847656,38533600,0.0,0.0,0.0
2021-03-03,48.72309576415838,48.84702751479976,48.08572861584621,48.26277542114258,43013300,0.0,0.0,0.0
2021-03-04,48.06802999092012,48.289337682753896,46.89067482634583,47.1385383605957,70653800,0.0,0.0,0.0
2021-03-05,47.81130832795462,47.8290133470725,46.7401799979765,47.65196990966797,64018500,0.0,0.0,0.0
2021-03-08,46.81099296561578,46.94377552350449,46.25329676720071,46.36837768554688,54120600,0.0,0.0,0.0
2021-03-09,47.05000550537551,47.651962554927046,46.988039636470496,47.38639068603516,42450100,0.0,0.0,0.0
2021-03-10,47.59884902738984,47.61655404434106,46.95263110466052,47.1739387512207,42853900,0.0,0.0,0.0
2021-03-11,48.25391277446157,48.72308723287884,48.041459346815486,48.6611213684082,57247200,0.0,0.0,0.0
2021-03-12,47.6608122437537,47.79359817504883,47.4306537899802,47.79359817504883,41559600,0.0,0.0,0.0
2021-03-15,47.56343677523016,47.91753034396695,47.43950503923824,47.90867614746094,32447400,0.0,0.0,0.0
2021-03-16,48.05916631399351,48.28932476610637,47.89982454834365,48.11227798461914,41261600,0.0,0.0,0.0
2021-03-17,47.4926231497946,48.38670457201718,47.377542226002085,48.17424774169922,57032400,0.0,0.0,0.0
2021-03-18,47.74048236663777,47.88211911521589,47.262457073854165,47.28901290893555,49205900,0.0,0.0,0.0
2021-03-19,47.35983280509747,47.873268127441406,47.20934523765032,47.873268127441406,60265700,0.0,0.0,0.0
2021-03-22,47.57229002976741,47.87326854416811,47.4040940683489,47.73162841796875,24860300,0.0,0.0,0.0
2021-03-23,47.11197483340909,47.27131661568904,46.79329126884922,46.8198471069336,40356400,0.0,0.0,0.0
2021-03-24,46.51886794801444,46.589688017823455,45.74871826171875,45.74871826171875,45315400,0.0,0.0,0.0
2021-03-25,45.64249002359802,46.09395613458787,45.60707998986522,45.9611701965332,73684400,0.0,0.0,0.0
2021-03-26,46.38608506026455,47.20049559609075,46.17362822919997,47.15623474121094,142402800,0.0,0.0,0.0
2021-03-29,46.77557834581375,47.02344179774244,46.598531575770565,46.82869338989258,51309500,0.0,0.0,0.0
2021-03-30,46.81099061472127,47.076559094048186,46.678204686614606,46.97918319702149,44414300,0.0,0.0,0.0
2021-03-31,46.926076753653305,47.377546290477575,46.926076753653305,47.218204498291016,38807500,0.0,0.0,0.0
2021-04-01,47.90867483750462,47.99719991571157,47.6342555372792,47.67851638793945,44592700,0.0,0.0,0.0
2021-04-05,47.970637109393,48.023752152337295,47.75818369138824,47.86441040039063,30891600,0.0,0.0,0.0
2021-04-06,47.87327150691864,48.33358843800848,47.767041405694805,48.12998580932617,31509200,0.0,0.0,0.0
2021-04-07,47.45720491977651,47.58113664235714,47.25360232169602,47.42179489135742,47888100,0.0,0.0,0.0
2021-04-08,47.90867426678574,48.05031101334314,47.79359673181726,47.81129837036133,50373000,0.0,0.0,0.0
2021-04-09,47.35098302490336,47.42179971205428,47.2447529288472,47.40409469604492,35808300,0.0,0.0,0.0
2021-04-12,47.07656586441923,47.17394177545016,46.97033913278863,47.120826721191406,30045900,0.0,0.0,0.0
2021-04-13,47.1296770367327,47.48376723863154,47.05885697022095,47.315574645996094,33697900,0.0,0.0,0.0
2021-04-14,47.74048976070284,47.83786567359813,47.51032789806179,47.55459213256836,27449500,0.0,0.0,0.0
2021-04-15,47.94408143766353,48.032603132648966,47.79359388081105,47.98834228515625,42622000,0.0,0.0,0.0
2021-04-16,48.11227798461914,48.18309804796863,47.89097035198173,48.11227798461914,32031300,0.0,0.0,0.0
2021-04-19,48.01490877283867,48.103430481241446,47.767041910914806,47.93523788452149,34318500,0.0,0.0,0.0
2021-04-20,47.88212297685239,47.97949888251932,47.41295184251546,47.54573440551758,27732600,0.0,0.0,0.0
2021-04-21,47.32443231100143,47.8644235771561,47.21820557275552,47.837867736816406,33407600,0.0,0.0,0.0
2021-04-22,47.873272299221874,47.970644828291874,47.51917870972223,47.6696662902832,39452000,0.0,0.0,0.0
2021-04-23,48.13883793282661,48.413257240285326,48.10342790061047,48.360145568847656,27062900,0.0,0.0,0.0
2021-04-26,48.28047095549559,48.46636854494128,48.183095062866045,48.4221076965332,26805200,0.0,0.0,0.0
2021-04-27,48.41325097328885,48.54603688846722,48.31587846262895,48.395545959472656,25563100,0.0,0.0,0.0
2021-04-28,48.625713215437855,48.98865759715773,48.47522226956614,48.75849914550781,37381000,0.0,0.0,0.0
2021-04-29,48.91784049240311,48.92669468928271,48.24506673568064,48.6434211730957,36617000,0.0,0.0,0.0
2021-04-30,48.04146193038589,48.12998363385122,47.66966334668117,47.78474426269531,46299900,0.0,0.0,0.0
2021-05-03,47.74933423055457,48.006051898245154,47.58999246280776,47.78474426269531,20628000,0.0,0.0,0.0
2021-05-04,47.43065194853557,47.50146863276015,46.89951162086253,47.2447509765625,38634800,0.0,0.0,0.0
2021-05-05,47.47491483488962,47.625402405876535,47.3244238870162,47.46606063842773,26062900,0.0,0.0,0.0
2021-05-06,47.71393123939699,47.94408971221331,47.56344027968545,47.91753387451172,29454200,0.0,0.0,0.0
2021-05-07,48.209658776110416,48.62571824829857,48.1476929028339,48.41326141357422,41590600,0.0,0.0,0.0
2021-05-10,48.21851154818721,48.23621656529817,47.50147355118354,47.54573440551758,40686800,0.0,0.0,0.0
2021-05-11,46.65165356243576,47.43065744042347,46.61624352778023,47.4129524230957,37374100,0.0,0.0,0.0
2021-05-12,46.63394689954959,46.83754952630424,46.040840659102,46.10280990600586,53632900,0.0,0.0,0.0
2021-05-13,46.244446150310935,46.48345543093651,45.80183086830021,46.04084014892578,42935200,0.0,0.0,0.0
2021-05-14,46.571980609499526,46.95263002296456,46.4568996904112,46.87295913696289,40363000,0.0,0.0,0.0
2021-05-17,46.57197574217428,46.8641000423922,46.5011556834025,46.82869338989258,23169500,0.0,0.0,0.0
2021-05-18,47.43950933773901,47.69622702949008,47.37754346412831,47.45721435546875,32405300,0.0,0.0,0.0
2021-05-19,46.872959360957566,47.492621435388834,46.83754932770169,47.315574645996094,46284100,0.0,0.0,0.0
2021-05-20,47.38638990345554,47.68736842326069,47.37753908385239,47.58999252319336,33273000,0.0,0.0,0.0
2021-05-21,47.572297191345406,47.572297191345406,46.97034007192481,47.04115676879883,39110900,0.0,0.0,0.0
2021-05-24,47.2624604605072,47.54573397796179,47.16508455571593,47.43065643310547,22436200,0.0,0.0,0.0
2021-05-25,48.04145897807982,48.12112985705718,47.82900217517807,47.89982223510742,40993700,0.0,0.0,0.0
2021-05-26,48.08572509865039,48.30703274486173,48.06802008172707,48.2539176940918,26984700,0.0,0.0,0.0
2021-05-27,48.29818545757925,48.39555799244966,48.15654868871953,48.26277542114258,35598900,0.0,0.0,0.0
2021-05-28,48.38670370571365,48.6876822400915,48.368998688763575,48.572601318359375,43730300,0.0,0.0,0.0
2021-06-01,49.69684586854211,49.732255903368895,49.41357234370143,49.57291412353516,41656100,0.0,0.0,0.0
2021-06-02,49.502093119198825,49.68799411008592,49.36931055643573,49.65258407592773,24532400,0.0,0.0,0.0
2021-06-03,49.13915015755907,49.27193610111705,48.988662573287726,49.1214485168457,40790400,0.0,0.0,0.0
2021-06-04,49.46668050272352,49.59946304949042,49.395860442938776,49.564056396484375,29038100,0.0,0.0,0.0
2021-06-07,49.31619644165039,49.34275565621672,49.09488878928949,49.31619644165039,24830500,0.0,0.0,0.0
2021-06-08,49.14799901778847,49.17455485286162,48.91783719086631,49.077178955078125,38113700,0.0,0.0,0.0
2021-06-09,49.02407196183323,49.15685452675291,48.89128602002677,48.935546875,30916900,0.0,0.0,0.0
2021-06-10,49.1142606176828,49.39877451941394,49.06980256480279,49.32764434814453,28571100,0.0,0.0,0.0
2021-06-11,49.20316131845624,49.247615971873415,48.9986671993991,49.15870666503906,28375700,0.0,0.0,0.0
2021-06-14,49.19426960485012,49.39876371501325,49.14092198806616,49.29206848144531,26421400,0.0,0.0,0.0
2021-06-15,49.16759588023497,49.17648884585709,48.84751695129095,48.9542121887207,34121300,0.0,0.0,0.0
2021-06-16,48.85641561385386,48.98977958868313,48.0917832814765,48.28738784790039,44138300,0.0,0.0,0.0
2021-06-17,48.49188191028725,48.740830709567945,48.41186216885088,48.55411911010742,27846900,0.0,0.0,0.0
2021-06-18,48.34962254759396,48.43853185954918,48.12734587603306,48.21625518798828,42443600,0.0,0.0,0.0
2021-06-21,48.16290032068701,48.42074203491211,47.9406236825631,48.42074203491211,26977400,0.0,0.0,0.0
2021-06-22,48.01175948533885,48.242925723858185,47.87839213009937,48.19847106933594,35862600,0.0,0.0,0.0
2021-06-23,48.54522273895599,48.81195745281962,48.46520300313145,48.49187850952149,26049200,0.0,0.0,0.0
2021-06-24,48.77639621520421,48.980890358051845,48.73194155661525,48.93643569946289,20096200,0.0,0.0,0.0
2021-06-25,49.36320719411015,49.42544439531048,49.15871304849861,49.34542465209961,24992400,0.0,0.0,0.0
2021-06-28,49.327632500865136,49.45210687901768,49.25650573835186,49.389869689941406,22644900,0.0,0.0,0.0
2021-06-29,49.043126899116096,49.372095438259656,48.93643504160227,49.35431289672852,18308800,0.0,0.0,0.0
2021-06-30,49.00755758743021,49.17649002156316,48.94532039327787,49.03423309326172,33223400,0.0,0.0,0.0
2021-07-01,49.06090233593783,49.12313952644749,48.51854676863434,48.75860595703125,27478400,0.0,0.0,0.0
2021-07-02,48.56300810560694,48.714158011704505,48.41186159118234,48.705265045166016,24289100,0.0,0.0,0.0
2021-07-06,48.11846172307194,48.19848147515696,47.67390829852703,47.85173034667969,38126800,0.0,0.0,0.0
2021-07-07,48.12734609342594,48.13623566799248,47.62055555131174,47.79837417602539,25651700,0.0,0.0,0.0
2021-07-08,46.75811950293733,46.980396168497656,46.64253468717759,46.80257415771485,45146300,0.0,0.0,0.0
2021-07-09,47.32714614953861,47.62944254350391,47.202671762318666,47.61166000366211,28860500,0.0,0.0,0.0
2021-07-12,47.460515323177646,47.68279199221806,47.3716026205578,47.6561164855957,22116100,0.0,0.0,0.0
2021-07-13,47.73612702065515,48.00286168542697,47.69167237375056,47.700565338134766,29025300,0.0,0.0,0.0
2021-07-14,48.12734793963659,48.18069217242788,47.81615855110447,47.90507125854492,19739600,0.0,0.0,0.0
2021-07-15,48.10066869093588,48.26960112609893,47.91395710734034,48.02064895629883,33310600,0.0,0.0,0.0
2021-07-16,48.08289201678108,48.11845370714871,47.54942596119178,47.6472282409668,23386300,0.0,0.0,0.0
2021-07-19,46.900382081507104,46.935947166281366,46.59808564427217,46.8470344543457,33737900,0.0,0.0,0.0
2021-07-20,46.6336467805165,47.11376520929737,46.5269549269006,46.9981803894043,37946000,0.0,0.0,0.0
2021-07-21,46.74923088205541,47.309365648686445,46.70477283469846,47.30047607421875,24101400,0.0,0.0,0.0
2021-07-22,47.433847515472095,47.45163005888232,47.18489869107562,47.3893928527832,27160800,0.0,0.0,0.0
2021-07-23,46.84703212712442,46.85592509371279,46.43804384755717,46.68699264526367,31210100,0.0,0.0,0.0
2021-07-26,45.70897277168719,46.01126916855816,45.61117049745354,45.797882080078125,43701400,0.0,0.0,0.0
2021-07-27,44.81986710047577,44.96212403201344,44.304186995529015,44.87321472167969,73640700,0.0,0.0,0.0
2021-07-28,45.41556994909094,46.18019882984572,45.30887470758517,46.09128952026367,56446200,0.0,0.0,0.0
2021-07-29,46.45581989195547,46.48249200464436,46.1357409729988,46.322452545166016,43339400,0.0,0.0,0.0
2021-07-30,45.7445390186307,46.109072619008906,45.72675647816435,45.87790298461914,59797000,0.0,0.0,0.0
2021-08-02,46.27800161753033,46.45582363033507,46.15352722606885,46.20687484741211,40234700,0.0,0.0,0.0
2021-08-03,46.14463890011808,46.42915277163402,45.95792391620151,46.4024772644043,30589900,0.0,0.0,0.0
2021-08-04,46.74923523160356,46.93594683785221,46.54473769141906,46.642539978027344,32586600,0.0,0.0,0.0
2021-08-05,46.571407318115234,46.73144678659148,46.53584223808213,46.571407318115234,15941700,0.0,0.0,0.0
2021-08-06,46.38468896251076,46.40247150123103,46.04683090184299,46.18019485473633,36049500,0.0,0.0,0.0
2021-08-09,46.384700286094905,46.50028512015738,46.278008419399775,46.331356048583984,24062300,0.0,0.0,0.0
2021-08-10,46.52695638472872,46.55362850105019,46.33135182057664,46.39358901977539,15222600,0.0,0.0,0.0
2021-08-11,46.66920484107428,46.67809441434117,46.313560860296064,46.5180549621582,22374700,0.0,0.0,0.0
2021-08-12,46.126852363607256,46.14463490299576,45.92235824814833,46.10906982421875,25726000,0.0,0.0,0.0
2021-08-13,45.91347238267861,45.99349212646485,45.69119569345831,45.99349212646485,28396200,0.0,0.0,0.0
2021-08-16,45.60228280676189,45.62006534750908,45.38000613493132,45.57560729980469,46222700,0.0,0.0,0.0
2021-08-17,44.74874205695631,45.00658042354073,44.56202707137549,44.73984909057617,78463000,0.0,0.0,0.0
2021-08-18,45.06881629478526,45.24663830875126,44.79319539522714,44.810977935791016,42994800,0.0,0.0,0.0
2021-08-19,43.93076374628106,44.22417059753939,43.89519866279405,44.046348571777344,63275200,0.0,0.0,0.0
2021-08-20,43.681811814974274,44.0908000707477,43.66402927450506,44.010780334472656,44682100,0.0,0.0,0.0
2021-08-23,44.42866351051413,44.73984950323084,44.33086122946804,44.6776123046875,45453900,0.0,0.0,0.0
2021-08-24,45.34443777196142,45.76231897009708,45.34443777196142,45.69118881225586,51292000,0.0,0.0,0.0
2021-08-25,45.637849312074025,45.78899582563134,45.5311540642622,45.74454116821289,25272500,0.0,0.0,0.0
2021-08-26,45.4600221109083,45.51336633706309,45.2644175705472,45.30887222290039,29030600,0.0,0.0,0.0
2021-08-27,45.57560790129861,45.86901473999024,45.433350965116496,45.86901473999024,32971400,0.0,0.0,0.0
2021-08-30,45.93125467909706,46.02905696449847,45.72676053310914,45.9668197631836,18518900,0.0,0.0,0.0
2021-08-31,46.65143112079581,46.695885778877695,46.526956721497335,46.59808349609375,43226700,0.0,0.0,0.0
2021-09-01,46.8825896530542,47.37159759472787,46.8825896530542,47.19377899169922,35980500,0.0,0.0,0.0
2021-09-02,47.14043574163754,47.238238017364594,46.90926610961491,46.98039627075195,24988400,0.0,0.0,0.0
2021-09-03,47.07820832210631,47.29159206648031,47.06042577812956,47.22935485839844,21311000,0.0,0.0,0.0
2021-09-07,47.38049615704365,47.63833791023602,47.34493107556756,47.50497055053711,33509700,0.0,0.0,0.0
2021-09-08,47.22045445974938,47.229344033863605,46.704770977634126,46.811466217041016,53397900,0.0,0.0,0.0
2021-09-09,46.58030012952482,46.8114697741331,46.50028038972549,46.72255706787109,34707100,0.0,0.0,0.0
2021-09-10,47.07820445888919,47.13154869476856,46.66032318891051,46.66921615600586,40329300,0.0,0.0,0.0
2021-09-13,46.731452525917966,46.91816413151368,46.55363049558594,46.7936897277832,35318400,0.0,0.0,0.0
2021-09-14,46.66921198666427,46.69588410222112,46.313567951432894,46.4024772644043,35994400,0.0,0.0,0.0
2021-09-15,46.24243911338342,46.39358901977539,46.05572751578715,46.39358901977539,38735100,0.0,0.0,0.0
2021-09-16,45.72675780380812,45.90457982195399,45.56671832664412,45.86901473999024,43721300,0.0,0.0,0.0
2021-09-17,45.88679176807656,45.94013599294045,45.5844953910487,45.67340469360352,45481400,0.0,0.0,0.0
2021-09-20,44.58870240154821,44.82875822609076,44.073018887084,44.44644546508789,52798200,0.0,0.0,0.0
2021-09-21,44.77541732788086,44.89989173259063,44.57981275380941,44.77541732788086,39347200,0.0,0.0,0.0
2021-09-22,45.19328767350542,45.646730522763264,45.18439470864747,45.33554458618164,46189200,0.0,0.0,0.0
2021-09-23,45.54893188824602,45.73564346507032,45.45112961705064,45.69118881225586,27138400,0.0,0.0,0.0
2021-09-24,45.211079062079,45.29999177637252,45.10438719660002,45.14884185791016,29743500,0.0,0.0,0.0
2021-09-27,45.1932928906968,45.54893351760695,45.05103256992547,45.44224166870117,31181700,0.0,0.0,0.0
2021-09-28,45.21996803494471,45.27331226713553,44.71317747909416,44.85543441772461,44156300,0.0,0.0,0.0
2021-09-29,44.7398498258692,44.86432422385352,44.41977086438211,44.43755340576172,43140500,0.0,0.0,0.0
2021-09-30,44.95323711322913,45.11327659462232,44.70428492457695,44.79319763183594,66460100,0.0,0.0,0.0
2021-10-01,44.78430665741211,44.908781061438695,44.34864624331906,44.74874496459961,45259100,0.0,0.0,0.0
2021-10-04,44.3753189500273,44.41088403498514,43.81518073279745,44.09080505371094,43597100,0.0,0.0,0.0
2021-10-05,44.215269786089145,44.57091377451432,44.170815135454106,44.401981353759766,28761900,0.0,0.0,0.0
2021-10-06,43.74404976210435,44.1974926810025,43.66403002445494,44.15303802490234,57466000,0.0,0.0,0.0
2021-10-07,44.78430277466801,45.2288561171768,44.748741084938665,45.015472412109375,60345100,0.0,0.0,0.0
2021-10-08,45.1310510323376,45.26441838346491,45.02435918643933,45.18439865112305,24990600,0.0,0.0,0.0
2021-10-11,45.406679307791954,45.54893624540994,45.07771077548903,45.09549331665039,26808200,0.0,0.0,0.0
2021-10-12,45.12216441587428,45.18440161270028,44.82875758083213,44.86432266235352,29309400,0.0,0.0,0.0
2021-10-13,45.282204018819066,45.575607463016254,45.15772962481584,45.486698150634766,35305500,0.0,0.0,0.0
2021-10-14,45.726758121307405,45.77121277823432,45.46891636278924,45.62895584106445,23980900,0.0,0.0,0.0
2021-10-15,45.90457398375328,46.26021458314132,45.80677171662802,46.18019485473633,41223700,0.0,0.0,0.0
2021-10-18,45.88680274704876,46.19798877211812,45.85123766084846,46.06462478637695,26239000,0.0,0.0,0.0
2021-10-19,46.42025883536608,46.73144820760936,46.34913206480976,46.6781005859375,40639700,0.0,0.0,0.0
2021-10-20,46.78479759485994,46.78479759485994,46.56252090090076,46.66921615600586,27540300,0.0,0.0,0.0
2021-10-21,46.3135652221541,46.42915003554377,46.224655914422165,46.36691284179688,35404000,0.0,0.0,0.0
2021-10-22,46.4202543111,46.606965881244776,46.10017539561041,46.26910781860352,51231000,0.0,0.0,0.0
2021-10-25,46.48250265114984,46.58030494230673,46.251336374329895,46.50917816162109,32479900,0.0,0.0,0.0
2021-10-26,46.62474842006891,46.67809603654134,46.18908808973112,46.26910781860352,32195200,0.0,0.0,0.0
2021-10-27,45.984595986573225,46.20687264406181,45.85122863541103,45.89568328857422,32422100,0.0,0.0,0.0
2021-10-28,45.691194783571255,45.94014358520508,45.56672038275435,45.94014358520508,27363500,0.0,0.0,0.0
2021-10-29,45.335552204437896,45.40667897689209,45.03325579024353,45.27331161499024,51488900,0.0,0.0,0.0
2021-11-01,45.24663968648176,45.6467383821698,45.21107460427107,45.62895584106445,31197400,0.0,0.0,0.0
2021-11-02,45.29999044780571,45.3266625654749,45.1488405337763,45.219970703125,34098000,0.0,0.0,0.0
2021-11-03,45.16661828595196,45.504479771179966,45.00657881356358,45.433349609375,49350800,0.0,0.0,0.0
2021-11-04,45.53115429474841,45.55782980267288,45.16662067539507,45.32666015625,23722200,0.0,0.0,0.0
2021-11-05,45.48669871569862,45.5044812567304,45.1221651037295,45.27331161499024,23969900,0.0,0.0,0.0
2021-11-08,45.59338654106048,45.74453643063677,45.54004231435217,45.69118881225586,23735200,0.0,0.0,0.0
2021-11-09,45.71786847868247,45.86012881786781,45.43335458365811,45.51337432861328,28482200,0.0,0.0,0.0
2021-11-10,45.62006700170836,45.81566817367429,45.21996829957104,45.32666015625,36032600,0.0,0.0,0.0
2021-11-11,45.92235824814833,46.2335442082657,45.91346528261778,46.10906982421875,55636800,0.0,0.0,0.0
2021-11-12,46.10017604876171,46.28689101322436,46.03793885783167,46.233543395996094,31956200,0.0,0.0,0.0
2021-11-15,46.34023963753147,46.35802217829553,46.03794322788819,46.082401275634766,31610700,0.0,0.0,0.0
2021-11-16,46.15353145142202,46.24244077012764,45.97570942233769,46.1446418762207,32898900,0.0,0.0,0.0
2021-11-17,46.197982605402046,46.2157651461285,45.77121180298567,45.904579162597656,22601900,0.0,0.0,0.0
2021-11-18,45.45113613529247,45.46891867730301,45.12216758728027,45.34444427490234,36719300,0.0,0.0,0.0
2021-11-19,45.39778940221265,45.548935913473386,45.24663949927902,45.27331161499024,36975700,0.0,0.0,0.0
2021-11-22,45.21107172578843,45.33554950560065,44.890996181289374,44.90877532958984,37116100,0.0,0.0,0.0
2021-11-23,44.91767028463559,45.0865993343529,44.6687214973316,44.86432266235352,38638200,0.0,0.0,0.0
2021-11-24,44.57981299819808,44.81098265821765,44.47312113524384,44.80208969116211,32810400,0.0,0.0,0.0
2021-11-26,43.62846037301477,43.66402545083875,43.13055945849657,43.29949188232422,58023300,0.0,0.0,0.0
2021-11-29,43.752935781968375,43.761828747469615,43.32616501306855,43.46842193603516,44405000,0.0,0.0,0.0
2021-11-30,43.46842774192216,43.71737654244659,42.98830929090533,43.423973083496094,81647500,0.0,0.0,0.0
2021-12-01,44.108584169398846,44.43755270051838,43.55733896207122,43.58401107788086,52613200,0.0,0.0,0.0
2021-12-02,44.10858402761126,44.428662982989664,43.87741438576112,44.11747360229492,73971400,0.0,0.0,0.0
2021-12-03,44.06412538612769,44.14414511773611,43.308382722787634,43.495094299316406,79115000,0.0,0.0,0.0
2021-12-06,43.45953504745262,43.85963372791489,43.27282006878836,43.83295822143555,54871300,0.0,0.0,0.0
2021-12-07,44.37531646286637,44.55313848601577,44.3397513799019,44.526466369628906,51825000,0.0,0.0,0.0
2021-12-08,44.5442413864534,44.82875524042496,44.42865996505242,44.70428085327149,38176500,0.0,0.0,0.0
2021-12-09,44.5620249015374,44.73095733780511,44.43755051165977,44.49089813232422,36476000,0.0,0.0,0.0
2021-12-10,44.48200832008681,44.58870356898025,44.36642688796175,44.526466369628906,42011300,0.0,0.0,0.0
2021-12-13,44.172036491835264,44.21712771569487,43.7121005040835,43.82032012939453,50773400,0.0,0.0,0.0
2021-12-14,43.56780807238127,43.838358865396586,43.53173371591523,43.72111892700195,42023900,0.0,0.0,0.0
2021-12-15,43.43253652163888,43.6309420673878,42.972600458595984,43.59486770629883,57129100,0.0,0.0,0.0
2021-12-16,43.9375595150031,44.108907539626045,43.56780597958741,43.64897155761719,60401000,0.0,0.0,0.0
2021-12-17,43.32431362925024,43.60388130612088,43.23412773329183,43.43253326416016,55420900,0.0,0.0,0.0
2021-12-20,42.82830160607372,42.82830160607372,42.52167645201002,42.78320693969727,40091700,0.0,0.0,0.0
2021-12-21,43.13493085444301,43.51370131822932,43.10787336400087,43.50468444824219,31786900,0.0,0.0,0.0
2021-12-22,43.37841835392391,43.73013816045531,43.28823590521733,43.712100982666016,27630800,0.0,0.0,0.0
2021-12-23,43.77522987348036,44.0187266159942,43.64897306778576,43.93756103515625,22174400,0.0,0.0,0.0
2021-12-27,43.94658962498056,44.199103303717415,43.94658962498056,44.1359748840332,27011600,0.0,0.0,0.0
2021-12-28,44.15399986126948,44.19007421690003,43.9736315233566,43.99166870117188,24529800,0.0,0.0,0.0
2021-12-29,43.91051426567277,43.9285514480659,43.59487217439475,43.79327774047852,27939200,0.0,0.0,0.0
2021-12-30,43.76258646109626,44.412258949201735,43.76258646109626,44.29495620727539,34900300,0.0,0.0,0.0
2021-12-31,44.195706230552,44.52956421854761,44.06938177250411,44.07840347290039,30439000,0.0,0.0,0.0
2022-01-03,44.28594082871388,44.448355531837706,44.015241625313,44.39421844482422,27572700,0.0,0.0,0.0
2022-01-04,44.44835153677453,44.44835153677453,44.15058725871362,44.24081802368164,24579500,0.0,0.0,0.0
2022-01-05,44.0332819483832,44.34909649156077,43.50993734627153,43.51895904541016,46425100,0.0,0.0,0.0
2022-01-06,43.63627443638713,43.925017081686455,43.4558094225541,43.71748352050781,34288700,0.0,0.0,0.0
2022-01-07,43.934029348652096,44.19570339041157,43.76258951547336,44.11449432373047,32640900,0.0,0.0,0.0
2022-01-10,44.15960970697928,44.28593759899231,43.8167300406218,44.11449432373047,43581800,0.0,0.0,0.0
2022-01-11,44.49347351506378,45.152167783851496,44.35812391593505,45.13412094116211,57536400,0.0,0.0,0.0
2022-01-12,45.69355471571715,45.91913506359655,45.53113658987735,45.88304138183594,56499100,0.0,0.0,0.0
2022-01-13,45.69355412381554,45.7296478051086,45.19727805332607,45.23337173461914,33229000,0.0,0.0,0.0
2022-01-14,45.10705060679983,45.2965372843882,44.95365417107366,45.215328216552734,40642300,0.0,0.0,0.0
2022-01-18,44.40323682100848,44.66491086226107,44.34909973804802,44.41226196289063,45012000,0.0,0.0,0.0
2022-01-19,44.7461283681562,44.84538429508141,44.5656633593907,44.60175704956055,43998100,0.0,0.0,0.0
2022-01-20,45.35067334776459,45.60332568761385,44.8183035688408,44.86342239379883,58279500,0.0,0.0,0.0
2022-01-21,44.773187240300885,44.83634946340837,44.16863354996271,44.213748931884766,59673800,0.0,0.0,0.0
2022-01-24,43.51896482014281,43.60017389149787,42.58054964939176,43.59115219116211,87752800,0.0,0.0,0.0
2022-01-25,43.33850162356563,43.744546997101295,43.058784154528176,43.50994491577149,54804100,0.0,0.0,0.0
2022-01-26,43.75356604018803,43.834775103573776,42.86928804239532,42.95952224731445,55516700,0.0,0.0,0.0
2022-01-27,42.95050403811543,43.02269141370199,42.4452061773436,42.46325302124024,61062300,0.0,0.0,0.0
2022-01-28,42.55348123935056,42.69785253975725,42.10232049531924,42.67078399658203,48799200,0.0,0.0,0.0
2022-01-31,43.21217560986136,44.123522242422816,43.16706022377333,44.06938171386719,65614900,0.0,0.0,0.0
2022-02-01,44.231802639392455,44.34008026123047,43.85282579983412,44.34008026123047,50158000,0.0,0.0,0.0
2022-02-02,44.51151813117066,44.53858667280905,43.97012320382101,44.26789093017578,35128100,0.0,0.0,0.0
2022-02-03,43.71747029225861,44.01523454921286,43.64528293173466,43.79867935180664,38246800,0.0,0.0,0.0
2022-02-04,43.600170117580895,44.11449304428338,43.50993935370021,43.906959533691406,36644200,0.0,0.0,0.0
2022-02-07,43.717474589831376,44.069379401772,43.68138090602128,43.81673049926758,31917100,0.0,0.0,0.0
2022-02-08,43.744541932191424,44.24984316542827,43.72649509078121,44.24081802368164,25562200,0.0,0.0,0.0
2022-02-09,44.61076784749289,44.96267607751143,44.556630767553806,44.93560409545898,40082900,0.0,0.0,0.0
2022-02-10,44.565652907586205,45.21532540994341,44.55663120820144,44.637840270996094,55440700,0.0,0.0,0.0
2022-02-11,44.65589332682358,44.845380019021896,43.88891797322314,43.96110534667969,53838300,0.0,0.0,0.0
2022-02-14,43.771615267375424,43.87087118496113,43.4197104265413,43.65431594848633,59439800,0.0,0.0,0.0
2022-02-15,44.24082703202954,44.6378507397304,44.204736783943446,44.60175704956055,32938500,0.0,0.0,0.0
2022-02-16,44.54761313197862,45.10705496088381,44.51152288663271,44.92658996582031,47236800,0.0,0.0,0.0
2022-02-17,44.71905095238482,44.80928171783011,44.31300562371486,44.40323638916016,41245300,0.0,0.0,0.0
2022-02-18,44.24082281361527,44.26789479970318,43.870871129859005,43.96110534667969,41312300,0.0,0.0,0.0
2022-02-22,43.3294830898922,43.64529426901238,43.05878730177723,43.338504791259766,60704500,0.0,0.0,0.0
2022-02-23,43.52798644794938,43.55505498885435,42.75198948256534,42.83319854736328,38873700,0.0,0.0,0.0
2022-02-24,40.64056194515443,41.9759973770467,40.61348995903212,41.94892883300781,95679500,0.0,0.0,0.0
2022-02-25,42.12938635891842,42.770037190678586,41.92185284291387,42.72491836547852,58887800,0.0,0.0,0.0
2022-02-28,41.73236390253085,42.27375535470349,41.66920168118014,42.16547775268555,79366600,0.0,0.0,0.0
2022-03-01,41.957949602315125,42.28278589190509,41.36241755209464,41.60604476928711,72297300,0.0,0.0,0.0
2022-03-02,41.64213622898711,41.85869144908071,41.2451125886769,41.67822647094727,61858700,0.0,0.0,0.0
2022-03-03,41.515809331453205,41.59701840145858,41.01051151104932,41.09172058105469,57514100,0.0,0.0,0.0
2022-03-04,40.2796320790354,40.523259302346105,40.03600485572469,40.2615852355957,68351300,0.0,0.0,0.0
2022-03-07,39.57581583057172,39.7201871120579,38.71860984083625,38.75470352172852,77557700,0.0,0.0,0.0
2022-03-08,38.953218783564246,39.36828930319493,38.55619854966041,38.88103485107422,90831500,0.0,0.0,0.0
2022-03-09,39.49461051716771,40.08111739794651,39.350239221982434,39.98186492919922,59840900,0.0,0.0,0.0
2022-03-10,39.35926131341377,39.42242354055522,38.98930965069245,39.23293685913086,59158300,0.0,0.0,0.0
2022-03-11,39.45851208261518,39.50362746153874,38.402797759056206,38.41181945800781,72846700,0.0,0.0,0.0
2022-03-14,37.96067030597148,38.231366103753935,37.37415987570629,37.48244094848633,85651000,0.0,0.0,0.0
2022-03-15,36.95908256080121,37.599729908644186,36.81471127900444,37.53656768798828,85987500,0.0,0.0,0.0
2022-03-16,39.27805453082128,40.64056194896357,39.088567838364426,40.55935287475586,134225700,0.0,0.0,0.0
2022-03-17,40.2074505852264,40.42400583546608,39.83749887749028,40.35182189941406,80743600,0.0,0.0,0.0
2022-03-18,40.01795560808251,41.01051128513419,39.91870313825225,40.92930221557617,77755100,0.0,0.0,0.0
2022-03-21,40.33376977076499,40.46911592391221,39.99088665370893,40.29767608642578,58558700,0.0,0.0,0.0
2022-03-22,40.85710595032892,41.16389531940821,40.83003741373096,41.02854919433594,61380900,0.0,0.0,0.0
2022-03-23,40.63153382400111,41.20901900172215,40.53227791368971,40.75785827636719,76986600,0.0,0.0,0.0
2022-03-24,40.78493195372092,41.010512325763536,40.649582353662026,40.97441864013672,52016600,0.0,0.0,0.0
2022-03-25,40.60446271321766,40.66762493540492,40.37888236481089,40.64957809448242,39294500,0.0,0.0,0.0
2022-03-28,40.685675270305246,40.80297802533364,40.43302635985939,40.78493118286133,49757000,0.0,0.0,0.0
2022-03-29,41.48874276995256,41.59702038776904,41.26316239161957,41.47972106933594,54088200,0.0,0.0,0.0
2022-03-30,41.40752687884568,41.71431628055289,41.27218073937896,41.36241149902344,57717400,0.0,0.0,0.0
2022-03-31,41.172928640336174,41.1999971823124,40.7127427742414,40.73981475830078,74448400,0.0,0.0,0.0
2022-04-01,41.515805959630406,41.64213384655454,41.16390116554913,41.41655349731445,54193400,0.0,0.0,0.0
2022-04-04,41.95794755562917,42.210596460949134,41.813576260863016,42.14743423461914,48057700,0.0,0.0,0.0
2022-04-05,41.9759942336562,41.9759942336562,41.299253146694575,41.37143707275391,45058100,0.0,0.0,0.0
2022-04-06,41.10074336723121,41.15488389602641,40.63153577725614,40.83004760742188,56877100,0.0,0.0,0.0
2022-04-07,40.595441266942736,40.69469372951095,40.3066952524652,40.50520706176758,38954900,0.0,0.0,0.0
2022-04-08,40.62251461521962,40.757860775876416,40.49619015510659,40.54130554199219,41263400,0.0,0.0,0.0
2022-04-11,40.189407212936935,40.36084708769555,40.01796389609439,40.0360107421875,47878200,0.0,0.0,0.0
2022-04-12,40.36084401931602,40.39693770875825,39.87358953809682,39.90968322753906,41815200,0.0,0.0,0.0
2022-04-13,40.12623592983035,40.49618758615713,40.099163945749645,40.43302536010742,33529400,0.0,0.0,0.0
2022-04-14,40.216472703630735,40.234519548351855,39.88261468149923,39.90968322753906,38915000,0.0,0.0,0.0
2022-04-18,39.70214277282787,39.96381681265781,39.57581832382943,39.77433013916016,29106500,0.0,0.0,0.0
2022-04-19,39.3592660455392,39.60289328326866,39.187826185840805,39.57582473754883,40066400,0.0,0.0,0.0
2022-04-20,39.62093411058243,39.629955810424384,39.26902930133341,39.34121322631836,36373300,0.0,0.0,0.0
2022-04-21,39.350234798669135,39.42241871710607,38.50205052297623,38.58325958251953,44857400,0.0,0.0,0.0
2022-04-22,38.65545403578987,38.908102959801,38.23136182012826,38.24038696289063,68371900,0.0,0.0,0.0
2022-04-25,37.608754250331984,38.0147995474034,37.5275451909177,37.96065902709961,67643800,0.0,0.0,0.0
2022-04-26,37.71703434913615,37.762149731338624,37.13052749633789,37.13052749633789,70774400,0.0,0.0,0.0
2022-04-27,37.410247966744905,37.79824648091821,37.35611088054241,37.56364440917969,61594000,0.0,0.0,0.0
2022-04-28,37.8704318153895,38.15917439988598,37.48243332208178,38.10503387451172,43763100,0.0,0.0,0.0
2022-04-29,38.82689388535693,38.99833717700742,38.21331497668698,38.24038696289063,61703900,0.0,0.0,0.0
2022-05-02,38.13210443635704,38.33061626449649,37.72606252182933,38.18624496459961,55015700,0.0,0.0,0.0
2022-05-03,38.42986777493971,38.5200985362546,38.28549649158614,38.46596145629883,45593000,0.0,0.0,0.0
2022-05-04,38.07796924040312,38.953218783564246,37.84336371512271,38.88103485107422,57175300,0.0,0.0,0.0
2022-05-05,38.07796433131829,38.14112655488537,37.103455552712425,37.44633865356445,63268900,0.0,0.0,0.0
2022-05-06,37.09443258956731,37.211735333089,36.71545581899069,36.93201446533203,67425600,0.0,0.0,0.0
2022-05-09,36.26429926724988,36.46281109554928,35.84021050963293,35.867279052734375,83251500,0.0,0.0,0.0
2022-05-10,36.40866699769216,36.45378582121544,35.72290425038365,36.03871536254883,69865000,0.0,0.0,0.0
2022-05-11,36.28234406331664,36.56206494722455,35.758999421071984,35.786067962646484,75198500,0.0,0.0,0.0
2022-05-12,35.41611829588766,35.86727903851043,35.14542253873066,35.55146789550781,73481300,0.0,0.0,0.0
2022-05-13,35.94848572931138,36.54401773245322,35.92141718801318,36.53499603271485,49196100,0.0,0.0,0.0
2022-05-16,36.26429710818672,36.54401799122005,36.18308804163402,36.390625,32425000,0.0,0.0,0.0
2022-05-17,37.35610765289653,37.40122303486165,36.98615601344976,37.28392028808594,49516400,0.0,0.0,0.0
2022-05-18,37.022247248650906,37.17564368195406,36.336484474937166,36.390625,53296300,0.0,0.0,0.0
2022-05-19,36.53499903873446,37.13053109087538,36.53499903873446,36.96811294555664,55163500,0.0,0.0,0.0
2022-05-20,37.365129114164965,37.50047870128015,36.62522583999005,37.12150192260742,59025400,0.0,0.0,0.0
2022-05-23,37.34708170656249,37.50949983180381,37.15759504114192,37.40122222900391,36619400,0.0,0.0,0.0
2022-05-24,36.82373995064766,36.85080849292877,36.40866946386588,36.75155258178711,46400400,0.0,0.0,0.0
2022-05-25,36.65229359757507,37.02224522675923,36.58913137615945,36.93201446533203,37863200,0.0,0.0,0.0
2022-05-26,36.86885875686577,37.59973700295256,36.86885875686577,37.50950622558594,51355800,0.0,0.0,0.0
2022-05-27,37.77117567618513,37.96066235071454,37.65387292629797,37.9426155090332,31262900,0.0,0.0,0.0
2022-05-31,38.91712606599465,38.92614776620147,38.4749870300293,38.4749870300293,72069000,0.0,0.0,0.0
2022-06-01,38.71861140892054,38.76372679082159,38.04187035415585,38.204288482666016,40495600,0.0,0.0,0.0
2022-06-02,38.35768622890606,38.88103436172679,38.258433753241874,38.86298751831055,44322300,0.0,0.0,0.0
2022-06-03,38.4930392937908,38.5020609952682,38.14113442074841,38.23136520385742,39337000,0.0,0.0,0.0
2022-06-06,38.91712893541923,39.007359712473225,38.339643701273225,38.43889617919922,43126000,0.0,0.0,0.0
2022-06-07,38.20428949832024,38.5922879887335,38.141127273563015,38.55619430541992,57455300,0.0,0.0,0.0
2022-06-08,38.74568606613031,38.917129363334936,38.60131475600637,38.76373291015625,43591800,0.0,0.0,0.0
2022-06-09,38.41975271615953,38.50165189917395,37.81915986449845,37.846458435058594,53116000,0.0,0.0,0.0
2022-06-10,37.76456302147759,37.83736384534984,37.33686685956398,37.4278678894043,44176700,0.0,0.0,0.0
2022-06-13,36.45417983883824,36.68167720896528,35.97188305366152,36.11748123168945,67647000,0.0,0.0,0.0
2022-06-14,36.49057190147679,36.77266985240147,36.39047598792344,36.61797332763672,58868400,0.0,0.0,0.0
2022-06-15,36.74537399687127,37.35506524610094,36.545175212307896,37.10026931762695,67577900,0.0,0.0,0.0
2022-06-16,35.99008238640231,36.14478239942822,35.72618461033912,35.96278381347656,68035800,0.0,0.0,0.0
2022-06-17,36.35407688647756,36.44507443709841,35.87178014845172,36.09927749633789,63646300,0.0,0.0,0.0
2022-06-21,36.61797216718379,36.836367662440416,36.56337155770273,36.681671142578125,35943900,0.0,0.0,0.0
2022-06-22,35.92638223582713,36.26307735254108,35.8626832535119,36.02648162841797,41337900,0.0,0.0,0.0
2022-06-23,36.13567352294922,36.32677043887913,35.817178663066045,36.13567352294922,44261600,0.0,0.0,0.0
2022-06-24,36.55427183524999,37.01836836435412,36.49057285617044,36.99106979370117,41176300,0.0,0.0,0.0
2022-06-27,37.23676298690673,37.254963190687306,36.97286871042324,37.03656768798828,27076400,0.0,0.0,0.0
2022-06-28,37.336866484287,37.48246465923373,36.78177235751062,36.80907440185547,31095700,0.0,0.0,0.0
2022-06-29,36.7271740191339,36.80907320684095,36.545175438525526,36.66347503662109,33969200,0.0,0.0,0.0
2022-06-30,36.172075197294056,36.57246924539528,35.953676234753736,36.490570068359375,52233200,0.0,0.0,0.0
2022-07-01,36.05377963343472,36.27217862031941,35.8262822797913,36.26307678222656,44010400,0.0,0.0,0.0
2022-07-05,35.51688717006441,35.98098373413086,35.37128899672351,35.98098373413086,49452600,0.0,0.0,0.0
2022-07-06,35.71708590805182,35.86268408118031,35.45318813446446,35.7625846862793,36060300,0.0,0.0,0.0
2022-07-07,36.25397847605452,36.64527420268185,36.2448801092806,36.481475830078125,56831500,0.0,0.0,0.0
2022-07-08,36.36317623401229,36.63617236457379,36.226679904398615,36.481475830078125,20993400,0.0,0.0,0.0
2022-07-11,35.65338778847408,35.69888656780441,35.362191435158735,35.507789611816406,52682500,0.0,0.0,0.0
2022-07-12,35.36218611889878,35.553283046157766,35.19838776086713,35.37128448486328,24669600,0.0,0.0,0.0
2022-07-13,34.85259603457602,35.48049099103161,34.85259603457602,35.289390563964844,39435300,0.0,0.0,0.0
2022-07-14,34.91629324471513,35.034592841869035,34.62509690659334,34.97089385986328,43245400,0.0,0.0,0.0
2022-07-15,34.98909468937262,35.18929000582043,34.68879650769955,35.15289306640625,44468400,0.0,0.0,0.0
2022-07-18,35.70798663182835,35.889981740104744,35.3439894726072,35.398590087890625,38982900,0.0,0.0,0.0
2022-07-19,35.80808351674622,36.01738414529965,35.735286165742906,35.98098373413086,33006200,0.0,0.0,0.0
2022-07-20,35.84448270618476,35.94458209782,35.662484127878336,35.8262825012207,38969800,0.0,0.0,0.0
2022-07-21,35.944578684789704,36.253975197132384,35.88087970913096,36.23577499389648,36814900,0.0,0.0,0.0
2022-07-22,36.15387835850979,36.226679176575104,35.707985497529,35.87178039550781,25611800,0.0,0.0,0.0
2022-07-25,35.93548086346375,36.03557677577749,35.84447984590506,35.99917984008789,21653200,0.0,0.0,0.0
2022-07-26,36.00828314545582,36.09928070416283,35.65338780663042,35.71708679199219,22891400,0.0,0.0,0.0
2022-07-27,36.0082864098679,36.47238302681665,35.86268821993655,36.38138198852539,37678900,0.0,0.0,0.0
2022-07-28,36.4359762031933,36.59067273407864,36.02648028124085,36.536075592041016,37796700,0.0,0.0,0.0
2022-07-29,36.06288353428177,36.39048029767989,35.89908515258271,36.36317825317383,54050700,0.0,0.0,0.0
2022-08-01,35.9900806207928,36.31767736516762,35.77168510543235,36.05377960205078,34808000,0.0,0.0,0.0
2022-08-02,35.73528789748423,36.2630799996716,35.65338870405272,35.88088607788086,41014300,0.0,0.0,0.0
2022-08-03,35.93548178325771,36.235776470552935,35.789883622770994,36.16297912597656,34939500,0.0,0.0,0.0
2022-08-04,36.39957399688095,36.526971950456605,36.272176043305286,36.41777420043945,31865200,0.0,0.0,0.0
2022-08-05,36.19028008832856,36.50877500065278,36.16298151622482,36.45417785644531,28488300,0.0,0.0,0.0
2022-08-08,36.51787977207211,36.71807510246976,36.41778037120604,36.49967956542969,39087300,0.0,0.0,0.0
2022-08-09,36.53607847348636,36.59067561982982,36.29038090093776,36.36317825317383,22828600,0.0,0.0,0.0
2022-08-10,36.608871504080646,36.854569047624885,36.472375183000906,36.81816864013672,27028200,0.0,0.0,0.0
2022-08-11,37.1184718372412,37.49156738634295,36.89097446653685,36.96377182006836,39235300,0.0,0.0,0.0
2022-08-12,36.96376867011677,37.37326459675535,36.94556846545128,37.35506439208984,24877900,0.0,0.0,0.0
2022-08-15,37.02746325290988,37.25496057720694,37.000164684821,37.18216323852539,29734500,0.0,0.0,0.0
2022-08-16,37.09116980790264,37.2731683988098,37.05477286678872,37.17306900024414,20907000,0.0,0.0,0.0
2022-08-17,36.99107300900548,37.20037016864976,36.90917381859387,37.01837158203125,34206700,0.0,0.0,0.0
2022-08-18,36.88187175366168,36.90917379800653,36.636174182563884,36.80907440185547,30611900,0.0,0.0,0.0
2022-08-19,36.4723845249231,36.508781470399946,36.199384870170505,36.30858612060547,36042800,0.0,0.0,0.0
2022-08-22,36.0173800133237,36.12657776296846,35.953677565419234,35.99007797241211,26934100,0.0,0.0,0.0
2022-08-23,36.026478707804536,36.32677338989843,35.95367789315517,36.1811752319336,33028200,0.0,0.0,0.0
2022-08-24,35.88998679664175,36.39048382891935,35.86268822082103,36.17208480834961,23561600,0.0,0.0,0.0
2022-08-25,36.5633742341367,36.96376831897185,36.49057341616628,36.95466995239258,44653100,0.0,0.0,0.0
2022-08-26,37.23676640311173,37.27316681401236,36.37227920789456,36.40867614746094,41080900,0.0,0.0,0.0
2022-08-29,36.244877680418746,36.46327318169904,36.17207686576938,36.1811752319336,22689800,0.0,0.0,0.0
2022-08-30,36.29947504654462,36.30857688409953,35.61698302595128,35.75348281860352,34508600,0.0,0.0,0.0
2022-08-31,36.09928161280859,36.25398163210564,35.8535875038485,35.88088607788086,37142200,0.0,0.0,0.0
2022-09-01,35.53508641822861,35.607887238604725,35.23479171251256,35.598785400390625,38353400,0.0,0.0,0.0
2022-09-02,35.53508842507637,35.68978844144523,35.189291451429234,35.27119064331055,35916900,0.0,0.0,0.0
2022-09-06,35.143792637960125,35.19839325627323,34.825297709469616,34.852596282958984,50091500,0.0,0.0,0.0
2022-09-07,34.688796197884315,35.17109295765769,34.6523992587952,35.161991119384766,39074600,0.0,0.0,0.0
2022-09-08,34.797997118895395,35.007294269962046,34.688795888599095,34.97089385986328,55415100,0.0,0.0,0.0
2022-09-09,35.28938710171944,35.57148505964851,35.280288735291926,35.489585876464844,26119600,0.0,0.0,0.0
2022-09-12,35.826283155493975,36.07198071999455,35.735285600346,36.01738357543945,41791000,0.0,0.0,0.0
2022-09-13,35.31669199388839,35.46229016781712,34.84349706078645,34.907196044921875,44191300,0.0,0.0,0.0
2022-09-14,35.12558452374476,35.18928349510178,34.93448760967367,35.08008575439453,37146200,0.0,0.0,0.0
2022-09-15,34.8252965176874,35.05279387920508,34.643297934206394,34.70699691772461,47618900,0.0,0.0,0.0
2022-09-16,34.379398375688005,34.49769796950503,34.22470184413303,34.38850021362305,67125000,0.0,0.0,0.0
2022-09-19,34.106403998305474,34.52499831008489,34.08820379283669,34.49769973754883,33531700,0.0,0.0,0.0
2022-09-20,34.33390105031744,34.461299016116875,34.17920451222792,34.306602478027344,36967300,0.0,0.0,0.0
2022-09-21,34.10640240106774,34.32480138513112,33.68780810889153,33.733306884765625,62370500,0.0,0.0,0.0
2022-09-22,33.71510576050303,33.806106781103075,33.49671025373091,33.56950759887695,41989200,0.0,0.0,0.0
2022-09-23,32.950714068510386,32.99621284248667,32.57761856777058,32.741416931152344,49807100,0.0,0.0,0.0
2022-09-26,32.54122162724509,32.72322021387567,32.277327321531786,32.341026306152344,53011900,0.0,0.0,0.0
2022-09-27,32.55941856303908,32.78691590564575,32.15902448973158,32.304622650146484,47114100,0.0,0.0,0.0
2022-09-28,32.09532443625161,32.668618692387426,32.022523622816145,32.58671951293945,49946800,0.0,0.0,0.0
2022-09-29,32.01342650035757,32.03162670442342,31.594832220844992,31.858726501464844,43114100,0.0,0.0,0.0
2022-09-30,31.776831588294367,32.07712978872724,31.713132601172443,31.740434646606445,50082400,0.0,0.0,0.0
2022-10-03,31.95882658918671,32.34102394028518,31.81322842480016,32.259124755859375,41489700,0.0,0.0,0.0
2022-10-04,32.94162078085146,33.41481574009182,32.91431873518938,33.31471633911133,51598600,0.0,0.0,0.0
2022-10-05,33.223711218523256,33.45120856682448,32.98711550367697,33.33291244506836,30037200,0.0,0.0,0.0
2022-10-06,33.22371086769707,33.41481127646605,33.1054147471901,33.132713317871094,29747200,0.0,0.0,0.0
2022-10-07,32.823317849626896,32.877918464087884,32.38652334794135,32.441123962402344,35957400,0.0,0.0,0.0
2022-10-10,32.2318219293597,32.250022133382,31.867828262915584,31.986127853393555,31109900,0.0,0.0,0.0
2022-10-11,31.63123234024279,31.858729706954744,31.37643640035239,31.47653579711914,46679000,0.0,0.0,0.0
2022-10-12,31.503829986381334,31.67673018267645,31.40373060354392,31.51293182373047,42471500,0.0,0.0,0.0
2022-10-13,30.712144085610024,31.776830081004046,30.639343263018493,31.603933334350582,51431200,0.0,0.0,0.0
2022-10-14,31.804132953203315,31.813231320597,31.1034406385207,31.130739212036133,33384600,0.0,0.0,0.0
2022-10-17,31.76772887645992,32.09532560619339,31.76772887645992,31.986127853393555,51122100,0.0,0.0,0.0
2022-10-18,32.29552791329886,32.36832526602052,31.758633985556,31.995229721069336,33911100,0.0,0.0,0.0
2022-10-19,31.494737176097903,31.67673577051322,31.294538375107614,31.41283798217773,31393700,0.0,0.0,0.0
2022-10-20,31.64032995686491,32.10442299564296,31.57663098039212,31.6130313873291,44240000,0.0,0.0,0.0
2022-10-21,31.54023889675827,32.1317335159081,31.421939278661352,32.095333099365234,43879500,0.0,0.0,0.0
2022-10-24,30.912342641243463,30.948739580928063,30.475548123019948,30.87594223022461,55046000,0.0,0.0,0.0
2022-10-25,30.92144204863759,31.194438197795066,30.89414347512216,31.130739212036133,31871500,0.0,0.0,0.0
2022-10-26,31.221735103071826,31.92242730240983,31.221735103071826,31.64032936096192,37973800,0.0,0.0,0.0
2022-10-27,31.42193281795303,31.7131291477531,31.35823383776765,31.39463424682617,34227600,0.0,0.0,0.0
2022-10-28,30.96693780217688,31.239937395991124,30.89414045613804,31.203536987304688,46296700,0.0,0.0,0.0
2022-10-31,30.866839821199257,31.185338204725124,30.866839821199257,31.112537384033203,44107400,0.0,0.0,0.0
2022-11-01,31.940623149282303,31.986125391502856,31.57662951085386,31.685827255249023,50932800,0.0,0.0,0.0
2022-11-02,31.758632718633493,32.14082661567794,31.394635555542788,31.421934127807617,47639100,0.0,0.0,0.0
2022-11-03,31.21263759125681,31.7040327297468,31.19443738560893,31.603933334350582,38319300,0.0,0.0,0.0
2022-11-04,32.78691605955721,32.94161605834961,32.45931932925234,32.94161605834961,70533600,0.0,0.0,0.0
2022-11-07,33.15091674974171,33.223714102423386,32.84152019034231,32.95981979370117,38404800,0.0,0.0,0.0
2022-11-08,33.023514405673055,33.369307859951945,32.905214817980855,33.1964111328125,36282400,0.0,0.0,0.0
2022-11-09,32.95071610122083,33.10541610788427,32.57762057746498,32.62311935424805,34148700,0.0,0.0,0.0
2022-11-10,33.50581596992508,33.83341277327855,33.36931614474955,33.806114196777344,53986900,0.0,0.0,0.0
2022-11-11,34.46130285376982,34.77069943573788,34.3794036564449,34.72520065307617,52270400,0.0,0.0,0.0
2022-11-14,34.53409604681298,34.76159338115123,34.37939605436937,34.51589584350586,42158100,0.0,0.0,0.0
2022-11-15,35.598786835191866,35.63518724684704,35.07099475152917,35.30759048461914,77069300,0.0,0.0,0.0
2022-11-16,35.00729452718706,35.052793304477746,34.68879614348386,34.7433967590332,49376500,0.0,0.0,0.0
2022-11-17,34.11550789578739,34.85259716942286,34.10640605683651,34.807098388671875,56473600,0.0,0.0,0.0
2022-11-18,34.70699100952133,34.7160928463798,34.44309328196415,34.60689163208008,45040200,0.0,0.0,0.0
2022-11-21,34.16100279918776,34.242901983777564,33.98810259209035,34.170101165771484,29250900,0.0,0.0,0.0
2022-11-22,34.08820053911689,34.261100738899934,34.02450156172332,34.25199890136719,33677500,0.0,0.0,0.0
2022-11-23,34.297500383000035,34.5613981509432,34.28840201608284,34.53409957885742,43490300,0.0,0.0,0.0
2022-11-25,34.43400309547097,34.470403508883656,34.34300553327375,34.370304107666016,19986900,0.0,0.0,0.0
2022-11-28,34.206504507392104,34.579600053324604,34.206504507392104,34.21560287475586,45015900,0.0,0.0,0.0
2022-11-29,34.943595572277346,35.10739394772038,34.86169638455583,34.952693939208984,50909500,0.0,0.0,0.0
2022-11-30,35.707987875944816,36.10838198797103,35.47138867280737,35.96278381347656,103403400,0.0,0.0,0.0
2022-12-01,36.06288140837725,36.13567875632192,35.71708445947124,35.844482421875,50195900,0.0,0.0,0.0
2022-12-02,35.498686964480015,36.09018149630297,35.498686964480015,35.98098373413086,47593700,0.0,0.0,0.0
2022-12-05,35.97187767392324,35.99007787737161,35.48048606615253,35.57148361206055,62268800,0.0,0.0,0.0
2022-12-06,35.70798811966456,35.753486898629454,35.434988503206604,35.5259895324707,31558200,0.0,0.0,0.0
2022-12-07,35.26208792596755,35.453184859672,35.19838894806607,35.316688537597656,46263200,0.0,0.0,0.0
2022-12-08,35.66248557562905,35.85358599984247,35.544189445561564,35.744384765625,41138200,0.0,0.0,0.0
2022-12-09,35.80808433246408,35.86268495046109,35.507789611816406,35.507789611816406,48742700,0.0,0.0,0.0
2022-12-12,35.38038988279615,35.398590087890625,35.098291910833055,35.398590087890625,41524600,0.0,0.0,0.0
2022-12-13,36.13213682992596,36.22452134778176,35.57781915006084,35.651729583740234,60886900,0.0,0.0,0.0
2022-12-14,35.66096359705083,35.84573614131266,35.393047108326485,35.670204162597656,62300900,0.0,0.0,0.0
2022-12-15,35.40228314803558,35.522385827044324,34.82025088356265,34.84796905517578,48081300,0.0,0.0,0.0
2022-12-16,35.01427009102435,35.17132448582078,34.894167391081176,34.94960021972656,48065200,0.0,0.0,0.0
2022-12-19,35.20827114278988,35.20827114278988,34.91263651039576,34.9773063659668,22995200,0.0,0.0,0.0
2022-12-20,34.857205058765686,35.106647450401375,34.820249847210114,34.96806716918945,25688000,0.0,0.0,0.0
2022-12-21,34.91263922898597,35.28218078613281,34.838728803010746,35.28218078613281,23607700,0.0,0.0,0.0
2022-12-22,35.18055787351252,35.208272520057726,34.70938773678635,34.96806716918945,27011800,0.0,0.0,0.0
2022-12-23,34.91263795921059,35.02350006989828,34.74634303105759,34.921875,19543300,0.0,0.0,0.0
2022-12-27,35.226748516880924,35.62400821235143,35.18055626666773,35.43923568725586,42338900,0.0,0.0,0.0
2022-12-28,35.34684936117191,35.38380457281546,34.90339739417823,34.921875,31813900,0.0,0.0,0.0
2022-12-29,35.31913372122189,35.55933906590629,35.27294147008808,35.50390625,27088700,0.0,0.0,0.0
2022-12-30,35.23599121408999,35.39304911912062,34.88492371247153,35.01426696777344,38297800,0.0,0.0,0.0
2023-01-03,35.42076048935876,35.697917533715085,35.20827330454416,35.309898376464844,35557900,0.0,0.0,0.0
2023-01-04,35.938125894405545,36.40929255677708,35.73487573357221,36.372337341308594,57044200,0.0,0.0,0.0
2023-01-05,36.02126897192763,36.33538121659647,36.012028407066346,36.26147079467773,25175600,0.0,0.0,0.0
2023-01-06,36.49243967361348,37.0375167616068,36.27071190720802,37.019039154052734,49058000,0.0,0.0,0.0
2023-01-09,37.46249092658222,37.582593612805255,37.27771837644907,37.29619598388672,59967500,0.0,0.0,0.0
2023-01-10,37.39781868482133,37.57335065795324,37.2130461464365,37.56411361694336,34936500,0.0,0.0,0.0
2023-01-11,37.49944078473138,37.730405558344096,37.43477093005924,37.721168518066406,41854800,0.0,0.0,0.0
2023-01-12,37.77659748658116,37.98908465358657,37.41629300669185,37.90593719482422,42088800,0.0,0.0,0.0
2023-01-13,37.8597494031434,38.18310223606699,37.85051236185673,38.1553840637207,32838900,0.0,0.0,0.0
2023-01-17,37.89670554058522,37.9890900526765,37.78584342122702,37.94289779663086,41016000,0.0,0.0,0.0
2023-01-18,38.27548096277541,38.32167321071574,37.66573412693238,37.68421173095703,54860300,0.0,0.0,0.0
2023-01-19,37.84126804691151,38.10918803283944,37.82279044192585,37.97060775756836,33834900,0.0,0.0,0.0
2023-01-20,38.23853056283534,38.552642822265625,38.11842788369471,38.552642822265625,42854900,0.0,0.0,0.0
2023-01-23,38.608075425647975,39.01457219030466,38.58035725415924,38.82979965209961,38252700,0.0,0.0,0.0
2023-01-24,38.6819817478528,38.88523188926283,38.62655245419042,38.85751724243164,34713300,0.0,0.0,0.0
2023-01-25,38.65427216894443,38.894474029541016,38.44178495881268,38.894474029541016,30325100,0.0,0.0,0.0
2023-01-26,39.20857856884729,39.29172602803994,38.99609140074223,39.26401138305664,28722100,0.0,0.0,0.0
2023-01-27,39.13467552596414,39.15315313251924,38.894470164990885,39.07924270629883,36989100,0.0,0.0,0.0
2023-01-30,38.46025549197298,38.63578745303143,38.2754829662972,38.29396057128906,38598300,0.0,0.0,0.0
2023-01-31,37.96137303352475,38.2108154296875,37.88746260907223,38.2108154296875,43197800,0.0,0.0,0.0
2023-02-01,38.3863492839314,38.82980127966516,38.1276698341475,38.68198394775391,51809100,0.0,0.0,0.0
2023-02-02,38.68198408933125,38.70970226208325,38.26624674048324,38.451019287109375,45943800,0.0,0.0,0.0
2023-02-03,37.97985169177605,38.24777170147399,37.67497646882809,37.767364501953125,42341000,0.0,0.0,0.0
2023-02-06,37.092951672786505,37.28696127666293,36.95437137044992,37.21305084228516,41471500,0.0,0.0,0.0
2023-02-07,37.26847822669344,37.50868005486362,37.00055822755684,37.3608627319336,31941600,0.0,0.0,0.0
2023-02-08,37.45325850288598,37.50868780778995,37.15762379591917,37.31467819213867,38255400,0.0,0.0,0.0
2023-02-09,37.84127162733494,37.87822684080286,37.36086442498144,37.49020767211914,27083800,0.0,0.0,0.0
2023-02-10,37.27771539472349,37.29619300068317,37.00979891891564,37.12989807128906,34463800,0.0,0.0,0.0
2023-02-13,37.259240524915406,37.508679389487554,37.17609306197705,37.43477249145508,20906700,0.0,0.0,0.0
2023-02-14,37.16685938343241,37.54564155716812,37.04675668710346,37.37010955810547,21664300,0.0,0.0,0.0
2023-02-15,36.806549725946645,37.05599212646485,36.74187986554301,37.05599212646485,31114000,0.0,0.0,0.0
2023-02-16,36.88045877238142,37.2407668324694,36.778837217439104,37.06523132324219,30045300,0.0,0.0,0.0
2023-02-17,36.649488988600496,36.75111405398744,36.510912237453326,36.658729553222656,35131700,0.0,0.0,0.0
2023-02-21,36.400054200122014,36.60330082936998,36.18756348097588,36.19680404663086,33984300,0.0,0.0,0.0
2023-02-22,36.09517765328115,36.21528033271263,35.9104051135965,36.021270751953125,37035500,0.0,0.0,0.0
2023-02-23,36.48320166980084,36.5478715324129,35.96583924466116,36.19680404663086,28551700,0.0,0.0,0.0
2023-02-24,35.39304870194922,35.55934364684823,35.245231364732696,35.38380813598633,48596300,0.0,0.0,0.0
2023-02-27,35.59629527679584,35.660965141451726,35.494670196838506,35.568580627441406,24344400,0.0,0.0,0.0
2023-02-28,35.43923643101404,35.58705374934416,35.28217854790167,35.31913375854492,39670600,0.0,0.0,0.0
2023-03-01,36.18756423839768,36.22451945330469,36.00279521234918,36.07670211791992,39597500,0.0,0.0,0.0
2023-03-02,35.910400994129226,36.29842363537922,35.845731141294664,36.20603561401367,28952900,0.0,0.0,0.0
2023-03-03,36.32614589177647,36.56635127341906,36.27995363353549,36.529396057128906,20682400,0.0,0.0,0.0
2023-03-06,36.50167648618526,36.65873438728745,36.39081436579994,36.40005493164063,26014300,0.0,0.0,0.0
2023-03-07,36.252235680113984,36.261472721223136,35.762587919494976,35.790306091308594,36382400,0.0,0.0,0.0
2023-03-08,35.79954151557426,36.01202869391884,35.79030447488229,35.9381217956543,18795900,0.0,0.0,0.0
2023-03-09,35.57781569946585,35.64248908478456,35.069693852053426,35.14360427856445,40118900,0.0,0.0,0.0
2023-03-10,35.12512288991336,35.33761005688879,34.92187276313567,34.95882797241211,49329400,0.0,0.0,0.0
2023-03-13,34.857209062742804,35.26370586381872,34.78330215538507,35.01426696777344,43071400,0.0,0.0,0.0
2023-03-14,34.958834638228424,35.12512958743816,34.84797251350307,35.03274154663086,36333400,0.0,0.0,0.0
2023-03-15,34.2659369695019,34.441468944166715,34.09040499483709,34.43223190307617,53217000,0.0,0.0,0.0
2023-03-16,34.376795761157744,34.97730557705033,34.32136647148581,34.95882797241211,39880200,0.0,0.0,0.0
2023-03-17,34.931118067229995,34.98654736442289,34.62624283569625,34.74634552001953,40165600,0.0,0.0,0.0
2023-03-20,34.672432690528865,34.94959325427405,34.58928522625391,34.87568283081055,28310700,0.0,0.0,0.0
2023-03-21,35.14360800310785,35.28218478113782,35.0050277008344,35.18980026245117,27670600,0.0,0.0,0.0
2023-03-22,35.44847592656334,35.86421326448489,35.30989916341823,35.32837677001953,40375300,0.0,0.0,0.0
2023-03-23,36.00279240281612,36.22451662646904,35.64248789619788,35.81801986694336,39622100,0.0,0.0,0.0
2023-03-24,35.531622137778186,35.73487227896265,35.46695227908186,35.72563171386719,28044500,0.0,0.0,0.0
2023-03-27,35.47619454407518,35.5593420127036,35.34685129624185,35.53162384033203,36646700,0.0,0.0,0.0
2023-03-28,35.845731953215214,36.03974151611328,35.80877674383194,36.03974151611328,43707600,0.0,0.0,0.0
2023-03-29,36.030506755046986,36.19680168354818,35.93812224998764,36.1413688659668,32173100,0.0,0.0,0.0
2023-03-30,36.45547858807718,36.594058860295405,36.35385352501617,36.50167083740234,32982200,0.0,0.0,0.0
2023-03-31,36.50167473717042,36.60329981108885,36.32614276128419,36.45548248291016,36174700,0.0,0.0,0.0
2023-04-03,36.43700801640352,36.55711070722482,36.32614589177647,36.529396057128906,19637700,0.0,0.0,0.0
2023-04-04,36.46472619074284,36.55711070722482,36.35386054187239,36.529396057128906,31518500,0.0,0.0,0.0
2023-04-05,36.455487247279216,36.48320542285234,36.11366029198819,36.24300003051758,35785500,0.0,0.0,0.0
2023-04-06,36.159847129076624,36.46472234495128,36.05822205711841,36.390811920166016,22277700,0.0,0.0,0.0
2023-04-10,36.27995137555799,36.43700574865134,36.215281513196814,36.42776870727539,20271700,0.0,0.0,0.0
2023-04-11,36.741882209214594,36.80655207374336,36.63102008777148,36.64949417114258,23177000,0.0,0.0,0.0
2023-04-12,36.7695940365829,36.797312207998885,36.31690501962378,36.390811920166016,30341900,0.0,0.0,0.0
2023-04-13,36.81578760114687,36.95436789043326,36.778835911681234,36.88969802856445,28752600,0.0,0.0,0.0
2023-04-14,36.72340480448237,36.88045918370751,36.52015464384435,36.6956901550293,26673200,0.0,0.0,0.0
2023-04-17,36.84350420054383,36.9081740596516,36.70492391717402,36.85274124145508,26173500,0.0,0.0,0.0
2023-04-18,36.91741118466823,36.963603437815735,36.71416456597062,36.806549072265625,23990600,0.0,0.0,0.0
2023-04-19,36.38157479513761,36.48319986686104,36.3076643705231,36.43700408935547,25851700,0.0,0.0,0.0
2023-04-20,36.39080976381797,36.60329693612006,36.27070709278016,36.38157272338867,29763400,0.0,0.0,0.0
2023-04-21,36.067459685272105,36.08593728996375,35.836494912990766,36.03974151611328,26632600,0.0,0.0,0.0
2023-04-24,35.956600189208984,36.01203301273748,35.83650102459559,35.956600189208984,19963200,0.0,0.0,0.0
2023-04-25,35.47619389219622,35.50390853981539,35.226751490894486,35.28218078613281,31095100,0.0,0.0,0.0
2023-04-26,35.71640031027886,35.744114961453604,35.457720834665096,35.485435485839844,45521300,0.0,0.0,0.0
2023-04-27,35.68867475678076,36.012024002519894,35.65171955034129,35.9658317565918,23496200,0.0,0.0,0.0
2023-04-28,35.975076372009475,36.17832652598615,35.95659876489857,36.150611877441406,22481000,0.0,0.0,0.0
2023-05-01,36.00279148784168,36.27994852248566,35.984313882299695,36.0305061340332,16797000,0.0,0.0,0.0
2023-05-02,35.8919228897968,35.8919228897968,35.550096026113366,35.67943572998047,24041500,0.0,0.0,0.0
2023-05-03,35.71639650364009,35.864213834557006,35.59629382094411,35.6240119934082,18827800,0.0,0.0,0.0
2023-05-04,35.919644770406464,36.030506881716015,35.827256740779355,35.910404205322266,29417100,0.0,0.0,0.0
2023-05-05,36.07669966331472,36.41852656733897,36.0212703689688,36.390811920166016,18248200,0.0,0.0,0.0
2023-05-08,36.52015625536556,36.53863386389741,36.34462426067825,36.40929412841797,19721300,0.0,0.0,0.0
2023-05-09,36.03974751197111,36.21528302362376,36.002795820683,36.18756484985352,17294900,0.0,0.0,0.0
2023-05-10,36.15060885073497,36.27070800053571,35.975073359999726,36.16908645629883,22410300,0.0,0.0,0.0
2023-05-11,35.854972517682405,36.04898208058047,35.75334745399978,36.03974151611328,34620300,0.0,0.0,0.0
2023-05-12,35.790304473259404,35.79954151395096,35.5408620836724,35.614768981933594,32789300,0.0,0.0,0.0
2023-05-15,35.99354915572181,36.31690195046609,35.88268705215596,36.27070617675781,28911000,0.0,0.0,0.0
2023-05-16,36.02127212084486,36.16908945336137,35.993553948080816,36.01203155517578,24887200,0.0,0.0,0.0
2023-05-17,36.01203071733365,36.22451790761729,35.94736085612746,36.17832565307617,24358200,0.0,0.0,0.0
2023-05-18,36.03974325735396,36.05822086293833,35.82725607949805,35.98431396484375,30378900,0.0,0.0,0.0
2023-05-19,36.07670141788656,36.11365663207648,35.938124651039125,36.01203155517578,26847500,0.0,0.0,0.0
2023-05-22,36.27071156380621,36.46472467916535,36.27071156380621,36.30766677856445,30254000,0.0,0.0,0.0
2023-05-23,35.9843116254625,36.07669612313544,35.72562868834149,35.74410629272461,43844500,0.0,0.0,0.0
2023-05-24,35.7071572599425,35.72563134145489,35.4577148686099,35.476192474365234,31559600,0.0,0.0,0.0
2023-05-25,35.57781468644479,35.57781468644479,35.33761285560953,35.40228271484375,28492700,0.0,0.0,0.0
2023-05-26,35.71639388830525,36.09517599130871,35.71639388830525,36.0305061340332,24941700,0.0,0.0,0.0
2023-05-30,35.93812179402471,35.94735883471626,35.5131439131119,35.614768981933594,25536900,0.0,0.0,0.0
2023-05-31,35.32837656448887,35.33761360561423,35.02350134370571,35.28218078613281,35917900,0.0,0.0,0.0
2023-06-01,35.33761251860609,35.928881811247685,35.319134912680674,35.910404205322266,32875300,0.0,0.0,0.0
2023-06-02,36.49244084083875,36.62178057361088,36.48320379888792,36.529396057128906,53717000,0.0,0.0,0.0
2023-06-05,36.42776473031083,36.53862683593483,36.353854310399626,36.52014923095703,16947400,0.0,0.0,0.0
2023-06-06,36.44624234812215,36.8896942950171,36.40928713815354,36.84350204467773,35447700,0.0,0.0,0.0
2023-06-07,36.834198001242015,37.0297275156259,36.6293555279714,36.68522262573242,44313300,0.0,0.0,0.0
2023-06-08,36.713148641838366,36.98316757756298,36.70383568441196,36.9459228515625,26886800,0.0,0.0,0.0
2023-06-09,37.08558980659412,37.29042870146173,37.07627684891448,37.11352157592773,22199200,0.0,0.0,0.0
2023-06-12,37.13214381625442,37.23456503927479,37.07627672591986,37.18800735473633,25267100,0.0,0.0,0.0
2023-06-13,37.58838327977472,37.68149510688429,37.458030273674346,37.56045150756836,35053100,0.0,0.0,0.0
2023-06-14,37.56975614886124,37.92357394329195,37.55113733765403,37.83977508544922,37898300,0.0,0.0,0.0
2023-06-15,38.02599815735281,38.21221825075608,37.951508699250354,38.19359588623047,36328400,0.0,0.0,0.0
2023-06-16,38.25877337073843,38.25877337073843,37.96082263436653,38.0632438659668,40001900,0.0,0.0,0.0
2023-06-20,37.51389267437364,37.569756211794,37.206629011151406,37.31836318969727,50477100,0.0,0.0,0.0
2023-06-21,37.113521020391126,37.20662928467792,37.00179039287645,37.14145278930664,20771300,0.0,0.0,0.0
2023-06-22,36.908683348671126,37.05765872190263,36.852819803617486,37.01110458374024,22804200,0.0,0.0,0.0
2023-06-23,36.52693261643954,36.52693261643954,36.368647841154285,36.47106552124024,26321700,0.0,0.0,0.0
2023-06-26,36.6200450041309,36.759707416494464,36.55486494947096,36.59210968017578,18302400,0.0,0.0,0.0
2023-06-27,36.89006055662928,36.98317238373087,36.79695228138071,36.96455001831055,21799500,0.0,0.0,0.0
2023-06-28,36.67590474175069,36.78763537041564,36.59210588228882,36.74108123779297,21628400,0.0,0.0,0.0
2023-06-29,36.4617562475681,36.5734868865211,36.452446840927415,36.545555114746094,23278300,0.0,0.0,0.0
2023-06-30,36.83419799804688,36.98317337354355,36.75039912733918,36.83419799804688,23366700,0.0,0.0,0.0
2023-07-03,37.25318300177533,37.4394030801268,37.19731946456668,37.243873596191406,15417000,0.0,0.0,0.0
2023-07-05,37.08559249799819,37.10421131100338,36.95523594399145,37.02041244506836,15853800,0.0,0.0,0.0
2023-07-06,36.47106280423557,36.526929895272914,36.1358709135696,36.2662239074707,36352500,0.0,0.0,0.0
2023-07-07,36.38726936280274,36.871436635895726,36.37795640455891,36.675907135009766,21518600,0.0,0.0,0.0
2023-07-10,36.45244530927068,36.72246071274053,36.44313235116834,36.70383834838867,22273400,0.0,0.0,0.0
2023-07-11,36.9273033229394,37.09490105095305,36.76901855306698,37.07627868652344,19616000,0.0,0.0,0.0
2023-07-12,37.64425459093315,37.93289595951143,37.62563222342616,37.90496063232422,61015900,0.0,0.0,0.0
2023-07-13,38.10979618397783,38.47292340461208,38.091173819861616,38.3984375,44062400,0.0,0.0,0.0
2023-07-14,38.30532780775958,38.3239501729105,38.15635243840519,38.18428421020508,26724500,0.0,0.0,0.0
2023-07-17,38.02599632756278,38.24014818152318,37.867708012638246,38.230838775634766,25782900,0.0,0.0,0.0
2023-07-18,38.0166876181832,38.10048292827221,37.839776936387935,37.951507568359375,29377700,0.0,0.0,0.0
2023-07-19,38.007374785923865,38.16566310427173,37.8304676553965,37.87702178955078,26941200,0.0,0.0,0.0
2023-07-20,37.70942503217883,37.80253330287517,37.54182730344314,37.597694396972656,31226700,0.0,0.0,0.0
2023-07-21,37.70011265073615,37.73735382496408,37.51389257218623,37.54182434082031,21620500,0.0,0.0,0.0
2023-07-24,37.67218257410927,38.19359815625809,37.634937842844415,38.053932189941406,47123600,0.0,0.0,0.0
2023-07-25,38.519477834142336,38.54741315645711,38.35188010766491,38.37050247192383,32437300,0.0,0.0,0.0
2023-07-26,38.202901114483495,38.70569424612821,38.184278751994526,38.59396362304688,34963100,0.0,0.0,0.0
2023-07-27,38.62189947757162,38.6498312483344,38.08186511565852,38.11910629272461,37548500,0.0,0.0,0.0
2023-07-28,38.86399021861725,39.06882914270248,38.79881016112063,39.040897369384766,34529000,0.0,0.0,0.0
2023-07-31,38.91053773992997,39.10606722360336,38.84536124537216,39.059513092041016,28029100,0.0,0.0,0.0
2023-08-01,38.742943096223314,38.78018782516685,38.51947827441497,38.56603240966797,34635600,0.0,0.0,0.0
2023-08-02,37.942203539148345,37.942203539148345,37.56045390328258,37.64425277709961,35588700,0.0,0.0,0.0
2023-08-03,37.69080690901093,37.932894123028014,37.6535621758001,37.79322814941406,20893600,0.0,0.0,0.0
2023-08-04,37.89564896329768,38.10048788994521,37.70011944392144,37.746673583984375,29249200,0.0,0.0,0.0
2023-08-07,37.849088023133945,37.849088023133945,37.532514954988166,37.690799713134766,19419100,0.0,0.0,0.0
2023-08-08,37.12283155210682,37.243875140833296,36.93661146603211,37.23456573486328,22600700,0.0,0.0,0.0
2023-08-09,37.4766540575809,37.50458583084447,37.17870330325894,37.32767868041992,27936800,0.0,0.0,0.0
2023-08-10,37.5976929630944,37.89564368018304,37.31836460980539,37.38354110717773,26321200,0.0,0.0,0.0
2023-08-11,36.96455100762483,36.99248278057635,36.74108616845326,36.83419799804688,32303600,0.0,0.0,0.0
2023-08-14,36.48037665147306,36.73177323949166,36.35002365439366,36.65728378295898,25510000,0.0,0.0,0.0
2023-08-15,36.48037989751121,36.48037989751121,36.19173855554286,36.2382926940918,31837500,0.0,0.0,0.0
2023-08-16,36.03345051213883,36.21035764335131,35.90309751526091,35.91240692138672,37596400,0.0,0.0,0.0
2023-08-17,36.35933543560304,36.377957800952665,35.96827641882005,35.99620819091797,35544200,0.0,0.0,0.0
2023-08-18,35.62376713342257,35.82860959550354,35.57721299709133,35.75412368774414,33913100,0.0,0.0,0.0
2023-08-21,35.69825898706234,35.86585673057674,35.633082481457095,35.83792495727539,24331900,0.0,0.0,0.0
2023-08-22,35.97758724596538,36.01483197813504,35.70756826551504,35.76343536376953,26689500,0.0,0.0,0.0
2023-08-23,36.0334586649676,36.37796359921348,36.014836296649776,36.3314094543457,27643300,0.0,0.0,0.0
2023-08-24,36.46175325849748,36.53624271292828,36.18242490808733,36.19173431396485,25776700,0.0,0.0,0.0
2023-08-25,36.20105305881327,36.3034742991024,35.92172466374956,36.22898483276367,20154800,0.0,0.0,0.0
2023-08-28,36.489686183164174,36.62004273254488,36.42450968440023,36.58279800415039,21426800,0.0,0.0,0.0
2023-08-29,36.68521646362879,37.07627542670945,36.58279524419742,37.04834365844727,30243400,0.0,0.0,0.0
2023-08-30,36.84350445022197,37.0297245426212,36.824882085796766,36.92730331420898,16164200,0.0,0.0,0.0
2023-08-31,36.65728562005162,36.67590798511806,36.41520197789389,36.47106552124024,35424700,0.0,0.0,0.0
2023-09-01,36.97385800780311,37.08559219604199,36.81557323557736,36.89937210083008,26152300,0.0,0.0,0.0
2023-09-05,36.70383903427101,36.74108376367072,36.56417662680147,36.60142135620117,23571600,0.0,0.0,0.0
2023-09-06,36.51762333986801,36.70383988748953,36.3407126470334,36.39657974243164,29118500,0.0,0.0,0.0
2023-09-07,36.03345348134866,36.06138525388047,35.89378751498349,35.96827697753906,23907500,0.0,0.0,0.0
2023-09-08,36.07070189828419,36.15450077629514,35.98690302027324,36.04276657104492,15126500,0.0,0.0,0.0
2023-09-11,36.44313092546179,36.50830742221707,36.30346852606589,36.48968505859375,20748000,0.0,0.0,0.0
2023-09-12,36.219667820727096,36.4896831998795,36.21035486346348,36.3779525756836,26259600,0.0,0.0,0.0
2023-09-13,36.34071886257782,36.46176248071692,36.26623294116009,36.3314094543457,20707900,0.0,0.0,0.0
2023-09-14,36.54555455677645,36.66659815237504,36.43382391952933,36.573486328125,22611200,0.0,0.0,0.0
2023-09-15,36.582801823813085,36.638665370384814,36.39658171424994,36.4338264465332,32981700,0.0,0.0,0.0
2023-09-18,36.32209182444432,36.405890695174,36.21967413964415,36.38727188110352,22967000,0.0,0.0,0.0
2023-09-19,36.22898569238822,36.29416220105446,36.09863267505575,36.173118591308594,17394800,0.0,0.0,0.0
2023-09-20,36.27553216351983,36.4151981107597,36.02413558959961,36.02413558959961,24521800,0.0,0.0,0.0
2023-09-21,35.47479261119409,35.56790443792778,35.39099374306028,35.40030670166016,33915600,0.0,0.0,0.0
2023-09-22,35.97758638537978,36.04276288919109,35.79136628083899,35.81930160522461,40006500,0.0,0.0,0.0
2023-09-25,35.52135213734164,35.698259289504215,35.52135213734164,35.661014556884766,29050100,0.0,0.0,0.0
2023-09-26,35.30719758082449,35.40961882215447,35.130290424252074,35.15822219848633,39426100,0.0,0.0,0.0
2023-09-27,35.33512821728331,35.3630599878105,35.03717749215059,35.21408462524414,27723500,0.0,0.0,0.0
2023-09-28,35.055804499057295,35.34444230433807,34.99062799129368,35.30719757080078,31425500,0.0,0.0,0.0
2023-09-29,35.68894660789605,35.68894660789605,35.26995228400205,35.33512878417969,41783600,0.0,0.0,0.0
2023-10-02,35.26995639912992,35.316510540138104,35.06511391646996,35.15822219848633,30529200,0.0,0.0,0.0
2023-10-03,34.82302929332055,34.96269171249973,34.63680918256179,34.69267272949219,52953900,0.0,0.0,0.0
2023-10-04,34.62749309991727,34.69266960002558,34.46920832875504,34.59025192260742,36174300,0.0,0.0,0.0
2023-10-05,34.59956035243504,34.74853571302835,34.47851676199898,34.720603942871094,27725900,0.0,0.0,0.0
2023-10-06,34.711293940461275,35.30719543357344,34.655430395390184,35.2234001159668,33737600,0.0,0.0,0.0
2023-10-09,34.74853769493567,35.06511079823403,34.69267059958197,35.05580139160156,21799900,0.0,0.0,0.0
2023-10-10,35.28857452913219,35.61445702891708,35.26063920639859,35.558589935302734,35189100,0.0,0.0,0.0
2023-10-11,35.81929963034835,35.91240790155874,35.6330795360747,35.78205490112305,24577700,0.0,0.0,0.0
2023-10-12,35.85653348943436,35.8751558502462,35.28856746800777,35.381675720214844,36022000,0.0,0.0,0.0
2023-10-13,35.40961227518125,35.53065586090511,35.167528655586175,35.25132751464844,26187900,0.0,0.0,0.0
2023-10-16,35.25132937320199,35.59583423335343,35.20477523834684,35.51203536987305,21117700,0.0,0.0,0.0
2023-10-17,35.223400539902634,35.595837201653715,35.21408758104332,35.41893005371094,24251700,0.0,0.0,0.0
2023-10-18,35.083733457371544,35.13028759462996,34.82302744724204,34.87889099121094,29849100,0.0,0.0,0.0
2023-10-19,34.7764632247304,34.96268329063217,34.65542320096873,34.67404556274414,28401800,0.0,0.0,0.0
2023-10-20,34.3760983370214,34.49714193732163,34.227122964287666,34.25505828857422,39070000,0.0,0.0,0.0
2023-10-23,34.003661975390095,34.366789227580334,33.87330896710161,34.22712326049805,34568600,0.0,0.0,0.0
2023-10-24,34.3481683882644,34.72991802315394,34.3481683882644,34.66474151611328,33962200,0.0,0.0,0.0
2023-10-25,34.310917578620504,34.45058352717442,34.17125518191921,34.208499908447266,25267400,0.0,0.0,0.0
2023-10-26,33.95710613310534,34.12470386445325,33.891929632231474,34.0409049987793,28415700,0.0,0.0,0.0
2023-10-27,34.34816543630665,34.40403253119155,33.957106427671164,34.012969970703125,34216900,0.0,0.0,0.0
2023-10-30,34.54369409179615,34.59025177898266,34.24574336343732,34.36678695678711,30506700,0.0,0.0,0.0
2023-10-31,34.08746196111833,34.189883200084346,33.90124184953042,34.171260833740234,37734300,0.0,0.0,0.0
2023-11-01,34.16194128068593,34.50644966377501,34.124700107039224,34.48782730102539,27879300,0.0,0.0,0.0
2023-11-02,34.99992839357733,35.120971970503426,34.888197773566056,35.09303665161133,33661400,0.0,0.0,0.0
2023-11-03,35.55858952392508,35.88447557179265,35.539967159602405,35.80998611450195,41736500,0.0,0.0,0.0
2023-11-06,36.275536138753935,36.30347146237474,36.05207486090536,36.098628997802734,32347100,0.0,0.0,0.0
2023-11-07,35.87516655680547,36.06138666864716,35.70756881133326,36.03345489501953,18218400,0.0,0.0,0.0
2023-11-08,35.81930190176532,35.95896431743734,35.71688066582731,35.79136657714844,18963500,0.0,0.0,0.0
2023-11-09,35.77274249082058,35.875163721832514,35.40961525494404,35.456172943115234,25631100,0.0,0.0,0.0
2023-11-10,35.4561722659294,35.70756530761719,35.40030517230276,35.70756530761719,18540300,0.0,0.0,0.0
2023-11-13,35.58652680605293,35.837923410473984,35.512037344660165,35.69825744628906,23437400,0.0,0.0,0.0
2023-11-14,36.23829099713738,36.70383946453239,36.228981590604775,36.64797592163086,66042500,0.0,0.0,0.0
2023-11-15,36.95523452758789,37.16007698132304,36.87143566486468,36.95523452758789,43281700,0.0,0.0,0.0
2023-11-16,36.53624485567814,36.76901908664694,36.443133032178885,36.60142135620117,22868300,0.0,0.0,0.0
2023-11-17,36.61073119179456,36.71315242291793,36.53624528397488,36.64797592163086,28460900,0.0,0.0,0.0
2023-11-20,36.8155721352111,37.16938639850054,36.796949771061215,37.10420989990234,35801100,0.0,0.0,0.0
2023-11-21,37.01109920409613,37.085588655811215,36.79694735819411,36.87143325805664,20929700,0.0,0.0,0.0
2023-11-22,36.82488306539974,36.90868193161594,36.6665982913541,36.79695129394531,20006500,0.0,0.0,0.0
2023-11-24,36.647976909069925,36.843506418199446,36.62004513686657,36.815574645996094,11365000,0.0,0.0,0.0
2023-11-27,36.657282501317006,36.70383663409587,36.56417423575928,36.666595458984375,22925200,0.0,0.0,0.0
2023-11-28,36.834195472603525,37.03903437995898,36.76901897228321,36.97385787963867,35006700,0.0,0.0,0.0
2023-11-29,36.78763254220218,36.98316556714918,36.72245605117064,36.75970077514648,26049200,0.0,0.0,0.0
2023-11-30,36.84350740507968,36.88075213691712,36.58280138592378,36.83419799804688,30482700,0.0,0.0,0.0
2023-12-01,36.58279985419037,36.99248123168945,36.50831039363437,36.99248123168945,27140200,0.0,0.0,0.0
2023-12-04,36.70383933022213,36.77832878962216,36.48968746222643,36.573486328125,28074900,0.0,0.0,0.0
2023-12-05,36.24760014195693,36.3965754937757,36.16380128456809,36.35002136230469,25462300,0.0,0.0,0.0
2023-12-06,36.57348601999017,36.59210838468328,36.29415765329927,36.303470611572266,23069000,0.0,0.0,0.0
2023-12-07,36.42451010403028,36.49899956167741,36.31277946941242,36.480377197265625,19735000,0.0,0.0,0.0
2023-12-08,36.247600433646014,36.44312991850924,36.173110981210925,36.32208633422852,25195400,0.0,0.0,0.0
2023-12-11,36.32208423656669,36.54554902911389,36.27553010740963,36.53623962402344,20426400,0.0,0.0,0.0
2023-12-12,36.42451151729944,36.56417747988042,36.25691378294345,36.545555114746094,20278300,0.0,0.0,0.0
2023-12-13,36.33140464286792,36.92730614270708,36.15449749505727,36.90868377685547,42607800,0.0,0.0,0.0
2023-12-14,37.15076829627085,37.5045825663228,37.15076829627085,37.4487190246582,51998900,0.0,0.0,0.0
2023-12-15,37.41147798510519,37.5045862649636,37.22525787353516,37.22525787353516,37110300,0.0,0.0,0.0
2023-12-18,37.197325114486446,37.23456984618437,37.0390367806968,37.206634521484375,37419400,0.0,0.0,0.0
2023-12-19,37.36492003348389,37.57907189679462,37.33698471089356,37.5232048034668,33688600,0.0,0.0,0.0
2023-12-20,37.274639290954745,37.3315593037521,36.80028654951431,36.84772109985352,44766600,0.0,0.0,0.0
2023-12-21,37.36003042804618,37.56874321523615,37.29362132043688,37.540283203125,33402800,0.0,0.0,0.0
2023-12-22,37.24618383930247,37.43592570132282,37.20823836211841,37.36003112792969,17082900,0.0,0.0,0.0
2023-12-26,37.663614296592485,37.73002340127945,37.54977063413266,37.65412521362305,16173200,0.0,0.0,0.0
2023-12-27,37.843865887242806,37.929249536189445,37.77745678462038,37.8723258972168,30120600,0.0,0.0,0.0
2023-12-28,38.21386217068539,38.36565492891853,38.15694214823848,38.16642761230469,36660400,0.0,0.0,0.0
2023-12-29,38.137971657727576,38.346684460607925,38.109508024451685,38.147457122802734,48758200,0.0,0.0,0.0
2024-01-02,37.78694462024991,37.90078827541347,37.61617732799228,37.70156097412109,20839200,0.0,0.0,0.0
2024-01-03,37.31259467332039,37.61618018953398,37.30310559023725,37.49284744262695,32220700,0.0,0.0,0.0
2024-01-04,37.36951446533203,37.56874178055178,37.360029001332194,37.36951446533203,20922700,0.0,0.0,0.0
2024-01-05,37.42643930915966,37.67310119035504,37.360030201952256,37.41695022583008,21875600,0.0,0.0,0.0
2024-01-08,37.160799727403145,37.54028344679802,37.12285425068363,37.52130889892578,16208600,0.0,0.0,0.0
2024-01-09,36.980546927299706,37.07541966659971,36.91413781930219,36.99003601074219,31344300,0.0,0.0,0.0
2024-01-10,36.9425971178076,36.97106074856013,36.819267987637886,36.9046516418457,20149400,0.0,0.0,0.0
2024-01-11,37.1038768172213,37.16079683738635,36.79080223021477,37.05644226074219,24682100,0.0,0.0,0.0
2024-01-12,37.322076774437086,37.47386951886645,37.16079494777961,37.18925857543945,21605800,0.0,0.0,0.0
2024-01-16,36.534648602383264,36.55362314738796,36.23106312035701,36.28798675537109,44484400,0.0,0.0,0.0
2024-01-17,35.5764556238741,35.7661974443396,35.557481079925125,35.747222900390625,50591600,0.0,0.0,0.0
2024-01-18,36.022353883316974,36.07927390486864,35.88953567433007,36.04132843017578,31884600,0.0,0.0,0.0
2024-01-19,36.12671425303567,36.4492707119494,35.993892417040335,36.42081069946289,31372000,0.0,0.0,0.0
2024-01-22,36.00337841523432,36.1931202599427,35.96542932248771,36.09824752807617,25753700,0.0,0.0,0.0
2024-01-23,36.25004170635661,36.4587581056506,36.23106715923672,36.41132354736328,34710400,0.0,0.0,0.0
2024-01-24,37.06592914752564,37.08490369465071,36.78131817869906,36.81926727294922,38215800,0.0,0.0,0.0
2024-01-25,36.97105741103036,37.01849196596928,36.75285556309168,36.86669921875,23157000,0.0,0.0,0.0
2024-01-26,36.82875157172466,36.99951887142243,36.80029156144993,36.89516067504883,21031500,0.0,0.0,0.0
2024-01-29,36.99951862853643,37.00900409222417,36.71490767058339,36.91413497924805,24133600,0.0,0.0,0.0
2024-01-30,36.5156862999212,36.62952997781018,36.439788101978365,36.62004089355469,22928200,0.0,0.0,0.0
2024-01-31,36.48721980794807,36.7433707774016,36.30696703049187,36.42081069946289,37689700,0.0,0.0,0.0
2024-02-01,36.63900949195221,36.79080224415768,36.553625842647584,36.77182769775391,22048300,0.0,0.0,0.0
2024-02-02,36.6105492005815,36.70541831284679,36.47773099580024,36.66747283935547,29803500,0.0,0.0,0.0
2024-02-05,36.5726013077628,36.809777715230815,36.51568128614633,36.71490859985352,26934900,0.0,0.0,0.0
2024-02-06,37.293619402324026,37.56874128297302,37.21772121523138,37.54977035522461,41288400,0.0,0.0,0.0
2024-02-07,37.47387336726293,37.644640674661055,37.44541335570487,37.597206115722656,22270000,0.0,0.0,0.0
2024-02-08,37.43592332727196,37.47387242107444,37.28413057108683,37.38848876953125,23485800,0.0,0.0,0.0
2024-02-09,37.43592307458563,37.60669037651935,37.23669576200454,37.54977035522461,22416400,0.0,0.0,0.0
2024-02-12,37.60669184025638,38.0430955759507,37.59720637601298,37.843868255615234,33026500,0.0,0.0,0.0
2024-02-13,37.36003426961276,37.50233796382589,36.95209049862292,37.13234329223633,42252400,0.0,0.0,0.0
2024-02-14,37.57822871849889,37.70156145760535,37.502330534733495,37.663612365722656,28923100,0.0,0.0,0.0
2024-02-15,37.692075494546565,37.86284280312693,37.67310094703487,37.843868255615234,27273300,0.0,0.0,0.0
2024-02-16,37.99566051510357,38.14745327416843,37.93874049234478,38.02412414550781,36729000,0.0,0.0,0.0
2024-02-20,38.17591215320917,38.25180671378336,37.986170323237104,38.08103942871094,32493800,0.0,0.0,0.0
2024-02-21,38.1569462069031,38.26130441785588,38.02412798169964,38.147457122802734,29069400,0.0,0.0,0.0
2024-02-22,38.48898817050196,38.57437182429432,38.35616995771939,38.53642272949219,32548100,0.0,0.0,0.0
2024-02-23,38.50795914728714,38.5743682475207,38.384626410128575,38.5174446105957,37973600,0.0,0.0,0.0
2024-02-26,38.30873421289733,38.41309241086038,38.28027058316438,38.3466796875,23804700,0.0,0.0,0.0
2024-02-27,38.45103691428624,38.47950054330027,38.375142347973046,38.42257690429688,21206300,0.0,0.0,0.0
2024-02-28,38.062065317547216,38.08103986266309,37.85335255932152,37.91976165771485,31288900,0.0,0.0,0.0
2024-02-29,38.11899254365503,38.12847800759426,37.88181613590159,37.93873977661133,43973800,0.0,0.0,0.0
2024-03-01,38.21386075458136,38.479500785914055,38.13796618778965,38.403602600097656,35477300,0.0,0.0,0.0
2024-03-04,38.46052551742297,38.46052551742297,38.27078367546878,38.31821823120117,38144500,0.0,0.0,0.0
2024-03-05,38.12847732379144,38.223350056606215,37.91027546685452,37.9766845703125,32915100,0.0,0.0,0.0
2024-03-06,38.55539558773487,38.67872833092599,38.47001193768328,38.52693557739258,45875000,0.0,0.0,0.0
2024-03-07,38.58385798582728,38.79257439198634,38.50796341387621,38.76411437988281,26916100,0.0,0.0,0.0
2024-03-08,38.88744378924024,39.01077291044158,38.678727401015465,38.72616195678711,30341400,0.0,0.0,0.0
2024-03-11,38.80206086196293,38.944364531921046,38.77359723275156,38.8115463256836,22761600,0.0,0.0,0.0
2024-03-12,39.13410615999814,39.25743890182929,38.96333886177799,39.23846435546875,37392400,0.0,0.0,0.0
2024-03-13,39.0771822856812,39.19102956315909,39.048722275824055,39.11513137817383,25742900,0.0,0.0,0.0
2024-03-14,39.14359232111323,39.19103049737215,38.81154680144927,38.9159049987793,31566200,0.0,0.0,0.0
2024-03-15,38.74513911735272,38.82103368790365,38.62180636880448,38.67873001098633,32816600,0.0,0.0,0.0
2024-03-18,38.90641830398396,38.944367399710494,38.6977055155379,38.7451400756836,23107900,0.0,0.0,0.0
2024-03-19,38.49847701087213,38.63129522281691,38.34668063262113,38.555397033691406,23851800,0.0,0.0,0.0
2024-03-20,38.6312966608846,39.01077676356388,38.57437301692147,38.99180221557617,32308000,0.0,0.0,0.0
2024-03-21,39.25743983587501,39.26692529976862,39.02026342926222,39.03923797607422,27655700,0.0,0.0,0.0
2024-03-22,38.802063475370815,38.858983499577874,38.69770527229128,38.76411437988281,30355600,0.0,0.0,0.0
2024-03-25,38.70718837136639,38.84949566123794,38.70718837136639,38.792572021484375,12894800,0.0,0.0,0.0
2024-03-26,38.88744713070634,38.906418059425405,38.74513983213881,38.76411437988281,15363300,0.0,0.0,0.0
2024-03-27,38.74513698083078,38.83052062988281,38.65026786811727,38.83052062988281,21819500,0.0,0.0,0.0
2024-03-28,38.91590808146921,39.08667539625922,38.91590808146921,38.97283172607422,28296300,0.0,0.0,0.0
2024-04-01,39.143592555003046,39.333334404098224,38.95385432493263,39.03923797607422,20857100,0.0,0.0,0.0
2024-04-02,39.172060037220746,39.30487825894233,39.12462547503806,39.16257095336914,22346100,0.0,0.0,0.0
2024-04-03,38.98231600482376,39.285901528765386,38.944366909574825,39.19103240966797,33272500,0.0,0.0,0.0
2024-04-04,39.580001604804224,39.64641071200491,39.0297505805415,39.04872512817383,33317700,0.0,0.0,0.0
2024-04-05,39.00129128024546,39.21949315346128,38.92539308833128,39.13410949707031,31564000,0.0,0.0,0.0
2024-04-08,39.34282804075185,39.46615718076741,39.32385349174365,39.390262603759766,18452500,0.0,0.0,0.0
2024-04-09,39.64640595529138,39.72230051769006,39.46614958392361,39.65589141845703,23963700,0.0,0.0,0.0
2024-04-10,39.17205501691277,39.21948957301623,38.95385316361714,39.11513137817383,37281800,0.0,0.0,0.0
2024-04-11,39.39974473966399,39.41871928706893,39.10564830244951,39.35231018066406,23648600,0.0,0.0,0.0
2024-04-12,38.79257681799397,38.802065901971865,38.365658514617714,38.45104217529297,50234600,0.0,0.0,0.0
2024-04-15,38.67872903652657,38.67872903652657,38.13796711600983,38.204376220703125,31290100,0.0,0.0,0.0
2024-04-16,37.69207189175981,37.87232464735417,37.58771369993298,37.70156097412109,43707900,0.0,0.0,0.0
2024-04-17,37.90079046029976,37.91976500709161,37.559255856095895,37.673099517822266,26019400,0.0,0.0,0.0
2024-04-18,37.8533575823791,38.04309582066678,37.73951029657659,37.824893951416016,20581900,0.0,0.0,0.0
2024-04-19,37.673099517822266,37.767972251781536,37.549770392212345,37.673099517822266,29537400,0.0,0.0,0.0
2024-04-22,37.74899394052812,38.1474485263475,37.72053031366645,38.08103942871094,25738800,0.0,0.0,0.0
2024-04-23,38.11898996504931,38.4320609202129,38.10001541942962,38.39411544799805,21907100,0.0,0.0,0.0
2024-04-24,38.63129377401393,38.65975378435623,38.40360283420145,38.52693557739258,18118100,0.0,0.0,0.0
2024-04-25,38.20438000940073,38.65975832346776,38.156945446919295,38.61232376098633,21962500,0.0,0.0,0.0
2024-04-26,38.972828434417416,39.06769754838807,38.91590479462019,39.05820846557617,24407700,0.0,0.0,0.0
2024-04-29,39.24794889475148,39.44717981733239,39.20051433947968,39.43769073486328,31041200,0.0,0.0,0.0
2024-04-30,39.06769246849945,39.20051065839819,38.8874397277832,38.8874397277832,32748700,0.0,0.0,0.0
2024-05-01,38.95385196418701,39.3523065660168,38.87795378153874,38.92538833618164,34489500,0.0,0.0,0.0
2024-05-02,39.44718056595181,40.02588794168971,39.32384782468487,39.9310188293457,48855700,0.0,0.0,0.0
2024-05-03,40.1681940567666,40.310501340153486,40.00691222765983,40.2915267944336,31815100,0.0,0.0,0.0
2024-05-06,40.2915299274662,40.35793903313744,40.22512082179496,40.32947540283203,19706300,0.0,0.0,0.0
2024-05-07,40.13973666104917,40.20614576588016,40.05435300926294,40.10178756713867,21316800,0.0,0.0,0.0
2024-05-08,39.84563449930022,40.1302454504903,39.84563449930022,40.111270904541016,18933700,0.0,0.0,0.0
2024-05-09,40.08281493267342,40.24409316095102,39.99743127681324,40.2346076965332,22204400,0.0,0.0,0.0
2024-05-10,40.50024484475554,40.54768302475842,40.27255750445183,40.31999206542969,28056400,0.0,0.0,0.0
2024-05-13,40.595120917499685,40.75639916186598,40.57614636774624,40.62358093261719,22233800,0.0,0.0,0.0
2024-05-14,40.66151743384763,40.86074471599365,40.64254288997312,40.84177017211914,24295800,0.0,0.0,0.0
2024-05-15,41.13587169820738,41.27817535400391,40.93664440867764,41.27817535400391,30011900,0.0,0.0,0.0
2024-05-16,41.31612898045626,41.458436270905175,41.22125986617348,41.363563537597656,27395100,0.0,0.0,0.0
2024-05-17,41.392030475786605,41.61971781587544,41.31613228307365,41.5438232421875,30865100,0.0,0.0,0.0
2024-05-20,41.29715607152385,41.4679233792248,41.268696059915314,41.39202880859375,24234000,0.0,0.0,0.0
2024-05-21,41.13587951660156,41.20228862573337,41.02203584652205,41.13587951660156,18470000,0.0,0.0,0.0
2024-05-22,41.17383052446396,41.20229053854884,40.91767954062447,41.0030632019043,23030800,0.0,0.0,0.0
2024-05-23,41.21177264157811,41.24023627236616,40.62357614464852,40.6994743347168,28607000,0.0,0.0,0.0
2024-05-24,40.76588178785878,40.91767454281303,40.73741815822535,40.81331634521485,20986300,0.0,0.0,0.0
2024-05-28,40.9461314519971,41.0315150963806,40.68049505570374,40.75638961791992,21179400,0.0,0.0,0.0
2024-05-29,40.18717242268394,40.22512151773116,40.07332875656717,40.14922332763672,30803500,0.0,0.0,0.0
2024-05-30,39.88358094922952,40.13973187404001,39.86460640453714,40.03537368774414,20741500,0.0,0.0,0.0
2024-05-31,39.65589354472893,39.674868091102105,39.33333349443442,39.64640808105469,49609100,0.0,0.0,0.0
2024-06-03,40.20614625311676,40.25358081156733,39.89307165309833,40.06383895874024,33839300,0.0,0.0,0.0
2024-06-04,39.4282062330795,39.57999898506628,39.28589894476861,39.50410079956055,38401100,0.0,0.0,0.0
2024-06-05,39.90255597784533,40.168192368711374,39.826657798155374,40.13973236083984,28092300,0.0,0.0,0.0
2024-06-06,40.32946965847587,40.37690782921973,40.19665146605144,40.338958740234375,26450400,0.0,0.0,0.0
2024-06-07,40.18717240574494,40.244092429266885,39.85512325275906,39.88358688354492,37626400,0.0,0.0,0.0
2024-06-10,39.94998697187738,40.1966487958482,39.85511425571624,40.12075424194336,30846300,0.0,0.0,0.0
2024-06-11,39.92970571994942,39.98702239990234,39.74820836611794,39.98702239990234,35763000,0.0,0.0,0.0
2024-06-12,40.51241369152188,40.62704341065764,40.31181077203104,40.38822937011719,34679600,0.0,0.0,0.0
2024-06-13,40.43599924723493,40.5124178531712,40.14941945393694,40.29270935058594,21553600,0.0,0.0,0.0
2024-06-14,40.20673407383013,40.36912588060237,40.13986643056942,40.34046936035156,18813600,0.0,0.0,0.0
2024-06-17,40.44554782498847,40.66525631463703,40.3404690595015,40.598388671875,21037700,0.0,0.0,0.0
2024-06-18,40.69391066258381,41.047358062903946,40.69391066258381,40.9709358215332,35675300,0.0,0.0,0.0
2024-06-20,41.152440470317295,41.152440470317295,40.75123095558587,40.90407180786133,43438100,0.0,0.0,0.0
2024-06-21,40.81809701835903,40.90407022218199,40.741678417190414,40.760780334472656,20232900,0.0,0.0,0.0
2024-06-24,40.837202579654495,41.06646567118679,40.751229375831535,40.760780334472656,19840000,0.0,0.0,0.0
2024-06-25,40.693913020412026,40.693913020412026,40.560177734277566,40.66525650024414,25337500,0.0,0.0,0.0
2024-06-26,40.56017529297177,40.63659753417063,40.48375669578594,40.57928085327149,18961900,0.0,0.0,0.0
2024-06-27,40.7894378576806,40.798988815703375,40.56972938302674,40.60793685913086,24041500,0.0,0.0,0.0
2024-06-28,40.865857864954044,40.89451802803796,40.60793826127742,40.68436050415039,22614500,0.0,0.0,0.0
2024-07-01,40.94228361107012,40.99959665411576,40.71302050684732,40.77988815307617,18805300,0.0,0.0,0.0
2024-07-02,40.63660122738261,40.92317736989743,40.61749566534651,40.90407180786133,21593200,0.0,0.0,0.0
2024-07-03,41.17154040964028,41.52498782430148,41.17154040964028,41.5058822631836,27233300,0.0,0.0,0.0
2024-07-05,41.66827132579732,41.696931487595535,41.37214425798171,41.677825927734375,21337800,0.0,0.0,0.0
2024-07-08,41.78290573138572,41.84977337056795,41.65872141118455,41.6873779296875,18685200,0.0,0.0,0.0
2024-07-09,41.77335601405749,41.91664591135418,41.71603932633612,41.85932922363281,19364300,0.0,0.0,0.0
2024-07-10,42.012167512232494,42.10769531926234,41.92619430791225,42.098140716552734,15332700,0.0,0.0,0.0
2024-07-11,42.54711094849581,42.58532207009438,42.23187466132736,42.34650802612305,35650400,0.0,0.0,0.0
2024-07-12,42.4802442122748,42.64263601650696,42.47068960966514,42.51845169067383,24799300,0.0,0.0,0.0
2024-07-15,42.2891932035278,42.3082987651673,42.021722628601225,42.06948471069336,24174900,0.0,0.0,0.0
2024-07-16,42.08858772408109,42.317847161848135,42.05037660311556,42.30829620361328,19234300,0.0,0.0,0.0
2024-07-17,41.79246033003742,41.85932797504441,41.59185739501644,41.620513916015625,42630900,0.0,0.0,0.0
2024-07-18,41.69693224816056,41.725588766468526,41.16198749432937,41.22885513305664,42400100,0.0,0.0,0.0
2024-07-19,41.085567947246965,41.142884631633855,40.82765197753906,40.82765197753906,34590700,0.0,0.0,0.0
2024-07-22,41.09512070822952,41.20975042785272,40.990041946902814,41.17153930664063,17057500,0.0,0.0,0.0
2024-07-23,40.865861016193946,40.93272866185753,40.75123128705829,40.80854797363281,22891900,0.0,0.0,0.0
2024-07-24,40.62704617476358,40.67481190133192,40.20673474666073,40.216285705566406,28113700,0.0,0.0,0.0
2024-07-25,40.04433562622742,40.3595719014478,39.91060034971441,40.05389022827149,27940500,0.0,0.0,0.0
2024-07-26,40.38823077038792,40.56017717705952,40.30225756705212,40.46465301513672,21393700,0.0,0.0,0.0
2024-07-29,40.42644151943911,40.43599612195107,40.18762747282427,40.33091735839844,14299200,0.0,0.0,0.0
2024-07-30,40.35957541229227,40.36912637115418,40.01568258905073,40.14941787719727,19193600,0.0,0.0,0.0
2024-07-31,41.02825546264648,41.18109631240202,40.90407113346596,41.02825546264648,38600400,0.0,0.0,0.0
2024-08-01,40.87541467203369,40.9613878778964,40.20673458688073,40.31181335449219,35497100,0.0,0.0,0.0
2024-08-02,39.67178745016184,39.80552273050223,39.51894660919952,39.73865509033203,36857000,0.0,0.0,0.0
2024-08-05,37.64664684749911,38.86937362232764,37.62754128614076,38.611454010009766,60439500,0.0,0.0,0.0
2024-08-06,38.477717902165,39.11774143994476,38.40129930237805,38.8311653137207,32540200,0.0,0.0,0.0
2024-08-07,39.70044957699701,39.729106097340924,39.05087505977085,39.06998062133789,36654400,0.0,0.0,0.0
2024-08-08,39.595371817757794,39.98702672981322,39.46163652739936,39.95837020874024,30021900,0.0,0.0,0.0
2024-08-09,40.05389336953271,40.25449630003469,39.90105252095788,40.17807769775391,21142800,0.0,0.0,0.0
2024-08-12,40.27360223099469,40.47420516333659,40.20673458688073,40.31181335449219,15042300,0.0,0.0,0.0
2024-08-13,40.41689116319404,40.77033493712699,40.397785601898576,40.760780334472656,21073600,0.0,0.0,0.0
2024-08-14,40.703464468491134,40.72257002846006,40.38822819502325,40.54106903076172,17537100,0.0,0.0,0.0
2024-08-15,40.7416748384413,41.07601302171052,40.66525259997239,40.99003982543945,26914000,0.0,0.0,0.0
2024-08-16,41.22885639675288,41.48677600146908,41.20975083595762,41.46767044067383,31457900,0.0,0.0,0.0
2024-08-19,41.67782545844127,41.945296005459895,41.62050877950318,41.86887741088867,26716600,0.0,0.0,0.0
2024-08-20,41.744697014792834,41.75424797350618,41.43901531978032,41.54409408569336,19230800,0.0,0.0,0.0
2024-08-21,41.563195859991545,41.792458952468046,41.55364490131109,41.706485748291016,14644400,0.0,0.0,0.0
2024-08-22,41.59185663193853,41.601407590758576,41.13333408429729,41.19064712524414,22515000,0.0,0.0,0.0
2024-08-23,41.60140804654986,41.96440643391456,41.49632927831166,41.87843322753906,27848700,0.0,0.0,0.0
2024-08-26,41.65872537286962,41.70648745625432,41.46767339531745,41.52499008178711,18429300,0.0,0.0,0.0
2024-08-27,41.52498905247024,41.63961877855476,41.41035568237243,41.58230209350586,14424700,0.0,0.0,0.0
2024-08-28,41.4772236325616,41.50588379730435,41.17154193140325,41.32438278198242,15443000,0.0,0.0,0.0
2024-08-29,41.40080346920103,41.56319527256628,41.32438122478455,41.34348678588867,15497600,0.0,0.0,0.0
2024-08-30,41.55364293922563,41.57274849969765,41.2479612596995,41.42945861816406,29450400,0.0,0.0,0.0
2024-09-03,41.03780285041578,41.08556492855566,40.56017478099098,40.60793685913086,35293700,0.0,0.0,0.0
2024-09-04,40.50286450907588,40.837202722886026,40.50286450907588,40.598388671875,24895900,0.0,0.0,0.0
2024-09-05,40.61748956526024,40.818092470491976,40.53151637101623,40.65570068359375,22513900,0.0,0.0,0.0
2024-09-06,40.6365993167642,40.68436139760214,39.88194604987995,39.91060256958008,32436800,0.0,0.0,0.0
2024-09-09,40.14941771781667,40.34046969041614,40.09210467684613,40.24494552612305,19917400,0.0,0.0,0.0
2024-09-10,40.16852064840759,40.16852064840759,39.82462784905645,40.09210205078125,19700400,0.0,0.0,0.0
2024-09-11,40.02523465218511,40.40733493064199,39.700447411289566,40.38822937011719,26253300,0.0,0.0,0.0
2024-09-12,40.474203677060224,40.73212328517715,40.369124913307424,40.72257232666016,19993200,0.0,0.0,0.0
2024-09-13,40.85630712735004,40.98049145068304,40.83720156652856,40.91362380981445,16882300,0.0,0.0,0.0
2024-09-16,41.06646502754875,41.08556694453161,40.86585845909716,41.047359466552734,14733000,0.0,0.0,0.0
2024-09-17,41.25751127058209,41.28617143263856,40.9900407181416,41.09511947631836,20623700,0.0,0.0,0.0
2024-09-18,41.171540303898645,41.49632755404226,40.894518778433664,40.95183181762695,26010500,0.0,0.0,0.0
2024-09-19,41.66827274633885,41.91664138898828,41.4294587059522,41.82111358642578,41025500,0.0,0.0,0.0
2024-09-20,41.849775120982926,41.88798259924725,41.591855511629504,41.73514175415039,33038100,0.0,0.0,0.0
2024-09-23,41.95485393523178,42.19366800447335,41.92619741300712,42.05993270874024,24891700,0.0,0.0,0.0
2024-09-24,43.13936555711905,43.59788805024898,42.976973768391154,43.4928092956543,64472700,0.0,0.0,0.0
2024-09-25,43.22533844748339,43.33996815895423,43.005629982158936,43.03428649902344,41967800,0.0,0.0,0.0
2024-09-26,44.629571565014174,44.78241241377052,44.22836205952045,44.61046600341797,80876300,0.0,0.0,0.0
2024-09-27,44.58180339407751,44.84927759774236,44.448068114251626,44.52449035644531,51540100,0.0,0.0,0.0
2024-09-30,44.27612172783497,44.30478189067353,43.7029694872468,43.808048248291016,61400400,0.0,0.0,0.0
2024-10-01,44.03731018087204,44.142388947867154,43.55013111318315,44.12328338623047,38648900,0.0,0.0,0.0
2024-10-02,44.9925651550293,45.04033087980739,44.6391213845531,44.9925651550293,55790400,0.0,0.0,0.0
2024-10-03,44.18060115824502,44.62957275772119,44.13283907498472,44.45762634277344,31198300,0.0,0.0,0.0
2024-10-04,44.78241211034764,44.887490876408165,44.59136013969335,44.868385314941406,29476800,0.0,0.0,0.0
2024-10-07,45.18361578297253,45.31735106275598,44.91614522340561,45.24093246459961,42198000,0.0,0.0,0.0
2024-10-08,44.07552130414541,44.21881119441388,43.74118308553668,44.12328338623047,47817300,0.0,0.0,0.0
2024-10-09,43.54057512620868,43.99909762049799,43.49280940562642,43.884464263916016,35395800,0.0,0.0,0.0
2024-10-10,43.96088895264743,44.065967713366405,43.59789059125817,43.97043991088867,18052400,0.0,0.0,0.0
2024-10-11,43.70296822281518,44.30478060883004,43.65520614481688,44.285675048828125,28389200,0.0,0.0,0.0
2024-10-14,43.9513347263682,44.35254421218063,43.836705006427394,44.10417556762695,20415200,0.0,0.0,0.0
2024-10-15,43.702970749400215,43.731627269053305,43.06295085039325,43.16802597045898,31270700,0.0,0.0,0.0
2024-10-16,43.47370876260887,43.65520977571639,43.41639572184925,43.50236892700195,25111200,0.0,0.0,0.0
2024-10-17,43.36863345535558,43.52147430341972,43.21579260729144,43.43550109863281,36885700,0.0,0.0,0.0
2024-10-18,44.10417813080369,44.113732733695,43.81760199229036,43.86536407470703,30391600,0.0,0.0,0.0
2024-10-21,43.50236789931503,43.66475970298202,43.311315931932015,43.5596809387207,19614900,0.0,0.0,0.0
2024-10-22,43.34952738080404,43.55968126689677,43.33042181952048,43.46415710449219,19243400,0.0,0.0,0.0
2024-10-23,43.31131655875081,43.43550088594899,43.04384598695156,43.20623779296875,19822000,0.0,0.0,0.0
2024-10-24,43.158479342320334,43.2157960313907,42.938770833570885,43.13937377929688,16257100,0.0,0.0,0.0
2024-10-25,43.28265914980921,43.42594539146785,43.03429050051318,43.10115814208984,21428500,0.0,0.0,0.0
2024-10-28,43.19668165892413,43.387729962169615,43.139364981542805,43.29220581054688,15169300,0.0,0.0,0.0
2024-10-29,43.27310368836011,43.311314809649225,43.12026284721675,43.15847396850586,15439300,0.0,0.0,0.0
2024-10-30,42.71905743354887,42.919660356306096,42.65218979262979,42.738162994384766,24149900,0.0,0.0,0.0
2024-10-31,42.60442592544975,42.60442592544975,42.21277102127637,42.46113967895508,43988700,0.0,0.0,0.0
2024-11-01,42.77637304018392,42.90055737106628,42.48979689846671,42.49935150146485,17525900,0.0,0.0,0.0
2024-11-04,42.929211314717485,43.06295024056877,42.71905743354887,42.738162994384766,24674200,0.0,0.0,0.0
2024-11-05,43.206239716214746,43.3781861326005,43.168028591681605,43.32086944580078,21398300,0.0,0.0,0.0
2024-11-06,42.53755816186814,42.92921306493897,42.36561175134794,42.785926818847656,37143300,0.0,0.0,0.0
2024-11-07,43.5119199254921,43.85581274641669,43.49281436388371,43.73162841796875,39247600,0.0,0.0,0.0
2024-11-08,42.99608033615777,43.07250258195513,42.47069015034727,42.652191162109375,44833800,0.0,0.0,0.0
2024-11-11,42.489799658296725,42.50890522152061,42.19366889434686,42.32740783691406,21342300,0.0,0.0,0.0
2024-11-12,41.73514397748246,41.773355101795566,41.39125479070461,41.52499008178711,33946300,0.0,0.0,0.0
2024-11-13,41.5727512562845,41.58230221514727,41.19064730953393,41.25751495361328,26586800,0.0,0.0,0.0
2024-11-14,41.20020187412312,41.295726038715344,41.01870085977928,41.02825546264648,34443200,0.0,0.0,0.0
2024-11-15,41.161990750680914,41.19064727125592,40.93272765404096,41.02825546264648,29127800,0.0,0.0,0.0
2024-11-18,41.22885588673466,41.51543200709211,41.22885588673466,41.4963264465332,27765000,0.0,0.0,0.0
2024-11-19,41.36259167830651,41.57274920304115,41.3339351591202,41.46767044067383,16624500,0.0,0.0,0.0
2024-11-20,41.41035582802647,41.4485669515268,41.20020193680121,41.4199104309082,18358000,0.0,0.0,0.0
2024-11-21,41.28617270438751,41.37214590517921,41.14288282173032,41.33393478393555,16086900,0.0,0.0,0.0
2024-11-22,41.18109498252342,41.35304138844732,41.171540379964775,41.34348678588867,14104100,0.0,0.0,0.0
2024-11-25,41.51543667542704,41.534542238134335,41.25751704489882,41.37215042114258,18855100,0.0,0.0,0.0
2024-11-26,41.37214552720978,41.38169648542689,41.15243704808557,41.20019912719727,19119700,0.0,0.0,0.0
2024-11-27,41.44856692698856,41.49632900932906,41.10467410371572,41.25751495361328,17922000,0.0,0.0,0.0
2024-11-29,40.89452039498765,41.36259390563055,40.88496579206896,41.32438278198242,17372200,0.0,0.0,0.0
2024-12-02,41.41990680631263,41.54409112481489,41.2766169277321,41.48677444458008,16508700,0.0,0.0,0.0
2024-12-03,41.32438143991935,41.60140661135151,41.17154059430388,41.572750091552734,49462500,0.0,0.0,0.0
2024-12-04,41.70648244551964,41.74469356524196,41.544090652719206,41.677825927734375,21339100,0.0,0.0,0.0
2024-12-05,41.88798160277573,42.00261496688125,41.86887968610457,41.95484924316406,23736100,0.0,0.0,0.0
2024-12-06,42.05993164652472,42.08859181203909,41.83067218649028,41.88798522949219,13142400,0.0,0.0,0.0
2024-12-09,42.78592230083535,43.082049364562266,42.72860562204326,42.74771118164063,34841300,0.0,0.0,0.0
2024-12-10,42.2987467779818,42.33695790362369,42.03127618651557,42.05993270874024,26979800,0.0,0.0,0.0
2024-12-11,42.15545396321465,42.26053272037224,42.02171868829151,42.23187255859375,20405600,0.0,0.0,0.0
2024-12-12,42.08858852718954,42.24142936995501,41.964404203688495,42.02172088623047,17662900,0.0,0.0,0.0
2024-12-13,42.12680035660679,42.13635496002402,41.9166464536034,42.05993270874024,19381200,0.0,0.0,0.0
2024-12-16,41.86888052521048,41.99306120612722,41.82111480053601,41.83066940307617,32259800,0.0,0.0,0.0
2024-12-17,41.49748765185289,41.77918593759492,41.46834363878596,41.73061752319336,30224000,0.0,0.0,0.0
2024-12-18,41.67233399872583,41.77918302073648,40.68152285087214,40.75923156738281,33249500,0.0,0.0,0.0
2024-12-19,41.15749939692777,41.19635560882761,40.89522552490234,40.89522552490234,31146900,0.0,0.0,0.0
2024-12-20,40.7592336768287,41.27406923567709,40.7300933698206,41.06036376953125,25512200,0.0,0.0,0.0
2024-12-23,41.07007370918642,41.33234757441883,41.00207719288901,41.29349136352539,17955400,0.0,0.0,0.0
2024-12-24,41.29349226640792,41.44891340784777,41.24492385449528,41.41977310180664,7066800,0.0,0.0,0.0
2024-12-26,41.14778989555517,41.36149536948865,41.12836178833098,41.274070739746094,16152200,0.0,0.0,0.0
2024-12-27,41.021507721629135,41.1186482546012,40.9049427875951,41.08950424194336,22672400,0.0,0.0,0.0
2024-12-30,40.83694398942573,40.885512400436426,40.64266663985069,40.75923156738281,25055000,0.0,0.0,0.0
2024-12-31,40.73980253474271,40.83694306008568,40.59409730502647,40.62323760986328,40524000,0.0,0.0,0.0
2025-01-02,40.671805574282615,40.78837420341739,40.48724413645073,40.5649528503418,25287200,0.0,0.0,0.0
2025-01-03,40.88551374673415,40.98265057195412,40.759232909522304,40.94379806518555,17706000,0.0,0.0,0.0
2025-01-06,41.38091842979467,41.50719926989213,41.07007613534894,41.08950424194336,26200900,0.0,0.0,0.0
2025-01-07,41.244923387115016,41.25463929270683,40.75923186242775,40.79808807373047,30912500,0.0,0.0,0.0
2025-01-08,40.54553255645025,40.65238158567794,40.41925171486708,40.60381317138672,20257500,0.0,0.0,0.0
2025-01-10,40.08898041652852,40.08898041652852,39.84613464495192,39.91413116455078,42204300,0.0,0.0,0.0
2025-01-13,39.46729780350666,39.661575171568415,39.44786969614722,39.64214706420898,28154900,0.0,0.0,0.0
2025-01-14,40.15697432890483,40.20554273896033,39.96269698315068,40.0889778137207,23438600,0.0,0.0,0.0
2025-01-15,40.51638486532859,40.63295349568428,40.4289602453279,40.613525390625,22557000,0.0,0.0,0.0
2025-01-16,40.73980208851185,40.7495179937058,40.55524065067996,40.5649528503418,17711400,0.0,0.0,0.0
2025-01-17,40.7592286668995,41.16721144252769,40.70094806004689,40.8855094909668,30692300,0.0,0.0,0.0
2025-01-21,41.244923228328496,41.38091626183222,41.07978988922605,41.322635650634766,16728200,0.0,0.0,0.0
2025-01-22,41.38091642876315,41.45862885138291,41.23521119464949,41.35177612304688,16894600,0.0,0.0,0.0
2025-01-23,41.26435212599698,41.48776978611775,41.186643407731296,41.44891357421875,15212800,0.0,0.0,0.0
2025-01-24,41.68204909023813,41.81804213271496,41.526627940902834,41.72090530395508,20962800,0.0,0.0,0.0
2025-01-27,40.99236651568092,41.10893144715909,40.87580158420276,40.96322250366211,25964200,0.0,0.0,0.0
2025-01-28,41.0312210377606,41.283778996481374,40.788375278957766,41.26435089111328,22438200,0.0,0.0,0.0
2025-01-29,41.5072006153712,41.59462524511376,41.22549861891935,41.274070739746094,24922400,0.0,0.0,0.0
2025-01-30,41.594622350447096,42.09974198652579,41.57519424457496,41.97346115112305,30450300,0.0,0.0,0.0
2025-01-31,41.98317379224423,42.08031060851933,41.42948578730572,41.49748229980469,29974700,0.0,0.0,0.0
2025-02-03,40.81751890537913,41.448915706321046,40.768950490773214,41.19635772705078,37505700,0.0,0.0,0.0
2025-02-04,41.71118698711383,42.07060138492495,41.65290637543916,41.93460464477539,26992900,0.0,0.0,0.0
2025-02-05,41.77918285801148,41.93460399595972,41.72090224723853,41.827754974365234,21829200,0.0,0.0,0.0
2025-02-06,41.96374541506493,42.02202602223828,41.8763207987729,42.00260162353516,19365700,0.0,0.0,0.0
2025-02-07,42.37172803841738,42.468868567733935,41.92489272015814,41.963748931884766,32804300,0.0,0.0,0.0
2025-02-10,42.3717277270126,42.468868255615234,42.26487499831584,42.468868255615234,19596700,0.0,0.0,0.0
2025-02-11,42.17745298345751,42.40087436029308,42.10945646199711,42.3037338256836,19596800,0.0,0.0,0.0
2025-02-12,42.245451056469946,42.69228637629318,42.13859832661389,42.536865234375,19986000,0.0,0.0,0.0
2025-02-13,42.24544911078633,42.8088493347168,42.235733205502,42.8088493347168,22841000,0.0,0.0,0.0
2025-02-14,43.09055359686265,43.139122009277344,42.92541654801387,43.139122009277344,24329400,0.0,0.0,0.0
2025-02-18,43.47910644568722,43.50825045879793,43.31397309536738,43.411109924316406,23037100,0.0,0.0,0.0
2025-02-19,43.37225314109752,43.41110564552816,43.245972311484586,43.343109130859375,20275200,0.0,0.0,0.0
2025-02-20,43.66367006487406,43.9356561407423,43.51796112106901,43.74137878417969,29210500,0.0,0.0,0.0
2025-02-21,43.96479564942335,44.12021679074641,43.45967971927264,43.6151008605957,33974700,0.0,0.0,0.0
2025-02-24,43.37225805387264,43.38197025469737,42.92541899975159,42.9448471069336,38307000,0.0,0.0,0.0
2025-02-25,43.08084042592537,43.10026853323106,42.799142133824375,42.97399139404297,19955500,0.0,0.0,0.0
2025-02-26,43.46939040574616,43.70252396237873,43.29454116465477,43.40139389038086,25171000,0.0,0.0,0.0
2025-02-27,43.03226911514973,43.12940964514238,42.52714947578487,42.55629348754883,30518900,0.0,0.0,0.0
2025-02-28,41.81804000967824,42.02202956303724,41.63347856219138,41.97346115112305,52402300,0.0,0.0,0.0
2025-03-03,42.21630827944768,42.35230131941174,41.45863065362935,41.604339599609375,45587700,0.0,0.0,0.0
2025-03-04,41.75004334530643,42.313447297023416,41.48776947525186,41.95403289794922,30082400,0.0,0.0,0.0
2025-03-05,42.70199934137222,43.2751155072485,42.57572220885528,43.20711898803711,47763400,0.0,0.0,0.0
2025-03-06,43.17798066906742,43.362542128918506,42.896278673347965,42.93513488769531,33544500,0.0,0.0,0.0
2025-03-07,43.071129317551616,43.2654066900038,42.750571097175616,43.14883804321289,23474500,0.0,0.0,0.0
2025-03-10,42.498006103691495,42.62428693080573,41.85689347411994,42.11916732788086,29502500,0.0,0.0,0.0
2025-03-11,42.47858045570936,42.69228591310288,42.17745037533961,42.468868255615234,21184100,0.0,0.0,0.0
2025-03-12,42.65342744064876,42.760280163681365,42.381441386043626,42.701995849609375,17731600,0.0,0.0,0.0
2025-03-13,42.2745912351584,42.653430035846135,42.24545092911544,42.52714920043945,17870100,0.0,0.0,0.0
2025-03-14,43.04198637298579,43.31397245444444,42.99341425369751,43.30426025390625,21858400,0.0,0.0,0.0
2025-03-17,43.45967882997861,44.10079148800898,43.45967882997861,44.04250717163086,37712400,0.0,0.0,0.0
2025-03-18,43.95508101009732,43.984221314499486,43.65395094432388,43.81908798217773,19974200,0.0,0.0,0.0
2025-03-19,43.99393798242387,44.081362602678254,43.71223601654509,43.92594146728516,31657500,0.0,0.0,0.0
2025-03-20,43.323686042645306,43.58595993196643,43.26540542648454,43.51796340942383,25180900,0.0,0.0,0.0
2025-03-21,43.16826350764448,43.37225677427091,43.12941099995928,43.30426025390625,19403800,0.0,0.0,0.0
2025-03-24,43.46939103612564,43.615099974325545,43.38196641431215,43.498531341552734,20479000,0.0,0.0,0.0
2025-03-25,43.459678038177,43.57624296327729,43.33339720775793,43.37225341796875,29535900,0.0,0.0,0.0
2025-03-26,43.34311139777064,43.40139571576316,43.05169721887272,43.109981536865234,22002200,0.0,0.0,0.0
2025-03-27,43.1488354382849,43.47910583985513,43.1488354382849,43.32368469238281,15749100,0.0,0.0,0.0
2025-03-28,42.90598798188488,42.9545600993111,42.44944046344322,42.51743698120117,27866500,0.0,0.0,0.0
2025-03-31,42.07060498669088,42.48830003193655,41.92489603396514,42.44944381713867,25638300,0.0,0.0,0.0
2025-04-01,42.40087251055317,42.70199889087468,42.26487576803274,42.58543395996094,21530300,0.0,0.0,0.0
2025-04-02,42.46886566948011,42.779707931015295,42.45914976444536,42.64371490478516,18068100,0.0,0.0,0.0
2025-04-03,41.75004575782594,42.05117585688912,41.73061765089936,41.740333557128906,26997500,0.0,0.0,0.0
2025-04-04,40.16668571187346,40.29296653987544,38.99131316698485,39.418724060058594,75853000,0.0,0.0,0.0
2025-04-07,37.72851716145878,39.37986905916934,37.46624329780485,37.951934814453125,87724900,0.0,0.0,0.0
2025-04-08,39.06902692180534,39.098167227136,37.097116837544405,37.41767501831055,57879100,0.0,0.0,0.0
2025-04-09,37.63138298153731,40.147265362576285,37.359393193362514,40.011268615722656,71100600,0.0,0.0,0.0
2025-04-10,39.66157290999129,39.719853523213736,38.69018983060516,39.32158660888672,44475900,0.0,0.0,0.0
2025-04-11,39.943272054937815,40.61352876582236,39.79756681318256,40.55524444580078,43956500,0.0,0.0,0.0
2025-04-14,40.827233087250846,41.16721941705529,40.66209972847105,40.92437362670898,22549600,0.0,0.0,0.0
2025-04-15,40.992362210905895,41.13806743356941,40.87579729166868,40.8855094909668,18077500,0.0,0.0,0.0
2025-04-16,40.59409961021205,40.82722947320946,40.24440111018357,40.4095344543457,19984700,0.0,0.0,0.0
2025-04-17,40.856371798623925,41.02150513596912,40.68152255582772,40.72037506103516,23264400,0.0,0.0,0.0
2025-04-21,40.96322080042032,41.011792916587936,40.41924867245222,40.71066284179688,16440700,0.0,0.0,0.0
2025-04-22,41.16721451155448,41.60433762319661,41.12835830040135,41.322635650634766,25716100,0.0,0.0,0.0
2025-04-23,42.05117618845753,42.27459386157602,41.75004608701998,41.798614501953125,24787400,0.0,0.0,0.0
2025-04-24,41.91518265886792,42.33287769241276,41.86661053896493,42.284305572509766,28843500,0.0,0.0,0.0
2025-04-25,41.98317491199722,42.20659255981445,41.905462492478826,42.20659255981445,18363700,0.0,0.0,0.0
2025-04-28,42.26487746565506,42.34258989307386,42.08031600883415,42.284305572509766,11002200,0.0,0.0,0.0
2025-04-29,42.34259076978185,42.50772412316717,42.31345046166269,42.400875091552734,12809100,0.0,0.0,0.0
2025-04-30,42.342591406095984,42.57572499115043,42.1677421436883,42.50772476196289,20928800,0.0,0.0,0.0
2025-05-01,42.67285797466524,42.701998280594125,42.45915251643397,42.498008728027344,14740500,0.0,0.0,0.0
2025-05-02,43.85794725501975,43.87737165562317,43.5568171682137,43.71223831176758,33945900,0.0,0.0,0.0
2025-05-05,44.159072098854864,44.22706861519656,44.04250717163086,44.04250717163086,22661100,0.0,0.0,0.0
2025-05-06,43.71223937512623,44.04250977640404,43.69281126851784,43.86766052246094,17418700,0.0,0.0,0.0
2025-05-07,43.53739045401022,43.54710636015492,43.24597626372145,43.36254119873047,23390500,0.0,0.0,0.0
2025-05-08,43.50824998093217,43.585958702131386,43.28483231237729,43.33340072631836,17573700,0.0,0.0,0.0
2025-05-09,43.8093783580929,43.86766268078571,43.54710816980678,43.62481689453125,16091100,0.0,0.0,0.0
2025-05-12,44.70304778074892,44.70304778074892,44.40191770546687,44.56705474853516,26843500,0.0,0.0,0.0
2025-05-13,44.265925151124506,44.80990099138422,44.236784845487605,44.6447639465332,23970300,0.0,0.0,0.0
2025-05-14,45.08188948273002,45.13045789658039,44.92646833508939,44.9847526550293,22561700,0.0,0.0,0.0
2025-05-15,44.90704008210549,44.96532440185547,44.72247862786256,44.96532440185547,21682500,0.0,0.0,0.0
2025-05-16,44.88761551192488,44.97504014567124,44.74191025936943,44.93618392944336,23296900,0.0,0.0,0.0
2025-05-19,44.6253385492766,45.04303358123956,44.6253385492766,45.033321380615234,16823000,0.0,0.0,0.0
2025-05-20,44.848755908502845,44.99446485558639,44.80990340074203,44.9847526550293,20233700,0.0,0.0,0.0
2025-05-21,45.15960102444326,45.266450050607446,44.80018661682168,44.86818313598633,25570400,0.0,0.0,0.0
2025-05-22,44.65448044149011,44.82932968868382,44.58648392375169,44.72247695922852,16773000,0.0,0.0,0.0
2025-05-23,44.596201139402,44.98475588920492,44.55734492331516,44.90704345703125,22018900,0.0,0.0,0.0
2025-05-27,44.75161774482612,44.8584704754265,44.65448092002523,44.80018615722656,26278900,0.0,0.0,0.0
2025-05-28,44.68361984277398,44.70304794823905,44.55733901001712,44.59619522094727,26970500,0.0,0.0,0.0
2025-05-29,44.99446332634745,45.01389143233378,44.61562452344488,44.76133346557617,24291700,0.0,0.0,0.0
2025-05-30,44.35335067193442,44.35335067193442,43.93565565686137,44.21735763549805,42291600,0.0,0.0,0.0
2025-06-02,44.38248932478377,44.55733856669756,44.21735598827197,44.53791046142578,20576500,0.0,0.0,0.0
2025-06-03,44.52819901845336,44.69333235777212,44.43106219597552,44.6447639465332,20943400,0.0,0.0,0.0
2025-06-04,45.07217867174929,45.25674013228369,45.023606550869,45.19845581054688,26497800,0.0,0.0,0.0
2025-06-05,45.58700453649036,45.63557294543727,45.31501848196203,45.431583404541016,26292800,0.0,0.0,0.0
2025-06-06,45.47044436735582,45.60643740883659,45.38301973989925,45.577293395996094,16629900,0.0,0.0,0.0
2025-06-09,45.820138071274975,46.03384353448831,45.76185745805852,45.96584701538086,22715200,0.0,0.0,0.0
2025-06-10,46.18926649715288,46.2669789252104,45.98527693180068,46.22812271118164,26583600,0.0,0.0,0.0
2025-06-11,46.47096602571899,46.59724686184819,46.36411329557368,46.42239761352539,28230800,0.0,0.0,0.0
2025-06-12,46.36411377376583,46.52925082356604,46.32525756139727,46.50010681152344,19734400,0.0,0.0,0.0
2025-06-13,45.65500715650477,45.9464213546951,45.63557904922108,45.76185989379883,35198100,0.0,0.0,0.0
2025-06-16,46.27382942914419,46.58768299421189,46.27382942914419,46.32286834716797,26995900,0.0,0.0,0.0
2025-06-17,46.00901615852124,46.10709399750292,45.646123664573366,45.71477890014648,35176900,0.0,0.0,0.0
2025-06-18,45.72458381427246,45.89132062524955,45.587273347249926,45.7049674987793,26286900,0.0,0.0,0.0
2025-06-20,45.881512869448365,45.881512869448365,45.400926211064494,45.44015884399414,32783300,0.0,0.0,0.0
2025-06-23,45.36169074066542,45.82266479517938,45.263612905906086,45.8128547668457,22233200,0.0,0.0,0.0
2025-06-24,46.5288343647668,47.01923103120527,46.49941176203799,46.99961471557617,36113900,0.0,0.0,0.0
2025-06-25,46.98000366958132,47.0682752220688,46.90153840451255,47.038848876953125,23739200,0.0,0.0,0.0
2025-06-26,47.25462525325041,47.43116836061188,47.12712106650495,47.35270309448242,21962200,0.0,0.0,0.0
2025-06-27,47.11731240021912,47.32327810126597,47.03884713805101,47.166351318359375,37593400,0.0,0.0,0.0
2025-06-30,47.07808069808325,47.34289535098153,46.980002859867454,47.313472747802734,32966300,0.0,0.0,0.0
2025-07-01,47.42135741725368,47.49001265307824,47.26443062945043,47.4017448425293,25393000,0.0,0.0,0.0
2025-07-02,47.24481554581829,47.60771179199219,47.20558665391638,47.60771179199219,23950600,0.0,0.0,0.0
2025-07-03,47.64694315101606,47.86271514571021,47.64694315101606,47.82348251342773,20080100,0.0,0.0,0.0
2025-07-07,47.352701851056224,47.46058971843631,47.03884827763944,47.14673614501953,24462300,0.0,0.0,0.0
2025-07-08,47.44097518920898,47.49001411038426,47.31347474243925,47.44097518920898,16316900,0.0,0.0,0.0
2025-07-09,47.45078605208812,47.45078605208812,47.22520401757413,47.36251449584961,14846200,0.0,0.0,0.0
2025-07-10,47.45078423129228,47.49982315144751,47.274241125589626,47.490013122558594,21892100,0.0,0.0,0.0
2025-07-11,47.41155318916714,47.46059211096753,47.293859028560206,47.33308792114258,27338400,0.0,0.0,0.0
2025-07-14,47.34289589406693,47.4409737334078,47.27424065824236,47.4017448425293,16882100,0.0,0.0,0.0
2025-07-15,47.901944783260525,47.94117741309026,47.67636277388381,47.74501800537109,24890500,0.0,0.0,0.0
2025-07-16,47.72540559850119,47.98041023041677,47.54886249124047,47.97060394287109,32620000,0.0,0.0,0.0
2025-07-17,47.91175410719063,48.27465034397586,47.862715187509565,48.24522399902344,22323900,0.0,0.0,0.0
2025-07-18,48.38253888891921,48.47080670072197,48.10791420029024,48.1373405456543,23408000,0.0,0.0,0.0
2025-07-21,48.38253571618867,48.64734661709133,48.30407045560303,48.45119094848633,16861700,0.0,0.0,0.0
2025-07-22,48.31387689992297,48.49041999538648,48.10791120235872,48.480613708496094,22316500,0.0,0.0,0.0
2025-07-23,48.78466272646148,49.00043471863128,48.73562006596726,48.97101211547852,23744600,0.0,0.0,0.0
2025-07-24,48.82389380531233,48.89254904336596,48.6767770415245,48.706199645996094,18948000,0.0,0.0,0.0
2025-07-25,48.43157396730154,48.58850074488519,48.36291873594804,48.55907440185547,15605000,0.0,0.0,0.0
2025-07-28,48.343304277603536,48.39234319596364,48.14714486273347,48.23541641235352,27703400,0.0,0.0,0.0
2025-07-29,48.34330695489923,48.4021521636184,48.18638016259836,48.25503540039063,24742400,0.0,0.0,0.0
2025-07-30,48.09810643836912,48.18637798889576,47.803869183756845,47.901947021484375,37855400,0.0,0.0,0.0
2025-07-31,47.794060040844656,47.87252530562454,47.54886170055215,47.62732696533203,30587100,0.0,0.0,0.0
2025-08-01,47.45078551158911,47.45078551158911,47.058466656902326,47.27424240112305,27234300,0.0,0.0,0.0
2025-08-04,47.80386962543357,47.85290854475042,47.62732652274914,47.7646369934082,32920400,0.0,0.0,0.0
2025-08-05,48.01964117504335,48.07849012253767,47.79405915512629,47.901947021484375,18709100,0.0,0.0,0.0
2025-08-06,47.96079607150794,48.15695174738233,47.86271449214105,48.12752914428711,17094000,0.0,0.0,0.0
2025-08-07,48.64734578929189,48.72581104854234,48.402147466278464,48.5296516418457,23378900,0.0,0.0,0.0
2025-08-08,48.38253717076166,48.510037610902174,48.34330453928935,48.490421295166016,16926700,0.0,0.0,0.0
2025-08-11,48.45119284666445,48.51003805297952,48.28445603210247,48.35311126708984,15176100,0.0,0.0,0.0
2025-08-12,48.5590768085602,48.97101195852722,48.519847918292136,48.94158935546875,22908400,0.0,0.0,0.0
2025-08-13,49.48102471047677,49.61833517933477,49.441792078966,49.53006362915039,28585500,0.0,0.0,0.0
2025-08-14,48.91216415326053,49.04947462597968,48.78466370940976,48.921974182128906,28016600,0.0,0.0,0.0
2025-08-15,49.06909125537823,49.11813391717352,48.92197449428178,48.98081970214844,24042600,0.0,0.0,0.0
2025-08-18,49.19659592219946,49.275061188694806,49.13774697232796,49.26525115966797,19212500,0.0,0.0,0.0
2025-08-19,49.13774579068215,49.13774579068215,48.80427589895578,48.86312484741211,17226800,0.0,0.0,0.0
2025-08-20,48.7748554237146,48.843510662527855,48.50023446846157,48.794471740722656,20299200,0.0,0.0,0.0
2025-08-21,48.62773926233103,48.78466605891487,48.58850662782758,48.68658447265625,14428500,0.0,0.0,0.0
2025-08-22,48.97101377085383,49.65756988525391,48.93178113770415,49.65756988525391,31264200,0.0,0.0,0.0
2025-08-25,49.56929785014857,49.69679829450248,49.36333214025707,49.373138427734375,23701400,0.0,0.0,0.0
2025-08-26,49.32410125464512,49.39275649370752,49.19659706434497,49.245635986328125,25684000,0.0,0.0,0.0
2025-08-27,48.67677599582372,48.97101325850828,48.6375433630845,48.95139694213867,31452900,0.0,0.0,0.0
2025-08-28,48.90235659684825,49.157361219362414,48.88274028105029,49.13774490356445,21353800,0.0,0.0,0.0
2025-08-29,48.85332008759032,48.941591642320006,48.69639329489642,48.90235900878906,24867400,0.0,0.0,0.0
2025-09-02,48.46099971986821,48.87293487620303,48.40215077141188,48.86312484741211,24343900,0.0,0.0,0.0
2025-09-03,49.010243919107005,49.10832175557867,48.921972369710645,49.04947280883789,29035600,0.0,0.0,0.0
2025-09-04,48.73562081913244,48.89254760742188,48.57869403084302,48.89254760742188,14791900,0.0,0.0,0.0
2025-09-05,49.559487218955056,49.647758770897205,49.216211039974326,49.48102569580078,24805800,0.0,0.0,0.0
2025-09-08,49.73603052059599,49.94199622880337,49.65756899712974,49.93218994140625,23345100,0.0,0.0,0.0
2025-09-09,50.12834847548027,50.30489157694361,50.118538446826925,50.206809997558594,23818600,0.0,0.0,0.0
2025-09-10,50.60893599701661,50.75605649793034,50.51085815736062,50.55009078979492,27152000,0.0,0.0,0.0
2025-09-11,50.89336764622387,51.315109096921695,50.873751329746085,51.28568649291992,38948300,0.0,0.0,0.0
2025-09-12,51.324918896292914,51.34453147125316,51.187604681562654,51.25625991821289,17773100,0.0,0.0,0.0
2025-09-15,51.5701144512025,51.65838225804133,51.48184290293409,51.62895965576172,22076400,0.0,0.0,0.0
2025-09-16,51.86435403522123,52.0507034271047,51.75646616676194,52.01147079467773,28614400,0.0,0.0,0.0
2025-09-17,52.22724663007012,52.63917804704072,51.97224200167352,52.23705291748047,53353400,0.0,0.0,0.0
2025-09-18,51.89377854592315,52.138976895458114,51.776084385746735,52.10955429077149,30544400,0.0,0.0,0.0
2025-09-19,52.05070457127195,52.09974349216874,51.89377777954429,51.99185562133789,37385100,0.0,0.0,0.0
2025-09-22,52.03108477691096,52.25666679110237,51.962429543958336,52.24686050415039,18357700,0.0,0.0,0.0
2025-09-23,52.29589957955289,52.50186527903218,52.22724434639313,52.27628326416016,21298600,0.0,0.0,0.0
2025-09-24,52.23705336289866,52.32532491606358,52.03108765265711,52.0997428894043,24947100,0.0,0.0,0.0
2025-09-25,51.76626991495321,51.96242932603644,51.62895944962383,51.79569625854492,27611900,0.0,0.0,0.0
2025-09-26,51.432801923694335,51.69761657714844,51.34453037254296,51.69761657714844,22608400,0.0,0.0,0.0
2025-09-29,52.21743865585056,52.36455541083205,52.099740762149786,52.16839599609375,26754400,0.0,0.0,0.0
2025-09-30,52.315517811919335,52.41359565104722,52.1782073405684,52.37436676025391,25165300,0.0,0.0,0.0
2025-10-01,52.560714827027496,52.81571944719361,52.560714827027496,52.78629684448242,29971300,0.0,0.0,0.0
2025-10-02,53.30611507103876,53.30611507103876,52.86476107328224,53.031494140625,27872000,0.0,0.0,0.0
2025-10-03,53.28650473702984,53.345349943775055,53.02169008238722,53.18842315673828,21836000,0.0,0.0,0.0
2025-10-06,53.30611627170418,53.50227568703069,53.25707735322997,53.43362045288086,17890500,0.0,0.0,0.0
2025-10-07,53.62978120402422,53.63958749139145,52.9824577363239,53.02169036865234,18605600,0.0,0.0,0.0
2025-10-08,53.09034564587645,53.44343185424805,53.08053561707183,53.44343185424805,15391200,0.0,0.0,0.0
2025-10-09,53.472852321724055,53.4826586087072,52.766679933190325,52.89418411254883,24685200,0.0,0.0,0.0
2025-10-10,52.92360873410161,53.00207399867884,50.824711545247496,50.9424057006836,67908200,0.0,0.0,0.0
2025-10-13,52.41359466501744,52.61956410959878,52.17820635896685,52.42340469360352,34717200,0.0,0.0,0.0
2025-10-14,51.59953906780093,52.34494037227648,51.52107380341943,51.9526252746582,36062800,0.0,0.0,0.0
2025-10-15,52.81572212010966,53.002075257190576,52.48225222059784,52.80591583251953,31145700,0.0,0.0,0.0
2025-10-16,53.29630949085072,53.53170153534781,53.0118785283337,53.14918899536133,29782000,0.0,0.0,0.0
2025-10-17,52.796105249517886,53.23745924233255,52.766678906281925,53.139381408691406,24373600,0.0,0.0,0.0
2025-10-20,53.51208705841413,53.973057393354885,53.51208705841413,53.86516952514648,29450600,0.0,0.0,0.0
2025-10-21,53.54151243721751,53.54151243721751,53.26689147949219,53.26689147949219,27091800,0.0,0.0,0.0
2025-10-22,53.3845827330196,53.63958735966877,52.97264757744203,53.21784591674805,23595100,0.0,0.0,0.0
2025-10-23,53.43362078644535,53.80632330374938,53.414004470647285,53.68862915039063,19655800,0.0,0.0,0.0
2025-10-24,54.12017898084697,54.149601584974825,53.95344216078624,54.04171371459961,19506300,0.0,0.0,0.0
2025-10-27,54.64980941884444,54.66942573580655,54.43403367369116,54.63999938964844,24016300,0.0,0.0,0.0
2025-10-28,54.31633685714191,54.698845665622606,54.267297937849726,54.62038040161133,25911500,0.0,0.0,0.0
2025-10-29,55.14020406887126,55.22847562120447,54.67922999097236,54.93423461914063,32924600,0.0,0.0,0.0
2025-10-30,54.38499183470869,54.590957539617655,54.25748765200946,54.36537551879883,22532800,0.0,0.0,0.0
2025-10-31,54.27710571047185,54.32614463110603,53.97305841625223,54.23787307739258,29316400,0.0,0.0,0.0
2025-11-03,54.62038276190001,54.659615395600994,54.3065291751519,54.581153869628906,18735900,0.0,0.0,0.0
2025-11-04,53.67881972097972,54.01228961041004,53.56112556630717,53.58074188232422,25655800,0.0,0.0,0.0
2025-11-05,53.59054852470023,54.1888330721802,53.56112592119457,54.06132888793945,22362000,0.0,0.0,0.0
2025-11-06,54.012288775674165,54.15940927281346,53.4728531885462,53.6592025756836,24880700,0.0,0.0,0.0
2025-11-07,53.16880748012517,53.50227737426758,52.766682349667846,53.50227737426758,32432300,0.0,0.0,0.0
2025-11-10,54.21825419477362,54.48306884338064,54.04171109570228,54.4438362121582,27712200,0.0,0.0,0.0
2025-11-11,54.44383659962252,54.63018972854053,54.30652613079641,54.502685546875,22791800,0.0,0.0,0.0
2025-11-12,54.59095465160382,54.59095465160382,54.35556261456812,54.51249313354492,24137600,0.0,0.0,0.0
2025-11-13,54.630192281783145,54.65961488606967,53.76709305555662,53.87498092651367,29877500,0.0,0.0,0.0
2025-11-14,53.482662230525634,54.23787358797682,53.36496807160969,53.90440368652344,27660000,0.0,0.0,0.0
2025-11-17,53.47285719778618,53.835749712127495,53.10015465413757,53.26689147949219,24765100,0.0,0.0,0.0
2025-11-18,52.845144600642,53.20803707781206,52.64898519031807,53.002071380615234,29360300,0.0,0.0,0.0
2025-11-19,52.80591331736913,53.12957317244505,52.58033129924237,52.81571960449219,20897700,0.0,0.0,0.0
2025-11-20,53.38458222257683,53.443431170362295,52.0605126995565,52.089935302734375,32026400,0.0,0.0,0.0
2025-11-21,51.6976188910976,52.30571348910479,51.3739590166756,52.08012771606445,40328800,0.0,0.0,0.0
2025-11-24,52.099742329766,52.668604275480455,52.099742329766,52.629371643066406,33650600,0.0,0.0,0.0
2025-11-25,52.59994761491813,52.83533592016795,52.188012468586464,52.81571960449219,25248200,0.0,0.0,0.0
2025-11-26,53.06092034215429,53.2865061119306,52.92360986763294,53.19823455810547,22161600,0.0,0.0,0.0
2025-11-28,53.11976846282813,53.32573417139574,53.08053583031152,53.27669525146485,15057500,0.0,0.0,0.0
2025-12-01,53.10996445577635,53.40420172942502,53.10996445577635,53.23746490478516,17854000,0.0,0.0,0.0
2025-12-02,53.31592902816285,53.33554534484214,53.03149804845801,53.257080078125,22523100,0.0,0.0,0.0
2025-12-03,53.10015480851503,53.30612052740782,53.01188325164241,53.29631423950195,16750200,0.0,0.0,0.0
2025-12-04,53.36496817845647,53.36496817845647,53.13938614782015,53.28650665283203,14443500,0.0,0.0,0.0
2025-12-05,53.8749785383278,54.06132792626497,53.61997017438253,53.68862915039063,20114400,0.0,0.0,0.0
2025-12-08,53.81612881274281,53.81612881274281,53.433620013785735,53.57093048095703,29055600,0.0,0.0,0.0
2025-12-09,53.25708017086791,53.53170486342627,53.20804124979922,53.48266220092773,17789200,0.0,0.0,0.0
2025-12-10,53.60035742083691,54.17902563994178,53.531702186488,54.0809440612793,35022900,0.0,0.0,0.0
2025-12-11,53.64939607916052,53.89459441248261,53.43362034857959,53.8259391784668,22013500,0.0,0.0,0.0
2025-12-12,53.85536432658046,53.89459695970936,53.06092034215429,53.19823455810547,30590000,0.0,0.0,0.0
2025-12-15,53.50227586691524,53.531702211242425,53.03149551340657,53.04130554199219,29137000,0.0,0.0,0.0
2025-12-16,52.68615002003103,52.85527294617779,52.49713385078181,52.70604705810547,38180700,0.0,0.0,0.0
2025-12-17,52.98459763106389,53.03434212338848,52.30811731611854,52.32801055908203,35740800,0.0,0.0,0.0
2025-12-18,52.99454923587308,53.22335948480363,52.86522038387858,52.92491149902344,29985700,0.0,0.0,0.0
2025-12-19,53.26315304648402,53.61134172736507,53.223358970105615,53.44222259521485,28831700,0.0,0.0,0.0
2025-12-22,53.69093023834765,53.770514596663446,53.61134208505983,53.73072052001953,21645200,0.0,0.0,0.0
2025-12-23,53.71082597450097,54.04906802782981,53.621291201708864,54.02917098999024,25319700,0.0,0.0,0.0
2025-12-24,54.12865277424646,54.17839347171783,54.05901503879215,54.13859939575195,9565300,0.0,0.0,0.0
2025-12-26,54.28782564888796,54.53653293289239,54.24803157265397,54.51663589477539,11352000,0.0,0.0,0.0
2025-12-29,54.238085823520166,54.39725833604447,54.1485510480395,54.37736129760742,18816700,0.0,0.0,0.0
2025-12-30,54.586271507670645,54.70565373172945,54.52658419061307,54.596221923828125,24643000,0.0,0.0,0.0
2025-12-31,54.61612109992976,54.63601434308008,54.39725747555645,54.42710113525391,20000900,0.0,0.0,0.0
2026-01-02,55.60099957397547,55.95913866865035,55.52141521680993,55.94919204711914,38255900,0.0,0.0,0.0
2026-01-05,56.29737850817558,56.56598281860352,56.06856827224924,56.56598281860352,37082500,0.0,0.0,0.0
2026-01-06,56.87437861508978,57.13303630986537,56.86443199373929,56.98381042480469,29801700,0.0,0.0,0.0
2026-01-07,56.73510363375719,56.755000671601,56.50629339101119,56.556034088134766,26931300,0.0,0.0,0.0
2026-01-08,56.45655311608855,56.59582858706488,56.32722426662254,56.575931549072266,27719800,0.0,0.0,0.0
2026-01-09,56.58588192386722,56.864432865614674,56.41675899854058,56.84453582763672,31540700,0.0,0.0,0.0
2026-01-12,56.94401879102367,57.67024357144994,56.91417133773779,57.64039611816406,47304300,0.0,0.0,0.0
2026-01-13,57.47127747227276,57.5110715470036,57.08329473107667,57.21261978149414,34414900,0.0,0.0,0.0
2026-01-14,57.28226255452628,57.47127872114741,57.14298328994174,57.45138168334961,45156200,0.0,0.0,0.0
2026-01-15,57.84931437340031,58.07812461373446,57.63045075439725,57.78962326049805,60438100,0.0,0.0,0.0
2026-01-16,57.6702440063302,57.71003428605841,57.2723108492734,57.57075881958008,30624000,0.0,0.0,0.0
2026-01-20,57.05344689570364,57.45138005040513,56.944018883383954,57.01365661621094,37026900,0.0,0.0,0.0
2026-01-21,57.69014352074354,58.17760767434812,57.62050198954231,57.958744049072266,44193800,0.0,0.0,0.0
2026-01-22,58.39646911621094,58.62527935454787,58.19750253657869,58.39646911621094,33731400,0.0,0.0,0.0
2026-01-23,58.257195694115424,58.84414503740126,58.12786684356852,58.764556884765625,31584700,0.0,0.0,0.0
2026-01-26,58.7347115082637,59.082900178437455,58.68497081180629,58.864036560058594,37945000,0.0,0.0,0.0
2026-01-27,59.65990272705059,60.05783209263982,59.570367955672936,60.02798843383789,62222300,0.0,0.0,0.0
2026-01-28,60.55524573796007,60.55524573796007,60.057831192202286,60.43586730957031,52067700,0.0,0.0,0.0
2026-01-29,60.54530213648901,60.63483691098977,59.24207459541617,60.127471923828125,70851900,0.0,0.0,0.0
2026-01-30,59.50073081829994,59.75938471877728,58.52579873962087,58.79439926147461,73861200,0.0,0.0,0.0
2026-02-02,58.27709143531366,59.16248874133456,58.25719439759756,58.97346878051758,44512300,0.0,0.0,0.0
2026-02-03,59.62010832161797,59.67979943386292,58.72476061280296,59.29181289672852,41132300,0.0,0.0,0.0
2026-02-04,59.58031651936167,59.60021355753559,58.2472453214852,58.49595260620117,50852400,0.0,0.0,0.0
2026-02-05,58.24724536582578,58.724762897447306,57.91895372313624,58.22734832763672,50880900,0.0,0.0,0.0
2026-02-06,58.93367796982973,59.77928119281052,58.913780932292646,59.75938415527344,37534800,0.0,0.0,0.0
2026-02-09,59.65990437428561,60.33638848893437,59.59026663851047,60.19710922241211,35324300,0.0,0.0,0.0
2026-02-10,60.40602621035287,60.50550760573029,60.10757443427666,60.2866439819336,32247100,0.0,0.0,0.0
2026-02-11,60.86364402847975,61.31131787796442,60.46571087449964,61.24168014526367,38158900,0.0,0.0,0.0
2026-02-12,61.52023159097144,61.58986932425503,60.36622998873667,60.5452995300293,48070600,0.0,0.0,0.0
2026-02-13,60.406025704972585,60.89348985120439,59.81907636922372,60.803955078125,40091300,0.0,0.0,0.0
2026-02-17,60.40602616753769,60.76416526259771,59.87876414648956,60.55524826049805,38127200,0.0,0.0,0.0
2026-02-18,60.71441986959523,61.23173146645791,60.595041438002895,60.87359237670898,29966900,0.0,0.0,0.0
2026-02-19,60.51545584929804,60.75421270761949,60.26674857481295,60.724369049072266,38043800,0.0,0.0,0.0
2026-02-20,60.69452225336354,62.03754382712185,60.65473197319328,62.01764678955078,56421600,0.0,0.0,0.0
2026-02-23,61.69930060542281,61.928110840682535,61.19193564443542,61.33121490478516,36573400,0.0,0.0,0.0
2026-02-24,61.91816745706975,62.51506342417686,61.788838606040144,62.296199798583984,44407300,0.0,0.0,0.0
2026-02-25,63.09205969656658,63.10201011275021,62.71402737096936,62.98263168334961,42201200,0.0,0.0,0.0
2026-02-26,62.9527868652121,62.98263432004066,61.75899493128572,62.38573455810547,52083200,0.0,0.0,0.0
2026-02-27,61.878372559933766,65.61892841380418,61.79878440805663,62.25640869140625,34830100,0.0,0.0,0.0
2026-03-02,60.475663804693326,61.53018025512716,60.475663804693326,61.18199157714844,46879900,0.0,0.0,0.0
2026-03-03,57.67024603346781,58.60538405195846,56.44660665571861,58.11791610717773,99942900,0.0,0.0,0.0
2026-03-04,58.24724485835122,59.27192144381458,57.9388502565376,58.744659423828125,74073300,0.0,0.0,0.0
2026-03-05,57.71998730551386,58.27709299152566,56.59582931185254,57.33200454711914,81396900,0.0,0.0,0.0
2026-03-06,56.53614119885917,57.40164147813271,56.2675368787456,57.02360534667969,55731800,0.0,0.0,0.0
2026-03-09,56.36701727905052,58.34672887978397,55.94919087400524,58.147762298583984,65072500,0.0,0.0,0.0
2026-03-10,58.35667461795736,59.570367329434994,58.03832961084386,58.37657165527344,56415100,0.0,0.0,0.0
2026-03-11,58.39646994975465,58.85409043296054,58.08807155717404,58.52579879760742,35658200,0.0,0.0,0.0
2026-03-12,57.69014074514117,57.72993102466347,56.56598280799915,56.655517578125,53035000,0.0,0.0,0.0
2026-03-13,57.32205383963305,57.71003659605898,56.367018778435074,56.50629425048828,47897100,0.0,0.0,0.0
2026-03-16,57.749829569312,58.33677890101959,57.69014225098466,58.078125,36204900,0.0,0.0,0.0
2026-03-17,58.57553779796445,58.75460733750592,58.227345339979664,58.44620895385742,24929100,0.0,0.0,0.0
2026-03-18,58.07812684805628,58.32683413559252,57.24247021013561,57.26236724853516,37207400,0.0,0.0,0.0
2026-03-19,56.148153353749976,57.570759278352575,55.96908381114462,57.322052001953125,50957600,0.0,0.0,0.0
2026-03-20,56.65551860826749,56.71520592612212,55.15332452606124,55.35229110717773,78534200,0.0,0.0,0.0
2026-03-23,56.59582642427719,57.54091482046437,56.26753479737451,57.01365661621094,61193400,0.0,0.0,0.0
2026-03-24,55.83975849927756,56.62567060485455,55.7402733121988,56.22774124145508,37191900,0.0,0.0,0.0
2026-03-25,57.123085021972656,57.47127748347763,56.73510228070092,57.123085021972656,36444000,0.0,0.0,0.0
2026-03-26,55.96908627717213,56.34712241654788,55.15332667823688,55.18317413330078,42794900,0.0,0.0,0.0
2026-03-27,55.06379195029588,55.45177850668362,54.71560326568488,54.91456985473633,38596100,0.0,0.0,0.0
2026-03-30,55.21301792092519,55.25281199778762,54.15849765390317,54.466896057128906,32281500,0.0,0.0,0.0
2026-03-31,54.65590940737753,56.56598325344672,54.59622209013814,56.49634552001953,64809400,0.0,0.0,0.0
2026-04-01,56.91417354918511,57.530970341435335,56.725157380898594,56.9340705871582,51176300,0.0,0.0,0.0
2026-04-02,55.2826524095054,56.73510197488872,55.14337694364287,56.29737854003906,33449800,0.0,0.0,0.0
2026-04-06,56.65552093848223,57.123088059119134,56.446607727454754,56.81469345092773,19981700,0.0,0.0,0.0
2026-04-07,56.874377355585146,57.03355365344319,56.03872456166129,57.01365661621094,28112800,0.0,0.0,0.0
2026-04-08,60.54530213648901,60.67463098742833,59.59026707179557,60.127471923828125,50444800,0.0,0.0,0.0
2026-04-09,59.4509882530324,60.207060531184325,59.182387722474566,59.968299865722656,35719500,0.0,0.0,0.0
2026-04-10,60.396074965776094,60.57514451097791,60.05783291316955,60.24685287475586,20508400,0.0,0.0,0.0
2026-04-13,59.76933651764195,60.81390635503334,59.68974836490219,60.75421524047852,24457400,0.0,0.0,0.0
2026-04-14,61.28147327923743,61.93806035740884,61.25162961953891,61.91816711425781,23734200,0.0,0.0,0.0
2026-04-15,61.71919968454596,61.997750624517465,61.54013013885802,61.87837219238281,26278700,0.0,0.0,0.0
2026-04-16,62.10718197230697,62.40562994790513,61.73909626223496,62.127079010009766,32327600,0.0,0.0,0.0
2026-04-17,63.20149271973676,63.88792724067287,63.04232021248542,63.3109245300293,46228600,0.0,0.0,0.0
2026-04-20,62.78366807995196,62.93289017503202,62.45537263982617,62.85330581665039,20045600,0.0,0.0,0.0
2026-04-21,62.95278479782191,63.04231956942324,61.82863063712644,61.9281120300293,25552600,0.0,0.0,0.0
2026-04-22,62.66428624282831,63.09205926147817,62.56480105653733,63.0522689819336,19635300,0.0,0.0,0.0
2026-04-23,62.42552869502844,62.74387371704676,61.380958854345074,62.02759552001953,33271500,0.0,0.0,0.0
2026-04-24,62.95278375333221,63.48999237402701,62.77371421310062,63.41040802001953,26360600,0.0,0.0,0.0
2026-04-27,63.569582226170176,63.64916658230989,63.171649060555865,63.3109245300293,14689400,0.0,0.0,0.0
2026-04-28,62.46532098532368,62.793612619592295,62.20666329047263,62.66428756713867,20628900,0.0,0.0,0.0
2026-04-29,62.74387323100077,62.79361392874856,62.11712981345702,62.36583709716797,21066100,0.0,0.0,0.0
2026-04-30,62.91299679366401,63.808340747096494,62.5548576943022,63.65911865234375,32197000,0.0,0.0,0.0
2026-05-01,63.50989187102049,64.33559807631543,63.47009779498961,63.79838943481445,22489200,0.0,0.0,0.0
2026-05-04,64.13663273962125,64.53456589418654,63.48004569106876,63.7685432434082,19751800,0.0,0.0,0.0
2026-05-05,64.64400218746688,65.29063506982257,64.55446361625286,65.06182861328125,18701000,0.0,0.0,0.0
2026-05-06,66.50432407980074,67.24049549152545,66.29541087876846,67.1410140991211,35376400,0.0,0.0,0.0
2026-05-07,67.32008375962468,67.32008375962468,66.13624228502995,66.24566650390625,34734700,0.0,0.0,0.0
2026-05-08,66.9818453511774,67.60858495391786,66.93210086003164,67.58869171142578,27606300,0.0,0.0,0.0
2026-05-11,67.47926074092081,67.79760575435368,67.2404962883883,67.53894805908203,14667100,0.0,0.0,0.0
2026-05-12,65.87758557095614,66.1660869266815,64.65394241322055,65.47965240478516,37773400,0.0,0.0,0.0
2026-05-13,66.22577486889229,67.101221770759,65.92732309396703,66.86246490478516,26065400,0.0,0.0,0.0
2026-05-14,66.60380885335515,67.17086116778457,66.48443421238734,67.03158569335938,21184400,0.0,0.0,0.0
2026-05-15,64.89270443368451,65.13146128845719,64.38533947609199,64.73352813720703,34830900,0.0,0.0,0.0
2026-05-18,65.3204829762862,65.41996436925254,64.04709534050826,64.63404846191406,37739800,0.0,0.0,0.0
2026-05-19,63.29102909084937,64.51466848280785,63.15175361785813,63.9277229309082,37009400,0.0,0.0,0.0
2026-05-20,64.15652790468877,65.22099476083616,64.06699692694869,65.12151336669922,32484700,0.0,0.0,0.0
2026-05-21,64.89270934247511,66.00691314232691,64.71363979036407,65.68856811523438,28726400,0.0,0.0,0.0
2026-05-22,65.65871938036528,66.04670211496287,65.40006169398572,65.53933715820312,30851000,0.0,0.0,0.0
2026-05-26,67.36982634844912,68.1457918145745,67.33998269051254,68.04631042480469,25457000,0.0,0.0,0.0
2026-05-27,68.4044511945409,68.60341397900947,67.58869163430978,68.03636169433594,31991500,0.0,0.0,0.0
2026-05-28,67.30019109637604,68.41439484676165,67.08132747685205,68.2552261352539,33058600,0.0,0.0,0.0
2026-05-29,68.57357284218098,68.7526423907656,68.14579600889236,68.24527740478516,32143100,0.0,0.0,0.0
2026-06-01,69.02124352178132,70.14540531603046,68.77253623490411,69.7176284790039,31731100,0.0,0.0,0.0
2026-06-02,69.92654156565824,70.49359387513877,69.69772752256004,70.43390655517578,16577400,0.0,0.0,0.0
2026-06-03,70.05586334108264,70.105607832018,69.20030970861173,69.5584487915039,22147100,0.0,0.0,0.0
2026-06-04,68.16568832578022,68.93171100262755,67.72796867181135,68.74269104003906,21260300,0.0,0.0,0.0
2026-06-05,66.38495335339552,66.54412207262502,64.02720550588369,64.25601196289062,56184500,0.0,0.0,0.0
2026-06-08,65.7283562900093,66.02680804670838,65.25083499727947,65.4100112915039,29088400,0.0,0.0,0.0
2026-06-09,66.86246427502283,67.1111715551367,63.73870144398798,65.47965240478516,42106700,0.0,0.0,0.0
2026-06-10,64.97228591747782,65.93727135627353,64.24606492679943,64.32565307617188,37541900,0.0,0.0,0.0
2026-06-11,64.93249064394082,67.25044421949683,64.8429596700076,67.15096282958984,41505700,0.0,0.0,0.0
2026-06-12,67.18081064740721,67.84734434999369,66.74308339678016,67.52899932861328,39782800,0.0,0.0,0.0
2026-06-15,69.61000061035156,69.87999725341797,69.37999725341797,69.75,37751500,0.0,0.0,0.0
2026-06-16,69.33000183105469,69.73999786376953,68.58000183105469,68.63999938964844,31283500,0.0,0.0,0.0
2026-06-17,69.56999969482422,70.08000183105469,68.41000366210938,68.55999755859375,36131300,0.0,0.0,0.0
2026-06-18,70.18000030517578,70.91999816894531,70.1500015258789,70.79000091552734,49998100,0.0,0.0,0.0
2026-06-22,71.29000091552734,71.56999969482422,70.98999786376953,71.20999908447266,25302200,0.0,0.0,0.0
2026-06-23,67.25,68.2300033569336,67.06999969482422,67.16999816894531,39069000,0.0,0.0,0.0
2026-06-24,67.37999725341797,67.61000061035156,66.5999984741211,67.25,22973300,0.0,0.0,0.0
2026-06-25,68.91000366210938,68.98999786376953,67.2699966430664,67.95999908447266,24474400,0.0,0.0,0.0
2026-06-26,66.33999633789062,67.72000122070312,66.2699966430664,67.19000244140625,24158700,0.0,0.0,0.0
2026-06-29,66.98999786376953,67.45999908447266,66.0,67.43000030517578,18609700,0.0,0.0,0.0
2026-06-30,67.58999633789062,68.5,67.4800033569336,68.41000366210938,20384300,0.0,0.0,0.0
2026-07-01,66.91000366210938,67.45999908447266,66.4800033569336,66.4800033569336,28146700,0.0,0.0,0.0
2026-07-02,66.52999877929688,67.19000244140625,64.80000305175781,65.69999694824219,34258700,0.0,0.0,0.0
2026-07-06,67.25,67.79000091552734,67.20999908447266,67.56999969482422,24039300,0.0,0.0,0.0
2026-07-07,65.98999786376953,66.33000183105469,65.26000213623047,65.72000122070312,26285100,0.0,0.0,0.0
2026-07-08,65.16000366210938,66.25,64.97000122070312,66.2300033569336,20723500,0.0,0.0,0.0
2026-07-09,66.56999969482422,66.95999908447266,66.37000274658203,66.77999877929688,19566800,0.0,0.0,0.0
2026-07-10,66.54000091552734,67.0199966430664,66.19000244140625,66.9000015258789,18694800,0.0,0.0,0.0
2026-07-13,65.19000244140625,65.29000091552734,64.38999938964844,64.5,25474800,0.0,0.0,0.0
2026-07-14,65.52999877929688,65.80000305175781,65.11000061035156,65.66999816894531,18557800,0.0,0.0,0.0
2026-07-15,65.87000274658203,66.04000091552734,64.66000366210938,65.56999969482422,30073900,0.0,0.0,0.0
2026-07-16,64.43000030517578,64.72000122070312,63.91999816894531,64.19000244140625,21565700,0.0,0.0,0.0
2026-07-17,62.29999923706055,63.88999938964844,62.0099983215332,63.290000915527344,35145100,0.0,0.0,0.0
2026-07-20,64.04000091552734,64.16999816894531,63.47999954223633,63.560001373291016,19269600,0.0,0.0,0.0
2026-07-21,65.12000274658203,65.5,64.81999969482422,65.33999633789062,20839300,0.0,0.0,0.0
2026-07-22,64.63999938964844,65.19000244140625,64.62999725341797,64.98999786376953,13399800,0.0,0.0,0.0
2026-07-23,64.48999786376953,65.04000091552734,63.9900016784668,64.5999984741211,13003300,0.0,0.0,0.0
2026-07-24,63.95000076293945,64.1500015258789,63.25,63.33000183105469,20525600,0.0,0.0,0.0
2026-07-27,64.22000122070312,64.2699966430664,62.84999847412109,63.619998931884766,23439900,0.0,0.0,0.0
2026-07-28,62.060001373291016,62.79999923706055,61.68000030517578,62.36000061035156,28991800,0.0,0.0,0.0
2026-07-29,61.72999954223633,62.70000076293945,60.77000045776367,61.06999969482422,32436600,0.0,0.0,0.0
2026-07-30,62.47999954223633,63.63999938964844,62.29999923706055,63.59000015258789,42233300,0.0,0.0,0.0
2026-07-31,64.93000030517578,65.05999755859375,63.5099983215332,64.08999633789062,31148600,0.0,0.0,0.0
2026-08-03,63.7400016784668,64.44999694824219,63.34000015258789,64.31999969482422,21829600,0.0,0.0,0.0
2026-08-04,65.22000122070312,66.13999938964844,65.12000274658203,66.0,25811400,0.0,0.0,0.0
2026-08-05,65.94999694824219,66.23999786376953,65.66999816894531,65.72000122070312,21452700,0.0,0.0,0.0
2026-08-06,64.68000030517578,65.55999755859375,64.47000122070312,65.0199966430664,20782000,0.0,0.0,0.0
2026-08-07,65.87000274658203,65.94000244140625,65.01000213623047,65.63999938964844,21462100,0.0,0.0,0.0
2026-08-10,65.20999908447266,65.36000061035156,64.9800033569336,65.16999816894531,19094800,0.0,0.0,0.0
2026-08-11,65.62000274658203,65.75,65.19000244140625,65.43000030517578,9763400,0.0,0.0,0.0
2026-08-12,66.61000061035156,66.66999816894531,66.19499969482422,66.45999908447266,19871663,0.0,0.0,0.0
