Date,Open,High,Low,Close,Volume,Dividends,Stock Splits,Capital Gains
2014-01-02,94.92789029345784,95.03861133683748,94.91207558747976,95.02279663085938,1470100,0.0,0.0,0.0
2014-01-03,94.96745801153756,95.11771887143928,94.93582255844096,94.9516372680664,113700,0.0,0.0,0.0
2014-01-06,95.06230661367684,95.1730276223489,95.01485647677237,95.1018524169922,131300,0.0,0.0,0.0
2014-01-07,95.14148283940324,95.21265810806342,95.10984737538278,95.18102264404295,95500,0.0,0.0,0.0
2014-01-08,95.01491044904374,95.01491044904374,94.81719338784066,94.82510375976562,98500,0.0,0.0,0.0
2014-01-09,94.90417976416434,94.95162992321592,94.79345870381376,94.9437255859375,176200,0.0,0.0,0.0
2014-01-10,95.26795367688524,95.46567066675937,95.25213897258652,95.41822052001952,123100,0.0,0.0,0.0
2014-01-13,95.50523446428468,95.6080451461973,95.49732409372376,95.58432006835938,311800,0.0,0.0,0.0
2014-01-14,95.49729643539423,95.50520680366412,95.3153941682454,95.33121490478516,167100,0.0,0.0,0.0
2014-01-15,95.15725908349512,95.26798014587958,95.1414443748025,95.24425506591795,91900,0.0,0.0,0.0
2014-01-16,95.37869131527272,95.4182371336705,95.33915153071968,95.37078094482422,118400,0.0,0.0,0.0
2014-01-17,95.41032377161264,95.47359466552734,95.34705287769798,95.47359466552734,94800,0.0,0.0,0.0
2014-01-21,95.35498809814452,95.4419840914879,95.35498809814452,95.35498809814452,146200,0.0,0.0,0.0
2014-01-22,95.22844331354084,95.26798310342258,95.14935166608628,95.19680786132812,158100,0.0,0.0,0.0
2014-01-23,95.40242274608576,95.6792314256148,95.40242274608576,95.5685043334961,174500,0.0,0.0,0.0
2014-01-24,95.7820182250192,95.86901418251536,95.67129719435933,95.75829315185548,101100,0.0,0.0,0.0
2014-01-27,95.68710752454103,95.81364928742148,95.63174701174172,95.64756774902344,238600,0.0,0.0,0.0
2014-01-28,95.71090662089462,95.7820879260284,95.63182097485,95.77417755126952,113800,0.0,0.0,0.0
2014-01-29,95.96394479207272,96.05885114855413,95.82159430811892,95.97185516357422,319800,0.0,0.0,0.0
2014-01-30,95.85322799027112,95.96394906083518,95.80577782684249,95.93231964111328,154000,0.0,0.0,0.0
2014-01-31,96.0904753501272,96.14583587646484,96.00347937533309,96.14583587646484,150800,0.0,0.0,0.0
2014-02-03,96.06506960644082,96.42919158935548,96.04923480241378,96.42919158935548,35655000,0.0,0.0,0.0
2014-02-04,96.24715296347672,96.33422629096628,96.2313241944831,96.31839752197266,1590100,0.0,0.0,0.0
2014-02-05,96.24718542066854,96.29468382208688,96.15220069625563,96.16011810302734,563400,0.0,0.0,0.0
2014-02-06,96.0571308175227,96.08087697906798,96.00963849443217,96.06504821777344,713800,0.0,0.0,0.0
2014-02-07,96.1838216850738,96.32630474780042,96.1442407079573,96.26297760009766,346500,0.0,0.0,0.0
2014-02-10,96.23929595947266,96.31053451899793,96.20763236439034,96.23929595947266,348100,0.0,0.0,0.0
2014-02-11,96.04928144637849,96.08886243645937,96.00178908965036,96.0176239013672,273800,0.0,0.0,0.0
2014-02-12,95.93052450608872,95.93052450608872,95.82761637550604,95.88302612304688,352100,0.0,0.0,0.0
2014-02-13,96.08093483663924,96.16800817420994,96.08093483663924,96.12843322753906,380500,0.0,0.0,0.0
2014-02-14,96.14428076494248,96.14428076494248,96.03346122989606,96.10470581054688,278500,0.0,0.0,0.0
2014-02-18,96.19963711174408,96.3025452222924,96.1679735422837,96.27088165283205,569500,0.0,0.0,0.0
2014-02-19,96.38966854649976,96.38966854649976,96.12053710838072,96.16011810302734,283800,0.0,0.0,0.0
2014-02-20,96.02552445419292,96.10468642543992,95.9463685221564,96.0492706298828,280000,0.0,0.0,0.0
2014-02-21,95.98599333466504,96.11264167590858,95.96224714813272,96.07306671142578,317400,0.0,0.0,0.0
2014-02-24,96.05717818008966,96.08092435334338,95.94635867876572,96.03343200683594,176700,0.0,0.0,0.0
2014-02-25,96.11260126724912,96.21550941790788,96.08885509070042,96.19175720214844,220200,0.0,0.0,0.0
2014-02-26,96.16803734205712,96.33426666259766,96.16012597384976,96.33426666259766,240800,0.0,0.0,0.0
2014-02-27,96.37383842716902,96.40550201460204,96.32634606562536,96.3659210205078,326500,0.0,0.0,0.0
2014-02-28,96.2709220216936,96.33424314795818,96.1442676907427,96.28675079345705,291900,0.0,0.0,0.0
2014-03-03,96.42380511535043,96.53471854863672,96.33665798286424,96.52679443359376,496700,0.0,0.0,0.0
2014-03-04,96.33662285699737,96.34454696915104,96.1623286555754,96.1781768798828,42883800,0.0,0.0,0.0
2014-03-05,96.09898647189512,96.24950838788762,96.05937194202264,96.20989990234376,325200,0.0,0.0,0.0
2014-03-06,96.00390354135556,96.09897477488046,96.00390354135556,96.04351806640624,685200,0.0,0.0,0.0
2014-03-07,95.7662209463757,95.8454499902446,95.742454650946,95.7899932861328,184300,0.0,0.0,0.0
2014-03-10,95.79787655839525,95.86918146311169,95.75034398480108,95.8295669555664,279500,0.0,0.0,0.0
2014-03-11,95.80583254486814,95.91674594970726,95.77414213715308,95.8850555419922,139700,0.0,0.0,0.0
2014-03-12,96.02767661687643,96.09898155813522,95.97221990448776,96.0197525024414,137200,0.0,0.0,0.0
2014-03-13,95.8534106656875,96.33667903532732,95.8534106656875,96.28914642333984,482900,0.0,0.0,0.0
2014-03-14,96.39210040638916,96.40002452025712,96.2178061672613,96.29703521728516,283100,0.0,0.0,0.0
2014-03-17,96.1782220492012,96.23367877166876,96.0831507916871,96.0989990234375,170200,0.0,0.0,0.0
2014-03-18,96.1544528975637,96.24951810793232,96.12276247933109,96.2416000366211,282600,0.0,0.0,0.0
2014-03-19,96.18615824847062,96.52681669761692,95.4493725320834,95.60781860351562,283300,0.0,0.0,0.0
2014-03-20,95.56814095183884,95.57606506347656,95.45722756621564,95.57606506347656,85800,0.0,0.0,0.0
2014-03-21,95.48898374913549,95.62366351812416,95.48898374913549,95.56820678710938,183500,0.0,0.0,0.0
2014-03-24,95.37013513478855,95.54442942476189,95.3622170629386,95.48104858398438,952800,0.0,0.0,0.0
2014-03-25,95.45727341217945,95.59195919740228,95.44935534106504,95.4731216430664,869500,0.0,0.0,0.0
2014-03-26,95.55237142098852,95.76627424322668,95.55237142098852,95.74250793457033,110700,0.0,0.0,0.0
2014-03-27,95.56818106440682,95.74247532763536,95.56818106440682,95.71078491210938,79800,0.0,0.0,0.0
2014-03-28,95.67910288364048,95.67910288364048,95.52858095210848,95.5364990234375,61800,0.0,0.0,0.0
2014-03-31,95.40180269039512,95.63155364990234,95.39388462044288,95.63155364990234,946700,0.0,0.0,0.0
2014-04-01,95.58638763427734,95.62604258438624,95.53880653454335,95.58638763427734,111300,0.0,0.0,0.0
2014-04-02,95.4277716963376,95.45156224415068,95.3008807073406,95.33260345458984,171400,0.0,0.0,0.0
2014-04-03,95.32463548501042,95.42773588750634,95.32463548501042,95.34049987792967,56400,0.0,0.0,0.0
2014-04-04,95.57838795468427,95.75285993119076,95.56252961613444,95.71321105957033,72100,0.0,0.0,0.0
2014-04-07,95.80837487321116,95.9194013964834,95.80837487321116,95.8163070678711,74100,0.0,0.0,0.0
2014-04-08,95.85596812431514,95.91940753417884,95.76873212894894,95.90354919433594,146100,0.0,0.0,0.0
2014-04-09,95.76081502758342,96.06217193603516,95.7211600959876,96.06217193603516,324300,0.0,0.0,0.0
2014-04-10,96.06219176411416,96.4111358726046,96.06219176411416,96.23666381835938,341800,0.0,0.0,0.0
2014-04-11,96.33972218192064,96.3793710538975,96.26834453157564,96.31592559814452,163500,0.0,0.0,0.0
2014-04-14,96.20494763247584,96.28425751744228,96.1494343432962,96.197021484375,68800,0.0,0.0,0.0
2014-04-15,96.11765586331995,96.29212782828284,96.07007480032688,96.18903350830078,79300,0.0,0.0,0.0
2014-04-16,96.09388674930536,96.14147387339592,96.01458294314456,96.03044128417967,127500,0.0,0.0,0.0
2014-04-17,95.93532052571976,95.98290161984534,95.68947680541076,95.69740295410156,71800,0.0,0.0,0.0
2014-04-21,95.80044080402314,95.85595406106695,95.7607858844956,95.78457641601562,192700,0.0,0.0,0.0
2014-04-22,95.68948364257812,95.73706474010343,95.64982869430996,95.68948364257812,341400,0.0,0.0,0.0
2014-04-23,95.81635521590488,95.92738179496834,95.79256467046196,95.82428741455078,86700,0.0,0.0,0.0
2014-04-24,95.73703585277308,95.88771735013133,95.72910365541377,95.79254913330078,78900,0.0,0.0,0.0
2014-04-25,95.93527638473292,96.00664799308234,95.84804038531097,95.8876953125,114200,0.0,0.0,0.0
2014-04-28,95.8400976013592,95.95905631929136,95.74493546740683,95.8163070678711,52800,0.0,0.0,0.0
2014-04-29,95.78462066658422,95.87185668945312,95.76083012407344,95.87185668945312,80700,0.0,0.0,0.0
2014-04-30,96.00669942983544,96.1097998755673,95.91153723438526,96.10186767578124,449100,0.0,0.0,0.0
2014-05-01,96.10978504685276,96.2764899854798,96.0780308599964,96.20504760742188,536900,0.0,0.0,0.0
2014-05-02,95.92717353093552,96.25264931408196,95.90335941148388,96.15738677978516,359800,0.0,0.0,0.0
2014-05-05,96.22886088736826,96.22886088736826,96.0939101367841,96.13359832763672,384200,0.0,0.0,0.0
2014-05-06,96.1335949766753,96.15740910165512,96.09390678720612,96.14947509765624,85000,0.0,0.0,0.0
2014-05-07,96.1335957448967,96.32411480274943,96.04627324827842,96.26061248779295,216200,0.0,0.0,0.0
2014-05-08,96.26855971670564,96.41145054384768,96.25268564990874,96.39557647705078,177100,0.0,0.0,0.0
2014-05-09,96.31615805378794,96.41935459065272,96.30821799510905,96.40348052978516,126100,0.0,0.0,0.0
2014-05-12,96.26059230834043,96.3240946099847,96.22089807038368,96.2764663696289,66400,0.0,0.0,0.0
2014-05-13,96.37175677652075,96.45113921890044,96.36381671533516,96.44319915771484,77500,0.0,0.0,0.0
2014-05-14,96.51464911204444,96.7766166268569,96.51464911204444,96.66547393798828,84800,0.0,0.0,0.0
2014-05-15,96.68923327075008,96.8956262829891,96.6574791019852,96.8083038330078,342200,0.0,0.0,0.0
2014-05-16,96.76072757449067,96.81629588555064,96.7051592634307,96.72897338867188,143900,0.0,0.0,0.0
2014-05-19,96.78450781712388,96.91152451593264,96.74481964111328,96.74481964111328,90500,0.0,0.0,0.0
2014-05-20,96.80039843409288,96.9512232096786,96.7527641386272,96.90359497070312,164600,0.0,0.0,0.0
2014-05-21,96.8241833170117,96.87181154160558,96.72098075507382,96.84005737304688,80100,0.0,0.0,0.0
2014-05-22,96.7607068203286,96.80040105821102,96.70513852118746,96.73689270019533,127000,0.0,0.0,0.0
2014-05-23,96.83213591910692,96.87182409258112,96.80038174643406,96.8241958618164,112100,0.0,0.0,0.0
2014-05-27,96.8321990076992,96.87982726949492,96.728996365151,96.87188720703124,133200,0.0,0.0,0.0
2014-05-28,96.9988368650723,97.14966160856449,96.9750227506519,97.0940933227539,90900,0.0,0.0,0.0
2014-05-29,97.13383407358076,97.25291075920371,97.0068173271851,97.02269744873048,101700,0.0,0.0,0.0
2014-05-30,96.95915499880432,97.02266334968184,96.87183253047012,96.93534088134766,1071500,0.0,0.0,0.0
2014-06-02,96.83443524274551,96.88211150791268,96.67551031712344,96.69934844970705,298400,0.0,0.0,0.0
2014-06-03,96.6517152285363,96.6517152285363,96.49279022216795,96.49279022216795,111600,0.0,0.0,0.0
2014-06-04,96.572185771223,96.572185771223,96.4370990032064,96.50067138671876,203400,0.0,0.0,0.0
2014-06-05,96.54044127254362,96.62785182197416,96.51660313408053,96.57222747802734,905900,0.0,0.0,0.0
2014-06-06,96.61989669197008,96.66757902800948,96.44508166848688,96.48480987548828,269700,0.0,0.0,0.0
2014-06-09,96.32581117225055,96.38143546954352,96.30197305378124,96.35759735107422,354000,0.0,0.0,0.0
2014-06-10,96.30995781808674,96.30995781808674,96.19870917410076,96.25433349609376,91100,0.0,0.0,0.0
2014-06-11,96.3099799605818,96.38150042678534,96.27819982293332,96.33382415771484,202600,0.0,0.0,0.0
2014-06-12,96.34968459893642,96.54834374243936,96.30995034519744,96.52450561523438,79400,0.0,0.0,0.0
2014-06-13,96.23047922169154,96.40530022222312,96.2066410966364,96.38146209716795,69800,0.0,0.0,0.0
2014-06-16,96.3497085571289,96.38944282074814,96.30203229086378,96.3497085571289,79600,0.0,0.0,0.0
2014-06-17,96.19076415443604,96.19076415443604,96.07951551394092,96.09540557861328,226800,0.0,0.0,0.0
2014-06-18,96.23047922169154,96.39735215967292,96.04771622120516,96.38146209716795,104100,0.0,0.0,0.0
2014-06-19,96.49277006439836,96.54839441126715,96.27822074436138,96.37357330322266,62200,0.0,0.0,0.0
2014-06-20,96.26229802724454,96.37354669026148,96.23845989411198,96.3497085571289,361300,0.0,0.0,0.0
2014-06-23,96.42121922806189,96.46095349014465,96.30202856700798,96.32586669921876,113600,0.0,0.0,0.0
2014-06-24,96.4529800415039,96.48476623028546,96.2940551601918,96.4529800415039,127100,0.0,0.0,0.0
2014-06-25,96.61983328775366,96.68340565235626,96.54037086329762,96.564208984375,146300,0.0,0.0,0.0
2014-06-26,96.65163208747497,96.75493870908896,96.6039558390963,96.68341827392578,143800,0.0,0.0,0.0
2014-06-27,96.78678756645824,96.82651577830003,96.71526708498448,96.73910522460938,203800,0.0,0.0,0.0
2014-06-30,96.75498747916772,96.81061181784575,96.70730514415926,96.78677368164062,688700,0.0,0.0,0.0
2014-07-01,96.67773675169371,96.7493234079194,96.62205621838834,96.6379623413086,168500,0.0,0.0,0.0
2014-07-02,96.51074718606004,96.52665331755615,96.39938605940829,96.42324829101562,184300,0.0,0.0,0.0
2014-07-03,96.2243880367963,96.33574916317892,96.17666357369696,96.29597473144533,175700,0.0,0.0,0.0
2014-07-07,96.30390555366316,96.3516300042358,96.25618110309054,96.33572387695312,66800,0.0,0.0,0.0
2014-07-08,96.47101101124083,96.55850994098422,96.44714877017056,96.48692321777344,188300,0.0,0.0,0.0
2014-07-09,96.40734258538916,96.60620262048174,96.3118936525298,96.54257202148438,126400,0.0,0.0,0.0
2014-07-10,96.8050168402782,96.81297293715994,96.64593131498584,96.67774963378906,122200,0.0,0.0,0.0
2014-07-11,96.73350775405838,96.80509447723482,96.70168940973709,96.7573699951172,187200,0.0,0.0,0.0
2014-07-14,96.63005828857422,96.66982664915724,96.59028385926533,96.63005828857422,136600,0.0,0.0,0.0
2014-07-15,96.5743903553464,96.7334759559298,96.47893535376036,96.54257202148438,250300,0.0,0.0,0.0
2014-07-16,96.50284826450805,96.53466661507916,96.4551237730163,96.5267105102539,85600,0.0,0.0,0.0
2014-07-17,96.66188207668937,96.82892984472682,96.5823392773118,96.79711151123048,79700,0.0,0.0,0.0
2014-07-18,96.71750509335588,96.75727950374102,96.61410012256673,96.6379623413086,96800,0.0,0.0,0.0
2014-07-21,96.63801323228464,96.74142432625456,96.59028876966848,96.61415100097656,96400,0.0,0.0,0.0
2014-07-22,96.69367605928228,96.72549438476562,96.59822715155724,96.72549438476562,208100,0.0,0.0,0.0
2014-07-23,96.77321979586046,96.79708202153132,96.72548927579398,96.74935150146484,67200,0.0,0.0,0.0
2014-07-24,96.56644293349692,96.58234906749414,96.4789440246942,96.4948501586914,248000,0.0,0.0,0.0
2014-07-25,96.58232775965838,96.6539205186692,96.55050942995643,96.63005828857422,115200,0.0,0.0,0.0
2014-07-28,96.60615306913068,96.6220652622633,96.49479199209642,96.5743408203125,112000,0.0,0.0,0.0
2014-07-29,96.59822062500696,96.64594507564505,96.51867178231066,96.60617065429688,135100,0.0,0.0,0.0
2014-07-30,96.3595974863068,96.50277692366474,96.168693592738,96.30391693115234,135400,0.0,0.0,0.0
2014-07-31,96.18458835850696,96.39936052353303,96.17663832922796,96.33572387695312,389100,0.0,0.0,0.0
2014-08-01,96.63748971496688,96.82063251030932,96.4941576652583,96.74100494384766,7098900,0.0,0.0,0.0
2014-08-04,96.8206639582478,96.88436846218627,96.7967762880698,96.82862854003906,493300,0.0,0.0,0.0
2014-08-05,96.78884883338884,96.86847645126024,96.66940436898275,96.81273651123048,162500,0.0,0.0,0.0
2014-08-06,96.90825609644295,96.9162206782313,96.82862850414728,96.8525161743164,192400,0.0,0.0,0.0
2014-08-07,96.8365730618267,97.09138494959976,96.79675623631434,97.04360961914062,515000,0.0,0.0,0.0
2014-08-08,97.14719319092217,97.2427499942471,96.96404417001568,96.9879379272461,638700,0.0,0.0,0.0
2014-08-11,96.98790686486632,97.03568221362832,96.93216693291168,97.00382995605467,179500,0.0,0.0,0.0
2014-08-12,97.00377606800392,97.01174064677204,96.94007158824608,96.971923828125,190300,0.0,0.0,0.0
2014-08-13,97.08345175555615,97.17900852256156,97.05159949988769,97.15512084960938,120900,0.0,0.0,0.0
2014-08-14,97.25064143934206,97.29842284565323,97.17101386241636,97.21083068847656,319400,0.0,0.0,0.0
2014-08-15,97.17897120586952,97.5452628926062,97.17897120586952,97.31433868408205,211900,0.0,0.0,0.0
2014-08-18,97.25064143934206,97.26657059984402,97.1949015279746,97.21083068847656,398000,0.0,0.0,0.0
2014-08-19,97.29852111705938,97.32240880674416,97.15518890374986,97.19499969482422,160400,0.0,0.0,0.0
2014-08-20,97.1630765523856,97.1630765523856,96.93215833704896,96.96400451660156,106000,0.0,0.0,0.0
2014-08-21,97.0117939944904,97.07549850927995,96.96401257079977,97.0197525024414,102400,0.0,0.0,0.0
2014-08-22,96.9799489846316,97.02772433669568,96.8047645934668,96.94013214111328,157000,0.0,0.0,0.0
2014-08-25,96.8843770312738,96.94011695835104,96.84456626918802,96.89234161376952,104700,0.0,0.0,0.0
2014-08-26,97.00382135383693,97.0277090260996,96.91622917207624,96.96400451660156,469300,0.0,0.0,0.0
2014-08-27,97.05159759521484,97.1073375227416,97.01974534017148,97.05159759521484,366100,0.0,0.0,0.0
2014-08-28,97.14716339111328,97.21086790712197,97.0755003670013,97.14716339111328,84300,0.0,0.0,0.0
2014-08-29,97.13120311155086,97.2347183540348,97.09935086574164,97.21083068847656,191600,0.0,0.0,0.0
2014-09-02,97.02756168311645,97.03553475968836,96.89204978977156,96.90001678466795,7106800,0.0,0.0,0.0
2014-09-03,96.83625969395813,96.97177160028494,96.80437346629134,96.96379852294922,170200,0.0,0.0,0.0
2014-09-04,96.97967414933296,96.99561421073594,96.75647071798969,96.83618927001952,226100,0.0,0.0,0.0
2014-09-05,97.05144355132936,97.0833297656645,96.89998555365582,96.91593170166016,173500,0.0,0.0,0.0
2014-09-08,96.99561789183744,97.05141723137298,96.78836059570312,96.78836059570312,183500,0.0,0.0,0.0
2014-09-09,96.64491498303602,96.7086874203257,96.59708869590594,96.62897491455078,69000,0.0,0.0,0.0
2014-09-10,96.57316123833274,96.62098751837404,96.50141573659734,96.54127502441406,1404400,0.0,0.0,0.0
2014-09-11,96.65288399363384,96.66085706837836,96.50142598185865,96.51737213134766,345300,0.0,0.0,0.0
2014-09-12,96.37388348921928,96.50939534629572,96.3659104147813,96.39779663085938,315000,0.0,0.0,0.0
2014-09-15,96.45360803691754,96.53332054623296,96.45360803691754,96.50143432617188,204700,0.0,0.0,0.0
2014-09-16,96.55719721566388,96.64488276728936,96.50139787205426,96.56517028808594,228400,0.0,0.0,0.0
2014-09-17,96.597107206838,97.1072746395702,96.32607733725652,96.35796356201172,187900,0.0,0.0,0.0
2014-09-18,96.24632693258788,96.30212628352736,96.1985006551178,96.28618621826172,196600,0.0,0.0,0.0
2014-09-19,96.31011070026469,96.42170941528758,96.27025140989628,96.40576934814452,214600,0.0,0.0,0.0
2014-09-22,96.46952619574208,96.58113098144533,96.42967299097324,96.58113098144533,152900,0.0,0.0,0.0
2014-09-23,96.58110026587184,96.66081273173192,96.54124099210615,96.65283966064452,105500,0.0,0.0,0.0
2014-09-24,96.62894603109233,96.65285916750948,96.50140119463754,96.52531433105467,106100,0.0,0.0,0.0
2014-09-25,96.6129917583706,96.77242279052734,96.5890786239651,96.77242279052734,132400,0.0,0.0,0.0
2014-09-26,96.6847463572682,96.70068642115044,96.5173483189778,96.60503387451172,166000,0.0,0.0,0.0
2014-09-29,96.74852788309823,96.7804140955368,96.7006955236038,96.74055480957033,516400,0.0,0.0,0.0
2014-09-30,96.67676247576848,96.77242109338492,96.63690927968224,96.70864868164062,409800,0.0,0.0,0.0
2014-10-01,96.9297212787635,97.15317100575356,96.9297212787635,97.14519500732422,481600,0.0,0.0,0.0
2014-10-02,97.17711728569444,97.24894389591178,97.01751206739851,97.0334701538086,674600,0.0,0.0,0.0
2014-10-03,96.8419697003974,96.93773651123048,96.76216706897848,96.93773651123048,218300,0.0,0.0,0.0
2014-10-06,96.98558545407714,97.13721466663851,96.92972302132534,97.08135223388672,572200,0.0,0.0,0.0
2014-10-07,97.23302364063176,97.40859311319043,97.20110745339522,97.37667083740234,136300,0.0,0.0,0.0
2014-10-08,97.39257811842349,97.7357347719683,97.25691309199944,97.72775268554688,354200,0.0,0.0,0.0
2014-10-09,97.67986645232136,97.74371096274577,97.56814160335252,97.60803985595705,251300,0.0,0.0,0.0
2014-10-10,97.67188851908772,97.767655288796,97.62400817850752,97.73573303222656,2892900,0.0,0.0,0.0
2014-10-13,97.94323227006704,98.15869990797694,97.91131001101589,98.12677764892578,728500,0.0,0.0,0.0
2014-10-14,98.13478849236952,98.2145911191079,98.05498586563117,98.1906509399414,855700,0.0,0.0,0.0
2014-10-15,99.036510038287,99.619080430518,98.50182606407064,98.62950897216795,566900,0.0,0.0,0.0
2014-10-16,98.85297999694264,98.87692016537738,98.35021210562311,98.4619369506836,472800,0.0,0.0,0.0
2014-10-17,98.28639743464323,98.35023586971188,98.18264856162752,98.262451171875,298900,0.0,0.0,0.0
2014-10-20,98.40609065532313,98.43801291465014,98.3023478789216,98.3741683959961,698300,0.0,0.0,0.0
2014-10-21,98.23051954356696,98.38214875056318,98.19062128652205,98.27042388916016,718800,0.0,0.0,0.0
2014-10-22,98.174679116848,98.25448782592204,98.118816673626,98.24650573730467,976400,0.0,0.0,0.0
2014-10-23,98.062994204689,98.07097629656012,97.91137099045012,98.0151138305664,386300,0.0,0.0,0.0
2014-10-24,98.03899122705938,98.1347580025214,97.9990929703614,98.02303314208984,113800,0.0,0.0,0.0
2014-10-27,98.01506128133148,98.14275032860272,98.01506128133148,98.09486389160156,134200,0.0,0.0,0.0
2014-10-28,98.05495975604916,98.07091784172756,97.95919297633334,97.97515106201172,186500,0.0,0.0,0.0
2014-10-29,97.90333822934062,97.94324257949197,97.54422343217456,97.63998413085938,381900,0.0,0.0,0.0
2014-10-30,97.75169285626312,97.80755528411704,97.63996800055531,97.72775268554688,119300,0.0,0.0,0.0
2014-10-31,97.65594830633952,97.6798884810107,97.55219943136562,97.63998413085938,1062300,0.0,0.0,0.0
2014-11-03,97.60561987009945,97.62160193969808,97.38991069350683,97.55768585205078,280500,0.0,0.0,0.0
2014-11-04,97.6455689487224,97.67752699254603,97.51773677342784,97.55768585205078,2406400,0.0,0.0,0.0
2014-11-05,97.51777947008009,97.59767766230816,97.4778364693423,97.5657196044922,399600,0.0,0.0,0.0
2014-11-06,97.47782293089766,97.5976641072191,97.41390682414284,97.43787384033205,786000,0.0,0.0,0.0
2014-11-07,97.61362740099374,97.81336063711498,97.58966038791912,97.78140258789062,191200,0.0,0.0,0.0
2014-11-10,97.74947081771376,97.7894199138278,97.54973752789606,97.5657196044922,186600,0.0,0.0,0.0
2014-11-11,97.5736618262758,97.60561987009945,97.47779379017848,97.55768585205078,151900,0.0,0.0,0.0
2014-11-12,97.6694992706324,97.74939130249524,97.54965817515244,97.58960723876952,737700,0.0,0.0,0.0
2014-11-13,97.61360774640016,97.7174668139362,97.58964073815132,97.65355682373048,109100,0.0,0.0,0.0
2014-11-14,97.5656964536458,97.83733073756262,97.53373840341298,97.75743865966795,183100,0.0,0.0,0.0
2014-11-17,97.81334698899556,97.837313998726,97.6615478002044,97.70948791503906,288600,0.0,0.0,0.0
2014-11-18,97.7095015486668,97.79738466019012,97.6935194763673,97.78140258789062,483200,0.0,0.0,0.0
2014-11-19,97.60565790044048,97.79740623809374,97.57369984416492,97.6456069946289,351900,0.0,0.0,0.0
2014-11-20,97.8693071576854,97.87729819558724,97.63761582154046,97.73348999023438,182300,0.0,0.0,0.0
2014-11-21,97.74143665986344,97.84530182578835,97.74143665986344,97.83731079101562,218900,0.0,0.0,0.0
2014-11-24,97.76540512118528,97.91719820241708,97.72545604459236,97.9012222290039,148800,0.0,0.0,0.0
2014-11-25,97.8612806529184,98.04503788580712,97.83731364327504,98.00508880615234,152300,0.0,0.0,0.0
2014-11-26,98.15693517182557,98.18090219298826,98.077043069491,98.1249771118164,164100,0.0,0.0,0.0
2014-11-28,98.18887769958786,98.33268589919209,98.18887769958786,98.30072784423828,105800,0.0,0.0,0.0
2014-12-01,98.53262321151963,98.56461765148768,98.24467935412294,98.26067352294922,1269100,0.0,0.0,0.0
2014-12-02,98.0767449811608,98.09273915518278,97.95676731788498,97.96476745605467,337600,0.0,0.0,0.0
2014-12-03,97.93272852809102,97.948722694849,97.86073952189342,97.92472839355467,156600,0.0,0.0,0.0
2014-12-04,97.94075686153288,98.06073451233816,97.88476810479932,98.052734375,271300,0.0,0.0,0.0
2014-12-05,97.74881368859612,97.76481396612176,97.53285876054314,97.62084197998048,244600,0.0,0.0,0.0
2014-12-08,97.59686029411606,97.78082690705976,97.52487733838964,97.70084381103516,132000,0.0,0.0,0.0
2014-12-09,97.9007384771798,98.02871012391944,97.82075543517816,97.89273834228516,266500,0.0,0.0,0.0
2014-12-10,97.92480911365531,98.21275317117065,97.87682047150932,98.18875885009766,2243600,0.0,0.0,0.0
2014-12-11,98.06874201166832,98.08473618522852,97.86078114148204,98.00475311279295,2239000,0.0,0.0,0.0
2014-12-12,98.20469785508074,98.49264175081876,98.17270341085248,98.41265869140624,512800,0.0,0.0,0.0
2014-12-15,98.22072862748468,98.35670048093904,98.14073944091795,98.14073944091795,352900,0.0,0.0,0.0
2014-12-16,98.51667891303217,98.58066782932376,98.22074085424164,98.42869567871094,328100,0.0,0.0,0.0
2014-12-17,98.36470582782124,98.48467740938668,97.94078386445555,97.9727783203125,865500,0.0,0.0,0.0
2014-12-18,97.7968090404581,97.80480917977096,97.70083177797702,97.73282623291016,191400,0.0,0.0,0.0
2014-12-19,97.86079860128017,97.93278765093814,97.78081551457444,97.85279846191406,210200,0.0,0.0,0.0
2014-12-22,97.86075110706363,97.87675137803046,97.78076805917564,97.82076263427734,229200,0.0,0.0,0.0
2014-12-23,97.6848163875149,97.70081666366538,97.46886147802236,97.48485565185548,160100,0.0,0.0,0.0
2014-12-24,97.4320096119419,97.4880599975586,97.34392956182508,97.4880599975586,106700,0.0,0.0,0.0
2014-12-26,97.52005342703512,97.52005342703512,97.46400306224474,97.49603271484376,95200,0.0,0.0,0.0
2014-12-29,97.5841634667676,97.7523146485614,97.5841634667676,97.6882553100586,1707300,0.0,0.0,0.0
2014-12-30,97.80035061455752,97.89643961692433,97.77632989122444,97.82437133789062,419600,0.0,0.0,0.0
2014-12-31,97.8323629539311,97.99250515381028,97.82435401122714,97.93645477294922,211900,0.0,0.0,0.0
2015-01-02,97.95248335833764,98.21672351513293,97.91244474947752,98.15266418457033,820800,0.0,0.0,0.0
2015-01-05,98.16870987750248,98.40892939558503,98.14468914750142,98.37689971923828,236100,0.0,0.0,0.0
2015-01-06,98.52101772074492,99.06550993155308,98.52101772074492,98.68115997314452,347600,0.0,0.0,0.0
2015-01-07,98.57706940581453,98.82529173298232,98.52902795127508,98.7692413330078,329600,0.0,0.0,0.0
2015-01-08,98.6571178303108,98.689147495645,98.57704672149234,98.64910888671876,217100,0.0,0.0,0.0
2015-01-09,98.81729717146506,99.0655195194188,98.7532378206912,98.9374008178711,119900,0.0,0.0,0.0
2015-01-12,99.02547627513636,99.193627481291,99.02547627513636,99.15359497070312,1267700,0.0,0.0,0.0
2015-01-13,99.12155935718091,99.32974917048377,99.04949106798423,99.24967193603516,289100,0.0,0.0,0.0
2015-01-14,99.66604015403078,99.71408160197248,99.47386825322936,99.51390075683594,462900,0.0,0.0,0.0
2015-01-15,99.52192925865572,100.07443045469807,99.52192925865572,100.06642150878906,258700,0.0,0.0,0.0
2015-01-16,99.89824817019876,99.9382806728046,99.57795760418006,99.61799621582033,2577800,0.0,0.0,0.0
2015-01-20,99.72206175475084,99.85017428195184,99.55391062646854,99.6419906616211,1174200,0.0,0.0,0.0
2015-01-21,99.61795878004249,99.73806235176023,99.36172153629224,99.41777801513672,310400,0.0,0.0,0.0
2015-01-22,99.54590934122372,99.54590934122372,99.17757739726969,99.27366638183594,528700,0.0,0.0,0.0
2015-01-23,99.37777439764108,99.58596417695097,99.37777439764108,99.5699462890625,335400,0.0,0.0,0.0
2015-01-26,99.4578105026986,99.52186981363614,99.31368010760517,99.41777801513672,336400,0.0,0.0,0.0
2015-01-27,99.65002226536048,99.75412021461362,99.44984142022396,99.51390075683594,239900,0.0,0.0,0.0
2015-01-28,99.50587609952586,99.97029705307423,99.50587609952586,99.87421417236328,279500,0.0,0.0,0.0
2015-01-29,99.72205545057334,99.78611476464056,99.60995470547186,99.73006439208984,267300,0.0,0.0,0.0
2015-01-30,100.12247403233717,100.25058662441552,99.98635249418018,100.20254516601562,277600,0.0,0.0,0.0
2015-02-02,100.0598453805814,100.2442236884492,100.01976127835678,100.14802551269533,7335700,0.0,0.0,0.0
2015-02-03,99.93155491961026,99.9395668446819,99.70709258216456,99.7391586303711,419400,0.0,0.0,0.0
2015-02-04,99.57085466653176,99.87547306740647,99.47465648500388,99.7953109741211,643500,0.0,0.0,0.0
2015-02-05,99.68308274537388,99.74721486634424,99.5628365475484,99.6590347290039,442600,0.0,0.0,0.0
2015-02-06,99.15405074218732,99.21817677480055,98.84141416277627,98.87347412109376,711200,0.0,0.0,0.0
2015-02-09,98.98560180520582,98.98560180520582,98.80122360562416,98.82527160644533,405500,0.0,0.0,0.0
2015-02-10,98.72110764339348,98.83333577692368,98.64895749128144,98.69705963134766,362700,0.0,0.0,0.0
2015-02-11,98.75313416611124,98.80924821041326,98.61685195911596,98.67296600341795,1046200,0.0,0.0,0.0
2015-02-12,98.72110806362828,98.8974683073478,98.72110806362828,98.78524017333984,333200,0.0,0.0,0.0
2015-02-13,98.77718216853036,98.80924821041326,98.65693604046258,98.67296600341795,318200,0.0,0.0,0.0
2015-02-17,98.57681147730956,98.66499159702472,98.16797693280968,98.31227111816406,482600,0.0,0.0,0.0
2015-02-18,98.35234929328894,98.817291759461,98.24813309482307,98.66498565673828,493300,0.0,0.0,0.0
2015-02-19,98.5527490421252,98.7130731730662,98.41646680325444,98.48861694335938,267600,0.0,0.0,0.0
2015-02-20,98.6569657171492,98.79324184916514,98.29623334040718,98.41647338867188,445900,0.0,0.0,0.0
2015-02-23,98.51268015489936,98.65697434140468,98.50466211232283,98.64895629882812,1877100,0.0,0.0,0.0
2015-02-24,98.56078573910294,99.03375244140624,98.34434749633708,99.03375244140624,3814900,0.0,0.0,0.0
2015-02-25,99.01770032964131,99.07381439208984,98.8974602786617,99.07381439208984,1273800,0.0,0.0,0.0
2015-02-26,98.90551759172727,98.94560170443086,98.6570132177005,98.68907928466795,658500,0.0,0.0,0.0
2015-02-27,98.76121649984609,98.8974988040017,98.68907244115474,98.8654327392578,1997600,0.0,0.0,0.0
2015-03-02,98.84855488565654,98.8967012726428,98.4954650547472,98.53559112548828,5971700,0.0,0.0,0.0
2015-03-03,98.47941379987486,98.57570656944728,98.3750884696667,98.41521453857422,945300,0.0,0.0,0.0
2015-03-04,98.58374760300812,98.58374760300812,98.3911559129716,98.51152801513672,349300,0.0,0.0,0.0
2015-03-05,98.50346340728537,98.67198183606672,98.43124384739778,98.59173583984376,711900,0.0,0.0,0.0
2015-03-06,98.1343390419152,98.18248542111748,97.98989378193052,98.0380401611328,166300,0.0,0.0,0.0
2015-03-09,98.20659050850416,98.27881622314452,98.14239735617694,98.27881622314452,213300,0.0,0.0,0.0
2015-03-10,98.52757054490672,98.57571693475556,98.39115169208222,98.46337127685548,600200,0.0,0.0,0.0
2015-03-11,98.43125729836224,98.54360293290225,98.37507835871432,98.51952362060548,270100,0.0,0.0,0.0
2015-03-12,98.76024631301368,98.76024631301368,98.48740872335848,98.5997543334961,182600,0.0,0.0,0.0
2015-03-13,98.51152859192092,98.72819347918316,98.47942895633032,98.57572174072266,206700,0.0,0.0,0.0
2015-03-16,98.7763287720736,98.81645484264786,98.63990992792728,98.70410919189452,453100,0.0,0.0,0.0
2015-03-17,98.8244586504817,98.84050540160942,98.7281597765832,98.77630615234376,166000,0.0,0.0,0.0
2015-03-18,98.8806590731638,99.5707858895284,98.76028697777386,99.48251342773438,257600,0.0,0.0,0.0
2015-03-19,99.3380546337156,99.39422745427756,99.08929016013816,99.1213836669922,286400,0.0,0.0,0.0
2015-03-20,99.31400746706734,99.4504263352687,99.31400746706734,99.43437957763672,219900,0.0,0.0,0.0
2015-03-23,99.48248809082584,99.53866090471745,99.36211602609312,99.50656127929688,171000,0.0,0.0,0.0
2015-03-24,99.5146105081448,99.68312898841548,99.45041124260008,99.66707611083984,239900,0.0,0.0,0.0
2015-03-25,99.66710406413996,99.6992037059152,99.4504391351329,99.45846557617188,216000,0.0,0.0,0.0
2015-03-26,99.40222233377308,99.40222233377308,99.16950468750628,99.22567749023438,309500,0.0,0.0,0.0
2015-03-27,99.38619200764911,99.46643801226692,99.37014525567665,99.39421844482422,230300,0.0,0.0,0.0
2015-03-30,99.44241269409392,99.54673806045862,99.41031305231868,99.45846557617188,195400,0.0,0.0,0.0
2015-03-31,99.506601758134,99.66709382814672,99.4664756794408,99.6430206298828,190300,0.0,0.0,0.0
2015-04-01,99.79724034793551,99.95791611123,99.7811690939736,99.85347747802734,840000,0.0,0.0,0.0
2015-04-02,99.90169887600725,99.91777013316968,99.74905870929628,99.78118896484376,255500,0.0,0.0,0.0
2015-04-06,100.1587416068579,100.19891360344184,99.91772801551248,99.98199462890624,253000,0.0,0.0,0.0
2015-04-07,99.8695793748862,99.91778702513471,99.78120583371856,99.88565063476562,392000,0.0,0.0,0.0
2015-04-08,99.9257797326936,99.9257797326936,99.69279558534537,99.85347747802734,452600,0.0,0.0,0.0
2015-04-09,99.81329790718024,99.81329790718024,99.55621302776224,99.63655090332033,229700,0.0,0.0,0.0
2015-04-10,99.71693596789318,99.74907235722634,99.55625402122736,99.60446166992188,125400,0.0,0.0,0.0
2015-04-13,99.62049505459764,99.74100494384766,99.58835867550512,99.74100494384766,131600,0.0,0.0,0.0
2015-04-14,99.94188778556412,100.04632645722144,99.8454786144568,99.88565063476562,182200,0.0,0.0,0.0
2015-04-15,99.99813356509284,100.03026995823495,99.9338607788086,99.9338607788086,163100,0.0,0.0,0.0
2015-04-16,99.98203815468092,100.1186193248934,99.85349874254943,100.0704116821289,177200,0.0,0.0,0.0
2015-04-17,99.99009803548012,100.15078000135308,99.90976011723878,100.03829956054688,266400,0.0,0.0,0.0
2015-04-20,100.07039303320336,100.11860066698397,99.92578239063678,100.0061264038086,258700,0.0,0.0,0.0
2015-04-21,99.91779564693266,99.9740328025838,99.87762362315743,99.9338607788086,165300,0.0,0.0,0.0
2015-04-22,99.83739865690896,99.86953503300956,99.6124501535916,99.63655090332033,196500,0.0,0.0,0.0
2015-04-23,99.70085106719766,99.86153299187856,99.61247754097036,99.78118896484376,283000,0.0,0.0,0.0
2015-04-24,99.91776476540365,100.01416778564452,99.91776476540365,100.01416778564452,191100,0.0,0.0,0.0
2015-04-27,99.90973087975452,99.99810440277555,99.82939298502318,99.90169525146484,168000,0.0,0.0,0.0
2015-04-28,99.74904856606896,99.89365308949424,99.66067504882812,99.66067504882812,111600,0.0,0.0,0.0
2015-04-29,99.47587363076931,99.76509488186444,99.403571382689,99.56424713134766,319200,0.0,0.0,0.0
2015-04-30,99.28306099984938,99.56424662326056,99.21075262275114,99.54014587402344,549800,0.0,0.0,0.0
2015-05-01,99.36000696254398,99.4163058949834,99.19914848691458,99.22328186035156,311500,0.0,0.0,0.0
2015-05-04,99.27961293494404,99.36808359115204,99.1750533579025,99.19918060302734,450800,0.0,0.0,0.0
2015-05-05,99.27956113154588,99.27956113154588,98.98197761265727,99.11066436767578,440100,0.0,0.0,0.0
2015-05-06,99.05437648105578,99.06241480204824,98.82917463468593,98.90960693359376,407900,0.0,0.0,0.0
2015-05-07,98.94979082721804,99.07043310761102,98.89349191451748,99.02217864990234,125300,0.0,0.0,0.0
2015-05-08,99.45648821856236,99.47257099259316,99.2634581134648,99.3519287109375,202600,0.0,0.0,0.0
2015-05-11,99.2071843495103,99.2071843495103,98.83721909180127,98.90960693359376,366300,0.0,0.0,0.0
2015-05-12,98.8693724361248,99.03022473184396,98.76481905751952,98.94979858398438,168700,0.0,0.0,0.0
2015-05-13,99.15090216329295,99.17502940258996,98.92570641502232,98.95787811279295,317700,0.0,0.0,0.0
2015-05-14,99.12675767552044,99.2715272222359,99.07045874824904,99.20718383789062,178300,0.0,0.0,0.0
2015-05-15,99.30368321275606,99.5288788862343,99.28759430115224,99.4564971923828,148200,0.0,0.0,0.0
2015-05-18,99.33588898323106,99.34392730566913,99.11069323248532,99.18307495117188,229600,0.0,0.0,0.0
2015-05-19,98.88544466058404,99.06238584866928,98.83719020424118,98.85327911376952,313300,0.0,0.0,0.0
2015-05-20,99.03832552709324,99.15896788557292,98.94181041308444,99.03028106689452,192700,0.0,0.0,0.0
2015-05-21,99.11874659393165,99.31177681196506,99.11874659393165,99.2876434326172,161800,0.0,0.0,0.0
2015-05-22,99.08654007712,99.1669723744367,98.94981498947804,99.15892791748048,239700,0.0,0.0,0.0
2015-05-26,99.04634804609545,99.31979827102325,99.02222080696932,99.31175994873048,156000,0.0,0.0,0.0
2015-05-27,99.231303288183,99.31977390068644,99.10262266571044,99.29564666748048,182200,0.0,0.0,0.0
2015-05-28,99.3117475862708,99.44042822429972,99.27153143531751,99.40825653076172,179800,0.0,0.0,0.0
2015-05-29,99.44849849003778,99.6093508633482,99.44849849003778,99.47262573242188,1356800,0.0,0.0,0.0
2015-06-01,99.50318200040928,99.55954837081688,99.1730378718714,99.2455062866211,222700,0.0,0.0,0.0
2015-06-02,99.02808526097392,99.06028934652376,98.9153463876574,98.97976684570312,322400,0.0,0.0,0.0
2015-06-03,98.79458231214018,98.79458231214018,98.553008625605,98.609375,348500,0.0,0.0,0.0
2015-06-04,98.66576047773874,98.8831780664109,98.66576047773874,98.79460144042967,283100,0.0,0.0,0.0
2015-06-05,98.34361884540348,98.52077201563944,98.23894021911516,98.39193725585938,413300,0.0,0.0,0.0
2015-06-08,98.51274470412272,98.59327336228353,98.496642658575,98.55300903320312,217000,0.0,0.0,0.0
2015-06-09,98.48057387186394,98.48057387186394,98.30342059364052,98.35978698730467,141800,0.0,0.0,0.0
2015-06-10,98.2873085886218,98.359783173938,98.15847375530264,98.17457580566406,248100,0.0,0.0,0.0
2015-06-11,98.27121055223692,98.5208322756285,98.19873596396042,98.50473022460938,128900,0.0,0.0,0.0
2015-06-12,98.3920014619032,98.66577934476084,98.3839473643261,98.46446990966795,193700,0.0,0.0,0.0
2015-06-15,98.73012981747192,98.77844208171794,98.5690848410038,98.6334991455078,214600,0.0,0.0,0.0
2015-06-16,98.77847544643014,98.82679387046888,98.67379679071544,98.78652954101562,145500,0.0,0.0,0.0
2015-06-17,98.68991537031312,99.05227596567778,98.32756091842364,98.96369934082033,2605400,0.0,0.0,0.0
2015-06-18,98.98788092369472,99.0442473227735,98.73825917684258,98.94761657714844,258900,0.0,0.0,0.0
2015-06-19,99.10058150502712,99.25357859999278,99.10058150502712,99.19721221923828,335200,0.0,0.0,0.0
2015-06-22,98.9797909694749,98.9797909694749,98.79458978679672,98.8106918334961,164900,0.0,0.0,0.0
2015-06-23,98.593232962269,98.83480040734344,98.593232962269,98.68985748291016,212200,0.0,0.0,0.0
2015-06-24,98.7462851274884,98.85096994779089,98.62550440171684,98.8348617553711,523300,0.0,0.0,0.0
2015-06-25,98.68995052549272,98.77047922657636,98.55306156321436,98.6657943725586,167400,0.0,0.0,0.0
2015-06-26,98.47251997909494,98.56109661839058,98.45641178459964,98.50473022460938,121600,0.0,0.0,0.0
2015-06-29,98.86708301274572,99.14891497674066,98.7946145692082,99.07644653320312,229700,0.0,0.0,0.0
2015-06-30,98.91537794909117,99.1730598634939,98.90732999687228,99.0120086669922,189300,0.0,0.0,0.0
2015-07-01,98.70969009442634,98.83867263664284,98.63714202709912,98.74193572998048,1584000,0.0,0.0,0.0
2015-07-02,98.95153924666792,99.11276129044144,98.94347629941124,99.03215026855467,532700,0.0,0.0,0.0
2015-07-06,99.3949392763618,99.4513676238412,99.16921973621554,99.3707504272461,236000,0.0,0.0,0.0
2015-07-07,99.6125655852592,99.78991353443982,99.44328058383054,99.48358917236328,165900,0.0,0.0,0.0
2015-07-08,99.50780596706836,99.74963913046044,99.44331466340545,99.65290832519533,197900,0.0,0.0,0.0
2015-07-09,99.37882367803552,99.49168038469246,99.32239532470705,99.32239532470705,144300,0.0,0.0,0.0
2015-07-10,99.0160560719246,99.18534110663298,98.84677103721626,98.98381042480467,167900,0.0,0.0,0.0
2015-07-13,98.70967352780951,98.90314730866324,98.70967352780951,98.79834747314452,214600,0.0,0.0,0.0
2015-07-14,98.95156477768477,99.02411287103337,98.93544502923896,98.98381042480467,131100,0.0,0.0,0.0
2015-07-15,98.8709521938063,99.2337049553513,98.8709521938063,99.17727661132812,136500,0.0,0.0,0.0
2015-07-16,98.91929989810734,99.12083054075288,98.90318015279564,99.08858489990234,485200,0.0,0.0,0.0
2015-07-17,98.9757206160945,99.08052047835146,98.93541818080286,99.02408599853516,355500,0.0,0.0,0.0
2015-07-20,98.83872602671512,98.9112741332309,98.75005201859844,98.8709716796875,141600,0.0,0.0,0.0
2015-07-21,98.8386966531713,99.08053590347804,98.8386966531713,99.01604461669922,133200,0.0,0.0,0.0
2015-07-22,99.05639153473332,99.14506555631203,98.99996317102234,99.00802612304688,111900,0.0,0.0,0.0
2015-07-23,98.96768546083608,99.2095247414054,98.95962866165124,99.2014617919922,144600,0.0,0.0,0.0
2015-07-24,99.22563552004132,99.33849835093838,99.1611503812502,99.25788116455078,117000,0.0,0.0,0.0
2015-07-27,99.45139045049972,99.54006446692442,99.41914479450618,99.499755859375,194300,0.0,0.0,0.0
2015-07-28,99.34658047188658,99.45138038081184,99.34658047188658,99.41107177734376,2410200,0.0,0.0,0.0
2015-07-29,99.32236995107522,99.41104393368512,99.1933935265148,99.29818725585938,691500,0.0,0.0,0.0
2015-07-30,99.12083929063958,99.31430700259403,99.12083929063958,99.29818725585938,167100,0.0,0.0,0.0
2015-07-31,99.66092946362672,99.69317510391969,99.56419869297493,99.67705535888672,202500,0.0,0.0,0.0
2015-08-03,99.65687880920449,99.85864605106536,99.61652289785329,99.75372314453124,1091400,0.0,0.0,0.0
2015-08-04,99.6730450962026,99.70532860273902,99.34214377229138,99.38249969482422,296700,0.0,0.0,0.0
2015-08-05,99.28564083519105,99.34213542752188,99.07580729650438,99.19686889648438,147900,0.0,0.0,0.0
2015-08-06,99.3098399690812,99.4147567192899,99.28562272754291,99.34211730957033,140300,0.0,0.0,0.0
2015-08-07,99.39053511460114,99.53580776121538,99.26947354951476,99.5115966796875,174800,0.0,0.0,0.0
2015-08-10,99.35825860816072,99.4551090985309,99.2856192010212,99.37439727783205,224500,0.0,0.0,0.0
2015-08-11,99.67300472938491,99.89091061344384,99.67300472938491,99.7375717163086,404300,0.0,0.0,0.0
2015-08-12,99.87478118866755,100.07654842339214,99.75371961634336,99.78600311279295,406300,0.0,0.0,0.0
2015-08-13,99.64077295497268,99.72147865179458,99.51971133101485,99.5439224243164,406800,0.0,0.0,0.0
2015-08-14,99.46320541870634,99.58426702889967,99.3905721470599,99.45513916015624,132100,0.0,0.0,0.0
2015-08-17,99.67303410800558,99.71339002608948,99.59232842928638,99.60846710205078,175600,0.0,0.0,0.0
2015-08-18,99.4551504680273,99.64884537188986,99.4551504680273,99.5439224243164,120700,0.0,0.0,0.0
2015-08-19,99.4147537917106,99.96356092557856,99.4147537917106,99.90706634521484,130300,0.0,0.0,0.0
2015-08-20,99.9554972268011,100.036202897579,99.8909302271996,99.96356964111328,267300,0.0,0.0,0.0
2015-08-21,100.1088156275385,100.28637175039115,100.02003756611217,100.19759368896484,370200,0.0,0.0,0.0
2015-08-24,100.69798959941048,100.83519599977642,100.27024404357776,100.43972778320312,461800,0.0,0.0,0.0
2015-08-25,100.14922531715932,100.24607584871546,99.9393917349628,100.1411590576172,1323500,0.0,0.0,0.0
2015-08-26,99.93929178875771,100.23790318688614,99.87472483229172,99.88279724121094,1052800,0.0,0.0,0.0
2015-08-27,99.81830192079984,99.97971327036016,99.7295238313072,99.85865783691406,292500,0.0,0.0,0.0
2015-08-28,100.076517303917,100.1007283793638,99.753688597254,99.7940444946289,503100,0.0,0.0,0.0
2015-08-31,99.92325113801486,99.96360706723696,99.63270568847656,99.63270568847656,1473200,0.0,0.0,0.0
2015-09-01,99.82254072756932,99.93566275016484,99.7659797162716,99.8629379272461,951000,0.0,0.0,0.0
2015-09-02,99.7660197764136,99.93570287844156,99.70945874240424,99.8144989013672,1147100,0.0,0.0,0.0
2015-09-03,99.94375988997064,99.98415709580496,99.79831638665168,99.95183563232422,843600,0.0,0.0,0.0
2015-09-04,99.95995183781994,100.12963495579928,99.87106932392255,100.03267669677734,389300,0.0,0.0,0.0
2015-09-08,99.86293460560783,99.8790984166912,99.76597639785834,99.8063735961914,234600,0.0,0.0,0.0
2015-09-09,99.65286914157336,99.89527086154403,99.58822621703904,99.85487365722656,320500,0.0,0.0,0.0
2015-09-10,99.79831170402647,99.82255125932748,99.69326541147068,99.79022979736328,257800,0.0,0.0,0.0
2015-09-11,99.85489649131172,100.00841576632558,99.84681458272468,99.94377899169922,161700,0.0,0.0,0.0
2015-09-14,100.00032043457033,100.04071764021262,99.9275956009121,100.00032043457033,151900,0.0,0.0,0.0
2015-09-15,99.91142809316132,99.93566764709271,99.53974054860768,99.56398010253906,869000,0.0,0.0,0.0
2015-09-16,99.54779815673828,99.67708397373951,99.50740096244068,99.54779815673828,325500,0.0,0.0,0.0
2015-09-17,99.50743785427814,100.12153338333243,99.50743785427814,100.1053695678711,238200,0.0,0.0,0.0
2015-09-18,100.2346596184654,100.32354211314627,100.13769521571636,100.31546020507812,495500,0.0,0.0,0.0
2015-09-21,100.13766243760566,100.14574434302835,99.99221896343498,100.0568618774414,218500,0.0,0.0,0.0
2015-09-22,100.18617433474608,100.39626079169086,100.18617433474608,100.31546020507812,169400,0.0,0.0,0.0
2015-09-23,100.25081109458203,100.30737211819584,100.17809242051683,100.24272918701172,275900,0.0,0.0,0.0
2015-09-24,100.46089511398203,100.525538043606,100.3316092547341,100.33969116210938,332600,0.0,0.0,0.0
2015-09-25,100.15383004394394,100.258876330823,100.09726902973529,100.22655487060548,413800,0.0,0.0,0.0
2015-09-28,100.2508143089353,100.48514031847398,100.2508143089353,100.47705841064452,215100,0.0,0.0,0.0
2015-09-29,100.55782316705373,100.7275123475664,100.5255078766284,100.6467056274414,549300,0.0,0.0,0.0
2015-09-30,100.59824796297004,100.73560955295248,100.56592650097032,100.71945190429688,655600,0.0,0.0,0.0
2015-10-01,100.81089889779126,100.86752489684658,100.68955570788104,100.73809051513672,563600,0.0,0.0,0.0
2015-10-02,101.2719709112368,101.39330789682188,100.99692600978211,101.09400177001952,582600,0.0,0.0,0.0
2015-10-05,100.96450707908068,101.00495683127946,100.80272041381684,100.84317016601562,225800,0.0,0.0,0.0
2015-10-06,100.81086608074855,100.94838543772023,100.76232511752345,100.9241180419922,290800,0.0,0.0,0.0
2015-10-07,100.72185285009664,100.83510477910912,100.6814030875491,100.75421142578124,188200,0.0,0.0,0.0
2015-10-08,100.75424764597406,100.83514102838232,100.56818731184254,100.6167221069336,282000,0.0,0.0,0.0
2015-10-09,100.56816461039462,100.64097295836552,100.52771484243657,100.57625579833984,335000,0.0,0.0,0.0
2015-10-12,100.71379790427753,100.81895868426828,100.64099571161536,100.77042388916016,213200,0.0,0.0,0.0
2015-10-13,100.77851043130303,100.87558001704268,100.66525846676063,100.83513641357422,250500,0.0,0.0,0.0
2015-10-14,101.07781413118865,101.21533966064452,100.98882956521032,101.21533966064452,252900,0.0,0.0,0.0
2015-10-15,101.03737342197728,101.08590821507563,100.91603026746216,100.97265625,1822200,0.0,0.0,0.0
2015-10-16,100.96456207705592,100.988829472888,100.85940130452724,100.9079360961914,292400,0.0,0.0,0.0
2015-10-19,100.8836722976028,100.94838946997533,100.7623291423466,100.91603088378906,671800,0.0,0.0,0.0
2015-10-20,100.70569567398287,100.77850403043244,100.65716088419572,100.7218780517578,300800,0.0,0.0,0.0
2015-10-21,100.77041753501784,100.89985187617054,100.77041753501784,100.81086730957033,4235300,0.0,0.0,0.0
2015-10-22,100.8836856591614,100.98076143057742,100.81088345942692,100.93222045898438,874100,0.0,0.0,0.0
2015-10-23,100.71380336381635,100.71380336381635,100.56010160861608,100.608642578125,603900,0.0,0.0,0.0
2015-10-26,100.64099632983982,100.72997473082812,100.6248139501914,100.71379852294922,195100,0.0,0.0,0.0
2015-10-27,100.86747784724238,100.94028002416736,100.82702807888307,100.8512954711914,237600,0.0,0.0,0.0
2015-10-28,100.8027343230406,100.85126909496368,100.39017024639494,100.45488739013672,334200,0.0,0.0,0.0
2015-10-29,100.28506404965052,100.30933144880818,100.15562969178316,100.18798828125,357000,0.0,0.0,0.0
2015-10-30,100.139458345538,100.23653411865234,100.13136715483591,100.23653411865234,525500,0.0,0.0,0.0
2015-11-02,100.1126514892844,100.13694772196804,100.03166198730467,100.03166198730467,1552000,0.0,0.0,0.0
2015-11-03,100.01539954793505,100.01539954793505,99.86961606139904,99.93441009521484,1082500,0.0,0.0,0.0
2015-11-04,99.90200727738257,99.95060588947209,99.68333514982557,99.74002838134766,571600,0.0,0.0,0.0
2015-11-05,99.7400217366414,99.75621715352644,99.61043368516762,99.69952392578124,708700,0.0,0.0,0.0
2015-11-06,99.29459721121276,99.34319583312168,99.21360774683126,99.3188934326172,308200,0.0,0.0,0.0
2015-11-09,99.14070566049772,99.30268456733126,99.12450406235484,99.22978973388672,395100,0.0,0.0,0.0
2015-11-10,99.26219998217756,99.497073753763,99.26219998217756,99.41608428955078,308600,0.0,0.0,0.0
2015-11-11,99.69954709308652,99.69954709308652,99.3026944066531,99.39178466796876,243100,0.0,0.0,0.0
2015-11-12,99.38367363165447,99.49706010181389,99.37557283261476,99.4241714477539,248200,0.0,0.0,0.0
2015-11-13,99.58618581103325,99.66717529296876,99.55378878243874,99.66717529296876,133600,0.0,0.0,0.0
2015-11-16,99.78861919495756,99.81291541105864,99.68333353215333,99.73192596435548,218100,0.0,0.0,0.0
2015-11-17,99.53754342403592,99.78051174795584,99.48894481597333,99.69142150878906,110600,0.0,0.0,0.0
2015-11-18,99.63478334049172,99.6914765986451,99.53759842885836,99.59429168701172,161400,0.0,0.0,0.0
2015-11-19,99.69956029095631,99.74815891753444,99.64286704253242,99.68336486816406,236400,0.0,0.0,0.0
2015-11-20,99.6833182829645,99.75620692011748,99.61852426387446,99.62662506103516,251300,0.0,0.0,0.0
2015-11-23,99.5618775703698,99.72385651469504,99.53758134663109,99.68336486816406,202500,0.0,0.0,0.0
2015-11-24,99.71573378278744,99.81291865034574,99.69143138679895,99.74813079833984,258000,0.0,0.0,0.0
2015-11-25,99.780520015807,99.79672161286976,99.67523435129418,99.74002838134766,2808000,0.0,0.0,0.0
2015-11-27,99.78858688270812,99.91007410297378,99.78048608693128,99.82098388671876,157600,0.0,0.0,0.0
2015-11-30,99.74809526201736,99.85338089072935,99.74809526201736,99.82098388671876,594800,0.0,0.0,0.0
2015-12-01,99.81697861903368,100.125109729781,99.81697861903368,100.08456420898438,1739500,0.0,0.0,0.0
2015-12-02,99.93049294538427,99.9386032863559,99.7926480807544,99.88995361328124,197000,0.0,0.0,0.0
2015-12-03,99.62237538161088,99.6710250582714,99.28991942742252,99.44398498535156,221400,0.0,0.0,0.0
2015-12-04,99.53322133593988,99.67106626772268,99.4845716391649,99.58187103271484,244300,0.0,0.0,0.0
2015-12-07,99.5736874788324,99.8007274645921,99.5736874788324,99.71964263916016,214700,0.0,0.0,0.0
2015-12-08,99.8088707369637,99.83320176186794,99.68724654433274,99.7845458984375,1145800,0.0,0.0,0.0
2015-12-09,99.80077895977658,99.96294869431676,99.65482372413886,99.91429901123048,1113400,0.0,0.0,0.0
2015-12-10,99.89811380786144,99.89811380786144,99.7359440157216,99.76837921142578,648300,0.0,0.0,0.0
2015-12-11,100.0358950027088,100.2953702005662,100.01156398315436,100.21427917480467,740900,0.0,0.0,0.0
2015-12-14,100.02781872421784,100.08457874975274,99.81699312092591,99.83321380615234,504800,0.0,0.0,0.0
2015-12-15,99.63856447724632,99.7520844847663,99.58991481298818,99.65478515625,452900,0.0,0.0,0.0
2015-12-16,99.55750210074032,99.63858695492148,99.35478687209852,99.48452758789062,232200,0.0,0.0,0.0
2015-12-17,99.49261191016782,99.65478777258012,99.49261191016782,99.62235260009766,300500,0.0,0.0,0.0
2015-12-18,99.74401685899616,99.89807624769064,99.69536099054324,99.84131622314452,187000,0.0,0.0,0.0
2015-12-21,99.86562173709048,99.92238174713567,99.80075138664536,99.87372589111328,172100,0.0,0.0,0.0
2015-12-22,99.76835395653032,99.79267880055572,99.65483389349218,99.70348358154295,168700,0.0,0.0,0.0
2015-12-23,99.60619588110232,99.6386310744125,99.53322133593988,99.58187103271484,175300,0.0,0.0,0.0
2015-12-24,99.62078367385188,99.661378109834,99.57207530574642,99.63702392578124,89900,0.0,0.0,0.0
2015-12-28,99.596437249634,99.7425685591772,99.596437249634,99.67761993408205,204500,0.0,0.0,0.0
2015-12-29,99.60454433610457,99.62889851886636,99.35286999527024,99.40969848632812,325900,0.0,0.0,0.0
2015-12-30,99.27986866715854,99.46658831269896,99.27986866715854,99.43412017822266,314800,0.0,0.0,0.0
2015-12-31,99.5558611375367,99.7101126020731,99.48279856623606,99.53962707519533,758500,0.0,0.0,0.0
2016-01-04,99.82374401890448,99.92116694949624,99.71008703013476,99.74256134033205,1411900,0.0,0.0,0.0
2016-01-05,99.72630740941324,99.856204632385,99.68571917261497,99.78314208984376,345100,0.0,0.0,0.0
2016-01-06,100.01049700887376,100.10791377217214,99.93742824255696,100.075439453125,261200,0.0,0.0,0.0
2016-01-07,100.18907738393796,100.302734375,100.01858570350342,100.302734375,401100,0.0,0.0,0.0
2016-01-08,100.2783865826124,100.50570678710938,100.2134441465984,100.50570678710938,418000,0.0,0.0,0.0
2016-01-11,100.3108423892455,100.51380217471667,100.27025414845592,100.3839111328125,824700,0.0,0.0,0.0
2016-01-12,100.37585418731054,100.73306561661076,100.29467146079097,100.57069396972656,422200,0.0,0.0,0.0
2016-01-13,100.5057107066932,100.871035924658,100.49759057918396,100.77361297607422,290000,0.0,0.0,0.0
2016-01-14,100.74113219234798,100.871029448787,100.57876681564127,100.74925231933594,1759600,0.0,0.0,0.0
2016-01-15,101.17953670869834,101.17953670869834,100.96034280786871,101.0252914428711,989000,0.0,0.0,0.0
2016-01-19,100.87911756894492,101.03336276972487,100.87099744453332,100.92782592773438,790700,0.0,0.0,0.0
2016-01-20,101.22010155803252,101.39870715514476,101.13891888493812,101.19574737548828,600700,0.0,0.0,0.0
2016-01-21,101.29318258524846,101.32565689917892,101.03339426764693,101.0983428955078,502600,0.0,0.0,0.0
2016-01-22,100.89540384822386,100.98470668145517,100.7898669516066,100.95223236083984,317200,0.0,0.0,0.0
2016-01-25,101.00091076554946,101.09020737295612,100.94407607944532,101.0577392578125,402300,0.0,0.0,0.0
2016-01-26,101.09837108021962,101.21202811374104,101.033422434252,101.14707946777344,462900,0.0,0.0,0.0
2016-01-27,101.0333847435854,101.22823060880066,100.93596800481924,101.21199035644533,299700,0.0,0.0,0.0
2016-01-28,101.16329287631427,101.3581325686607,101.14705262221084,101.33377838134766,320900,0.0,0.0,0.0
2016-01-29,101.6016887184408,101.68287140894098,101.46367752520632,101.67475128173828,1854900,0.0,0.0,0.0
2016-02-01,101.50246252447464,101.64064323839568,101.40493049249734,101.4943389892578,1320300,0.0,0.0,0.0
2016-02-02,101.77066950652022,101.94135673261086,101.73003323431053,101.90884399414062,614500,0.0,0.0,0.0
2016-02-03,101.87631797388536,102.25021131696256,101.84381144082386,101.93321990966795,673000,0.0,0.0,0.0
2016-02-04,102.03077697753906,102.07954299028188,101.90885574451052,102.03077697753906,3260200,0.0,0.0,0.0
2016-02-05,101.92508030692932,102.10389722730362,101.82754211367896,102.03887176513672,384700,0.0,0.0,0.0
2016-02-08,102.28269987888952,102.4940295136785,102.23393388669552,102.4371337890625,920600,0.0,0.0,0.0
2016-02-09,102.63217726064816,102.64030699095528,102.39647089224688,102.40459442138672,783300,0.0,0.0,0.0
2016-02-10,102.3477638370097,102.55909355129648,102.20958933970232,102.52658081054688,548000,0.0,0.0,0.0
2016-02-11,103.01423857185308,103.09551730661371,102.66473443132942,102.68911743164062,1861100,0.0,0.0,0.0
2016-02-12,102.51035235618016,102.59163112714428,102.2421268309431,102.33153533935548,1170200,0.0,0.0,0.0
2016-02-16,102.185170380949,102.29083210033008,102.12014492232878,102.20142364501952,396400,0.0,0.0,0.0
2016-02-17,102.06325973834232,102.07138947180182,101.89257254271092,102.0551300048828,576400,0.0,0.0,0.0
2016-02-18,102.07953333326375,102.3477587803173,102.0226375900558,102.29086303710938,453600,0.0,0.0,0.0
2016-02-19,102.1770406483292,102.3233448296402,102.16078738425868,102.20142364501952,352600,0.0,0.0,0.0
2016-02-22,102.1445426248957,102.20956809287772,102.0795171569137,102.17705535888672,249500,0.0,0.0,0.0
2016-02-23,102.02261102290392,102.3396085967102,101.99010449339646,102.2583236694336,694000,0.0,0.0,0.0
2016-02-24,102.4615502667332,102.7216459787082,102.22583755882287,102.29086303710938,482800,0.0,0.0,0.0
2016-02-25,102.4452825267233,102.5834569976859,102.38025705762206,102.46966552734376,341200,0.0,0.0,0.0
2016-02-26,102.23400329175392,102.25026276763616,102.04706272731984,102.19336700439452,503000,0.0,0.0,0.0
2016-02-29,102.07953667639444,102.2583536469531,102.07141314222076,102.23397064208984,3110700,0.0,0.0,0.0
2016-03-01,102.26077547458488,102.28518427810762,101.73189530323988,101.76444244384766,2269500,0.0,0.0,0.0
2016-03-02,101.63428562460406,101.72378252409602,101.55291464877408,101.67496490478516,589100,0.0,0.0,0.0
2016-03-03,101.61801879426577,101.80516336598365,101.6017483221633,101.68311309814452,731400,0.0,0.0,0.0
2016-03-04,101.64242519682288,101.69938115943305,101.40646300665672,101.53665161132812,391500,0.0,0.0,0.0
2016-03-07,101.45530510397704,101.45530510397704,101.31697813467474,101.38207244873048,543000,0.0,0.0,0.0
2016-03-08,101.71567313098816,101.79703791727312,101.64244047791698,101.70753479003906,276300,0.0,0.0,0.0
2016-03-09,101.5529274894996,101.60988345514195,101.44715389837368,101.5285186767578,318500,0.0,0.0,0.0
2016-03-10,101.41459190856254,101.49595667504305,101.21117688849438,101.25999450683594,257200,0.0,0.0,0.0
2016-03-11,101.26000194733284,101.26000194733284,101.04031644091978,101.1216812133789,306200,0.0,0.0,0.0
2016-03-14,101.1379624962503,101.24373608448848,101.10541534423828,101.10541534423828,312000,0.0,0.0,0.0
2016-03-15,101.23556035487016,101.29251629792184,101.08096919957688,101.11351013183594,302300,0.0,0.0,0.0
2016-03-16,100.97522411721778,101.56106042277042,100.91012981488208,101.53665161132812,286500,0.0,0.0,0.0
2016-03-17,101.53664448145956,101.66682686925526,101.52850614230547,101.60987091064452,386400,0.0,0.0,0.0
2016-03-18,101.74824570434046,101.83774885393292,101.71569854014896,101.82147216796876,284000,0.0,0.0,0.0
2016-03-21,101.66686423700096,101.71568808213677,101.60177612304688,101.60177612304688,606300,0.0,0.0,0.0
2016-03-22,101.74006377046588,101.805158070959,101.45528396547608,101.48783111572266,373600,0.0,0.0,0.0
2016-03-23,101.52034974992348,101.78072068694736,101.52034974992348,101.73190307617188,974200,0.0,0.0,0.0
2016-03-24,101.81328563132188,101.8377006487112,101.56105298790388,101.67496490478516,324600,0.0,0.0,0.0
2016-03-28,101.71562275362636,101.82139630263616,101.6749372767668,101.7237548828125,345800,0.0,0.0,0.0
2016-03-29,101.85398122829407,102.20385535279289,101.84584288835656,102.16316986083984,527000,0.0,0.0,0.0
2016-03-30,102.1305895420189,102.29332524924828,102.05736312956503,102.2526397705078,319000,0.0,0.0,0.0
2016-03-31,102.31773924225055,102.5537013739002,102.22009781296124,102.48046875,627400,0.0,0.0,0.0
2016-04-01,102.443839072567,102.49271296039235,102.2646265306885,102.40310668945312,3596900,0.0,0.0,0.0
2016-04-04,102.46012116325744,102.5252904857467,102.38681033662354,102.48455810546876,344100,0.0,0.0,0.0
2016-04-05,102.65561771944016,102.71263932000969,102.62303927473332,102.69635009765624,3061200,0.0,0.0,0.0
2016-04-06,102.67194271441652,102.68009043538302,102.50087786346094,102.60677337646484,613400,0.0,0.0,0.0
2016-04-07,102.7452864229708,102.89191437281804,102.71270174357228,102.8674774169922,339000,0.0,0.0,0.0
2016-04-08,102.75339603010728,102.84300231149066,102.68008518982442,102.79412841796876,249300,0.0,0.0,0.0
2016-04-11,102.68008518982442,102.8674392582516,102.68008518982442,102.79412841796876,357700,0.0,0.0,0.0
2016-04-12,102.67191932890044,102.69635627134382,102.5415806826842,102.57416534423828,263400,0.0,0.0,0.0
2016-04-13,102.5008468728556,102.60674235384252,102.46011449522848,102.52528381347656,197000,0.0,0.0,0.0
2016-04-14,102.45198057727848,102.51714990430506,102.35423280162776,102.40310668945312,258600,0.0,0.0,0.0
2016-04-15,102.47641757446482,102.65562389067908,102.46826985535412,102.57416534423828,247700,0.0,0.0,0.0
2016-04-18,102.54972075409754,102.5578684726006,102.46826221373156,102.52528381347656,804200,0.0,0.0,0.0
2016-04-19,102.443839072567,102.49271296039235,102.37866974554044,102.40310668945312,212900,0.0,0.0,0.0
2016-04-20,102.45198627286764,102.47642943302829,102.09356738407423,102.1750259399414,325200,0.0,0.0,0.0
2016-04-21,102.02841186523438,102.10987043212876,101.97139024691928,102.02841186523438,749800,0.0,0.0,0.0
2016-04-22,102.02841186312956,102.06099653286468,101.92251634765807,102.00397491455078,219600,0.0,0.0,0.0
2016-04-25,101.93878888803394,102.0121059366588,101.9062042236328,101.9062042236328,548800,0.0,0.0,0.0
2016-04-26,101.90620325739448,101.91435097713982,101.77587081591496,101.81659698486328,245600,0.0,0.0,0.0
2016-04-27,101.98762756199224,102.12611389160156,101.8409997302607,102.12611389160156,286800,0.0,0.0,0.0
2016-04-28,102.10172555909703,102.34610748148752,102.0854363312199,102.32167053222656,1113900,0.0,0.0,0.0
2016-04-29,102.2320332856104,102.40309809352875,102.16686396405429,102.33792877197266,521300,0.0,0.0,0.0
2016-05-02,102.28739769570048,102.3037048357542,102.16507236926178,102.19769287109376,440600,0.0,0.0,0.0
2016-05-03,102.51571569613402,102.57280000816708,102.4667880634552,102.52387237548828,733200,0.0,0.0,0.0
2016-05-04,102.57276714718954,102.63800811767578,102.41782139771504,102.63800811767578,251700,0.0,0.0,0.0
2016-05-05,102.59725513363075,102.77666473388672,102.48308651923568,102.77666473388672,152700,0.0,0.0,0.0
2016-05-06,102.73592753892832,102.8256261468048,102.59728884299216,102.65437316894533,662800,0.0,0.0,0.0
2016-05-09,102.76033440341868,102.82556915283205,102.71955724102908,102.82556915283205,278300,0.0,0.0,0.0
2016-05-10,102.7766751580579,102.82560279155464,102.71143416557992,102.80929565429688,282200,0.0,0.0,0.0
2016-05-11,102.7440631432379,102.91531609633668,102.72775600463402,102.8011474609375,199900,0.0,0.0,0.0
2016-05-12,102.6869605766204,102.77666537730995,102.60541245464522,102.6788101196289,138300,0.0,0.0,0.0
2016-05-13,102.67065108837322,102.83374732858648,102.59725342507132,102.79297637939452,350500,0.0,0.0,0.0
2016-05-16,102.64621090630324,102.65436136498442,102.56465654569796,102.58912658691406,1019200,0.0,0.0,0.0
2016-05-17,102.48305822973516,102.6053834890268,102.45043774580932,102.4667510986328,200400,0.0,0.0,0.0
2016-05-18,102.28737467463624,102.3036818110198,101.91224832058244,102.001953125,545200,0.0,0.0,0.0
2016-05-19,102.02643187190075,102.14060050846372,102.02643187190075,102.05089569091795,250700,0.0,0.0,0.0
2016-05-20,102.0916668472741,102.16505829999576,102.03458253236046,102.14059448242188,1143900,0.0,0.0,0.0
2016-05-23,102.1242882015574,102.15690247744712,102.01827002888268,102.13243865966795,147700,0.0,0.0,0.0
2016-05-24,102.05089687998176,102.05089687998176,101.92042110312843,101.99381256103516,213400,0.0,0.0,0.0
2016-05-25,101.95301733233232,102.0264149989696,101.9285535173609,101.96117401123048,142000,0.0,0.0,0.0
2016-05-26,102.09985701019174,102.24664619444256,102.05092935601684,102.23033905029295,293700,0.0,0.0,0.0
2016-05-27,102.16506917208476,102.230310173707,101.94488856876512,102.01828002929688,325200,0.0,0.0,0.0
2016-05-31,101.8551844862904,102.19769041470676,101.8551844862904,102.11614227294922,2841800,0.0,0.0,0.0
2016-06-01,102.214080573534,102.2875603897342,102.04263597398236,102.05896759033205,531000,0.0,0.0,0.0
2016-06-02,102.12426036109272,102.2630541649206,102.12426036109272,102.2140655517578,166500,0.0,0.0,0.0
2016-06-03,102.74474223238452,102.86720443578344,102.71208522956572,102.81822204589844,262800,0.0,0.0,0.0
2016-06-06,102.6876120837548,102.78558310943134,102.61413848601303,102.6957778930664,587000,0.0,0.0,0.0
2016-06-07,102.82643212493932,102.86725495568322,102.77744971099818,102.80194091796876,302000,0.0,0.0,0.0
2016-06-08,102.80189043014585,102.88352982284964,102.79373085095594,102.81822204589844,502500,0.0,0.0,0.0
2016-06-09,102.94885657886265,102.99784520350138,102.8835425651358,102.89170837402344,446900,0.0,0.0,0.0
2016-06-10,103.02239733429622,103.18567623649784,103.02239733429622,103.09587097167967,131400,0.0,0.0,0.0
2016-06-13,103.36520872540058,103.36520872540058,103.16927294495196,103.2835693359375,304900,0.0,0.0,0.0
2016-06-14,103.42234635706744,103.42234635706744,103.24273598138284,103.26722717285156,263800,0.0,0.0,0.0
2016-06-15,103.24276530415251,103.59382034850944,103.24276530415251,103.54483795166016,280000,0.0,0.0,0.0
2016-06-16,103.66731865778785,103.7734492794483,103.47137657807691,103.51219940185548,329200,0.0,0.0,0.0
2016-06-17,103.48771781996908,103.48771781996908,103.34076436086832,103.41423797607422,206400,0.0,0.0,0.0
2016-06-20,103.20192829574988,103.20192829574988,103.11212310017108,103.12844848632812,146900,0.0,0.0,0.0
2016-06-21,103.16927172508149,103.22641991989852,103.00598671939986,103.01415252685548,214000,0.0,0.0,0.0
2016-06-22,103.07127506427884,103.16924604330003,103.00596107826472,103.13658905029295,2067700,0.0,0.0,0.0
2016-06-23,102.94883535185691,102.9978239663947,102.84270477294922,102.84270477294922,177700,0.0,0.0,0.0
2016-06-24,103.659101306899,103.83054586988573,103.58562150637022,103.61827850341795,363600,0.0,0.0,0.0
2016-06-27,104.08364037044046,104.1407885639004,104.0101667911431,104.0428237915039,411600,0.0,0.0,0.0
2016-06-28,104.06732648937572,104.07549229754017,103.91220727768476,104.05099487304688,283600,0.0,0.0,0.0
2016-06-29,103.96114916576497,104.02646314826062,103.806036243193,103.85501861572266,337500,0.0,0.0,0.0
2016-06-30,103.84690575850966,104.05100738635949,103.84690575850966,103.96936798095705,627700,0.0,0.0,0.0
2016-07-01,104.16877400733144,104.23415681542158,103.98080622813202,104.12791442871094,1907800,0.0,0.0,0.0
2016-07-05,104.29135908084598,104.44664168211672,104.2504932693808,104.34039306640624,473200,0.0,0.0,0.0
2016-07-06,104.30769820312096,104.3730810051967,104.20145582618323,104.29953002929688,474700,0.0,0.0,0.0
2016-07-07,104.13609823185038,104.3240722745084,104.08706423604774,104.27503204345705,435500,0.0,0.0,0.0
2016-07-08,104.11973044121214,104.30769820312096,104.06252204820764,104.29953002929688,204900,0.0,0.0,0.0
2016-07-11,104.11158188667304,104.1524477069306,103.93995666503906,103.93995666503906,566300,0.0,0.0,0.0
2016-07-12,103.7274201741372,103.82549435863407,103.6048290023276,103.6702117919922,266400,0.0,0.0,0.0
2016-07-13,103.89090938611974,103.90725197098406,103.74380118134908,103.76831817626952,265500,0.0,0.0,0.0
2016-07-14,103.53129688593394,103.71109647261702,103.53129688593394,103.5966796875,425200,0.0,0.0,0.0
2016-07-15,103.44139376257658,103.4740851623072,103.34331956338472,103.40052795410156,2703000,0.0,0.0,0.0
2016-07-18,103.51497916063266,103.57218756692886,103.37603911512878,103.42507934570312,225900,0.0,0.0,0.0
2016-07-19,103.5068370109874,103.61307944572326,103.482320005683,103.5722198486328,152800,0.0,0.0,0.0
2016-07-20,103.48229162958488,103.48229162958488,103.35970040142838,103.44960021972656,282300,0.0,0.0,0.0
2016-07-21,103.34333105183045,103.62937927246094,103.31881405811872,103.62937927246094,287400,0.0,0.0,0.0
2016-07-22,103.50680166761796,103.62939288753054,103.45776143850384,103.53131866455078,207300,0.0,0.0,0.0
2016-07-25,103.52314733635453,103.54766433401736,103.40873052376212,103.42507934570312,325000,0.0,0.0,0.0
2016-07-26,103.41690880986825,103.4741172183081,103.32700899157004,103.44960021972656,446500,0.0,0.0,0.0
2016-07-27,103.4986328913646,103.70294952392578,103.47411589309708,103.70294952392578,173100,0.0,0.0,0.0
2016-07-28,103.61303556144274,103.79283517119,103.59669297657842,103.76831817626952,161100,0.0,0.0,0.0
2016-07-29,103.88274560098418,104.04619640733658,103.8582286035562,104.02985382080078,415300,0.0,0.0,0.0
2016-08-01,103.86214009096446,103.9848614763068,103.83759706226978,103.87032318115234,348100,0.0,0.0,0.0
2016-08-02,103.65760035149566,103.87850008032032,103.64124041396389,103.7639617919922,425100,0.0,0.0,0.0
2016-08-03,103.82940747480488,103.86212734780396,103.66577690046844,103.85395050048828,233500,0.0,0.0,0.0
2016-08-04,103.9193717968848,104.06663615786316,103.9193717968848,104.00119018554688,108900,0.0,0.0,0.0
2016-08-05,103.73119056497003,103.7639166676704,103.51847401835064,103.5266571044922,200000,0.0,0.0,0.0
2016-08-08,103.45305845992984,103.57577982806224,103.37942938417122,103.47760772705078,141400,0.0,0.0,0.0
2016-08-09,103.5430693398184,103.69851684570312,103.50216637218014,103.69851684570312,232600,0.0,0.0,0.0
2016-08-10,103.78034243081424,103.87852080119444,103.71489018389408,103.84579467773438,246500,0.0,0.0,0.0
2016-08-11,103.85392832380823,103.85392832380823,103.4530381836901,103.51030731201172,525200,0.0,0.0,0.0
2016-08-12,103.82123093615624,103.90304310755226,103.71486949565973,103.7639617919922,302300,0.0,0.0,0.0
2016-08-15,103.65757854658814,103.69030465663616,103.55940645831136,103.59213256835938,160400,0.0,0.0,0.0
2016-08-16,103.50216202908643,103.54306499500834,103.41216676544202,103.44489288330078,281700,0.0,0.0,0.0
2016-08-17,103.45304979764153,103.65758331344696,103.41214683960096,103.54304504394533,278400,0.0,0.0,0.0
2016-08-18,103.583927708558,103.72300896562878,103.52665858847791,103.6821060180664,141600,0.0,0.0,0.0
2016-08-19,103.49388408353096,103.55115317682758,103.41207198480198,103.43661499023438,170400,0.0,0.0,0.0
2016-08-22,103.56761819352904,103.60852740533709,103.49398910251784,103.583984375,205300,0.0,0.0,0.0
2016-08-23,103.6248586784074,103.67394472254576,103.51849726028452,103.59213256835938,99900,0.0,0.0,0.0
2016-08-24,103.64121861249777,103.66576163456696,103.51849726028452,103.59213256835938,223200,0.0,0.0,0.0
2016-08-25,103.49388408353096,103.55115317682758,103.43661499023438,103.43661499023438,138300,0.0,0.0,0.0
2016-08-26,103.46122263259208,103.60030391150808,103.09306483737517,103.14215087890624,235000,0.0,0.0,0.0
2016-08-29,103.24846475737664,103.4039121492129,103.19937873547651,103.3957290649414,155300,0.0,0.0,0.0
2016-08-30,103.33848096844204,103.42847618813208,103.33848096844204,103.3875732421875,139200,0.0,0.0,0.0
2016-08-31,103.39581119150378,103.47762961547768,103.2812728881836,103.2812728881836,191400,0.0,0.0,0.0
2016-09-01,103.11992271356722,103.42294762643404,103.1035392732518,103.40657043457033,375400,0.0,0.0,0.0
2016-09-02,103.3491897541531,103.39832755388308,103.17720120664958,103.3164291381836,451600,0.0,0.0,0.0
2016-09-06,103.33287655067492,103.6768538794613,103.28373871754911,103.66047668457033,178600,0.0,0.0,0.0
2016-09-07,103.70137023833784,103.76688522920291,103.63584899902344,103.63584899902344,138500,0.0,0.0,0.0
2016-09-08,103.57032688254031,103.62765640434252,103.30824817595168,103.3655776977539,171000,0.0,0.0,0.0
2016-09-09,103.22633135077989,103.22633135077989,103.13624122565724,103.15261840820312,275600,0.0,0.0,0.0
2016-09-12,103.16905972980705,103.30828772913958,103.11992190614887,103.23458099365234,169800,0.0,0.0,0.0
2016-09-13,103.25911626076336,103.30825406841106,102.96427691797808,103.08712768554688,262000,0.0,0.0,0.0
2016-09-14,103.11992190614887,103.31647944923316,103.11992190614887,103.23458099365234,224100,0.0,0.0,0.0
2016-09-15,103.29191448649608,103.42295077074488,103.19363258697057,103.35742950439452,219700,0.0,0.0,0.0
2016-09-16,103.37375865816676,103.42289645789872,103.27547681025426,103.34918975830078,1173900,0.0,0.0,0.0
2016-09-19,103.3164551567461,103.3328323446309,103.22636500225435,103.2673110961914,265800,0.0,0.0,0.0
2016-09-20,103.32462085428811,103.38195037012262,103.27547680610957,103.3164291381836,207000,0.0,0.0,0.0
2016-09-21,103.2345414686842,103.52938079465258,103.10349899116528,103.3655776977539,135600,0.0,0.0,0.0
2016-09-22,103.39014209934582,103.55394518911372,103.39014209934582,103.44747161865234,182400,0.0,0.0,0.0
2016-09-23,103.44752724223184,103.57856978450754,103.43934176967883,103.521240234375,260200,0.0,0.0,0.0
2016-09-26,103.6441070973494,103.75876621536104,103.6113464567099,103.69324493408205,124600,0.0,0.0,0.0
2016-09-27,103.85699689890032,103.85699689890032,103.7177689228347,103.76690673828124,148800,0.0,0.0,0.0
2016-09-28,103.80790405209368,103.8242812481868,103.69324493408205,103.69324493408205,171100,0.0,0.0,0.0
2016-09-29,103.59490515056544,103.84879841159956,103.59490515056544,103.77508544921876,434000,0.0,0.0,0.0
2016-09-30,103.76688522920291,103.82421475149069,103.5867111937623,103.63584899902344,639000,0.0,0.0,0.0
2016-10-03,103.5785065925011,103.61950106437278,103.46372957711426,103.51292419433594,1223000,0.0,0.0,0.0
2016-10-04,103.45552885399484,103.45552885399484,103.25876290785992,103.28336334228516,283600,0.0,0.0,0.0
2016-10-05,103.24232354423114,103.28331799539662,103.07835824931936,103.1767349243164,1210600,0.0,0.0,0.0
2016-10-06,103.10296667054511,103.17674918699228,102.98818969726562,102.98818969726562,487000,0.0,0.0,0.0
2016-10-07,103.06193842868667,103.1439210606005,102.96355551746576,103.08653259277344,292900,0.0,0.0,0.0
2016-10-10,102.66025298773452,102.95539556379384,102.66025298773452,102.93080139160156,182300,0.0,0.0,0.0
2016-10-11,102.90623474121094,103.01281786219565,102.88984070599376,102.90623474121094,389500,0.0,0.0,0.0
2016-10-12,102.89799799306486,102.93079230471808,102.81601534136946,102.92259216308594,454700,0.0,0.0,0.0
2016-10-13,103.0128201687677,103.14399121807624,103.0046200235365,103.09480285644533,593100,0.0,0.0,0.0
2016-10-14,102.98818969726562,103.14395487250157,102.95539538277492,102.98818969726562,521400,0.0,0.0,0.0
2016-10-17,103.04560223195902,103.152179087769,103.04560223195902,103.119384765625,624400,0.0,0.0,0.0
2016-10-18,103.07839000126052,103.2587493792708,103.07018985752649,103.24235534667967,675500,0.0,0.0,0.0
2016-10-19,103.1521359573071,103.30790735863992,103.1521359573071,103.25871276855467,320500,0.0,0.0,0.0
2016-10-20,103.28331799539662,103.34070647410324,103.16034089677524,103.1767349243164,2369700,0.0,0.0,0.0
2016-10-21,103.1931305769252,103.2669130798627,103.13574210079334,103.20132446289062,513100,0.0,0.0,0.0
2016-10-24,103.21772045200252,103.23411447812634,103.07834933788904,103.11113739013672,209600,0.0,0.0,0.0
2016-10-25,103.03735489026764,103.20952031150333,103.03735489026764,103.11113739013672,176300,0.0,0.0,0.0
2016-10-26,103.05378270081304,103.07018298718796,102.9882003199431,103.0127944946289,127700,0.0,0.0,0.0
2016-10-27,102.85701597861367,102.89801043685668,102.76683317438004,102.8406219482422,367100,0.0,0.0,0.0
2016-10-28,102.8488278053882,102.99639911541048,102.84063391668693,102.9390106201172,404200,0.0,0.0,0.0
2016-10-31,102.98818969726562,103.05377207137111,102.94719524043327,102.98818969726562,659500,0.0,0.0,0.0
2016-11-01,102.86098833665764,103.1482395010911,102.81994977247896,103.07437133789062,802300,0.0,0.0,0.0
2016-11-02,103.172843315102,103.32878231963194,103.09898142554869,103.2385025024414,234200,0.0,0.0,0.0
2016-11-03,103.13184066301648,103.27136178001258,103.13184066301648,103.25494384765624,718900,0.0,0.0,0.0
2016-11-04,103.25493353782934,103.42728424072266,103.24673083407674,103.42728424072266,192100,0.0,0.0,0.0
2016-11-07,103.13999881950691,103.1974490347272,103.12358715584564,103.16461944580078,178200,0.0,0.0,0.0
2016-11-08,103.11539808792872,103.14001871897275,102.87738821849432,102.9266357421875,351200,0.0,0.0,0.0
2016-11-09,102.7953494196613,102.7953494196613,102.1469787996734,102.2290496826172,292200,0.0,0.0,0.0
2016-11-10,102.05669525172225,102.27829351540814,101.92538309609192,101.96641540527344,650500,0.0,0.0,0.0
2016-11-11,101.98282076011816,102.05668266449916,101.76122252376324,101.79405212402344,373400,0.0,0.0,0.0
2016-11-14,101.52317217769348,101.6462815642288,101.3179919540024,101.44931030273438,892100,0.0,0.0,0.0
2016-11-15,101.3590392668964,101.45752803696072,101.3180007139686,101.40007781982422,296100,0.0,0.0,0.0
2016-11-16,101.26055049683208,101.47393970116944,101.23592986971704,101.40007781982422,925100,0.0,0.0,0.0
2016-11-17,101.41650771696244,101.41650771696244,101.17028887833776,101.19491577148438,281700,0.0,0.0,0.0
2016-11-18,101.18672512729589,101.26058703529311,100.92409457396188,100.94871520996094,264700,0.0,0.0,0.0
2016-11-21,101.055367695496,101.07999458359129,100.91584663764225,100.965087890625,265900,0.0,0.0,0.0
2016-11-22,101.03081479798158,101.15392427457245,100.97336454378691,101.06364440917967,1336900,0.0,0.0,0.0
2016-11-23,100.70250611641173,100.87486310837332,100.56298499111604,100.75995635986328,330600,0.0,0.0,0.0
2016-11-25,100.7681429638662,100.8255931945683,100.653242502462,100.77635192871094,151800,0.0,0.0,0.0
2016-11-28,100.89950411379654,101.00619565556936,100.8666745021107,100.98157501220705,153600,0.0,0.0,0.0
2016-11-29,100.89127163958476,101.05541339816362,100.8338213979215,101.04721069335938,311400,0.0,0.0,0.0
2016-11-30,100.75173134522488,100.88304347477744,100.70248381773784,100.73531341552734,788800,0.0,0.0,0.0
2016-12-01,100.50610315056753,100.6046909168153,100.33356829133746,100.5553970336914,2437400,0.0,0.0,0.0
2016-12-02,100.67861481639603,100.91687897709984,100.67861481639603,100.85936737060548,294800,0.0,0.0,0.0
2016-12-05,100.65400895798834,100.94156710781428,100.58827958994311,100.78546142578124,452500,0.0,0.0,0.0
2016-12-06,100.81831323111096,100.8840425907598,100.7936662883168,100.86760711669922,244500,0.0,0.0,0.0
2016-12-07,100.94974359406,101.05654907226562,100.9250903898941,101.05654907226562,277200,0.0,0.0,0.0
2016-12-08,100.90045928955078,100.96618864105226,100.83473620634528,100.90045928955078,866400,0.0,0.0,0.0
2016-12-09,100.90046061696296,100.9497607653856,100.62112027185076,100.64576721191406,732200,0.0,0.0,0.0
2016-12-12,100.59650833837138,100.7443962985108,100.56364365075171,100.6622314453125,297200,0.0,0.0,0.0
2016-12-13,100.6950314357341,100.71967836853848,100.54714357061356,100.63751983642578,411300,0.0,0.0,0.0
2016-12-14,100.76899938909972,100.85115793824164,100.05420684814452,100.05420684814452,272200,0.0,0.0,0.0
2016-12-15,99.93917017855648,100.0048995163441,99.7912823026816,99.840576171875,389600,0.0,0.0,0.0
2016-12-16,99.94737156148088,100.14455327429026,99.87342450149386,99.9555892944336,521900,0.0,0.0,0.0
2016-12-19,100.1610225245596,100.2596102800712,100.07064623647685,100.22674560546876,455400,0.0,0.0,0.0
2016-12-20,100.04601349996445,100.15282528135133,99.9885018747165,100.14460754394533,332400,0.0,0.0,0.0
2016-12-21,100.23498172122942,100.24319945846084,100.1692523599718,100.21033477783205,335000,0.0,0.0,0.0
2016-12-22,100.1651149045641,100.2391316009927,100.13221650346414,100.19801330566406,278100,0.0,0.0,0.0
2016-12-23,100.29666441017174,100.29666441017174,100.23087390751128,100.28844451904295,169000,0.0,0.0,0.0
2016-12-27,100.13216524386624,100.16506362812488,100.10749302435354,100.1568374633789,490400,0.0,0.0,0.0
2016-12-28,100.14039171750515,100.42001857247836,100.1321655527338,100.37067413330078,217300,0.0,0.0,0.0
2016-12-29,100.4611370524278,100.67497340048745,100.45291088815344,100.6091766357422,193600,0.0,0.0,0.0
2016-12-30,100.64208382560298,100.81479564213016,100.62563149561446,100.7572250366211,339300,0.0,0.0,0.0
2017-01-03,100.51054233370684,100.77372327728229,100.452971698385,100.73260498046876,739600,0.0,0.0,0.0
2017-01-04,100.65855689253374,100.79837036132812,100.62565849845382,100.79837036132812,334800,0.0,0.0,0.0
2017-01-05,100.88060484839718,101.1849039687172,100.85592635037224,101.1026611328125,498700,0.0,0.0,0.0
2017-01-06,100.88063598713552,100.97932491079293,100.78194078875003,100.82305908203124,346900,0.0,0.0,0.0
2017-01-09,100.97107316510446,101.06154217202564,100.93818104870267,101.02042388916016,356000,0.0,0.0,0.0
2017-01-10,101.02862381074829,101.1026467448366,101.0039515909606,101.03684997558594,703900,0.0,0.0,0.0
2017-01-11,101.08620068988655,101.26713239323794,100.93816109643524,101.03684997558594,367700,0.0,0.0,0.0
2017-01-12,101.17666209744884,101.30825563425051,101.10264543904177,101.1355438232422,360400,0.0,0.0,0.0
2017-01-13,100.98750472922508,101.07797371754064,100.83123897218448,100.97927856445312,360200,0.0,0.0,0.0
2017-01-17,101.36583158235008,101.3740577475152,101.20956581784036,101.32470703125,286000,0.0,0.0,0.0
2017-01-18,101.1684759782042,101.19314820590895,100.8477244685874,100.88062286376952,251800,0.0,0.0,0.0
2017-01-19,100.65853794102492,100.78190532691583,100.60096733090596,100.72433471679688,1483700,0.0,0.0,0.0
2017-01-20,100.67499948869512,100.87238355935472,100.62564876498534,100.83948516845705,254600,0.0,0.0,0.0
2017-01-23,100.9628577720272,101.23425853015716,100.86416259424472,101.15201568603516,1105600,0.0,0.0,0.0
2017-01-24,101.02864174648629,101.0779924695482,100.83948384471584,100.93817901611328,275600,0.0,0.0,0.0
2017-01-25,100.73253079125408,100.7654228945885,100.6091634422159,100.69140625,429700,0.0,0.0,0.0
2017-01-26,100.69145999684322,100.81482741173215,100.55986641436772,100.78192901611328,548900,0.0,0.0,0.0
2017-01-27,100.93816674706248,100.93816674706248,100.79834703589628,100.83124542236328,369300,0.0,0.0,0.0
2017-01-30,100.8724322601888,101.01224578296052,100.8559799194336,100.8559799194336,794400,0.0,0.0,0.0
2017-01-31,100.92995444086894,101.14379084490446,100.92995444086894,101.0533218383789,924100,0.0,0.0,0.0
2017-02-01,100.80709743128952,101.02117944234888,100.72476012916933,100.92237091064452,1265900,0.0,0.0,0.0
2017-02-02,101.0788660655406,101.14473217058232,100.95535691044044,100.96359252929688,326000,0.0,0.0,0.0
2017-02-03,101.13651315898883,101.2517867070012,100.9224310204214,101.00476837158205,177000,0.0,0.0,0.0
2017-02-06,101.22707275493325,101.3670468616056,101.14472913271526,101.30941009521484,389200,0.0,0.0,0.0
2017-02-07,101.30938989895571,101.48230016365792,101.22705257508824,101.35055541992188,331200,0.0,0.0,0.0
2017-02-08,101.42466278152644,101.62227361397328,101.42466278152644,101.58110809326172,1065700,0.0,0.0,0.0
2017-02-09,101.48231284598994,101.49877780004702,101.24353017957884,101.2764663696289,254400,0.0,0.0,0.0
2017-02-10,101.13648546458842,101.27645955142586,101.13648546458842,101.22705841064452,316500,0.0,0.0,0.0
2017-02-13,101.08707481762858,101.13648223876952,101.03767367842292,101.13648223876952,360200,0.0,0.0,0.0
2017-02-14,101.12826058131944,101.12826058131944,100.76596875863984,100.84831237792967,411600,0.0,0.0,0.0
2017-02-15,100.73302522452914,100.79889760238488,100.67538846438929,100.74949645996094,755900,0.0,0.0,0.0
2017-02-16,100.83181575841648,101.05413342343611,100.83181575841648,101.02942657470705,803800,0.0,0.0,0.0
2017-02-17,101.1694334982522,101.23529959969436,101.12826168815666,101.2023696899414,429500,0.0,0.0,0.0
2017-02-21,101.0706091467654,101.21881884526412,101.02943734309648,101.15294647216795,326600,0.0,0.0,0.0
2017-02-22,101.29290088512148,101.29290088512148,101.0294177258336,101.24349975585938,404200,0.0,0.0,0.0
2017-02-23,101.30113608127962,101.4081802368164,101.30113608127962,101.4081802368164,283000,0.0,0.0,0.0
2017-02-24,101.5975832713926,101.6963918385291,101.54818212879222,101.65522003173828,409500,0.0,0.0,0.0
2017-02-27,101.58109047045194,101.58931980400553,101.3670084413124,101.4081802368164,888600,0.0,0.0,0.0
2017-02-28,101.41639868305536,101.4987359832902,101.28466025906629,101.31759643554688,214800,0.0,0.0,0.0
2017-03-01,100.84119526581983,100.91538284070444,100.82471263177962,100.86592864990234,529400,0.0,0.0,0.0
2017-03-02,100.74227344670716,100.78348317065168,100.61038723725125,100.70105743408205,466200,0.0,0.0,0.0
2017-03-03,100.69281387989945,100.80821116266442,100.59389922809504,100.78347778320312,223900,0.0,0.0,0.0
2017-03-06,100.79172807388233,100.80821699447706,100.71754679724778,100.79997253417967,180100,0.0,0.0,0.0
2017-03-07,100.72582763644678,100.73407210023652,100.6434018645992,100.66812896728516,209900,0.0,0.0,0.0
2017-03-08,100.4290472979565,100.51971749519753,100.37134865322864,100.50323486328124,365500,0.0,0.0,0.0
2017-03-09,100.34660832795024,100.43727851323423,100.29715415004252,100.31363677978516,401200,0.0,0.0,0.0
2017-03-10,100.48680295479905,100.50328559503536,100.35491667817324,100.4703140258789,219800,0.0,0.0,0.0
2017-03-13,100.38784992901704,100.45379304215928,100.32190681587484,100.3466339111328,417900,0.0,0.0,0.0
2017-03-14,100.35484875258147,100.44551893422027,100.34660429370172,100.39606475830078,377000,0.0,0.0,0.0
2017-03-15,100.4538264461402,100.98959712470716,100.38788331106988,100.92366027832033,324500,0.0,0.0,0.0
2017-03-16,100.77525823882466,100.8741666202305,100.7422866821289,100.7422866821289,294100,0.0,0.0,0.0
2017-03-17,100.84946528922984,100.95662444803769,100.82473818756124,100.89892578125,196400,0.0,0.0,0.0
2017-03-20,100.9236270489908,101.03902435302734,100.90713812631049,101.03902435302734,231600,0.0,0.0,0.0
2017-03-21,100.99778793033832,101.2450714111328,100.99778793033832,101.2450714111328,944700,0.0,0.0,0.0
2017-03-22,101.31103672954268,101.41818957409042,101.26157624932858,101.31927490234376,164800,0.0,0.0,0.0
2017-03-23,101.33579009863875,101.34402827357576,101.15444963109452,101.27809143066406,258800,0.0,0.0,0.0
2017-03-24,101.23686934596672,101.3605111381409,101.22862488283972,101.28632354736328,266200,0.0,0.0,0.0
2017-03-27,101.49239419497847,101.52536575980768,101.39348578917384,101.418212890625,261800,0.0,0.0,0.0
2017-03-28,101.4758709216909,101.4758709216909,101.18737770581389,101.21210479736328,380900,0.0,0.0,0.0
2017-03-29,101.31929080592944,101.40171656764886,101.31929080592944,101.39347839355467,250100,0.0,0.0,0.0
2017-03-30,101.32753217312693,101.37698637091124,101.2368619514008,101.26158905029295,185300,0.0,0.0,0.0
2017-03-31,101.37696164473756,101.42642211914062,101.33575191952929,101.42642211914062,192200,0.0,0.0,0.0
2017-04-03,101.5205273014569,101.72683629607508,101.47926928016378,101.69383239746094,956700,0.0,0.0,0.0
2017-04-04,101.6195297241211,101.73506222540624,101.61127560372957,101.6195297241211,1159400,0.0,0.0,0.0
2017-04-05,101.53700493546212,101.85059224616322,101.53700493546212,101.82583618164062,1365300,0.0,0.0,0.0
2017-04-06,101.77636411362649,101.82587626216056,101.66083156967936,101.73509979248048,247200,0.0,0.0,0.0
2017-04-07,101.90009708761868,101.90009708761868,101.4792251586914,101.4792251586914,313100,0.0,0.0,0.0
2017-04-10,101.5618240483862,101.6691024932643,101.5453220938099,101.60308837890624,300400,0.0,0.0,0.0
2017-04-11,101.7433326269604,101.94964159741916,101.7433326269604,101.88362121582033,447600,0.0,0.0,0.0
2017-04-12,101.91659037683496,102.12289926423746,101.89183431771428,102.0733871459961,391700,0.0,0.0,0.0
2017-04-13,102.19723231346175,102.29626290885386,102.0651978156572,102.2550048828125,340500,0.0,0.0,0.0
2017-04-17,102.32926107808647,102.33751520074507,102.14770815590238,102.18897247314452,215500,0.0,0.0,0.0
2017-04-18,102.38700265733674,102.56030141507694,102.32923640475668,102.5355453491211,254500,0.0,0.0,0.0
2017-04-19,102.42000901824332,102.42000901824332,102.3044765173987,102.35398864746094,341500,0.0,0.0,0.0
2017-04-20,102.26324419836784,102.34576653963326,102.17246773416052,102.24674224853516,370700,0.0,0.0,0.0
2017-04-21,102.3457628467836,102.4035291131902,102.27974875378384,102.32100677490234,308300,0.0,0.0,0.0
2017-04-24,102.01565712559622,102.17244765437142,101.97439281504758,102.16419982910156,200500,0.0,0.0,0.0
2017-04-25,102.00741417973994,102.01566830196391,101.85061733773696,101.85887145996094,447800,0.0,0.0,0.0
2017-04-26,101.90010687961713,102.0321413175077,101.85058845636551,102.00738525390624,219500,0.0,0.0,0.0
2017-04-27,102.00736679097588,102.13115338262688,101.98261073185516,102.0733871459961,423400,0.0,0.0,0.0
2017-04-28,101.9908979858246,102.14769481560636,101.96614191713272,102.09818267822266,425000,0.0,0.0,0.0
2017-05-01,102.03043635426104,102.13784954683535,101.91476545732802,102.02217864990234,439100,0.0,0.0,0.0
2017-05-02,101.98910797724608,102.17087829326718,101.98910797724608,102.15435028076172,245000,0.0,0.0,0.0
2017-05-03,102.12130819116354,102.18740763894552,101.9312801582782,101.97258758544922,502500,0.0,0.0,0.0
2017-05-04,101.79080363723337,101.87343108770123,101.75776022135354,101.85690307617188,159500,0.0,0.0,0.0
2017-05-05,101.81563596446048,101.88172912597656,101.75780050838893,101.88172912597656,184200,0.0,0.0,0.0
2017-05-08,101.82389315182496,101.82389315182496,101.7082222402704,101.74127197265624,156400,0.0,0.0,0.0
2017-05-09,101.67513763709368,101.69166564941406,101.58425248010076,101.69166564941406,230800,0.0,0.0,0.0
2017-05-10,101.77434082762444,101.81565457676726,101.60909843823931,101.65040588378906,131600,0.0,0.0,0.0
2017-05-11,101.62560106110168,101.7495359816507,101.59255132871584,101.74127197265624,167700,0.0,0.0,0.0
2017-05-12,101.98910822781924,102.07999338605306,101.92300878481468,102.04694366455078,196400,0.0,0.0,0.0
2017-05-15,102.03870311044597,102.03870311044597,101.96434594766824,102.00565338134766,156700,0.0,0.0,0.0
2017-05-16,101.98088589435554,102.14612826580073,101.98088589435554,102.06350708007812,263900,0.0,0.0,0.0
2017-05-17,102.4022290489172,102.54268564962176,102.33612960025962,102.50963592529295,896600,0.0,0.0,0.0
2017-05-18,102.47661292257916,102.55923410315008,102.37747002733086,102.41877746582033,188500,0.0,0.0,0.0
2017-05-19,102.42704147495502,102.42704147495502,102.29484254316792,102.41877746582033,171900,0.0,0.0,0.0
2017-05-22,102.3691850282043,102.41049245822398,102.34439930947434,102.37744903564452,668200,0.0,0.0,0.0
2017-05-23,102.44352828144174,102.44352828144174,102.17087910882358,102.1874008178711,307500,0.0,0.0,0.0
2017-05-24,102.2121811081913,102.39395141601562,102.15434567420988,102.39395141601562,273200,0.0,0.0,0.0
2017-05-25,102.4104973898454,102.44354711760712,102.31961221439846,102.38571166992188,171600,0.0,0.0,0.0
2017-05-26,102.45182719876708,102.45182719876708,102.38572773287356,102.41877746582033,149800,0.0,0.0,0.0
2017-05-30,102.48482051990034,102.55091994941009,102.44350680055962,102.54265594482422,142000,0.0,0.0,0.0
2017-05-31,102.53439194023836,102.6004913697481,102.5178702346552,102.54265594482422,3538300,0.0,0.0,0.0
2017-06-01,102.4384894979224,102.53775557536768,102.4053987016326,102.52948760986328,564900,0.0,0.0,0.0
2017-06-02,102.7031477118948,102.81068800151084,102.68659916800294,102.76105499267578,220100,0.0,0.0,0.0
2017-06-05,102.66185209024552,102.7114914440702,102.61221904784534,102.6287612915039,256100,0.0,0.0,0.0
2017-06-06,102.81076009928836,102.86866742067782,102.75285277789888,102.82730865478516,150000,0.0,0.0,0.0
2017-06-07,102.71142024357624,102.78586975556742,102.63696442016492,102.67832946777344,639500,0.0,0.0,0.0
2017-06-08,102.64525622768087,102.66179846269826,102.4963508668397,102.58734893798828,1347400,0.0,0.0,0.0
2017-06-09,102.48812253664504,102.5873949255144,102.46330601728371,102.52948760986328,1161400,0.0,0.0,0.0
2017-06-12,102.47979888714023,102.67006929628228,102.46325665267707,102.52116394042967,372600,0.0,0.0,0.0
2017-06-13,102.46327781836231,102.55427590525964,102.46327781836231,102.53772735595705,295100,0.0,0.0,0.0
2017-06-14,102.89341771765176,103.0092322858895,102.6948793594472,102.77760314941406,657200,0.0,0.0,0.0
2017-06-15,102.6866686114456,102.69494288898714,102.61221904784534,102.6287612915039,242800,0.0,0.0,0.0
2017-06-16,102.6948888737832,102.76934470964588,102.64525585748888,102.70316314697266,1717000,0.0,0.0,0.0
2017-06-19,102.6287536873086,102.66184448359836,102.4963968135735,102.52948760986328,326400,0.0,0.0,0.0
2017-06-20,102.50467868550346,102.6784006453286,102.49640440796192,102.6287612915039,183800,0.0,0.0,0.0
2017-06-21,102.57908440376856,102.66180820955177,102.55426789317578,102.65353393554688,465500,0.0,0.0,0.0
2017-06-22,102.70316314697266,102.74452189007752,102.62870731110998,102.70316314697266,148800,0.0,0.0,0.0
2017-06-23,102.70317268632516,102.74453143327156,102.661807627957,102.72798919677734,256800,0.0,0.0,0.0
2017-06-26,102.72798308862264,102.79416465350786,102.72798308862264,102.76934814453124,200600,0.0,0.0,0.0
2017-06-27,102.579095841349,102.579095841349,102.438464724695,102.50464630126952,406000,0.0,0.0,0.0
2017-06-28,102.49637945378583,102.57082899926031,102.43847214794248,102.56256103515624,270100,0.0,0.0,0.0
2017-06-29,102.28127059968696,102.44671820631308,102.25645408983522,102.3722686767578,429200,0.0,0.0,0.0
2017-06-30,102.36400452376454,102.39709531064578,102.20683117535644,102.22337341308594,266300,0.0,0.0,0.0
2017-07-03,102.20845778926603,102.23330486324969,101.9848214850237,102.02623748779295,973900,0.0,0.0,0.0
2017-07-05,102.0096938526763,102.14221371163688,101.99312492080875,102.0759506225586,2615000,0.0,0.0,0.0
2017-07-06,102.00140380859376,102.03453535132104,101.91029364589266,102.00140380859376,530900,0.0,0.0,0.0
2017-07-07,102.02622400549654,102.0345084687946,101.91855125939765,101.9599609375,447100,0.0,0.0,0.0
2017-07-10,102.05938826353784,102.10908242087204,102.0096941062036,102.0676727294922,213500,0.0,0.0,0.0
2017-07-11,102.00137136332889,102.16702270507812,102.00137136332889,102.16702270507812,347900,0.0,0.0,0.0
2017-07-12,102.39898310143477,102.42383650113376,102.30787292679447,102.34928894042967,240800,0.0,0.0,0.0
2017-07-13,102.30785208880128,102.31613655368024,102.19189485727654,102.27472686767578,315500,0.0,0.0,0.0
2017-07-14,102.54805270251892,102.55633716753408,102.38240131738765,102.39896392822266,348300,0.0,0.0,0.0
2017-07-17,102.39895921993542,102.49006937332696,102.36582768059348,102.43209075927734,356700,0.0,0.0,0.0
2017-07-18,102.58945757405868,102.64743618448156,102.55632603678922,102.62258911132812,290600,0.0,0.0,0.0
2017-07-19,102.62258699429648,102.64743406693732,102.57288652982028,102.60601806640624,343300,0.0,0.0,0.0
2017-07-20,102.66399667563309,102.6888500674684,102.57288652982028,102.60601806640624,579700,0.0,0.0,0.0
2017-07-21,102.7137077753315,102.78824900097226,102.68057623531502,102.7302703857422,572500,0.0,0.0,0.0
2017-07-24,102.68059931296322,102.71373086042608,102.60605175137265,102.6309051513672,1392200,0.0,0.0,0.0
2017-07-25,102.48176059211524,102.49003873507982,102.34095001220705,102.34095001220705,183800,0.0,0.0,0.0
2017-07-26,102.34094951306518,102.64741141947376,102.34094951306518,102.59771728515624,306100,0.0,0.0,0.0
2017-07-27,102.51493178168522,102.58119487028036,102.46523762483685,102.5232162475586,230900,0.0,0.0,0.0
2017-07-28,102.5149260812362,102.65573671646996,102.49836346960636,102.63916778564452,234200,0.0,0.0,0.0
2017-07-31,102.60601806640624,102.64743406693732,102.57288652982028,102.60601806640624,359300,0.0,0.0,0.0
2017-08-01,102.54049439544664,102.781005859375,102.52391023436284,102.781005859375,410100,0.0,0.0,0.0
2017-08-02,102.70638614784114,102.77273546305284,102.65662732514186,102.6980972290039,192800,0.0,0.0,0.0
2017-08-03,102.70639193971708,102.89714464985298,102.70639193971708,102.85567474365234,989100,0.0,0.0,0.0
2017-08-04,102.74788112474528,102.74788112474528,102.62347771022058,102.73958587646484,441000,0.0,0.0,0.0
2017-08-07,102.71468492141496,102.78103423890516,102.68151026266987,102.7644500732422,111900,0.0,0.0,0.0
2017-08-08,102.7561326337549,102.7561326337549,102.64002451693332,102.70636749267578,277200,0.0,0.0,0.0
2017-08-09,102.9220260742782,102.97179122817552,102.79762268066406,102.79762268066406,267400,0.0,0.0,0.0
2017-08-10,102.88885644688555,102.9966756794208,102.88885644688555,102.9883804321289,399600,0.0,0.0,0.0
2017-08-11,102.98836674182192,103.16252894728149,102.97178257686244,103.1376495361328,226400,0.0,0.0,0.0
2017-08-14,103.00492853904684,103.05469367795646,102.94687448316688,102.98004913330078,372900,0.0,0.0,0.0
2017-08-15,102.73128308292053,102.83909598632545,102.7146925886,102.78933715820312,200800,0.0,0.0,0.0
2017-08-16,102.72295549307252,103.00493053354435,102.72295549307252,102.9219970703125,276400,0.0,0.0,0.0
2017-08-17,102.89712692291636,103.1127590086562,102.8805427597448,103.0961685180664,190400,0.0,0.0,0.0
2017-08-18,103.18739723405564,103.23716237840682,102.9966508842005,103.0961685180664,231300,0.0,0.0,0.0
2017-08-21,103.12932032890674,103.17079021877753,103.07956152299523,103.12102508544922,196800,0.0,0.0,0.0
2017-08-22,103.06297501108072,103.06297501108072,102.98004155555736,103.00492095947266,169800,0.0,0.0,0.0
2017-08-23,103.13763442153504,103.22056788901652,103.08787560652978,103.21227264404295,978500,0.0,0.0,0.0
2017-08-24,103.1210478794102,103.17081302373865,103.06299381720888,103.0712890625,650900,0.0,0.0,0.0
2017-08-25,103.07126424218563,103.1873723386286,103.03808959642812,103.1541976928711,202300,0.0,0.0,0.0
2017-08-28,103.15423174127235,103.23717154675067,103.15423174127235,103.2205810546875,287700,0.0,0.0,0.0
2017-08-29,103.50254322408192,103.5108321411532,103.32008580983224,103.3615493774414,162400,0.0,0.0,0.0
2017-08-30,103.25374612711444,103.33667959747586,103.25374612711444,103.30350494384766,166000,0.0,0.0,0.0
2017-08-31,103.28697348588898,103.40308166912617,103.28697348588898,103.3864974975586,653000,0.0,0.0,0.0
2017-09-01,103.3623741015827,103.3706800752047,103.21289825439452,103.21289825439452,339600,0.0,0.0,0.0
2017-09-05,103.4371322054522,103.66134919464602,103.4371322054522,103.64473724365234,452900,0.0,0.0,0.0
2017-09-06,103.63640778548448,103.66131936920446,103.40388488769533,103.40388488769533,832800,0.0,0.0,0.0
2017-09-07,103.59489722939706,103.78589662117224,103.52846210742292,103.76097869873048,766300,0.0,0.0,0.0
2017-09-08,103.7194088759014,103.72771484583453,103.62806221343328,103.70279693603516,296400,0.0,0.0,0.0
2017-09-11,103.48691750878407,103.51182908902832,103.395570824155,103.43708801269533,4465600,0.0,0.0,0.0
2017-09-12,103.31257627867176,103.31257627867176,103.19631162624307,103.22122955322266,390400,0.0,0.0,0.0
2017-09-13,103.25441297320548,103.25441297320548,103.11324310302734,103.11324310302734,515500,0.0,0.0,0.0
2017-09-14,103.0135967643611,103.12154907645,103.00529079093845,103.11324310302734,143900,0.0,0.0,0.0
2017-09-15,103.1131944966026,103.1131944966026,102.99693626589388,103.03845977783205,138900,0.0,0.0,0.0
2017-09-18,102.94715881347656,102.98867600824384,102.89733564551535,102.94715881347656,162100,0.0,0.0,0.0
2017-09-19,102.99695465909832,103.03017220746112,102.86409080124656,102.89730834960938,429400,0.0,0.0,0.0
2017-09-20,102.9388499516196,102.95546189754133,102.62329267071831,102.68972778320312,619000,0.0,0.0,0.0
2017-09-21,102.78934876383612,102.81426034097336,102.67309051346275,102.681396484375,161900,0.0,0.0,0.0
2017-09-22,102.84749681166296,102.84749681166296,102.75615012162018,102.78936767578124,178800,0.0,0.0,0.0
2017-09-25,102.7810990646909,102.96379251118626,102.7810990646909,102.93888092041016,161800,0.0,0.0,0.0
2017-09-26,102.88903206795908,102.89733804134642,102.80599134088982,102.86412048339844,188000,0.0,0.0,0.0
2017-09-27,102.58177593841071,102.68973458725192,102.58177593841071,102.6565170288086,267900,0.0,0.0,0.0
2017-09-28,102.58179039203664,102.7395722329734,102.58179039203664,102.71466064453124,196200,0.0,0.0,0.0
2017-09-29,102.75615568595916,102.75615568595916,102.54025107562178,102.5651626586914,270600,0.0,0.0,0.0
2017-10-02,102.61339172525943,102.6217019935896,102.49697818775826,102.50529479980467,437800,0.0,0.0,0.0
2017-10-03,102.5218985037958,102.6383056640625,102.5218985037958,102.6383056640625,384700,0.0,0.0,0.0
2017-10-04,102.67992841081188,102.67992841081188,102.53026107929436,102.58015441894533,391500,0.0,0.0,0.0
2017-10-05,102.60505683939527,102.63000032737588,102.48033305577704,102.53022003173828,144600,0.0,0.0,0.0
2017-10-06,102.38058461681074,102.50530843923794,102.31407074273774,102.4554214477539,473600,0.0,0.0,0.0
2017-10-09,102.48863626810687,102.5302066280684,102.45537617390907,102.52189636230467,140400,0.0,0.0,0.0
2017-10-10,102.53024997636128,102.64665718341172,102.51362309408994,102.53856658935548,266000,0.0,0.0,0.0
2017-10-11,102.58844294336294,102.59675955549484,102.48866897264556,102.5634994506836,788600,0.0,0.0,0.0
2017-10-12,102.59674835205078,102.60506496327451,102.53854476091595,102.59674835205078,3453300,0.0,0.0,0.0
2017-10-13,102.74639593133188,102.79628290167592,102.67987574173024,102.7713394165039,133400,0.0,0.0,0.0
2017-10-16,102.6466576580025,102.6882343794486,102.5468836764791,102.60508728027344,240700,0.0,0.0,0.0
2017-10-17,102.47203632001076,102.56350002282282,102.47203632001076,102.55518341064452,532800,0.0,0.0,0.0
2017-10-18,102.4137943331478,102.45537103473816,102.3888508496792,102.43042755126952,156700,0.0,0.0,0.0
2017-10-19,102.57178333174424,102.62998691066184,102.45537617390907,102.52189636230467,482800,0.0,0.0,0.0
2017-10-20,102.33067921883884,102.42214291591915,102.28079223632812,102.28079223632812,185800,0.0,0.0,0.0
2017-10-23,102.3805642572122,102.40551409170976,102.33899388714798,102.36393737792967,3470600,0.0,0.0,0.0
2017-10-24,102.26413263277011,102.30570933661453,102.17266895928394,102.23918914794922,470700,0.0,0.0,0.0
2017-10-25,102.13114328196994,102.23091726490507,102.08956655993556,102.1810302734375,229500,0.0,0.0,0.0
2017-10-26,102.23088102952904,102.24751424993406,102.08953037466075,102.09784698486328,372000,0.0,0.0,0.0
2017-10-27,102.1144822512687,102.29740962846392,102.1144822512687,102.28909301757812,306600,0.0,0.0,0.0
2017-10-30,102.41381365015287,102.47201723712917,102.37224328443564,102.46370697021484,166200,0.0,0.0,0.0
2017-10-31,102.44707625492478,102.45539286575774,102.36392917774126,102.37224578857422,1166600,0.0,0.0,0.0
2017-11-01,102.31807989349154,102.4762757196476,102.29310294246176,102.38468933105467,328400,0.0,0.0,0.0
2017-11-02,102.44304471343354,102.5346311679272,102.39309077542978,102.4596939086914,914900,0.0,0.0,0.0
2017-11-03,102.48463960335492,102.5179443359375,102.3847317578354,102.5179443359375,137300,0.0,0.0,0.0
2017-11-06,102.52628660972492,102.58456831193146,102.50963741719268,102.57624053955078,155000,0.0,0.0,0.0
2017-11-07,102.56789993387376,102.60120466493764,102.5262674319869,102.5429229736328,182400,0.0,0.0,0.0
2017-11-08,102.58455044465798,102.5928782155882,102.45133787091444,102.46798706054688,371700,0.0,0.0,0.0
2017-11-09,102.42638096132664,102.5429507277148,102.4097317674024,102.4763412475586,473300,0.0,0.0,0.0
2017-11-10,102.35142424145673,102.36807343118107,102.2515100464265,102.2681655883789,181700,0.0,0.0,0.0
2017-11-13,102.27651662178094,102.30982136310122,102.17660875004997,102.1849365234375,401900,0.0,0.0,0.0
2017-11-14,102.18491513304308,102.27649521221603,102.1682595897545,102.25151824951172,1487900,0.0,0.0,0.0
2017-11-15,102.38468933105467,102.43464323311424,102.27644740695818,102.38468933105467,1703000,0.0,0.0,0.0
2017-11-16,102.2348420746498,102.3181007124318,102.2348420746498,102.25981903076172,1682700,0.0,0.0,0.0
2017-11-17,102.32643947622894,102.35141643502446,102.24318082950133,102.30978393554688,972000,0.0,0.0,0.0
2017-11-20,102.25985273380024,102.28482969814412,102.14328933204284,102.16826629638672,253200,0.0,0.0,0.0
2017-11-21,102.19323470497748,102.21821166723024,102.06002212221988,102.08499908447266,221500,0.0,0.0,0.0
2017-11-22,102.20157990777577,102.37642502559484,102.17660294126296,102.35144805908205,416900,0.0,0.0,0.0
2017-11-24,102.31813292207762,102.33478846621333,102.26817899412836,102.28482818603516,111100,0.0,0.0,0.0
2017-11-27,102.30982727579791,102.38476453615682,102.24322414153812,102.34313201904295,234200,0.0,0.0,0.0
2017-11-28,102.4097204568772,102.45135296543415,102.28482928343522,102.3264617919922,307800,0.0,0.0,0.0
2017-11-29,102.16825456519103,102.20988706913649,102.10164509976964,102.17658233642578,167200,0.0,0.0,0.0
2017-11-30,102.12663477165624,102.1765886977182,101.93513413470436,101.99341583251952,222200,0.0,0.0,0.0
2017-12-01,102.03596242108698,102.38611290394624,101.91090685989722,102.14434051513672,334500,0.0,0.0,0.0
2017-12-04,101.9858761852416,102.06924438476562,101.96086636144295,102.06924438476562,616900,0.0,0.0,0.0
2017-12-05,101.9359265648876,102.0776596069336,101.91925545672431,102.0776596069336,457100,0.0,0.0,0.0
2017-12-06,102.16931847734584,102.26102543052288,102.16097974689676,102.19432830810548,148400,0.0,0.0,0.0
2017-12-07,102.17765247931712,102.21933977164082,102.06927442409844,102.10262298583984,222000,0.0,0.0,0.0
2017-12-08,102.15266574340546,102.18601431268648,102.06095876802996,102.1109848022461,166100,0.0,0.0,0.0
2017-12-11,102.11931795057308,102.14432778757669,102.02761097450028,102.03594970703124,187900,0.0,0.0,0.0
2017-12-12,101.96922997566648,102.00257853781234,101.91087158205816,101.9942398071289,250600,0.0,0.0,0.0
2017-12-13,102.06926382873014,102.33604593437998,101.9942279824542,102.2443389892578,332500,0.0,0.0,0.0
2017-12-14,102.12764691705284,102.21101515262252,102.05261741321677,102.16099548339844,541500,0.0,0.0,0.0
2017-12-15,102.06926659898092,102.1359637173504,102.00256948061148,102.09427642822266,1250500,0.0,0.0,0.0
2017-12-18,102.0776679256331,102.12768761478992,102.02764187588508,102.05265808105467,165500,0.0,0.0,0.0
2017-12-19,101.9025513880988,101.9192224908698,101.75248602080526,101.81084442138672,426800,0.0,0.0,0.0
2017-12-20,101.70245293583888,101.81916972890473,101.65243327040731,101.72746276855467,278700,0.0,0.0,0.0
2017-12-21,101.70157623291016,101.74332134202989,101.67653171520207,101.70157623291016,284900,0.0,0.0,0.0
2017-12-22,101.72664253382204,101.73499283131596,101.67655348768008,101.71829223632812,405900,0.0,0.0,0.0
2017-12-26,101.7182884967584,101.78507813543273,101.69324397460814,101.72663879394533,222100,0.0,0.0,0.0
2017-12-27,101.79342808628104,101.9687461101468,101.77673386137452,101.96039581298828,483400,0.0,0.0,0.0
2017-12-28,101.91866287554242,101.94370739903503,101.86022353092272,101.90196228027344,342600,0.0,0.0,0.0
2017-12-29,101.9436827477782,102.0355168913184,101.91863823034168,101.98542785644533,297900,0.0,0.0,0.0
2018-01-02,101.89363943310812,101.9353781910943,101.73501559228896,101.84354400634766,447900,0.0,0.0,0.0
2018-01-03,101.8852461239008,101.92698486426738,101.80176227375811,101.86854553222656,181000,0.0,0.0,0.0
2018-01-04,101.70992462260988,101.79340846987547,101.65982921872308,101.76836395263672,457200,0.0,0.0,0.0
2018-01-05,101.78505634089024,101.79340663628918,101.66817768294186,101.70992279052734,723200,0.0,0.0,0.0
2018-01-08,101.73497104632406,101.74332134202989,101.65983112379044,101.70157623291016,403100,0.0,0.0,0.0
2018-01-09,101.65149029230632,101.65149029230632,101.47617229360276,101.49286651611328,310900,0.0,0.0,0.0
2018-01-10,101.4177825872694,101.54300524089722,101.37603745645168,101.5012664794922,247700,0.0,0.0,0.0
2018-01-11,101.48455728334037,101.57639146783058,101.45116245539737,101.53465270996094,551800,0.0,0.0,0.0
2018-01-12,101.39269842542134,101.48453258756416,101.37600420021838,101.47618865966795,234700,0.0,0.0,0.0
2018-01-16,101.52628908031949,101.54298330739296,101.40106008432872,101.46784973144533,1632300,0.0,0.0,0.0
2018-01-17,101.3593376766564,101.41777703495424,101.2675034894152,101.30924224853516,443600,0.0,0.0,0.0
2018-01-18,101.19234092542108,101.25078027066348,101.1506021756256,101.20069122314452,476800,0.0,0.0,0.0
2018-01-19,101.18396392575436,101.18396392575436,101.03369045344309,101.06708526611328,398000,0.0,0.0,0.0
2018-01-22,101.08379944509798,101.1422387827741,101.00031558690496,101.02536010742188,268000,0.0,0.0,0.0
2018-01-23,101.15060106555688,101.2173843383789,101.13390047029324,101.2173843383789,281100,0.0,0.0,0.0
2018-01-24,101.1422499115285,101.1923389580736,101.06710997230002,101.12554931640624,265700,0.0,0.0,0.0
2018-01-25,101.04206630457574,101.2173843383789,100.98362695997469,101.2173843383789,266500,0.0,0.0,0.0
2018-01-26,101.10047561056064,101.10047561056064,100.9502021448908,101.00029754638672,299600,0.0,0.0,0.0
2018-01-29,100.85004203322816,100.916825298096,100.76655180567568,100.88343048095705,394200,0.0,0.0,0.0
2018-01-30,100.86670126728028,100.91679029090822,100.78321743809776,100.81661224365234,390700,0.0,0.0,0.0
2018-01-31,100.84168529951395,100.90012463342426,100.63297248277586,100.7415008544922,989200,0.0,0.0,0.0
2018-02-01,100.73818084767436,100.75489807128906,100.50410144795704,100.75489807128906,858100,0.0,0.0,0.0
2018-02-02,100.41213106091874,100.50409172736845,100.3034531724712,100.4372100830078,212500,0.0,0.0,0.0
2018-02-05,100.48739472948115,101.03079707194448,100.42887486971966,100.93048095703124,594200,0.0,0.0,0.0
2018-02-06,100.9137069467902,100.93043054304668,100.62946959226196,100.63782501220705,628000,0.0,0.0,0.0
2018-02-07,100.72145915131348,100.7632553975868,100.47065616093364,100.50409698486328,512500,0.0,0.0,0.0
2018-02-08,100.44554830253986,100.69634484273833,100.33686406142232,100.63782501220705,352900,0.0,0.0,0.0
2018-02-09,100.52915480567256,100.99731348557832,100.50407578756096,100.65455627441406,1871900,0.0,0.0,0.0
2018-02-12,100.5876553072366,100.6628987252928,100.50405647020489,100.56257629394533,819000,0.0,0.0,0.0
2018-02-13,100.57931284189569,100.66291807317914,100.57095742131426,100.65455627441406,745300,0.0,0.0,0.0
2018-02-14,100.3953776146521,100.3953776146521,100.18637732179636,100.22817993164062,285100,0.0,0.0,0.0
2018-02-15,100.19476203371455,100.33688073459484,100.18640023419684,100.24492645263672,455900,0.0,0.0,0.0
2018-02-16,100.378707870896,100.42051050051045,100.33690524128151,100.37034606933594,196900,0.0,0.0,0.0
2018-02-20,100.21149087313468,100.31180695985636,100.17805005149926,100.30345153808594,217000,0.0,0.0,0.0
2018-02-21,100.3452231766944,100.35358497459906,100.0860648452966,100.15294647216795,381700,0.0,0.0,0.0
2018-02-22,100.26166412339528,100.303466751326,100.21986149546458,100.27838134765624,303700,0.0,0.0,0.0
2018-02-23,100.38705203882968,100.50409172736845,100.33688761646688,100.4372100830078,699400,0.0,0.0,0.0
2018-02-26,100.55425503166524,100.60441307846725,100.47901796146228,100.50409698486328,514000,0.0,0.0,0.0
2018-02-27,100.52081494151578,100.52917674210548,100.1780576555586,100.29509735107422,303300,0.0,0.0,0.0
2018-02-28,100.3034707914129,100.38706967245604,100.2700299633585,100.37034606933594,230400,0.0,0.0,0.0
2018-03-01,100.46490227090722,100.75789920342646,100.3979297186588,100.67418670654295,219000,0.0,0.0,0.0
2018-03-02,100.59887673190389,100.61562306934312,100.43982484736948,100.47330474853516,615800,0.0,0.0,0.0
2018-03-05,100.63236514194855,100.64073831084474,100.36448121897944,100.43982696533205,962500,0.0,0.0,0.0
2018-03-06,100.43143941018002,100.53189187511884,100.39795312624854,100.40632629394533,792000,0.0,0.0,0.0
2018-03-07,100.50677875888414,100.55701137820915,100.39795312624854,100.40632629394533,235300,0.0,0.0,0.0
2018-03-08,100.4649220253136,100.56537448658408,100.4565488579226,100.52352142333984,293300,0.0,0.0,0.0
2018-03-09,100.37288470707838,100.45659726075732,100.3310252368097,100.42311096191406,166800,0.0,0.0,0.0
2018-03-12,100.439808909996,100.52352142333984,100.414689407823,100.52352142333984,137300,0.0,0.0,0.0
2018-03-13,100.63237193397195,100.63237193397195,100.51517310894135,100.58214569091795,204900,0.0,0.0,0.0
2018-03-14,100.50679712668602,100.74119477018736,100.50679712668602,100.66585540771484,160600,0.0,0.0,0.0
2018-03-15,100.6574985586291,100.70773119527873,100.57378601335682,100.64913177490234,231700,0.0,0.0,0.0
2018-03-16,100.6072586302957,100.6072586302957,100.50679975751268,100.56539916992188,332500,0.0,0.0,0.0
2018-03-19,100.4649220253136,100.63234705200134,100.4565488579226,100.52352142333984,136900,0.0,0.0,0.0
2018-03-20,100.3979234725868,100.43140974662772,100.3560640333222,100.37281036376952,137400,0.0,0.0,0.0
2018-03-21,100.28914080191464,100.46493902574149,100.18868193678937,100.4565658569336,251500,0.0,0.0,0.0
2018-03-22,100.61561000927776,100.78303504079976,100.5653773903367,100.65746307373048,281400,0.0,0.0,0.0
2018-03-23,100.63234363104316,100.7997750388945,100.63234363104316,100.76628875732422,449400,0.0,0.0,0.0
2018-03-26,100.65749553539264,100.7495812484837,100.59052933330082,100.60726928710938,491900,0.0,0.0,0.0
2018-03-27,100.68259188836032,100.95047581267774,100.67422510627856,100.90862274169922,251500,0.0,0.0,0.0
2018-03-28,101.034206977478,101.0509469305276,100.80817609673568,100.86677551269533,766400,0.0,0.0,0.0
2018-03-29,100.87512708014376,101.0341853409105,100.8249008448936,100.9755859375,532400,0.0,0.0,0.0
2018-04-02,100.93197492484872,101.15833977737628,100.8816744670845,101.04934692382812,639000,0.0,0.0,0.0
2018-04-03,100.94034049085948,100.98225539860348,100.82296851510758,100.86488342285156,495900,0.0,0.0,0.0
2018-04-04,100.97386762673034,100.97386762673034,100.7978096781464,100.82295989990234,360800,0.0,0.0,0.0
2018-04-05,100.74753472944208,100.78107050116304,100.68884872800405,100.70561981201172,637300,0.0,0.0,0.0
2018-04-06,100.88170177383766,100.99068826059217,100.83139490616207,100.96553802490234,496600,0.0,0.0,0.0
2018-04-09,100.86489341235942,100.95711517333984,100.81459295956776,100.95711517333984,346600,0.0,0.0,0.0
2018-04-10,100.8732603434142,100.89002502582068,100.77265306009808,100.82295989990234,162000,0.0,0.0,0.0
2018-04-11,100.89005181714838,100.94874421188786,100.78945090341011,100.84813690185548,871300,0.0,0.0,0.0
2018-04-12,100.78110939861074,100.78949494385108,100.62181602052902,100.64697265625,163800,0.0,0.0,0.0
2018-04-13,100.56307747074172,100.6972205393343,100.56307747074172,100.63853454589844,335400,0.0,0.0,0.0
2018-04-16,100.51280362163412,100.62179009649168,100.51280362163412,100.61341094970705,372200,0.0,0.0,0.0
2018-04-17,100.554729656515,100.63856590235989,100.5379585695687,100.63018035888672,979100,0.0,0.0,0.0
2018-04-18,100.52119671841666,100.546346953251,100.37867445682492,100.39543914794922,709700,0.0,0.0,0.0
2018-04-19,100.29483032226562,100.3367516438972,100.21937961888356,100.29483032226562,603200,0.0,0.0,0.0
2018-04-20,100.23611115883078,100.252882240455,100.10197448730467,100.10197448730467,173400,0.0,0.0,0.0
2018-04-23,100.0433052809887,100.07684105357076,99.98461927804377,100.03491973876952,354000,0.0,0.0,0.0
2018-04-24,99.94269491925266,100.06845246353144,99.92593023161956,100.00138092041016,275600,0.0,0.0,0.0
2018-04-25,99.95947349425234,100.00138841462348,99.91755217758632,99.95108795166016,769700,0.0,0.0,0.0
2018-04-26,100.051695100296,100.10200196268303,100.02654486725012,100.06846618652344,388400,0.0,0.0,0.0
2018-04-27,100.10196700752763,100.18580322050374,100.08519592715658,100.15226745605467,354400,0.0,0.0,0.0
2018-04-30,100.1690768202012,100.236141978438,100.13554104293506,100.20260620117188,641000,0.0,0.0,0.0
2018-05-01,100.16988407003178,100.1866755982603,100.060723120209,100.0775146484375,1111900,0.0,0.0,0.0
2018-05-02,100.11948571725408,100.19505719098014,100.06070576884474,100.1446762084961,213900,0.0,0.0,0.0
2018-05-03,100.27063928064968,100.3630022835699,100.2538413480939,100.29582977294922,529600,0.0,0.0,0.0
2018-05-04,100.3714012498478,100.37980021612567,100.22865085579436,100.29582977294922,198000,0.0,0.0,0.0
2018-05-07,100.29581937452852,100.29581937452852,100.23703942974576,100.2622299194336,176500,0.0,0.0,0.0
2018-05-08,100.19502921260342,100.23701762397124,100.12785031702776,100.18663024902344,161400,0.0,0.0,0.0
2018-05-09,100.060683980522,100.11946391613196,100.04388605232916,100.06907653808594,206800,0.0,0.0,0.0
2018-05-10,100.20343225524395,100.21182481263348,100.1026639077784,100.1362533569336,668500,0.0,0.0,0.0
2018-05-11,100.1530822617011,100.16148122875802,100.09430230537224,100.11949920654295,174400,0.0,0.0,0.0
2018-05-14,100.03551782164932,100.0859052151756,100.027125261507,100.06071472167967,595700,0.0,0.0,0.0
2018-05-15,99.82555719733696,99.8675456110198,99.69120580531028,99.75838470458984,350300,0.0,0.0,0.0
2018-05-16,99.76675365403642,99.79194413367226,99.6575927734375,99.6575927734375,185800,0.0,0.0,0.0
2018-05-17,99.73316036540808,99.75835725060294,99.6743804463481,99.69957733154295,325600,0.0,0.0,0.0
2018-05-18,99.81717450741878,99.93473438951337,99.80877554254543,99.89274597167967,418900,0.0,0.0,0.0
2018-05-21,99.85075048331169,99.92632193737252,99.82555359209248,99.9179229736328,154800,0.0,0.0,0.0
2018-05-22,99.9011240471368,99.9263145299564,99.85074308149755,99.9095230102539,286600,0.0,0.0,0.0
2018-05-23,100.08588940791265,100.22024082084992,100.01871049817726,100.16146087646484,341100,0.0,0.0,0.0
2018-05-24,100.31259055305908,100.41335889790574,100.26220958390184,100.30419158935548,914200,0.0,0.0,0.0
2018-05-25,100.48892944781274,100.581298828125,100.48892944781274,100.581298828125,161300,0.0,0.0,0.0
2018-05-29,100.80806266012095,101.37907067037072,100.76607423324332,101.24471282958984,252600,0.0,0.0,0.0
2018-05-30,101.01801511741692,101.07679508458722,100.8668657151882,100.95083618164062,1141400,0.0,0.0,0.0
2018-05-31,100.94237518310548,101.01795304104458,100.79122587375926,100.94237518310548,3627200,0.0,0.0,0.0
2018-06-01,100.62781559552305,100.73717033659574,100.58576150994504,100.6698760986328,618000,0.0,0.0,0.0
2018-06-04,100.5689463928334,100.5773597779364,100.43436431884766,100.43436431884766,634800,0.0,0.0,0.0
2018-06-05,100.56889563922276,100.66983695691988,100.50160784495394,100.61936950683594,250200,0.0,0.0,0.0
2018-06-06,100.45117089880937,100.47640463312614,100.3502359615422,100.40070343017578,281000,0.0,0.0,0.0
2018-06-07,100.35865415454484,100.78764693851414,100.35865415454484,100.63623809814452,288700,0.0,0.0,0.0
2018-06-08,100.56051451827308,100.63621571285292,100.5268674037273,100.5521011352539,370700,0.0,0.0,0.0
2018-06-11,100.41751564440816,100.49322325875607,100.00534970972186,100.48480987548828,298600,0.0,0.0,0.0
2018-06-12,100.4007171959681,100.4511846715212,100.38389042576208,100.43436431884766,470200,0.0,0.0,0.0
2018-06-13,100.43431534285294,100.47636941279568,100.17355187207872,100.3333740234375,356800,0.0,0.0,0.0
2018-06-14,100.39227944805717,100.46798706054688,100.37545909946552,100.46798706054688,182400,0.0,0.0,0.0
2018-06-15,100.6025523414365,100.65302621386432,100.49320404998102,100.50161743164062,166700,0.0,0.0,0.0
2018-06-18,100.57735592285944,100.60258965966877,100.51006167967964,100.54370880126952,169800,0.0,0.0,0.0
2018-06-19,100.6950741477482,100.76236836186246,100.6530200770739,100.68666076660156,299400,0.0,0.0,0.0
2018-06-20,100.703483331007,100.703483331007,100.52684083946764,100.53524780273438,268100,0.0,0.0,0.0
2018-06-21,100.61940862892652,100.73717033659574,100.61940862892652,100.6698760986328,1008300,0.0,0.0,0.0
2018-06-22,100.63620461865902,100.73714595116854,100.61938427200586,100.70349884033205,160900,0.0,0.0,0.0
2018-06-25,100.7539752699279,100.86332999426712,100.7539752699279,100.79603576660156,160000,0.0,0.0,0.0
2018-06-26,100.8044488758179,100.84650937505508,100.77080817746553,100.8296890258789,355800,0.0,0.0,0.0
2018-06-27,100.96427866224488,101.0568066334979,100.9053978094049,101.04839324951172,490400,0.0,0.0,0.0
2018-06-28,101.02316002794358,101.06522053055636,100.9306320562208,100.96427917480467,918600,0.0,0.0,0.0
2018-06-29,100.93903350830078,100.99791435447938,100.91379977672864,100.93903350830078,297700,0.0,0.0,0.0
2018-07-02,100.97524000279856,100.98366693746082,100.84886169433594,100.84886169433594,855000,0.0,0.0,0.0
2018-07-03,100.8572907013708,101.00051645423312,100.8572907013708,100.99209594726562,139500,0.0,0.0,0.0
2018-07-05,100.9668426513672,101.05109916694124,100.93314775858116,100.9668426513672,228700,0.0,0.0,0.0
2018-07-06,101.05952219404178,101.07637606872436,100.98369904157964,101.05110168457033,206000,0.0,0.0,0.0
2018-07-09,100.9162826538086,100.94155703452029,100.89100827309692,100.9162826538086,186400,0.0,0.0,0.0
2018-07-10,100.8488593493721,100.89941452830232,100.81516446724216,100.84043884277344,425500,0.0,0.0,0.0
2018-07-11,100.91629154299508,100.95841979980467,100.85731584018328,100.95841979980467,178100,0.0,0.0,0.0
2018-07-12,100.87416028902666,100.95841036690462,100.87416028902666,100.93313598632812,151100,0.0,0.0,0.0
2018-07-13,100.98367851090244,101.06792858357726,100.9752515752744,101.05950164794922,195500,0.0,0.0,0.0
2018-07-16,100.90785517788272,100.97525781133264,100.8657333528782,100.93313598632812,496100,0.0,0.0,0.0
2018-07-17,100.96683315778826,100.98368703046624,100.8994369506836,100.8994369506836,192600,0.0,0.0,0.0
2018-07-18,100.9331176480592,100.94996508942626,100.85728809223806,100.86571502685548,289400,0.0,0.0,0.0
2018-07-19,100.8910015025996,101.08478245483332,100.8910015025996,101.05950164794922,147500,0.0,0.0,0.0
2018-07-20,101.02582472606984,101.02582472606984,100.90786688990704,100.92472076416016,189200,0.0,0.0,0.0
2018-07-23,100.86575109434654,100.87417803197722,100.64669571103865,100.6803970336914,212200,0.0,0.0,0.0
2018-07-24,100.6635226188192,100.71407137532142,100.62139436982176,100.68879699707033,257800,0.0,0.0,0.0
2018-07-25,100.73935620966752,100.75620365429414,100.59613043279973,100.63825225830078,187100,0.0,0.0,0.0
2018-07-26,100.66351820616217,100.69721309044104,100.53713989257812,100.53713989257812,262000,0.0,0.0,0.0
2018-07-27,100.68038051167083,100.68038051167083,100.58770349655192,100.63825225830078,425900,0.0,0.0,0.0
2018-07-30,100.57085953376178,100.66353655208924,100.5624325972222,100.60456085205078,248900,0.0,0.0,0.0
2018-07-31,100.67194540468503,100.68879927581276,100.62982358260268,100.65509796142578,636000,0.0,0.0,0.0
2018-08-01,100.52090080622231,100.58842268889902,100.48713986488396,100.5293426513672,566800,0.0,0.0,0.0
2018-08-02,100.630648610388,100.6812868144167,100.563126712188,100.65596771240234,420100,0.0,0.0,0.0
2018-08-03,100.6306393107252,100.8416403936688,100.56311741876516,100.83319854736328,580300,0.0,0.0,0.0
2018-08-06,100.84164714618868,100.94292355166831,100.83320529931788,100.8669662475586,237800,0.0,0.0,0.0
2018-08-07,100.81631851663442,100.81631851663442,100.70660026764568,100.7150421142578,233000,0.0,0.0,0.0
2018-08-08,100.7741241455078,100.8078850933786,100.74036319763704,100.7741241455078,152200,0.0,0.0,0.0
2018-08-09,100.86694908614916,100.93446453190109,100.86694908614916,100.91758728027344,140300,0.0,0.0,0.0
2018-08-10,101.08639637372958,101.29739745748805,101.08639637372958,101.17923736572266,438800,0.0,0.0,0.0
2018-08-13,101.19611358642578,101.2720708801342,101.13703354490536,101.19611358642578,228000,0.0,0.0,0.0
2018-08-14,101.16234015488664,101.18765924966397,101.11170196533205,101.11170196533205,518300,0.0,0.0,0.0
2018-08-15,101.23831852129298,101.39023956083398,101.23831852129298,101.27207946777344,181700,0.0,0.0,0.0
2018-08-16,101.26365256778674,101.28897166996362,101.13705061765968,101.2383270263672,245100,0.0,0.0,0.0
2018-08-17,101.2974070778608,101.34805172145722,101.20457251629314,101.2383270263672,192300,0.0,0.0,0.0
2018-08-20,101.3817872308908,101.45774451836137,101.35646169582624,101.44930267333984,254300,0.0,0.0,0.0
2018-08-21,101.39867098925866,101.39867098925866,101.32271369691333,101.3564682006836,333600,0.0,0.0,0.0
2018-08-22,101.48302935338904,101.50834844066482,101.39018840721866,101.45771026611328,190100,0.0,0.0,0.0
2018-08-23,101.44084914112769,101.47461007593998,101.4155300498284,101.42396545410156,662700,0.0,0.0,0.0
2018-08-24,101.30582167148464,101.43242358755298,101.30582167148464,101.4071044921875,161000,0.0,0.0,0.0
2018-08-27,101.34803469854768,101.356470105028,101.28051281125552,101.30583190917967,201200,0.0,0.0,0.0
2018-08-28,101.2298524999822,101.2298524999822,101.14544693968612,101.1623306274414,528400,0.0,0.0,0.0
2018-08-29,101.17078199955934,101.18765924966397,101.09481827598664,101.11170196533205,202200,0.0,0.0,0.0
2018-08-30,101.22143856563734,101.29739586375916,101.2045613124687,101.26364135742188,388300,0.0,0.0,0.0
2018-08-31,101.40708332877928,101.41552517188627,101.33956146240234,101.33956146240234,372400,0.0,0.0,0.0
2018-09-04,101.29222522091922,101.33449982640786,101.19922624900354,101.2415008544922,304000,0.0,0.0,0.0
2018-09-05,101.22458246666052,101.28376303696628,101.18230786635708,101.2330322265625,380100,0.0,0.0,0.0
2018-09-06,101.2922722375202,101.40218368272836,101.26691004253436,101.3599090576172,344400,0.0,0.0,0.0
2018-09-07,101.14006472429818,101.14006472429818,101.02170354687202,101.04706573486328,387800,0.0,0.0,0.0
2018-09-10,101.03018458169198,101.08936518494517,101.03018458169198,101.06400299072266,236300,0.0,0.0,0.0
2018-09-11,100.93717340251932,100.95408583009704,100.84417440144551,100.85263061523438,282500,0.0,0.0,0.0
2018-09-12,100.93715396973244,100.94561018189329,100.88642959716736,100.90333557128906,160400,0.0,0.0,0.0
2018-09-13,100.96253829672452,100.9709945107398,100.87799550717617,100.8864517211914,170200,0.0,0.0,0.0
2018-09-14,100.77653711780394,100.83571771364532,100.7511749267578,100.7511749267578,297500,0.0,0.0,0.0
2018-09-17,100.70889899209308,100.81034774845423,100.70889899209308,100.79344177246094,2414200,0.0,0.0,0.0
2018-09-18,100.74269468716037,100.75960065934308,100.58205892552776,100.59051513671876,384200,0.0,0.0,0.0
2018-09-19,100.57360013208304,100.58205634305688,100.46369519021896,100.51441955566406,428200,0.0,0.0,0.0
2018-09-20,100.44678831722756,100.59051811092714,100.44678831722756,100.53978729248048,260300,0.0,0.0,0.0
2018-09-21,100.49756682874988,100.58210963268318,100.49756682874988,100.55674743652344,192000,0.0,0.0,0.0
2018-09-24,100.47214973613892,100.57360492206014,100.47214973613892,100.52288055419922,289500,0.0,0.0,0.0
2018-09-25,100.4637029485336,100.48060892158784,100.41297212897176,100.47215270996094,513900,0.0,0.0,0.0
2018-09-26,100.51443322928796,100.67506900864852,100.49752725523948,100.64125061035156,254500,0.0,0.0,0.0
2018-09-27,100.61585312612073,100.64967151255352,100.57357853053033,100.63275909423828,195500,0.0,0.0,0.0
2018-09-28,100.74269608975874,100.74269608975874,100.6666030883789,100.6666030883789,513900,0.0,0.0,0.0
2018-10-01,100.64878348614629,100.67419671927186,100.57256317138672,100.57256317138672,870900,0.0,0.0,0.0
2018-10-02,100.64881834438634,100.7504519274708,100.64881834438634,100.69963836669922,501400,0.0,0.0,0.0
2018-10-03,100.59801904390751,100.62342582789483,100.28466009267416,100.35240936279295,1029100,0.0,0.0,0.0
2018-10-04,100.22535732627338,100.31851983108804,100.19148592592391,100.25077056884766,569900,0.0,0.0,0.0
2018-10-05,100.17457425513427,100.20845212733686,100.06447601663344,100.15763854980467,525700,0.0,0.0,0.0
2018-10-08,100.21692385643529,100.2931442232246,100.18304598401444,100.19998168945312,453100,0.0,0.0,0.0
2018-10-09,100.18301484506584,100.26770626902238,100.17454376420774,100.25077056884766,777100,0.0,0.0,0.0
2018-10-10,100.149131848069,100.35239254745088,100.149131848069,100.33545684814452,301500,0.0,0.0,0.0
2018-10-11,100.45403872908751,100.60648588813253,100.3693472988496,100.50485229492188,588900,0.0,0.0,0.0
2018-10-12,100.4624988017412,100.60647486352272,100.43708556006688,100.445556640625,403200,0.0,0.0,0.0
2018-10-15,100.5218130787825,100.5472198664061,100.4455862543686,100.4709930419922,241800,0.0,0.0,0.0
2018-10-16,100.46252842047974,100.48793520810334,100.39477267912142,100.4709930419922,378900,0.0,0.0,0.0
2018-10-17,100.46250056214328,100.52178520400636,100.30158233642578,100.30158233642578,249300,0.0,0.0,0.0
2018-10-18,100.27619909892351,100.5387445085951,100.25925693353273,100.4371109008789,291600,0.0,0.0,0.0
2018-10-19,100.46248622031692,100.47095083827374,100.32697479452304,100.36932373046876,421200,0.0,0.0,0.0
2018-10-22,100.39471769587526,100.43706016487712,100.35236876533378,100.36083984375,222200,0.0,0.0,0.0
2018-10-23,100.65727563659507,100.7504381262754,100.50482851362187,100.53023529052734,2456000,0.0,0.0,0.0
2018-10-24,100.71659181794024,100.90291685566456,100.68271395094104,100.87751007080078,431500,0.0,0.0,0.0
2018-10-25,100.76741453625635,100.79282132179762,100.66578093254864,100.7081298828125,2099800,0.0,0.0,0.0
2018-10-26,100.99606996310924,101.12311033713222,100.95372101792098,101.02147674560548,688000,0.0,0.0,0.0
2018-10-29,100.93680301561125,101.08077911603002,100.85211157192626,101.01302337646484,369500,0.0,0.0,0.0
2018-10-30,100.91139802563372,100.962211600441,100.8605779892834,100.86904907226562,678500,0.0,0.0,0.0
2018-10-31,100.69121732146516,100.7759087853497,100.65733944360244,100.73356628417967,2698700,0.0,0.0,0.0
2018-11-01,100.72422869287112,100.85150346427564,100.70726174430028,100.8260498046875,1547900,0.0,0.0,0.0
2018-11-02,100.64783594949814,100.68177630939196,100.46965391515184,100.52056121826172,410900,0.0,0.0,0.0
2018-11-05,100.5884294914363,100.62236337366949,100.54600242845342,100.5544891357422,379000,0.0,0.0,0.0
2018-11-06,100.55451320015406,100.55451320015406,100.44420539938442,100.46966552734376,331100,0.0,0.0,0.0
2018-11-07,100.4781562315327,100.53755025603417,100.40179526008647,100.41876220703124,394400,0.0,0.0,0.0
2018-11-08,100.45266274300296,100.45266274300296,100.29993438720705,100.29993438720705,288000,0.0,0.0,0.0
2018-11-09,100.40179406217092,100.59694308029164,100.40179406217092,100.54603576660156,273100,0.0,0.0,0.0
2018-11-12,100.69871886888508,100.76659957223572,100.6732652234936,100.74962615966795,206200,0.0,0.0,0.0
2018-11-13,100.74963859763548,100.8344862505685,100.70721800789944,100.80055236816406,442800,0.0,0.0,0.0
2018-11-14,100.7581506337731,101.10603451374963,100.7411836883057,100.978759765625,573600,0.0,0.0,0.0
2018-11-15,101.1484338514118,101.18237420867452,100.96176512319757,101.05509948730467,547200,0.0,0.0,0.0
2018-11-16,101.22480939960724,101.28420341121962,101.1738956228954,101.2587432861328,960600,0.0,0.0,0.0
2018-11-19,101.21636639946809,101.39454851124952,101.21636639946809,101.3690948486328,370900,0.0,0.0,0.0
2018-11-20,101.3690185464345,101.4368992446271,101.30962455388092,101.32659149169922,638700,0.0,0.0,0.0
2018-11-21,101.2841796875,101.30963333316306,101.19932557067614,101.2841796875,367700,0.0,0.0,0.0
2018-11-23,101.41147448238394,101.41996119098162,101.33511352539062,101.33511352539062,119200,0.0,0.0,0.0
2018-11-26,101.25870713132808,101.28416724732423,101.22477325691872,101.2756805419922,405000,0.0,0.0,0.0
2018-11-27,101.25877096279004,101.38604572916456,101.25877096279004,101.30968475341795,406300,0.0,0.0,0.0
2018-11-28,101.27568702959124,101.46235571809764,101.24174667954829,101.36053466796876,712700,0.0,0.0,0.0
2018-11-29,101.52174857720256,101.59810950885056,101.44538117209476,101.48780822753906,442300,0.0,0.0,0.0
2018-11-30,101.5302598411743,101.58116714125312,101.48783277546772,101.56419372558594,879700,0.0,0.0,0.0
2018-12-03,101.4639173282179,101.62541198730467,101.44691379466268,101.62541198730467,1551800,0.0,0.0,0.0
2018-12-04,101.67642284577316,101.93141750147991,101.66792107843176,101.80391693115234,781700,0.0,0.0,0.0
2018-12-06,102.10139776339224,102.33089355108932,101.9823989868164,101.9823989868164,1558200,0.0,0.0,0.0
2018-12-07,102.00788260923936,102.27137893457304,101.95687850905358,102.24588012695312,614500,0.0,0.0,0.0
2018-12-10,102.23737961003778,102.37338189893111,102.1693784655911,102.26287841796876,2157200,0.0,0.0,0.0
2018-12-11,102.10140228271484,102.22889634544153,102.0079023134171,102.10140228271484,667200,0.0,0.0,0.0
2018-12-12,101.99940389589524,102.02490270927764,101.93140273691058,101.95690155029295,681200,0.0,0.0,0.0
2018-12-13,102.01642346394684,102.0844246379432,101.98242936189754,102.0249252319336,904600,0.0,0.0,0.0
2018-12-14,102.12693648135392,102.2544370732057,102.10993294380062,102.15243530273438,627600,0.0,0.0,0.0
2018-12-17,102.19492388620009,102.39892091469524,102.19492388620009,102.3479232788086,1051600,0.0,0.0,0.0
2018-12-18,102.42960696453515,102.55733659478636,102.37851771107422,102.50624084472656,853300,0.0,0.0,0.0
2018-12-19,102.58290457196506,102.80430221502289,102.39556860450077,102.6169662475586,976300,0.0,0.0,0.0
2018-12-20,102.72768380954224,102.72768380954224,102.56589243999174,102.57440948486328,1430700,0.0,0.0,0.0
2018-12-21,102.59142518392844,102.68508667431853,102.54884646380523,102.65103149414062,707300,0.0,0.0,0.0
2018-12-24,102.79578736537806,102.88093830787864,102.75320864582751,102.87242126464844,322000,0.0,0.0,0.0
2018-12-26,102.92352390964126,102.99164077023624,102.5914306640625,102.5914306640625,669800,0.0,0.0,0.0
2018-12-27,102.88098053145896,103.05128248635404,102.8384017944336,102.8384017944336,370800,0.0,0.0,0.0
2018-12-28,102.94058173087524,103.21306874307824,102.94058173087524,103.20455169677734,563600,0.0,0.0,0.0
2018-12-31,103.1534192595462,103.468484874848,103.11084054245671,103.37481689453124,1535700,0.0,0.0,0.0
2019-01-02,103.4770059343462,103.51958465576172,103.38334444111346,103.51958465576172,1522000,0.0,0.0,0.0
2019-01-03,103.5621581338054,104.13267659092348,103.54512404746134,104.1071319580078,633500,0.0,0.0,0.0
2019-01-04,103.63029286813862,103.6643545501028,103.4770185476006,103.52811431884766,722700,0.0,0.0,0.0
2019-01-07,103.60474208522932,103.64732080930928,103.30671050647324,103.32373809814452,778800,0.0,0.0,0.0
2019-01-08,103.20455334408824,103.28971081525071,103.12791941596552,103.13643646240234,427900,0.0,0.0,0.0
2019-01-09,103.13643715963045,103.28119446702055,103.1194030666416,103.22158813476562,703600,0.0,0.0,0.0
2019-01-10,103.32376435857849,103.39188773577992,103.19604114707928,103.20455169677734,807600,0.0,0.0,0.0
2019-01-11,103.38331989935374,103.45995378378892,103.36628581619088,103.39183044433594,380300,0.0,0.0,0.0
2019-01-14,103.45996783211008,103.49402950646164,103.35778280905542,103.37481689453124,556700,0.0,0.0,0.0
2019-01-15,103.51959613227162,103.51959613227162,103.306715494795,103.33226013183594,1406000,0.0,0.0,0.0
2019-01-16,103.25560740468823,103.32372425885086,103.2045116433159,103.29817962646484,5766100,0.0,0.0,0.0
2019-01-17,103.27266123204436,103.289695322363,103.11938690218628,103.17899322509766,658900,0.0,0.0,0.0
2019-01-18,103.05975532530267,103.13639571975258,102.91499807607556,102.9660873413086,588800,0.0,0.0,0.0
2019-01-22,103.14493154106232,103.24711659316834,103.1023593084696,103.17899322509766,1334200,0.0,0.0,0.0
2019-01-23,103.0597960376767,103.21307039052506,103.04276844140595,103.13643646240234,547400,0.0,0.0,0.0
2019-01-24,103.3492942209309,103.4174110875063,103.28968790230152,103.33226013183594,1266300,0.0,0.0,0.0
2019-01-25,103.24711659316834,103.27266123204436,103.13642099250494,103.17899322509766,615000,0.0,0.0,0.0
2019-01-28,103.1704850236288,103.28118062681048,103.15345093292262,103.19602966308594,991900,0.0,0.0,0.0
2019-01-29,103.2641412521104,103.40890502929688,103.2641412521104,103.40890502929688,2011700,0.0,0.0,0.0
2019-01-30,103.3322669605683,103.66436025725018,103.28969472822048,103.62178802490234,807000,0.0,0.0,0.0
2019-01-31,103.78356335129268,103.95387175481645,103.75801871491444,103.91129302978516,1457500,0.0,0.0,0.0
2019-02-01,103.7491830565939,103.7918421779176,103.53590046771166,103.54443359375,1838400,0.0,0.0,0.0
2019-02-04,103.48473260044092,103.48473260044092,103.41648059808352,103.43354034423828,689800,0.0,0.0,0.0
2019-02-05,103.51887581870128,103.60419409563708,103.50181606863651,103.53594207763672,452200,0.0,0.0,0.0
2019-02-06,103.6724019785017,103.6894682312432,103.57003049752592,103.60415649414062,2273000,0.0,0.0,0.0
2019-02-07,103.75769072451364,103.84300243736074,103.7235647376015,103.79181671142578,1224300,0.0,0.0,0.0
2019-02-08,103.8856815695514,103.96246668692962,103.86862182617188,103.86862182617188,523700,0.0,0.0,0.0
2019-02-11,103.76625477580885,103.82597364723352,103.71506903140735,103.77478790283205,380700,0.0,0.0,0.0
2019-02-12,103.74920598514652,103.74920598514652,103.6553611045892,103.6809539794922,252000,0.0,0.0,0.0
2019-02-13,103.51885639850028,103.60417465943034,103.49326352376906,103.5273895263672,384200,0.0,0.0,0.0
2019-02-14,103.877211989668,103.877211989668,103.74924106301624,103.8089599609375,637700,0.0,0.0,0.0
2019-02-15,103.70653562196276,103.77478762022474,103.70653562196276,103.74066162109376,735100,0.0,0.0,0.0
2019-02-19,103.87715495229573,103.89421469567525,103.80890296104133,103.86862182617188,1850400,0.0,0.0,0.0
2019-02-20,103.89420289604826,103.93686201295434,103.8259509125455,103.86007690429688,371400,0.0,0.0,0.0
2019-02-21,103.68948017831012,103.7236061788568,103.65535417776344,103.69801330566406,2117700,0.0,0.0,0.0
2019-02-22,103.791839757468,103.95393009520824,103.78330663162863,103.8771514892578,396100,0.0,0.0,0.0
2019-02-25,103.80042683012826,103.83455284449352,103.74924106301624,103.8089599609375,542500,0.0,0.0,0.0
2019-02-26,103.96247821859536,104.01366396327968,103.88569309270004,103.9795379638672,318500,0.0,0.0,0.0
2019-02-27,103.8942717424148,103.8942717424148,103.766300815763,103.8089599609375,513700,0.0,0.0,0.0
2019-02-28,103.76626573212536,103.77479886004951,103.6297682296862,103.6809539794922,3544900,0.0,0.0,0.0
2019-03-01,103.56811225768436,103.6279384355462,103.4570083618164,103.4570083618164,897900,0.0,0.0,0.0
2019-03-04,103.53391266495716,103.67066192418096,103.4997253501512,103.636474609375,595600,0.0,0.0,0.0
2019-03-05,103.5681451654716,103.66215869206418,103.49977050602853,103.6536102294922,476300,0.0,0.0,0.0
2019-03-06,103.68778931708536,103.86726789343184,103.67069891386632,103.84162902832033,658400,0.0,0.0,0.0
2019-03-07,103.96981753963234,104.123657232616,103.96126907875406,104.08946990966795,575400,0.0,0.0,0.0
2019-03-08,104.149276179225,104.22619275072626,104.08945000564718,104.16636657714844,275300,0.0,0.0,0.0
2019-03-11,104.14930018709192,104.1578486483061,104.0638351366461,104.0980224609375,406400,0.0,0.0,0.0
2019-03-12,104.17490034407668,104.30310113239518,104.14071303248755,104.25182342529295,377600,0.0,0.0,0.0
2019-03-13,104.2090876556658,104.27746227884408,104.17490034407668,104.25182342529295,518600,0.0,0.0,0.0
2019-03-14,104.23477638865204,104.27751217872954,104.1407628669344,104.19204711914062,333800,0.0,0.0,0.0
2019-03-15,104.3543894683374,104.42276409847985,104.29456329710364,104.3629379272461,435400,0.0,0.0,0.0
2019-03-18,104.3202209516028,104.36295673328368,104.26894323003762,104.2860336303711,356800,0.0,0.0,0.0
2019-03-19,104.20909472625226,104.32019860603312,104.20054626763422,104.23473358154295,369400,0.0,0.0,0.0
2019-03-20,104.31169305784364,104.721927926735,104.29459613464316,104.6962890625,1148200,0.0,0.0,0.0
2019-03-21,104.73904069076868,104.73904069076868,104.59374290385256,104.64502716064452,273000,0.0,0.0,0.0
2019-03-22,104.94412119527014,105.2005163066618,104.90993387630505,105.11505126953124,559200,0.0,0.0,0.0
2019-03-25,105.1748844982138,105.49966078987212,105.10651637626478,105.33727264404295,763100,0.0,0.0,0.0
2019-03-26,105.21765431556624,105.3971329197989,105.166376577376,105.29457092285156,909900,0.0,0.0,0.0
2019-03-27,105.49967603491656,105.62787035744849,105.42275292083164,105.47403717041016,920400,0.0,0.0,0.0
2019-03-28,105.4312973022461,105.47403308847998,105.31164492546976,105.4312973022461,462000,0.0,0.0,0.0
2019-03-29,105.18346698325044,105.30311938607224,105.140731187714,105.29457092285156,631100,0.0,0.0,0.0
2019-04-01,105.09673471819534,105.10529909717792,104.86554874732178,104.8912353515625,1437500,0.0,0.0,0.0
2019-04-02,104.98545153327196,105.05395351773454,104.95976492227572,105.02826690673828,848900,0.0,0.0,0.0
2019-04-03,104.8484470670132,104.92551343234524,104.81420260765316,104.88269805908205,867900,0.0,0.0,0.0
2019-04-04,104.90837363158116,104.95118900033935,104.85700041523776,104.93406677246094,712200,0.0,0.0,0.0
2019-04-05,104.88268858547671,104.98544155240192,104.87413073776408,104.95975494384766,590700,0.0,0.0,0.0
2019-04-08,104.95973574945556,104.9768579744578,104.85698280132117,104.86554718017578,545600,0.0,0.0,0.0
2019-04-09,105.00256378053535,105.04537914993124,104.95119056342683,104.95975494384766,737300,0.0,0.0,0.0
2019-04-10,105.0881710496163,105.16523085806904,105.0710422926001,105.10529327392578,472800,0.0,0.0,0.0
2019-04-11,105.01112816095618,105.019692541377,104.94262618300604,104.95975494384766,364700,0.0,0.0,0.0
2019-04-12,104.72000805881724,104.77138127764528,104.6686283072808,104.67719268798828,1221100,0.0,0.0,0.0
2019-04-15,104.66861541124008,104.76280398929224,104.66861541124008,104.74568176269533,991800,0.0,0.0,0.0
2019-04-16,104.6514811221243,104.6771677254128,104.54872817626354,104.56585693359376,484500,0.0,0.0,0.0
2019-04-17,104.55733381444573,104.66864465018926,104.55733381444573,104.61727142333984,407000,0.0,0.0,0.0
2019-04-18,104.75423960963998,104.82274158144295,104.7199951564461,104.74568176269533,1905600,0.0,0.0,0.0
2019-04-22,104.75424301402047,104.75424301402047,104.66861881283788,104.69430541992188,4583600,0.0,0.0,0.0
2019-04-23,104.80561222362356,104.86554981169596,104.7884834654845,104.831298828125,556900,0.0,0.0,0.0
2019-04-24,105.00255058192994,105.0881813099581,105.00255058192994,105.07105255126952,282300,0.0,0.0,0.0
2019-04-25,105.06251057703882,105.0967615690128,104.96832198228752,104.9854507446289,377200,0.0,0.0,0.0
2019-04-26,105.25085898636752,105.25085898636752,105.1566704173715,105.1994857788086,421600,0.0,0.0,0.0
2019-04-29,105.08821105957033,105.13958428476464,105.04539568343554,105.08821105957033,258200,0.0,0.0,0.0
2019-04-30,105.06250549675607,105.2680114386628,105.0453832679514,105.24232482910156,671200,0.0,0.0,0.0
2019-05-01,105.2491873397817,105.54943230056406,105.08619441327872,105.12908935546876,745600,0.0,0.0,0.0
2019-05-02,105.08621796047083,105.09479825980132,104.9232249974452,104.94895935058594,652400,0.0,0.0,0.0
2019-05-03,105.03469571243711,105.12905932241816,105.0003810774579,105.02611541748048,707800,0.0,0.0,0.0
2019-05-06,105.30067010706908,105.30925040562362,105.19772615896498,105.20630645751952,347100,0.0,0.0,0.0
2019-05-07,105.36925952845182,105.44646255167451,105.3435251873776,105.38641357421876,599500,0.0,0.0,0.0
2019-05-08,105.4464689912876,105.48078362976472,105.24916800110417,105.27490234375,428300,0.0,0.0,0.0
2019-05-09,105.51510422132728,105.62662189403366,105.38642595599012,105.4550552368164,321000,0.0,0.0,0.0
2019-05-10,105.49792211382278,105.6180200509016,105.3949782199638,105.4121322631836,665800,0.0,0.0,0.0
2019-05-13,105.76386984549563,105.85823346095312,105.72097491307032,105.78960418701172,922100,0.0,0.0,0.0
2019-05-14,105.7553132295899,105.77247382434156,105.66952989037938,105.7381591796875,300000,0.0,0.0,0.0
2019-05-15,106.01268740616148,106.04700205651696,105.86685505078852,105.96121215820312,703400,0.0,0.0,0.0
2019-05-16,105.79820934442375,105.86683863449268,105.7381603518258,105.84967803955078,285700,0.0,0.0,0.0
2019-05-17,105.98692094459588,105.99549469594946,105.77245935348569,105.87539672851562,375700,0.0,0.0,0.0
2019-05-20,105.8496893676778,105.90115806831304,105.72101107123969,105.7295913696289,376100,0.0,0.0,0.0
2019-05-21,105.6866772190538,105.70383781271411,105.58373983648728,105.6094741821289,321800,0.0,0.0,0.0
2019-05-22,105.72956966454224,105.85824793456416,105.72098936791446,105.8410873413086,359500,0.0,0.0,0.0
2019-05-23,105.98692518907012,106.34721910580038,105.98692518907012,106.2356948852539,768000,0.0,0.0,0.0
2019-05-24,106.18424016148776,106.20997450966053,106.11561086979408,106.20140075683594,248300,0.0,0.0,0.0
2019-05-28,106.33006512798384,106.44158935546876,106.26144238589586,106.44158935546876,729400,0.0,0.0,0.0
2019-05-29,106.59598153712518,106.69034515235556,106.39867401123048,106.39867401123048,1057700,0.0,0.0,0.0
2019-05-30,106.44159041944953,106.67320608411583,106.35580708234528,106.63031768798828,312900,0.0,0.0,0.0
2019-05-31,106.87048610816768,107.18788502814118,106.8361714731994,107.1449966430664,2844500,0.0,0.0,0.0
2019-06-03,107.30487922442144,107.63144945655586,107.21034452835632,107.5197296142578,3724800,0.0,0.0,0.0
2019-06-04,107.24472286318866,107.40801125987468,107.14159231422164,107.3134765625,622800,0.0,0.0,0.0
2019-06-05,107.51970168583722,107.62283220658723,107.35641333382765,107.4079818725586,773800,0.0,0.0,0.0
2019-06-06,107.40798587126918,107.51110983914656,107.2618826555894,107.30485534667967,404000,0.0,0.0,0.0
2019-06-07,107.68297605503828,107.69156534645155,107.45093405265972,107.53687286376952,310400,0.0,0.0,0.0
2019-06-10,107.33924879107713,107.33924879107713,107.21033725457868,107.21893310546876,391800,0.0,0.0,0.0
2019-06-11,107.15877278710909,107.25330747457647,107.12439594105612,107.21033477783205,462400,0.0,0.0,0.0
2019-06-12,107.32203789805408,107.45954526085362,107.30485275606011,107.41657257080078,274800,0.0,0.0,0.0
2019-06-13,107.51111964910574,107.70018901641556,107.46815351080704,107.61425018310548,408500,0.0,0.0,0.0
2019-06-14,107.52832927193684,107.6572342650307,107.51973342015933,107.59707641601562,299200,0.0,0.0,0.0
2019-06-17,107.60565827903277,107.62284998035288,107.50252774125089,107.57128143310548,189000,0.0,0.0,0.0
2019-06-18,107.84629970410664,107.86349140703048,107.59707246541964,107.64004516601562,691000,0.0,0.0,0.0
2019-06-19,107.5025195561782,108.00097394910304,107.45955341957514,107.9580078125,619100,0.0,0.0,0.0
2019-06-20,108.11271674467424,108.25881343339005,108.03536719630426,108.05255889892578,400700,0.0,0.0,0.0
2019-06-21,107.87207158387194,107.91504428083567,107.74316660640676,107.8462905883789,276800,0.0,0.0,0.0
2019-06-24,107.9494221340238,108.104114665138,107.93223043239274,108.06114196777344,315300,0.0,0.0,0.0
2019-06-25,108.12130730247448,108.25881469819949,108.03536845850311,108.18146514892578,482400,0.0,0.0,0.0
2019-06-26,108.04395581501386,108.0525516657492,107.8291054436212,107.8462905883789,2129700,0.0,0.0,0.0
2019-06-27,107.9752093505558,108.07833989614464,107.91505150480732,108.05255889892578,320900,0.0,0.0,0.0
2019-06-28,107.99239215776387,108.12989298384284,107.95801531206592,108.07833099365234,1500100,0.0,0.0,0.0
2019-07-01,108.05508508417286,108.0981306877154,107.86570150496182,107.98622131347656,927800,0.0,0.0,0.0
2019-07-02,108.04646029734876,108.2100191099002,108.00341470214089,108.17559051513672,495000,0.0,0.0,0.0
2019-07-03,108.2358856201172,108.30474939988328,108.21866474929728,108.2358856201172,431500,0.0,0.0,0.0
2019-07-05,107.82265843667788,107.82265843667788,107.64187871965504,107.78822326660156,501800,0.0,0.0,0.0
2019-07-08,107.82263693719948,107.88289683085814,107.65907155391064,107.6762924194336,477900,0.0,0.0,0.0
2019-07-09,107.69350572803975,107.69350572803975,107.57298594182932,107.58159637451172,870900,0.0,0.0,0.0
2019-07-10,107.72796727432508,107.8743118265878,107.6504930647168,107.82266235351562,981800,0.0,0.0,0.0
2019-07-11,107.75379751669108,107.77962225454672,107.52136830815266,107.5644073486328,575500,0.0,0.0,0.0
2019-07-12,107.53854469545166,107.69349963579003,107.53854469545166,107.63323974609376,383700,0.0,0.0,0.0
2019-07-15,107.66772241144264,107.7538070678711,107.66772241144264,107.7538070678711,482400,0.0,0.0,0.0
2019-07-16,107.54715673775743,107.63324135749302,107.47828641483476,107.59020233154295,506400,0.0,0.0,0.0
2019-07-17,107.68489141046209,107.8915023803711,107.67628754592585,107.8915023803711,380900,0.0,0.0,0.0
2019-07-18,107.82263871853868,108.15837335558872,107.79681398766344,108.1411590576172,504300,0.0,0.0,0.0
2019-07-19,107.9345810927826,108.0206723124838,107.86571731199476,107.94319152832033,262200,0.0,0.0,0.0
2019-07-22,108.02926034918212,108.05508508417286,107.96039657848584,107.98622131347656,318400,0.0,0.0,0.0
2019-07-23,107.90872115369088,107.99480577747296,107.8570716929888,107.88289642333984,208300,0.0,0.0,0.0
2019-07-24,107.98623713817092,108.03788661572128,107.90875635400742,107.94319152832033,477400,0.0,0.0,0.0
2019-07-25,107.8829062258422,107.8829062258422,107.70212652912303,107.79682159423828,607500,0.0,0.0,0.0
2019-07-26,107.8054320277496,107.81403589342452,107.69351609561174,107.79682159423828,366200,0.0,0.0,0.0
2019-07-29,107.9087369744408,107.91734740843216,107.8398666381836,107.8398666381836,380200,0.0,0.0,0.0
2019-07-30,107.89153213386244,107.91735687026392,107.78822662041912,107.86570739746094,426700,0.0,0.0,0.0
2019-07-31,107.89148474155084,108.0550435228614,107.55575018013124,107.90869903564452,1405700,0.0,0.0,0.0
2019-08-01,108.04589359934398,108.77027826120349,108.01139815173156,108.7012939453125,1658700,0.0,0.0,0.0
2019-08-02,108.7012631691724,108.8392383412239,108.62364678918614,108.7874984741211,836300,0.0,0.0,0.0
2019-08-05,109.20144704012746,109.44291514146856,109.18420260826962,109.3739242553711,823400,0.0,0.0,0.0
2019-08-06,109.26181214955298,109.46878480733184,109.20144676920071,109.4601593017578,453400,0.0,0.0,0.0
2019-08-07,109.85684367482656,109.9861999371581,109.38253957272175,109.45153045654295,1046400,0.0,0.0,0.0
2019-08-08,109.27041012694194,109.47737615324743,109.12380946578102,109.4256362915039,682200,0.0,0.0,0.0
2019-08-09,109.434294203696,109.56365047569486,109.25319805463094,109.27906799316406,311300,0.0,0.0,0.0
2019-08-12,109.51190959056096,109.7361267014768,109.47741414431746,109.64126586914062,446800,0.0,0.0,0.0
2019-08-13,109.58949680583828,109.5981157306037,109.17555814048164,109.32215881347656,604300,0.0,0.0,0.0
2019-08-14,109.63263178362334,109.75336254636112,109.56364747586824,109.65850830078124,789600,0.0,0.0,0.0
2019-08-15,109.7705580077974,110.22761088962964,109.75330700508876,110.10688018798828,906800,0.0,0.0,0.0
2019-08-16,109.93443970862724,110.06378936767578,109.75333702729614,110.06378936767578,594400,0.0,0.0,0.0
2019-08-19,109.77059468077606,109.84820448090404,109.71885481402406,109.73609924316406,310300,0.0,0.0,0.0
2019-08-20,109.97754041075846,110.08102670447722,109.93442605620706,110.00341033935548,378000,0.0,0.0,0.0
2019-08-21,109.82231005211752,109.96029177178926,109.75331919228168,109.79644012451172,642000,0.0,0.0,0.0
2019-08-22,109.66713580898984,109.83961304020724,109.60677042289711,109.64126586914062,3059500,0.0,0.0,0.0
2019-08-23,109.76193250644307,110.19311546354211,109.6670717295349,110.10688018798828,982800,0.0,0.0,0.0
2019-08-26,110.08970699118298,110.19318675706572,109.9517251975606,110.02933502197266,605100,0.0,0.0,0.0
2019-08-27,110.04653786692928,110.26212939059629,110.04653786692928,110.23625946044922,1022300,0.0,0.0,0.0
2019-08-28,110.31388586417988,110.37425123672443,110.23627606205068,110.26214599609376,543000,0.0,0.0,0.0
2019-08-29,110.22764183944793,110.22764183944793,110.0120503003644,110.15003204345705,986000,0.0,0.0,0.0
2019-08-30,110.03791823812556,110.22763984177377,110.03791823812556,110.16727447509766,1670000,0.0,0.0,0.0
2019-09-03,110.25797549661289,110.5948647425638,110.15431473231143,110.40482330322266,2347500,0.0,0.0,0.0
2019-09-04,110.3788982805558,110.59485324090764,110.3788982805558,110.58621978759766,806200,0.0,0.0,0.0
2019-09-05,110.19748362442432,110.2061236671154,109.86059445410896,109.9988021850586,721800,0.0,0.0,0.0
2019-09-06,110.02476446228933,110.11978519702792,109.96429732113056,110.0420379638672,534600,0.0,0.0,0.0
2019-09-09,109.76561392967608,109.81744102394808,109.66195315070811,109.70514678955078,558500,0.0,0.0,0.0
2019-09-10,109.5755784917794,109.63604563523133,109.2127756310678,109.23004913330078,525100,0.0,0.0,0.0
2019-09-11,109.17820031764444,109.2818610816944,109.15228677423774,109.16092681884766,375600,0.0,0.0,0.0
2019-09-12,109.29911600123197,109.333669583375,108.91039973536118,108.9967803955078,1087300,0.0,0.0,0.0
2019-09-13,108.75496794039482,108.81543509269171,108.41807857896562,108.4267120361328,604600,0.0,0.0,0.0
2019-09-16,108.62535385380228,108.73764806972711,108.57352676805588,108.70309448242188,524000,0.0,0.0,0.0
2019-09-17,108.73763204164868,108.92767344860368,108.66853146764664,108.85856628417967,544200,0.0,0.0,0.0
2019-09-18,109.04860829352702,109.19546266634472,108.7635527719418,108.8067398071289,706700,0.0,0.0,0.0
2019-09-19,108.99678819525326,108.99678819525326,108.85857385679058,108.89312744140624,2226200,0.0,0.0,0.0
2019-09-20,108.96226811459746,109.23005023967914,108.93635456577336,109.19550323486328,2932700,0.0,0.0,0.0
2019-09-23,109.3077814636386,109.5150964142855,109.28186791861069,109.31642150878906,4590400,0.0,0.0,0.0
2019-09-24,109.35096280303094,109.72240564003886,109.35096280303094,109.65330505371094,5528600,0.0,0.0,0.0
2019-09-25,109.56693541719596,109.62740914940086,109.17821901866624,109.2214126586914,2893400,0.0,0.0,0.0
2019-09-26,109.36823278440076,109.47189353994678,109.30776565793788,109.33367919921876,1386100,0.0,0.0,0.0
2019-09-27,109.35961132156775,109.5237392314633,109.3423378212531,109.46327209472656,645800,0.0,0.0,0.0
2019-09-30,109.36824362272222,109.54964502008764,109.34233007887332,109.5323715209961,1721800,0.0,0.0,0.0
2019-10-01,109.28147638080644,109.90441041544548,109.25552189616904,109.79193878173828,1927000,0.0,0.0,0.0
2019-10-02,109.90438985848898,110.17259495068976,109.86978168516724,110.07743072509766,913900,0.0,0.0,0.0
2019-10-03,110.17261045073192,110.6484646498104,110.17261045073192,110.48407745361328,1168300,0.0,0.0,0.0
2019-10-04,110.44945422929794,110.63114217856392,110.40619236482966,110.5705795288086,588100,0.0,0.0,0.0
2019-10-07,110.42350481400445,110.4667666830424,110.27642502061047,110.31968688964844,538100,0.0,0.0,0.0
2019-10-08,110.55327018471202,110.5965320484141,110.33697406786892,110.45809936523438,1408500,0.0,0.0,0.0
2019-10-09,110.44947054128096,110.44947054128096,110.215866999986,110.32833862304688,818600,0.0,0.0,0.0
2019-10-10,110.18989128971916,110.18989128971916,109.86112357737731,109.91303253173828,711600,0.0,0.0,0.0
2019-10-11,109.56697134612835,109.61023321414456,109.34202151394584,109.50640869140624,1556700,0.0,0.0,0.0
2019-10-14,109.62753915137908,109.70540919729989,109.5410220121162,109.57563018798828,511500,0.0,0.0,0.0
2019-10-15,109.61022217122404,109.66213112694636,109.30740232728743,109.34201049804688,459900,0.0,0.0,0.0
2019-10-16,109.471794849481,109.55831198019987,109.4198858912165,109.49774932861328,394000,0.0,0.0,0.0
2019-10-17,109.4545029312254,109.6102364194698,109.40258736792092,109.46315002441406,289900,0.0,0.0,0.0
2019-10-18,109.53235698339276,109.64483519354624,109.497748811102,109.55831146240234,466600,0.0,0.0,0.0
2019-10-21,109.41121084452932,109.48908086756246,109.30738634742931,109.3160400390625,299200,0.0,0.0,0.0
2019-10-22,109.44586181640624,109.4804699956421,109.2468664360089,109.44586181640624,1213300,0.0,0.0,0.0
2019-10-23,109.55832137961347,109.57562876774249,109.39394079739502,109.402587890625,2319100,0.0,0.0,0.0
2019-10-24,109.48045968376174,109.5929313050582,109.41989702601217,109.42855072021484,786300,0.0,0.0,0.0
2019-10-25,109.4977876686451,109.4977876686451,109.16901981646365,109.26419067382812,787000,0.0,0.0,0.0
2019-10-28,109.05651999204883,109.12572974247637,108.99595733490318,109.10842895507812,2870800,0.0,0.0,0.0
2019-10-29,109.16031770291345,109.17762508794112,109.07380058027506,109.1257095336914,630500,0.0,0.0,0.0
2019-10-30,109.1603402463378,109.3939437866211,109.05652231806498,109.3939437866211,1376900,0.0,0.0,0.0
2019-10-31,109.54101868418688,109.87844013764516,109.54101868418688,109.85248565673828,557300,0.0,0.0,0.0
2019-11-01,109.73202537817762,109.87932673224311,109.56739056435268,109.7060317993164,1549300,0.0,0.0,0.0
2019-11-04,109.46344705106272,109.4981073695568,109.39412641407456,109.44611358642578,385200,0.0,0.0,0.0
2019-11-05,109.22945469868252,109.2554482760876,109.05615977546358,109.11681365966795,954500,0.0,0.0,0.0
2019-11-06,109.25550106787104,109.35081530493014,109.1428599744288,109.298828125,516200,0.0,0.0,0.0
2019-11-07,108.9868475308436,108.99551426090332,108.57959715815149,108.8048858642578,1111800,0.0,0.0,0.0
2019-11-08,108.79624173756024,108.99553690567078,108.76158142089844,108.76158142089844,728300,0.0,0.0,0.0
2019-11-11,108.86553975311972,108.86553975311972,108.74423197539588,108.8048858642578,393500,0.0,0.0,0.0
2019-11-12,108.82224327636412,108.9262242339497,108.73559578376612,108.87423706054688,955400,0.0,0.0,0.0
2019-11-13,109.09082054284686,109.1341409684457,109.0214999289556,109.06482696533205,929100,0.0,0.0,0.0
2019-11-14,109.33345747591038,109.45476526856976,109.30746389330892,109.38544464111328,1286500,0.0,0.0,0.0
2019-11-15,109.26413752907314,109.36811847090556,109.24681067749054,109.2728042602539,512600,0.0,0.0,0.0
2019-11-18,109.4027859944472,109.4634398951518,109.37679240997088,109.39411926269533,1250600,0.0,0.0,0.0
2019-11-19,109.3768000588571,109.48077440403353,109.3768000588571,109.42878723144533,805300,0.0,0.0,0.0
2019-11-20,109.55876902204888,109.68007683996696,109.51544196817234,109.65408325195312,1081300,0.0,0.0,0.0
2019-11-21,109.51539585525867,109.5760497386786,109.44607524255666,109.50672912597656,718100,0.0,0.0,0.0
2019-11-22,109.5413743951132,109.55870785129802,109.43740010111064,109.48072052001952,2130000,0.0,0.0,0.0
2019-11-25,109.46343207655998,109.5154192417994,109.43743849394028,109.48942565917967,483500,0.0,0.0,0.0
2019-11-26,109.56742124026457,109.63674187715434,109.5587611187382,109.61074829101562,556700,0.0,0.0,0.0
2019-11-27,109.4807365018929,109.49806996060803,109.40275577000745,109.43741607666016,342200,0.0,0.0,0.0
2019-11-29,109.39412641407456,109.46344705106272,109.34213924172336,109.44611358642578,145600,0.0,0.0,0.0
2019-12-02,109.19616502383796,109.3523581548004,109.15278208876414,109.30897521972656,2225400,0.0,0.0,0.0
2019-12-03,109.65610123550609,109.95980834380975,109.647421998035,109.83832550048828,953100,0.0,0.0,0.0
2019-12-04,109.72553053961686,109.78627196972808,109.50859591488822,109.59537506103516,521900,0.0,0.0,0.0
2019-12-05,109.36976120871878,109.52595440335202,109.36108197003934,109.47389221191406,614800,0.0,0.0,0.0
2019-12-06,109.2048438502387,109.36103698061652,109.17013353011956,109.28294372558594,801800,0.0,0.0,0.0
2019-12-09,109.36975137751774,109.36975137751774,109.25694776610226,109.27429962158205,477100,0.0,0.0,0.0
2019-12-10,109.30034337670656,109.33505371200584,109.16150865582888,109.17018127441406,528700,0.0,0.0,0.0
2019-12-11,109.23089982755808,109.46519288667548,109.2222272107894,109.41312408447266,349900,0.0,0.0,0.0
2019-12-12,109.4131504537794,109.421829692958,108.83176721488924,108.96192932128906,1816800,0.0,0.0,0.0
2019-12-13,109.1788242114664,109.38707953369796,109.005279212993,109.34369659423828,759200,0.0,0.0,0.0
2019-12-16,109.17015717575374,109.18751564973138,109.04000172251185,109.0920639038086,579000,0.0,0.0,0.0
2019-12-17,109.17886233345445,109.19621419123358,109.08341056486996,109.10076904296876,436000,0.0,0.0,0.0
2019-12-18,109.0573814884717,109.07473334657232,108.90118828428704,108.98796081542967,555400,0.0,0.0,0.0
2019-12-19,108.993997701953,109.150411261715,108.95923839648816,109.05482482910156,1651400,0.0,0.0,0.0
2019-12-20,108.97664844367398,109.0722282703784,108.9418891295718,109.0374755859375,300400,0.0,0.0,0.0
2019-12-23,109.06353375667572,109.09829306770004,108.93318799774976,108.97663879394533,374800,0.0,0.0,0.0
2019-12-24,108.88971238576558,109.11564454110363,108.88102753223428,109.0895767211914,271400,0.0,0.0,0.0
2019-12-26,109.1504382143598,109.19388901433511,109.06354324407042,109.17650604248048,471800,0.0,0.0,0.0
2019-12-27,109.29814953062632,109.38504449233244,109.28945804555754,109.36766815185548,426200,0.0,0.0,0.0
2019-12-30,109.23730897046585,109.41110550218112,109.21993263212424,109.39372253417967,807900,0.0,0.0,0.0
2019-12-31,109.33289133540538,109.36765064045446,109.2546878712896,109.27206420898438,931800,0.0,0.0,0.0
2020-01-02,109.47194832118394,109.61097893682324,109.40242969853392,109.4632568359375,555900,0.0,0.0,0.0
2020-01-03,109.66311568935792,109.87167155940064,109.61967152201127,109.81084442138672,673300,0.0,0.0,0.0
2020-01-06,109.9064441241409,109.9064441241409,109.68920337222936,109.75003051757812,363500,0.0,0.0,0.0
2020-01-07,109.75872440837546,109.81086670129588,109.68921240058516,109.7065887451172,410100,0.0,0.0,0.0
2020-01-08,109.73265837502016,109.80217701361184,109.4632819375551,109.55886840820312,935300,0.0,0.0,0.0
2020-01-09,109.38507181172383,109.59362772749898,109.36769546690704,109.55886840820312,427900,0.0,0.0,0.0
2020-01-10,109.6023045669649,109.70658251722386,109.593619710023,109.6631317138672,751300,0.0,0.0,0.0
2020-01-13,109.61099403771338,109.61968552415723,109.54147540548593,109.60230255126952,507500,0.0,0.0,0.0
2020-01-14,109.63703800626028,109.75000741645896,109.63703800626028,109.71524810791016,8989400,0.0,0.0,0.0
2020-01-15,109.84560554797726,109.86298188927084,109.75870395252656,109.8369140625,544300,0.0,0.0,0.0
2020-01-16,109.77606521849413,109.8021330401108,109.68917026988524,109.75868225097656,458100,0.0,0.0,0.0
2020-01-17,109.64576942009258,109.75873224176826,109.64576942009258,109.7413558959961,488600,0.0,0.0,0.0
2020-01-21,109.87167762643416,110.00201676533209,109.87167762643416,109.99333190917967,437700,0.0,0.0,0.0
2020-01-22,109.9759599822324,110.01941078600288,109.95858363852136,110.0107192993164,969800,0.0,0.0,0.0
2020-01-23,110.1497802734375,110.26274310602528,110.09763797175884,110.1497802734375,576400,0.0,0.0,0.0
2020-01-24,110.20188223889636,110.44519080676706,110.18450589676044,110.3409194946289,872900,0.0,0.0,0.0
2020-01-27,110.76667924255692,110.76667924255692,110.66240132923156,110.72322845458984,920700,0.0,0.0,0.0
2020-01-28,110.70587676912656,110.71456825458728,110.52339535241688,110.57553100585938,592400,0.0,0.0,0.0
2020-01-29,110.65373676186644,110.88836046650512,110.645051905888,110.84490966796876,965200,0.0,0.0,0.0
2020-01-30,110.96657381101964,111.13167890453911,110.87098734947271,110.94050598144533,1796800,0.0,0.0,0.0
2020-01-31,111.07082395489476,111.33150881504297,111.0534476160822,111.27937316894533,1121400,0.0,0.0,0.0
2020-02-03,111.08701243100722,111.21756101647934,110.94776547582002,111.16534423828124,1841000,0.0,0.0,0.0
2020-02-04,110.8781589193571,110.8868639306382,110.72150191618776,110.83464050292967,736600,0.0,0.0,0.0
2020-02-05,110.58228327027123,110.69542853277656,110.57358489621714,110.59969329833984,804400,0.0,0.0,0.0
2020-02-06,110.55615875268248,110.64318896039876,110.52134534160017,110.6083755493164,383200,0.0,0.0,0.0
2020-02-07,110.8259578931355,110.9391031427258,110.7737410948504,110.86947631835938,955300,0.0,0.0,0.0
2020-02-10,111.03484344482422,111.1044702723753,110.95651160383431,111.03484344482422,471200,0.0,0.0,0.0
2020-02-11,110.91302539690234,110.95653719417226,110.83469353784648,110.87821197509766,495100,0.0,0.0,0.0
2020-02-12,110.74761273355088,110.7737211279874,110.67798592173462,110.73020935058594,378300,0.0,0.0,0.0
2020-02-13,110.77370465779144,110.86073483963273,110.75630127741408,110.78240966796876,354500,0.0,0.0,0.0
2020-02-14,110.9042897305426,110.9565065288277,110.85207293225749,110.86947631835938,520000,0.0,0.0,0.0
2020-02-18,110.99132562976462,111.09576587166724,110.9391088288032,111.00873565673828,570800,0.0,0.0,0.0
2020-02-19,110.9217067891385,111.00003863620096,110.88690001264432,110.96522521972656,609000,0.0,0.0,0.0
2020-02-20,111.04353200133107,111.21759905482013,111.02612861597174,111.15667724609376,444500,0.0,0.0,0.0
2020-02-21,111.2785241158026,111.54831975662182,111.26981910287896,111.4003677368164,1024300,0.0,0.0,0.0
2020-02-24,111.9399804180642,112.00960725480536,111.84424517754027,111.93128204345705,642300,0.0,0.0,0.0
2020-02-25,111.9399535151642,112.31419601270976,111.92255677013084,112.13142395019533,3431600,0.0,0.0,0.0
2020-02-26,112.0444082605375,112.36642070574251,111.97478143563606,112.14884185791016,1289800,0.0,0.0,0.0
2020-02-27,112.6275266678798,112.7406586471082,112.27939251651551,112.5143814086914,2953600,0.0,0.0,0.0
2020-02-28,113.1409868552816,113.49781930870724,113.04525164289808,113.38467407226562,6151700,0.0,0.0,0.0
2020-03-02,113.6470506163251,113.88236649558311,113.2112873650379,113.22872161865234,6286900,0.0,0.0,0.0
2020-03-03,113.37684506589176,114.65798969913048,113.35942411601174,114.16993713378906,4007600,0.0,0.0,0.0
2020-03-04,114.28322087423209,114.5098128710628,114.08276029789388,114.09148406982422,2516100,0.0,0.0,0.0
2020-03-05,114.58827088403642,114.71028403056768,114.51854718624205,114.56212615966795,1745300,0.0,0.0,0.0
2020-03-06,115.346502838115,115.5556606240905,114.84972649955314,114.98917388916016,3471400,0.0,0.0,0.0
2020-03-09,116.28770868422826,116.41844556428484,115.46848540865857,115.5207748413086,4153500,0.0,0.0,0.0
2020-03-10,115.20703758744764,115.54693223539746,114.657971887516,114.8932876586914,2536300,0.0,0.0,0.0
2020-03-11,115.111183347916,115.2244860106514,114.52726238335634,114.62313079833984,4533500,0.0,0.0,0.0
2020-03-12,115.11120473633945,115.9130074022569,114.47499420874658,114.75387573242188,2973500,0.0,0.0,0.0
2020-03-13,114.24831037980364,114.67536279596602,114.047863175593,114.21345520019533,3877100,0.0,0.0,0.0
2020-03-16,114.50980528410312,115.86067329895246,114.50980528410312,115.39876556396484,8029600,0.0,0.0,0.0
2020-03-17,115.09373389614562,115.39004957661112,114.13506317138672,114.13506317138672,3354700,0.0,0.0,0.0
2020-03-18,114.03920601144318,114.37910068982228,113.23739022294644,113.39427185058594,5288300,0.0,0.0,0.0
2020-03-19,114.05659624742556,114.57951713416809,113.63826751708984,113.63826751708984,4170800,0.0,0.0,0.0
2020-03-20,114.35293539374864,115.02400085696696,114.2744879448262,114.99785614013672,3006200,0.0,0.0,0.0
2020-03-23,115.36393363678503,115.97401269379034,115.36393363678503,115.81713104248048,3096700,0.0,0.0,0.0
2020-03-24,115.38138435724588,115.642844947795,115.10250281284806,115.26808166503906,4732600,0.0,0.0,0.0
2020-03-25,115.2418813879096,115.46848666309693,115.1373025214734,115.30289459228516,2004900,0.0,0.0,0.0
2020-03-26,115.44238110472338,115.75613110888813,115.37265740397164,115.52952575683594,1755600,0.0,0.0,0.0
2020-03-27,115.79970936869752,116.0437356986268,115.69513045542428,115.96530151367188,1518800,0.0,0.0,0.0
2020-03-30,116.12215917982476,116.35746168605304,115.9652775439044,115.9827117919922,2356500,0.0,0.0,0.0
2020-03-31,116.14829726300792,116.34874456003672,116.11342876882566,116.20929718017578,2439700,0.0,0.0,0.0
2020-04-01,116.43793397822904,116.4641105056518,116.27214042814369,116.2983169555664,3808800,0.0,0.0,0.0
2020-04-02,116.40300800712257,116.49027196365113,116.1935958148307,116.2197723388672,2299000,0.0,0.0,0.0
2020-04-03,116.25464764164408,116.45535204025389,116.21101567174594,116.2372055053711,1869400,0.0,0.0,0.0
2020-04-06,116.09761719541184,116.1063382657018,115.87947060666232,115.95800018310548,2327700,0.0,0.0,0.0
2020-04-07,115.64389066562984,115.77477331805058,115.52172908516594,115.76605224609376,2175000,0.0,0.0,0.0
2020-04-08,115.7136921561316,115.91438331585702,115.70497108470452,115.78350067138672,2745200,0.0,0.0,0.0
2020-04-09,115.83578576164616,116.13246179144386,115.7921538008865,116.02775573730467,1645900,0.0,0.0,0.0
2020-04-13,116.02778592279373,116.05396244313852,115.90562438964844,115.90562438964844,1329900,0.0,0.0,0.0
2020-04-14,116.00164779647486,116.1325304415182,116.00164779647486,116.0540008544922,985500,0.0,0.0,0.0
2020-04-15,116.31575739443312,116.53390397119892,116.28958087039008,116.44664001464844,1105300,0.0,0.0,0.0
2020-04-16,116.53390397119892,116.58625701928504,116.42918456041627,116.44664001464844,1059000,0.0,0.0,0.0
2020-04-17,116.437903356031,116.58624141061888,116.324462890625,116.324462890625,1206200,0.0,0.0,0.0
2020-04-20,116.40302336427008,116.4379342773315,116.31577271084087,116.42047882080078,1102600,0.0,0.0,0.0
2020-04-21,116.58624288047672,116.64731699096708,116.47280241364052,116.5077133178711,2056200,0.0,0.0,0.0
2020-04-22,116.40298542194968,116.44661739174822,116.26338175904526,116.34191131591795,815400,0.0,0.0,0.0
2020-04-23,116.28955827800284,116.38554328571652,116.26338175904526,116.34191131591795,925100,0.0,0.0,0.0
2020-04-24,116.2895429632349,116.39424902527588,116.2720875146927,116.36807250976562,717400,0.0,0.0,0.0
2020-04-27,116.26338034383748,116.26338034383748,112.65959537899091,116.13248443603516,789700,0.0,0.0,0.0
2020-04-28,116.27210282716185,116.37680890299212,116.27210282716185,116.34191131591795,766100,0.0,0.0,0.0
2020-04-29,116.42047889567088,116.49028740722642,116.28959625813684,116.39430236816406,661100,0.0,0.0,0.0
2020-04-30,116.43791855831158,116.55135903852852,116.34193353226884,116.35065460205078,1739500,0.0,0.0,0.0
2020-05-01,116.41611950382996,116.4510631588784,116.30258594267144,116.35498809814452,1344400,0.0,0.0,0.0
2020-05-04,116.35506263838847,116.43366592195352,116.31138970514962,116.38126373291016,683500,0.0,0.0,0.0
2020-05-05,116.3200444430961,116.3986610034053,116.27638486493488,116.35498809814452,559700,0.0,0.0,0.0
2020-05-06,116.1628965359467,116.32010308161593,116.12796619038896,116.27644348144533,878700,0.0,0.0,0.0
2020-05-07,116.32882263611764,116.70438041672352,116.32882263611764,116.66072082519533,1297600,0.0,0.0,0.0
2020-05-08,116.5908218594689,116.79170124964406,116.48600421177252,116.53840637207033,691500,0.0,0.0,0.0
2020-05-11,116.52101178843122,116.55594213875744,116.33759079967132,116.38126373291016,1080100,0.0,0.0,0.0
2020-05-12,116.32882302462744,116.54717429141228,116.30262193878156,116.5209732055664,1860800,0.0,0.0,0.0
2020-05-13,116.59083434668185,116.68690942655132,116.5471614327226,116.5995635986328,1234100,0.0,0.0,0.0
2020-05-14,116.66071959974585,116.77425319447168,116.65197701984911,116.66944885253906,1453400,0.0,0.0,0.0
2020-05-15,116.76552516822883,116.7917262539872,116.62577715944838,116.66072082519533,787600,0.0,0.0,0.0
2020-05-18,116.56464010020773,116.5820986051336,116.30261592818675,116.37248992919922,957100,0.0,0.0,0.0
2020-05-19,116.36379023221023,116.55594047403028,116.36379023221023,116.5297393798828,1034700,0.0,0.0,0.0
2020-05-20,116.46854570974044,116.62575219063385,116.42487280045869,116.53840637207033,977700,0.0,0.0,0.0
2020-05-21,116.52976173972284,116.617107621713,116.5122898979027,116.54723358154295,794500,0.0,0.0,0.0
2020-05-22,116.59088064404824,116.63454024824216,116.58213806152344,116.58213806152344,774500,0.0,0.0,0.0
2020-05-26,116.45980313162362,116.55587820120316,116.45107388060758,116.53840637207033,580400,0.0,0.0,0.0
2020-05-27,116.48608879872776,116.6607805627081,116.48608879872776,116.54723358154295,900900,0.0,0.0,0.0
2020-05-28,116.47727496075647,116.56462077932,116.45107388060758,116.53840637207033,838700,0.0,0.0,0.0
2020-05-29,116.61708130810068,116.73935751903012,116.57340837696,116.72188568115234,2807500,0.0,0.0,0.0
2020-06-01,116.66418900092734,116.71663985649454,116.58551271757652,116.69041442871094,1730300,0.0,0.0,0.0
2020-06-02,116.66416807027812,116.70788155523655,116.57675443984398,116.6117172241211,892100,0.0,0.0,0.0
2020-06-03,116.47184232433143,116.47184232433143,116.26203893445016,116.33197784423828,2107300,0.0,0.0,0.0
2020-06-04,116.24455435509654,116.26204241793832,116.10467653132925,116.1571273803711,968400,0.0,0.0,0.0
2020-06-05,115.82490664635638,115.92980831946392,115.7287423328477,115.87735748291016,1024300,0.0,0.0,0.0
2020-06-08,115.86859870729948,116.02596454547204,115.86859870729948,115.93853759765624,1305600,0.0,0.0,0.0
2020-06-09,116.12211734856788,116.20079359012036,116.09589193471706,116.17456817626952,3305600,0.0,0.0,0.0
2020-06-10,116.31442768567308,116.60292053222656,116.28820227593876,116.60292053222656,911900,0.0,0.0,0.0
2020-06-11,116.7079088951239,116.74287168759136,116.60300717823569,116.63796997070312,828200,0.0,0.0,0.0
2020-06-12,116.55927127576412,116.66417297248614,116.5242951505346,116.5767593383789,874500,0.0,0.0,0.0
2020-06-15,116.65540211433034,116.69036489003732,116.52426169160036,116.53301239013672,991900,0.0,0.0,0.0
2020-06-16,116.3931257315209,116.5767169735493,116.3669003168709,116.48055267333984,2537200,0.0,0.0,0.0
2020-06-17,116.51554870605467,116.56799955032692,116.44560980053096,116.51554870605467,448800,0.0,0.0,0.0
2020-06-18,116.61169901279963,116.62918707194844,116.55051081499984,116.56798553466795,916000,0.0,0.0,0.0
2020-06-19,116.49800555381331,116.66410870844798,116.49800555381331,116.60292053222656,916800,0.0,0.0,0.0
2020-06-22,116.64666520061816,116.68164131993797,116.54176352162094,116.5505142211914,573800,0.0,0.0,0.0
2020-06-23,116.55928312134512,116.61173397503656,116.52430699256108,116.59424591064452,447500,0.0,0.0,0.0
2020-06-24,116.5330515188908,116.6816667096356,116.5330515188908,116.65544128417967,867800,0.0,0.0,0.0
2020-06-25,116.72535580821368,116.72535580821368,116.64666620880458,116.67290496826172,943800,0.0,0.0,0.0
2020-06-26,116.7340604916567,116.8564501971118,116.72532313393758,116.8214874267578,788900,0.0,0.0,0.0
2020-06-29,116.83026861310844,116.91769558100758,116.83026861310844,116.90020751953124,1468000,0.0,0.0,0.0
2020-06-30,116.9526859580302,116.98766208923504,116.81280811218208,116.85652160644533,1662000,0.0,0.0,0.0
2020-07-01,116.7636882827821,116.79869424287752,116.6936897134532,116.74618530273438,1043900,0.0,0.0,0.0
2020-07-02,116.71126010470005,116.87750513401978,116.67626747525522,116.85125732421876,452400,0.0,0.0,0.0
2020-07-06,116.7550109786905,116.7812587885082,116.70251535905513,116.76375579833984,688100,0.0,0.0,0.0
2020-07-07,116.78126973721402,116.91250879860664,116.77252491674484,116.88626098632812,879300,0.0,0.0,0.0
2020-07-08,116.82498778696306,116.89498638370388,116.78123699514168,116.83373260498048,563800,0.0,0.0,0.0
2020-07-09,116.84248992505572,116.99999012229172,116.83374510610264,116.94749450683594,462800,0.0,0.0,0.0
2020-07-10,116.99125454373744,117.00874418302502,116.83375433406148,116.85125732421876,571600,0.0,0.0,0.0
2020-07-13,116.77247803231576,116.92122002579748,116.77247803231576,116.90371704101562,496700,0.0,0.0,0.0
2020-07-14,116.95626113806462,116.99126712214284,116.87751770019533,116.87751770019533,401500,0.0,0.0,0.0
2020-07-15,116.82502054130188,116.96500442316368,116.82502054130188,116.88626098632812,829200,0.0,0.0,0.0
2020-07-16,116.96498414474212,117.01749311106654,116.93873633701422,116.94749450683594,371100,0.0,0.0,0.0
2020-07-17,116.98248065893704,116.98248065893704,116.89499242164246,116.92998504638672,981000,0.0,0.0,0.0
2020-07-20,116.98248065893704,116.99998364674312,116.90373724011154,116.92998504638672,286400,0.0,0.0,0.0
2020-07-21,116.94747997115206,117.01747856668236,116.93872180241893,117.00872039794922,851100,0.0,0.0,0.0
2020-07-22,117.04368210996928,117.06117173908774,116.98242835546884,116.99993133544922,553300,0.0,0.0,0.0
2020-07-23,117.03492394454813,117.0524269245285,116.97368354090958,116.99993133544922,588100,0.0,0.0,0.0
2020-07-24,116.99996832796214,117.05246393363925,116.991223510638,117.01747131347656,618700,0.0,0.0,0.0
2020-07-27,117.0349762714874,117.06122407776256,116.92124022791762,116.92998504638672,608900,0.0,0.0,0.0
2020-07-28,117.02624089294088,117.07873650972576,116.99124826537393,117.0612335205078,348700,0.0,0.0,0.0
2020-07-29,117.08748698505735,117.16623040505988,117.05248100892196,117.1487274169922,374300,0.0,0.0,0.0
2020-07-30,117.23624876317334,117.26249657426416,117.19249796106524,117.25373840332033,415600,0.0,0.0,0.0
2020-07-31,117.23623766052002,117.3324840756949,117.19248686255526,117.30623626708984,782800,0.0,0.0,0.0
2020-08-03,117.24928721135744,117.3105935740555,117.20549886119149,117.29307556152344,2733700,0.0,0.0,0.0
2020-08-04,117.35436501923924,117.44194171692746,117.336860369564,117.43318939208984,682300,0.0,0.0,0.0
2020-08-05,117.33685579177188,117.34560811626804,117.25803142199656,117.2843017578125,595100,0.0,0.0,0.0
2020-08-06,117.35440531574628,117.44198204350612,117.30186462402344,117.30186462402344,519800,0.0,0.0,0.0
2020-08-07,117.34562324142036,117.3718935806224,117.20550585745669,117.21427154541016,502200,0.0,0.0,0.0
2020-08-10,117.31936287661122,117.31936287661122,117.17049315436648,117.1880111694336,439900,0.0,0.0,0.0
2020-08-11,116.9865089120299,117.0215449186574,116.88142761679018,117.01277923583984,1093600,0.0,0.0,0.0
2020-08-12,116.8902310890822,116.93401943536789,116.81142008316428,116.87272644042967,713800,0.0,0.0,0.0
2020-08-13,116.86399157599476,116.89902760719475,116.72387417585628,116.77642822265624,474000,0.0,0.0,0.0
2020-08-14,116.8377142242205,116.89902059397711,116.82019620967148,116.85523223876952,513400,0.0,0.0,0.0
2020-08-17,116.93405292497742,116.99535929980082,116.90778258214768,116.92530059814452,2871900,0.0,0.0,0.0
2020-08-18,116.95154246238312,117.02160114697958,116.9252721259504,116.99533081054688,565800,0.0,0.0,0.0
2020-08-19,116.99535929980082,117.03038196946343,116.9165349089806,116.92530059814452,1215300,0.0,0.0,0.0
2020-08-20,117.05663673971044,117.07415475337676,117.01284838670924,117.02161407470705,453800,0.0,0.0,0.0
2020-08-21,117.08291952220564,117.08291952220564,116.9865904802972,117.03913116455078,368400,0.0,0.0,0.0
2020-08-24,117.03034676116133,117.08288743101404,116.96905376710882,116.9778060913086,437200,0.0,0.0,0.0
2020-08-25,116.82020771569054,116.93405477797748,116.7676670291985,116.89026641845705,609400,0.0,0.0,0.0
2020-08-26,116.87276176451384,116.92530245100588,116.79393737244452,116.89026641845705,577400,0.0,0.0,0.0
2020-08-27,117.0390987240566,117.0390987240566,116.7676296891042,116.80266571044922,835700,0.0,0.0,0.0
2020-08-28,116.93404917705524,117.01286020301842,116.90777883506752,116.96031951904295,589400,0.0,0.0,0.0
2020-08-31,116.9602866722259,117.06536801066603,116.94276866171026,116.98655700683594,888100,0.0,0.0,0.0
2020-09-01,117.0005724615418,117.1145098826044,116.93921742775832,117.08821868896484,1115900,0.0,0.0,0.0
2020-09-02,117.06196532522048,117.15835748442458,117.06196532522048,117.1145477294922,1058400,0.0,0.0,0.0
2020-09-03,117.17590289943556,117.28108109302818,117.14961169427303,117.15837097167967,1067000,0.0,0.0,0.0
2020-09-04,117.07070299536387,117.08823491786583,116.86913269187652,116.89542388916016,644500,0.0,0.0,0.0
2020-09-08,116.99184387026608,117.09700867240488,116.99184387026608,117.01813507080078,462600,0.0,0.0,0.0
2020-09-09,117.0268943466656,117.06195819600536,116.9743119455962,117.01813507080078,659600,0.0,0.0,0.0
2020-09-10,116.95678660696916,117.0970152663442,116.94802733061108,117.05319213867188,597900,0.0,0.0,0.0
2020-09-11,117.08827000654142,117.16714362202892,117.08827000654142,117.15837097167967,596300,0.0,0.0,0.0
2020-09-14,117.14956034981158,117.1846241899555,117.08821868896484,117.08821868896484,513600,0.0,0.0,0.0
2020-09-15,117.07945324383292,117.09698516498324,117.05316204857624,117.07069396972656,656300,0.0,0.0,0.0
2020-09-16,117.13205120648776,117.13205120648776,117.00059521272786,117.04441833496094,442700,0.0,0.0,0.0
2020-09-17,117.16712959603176,117.16712959603176,117.05319213867188,117.05319213867188,356300,0.0,0.0,0.0
2020-09-18,117.07946795817088,117.09699988152455,117.00935363769533,117.00935363769533,474100,0.0,0.0,0.0
2020-09-21,117.14956682587544,117.18463066795772,117.07945251464844,117.07945251464844,1045000,0.0,0.0,0.0
2020-09-22,117.08824847566892,117.15834942791662,117.08824847566892,117.09700775146484,890600,0.0,0.0,0.0
2020-09-23,117.08821868896484,117.1145098826044,117.03562292874898,117.08821868896484,903700,0.0,0.0,0.0
2020-09-24,117.09693836123066,117.13198881658404,117.08817909062536,117.10569763183594,1207300,0.0,0.0,0.0
2020-09-25,117.15837097167967,117.2109667549473,117.14085241686642,117.15837097167967,980500,0.0,0.0,0.0
2020-09-28,117.14959716796876,117.1758883698712,117.14083789164826,117.14959716796876,916500,0.0,0.0,0.0
2020-09-29,117.2021713256836,117.22846252573623,117.17588012563093,117.2021713256836,512400,0.0,0.0,0.0
2020-09-30,117.18463066795772,117.18463066795772,117.05316131955549,117.07945251464844,991800,0.0,0.0,0.0
2020-10-01,117.01370128908088,117.15402973294368,116.96108146824658,117.10140991210938,2787900,0.0,0.0,0.0
2020-10-02,117.17158995997852,117.17158995997852,117.02248260419933,117.0575714111328,933800,0.0,0.0,0.0
2020-10-05,116.96984187199784,116.96984187199784,116.7681281067852,116.77689361572266,1337700,0.0,0.0,0.0
2020-10-06,116.812019447008,116.9435690350544,116.77693063522187,116.86463928222656,677300,0.0,0.0,0.0
2020-10-07,116.76816238643886,116.81201670891323,116.6979981469719,116.75061798095705,1094700,0.0,0.0,0.0
2020-10-08,116.78572788396076,116.84711324054317,116.75941796221652,116.82958221435548,778900,0.0,0.0,0.0
2020-10-09,116.81196969644289,116.8645895092505,116.73303997723144,116.78565979003906,629900,0.0,0.0,0.0
2020-10-12,116.79449339705462,116.82958221435548,116.76818347531037,116.82958221435548,521000,0.0,0.0,0.0
2020-10-13,116.89969070670304,116.98739933569712,116.89969070670304,116.95232391357422,469600,0.0,0.0,0.0
2020-10-14,116.96984796789036,117.02246778917016,116.9523169491018,116.9610824584961,639900,0.0,0.0,0.0
2020-10-15,117.0049296877978,117.02246070552516,116.89967666915231,116.91722106933594,393500,0.0,0.0,0.0
2020-10-16,116.91721786161634,116.9786165693464,116.88214244466768,116.89967346191406,724300,0.0,0.0,0.0
2020-10-19,116.79449339705462,116.85589213609973,116.75941796221652,116.82958221435548,439000,0.0,0.0,0.0
2020-10-20,116.78570679192067,116.82956111439506,116.73308695793554,116.75061798095705,895000,0.0,0.0,0.0
2020-10-21,116.68043075666564,116.74182947252696,116.65412084485584,116.6979751586914,905400,0.0,0.0,0.0
2020-10-22,116.66289309939192,116.68042411796252,116.54887456639828,116.5576400756836,1138600,0.0,0.0,0.0
2020-10-23,116.54888926697552,116.6716733247415,116.54888926697552,116.60150909423828,1603800,0.0,0.0,0.0
2020-10-26,116.68040278626144,116.75934588522442,116.67163727857866,116.70672607421876,656400,0.0,0.0,0.0
2020-10-27,116.76817265120955,116.82957138456317,116.76817265120955,116.81202697753906,1039600,0.0,0.0,0.0
2020-10-28,116.88219122317398,116.90850114247938,116.79448257051496,116.81202697753906,966900,0.0,0.0,0.0
2020-10-29,116.81199679706124,116.82076230707784,116.6190485170323,116.66290283203124,1472100,0.0,0.0,0.0
2020-10-30,116.64535124144842,116.66289564285847,116.548877107379,116.56642150878906,1554300,0.0,0.0,0.0
2020-11-02,116.66467774466582,116.6910192648196,116.585693359375,116.585693359375,1285100,0.0,0.0,0.0
2020-11-03,116.52427673339844,116.54181989289064,116.4628355000014,116.52427673339844,952800,0.0,0.0,0.0
2020-11-04,116.83143035253698,116.93675625695984,116.8226587737198,116.88408660888672,1127500,0.0,0.0,0.0
2020-11-05,116.8840856963287,116.90164224554934,116.78755815492336,116.85775756835938,1278600,0.0,0.0,0.0
2020-11-06,116.70860699379269,116.72616355002556,116.6296225783376,116.71739196777344,961700,0.0,0.0,0.0
2020-11-09,116.3663330078125,116.38388956483084,116.18203603017216,116.3663330078125,1765000,0.0,0.0,0.0
2020-11-10,116.19956706541,116.3136645865248,116.1820239019522,116.23468017578124,718100,0.0,0.0,0.0
2020-11-11,116.19952312945476,116.29606405888104,116.18197997263016,116.28729248046876,976600,0.0,0.0,0.0
2020-11-12,116.4452986391785,116.54183959960938,116.41897050376346,116.54183959960938,1009400,0.0,0.0,0.0
2020-11-13,116.52427936299198,116.5506074945492,116.4628381282084,116.48916625976562,663100,0.0,0.0,0.0
2020-11-16,116.45403921666748,116.50669546742355,116.44525424706016,116.47159576416016,785000,0.0,0.0,0.0
2020-11-17,116.5418086814167,116.60324990890302,116.5418086814167,116.585693359375,806900,0.0,0.0,0.0
2020-11-18,116.5856825898324,116.5856825898324,116.4803700858395,116.5505828857422,861300,0.0,0.0,0.0
2020-11-19,116.59452056884766,116.64717684478406,116.55940745707112,116.59452056884766,560200,0.0,0.0,0.0
2020-11-20,116.61200674604652,116.6734479657656,116.61200674604652,116.65589141845705,441000,0.0,0.0,0.0
2020-11-23,116.62960724879404,116.62960724879404,116.5681793976458,116.60327911376952,1159800,0.0,0.0,0.0
2020-11-24,116.58571180071615,116.60326835302124,116.53305553552651,116.56816864013672,750900,0.0,0.0,0.0
2020-11-25,116.61206373300756,116.67350498275226,116.59452056884766,116.59452056884766,429800,0.0,0.0,0.0
2020-11-27,116.66472229907475,116.72616355002556,116.66472229907475,116.71739196777344,240100,0.0,0.0,0.0
2020-11-30,116.73492431640624,116.7788090070581,116.70859618036062,116.73492431640624,634900,0.0,0.0,0.0
2020-12-01,116.58560472327628,116.59438224209644,116.40996054132806,116.48899841308594,1545700,0.0,0.0,0.0
2020-12-02,116.445085675087,116.47143163271468,116.36604780220394,116.46265411376952,838600,0.0,0.0,0.0
2020-12-03,116.52411526141016,116.62951248521792,116.50656022476834,116.59437561035156,803200,0.0,0.0,0.0
2020-12-04,116.45388793945312,116.47144297905356,116.39240509847085,116.45388793945312,541400,0.0,0.0,0.0
2020-12-07,116.55929232325452,116.62955269642006,116.55929232325452,116.61198425292967,406500,0.0,0.0,0.0
2020-12-08,116.67343491195368,116.72612682708998,116.62072959602511,116.63829803466795,571600,0.0,0.0,0.0
2020-12-09,116.54171195381524,116.60319479934192,116.49779754998114,116.5592803955078,796200,0.0,0.0,0.0
2020-12-10,116.60320936243212,116.69981570261494,116.5680724746586,116.69102478027344,687300,0.0,0.0,0.0
2020-12-11,116.79638691775534,116.86664727137622,116.77881847915208,116.8139419555664,528700,0.0,0.0,0.0
2020-12-14,116.7085581255312,116.84907883277296,116.69098968692792,116.8139419555664,578000,0.0,0.0,0.0
2020-12-15,116.76125912844616,116.78760508800556,116.71734472891607,116.77005004882812,614400,0.0,0.0,0.0
2020-12-16,116.65588848243796,116.78761829513182,116.64711096185664,116.75249481201172,674200,0.0,0.0,0.0
2020-12-17,116.82013637802366,116.8377163220979,116.65317384280748,116.71468353271484,832600,0.0,0.0,0.0
2020-12-18,116.73225768023292,116.76740415706784,116.68831452701356,116.70589447021484,552500,0.0,0.0,0.0
2020-12-21,116.74984342086334,116.76740995536926,116.6707403773134,116.71468353271484,783200,0.0,0.0,0.0
2020-12-22,116.75863861304506,116.8201483092346,116.73227539902533,116.79378509521484,694700,0.0,0.0,0.0
2020-12-23,116.72349364823972,116.7322769165039,116.66197054168067,116.7322769165039,1717300,0.0,0.0,0.0
2020-12-24,116.75864807534764,116.7850112915039,116.7498648064858,116.7850112915039,229600,0.0,0.0,0.0
2020-12-28,116.70591218500554,116.79378509521484,116.67954897098578,116.79378509521484,415600,0.0,0.0,0.0
2020-12-29,116.74984773311294,116.8201406928696,116.74105105596676,116.80257415771484,437700,0.0,0.0,0.0
2020-12-30,116.78502868064706,116.82897185064088,116.77624541047742,116.82017517089844,705600,0.0,0.0,0.0
2020-12-31,116.82013917997035,116.88166228092167,116.82013917997035,116.86408233642578,452400,0.0,0.0,0.0
2021-01-04,116.77621341928652,116.92560942867976,116.75863347419052,116.89924621582033,848800,0.0,0.0,0.0
2021-01-05,116.89924373934129,116.89924373934129,116.74984773311294,116.80257415771484,992800,0.0,0.0,0.0
2021-01-06,116.60047485455702,116.60047485455702,116.42471558095284,116.5213851928711,870900,0.0,0.0,0.0
2021-01-07,116.36313262811228,116.40707577124785,116.34555268894512,116.38069915771484,1404100,0.0,0.0,0.0
2021-01-08,116.2753274625283,116.31048736539223,116.18745452451628,116.24018096923828,1000600,0.0,0.0,0.0
2021-01-11,116.2138116288632,116.2138116288632,116.14350523641048,116.16107177734376,616400,0.0,0.0,0.0
2021-01-12,116.05561492962566,116.16106780991645,115.9853085395742,116.13470458984376,1111000,0.0,0.0,0.0
2021-01-13,116.18741854618514,116.31923461717228,116.18741854618514,116.28408813476562,1233100,0.0,0.0,0.0
2021-01-14,116.30167358052226,116.37197996633634,116.2050039762244,116.24894714355467,944900,0.0,0.0,0.0
2021-01-15,116.32801851946736,116.41590484031768,116.266508822528,116.38954162597656,568600,0.0,0.0,0.0
2021-01-19,116.31041419572848,116.44223022460938,116.28405098995228,116.44223022460938,1021400,0.0,0.0,0.0
2021-01-20,116.3719238726844,116.44223022460938,116.3719238726844,116.44223022460938,699600,0.0,0.0,0.0
2021-01-21,116.3807242058052,116.44224730134924,116.37194093911351,116.42466735839844,1403300,0.0,0.0,0.0
2021-01-22,116.45105379116872,116.50379363053868,116.44227052272548,116.48621368408205,700600,0.0,0.0,0.0
2021-01-25,116.53894289433018,116.65319243466904,116.53015962567736,116.63561248779295,647100,0.0,0.0,0.0
2021-01-26,116.60044678739784,116.63560667939906,116.60044678739784,116.61802673339844,1348700,0.0,0.0,0.0
2021-01-27,116.68829710500776,116.74982019224277,116.66193389892578,116.66193389892578,994500,0.0,0.0,0.0
2021-01-28,116.60926024949786,116.60926024949786,116.50380737745526,116.55653381347656,1842800,0.0,0.0,0.0
2021-01-29,116.45985840899026,116.59167449247656,116.45106173037712,116.53894805908205,777900,0.0,0.0,0.0
2021-02-01,116.56269460650329,116.64183617879848,116.5451031176462,116.6242446899414,1203100,0.0,0.0,0.0
2021-02-02,116.4923171705698,116.51869768902968,116.46593665210996,116.48352813720705,925000,0.0,0.0,0.0
2021-02-03,116.43955610999332,116.45713417671531,116.3779926213518,116.39558410644533,490500,0.0,0.0,0.0
2021-02-04,116.3516655135783,116.42201806787584,116.32528498301392,116.40442657470705,547900,0.0,0.0,0.0
2021-02-05,116.41320229670951,116.47475238109912,116.34284975856812,116.35163879394533,834800,0.0,0.0,0.0
2021-02-08,116.3165054808968,116.39564707907768,116.29012494816983,116.3340835571289,747200,0.0,0.0,0.0
2021-02-09,116.33408355712888,116.39564707907768,116.32529451901284,116.3340835571289,653800,0.0,0.0,0.0
2021-02-10,116.40435414504032,116.465917623636,116.38677608118672,116.45711517333984,865200,0.0,0.0,0.0
2021-02-11,116.457166658625,116.47475814862509,116.4132080611877,116.4307861328125,403900,0.0,0.0,0.0
2021-02-12,116.33408164313278,116.3780536697472,116.28132057854693,116.30770111083984,648500,0.0,0.0,0.0
2021-02-16,116.08780087652738,116.13177288286953,115.89433478331992,115.91192626953124,872900,0.0,0.0,0.0
2021-02-17,115.93830301344327,116.01744457125795,115.92072494617688,115.96468353271484,711800,0.0,0.0,0.0
2021-02-18,115.91188816954303,116.03500169581042,115.87671862705292,115.99983215332033,427900,0.0,0.0,0.0
2021-02-19,115.8767662272638,115.9207382372154,115.77123071970529,115.84158325195312,515700,0.0,0.0,0.0
2021-02-22,115.77120015644516,115.86793318545202,115.70965009346077,115.74481964111328,836700,0.0,0.0,0.0
2021-02-23,115.73606873069386,115.88556283960584,115.71847724188822,115.82401275634766,2092500,0.0,0.0,0.0
2021-02-24,115.60415656253264,115.7448482062345,115.5601845533375,115.70967864990234,1324900,0.0,0.0,0.0
2021-02-25,115.3051468208744,115.34032979309907,114.53129587077191,114.72476196289062,7173100,0.0,0.0,0.0
2021-02-26,114.92703638020068,115.27878565125702,114.69838727747693,115.2612075805664,3996700,0.0,0.0,0.0
2021-03-01,115.2770299946982,115.31223392131744,115.16265079909594,115.2946319580078,1455400,0.0,0.0,0.0
2021-03-02,115.27697970851308,115.4617666767459,115.25058348824524,115.45297241210938,1556800,0.0,0.0,0.0
2021-03-03,115.22423779418985,115.22423779418985,115.0482584397842,115.16265106201172,1368600,0.0,0.0,0.0
2021-03-04,115.18903311782316,115.2418255750114,114.84586871973715,114.90745544433594,2378700,0.0,0.0,0.0
2021-03-05,114.66992305800449,114.9074891851091,114.63471912530026,114.82830047607422,1538300,0.0,0.0,0.0
2021-03-08,114.643453295399,114.65226098714096,114.4938702257385,114.50267791748048,977500,0.0,0.0,0.0
2021-03-09,114.69627008005092,114.75785679630783,114.6082737124146,114.73146057128906,706600,0.0,0.0,0.0
2021-03-10,114.73148745548843,114.91627450028028,114.72269318720838,114.87227630615234,1110200,0.0,0.0,0.0
2021-03-11,114.90745544433594,114.97784986270774,114.80187052995949,114.90745544433594,1308100,0.0,0.0,0.0
2021-03-12,114.58187866210938,114.59948062108924,114.50268998624122,114.58187866210938,1368100,0.0,0.0,0.0
2021-03-15,114.59952934207296,114.6787180516075,114.5819273756098,114.6347198486328,834100,0.0,0.0,0.0
2021-03-16,114.6962976417401,114.74909010446376,114.63469748431994,114.67869567871094,872500,0.0,0.0,0.0
2021-03-17,114.52032970032984,114.92509437959932,114.44994868567728,114.74911499023438,2256200,0.0,0.0,0.0
2021-03-18,114.3355457009286,114.51152507437904,114.2563569968307,114.45873260498048,1547500,0.0,0.0,0.0
2021-03-19,114.27394596901618,114.52912747389767,114.27394596901618,114.39713287353516,1705500,0.0,0.0,0.0
2021-03-22,114.48511132008896,114.54669804950754,114.45871508942908,114.52030181884766,2178200,0.0,0.0,0.0
2021-03-23,114.62590001143144,114.75788116455078,114.59069608635728,114.75788116455078,1296100,0.0,0.0,0.0
2021-03-24,114.66108099299645,114.81066409623712,114.64347903192038,114.79307556152344,2460300,0.0,0.0,0.0
2021-03-25,114.8282660573132,114.88986620789828,114.6962849151486,114.79307556152344,1334200,0.0,0.0,0.0
2021-03-26,114.66987893782084,114.7666561496056,114.61707305908205,114.61707305908205,1380500,0.0,0.0,0.0
2021-03-29,114.67870496183396,114.68749923087852,114.42352346952786,114.46752166748048,1889800,0.0,0.0,0.0
2021-03-30,114.29154793433764,114.42352910833452,114.2475497342168,114.39713287353516,2155600,0.0,0.0,0.0
2021-03-31,114.34430398843035,114.38830217453898,114.2123228564658,114.29151153564452,1266900,0.0,0.0,0.0
2021-04-01,114.37781222441232,114.49226013749484,114.36899923803102,114.42183685302734,1225100,0.0,0.0,0.0
2021-04-05,114.14004481337174,114.28971774389444,114.0960202021768,114.2633056640625,1155300,0.0,0.0,0.0
2021-04-06,114.40422954814572,114.59792717536828,114.40422954814572,114.58031463623048,1338200,0.0,0.0,0.0
2021-04-07,114.58911418858384,114.72118808047072,114.56270209709268,114.58031463623048,1079800,0.0,0.0,0.0
2021-04-08,114.69479257655286,114.75641632080078,114.67718003486787,114.75641632080078,487100,0.0,0.0,0.0
2021-04-09,114.50105159965,114.67713664657876,114.4746395143321,114.597900390625,1027900,0.0,0.0,0.0
2021-04-12,114.50989142606912,114.52750396728516,114.46586679024531,114.52750396728516,2362800,0.0,0.0,0.0
2021-04-13,114.54511955831302,114.75641632080078,114.536306570254,114.75641632080078,895200,0.0,0.0,0.0
2021-04-14,114.65956012041784,114.68597221403049,114.58032383957992,114.66837310791016,1818200,0.0,0.0,0.0
2021-04-15,114.81802043305925,115.02931713469572,114.80040789644649,114.95008087158205,1281800,0.0,0.0,0.0
2021-04-16,114.80918884277344,114.89723807713972,114.79158974344176,114.80918884277344,1420800,0.0,0.0,0.0
2021-04-19,114.72995259249994,114.8884385274739,114.71234005874128,114.80918884277344,3039900,0.0,0.0,0.0
2021-04-20,114.81802979969648,115.03813950481003,114.81802979969648,115.00291442871094,2320600,0.0,0.0,0.0
2021-04-21,115.0117416381836,115.06456582443464,114.92369237147724,115.0117416381836,4112100,0.0,0.0,0.0
2021-04-22,114.9500758741202,115.03812511892689,114.86204006374209,115.02931213378906,1716100,0.0,0.0,0.0
2021-04-23,115.0117476966375,115.0205472499989,114.87087423625933,114.92369842529295,956000,0.0,0.0,0.0
2021-04-26,114.90606800771036,114.9412930845411,114.84444427490234,114.84444427490234,1073100,0.0,0.0,0.0
2021-04-27,114.78281817161934,114.83564235752668,114.67716979980467,114.67716979980467,2362300,0.0,0.0,0.0
2021-04-28,114.71234005874128,114.81800182686624,114.57148009195298,114.80918884277344,1184300,0.0,0.0,0.0
2021-04-29,114.58033120724996,114.7652293088598,114.553919111939,114.75641632080078,3258300,0.0,0.0,0.0
2021-04-30,114.79159825001754,114.84442242078104,114.7035490091264,114.83560943603516,966600,0.0,0.0,0.0
2021-05-03,114.82592244105108,115.01973741584902,114.8083126743022,114.93164825439452,1151800,0.0,0.0,0.0
2021-05-04,115.02857126645368,115.1430885360572,114.97570163136147,114.9845199584961,1469900,0.0,0.0,0.0
2021-05-05,114.96689668917548,115.10785549754036,114.96689668917548,115.09903717041016,1100700,0.0,0.0,0.0
2021-05-06,115.0549993050465,115.1695165745926,115.0549993050465,115.09903717041016,569200,0.0,0.0,0.0
2021-05-07,115.32809410010408,115.44261136518726,115.18713529723262,115.24880981445312,1258600,0.0,0.0,0.0
2021-05-10,115.26643321856872,115.31048452999862,115.13429272685195,115.16072082519533,1044100,0.0,0.0,0.0
2021-05-11,115.0638269496375,115.11668315258652,115.037398848163,115.0726318359375,569100,0.0,0.0,0.0
2021-05-12,114.77310887068056,114.8612115074174,114.76430398403689,114.78191375732422,840800,0.0,0.0,0.0
2021-05-13,114.86117661250532,114.9756938743828,114.82593019148848,114.95808410644533,746300,0.0,0.0,0.0
2021-05-14,115.02857208251952,115.09023316004011,114.966897562427,115.02857208251952,716700,0.0,0.0,0.0
2021-05-17,114.98455685535492,115.01978984748364,114.94931042065004,114.97573852539062,2657000,0.0,0.0,0.0
2021-05-18,114.98454240292472,115.04620349204382,114.94049108636854,115.019775390625,530400,0.0,0.0,0.0
2021-05-19,114.99335294688912,115.12549346048456,114.764304909132,114.8523941040039,1672400,0.0,0.0,0.0
2021-05-20,114.91404855243732,115.07261714103498,114.91404855243732,115.06381225585938,602200,0.0,0.0,0.0
2021-05-21,115.10786344225004,115.11666832741612,114.9933327222272,115.03738403320312,557900,0.0,0.0,0.0
2021-05-24,115.07263264300298,115.1431120616208,115.05502287027946,115.11668395996094,353700,0.0,0.0,0.0
2021-05-25,115.16073031678484,115.31929891991425,115.16073031678484,115.30168914794922,954400,0.0,0.0,0.0
2021-05-26,115.25761357290205,115.3368978577786,115.2311854779432,115.26641845703124,1030300,0.0,0.0,0.0
2021-05-27,115.15192369127426,115.1959615630956,115.09024916260628,115.1871566772461,693100,0.0,0.0,0.0
2021-05-28,115.17833609658184,115.31928146383704,115.17833609658184,115.22237396240234,715300,0.0,0.0,0.0
2021-06-01,115.16595268385856,115.21002960205078,115.10425575869908,115.21002960205078,3211100,0.0,0.0,0.0
2021-06-02,115.262939453125,115.3070163800855,115.22768598179042,115.262939453125,457400,0.0,0.0,0.0
2021-06-03,115.16598698834424,115.16598698834424,115.0425796508789,115.0425796508789,509000,0.0,0.0,0.0
2021-06-04,115.21884361452746,115.36869436379214,115.21884361452746,115.35987091064452,386600,0.0,0.0,0.0
2021-06-07,115.27175712066288,115.33345405499789,115.27175712066288,115.31583404541016,362000,0.0,0.0,0.0
2021-06-08,115.4480438232422,115.4568538274602,115.41277690559392,115.4480438232422,526600,0.0,0.0,0.0
2021-06-09,115.63315578948072,115.68605616948716,115.51857192543928,115.58026885986328,555400,0.0,0.0,0.0
2021-06-10,115.44807819835482,115.73014637158732,115.4392681915136,115.7213363647461,639800,0.0,0.0,0.0
2021-06-11,115.69485092051865,115.71248437819592,115.58907707522953,115.60669708251952,696900,0.0,0.0,0.0
2021-06-14,115.52734557385784,115.54497902831076,115.39512829142296,115.40393829345705,417200,0.0,0.0,0.0
2021-06-15,115.39514357050258,115.4303970336914,115.36870011051433,115.4303970336914,402200,0.0,0.0,0.0
2021-06-16,115.44803211316491,115.47447557352486,114.78691870339284,114.86624908447266,1600800,0.0,0.0,0.0
2021-06-17,114.88385778062025,115.02489850573262,114.8485908741502,114.9367446899414,1932600,0.0,0.0,0.0
2021-06-18,114.82221603752082,115.02496724492843,114.575401346269,114.9897003173828,2524800,0.0,0.0,0.0
2021-06-21,114.82216458625516,114.98083878832551,114.76046766628424,114.91912841796876,1229800,0.0,0.0,0.0
2021-06-22,114.96324732767846,115.10428812539864,114.93680385940478,115.08665466308594,997900,0.0,0.0,0.0
2021-06-23,115.04251850858378,115.09541886828882,114.92793468851583,114.9367446899414,740400,0.0,0.0,0.0
2021-06-24,114.9456233501905,115.00733374818172,114.8839264025912,114.91036987304688,518900,0.0,0.0,0.0
2021-06-25,114.98084828744484,114.98084828744484,114.76047714719763,114.82217407226562,1080800,0.0,0.0,0.0
2021-06-28,114.92794996940228,115.02491379951144,114.91912651641968,114.96320343017578,374300,0.0,0.0,0.0
2021-06-29,114.90151985618093,115.01610370479204,114.89269640217351,115.00729370117188,787500,0.0,0.0,0.0
2021-06-30,115.0602035522461,115.12191394104627,115.03376008572884,115.0602035522461,799200,0.0,0.0,0.0
2021-07-01,115.0460626718941,115.0725211307907,114.92258537770472,115.00196075439452,493300,0.0,0.0,0.0
2021-07-02,115.09900650253569,115.22248382559695,115.07254803745248,115.2136688232422,322900,0.0,0.0,0.0
2021-07-06,115.24891818377768,115.5840766154176,115.24891818377768,115.52233123779295,1112300,0.0,0.0,0.0
2021-07-07,115.5312236013263,115.6723309776336,115.47829319493464,115.62824249267578,987300,0.0,0.0,0.0
2021-07-08,115.7516609963019,115.9192267615829,115.70755907574724,115.83985137939452,907100,0.0,0.0,0.0
2021-07-09,115.65463963759258,115.67226963901749,115.5752507991151,115.60172271728516,669400,0.0,0.0,0.0
2021-07-12,115.6370167210703,115.65466018364592,115.4782524739272,115.54881286621094,479200,0.0,0.0,0.0
2021-07-13,115.46063526635454,115.51355220192768,115.28424099510408,115.31069946289062,978500,0.0,0.0,0.0
2021-07-14,115.4782146341259,115.58406191687692,115.4429411785518,115.57523345947266,432500,0.0,0.0,0.0
2021-07-15,115.65467126102428,115.74286166631175,115.5135504629403,115.70758819580078,680700,0.0,0.0,0.0
2021-07-16,115.50468948082155,115.71635713566889,115.49586102319311,115.68108367919922,840200,0.0,0.0,0.0
2021-07-19,116.0339274773464,116.2632521569436,116.00746900785764,116.12213134765624,1126700,0.0,0.0,0.0
2021-07-20,116.4308371410567,116.45729561490025,116.12215046020762,116.19271087646484,735100,0.0,0.0,0.0
2021-07-21,115.99863907039618,116.06037100524884,115.88397674535918,115.89279174804688,772200,0.0,0.0,0.0
2021-07-22,115.89274614673272,116.12207070657244,115.89274614673272,116.03386688232422,734400,0.0,0.0,0.0
2021-07-23,115.87514939441806,116.03390017399563,115.87514939441806,115.99862670898438,461500,0.0,0.0,0.0
2021-07-26,116.04273724236803,116.0603672471726,115.95453338626962,115.96334838867188,351000,0.0,0.0,0.0
2021-07-27,116.13093234293244,116.1838492755267,116.0780154103382,116.11328887939452,567400,0.0,0.0,0.0
2021-07-28,116.02510844366104,116.17504425156324,115.8839876392752,116.16622924804688,1150800,0.0,0.0,0.0
2021-07-29,115.96333978595518,116.0868171005215,115.94570978245852,115.99862670898438,506700,0.0,0.0,0.0
2021-07-30,116.13978047075445,116.21916935030838,116.12215046020762,116.19271087646484,605300,0.0,0.0,0.0
2021-08-02,116.27909837536228,116.52619921750107,116.25262424698926,116.42912292480467,571000,0.0,0.0,0.0
2021-08-03,116.44677849570938,116.5526884767002,116.42912458787988,116.4556121826172,510300,0.0,0.0,0.0
2021-08-04,116.64096090862972,116.6939091796708,116.2173612743116,116.3673858642578,738200,0.0,0.0,0.0
2021-08-05,116.18205417193546,116.19970808438876,116.040863270278,116.11146545410156,1051000,0.0,0.0,0.0
2021-08-06,115.8555141501744,115.89964219195032,115.80256588643834,115.81138610839844,538400,0.0,0.0,0.0
2021-08-09,115.89088378234004,115.95265230098148,115.670256921773,115.6790771484375,615700,0.0,0.0,0.0
2021-08-10,115.7055126801114,115.71433290383234,115.53783416748048,115.53783416748048,1472500,0.0,0.0,0.0
2021-08-11,115.60840593573072,115.74961027405396,115.51132963638186,115.63488006591795,844300,0.0,0.0,0.0
2021-08-12,115.58195394250068,115.64372243610558,115.52017198290632,115.54664611816406,532200,0.0,0.0,0.0
2021-08-13,115.61729457679245,115.79380683714582,115.6084743501727,115.78497314453124,474300,0.0,0.0,0.0
2021-08-16,115.9614118063966,116.08496224497922,115.94377136230467,115.94377136230467,448800,0.0,0.0,0.0
2021-08-17,115.91732687215708,116.01440320343802,115.88201904296876,115.88201904296876,621000,0.0,0.0,0.0
2021-08-18,115.89086828008294,115.91734242253006,115.70553581696004,115.82908630371094,659600,0.0,0.0,0.0
2021-08-19,115.95264399232616,115.97911813641758,115.87322156005186,115.90851593017578,498800,0.0,0.0,0.0
2021-08-20,115.90850873105228,115.94381656497715,115.79379193577915,115.82908630371094,416500,0.0,0.0,0.0
2021-08-23,115.84672467977173,115.89967295756291,115.7849427116878,115.88201904296876,353000,0.0,0.0,0.0
2021-08-24,115.8466948365466,115.8731689686222,115.74961853027344,115.74961853027344,747600,0.0,0.0,0.0
2021-08-25,115.7496251742982,115.78491953042894,115.55547255060752,115.59076690673828,626300,0.0,0.0,0.0
2021-08-26,115.59076704134088,115.60842095242111,115.47605028429088,115.56429290771484,2009300,0.0,0.0,0.0
2021-08-27,115.5466630572056,115.82025160495913,115.47607433016304,115.79377746582033,1430100,0.0,0.0,0.0
2021-08-30,115.81142519748649,115.97028350830078,115.79378474761222,115.97028350830078,538200,0.0,0.0,0.0
2021-08-31,115.92614824538276,115.98791674808756,115.8731999670668,115.89085388183594,719800,0.0,0.0,0.0
2021-09-01,115.95178137009268,115.96944591254936,115.84582106354868,115.91646575927734,611800,0.0,0.0,0.0
2021-09-02,115.97826467225664,115.97826467225664,115.8987944469906,115.95177459716795,525300,0.0,0.0,0.0
2021-09-03,115.89881729565762,115.89881729565762,115.836998125532,115.8899917602539,408400,0.0,0.0,0.0
2021-09-07,115.70450841097572,115.73099848228618,115.64270273594973,115.68684387207033,416700,0.0,0.0,0.0
2021-09-08,115.73101988973664,115.81932912650346,115.68686527135324,115.79283905029295,530800,0.0,0.0,0.0
2021-09-09,115.801666444456,115.96944591254936,115.75751182536332,115.91646575927734,492500,0.0,0.0,0.0
2021-09-10,115.80163904468044,115.83695464713976,115.6956787632076,115.75748443603516,477500,0.0,0.0,0.0
2021-09-13,115.79285765711585,115.854663353506,115.78401864756016,115.81050872802734,345800,0.0,0.0,0.0
2021-09-14,115.91645898841546,116.02241928877018,115.88996891332678,115.95177459716795,462800,0.0,0.0,0.0
2021-09-15,115.88995778132605,115.89878331414212,115.7928230239656,115.88111877441406,625100,0.0,0.0,0.0
2021-09-16,115.66035293712432,115.73983662455753,115.59854726255983,115.65152740478516,327100,0.0,0.0,0.0
2021-09-17,115.49258422851562,115.53673884250192,115.43077854821192,115.49258422851562,436600,0.0,0.0,0.0
2021-09-20,115.67806079252564,115.8016856620422,115.6339061661054,115.73104095458984,784000,0.0,0.0,0.0
2021-09-21,115.78395490875532,115.8104449746398,115.69565918050456,115.71331024169922,697600,0.0,0.0,0.0
2021-09-22,115.68685562620404,115.8546350776141,115.49258610079204,115.6162109375,1157300,0.0,0.0,0.0
2021-09-23,115.38665238265958,115.3954779179942,115.17471826773102,115.1923828125,817600,0.0,0.0,0.0
2021-09-24,115.10404784732444,115.13053791840896,114.99807408889124,115.04222869873048,808900,0.0,0.0,0.0
2021-09-27,114.90092549269744,114.98040917046931,114.86560989353826,114.87443542480467,704000,0.0,0.0,0.0
2021-09-28,114.75084269382936,114.8568164691177,114.63605685890484,114.75968170166016,892500,0.0,0.0,0.0
2021-09-29,114.84798182007,114.93629105714564,114.75968605709218,114.86564636230467,735200,0.0,0.0,0.0
2021-09-30,114.80380950904544,114.95392440966144,114.76849390411635,114.94509887695312,874600,0.0,0.0,0.0
2021-10-01,115.07233817409232,115.24019957154916,115.0458330333486,115.23136901855467,1536300,0.0,0.0,0.0
2021-10-04,115.11652645867184,115.23139107839113,115.04585505766612,115.13420104980467,856300,0.0,0.0,0.0
2021-10-05,115.02818518225008,115.04585977410753,114.9221645946322,114.99283599853516,516000,0.0,0.0,0.0
2021-10-06,114.94867371710852,115.01051456810328,114.91332453217105,114.95750427246094,481800,0.0,0.0,0.0
2021-10-07,114.84260317290789,114.8602777597636,114.7365826152927,114.75425720214844,396700,0.0,0.0,0.0
2021-10-08,114.75429244319834,114.75429244319834,114.56874292862992,114.61292266845705,540700,0.0,0.0,0.0
2021-10-11,114.47152196533764,114.48919655284584,114.3655014038086,114.3655014038086,199800,0.0,0.0,0.0
2021-10-12,114.45386859787264,114.58640780611717,114.42736345257626,114.56873321533205,561300,0.0,0.0,0.0
2021-10-13,114.48918361938551,114.65705847734898,114.4538344483624,114.53336334228516,1100100,0.0,0.0,0.0
2021-10-14,114.63940701492731,114.71892244312998,114.58639672945888,114.6570816040039,4573500,0.0,0.0,0.0
2021-10-15,114.4450070891982,114.50686139933497,114.28597626043327,114.3213119506836,558300,0.0,0.0,0.0
2021-10-18,114.09157438966818,114.19759492185524,113.99438440791124,114.14458465576172,667200,0.0,0.0,0.0
2021-10-19,114.17112919611708,114.18880378483428,114.09161376953124,114.09161376953124,592700,0.0,0.0,0.0
2021-10-20,114.1357717624169,114.21530066501089,114.10043606929962,114.11811065673828,595000,0.0,0.0,0.0
2021-10-21,113.97672643913756,114.01206212776516,113.80885158420011,113.81769561767578,828800,0.0,0.0,0.0
2021-10-22,113.8088811582071,113.95908146698213,113.69401654724192,113.91490173339844,985700,0.0,0.0,0.0
2021-10-25,113.96790399130587,114.10926023762606,113.95905995720136,114.06509399414062,539600,0.0,0.0,0.0
2021-10-26,113.98554440386908,114.047398704335,113.89719845117658,114.02972412109376,691400,0.0,0.0,0.0
2021-10-27,114.15348960473328,114.29485939429016,113.8707635073847,114.22417449951172,1394100,0.0,0.0,0.0
2021-10-28,114.0827633536148,114.27714337334918,113.9502376500506,114.0385971069336,1233800,0.0,0.0,0.0
2021-10-29,113.83535510352186,114.15343022368393,113.74700914232903,114.02090454101562,1173900,0.0,0.0,0.0
2021-11-01,113.86000131410782,114.08986942342568,113.83348014609616,114.03682708740234,1767500,0.0,0.0,0.0
2021-11-02,114.178303090234,114.36396481195372,114.15178191426212,114.26671600341795,858400,0.0,0.0,0.0
2021-11-03,114.2401768152596,114.25786209309126,113.87770281423958,114.15176391601562,2288000,0.0,0.0,0.0
2021-11-04,114.266712091934,114.54077322753967,114.266712091934,114.49656677246094,964000,0.0,0.0,0.0
2021-11-05,114.55843106960478,114.83249213956996,114.48770345640202,114.7617645263672,1625700,0.0,0.0,0.0
2021-11-08,114.64687012603969,114.65571951194666,114.3816583471813,114.39933013916016,1033500,0.0,0.0,0.0
2021-11-09,114.63802232026056,114.74410702078274,114.61150114513002,114.64685821533205,988500,0.0,0.0,0.0
2021-11-10,114.32860020843488,114.34627199797416,113.92191972046471,113.93075561523438,2343000,0.0,0.0,0.0
2021-11-11,113.85998744790652,113.87767272106473,113.66550340280992,113.6743392944336,544800,0.0,0.0,0.0
2021-11-12,113.9219003369041,114.01031322922,113.81581565805574,113.88654327392578,843000,0.0,0.0,0.0
2021-11-15,113.86888093799946,113.88656621800828,113.69206860765968,113.71858978271484,688700,0.0,0.0,0.0
2021-11-16,113.66551069386853,113.79811652628376,113.64782541957592,113.69203186035156,602600,0.0,0.0,0.0
2021-11-17,113.68322572787218,113.8954086303711,113.68322572787218,113.8954086303711,937200,0.0,0.0,0.0
2021-11-18,113.78047068554976,113.95728302001952,113.78047068554976,113.95728302001952,924000,0.0,0.0,0.0
2021-11-19,114.16060780653822,114.26669248859469,113.93073967553084,113.9661102294922,1263400,0.0,0.0,0.0
2021-11-22,113.62135322341712,113.7009167571578,113.40917031019109,113.45337677001952,1062400,0.0,0.0,0.0
2021-11-23,113.36494691237948,113.44452392414804,113.31190456447747,113.32958984375,859600,0.0,0.0,0.0
2021-11-24,113.27651526463116,113.40028520449071,113.20578765758118,113.37376403808594,841800,0.0,0.0,0.0
2021-11-26,114.11638118916194,114.31971462380255,114.05448947562574,114.20478057861328,1287600,0.0,0.0,0.0
2021-11-29,113.98379338214028,114.24901860364142,113.9661215933113,114.19597625732422,1464000,0.0,0.0,0.0
2021-11-30,114.57611292052782,114.7529252032931,114.0279773070692,114.34624481201172,2667500,0.0,0.0,0.0
2021-12-01,114.06850026208409,114.44888305664062,113.99773105617015,114.44888305664062,1556000,0.0,0.0,0.0
2021-12-02,114.2985086920914,114.32504545827088,114.00659076627052,114.13927459716795,1095900,0.0,0.0,0.0
2021-12-03,114.02426782115714,114.59040797062258,113.93581643714916,114.44888305664062,6126400,0.0,0.0,0.0
2021-12-06,114.33388792877652,114.3692657848277,114.07736135332736,114.14811706542967,1337600,0.0,0.0,0.0
2021-12-07,113.91810052110642,113.99771080192284,113.82079456749412,113.85618591308594,680500,0.0,0.0,0.0
2021-12-08,113.7677490829184,113.84735938335332,113.65274742817012,113.75005340576172,3451700,0.0,0.0,0.0
2021-12-09,113.84736181523,113.98005914996948,113.74121474571608,113.82966613769533,1337000,0.0,0.0,0.0
2021-12-10,113.89156966459468,114.06848590819412,113.83849614129925,113.88272857666016,2674900,0.0,0.0,0.0
2021-12-13,113.96233719505204,114.19232695858362,113.95349610724682,114.11271667480467,1154900,0.0,0.0,0.0
2021-12-14,113.9800675050037,114.05082322463484,113.90044369918454,113.96237182617188,619500,0.0,0.0,0.0
2021-12-15,113.83850169091028,113.98888118019302,113.6792676154172,113.94464874267578,1365200,0.0,0.0,0.0
2021-12-16,114.14206529959816,114.3368027504999,114.1332185087575,114.25714111328124,1709800,0.0,0.0,0.0
2021-12-17,114.38104559676606,114.4872610962302,114.23056913700896,114.30138397216795,1878600,0.0,0.0,0.0
2021-12-20,114.46069498480983,114.58461755645284,114.33677241316684,114.34561920166016,1334300,0.0,0.0,0.0
2021-12-21,114.1332113377767,114.16861200546602,113.97387456679962,114.0712432861328,1019700,0.0,0.0,0.0
2021-12-22,114.12433651523432,114.12433651523432,113.9561664819271,114.08893585205078,875000,0.0,0.0,0.0
2021-12-23,114.0358228464985,114.0358228464985,113.94730093279836,113.99156188964844,820100,0.0,0.0,0.0
2021-12-27,113.93842646779254,114.00038098709535,113.9207193880441,113.94727325439452,633300,0.0,0.0,0.0
2021-12-28,114.02700327698584,114.0358500678486,113.95618843043115,113.98274230957033,582100,0.0,0.0,0.0
2021-12-29,113.86765601485074,113.9030566815942,113.71717954472898,113.78799438476562,1630100,0.0,0.0,0.0
2021-12-30,113.87648232627328,113.95615744857996,113.7791136270516,113.92960357666016,5111000,0.0,0.0,0.0
2021-12-31,114.00928661974145,114.05354758344208,113.87650372863946,113.89421081542967,1926800,0.0,0.0,0.0
2022-01-03,113.54015948209272,113.54900627294248,113.39852978919096,113.4162368774414,1770700,0.0,0.0,0.0
2022-01-04,113.33653096792452,113.46045353893656,113.30997709603244,113.45160675048828,812300,0.0,0.0,0.0
2022-01-05,113.39851329970496,113.40736008926832,113.0444458722116,113.10640716552734,2110000,0.0,0.0,0.0
2022-01-06,112.93818960717594,112.97359701458996,112.81426705786312,112.87622833251952,1114600,0.0,0.0,0.0
2022-01-07,112.77887935096088,112.82313355035453,112.5841419644638,112.71691131591795,1270800,0.0,0.0,0.0
2022-01-10,112.52219498073497,112.672671433686,112.46908048013088,112.61071014404295,1498400,0.0,0.0,0.0
2022-01-11,112.46907049933245,112.7346227189648,112.45137016955124,112.70806884765624,921000,0.0,0.0,0.0
2022-01-12,112.83199952314276,112.86740693852272,112.71692373483936,112.7611846923828,696000,0.0,0.0,0.0
2022-01-13,112.78776356750367,112.95594713952168,112.72580226517216,112.93824005126952,564200,0.0,0.0,0.0
2022-01-14,112.79661933736296,112.79661933736296,112.4956596106172,112.51336669921876,573100,0.0,0.0,0.0
2022-01-18,112.1769838148521,112.22123802093355,111.9733928563998,111.98224639892578,919100,0.0,0.0,0.0
2022-01-19,112.1061331218398,112.25660953027756,112.08842604245176,112.14154052734376,2094700,0.0,0.0,0.0
2022-01-20,112.221241366878,112.24779524197344,112.15928007389716,112.23009490966795,1214100,0.0,0.0,0.0
2022-01-21,112.6018553929818,112.67267022417764,112.45137894164608,112.5398941040039,1024200,0.0,0.0,0.0
2022-01-24,112.74351622386844,112.8408849553623,112.57533264160156,112.57533264160156,1435300,0.0,0.0,0.0
2022-01-25,112.61073468984192,112.7258037518966,112.45140465984863,112.49565887451172,1240700,0.0,0.0,0.0
2022-01-26,112.51333573475176,112.56644347938952,111.93797707250532,111.96453094482422,1708800,0.0,0.0,0.0
2022-01-27,111.95566593545496,112.16810363270564,111.95566593545496,112.02647399902344,1788800,0.0,0.0,0.0
2022-01-28,111.98224973774455,112.28320265985886,111.98224973774455,112.23009490966795,1315500,0.0,0.0,0.0
2022-01-31,112.141595585007,112.30977240212977,112.11504170616,112.26551818847656,2467300,0.0,0.0,0.0
2022-02-01,112.30181096934147,112.3283818126066,112.06265986477588,112.1866683959961,2282400,0.0,0.0,0.0
2022-02-02,112.2752594372906,112.45240292791964,112.2752594372906,112.31954193115234,3000800,0.0,0.0,0.0
2022-02-03,112.080396225941,112.106967073464,111.974106078258,112.05382537841795,1344900,0.0,0.0,0.0
2022-02-04,111.6109255751978,111.6197780165891,111.39834534520772,111.44263458251952,1046900,0.0,0.0,0.0
2022-02-07,111.50465540417798,111.55779709238612,111.40722447073637,111.49579620361328,500100,0.0,0.0,0.0
2022-02-08,111.33635156887556,111.36292916751115,111.2477798461914,111.2477798461914,1078000,0.0,0.0,0.0
2022-02-09,111.38950000855746,111.4780717312416,111.2477798461914,111.2477798461914,965800,0.0,0.0,0.0
2022-02-10,110.88463993697412,110.92892242199,110.35319605606632,110.3886260986328,2527300,0.0,0.0,0.0
2022-02-11,110.76952367002816,111.19467755012988,110.44180750425826,111.12381744384766,2860400,0.0,0.0,0.0
2022-02-14,110.70749344088644,110.91121450308584,110.53034997969642,110.64549255371094,1718400,0.0,0.0,0.0
2022-02-15,110.53919601283532,110.68090941338872,110.48604757473734,110.5569076538086,739100,0.0,0.0,0.0
2022-02-16,110.71638807003524,110.83153068089494,110.60124545917554,110.77838897705078,940700,0.0,0.0,0.0
2022-02-17,110.89350411724448,111.07951354980467,110.8846516738581,111.07951354980467,1433100,0.0,0.0,0.0
2022-02-18,111.19466633483924,111.29209728175236,111.13266543749374,111.2212371826172,994600,0.0,0.0,0.0
2022-02-22,111.0618165402486,111.17695914476349,110.98210398887484,111.12381744384766,1134900,0.0,0.0,0.0
2022-02-23,110.90234669980654,110.99091842353084,110.77834493507466,110.84920501708984,1893500,0.0,0.0,0.0
2022-02-24,111.41610711814891,111.44267796784467,111.00867165510068,111.0618133544922,2436600,0.0,0.0,0.0
2022-02-25,110.92006708861382,111.04406885556983,110.77834692204152,111.03520965576172,1014700,0.0,0.0,0.0
2022-02-28,111.54892783534034,111.82350219314849,111.51349779601202,111.74378967285156,1621800,0.0,0.0,0.0
2022-03-01,112.2038002646194,112.77988748626592,112.1772127679292,112.48741149902344,5474100,0.0,0.0,0.0
2022-03-02,112.02653458803324,112.06198683402044,111.45044742393428,111.46817016601562,3791300,0.0,0.0,0.0
2022-03-03,111.56565559738858,111.76063955795031,111.44157612463552,111.67201232910156,1388800,0.0,0.0,0.0
2022-03-04,112.1683212574636,112.41648018314096,112.13286901639202,112.20377349853516,1707400,0.0,0.0,0.0
2022-03-07,111.90248502453056,112.14177929663752,111.82271575927734,111.82271575927734,1598600,0.0,0.0,0.0
2022-03-08,111.50361922907186,111.62769870557284,111.29091252104506,111.37068176269533,1939800,0.0,0.0,0.0
2022-03-09,111.10479365596382,111.14911065277836,110.94526193398556,111.0250244140625,1493900,0.0,0.0,0.0
2022-03-10,110.79461421211457,110.83892445480278,110.5819007046392,110.73257446289062,1384600,0.0,0.0,0.0
2022-03-11,110.64393642129528,110.68825342419385,110.51985692736964,110.63507843017578,1305300,0.0,0.0,0.0
2022-03-14,110.14760807441596,110.17419556892158,109.82854461669922,109.82854461669922,2109000,0.0,0.0,0.0
2022-03-15,110.20078211455736,110.23623436086784,109.76650393044736,109.8019561767578,1997400,0.0,0.0,0.0
2022-03-16,109.71332847920549,109.7665034675346,109.1549708162759,109.60697174072266,2710000,0.0,0.0,0.0
2022-03-17,109.59814084607056,109.731078349759,109.42087957144224,109.51837158203124,1370700,0.0,0.0,0.0
2022-03-18,109.50947880907134,109.67787528642626,109.50062081897596,109.58038330078124,2194700,0.0,0.0,0.0
2022-03-21,109.17268538861688,109.2435898756327,108.64977324915527,108.65863800048828,1369400,0.0,0.0,0.0
2022-03-22,108.42821948619888,108.48140124104816,108.31300474737154,108.33073425292967,2139600,0.0,0.0,0.0
2022-03-23,108.52568926263376,108.75612545493595,108.40160979643036,108.7295379638672,3401100,0.0,0.0,0.0
2022-03-24,108.41933475575516,108.5700017067146,108.38388251520765,108.4370574951172,2279900,0.0,0.0,0.0
2022-03-25,108.0559587389949,108.0825462300268,107.52418863288608,107.6128158569336,1842200,0.0,0.0,0.0
2022-03-28,107.6482632357136,107.8786994172858,107.57735875494932,107.6659927368164,1919800,0.0,0.0,0.0
2022-03-29,107.7900977910393,108.002804522014,107.6394240431832,107.93190002441406,2107000,0.0,0.0,0.0
2022-03-30,107.82552981640865,108.23322045840534,107.790077574258,108.17118072509766,2380000,0.0,0.0,0.0
2022-03-31,108.2863954407194,108.39275216717134,108.1268637319534,108.17118072509766,6251400,0.0,0.0,0.0
2022-04-01,107.55650985062834,107.84034664530274,107.51215760228426,107.61859893798828,2068200,0.0,0.0,0.0
2022-04-04,107.7427622764164,107.7427622764164,107.54762323809804,107.69841003417967,1393200,0.0,0.0,0.0
2022-04-05,107.53874128615136,107.53874128615136,106.9267223577026,106.95333099365234,1683500,0.0,0.0,0.0
2022-04-06,106.72271153675206,107.2105590865024,106.71383973570168,106.95333099365234,2023600,0.0,0.0,0.0
2022-04-07,107.01545220810924,107.21059128661835,106.9178826688547,107.04206085205078,1492400,0.0,0.0,0.0
2022-04-08,106.6162820862966,106.86464517292686,106.60741705146144,106.70498657226562,1199100,0.0,0.0,0.0
2022-04-11,106.52760819631324,106.62517773894244,106.5187363922914,106.57196044921876,1279000,0.0,0.0,0.0
2022-04-12,107.0065793264744,107.3081597449151,106.9356184318762,107.1041488647461,1433800,0.0,0.0,0.0
2022-04-13,107.36136347126,107.65407204910257,107.18396125717248,107.2637939453125,1437800,0.0,0.0,0.0
2022-04-14,107.13075008625388,107.14849369227582,106.62516558987517,106.67838287353516,1212200,0.0,0.0,0.0
2022-04-18,106.77597339863974,106.78484520339502,106.58084106445312,106.58084106445312,1034300,0.0,0.0,0.0
2022-04-19,106.30587054217489,106.39456828918928,105.99542504402235,106.02203369140624,1167900,0.0,0.0,0.0
2022-04-20,106.21713924688396,106.43888692798392,106.15505016686406,106.35018920898438,1948600,0.0,0.0,0.0
2022-04-21,106.09296857062976,106.10184037331618,105.65834497983212,105.9155731201172,2121200,0.0,0.0,0.0
2022-04-22,105.62285350408833,106.07521388580754,105.60510990056878,105.95990753173828,1382800,0.0,0.0,0.0
2022-04-25,106.52758615460915,106.811422919746,106.35906251628565,106.36792755126952,1617600,0.0,0.0,0.0
2022-04-26,106.8380379497421,106.92674244250516,106.6606424986213,106.85578155517578,1798700,0.0,0.0,0.0
2022-04-27,106.89125746156712,106.95334654354411,106.53645980718314,106.59854888916016,4848900,0.0,0.0,0.0
2022-04-28,106.36792004233476,106.47436135944784,106.19052461434816,106.43888092041016,1851200,0.0,0.0,0.0
2022-04-29,105.94218724191188,106.26150448311652,105.90670679653324,106.03975677490234,2080400,0.0,0.0,0.0
2022-05-02,105.84003241163222,105.8577833576247,105.61810833750722,105.6536102294922,2018400,0.0,0.0,0.0
2022-05-03,105.95545373021405,106.01759221369385,105.68026998517296,105.6980209350586,1706800,0.0,0.0,0.0
2022-05-04,105.5914488450764,106.31048729455976,105.44942099020244,106.27497863769533,3465100,0.0,0.0,0.0
2022-05-05,105.85774047232162,105.9465087114926,105.49378188736333,105.71570587158205,1786100,0.0,0.0,0.0
2022-05-06,105.5116057793908,105.84005592017984,105.4405884344764,105.4760971069336,1583800,0.0,0.0,0.0
2022-05-09,105.69799957431208,106.1240967839104,105.67136976857196,106.06195831298828,1732700,0.0,0.0,0.0
2022-05-10,106.28385422626154,106.37262247940066,106.13294074608312,106.16844940185548,2574900,0.0,0.0,0.0
2022-05-11,105.97317924551456,106.4525360484172,105.86666002659295,106.35488891601562,2423900,0.0,0.0,0.0
2022-05-12,106.57678694993156,106.887485989446,106.50577641219267,106.6478042602539,1415000,0.0,0.0,0.0
2022-05-13,106.46141520213637,106.51467481174456,106.2927507415969,106.39927673339844,1833200,0.0,0.0,0.0
2022-05-16,106.60345928487558,106.81651130085427,106.559078527653,106.67447662353516,2510600,0.0,0.0,0.0
2022-05-17,106.15958928189347,106.36376239547512,106.03531235104715,106.05307006835938,1323200,0.0,0.0,0.0
2022-05-18,105.99979476308464,106.48802355550735,105.99979476308464,106.3637466430664,991300,0.0,0.0,0.0
2022-05-19,106.940745585896,106.94962444283216,106.62117446202888,106.6478042602539,2239900,0.0,0.0,0.0
2022-05-20,106.59453511277766,106.97624465582923,106.58565625663708,106.86083984375,1388000,0.0,0.0,0.0
2022-05-23,106.75436427164225,106.86088349851322,106.49693151906132,106.53244018554688,1355000,0.0,0.0,0.0
2022-05-24,106.81649728609172,107.30472618699967,106.81649728609172,107.12718963623048,3302700,0.0,0.0,0.0
2022-05-25,107.39346779638312,107.40233988034944,107.1626649341789,107.33132934570312,2332000,0.0,0.0,0.0
2022-05-26,107.43783149819224,107.4910910838777,107.13601814919843,107.32243347167967,2504200,0.0,0.0,0.0
2022-05-27,107.42900875855352,107.437887618333,107.21596353194543,107.34024047851562,2504700,0.0,0.0,0.0
2022-05-31,106.93188648784177,106.94964420499537,106.70996243151488,106.80760955810548,5127200,0.0,0.0,0.0
2022-06-01,106.74631948113424,106.7907375190902,106.2043692588344,106.32875061035156,1770700,0.0,0.0,0.0
2022-06-02,106.46200638886808,106.48865856431964,106.24877542870652,106.4264678955078,1483800,0.0,0.0,0.0
2022-06-03,106.17770723733854,106.33762707136046,106.17770723733854,106.2754364013672,790400,0.0,0.0,0.0
2022-06-06,106.13327729552134,106.14216361316934,105.8134376429362,105.8489761352539,2057300,0.0,0.0,0.0
2022-06-07,106.00887984804513,106.1954518206482,105.99999353174783,106.04441833496094,1307800,0.0,0.0,0.0
2022-06-08,105.94669195156196,106.02664846550132,105.84007648803605,105.85784912109376,1100100,0.0,0.0,0.0
2022-06-09,105.75123295671727,105.86673473600662,105.62685163923142,105.73346710205078,1509100,0.0,0.0,0.0
2022-06-10,105.20930965231452,105.28038664561235,104.81839974572672,104.8717041015625,3059200,0.0,0.0,0.0
2022-06-13,104.09876322902798,104.23203090480234,103.31693659117428,103.69896697998048,4010200,0.0,0.0,0.0
2022-06-14,103.83220547422644,103.93881416226364,103.10368340011978,103.26360321044922,2673000,0.0,0.0,0.0
2022-06-15,103.77890336150872,104.28531500847052,103.36133455504869,104.19647216796876,3044400,0.0,0.0,0.0
2022-06-16,103.64564644148037,104.58739278759782,103.57456945505936,104.57850646972656,1782700,0.0,0.0,0.0
2022-06-17,104.56072959225136,104.62292025424664,104.08985646881956,104.48076629638672,1160500,0.0,0.0,0.0
2022-06-21,104.2497730455564,104.38304069100896,104.19646869868498,104.25865936279295,1057500,0.0,0.0,0.0
2022-06-22,104.99609981582536,105.13824704359386,104.8983706312387,105.06717681884766,1052100,0.0,0.0,0.0
2022-06-23,105.60022175291684,105.9378272890129,105.41364973731572,105.44918823242188,1673600,0.0,0.0,0.0
2022-06-24,105.3692280272143,105.69795403292169,105.28038517596976,105.30703735351562,1739800,0.0,0.0,0.0
2022-06-27,104.97832489013672,105.24485346104352,104.80951871710288,104.97832489013672,2029400,0.0,0.0,0.0
2022-06-28,104.88057392228572,105.0316074255793,104.81838325750168,104.9871826171875,1833300,0.0,0.0,0.0
2022-06-29,105.07604801438342,105.46696472167967,105.0405162939706,105.46696472167967,2217400,0.0,0.0,0.0
2022-06-30,105.88452515814768,106.1865922054784,105.83122080350697,106.02667236328124,6240300,0.0,0.0,0.0
2022-07-01,106.73722197890623,107.2619294125503,106.66608084327518,106.90619659423828,3262500,0.0,0.0,0.0
2022-07-05,107.12854196251958,107.27972622379986,106.95956732635926,107.02182006835938,2330900,0.0,0.0,0.0
2022-07-06,107.20856781441854,107.2263514013947,106.34591796773898,106.37259674072266,1708700,0.0,0.0,0.0
2022-07-07,106.35480981629402,106.35480981629402,105.91014549204822,105.9901885986328,1277300,0.0,0.0,0.0
2022-07-08,105.77674865641112,105.81232261555785,105.54552131447689,105.63445281982422,1221800,0.0,0.0,0.0
2022-07-11,105.94571442130376,106.17694175874256,105.91014046284864,106.03465270996094,890900,0.0,0.0,0.0
2022-07-12,106.337044634366,106.45265493606654,106.12360762159568,106.19475555419922,1496500,0.0,0.0,0.0
2022-07-13,105.67894442839231,106.3904034074395,105.60779649497547,106.221435546875,1548800,0.0,0.0,0.0
2022-07-14,105.67895797695743,106.0435793086443,105.5277736878444,105.89239501953124,2593100,0.0,0.0,0.0
2022-07-15,105.90125381111466,106.22141265745972,105.89235862509426,106.07911682128906,873300,0.0,0.0,0.0
2022-07-18,105.90126159366947,106.016871880275,105.69671301040188,105.92794036865234,480700,0.0,0.0,0.0
2022-07-19,105.8567995784214,105.9101571319826,105.59000502557564,105.62557220458984,880500,0.0,0.0,0.0
2022-07-20,105.92795863051414,105.93685381872176,105.49218939890936,105.52776336669922,865500,0.0,0.0,0.0
2022-07-21,105.88349989387174,106.38152870689724,105.82124714037371,106.35484313964844,1786500,0.0,0.0,0.0
2022-07-22,106.95069050064347,107.29752821290694,106.84396859493135,107.08409118652344,1501700,0.0,0.0,0.0
2022-07-25,106.78166757521898,106.96842573701004,106.7727723908372,106.89727783203124,1022400,0.0,0.0,0.0
2022-07-26,107.2886294094775,107.35088215611847,106.84396499488749,106.86175537109376,930300,0.0,0.0,0.0
2022-07-27,107.02180412138658,107.3864321166552,106.91508902816764,107.15520477294922,2182800,0.0,0.0,0.0
2022-07-28,107.85778633969429,107.97340341600234,107.58209660703294,107.81332397460938,1273400,0.0,0.0,0.0
2022-07-29,107.64436579169828,108.0267774720583,107.57321785464512,107.84001922607422,1608100,0.0,0.0,0.0
2022-08-01,107.95841566537942,108.11868410056344,107.84266888171052,108.00293731689452,1557100,0.0,0.0,0.0
2022-08-02,107.96734266343972,108.0741837792824,106.98792727425584,106.996826171875,2485200,0.0,0.0,0.0
2022-08-03,106.91668038294677,107.19269561767578,106.50710697904051,107.19269561767578,1311900,0.0,0.0,0.0
2022-08-04,107.25502982051523,107.6022770103263,107.1837978859255,107.5577621459961,773200,0.0,0.0,0.0
2022-08-05,106.59613645376577,106.66736837836234,106.45367260457256,106.51599884033205,995000,0.0,0.0,0.0
2022-08-08,106.73859801997185,106.889967564398,106.6851774707923,106.83654022216795,714900,0.0,0.0,0.0
2022-08-09,106.59614781625126,106.66737974844074,106.49820560775348,106.58724212646484,1020500,0.0,0.0,0.0
2022-08-10,107.0502221859215,107.2728168361689,106.73858424113544,106.74748992919922,904800,0.0,0.0,0.0
2022-08-11,107.01462467416496,107.10366119100236,106.42697143554688,106.42697143554688,855000,0.0,0.0,0.0
2022-08-12,106.7207808872802,106.75639684689595,106.46257027485316,106.63174438476562,953100,0.0,0.0,0.0
2022-08-15,106.9345009548425,107.0235374832542,106.82765983796916,106.8543701171875,682900,0.0,0.0,0.0
2022-08-16,106.71188525793625,106.7296966359479,106.52490654711583,106.6495590209961,1452600,0.0,0.0,0.0
2022-08-17,106.26668282219588,106.34682042727766,106.06189955163592,106.22216796875,1594000,0.0,0.0,0.0
2022-08-18,106.40918164412514,106.58725470255848,106.27562345377426,106.37356567382812,939600,0.0,0.0,0.0
2022-08-19,106.01738957560808,106.08862150062214,105.90164279224793,106.00848388671876,976300,0.0,0.0,0.0
2022-08-22,105.87494109404872,105.92836164561098,105.61673043974643,105.69686126708984,926500,0.0,0.0,0.0
2022-08-23,105.62565152294076,106.04413071288204,105.53661498728464,105.61675262451172,944600,0.0,0.0,0.0
2022-08-24,105.47428522706949,105.53661147926226,105.3229224421801,105.4030532836914,782000,0.0,0.0,0.0
2022-08-25,105.5009670573896,105.73246741441416,105.4030248599196,105.70575714111328,1683000,0.0,0.0,0.0
2022-08-26,105.58110459761492,105.75027192608734,105.38522020280986,105.53658294677734,1023700,0.0,0.0,0.0
2022-08-29,105.3407125673058,105.3407125673058,105.17154521632608,105.23387145996094,502800,0.0,0.0,0.0
2022-08-30,105.22496009228952,105.39413422719204,104.98456082068392,105.19824981689452,832500,0.0,0.0,0.0
2022-08-31,105.12702718762678,105.26949105973796,104.89552679197176,104.96675872802734,1508200,0.0,0.0,0.0
2022-09-01,104.71001403428734,104.84374466253816,104.42472520153602,104.60303497314452,2396000,0.0,0.0,0.0
2022-09-02,105.02201097984188,105.2627205696386,104.88828040692393,105.07550048828124,869200,0.0,0.0,0.0
2022-09-06,104.6653868792326,104.68321444614594,104.36226382715552,104.4425048828125,1811200,0.0,0.0,0.0
2022-09-07,104.64758003071626,104.89721364588311,104.6119180856924,104.87937927246094,1322600,0.0,0.0,0.0
2022-09-08,104.82591708628846,104.93289614743128,104.59411778410852,104.60303497314452,2343200,0.0,0.0,0.0
2022-09-09,104.68323540156172,104.8169659865476,104.46035336052526,104.53167724609376,1845300,0.0,0.0,0.0
2022-09-12,104.72782965354077,104.7902363619699,104.38013416346114,104.47820281982422,1061800,0.0,0.0,0.0
2022-09-13,103.8719276820816,103.96107912042832,103.72036275489154,103.88975524902344,1753400,0.0,0.0,0.0
2022-09-14,103.73820513433851,104.00566627185084,103.71146038095114,103.79169464111328,1518400,0.0,0.0,0.0
2022-09-15,103.59556404449089,103.67580511163392,103.48858502405974,103.5331573486328,761100,0.0,0.0,0.0
2022-09-16,103.5421139756202,103.80957523221902,103.49753483224627,103.69367218017578,772000,0.0,0.0,0.0
2022-09-19,103.36378512575976,103.5599224245808,103.3459507521466,103.47076416015624,1598100,0.0,0.0,0.0
2022-09-20,103.12307075754777,103.31920806029224,103.06066405229458,103.17656707763672,1044700,0.0,0.0,0.0
2022-09-21,103.22113957569594,103.38161493258065,102.6862239866872,103.23005676269533,1083400,0.0,0.0,0.0
2022-09-22,102.6683919201201,102.7129642495242,102.29394490256703,102.39201354980467,2502900,0.0,0.0,0.0
2022-09-23,102.35634188035506,102.3920038215824,102.03539121112894,102.22261810302734,1972500,0.0,0.0,0.0
2022-09-26,101.92839971403926,101.98188921842365,101.21517458042544,101.3310775756836,2201900,0.0,0.0,0.0
2022-09-27,101.46480484415709,101.5272115353692,101.01013043753424,101.05470275878906,2380800,0.0,0.0,0.0
2022-09-28,102.00866316842549,102.50792362558543,101.7412087681314,102.43659973144533,3989400,0.0,0.0,0.0
2022-09-29,101.96407453048008,102.25827364357497,101.88383346194888,102.12454986572266,1488200,0.0,0.0,0.0
2022-09-30,102.28504956161674,102.41877337131729,101.70555477956913,101.88385772705078,2719800,0.0,0.0,0.0
2022-10-03,102.49273796740624,103.10876109969225,102.340957834314,102.58201599121094,2479400,0.0,0.0,0.0
2022-10-04,102.87663498925,103.12661616928982,102.67128941337369,102.77842712402344,2078200,0.0,0.0,0.0
2022-10-05,102.4212892779351,102.4659248738378,102.1088128607162,102.26951599121094,2134100,0.0,0.0,0.0
2022-10-06,102.16242285509196,102.23384801345595,101.90351176463092,101.92137145996094,2680200,0.0,0.0,0.0
2022-10-07,101.61778551292258,101.76063578406216,101.53743734401344,101.55529022216795,1056700,0.0,0.0,0.0
2022-10-10,101.52852329157604,101.53745313778025,101.10890906917892,101.33210754394533,765400,0.0,0.0,0.0
2022-10-11,101.55531124848602,101.78743958141048,101.3856782192554,101.44817352294922,1552500,0.0,0.0,0.0
2022-10-12,101.44813219278052,101.77846826999816,101.42134947517695,101.6981201171875,1227500,0.0,0.0,0.0
2022-10-13,100.74286259727003,101.5374554521082,100.74286259727003,101.23390197753906,1111700,0.0,0.0,0.0
2022-10-14,101.57313811174129,101.5820679561179,100.9035428244811,100.97496795654295,1389600,0.0,0.0,0.0
2022-10-17,101.46601731236365,101.53744245152625,101.09996858276244,101.13568115234376,929800,0.0,0.0,0.0
2022-10-18,101.37672643419462,101.4660044410846,101.0374604719473,101.29637145996094,774600,0.0,0.0,0.0
2022-10-19,100.84105167529088,100.95711922252369,100.68034852729416,100.70713806152344,992700,0.0,0.0,0.0
2022-10-20,100.54644765965888,100.71607386242614,100.22504132292124,100.28753662109376,1613500,0.0,0.0,0.0
2022-10-21,100.36788374432908,100.90355869610111,100.2964586010324,100.7339324951172,2183300,0.0,0.0,0.0
2022-10-24,100.67141359884612,100.93032457399693,100.51963350205084,100.71604919433594,1349900,0.0,0.0,0.0
2022-10-25,101.24282827163177,101.4749565897485,101.16247327973578,101.26068115234376,1023500,0.0,0.0,0.0
2022-10-26,101.3677961982146,101.65348990604332,101.35886635411754,101.50171661376952,1168300,0.0,0.0,0.0
2022-10-27,101.76955083096784,102.0998869484479,101.60884769428502,102.03739166259766,1201000,0.0,0.0,0.0
2022-10-28,101.59992971513194,101.85883390404967,101.4481496035388,101.61778259277344,1320200,0.0,0.0,0.0
2022-10-31,101.33213867301352,101.45712931236147,101.1446527139916,101.36785125732422,1409900,0.0,0.0,0.0
2022-11-01,101.80865054725598,101.8265306740358,101.19168043433385,101.22744750976562,1062800,0.0,0.0,0.0
2022-11-02,101.3257877442205,101.78180934979724,100.97706734638858,101.13801574707033,1467600,0.0,0.0,0.0
2022-11-03,100.5747123714268,100.88766573926644,100.55682542362352,100.81613159179688,1752000,0.0,0.0,0.0
2022-11-04,100.88763927804844,101.12905843509812,100.71774742783607,100.89657592773438,895000,0.0,0.0,0.0
2022-11-07,100.85185869643988,100.88762575599964,100.6551432797957,100.69091033935548,710700,0.0,0.0,0.0
2022-11-08,100.81610909730176,101.12011892340786,100.81610909730176,101.04859161376952,1146100,0.0,0.0,0.0
2022-11-09,101.04858085396384,101.37941423869046,100.98599020102613,101.36153411865234,1394800,0.0,0.0,0.0
2022-11-10,102.40770448565527,102.8458390963804,102.3898243639782,102.81901550292967,7082700,0.0,0.0,0.0
2022-11-11,102.55973046896284,102.72962235821775,102.52397021826116,102.69385528564452,762300,0.0,0.0,0.0
2022-11-14,102.57760849151316,102.60443208814142,102.38983649324436,102.53289794921876,756500,0.0,0.0,0.0
2022-11-15,102.88161328664204,103.01573808505444,102.67596117469752,102.9889144897461,921600,0.0,0.0,0.0
2022-11-16,103.23928158771284,103.38234986467938,103.10515678352442,103.30187225341795,1151900,0.0,0.0,0.0
2022-11-17,102.96209047055744,102.9710339429136,102.7832551327869,102.89055633544922,1558800,0.0,0.0,0.0
2022-11-18,102.83689393853273,102.926308183261,102.6044114447436,102.6222915649414,808700,0.0,0.0,0.0
2022-11-21,102.87266992323696,102.9173736385436,102.55970980673978,102.58654022216795,831900,0.0,0.0,0.0
2022-11-22,102.78324390048552,102.87266497053405,102.69382965230687,102.77430725097656,1398000,0.0,0.0,0.0
2022-11-23,102.810080603314,103.09621030810956,102.80113713138812,103.0783233642578,982400,0.0,0.0,0.0
2022-11-25,102.95314602556878,103.0962142944336,102.93526590289596,103.0962142944336,256800,0.0,0.0,0.0
2022-11-28,103.1230352595169,103.24821658064594,103.04255765486516,103.10514831542967,668300,0.0,0.0,0.0
2022-11-29,102.93530010200084,103.12307215086815,102.89058954765837,102.9442367553711,667800,0.0,0.0,0.0
2022-11-30,102.78325139254652,103.65058398902757,102.6759570156592,103.6416473388672,2260300,0.0,0.0,0.0
2022-12-01,103.76971550855086,104.2801902196047,103.7518002793024,104.27123260498048,1196100,0.0,0.0,0.0
2022-12-02,103.83238056723496,104.37867877481244,103.67117770544722,104.36076354980467,931700,0.0,0.0,0.0
2022-12-05,103.993613048924,104.0204790614313,103.6174683758466,103.63538360595705,999900,0.0,0.0,0.0
2022-12-06,103.73388781263476,104.0115123611715,103.69806418820136,103.93986511230467,1487300,0.0,0.0,0.0
2022-12-07,104.20855424821552,104.57573449565972,104.17273061849876,104.5309600830078,1970200,0.0,0.0,0.0
2022-12-08,104.18169002437534,104.33393532879384,104.0742191333782,104.14586639404295,764600,0.0,0.0,0.0
2022-12-09,104.02942397214086,104.04733236740594,103.8323974609375,103.8323974609375,828900,0.0,0.0,0.0
2022-12-12,104.0383896543288,104.07421328264728,103.66225180597236,103.7607650756836,1912100,0.0,0.0,0.0
2022-12-13,104.73691588976264,104.80856313447278,104.34286970917148,104.36973571777344,2309600,0.0,0.0,0.0
2022-12-14,104.5130183548682,104.67422123139494,104.14583820051436,104.56675720214844,1523100,0.0,0.0,0.0
2022-12-15,104.63134944244892,104.67620443909703,104.37120551849527,104.58649444580078,1497300,0.0,0.0,0.0
2022-12-16,104.25459329089549,104.71208825503014,104.191800401223,104.5685577392578,961100,0.0,0.0,0.0
2022-12-19,104.29944541277057,104.29944541277057,104.12003910514038,104.1648941040039,1594900,0.0,0.0,0.0
2022-12-20,103.7791796516804,103.93167571999338,103.7163867503802,103.83300018310548,2172800,0.0,0.0,0.0
2022-12-21,104.12004239619314,104.13798028995836,103.88680871377224,103.92269134521484,1042400,0.0,0.0,0.0
2022-12-22,103.91372215622197,104.08416294981195,103.8509292602539,103.8509292602539,1093300,0.0,0.0,0.0
2022-12-23,103.5728182281858,103.71634871790437,103.5548803389262,103.66252136230467,804000,0.0,0.0,0.0
2022-12-27,103.3395995057773,103.42930949674268,103.11533821618671,103.17813110351562,806200,0.0,0.0,0.0
2022-12-28,103.24094323043798,103.2768258647288,103.0615369028966,103.10639190673828,1453900,0.0,0.0,0.0
2022-12-29,103.21402402657482,103.33960981375964,103.13329323934693,103.29476165771484,1009600,0.0,0.0,0.0
2022-12-30,103.08844133011064,103.2857923855785,102.9180073817712,103.06153106689452,1207900,0.0,0.0,0.0
2023-01-03,103.58182032452932,103.63564085166598,103.27682136829269,103.36653137207033,1381000,0.0,0.0,0.0
2023-01-04,103.85989052773672,103.9137110488386,103.62665686310912,103.77018737792967,846900,0.0,0.0,0.0
2023-01-05,103.33961799914157,103.65358933588492,103.25888720551907,103.59976196289062,857000,0.0,0.0,0.0
2023-01-06,103.70739832531504,104.5416506528156,103.61769517218944,104.49679565429688,1966300,0.0,0.0,0.0
2023-01-09,104.51473909901024,104.82870355302376,104.49679436225983,104.68517303466795,1676000,0.0,0.0,0.0
2023-01-10,104.48783934904432,104.55063224616384,104.26357802448705,104.46092224121094,2204300,0.0,0.0,0.0
2023-01-11,104.5416686303858,104.77490234375,104.52372389032764,104.77490234375,2027000,0.0,0.0,0.0
2023-01-12,105.11576256649668,105.4117891412476,104.86459099176696,105.40281677246094,1285100,0.0,0.0,0.0
2023-01-13,105.25927098772176,105.37589123330524,104.96325129979796,105.07089233398438,3474200,0.0,0.0,0.0
2023-01-17,104.92741717673688,105.1696164595247,104.92741717673688,105.01712036132812,2357400,0.0,0.0,0.0
2023-01-18,105.7347213909853,105.869272697387,105.5911908722744,105.8333969116211,1446900,0.0,0.0,0.0
2023-01-19,105.66296366611908,105.77957708795314,105.546350244285,105.67193603515624,1311900,0.0,0.0,0.0
2023-01-20,105.3220841076457,105.3938425249235,105.16958121663936,105.28620147705078,1298300,0.0,0.0,0.0
2023-01-23,105.06194464384204,105.23237859153744,105.01708964270983,105.02606201171876,1098300,0.0,0.0,0.0
2023-01-24,105.05296780013992,105.3220841076457,104.90047175304557,105.28620147705078,712800,0.0,0.0,0.0
2023-01-25,105.35796959998628,105.53738276948847,105.23238380329106,105.39385223388672,815700,0.0,0.0,0.0
2023-01-26,105.28622172326683,105.35798015434358,105.08887063900087,105.16960144042967,1052200,0.0,0.0,0.0
2023-01-27,104.97223948879602,105.08885975955992,104.92739132950516,105.07988739013672,696100,0.0,0.0,0.0
2023-01-30,104.8376772024692,104.93635272406664,104.7748843108992,104.82870483398438,665900,0.0,0.0,0.0
2023-01-31,105.11574080046172,105.223388671875,104.90941742456393,105.223388671875,2042500,0.0,0.0,0.0
2023-02-01,105.33210251628384,105.79929071428607,105.0266391098492,105.7723388671875,1474500,0.0,0.0,0.0
2023-02-02,105.97898716494034,106.041877100655,105.71844118712556,105.75437927246094,1636300,0.0,0.0,0.0
2023-02-03,105.1344718015692,105.26923792398512,104.90088450083736,104.9547882080078,3338000,0.0,0.0,0.0
2023-02-06,104.39772400117964,104.50553823479476,104.20007485461647,104.2180404663086,1094900,0.0,0.0,0.0
2023-02-07,104.28094165866666,104.72117116481786,104.13719618613266,104.18211364746094,1280000,0.0,0.0,0.0
2023-02-08,104.28094637562576,104.44266432359666,104.155166511036,104.36180877685548,1379700,0.0,0.0,0.0
2023-02-09,104.50557579649768,104.50557579649768,104.002456234436,104.07432556152344,1643400,0.0,0.0,0.0
2023-02-10,104.06533386013716,104.09228571141556,103.80478787363089,103.81377410888672,1801800,0.0,0.0,0.0
2023-02-13,103.7778520325304,103.9215975463543,103.76886579588825,103.89464569091795,2043100,0.0,0.0,0.0
2023-02-14,103.58017898330934,103.73291070875266,103.34658485031488,103.45439910888672,2930100,0.0,0.0,0.0
2023-02-15,103.391508818147,103.55322677820728,103.292680795083,103.3825225830078,2027700,0.0,0.0,0.0
2023-02-16,103.29265957526684,103.44539126881166,103.15789349382064,103.25672149658205,2473500,0.0,0.0,0.0
2023-02-17,103.15791503868093,103.47236472473747,103.13994942283016,103.45439910888672,1585100,0.0,0.0,0.0
2023-02-21,103.02314729399812,103.08603723021128,102.7715875491454,102.80752563476562,1746600,0.0,0.0,0.0
2023-02-22,103.00518483638676,103.10401286125006,102.8614324894986,102.90635681152344,3576700,0.0,0.0,0.0
2023-02-23,102.92433633654056,103.16691674107363,102.88839824496192,103.1040267944336,1244300,0.0,0.0,0.0
2023-02-24,102.6188595288086,102.72666693507028,102.4751071811408,102.62784576416016,1845900,0.0,0.0,0.0
2023-02-27,102.85245156439036,102.90635526641948,102.7086992196606,102.82549285888672,956900,0.0,0.0,0.0
2023-02-28,102.6548083032147,102.90636808333429,102.57394588561058,102.87042999267578,1463800,0.0,0.0,0.0
2023-03-01,102.6022467915136,102.6742368333243,102.359258944143,102.40425872802734,1275600,0.0,0.0,0.0
2023-03-02,102.13424226569856,102.242237594121,102.1072451500932,102.21524047851562,1394300,0.0,0.0,0.0
2023-03-03,102.50324147585852,102.55723571777344,102.23325653427942,102.55723571777344,1348800,0.0,0.0,0.0
2023-03-06,102.71021463436335,102.71021463436335,102.43123525518584,102.4852294921875,1078100,0.0,0.0,0.0
2023-03-07,102.55722202811724,102.5932204732561,102.20624577051515,102.2692413330078,1691000,0.0,0.0,0.0
2023-03-08,102.47626662376712,102.56625933518217,102.10728758116056,102.18828582763672,1444600,0.0,0.0,0.0
2023-03-09,102.45821964814218,102.90818987660656,102.3952240907972,102.80020141601562,1014800,0.0,0.0,0.0
2023-03-10,103.7451414726171,104.06011927967286,103.50216055460302,103.99712371826172,2453100,0.0,0.0,0.0
2023-03-13,105.34706379665414,105.81503683960636,104.96008899290652,105.2480697631836,7397700,0.0,0.0,0.0
2023-03-14,104.7441110694212,104.8701022344344,104.20414795279272,104.5731201171875,3880000,0.0,0.0,0.0
2023-03-15,105.82401512858615,106.3549836693156,105.40104880095689,105.77902221679688,10387100,0.0,0.0,0.0
2023-03-16,106.1390144608184,106.25600428678734,104.9150944891316,105.05008697509766,4176200,0.0,0.0,0.0
2023-03-17,105.56304506734402,106.25599637355889,105.5180452867056,105.95001983642578,3241300,0.0,0.0,0.0
2023-03-20,106.21998284526867,106.21998284526867,105.46403607306148,105.65302276611328,2794300,0.0,0.0,0.0
2023-03-21,105.07707969488068,105.31105933701151,104.8790916392294,104.9600830078125,1940400,0.0,0.0,0.0
2023-03-22,104.84309035972784,106.07601157649158,104.7620989933286,105.95901489257812,2876600,0.0,0.0,0.0
2023-03-23,106.03102780251024,106.65198916932442,105.93203376240932,106.56199645996094,2251500,0.0,0.0,0.0
2023-03-24,107.1199359482993,107.15593439871606,106.4899802310121,106.53497314453124,3376700,0.0,0.0,0.0
2023-03-27,105.79699576586204,105.97698797318444,105.6260117514066,105.6620101928711,1311200,0.0,0.0,0.0
2023-03-28,105.46403503417967,105.59902062360015,105.32904257875772,105.46403503417967,945500,0.0,0.0,0.0
2023-03-29,105.1940603516374,105.50903820091384,105.1940603516374,105.36505126953124,2101400,0.0,0.0,0.0
2023-03-30,105.23005914113284,105.4820414213685,105.19406069167027,105.42804718017578,1115600,0.0,0.0,0.0
2023-03-31,105.49105407885224,105.8780288696289,105.4010613785327,105.8780288696289,1639000,0.0,0.0,0.0
2023-04-03,105.70132893298192,106.27829086050548,105.64724090162932,106.19715881347656,2634400,0.0,0.0,0.0
2023-04-04,105.96275216983726,106.8101679003285,105.96275216983726,106.75607299804688,2502400,0.0,0.0,0.0
2023-04-05,107.0896346613588,107.45023754830396,106.95440771901336,106.9634246826172,1980000,0.0,0.0,0.0
2023-04-06,107.02652869059456,107.17076571729322,106.92736272564576,106.95440673828124,1990500,0.0,0.0,0.0
2023-04-10,106.32335572219738,106.3594166979714,106.17009485567584,106.22418975830078,1207600,0.0,0.0,0.0
2023-04-11,106.2782822440012,106.28729920780516,106.00782835330774,106.1881332397461,832100,0.0,0.0,0.0
2023-04-12,106.5938034810922,106.62986445712248,106.19714650061498,106.50365447998048,2727400,0.0,0.0,0.0
2023-04-13,106.70199216876038,106.81017510269074,106.34138926692084,106.39547729492188,1187400,0.0,0.0,0.0
2023-04-14,106.08896229056,106.08896229056,105.85456938815952,105.9537353515625,1468700,0.0,0.0,0.0
2023-04-17,105.67428084155142,105.72836887081792,105.50299291163628,105.53003692626952,1029700,0.0,0.0,0.0
2023-04-18,105.53902111838836,105.77341396897332,105.51197711215283,105.59310913085938,2874200,0.0,0.0,0.0
2023-04-19,105.43990325927734,105.4849812088437,105.29566620093796,105.43990325927734,1220100,0.0,0.0,0.0
2023-04-20,105.8365455839874,105.95373859981652,105.79146764363033,105.89965057373048,736100,0.0,0.0,0.0
2023-04-21,106.09797621975568,106.1250202311962,105.70131237748754,105.73737335205078,783000,0.0,0.0,0.0
2023-04-24,105.95375150195004,106.09799542631504,105.88162953976754,106.05291748046876,576600,0.0,0.0,0.0
2023-04-25,106.5126826541276,106.92737360523093,106.48563863874044,106.90032958984376,1806000,0.0,0.0,0.0
2023-04-26,106.85525977432084,106.90934780920978,106.44056879167096,106.63890075683594,1569100,0.0,0.0,0.0
2023-04-27,106.29632291209396,106.34139397811548,106.00783507549896,106.08897399902344,1173900,0.0,0.0,0.0
2023-04-28,106.42253323179038,106.56677027260676,106.26927234864168,106.53972625732422,1318200,0.0,0.0,0.0
2023-05-01,106.28777279768256,106.30583745037109,105.81819517247578,105.86334991455078,1160600,0.0,0.0,0.0
2023-05-02,106.0439744105119,106.8296215939902,106.025916644182,106.74834442138672,1768900,0.0,0.0,0.0
2023-05-03,106.983126916489,107.36240198148424,106.8747596594988,107.33531188964844,1478300,0.0,0.0,0.0
2023-05-04,107.2179236228049,107.9764737841204,107.2179236228049,107.49786376953124,3701300,0.0,0.0,0.0
2023-05-05,107.06436540928712,107.11855246651994,106.86569560860492,107.01018524169922,1734100,0.0,0.0,0.0
2023-05-08,106.6128557594824,106.80249325368442,106.5857656731172,106.63092041015624,1005300,0.0,0.0,0.0
2023-05-09,106.59481447302176,106.6580269808588,106.4774217840806,106.5496597290039,1635300,0.0,0.0,0.0
2023-05-10,106.89279618174952,107.23594873743708,106.89279618174952,107.16370391845705,1726600,0.0,0.0,0.0
2023-05-11,107.5520214486132,107.63329860011557,107.25401670918085,107.2991714477539,1275600,0.0,0.0,0.0
2023-05-12,107.25403944602768,107.29919419417313,106.84767427130762,106.88379669189452,1686400,0.0,0.0,0.0
2023-05-15,106.74832031889244,106.83862290944784,106.72123023069044,106.82959747314452,1082300,0.0,0.0,0.0
2023-05-16,106.6128750033644,106.68511983980903,106.38711505671006,106.58578491210938,1567400,0.0,0.0,0.0
2023-05-17,106.558664720498,106.57672247968485,106.19744752995716,106.27872467041016,1108200,0.0,0.0,0.0
2023-05-18,105.98977039613187,106.00782815840252,105.74594582277902,105.80915832519533,1959900,0.0,0.0,0.0
2023-05-19,105.53826053726202,105.96268344241012,105.40280319365674,105.52922821044922,2268000,0.0,0.0,0.0
2023-05-22,105.54731185724606,105.73694942893862,105.41186137007163,105.4660415649414,1879300,0.0,0.0,0.0
2023-05-23,105.3666844107006,105.62856678013208,105.28540724587508,105.57438659667967,1318400,0.0,0.0,0.0
2023-05-24,105.61953298625224,105.6285653132512,105.2763803464076,105.34862518310548,1813200,0.0,0.0,0.0
2023-05-25,105.09577317700872,105.17705034451228,104.7526205210919,104.79777526855467,2448600,0.0,0.0,0.0
2023-05-26,104.59908464332712,104.78872214366848,104.43653723022796,104.72550964355467,1267400,0.0,0.0,0.0
2023-05-30,104.94224292308178,105.32151794433594,104.87903041953942,105.32151794433594,986200,0.0,0.0,0.0
2023-05-31,105.42083910853094,105.69175373959284,105.26732403276368,105.5472640991211,2805800,0.0,0.0,0.0
2023-06-01,105.78253161933742,106.0358585111284,105.75539043845124,105.84586334228516,1291700,0.0,0.0,0.0
2023-06-02,105.66487455484504,105.69201572469136,105.13107290486354,105.19440460205078,1420400,0.0,0.0,0.0
2023-06-05,104.93205388483648,105.43870755178712,104.85062345828312,105.2306137084961,1997900,0.0,0.0,0.0
2023-06-06,105.257736299238,105.257736299238,105.03155068033544,105.19440460205078,971600,0.0,0.0,0.0
2023-06-07,105.12205486642137,105.17633721872204,104.69682469969548,104.80538940429688,1138000,0.0,0.0,0.0
2023-06-08,105.00442804965908,105.25775488313438,104.99538559320531,105.2306137084961,1070200,0.0,0.0,0.0
2023-06-09,104.9682558302821,105.004446370327,104.82350057274223,104.89588165283205,886400,0.0,0.0,0.0
2023-06-12,105.00441732153917,105.0767983816052,104.77823168581112,105.0677490234375,745200,0.0,0.0,0.0
2023-06-13,105.2396531036727,105.28489299221228,104.452524600494,104.56109619140624,1363000,0.0,0.0,0.0
2023-06-14,104.79632786109735,104.85965956146008,104.1991944839882,104.52490234375,3416800,0.0,0.0,0.0
2023-06-15,104.922995426857,105.08584936320258,104.83252255169567,105.05870819091795,1387700,0.0,0.0,0.0
2023-06-16,104.6515670774986,104.832519725581,104.4796706901175,104.7058563232422,1424800,0.0,0.0,0.0
2023-06-20,104.7872905826545,105.04061741330791,104.7872905826545,104.86872100830078,1072000,0.0,0.0,0.0
2023-06-21,104.66968582450907,104.98634439095578,104.60635411121972,104.9139633178711,1746200,0.0,0.0,0.0
2023-06-22,104.7330122428174,104.84157694431669,104.50682657784228,104.5792007446289,1135000,0.0,0.0,0.0
2023-06-23,105.03157338389148,105.0858626379566,104.66968183753096,104.7601547241211,1240400,0.0,0.0,0.0
2023-06-26,104.95919036865234,105.0044233568151,104.82347759888768,104.95919036865234,910700,0.0,0.0,0.0
2023-06-27,104.9320471773762,105.02252005460012,104.5701487658425,104.6606216430664,1254900,0.0,0.0,0.0
2023-06-28,104.75113041079771,104.94112558885674,104.60637513817012,104.9320831298828,1207800,0.0,0.0,0.0
2023-06-29,104.2896931569541,104.32588369506318,104.12683918678296,104.25350952148438,2110700,0.0,0.0,0.0
2023-06-30,104.24447199440392,104.3349448986268,104.11780854796388,104.2806625366211,2027500,0.0,0.0,0.0
2023-07-03,104.2099182820107,104.44560723108434,103.99236297607422,103.99236297607422,1095300,0.0,0.0,0.0
2023-07-05,104.05583532457408,104.09209570131203,103.68417164998,103.77482604980467,1563600,0.0,0.0,0.0
2023-07-06,103.22185872717552,103.3034393810057,102.8955222799366,103.29437255859376,5377900,0.0,0.0,0.0
2023-07-07,103.3125204952544,103.61166343259885,103.29438684792196,103.33971405029295,1240100,0.0,0.0,0.0
2023-07-10,103.53003812776043,103.87450122600202,103.511911402993,103.8201141357422,938600,0.0,0.0,0.0
2023-07-11,103.85641026830923,103.95612457876456,103.76576278133892,103.84734344482422,1377200,0.0,0.0,0.0
2023-07-12,104.44560407432164,104.69035292160808,104.35495660925103,104.60877227783205,2001700,0.0,0.0,0.0
2023-07-13,105.02577869831303,105.28866124462785,104.94419112106236,105.27959442138672,3221700,0.0,0.0,0.0
2023-07-14,105.04387903886582,105.10733295369285,104.79006337955778,104.80819702148438,2180000,0.0,0.0,0.0
2023-07-17,104.88980768586244,104.99858882068531,104.78102655103956,104.93513488769533,640200,0.0,0.0,0.0
2023-07-18,105.16175466778736,105.2524021534268,104.93513249570884,104.96232604980467,965800,0.0,0.0,0.0
2023-07-19,105.12547302246094,105.1798601196496,104.95323799341888,105.12547302246094,1241500,0.0,0.0,0.0
2023-07-20,104.74476435177507,104.76289108142026,104.48188181818396,104.64505004882812,5129900,0.0,0.0,0.0
2023-07-21,104.70850397652534,104.76289108142026,104.60878967357836,104.64505004882812,671800,0.0,0.0,0.0
2023-07-24,104.75381139680628,104.81726531671254,104.39122152074684,104.42747497558594,917900,0.0,0.0,0.0
2023-07-25,104.18272803375152,104.32776260365102,104.1646013059986,104.3187026977539,1359500,0.0,0.0,0.0
2023-07-26,104.42749185822552,104.6541140253796,104.25526371404098,104.59066009521484,1025700,0.0,0.0,0.0
2023-07-27,104.37308337850608,104.418410569039,103.91077231571144,104.00142669677734,1510000,0.0,0.0,0.0
2023-07-28,104.1917989143455,104.33683348989472,104.14647171925944,104.26431274414062,1165800,0.0,0.0,0.0
2023-07-31,104.21899816262258,104.42748667311491,104.21899816262258,104.35497283935548,1886400,0.0,0.0,0.0
2023-08-01,104.08975514800994,104.20783696825582,103.96259544134844,104.06250762939452,1954500,0.0,0.0,0.0
2023-08-02,103.98076328201331,104.08066853865378,103.79001679562325,104.0534210205078,1960500,0.0,0.0,0.0
2023-08-03,103.79909336014306,103.93533786972638,103.71735081220324,103.79000854492188,1732300,0.0,0.0,0.0
2023-08-04,104.11700448215298,104.50756842504778,104.11700448215298,104.462158203125,1455900,0.0,0.0,0.0
2023-08-07,104.4167462546993,104.498495745729,104.34408158038065,104.40766143798828,1013400,0.0,0.0,0.0
2023-08-08,104.62563029372312,104.78912230677052,104.58929796530336,104.6528778076172,1420300,0.0,0.0,0.0
2023-08-09,104.6619761518023,104.75280351975142,104.56206396815308,104.59839630126952,1000900,0.0,0.0,0.0
2023-08-10,104.64380647426292,104.76188135957632,104.20783233642578,104.20783233642578,1397700,0.0,0.0,0.0
2023-08-11,103.9171663774451,104.12606860207369,103.808169393063,103.82633209228516,1543600,0.0,0.0,0.0
2023-08-14,103.68102200636504,103.83542922195726,103.54477749214912,103.63560485839844,1376000,0.0,0.0,0.0
2023-08-15,103.6355907503421,103.88083222848245,103.56292609536104,103.59925842285156,1506300,0.0,0.0,0.0
2023-08-16,103.63560891471118,103.77185343425973,103.35404198941256,103.39945220947266,2272100,0.0,0.0,0.0
2023-08-17,103.49937445787354,103.55387642880235,103.2450550258216,103.45396423339844,1865000,0.0,0.0,0.0
2023-08-18,103.56292609536104,103.74458773281368,103.52660069755342,103.59925842285156,1118200,0.0,0.0,0.0
2023-08-21,103.3721929533838,103.39036258309194,103.1905382344024,103.24503326416016,1898400,0.0,0.0,0.0
2023-08-22,103.19963298722584,103.299545171192,103.1087986893046,103.17237854003906,1941700,0.0,0.0,0.0
2023-08-23,103.54479104990496,103.79911048057625,103.53570623318537,103.75370025634766,2614700,0.0,0.0,0.0
2023-08-24,103.52662363555086,103.75369553541594,103.52662363555086,103.55387115478516,1305700,0.0,0.0,0.0
2023-08-25,103.4448699951172,103.6265247358425,103.21779810436846,103.4448699951172,3256000,0.0,0.0,0.0
2023-08-28,103.5629373080414,103.64468678616676,103.40853009675128,103.61743927001952,1182300,0.0,0.0,0.0
2023-08-29,103.48119711942834,104.18966027414729,103.48119711942834,104.15332794189452,2557800,0.0,0.0,0.0
2023-08-30,104.2804771087723,104.3077246227892,104.09882239553752,104.1351547241211,2052600,0.0,0.0,0.0
2023-08-31,104.21689260652497,104.36222191436148,104.14423488228952,104.32588958740234,2080300,0.0,0.0,0.0
2023-09-01,104.48244747905996,104.49154373783875,103.98187549786674,104.0091781616211,2114300,0.0,0.0,0.0
2023-09-05,103.899975587903,103.92727825378095,103.67244411397404,103.73615264892578,1522700,0.0,0.0,0.0
2023-09-06,103.78162730219746,103.79983370376914,103.41757565154874,103.44488525390624,2041500,0.0,0.0,0.0
2023-09-07,103.62693168910162,103.78165141987743,103.58142261830436,103.7543487548828,1328100,0.0,0.0,0.0
2023-09-08,103.909062597732,103.98187432939808,103.68153114405716,103.69973754882812,1060100,0.0,0.0,0.0
2023-09-11,103.62693317445778,103.69974491129334,103.5723278436858,103.65423583984376,1641400,0.0,0.0,0.0
2023-09-12,103.64513263681197,103.68153850522974,103.5723278436858,103.65423583984376,869000,0.0,0.0,0.0
2023-09-13,103.60872688329516,103.87266422183474,103.60872688329516,103.79075622558594,1145300,0.0,0.0,0.0
2023-09-14,103.90907494505927,103.93637761175115,103.65424079765543,103.67244720458984,1643500,0.0,0.0,0.0
2023-09-15,103.56321261576194,103.64512060240942,103.46309822516484,103.49950408935548,1761100,0.0,0.0,0.0
2023-09-18,103.40848661061996,103.56320631623744,103.39938340919888,103.49039459228516,1599000,0.0,0.0,0.0
2023-09-19,103.36298518047494,103.46309957237564,103.22646492390952,103.26287078857422,1866600,0.0,0.0,0.0
2023-09-20,103.46308708752504,103.55409826635012,103.09903542851684,103.15364074707033,2562600,0.0,0.0,0.0
2023-09-21,102.86238259832196,102.9716001598014,102.8259836882021,102.89878845214844,2027600,0.0,0.0,0.0
2023-09-22,102.980721590415,103.22645246761353,102.93521252914854,103.15364074707033,1621400,0.0,0.0,0.0
2023-09-25,102.92611266688004,103.06263291140006,102.88061054784542,102.9079132080078,3426100,0.0,0.0,0.0
2023-09-26,103.00805386234896,103.0262533258628,102.83512771227316,102.88973999023438,1599800,0.0,0.0,0.0
2023-09-27,103.02623645274608,103.05354605910898,102.48926557065704,102.62578582763672,2679800,0.0,0.0,0.0
2023-09-28,102.66220047621276,102.95344047562388,102.5347834104522,102.93523406982422,3224300,0.0,0.0,0.0
2023-09-29,103.20826589167012,103.26287121703938,102.95343178166864,102.98983764648438,3054700,0.0,0.0,0.0
2023-10-02,102.67334118350972,102.75543239845146,102.50004291980636,102.56388854980467,4914200,0.0,0.0,0.0
2023-10-03,102.51829478046275,102.62774046221584,102.13522097702268,102.16258239746094,6362600,0.0,0.0,0.0
2023-10-04,102.37234796476244,102.60949184990464,102.22641808374136,102.5821304321289,3364300,0.0,0.0,0.0
2023-10-05,102.81926334356798,102.83750196725472,102.67332651947096,102.80101776123048,1875500,0.0,0.0,0.0
2023-10-06,102.29938458560292,102.59125130082448,102.22641616713469,102.45443725585938,2054000,0.0,0.0,0.0
2023-10-09,102.99256473931048,103.30267704164903,102.93784190422484,103.28443145751952,1400500,0.0,0.0,0.0
2023-10-10,102.96520055562702,103.27531284963447,102.91047772201152,103.11113739013672,2977000,0.0,0.0,0.0
2023-10-11,103.17497860798989,103.2844242705454,103.03816457114448,103.24794006347656,2115500,0.0,0.0,0.0
2023-10-12,103.05643522596196,103.09291944437032,102.71896838332756,102.7828140258789,2876000,0.0,0.0,0.0
2023-10-13,103.13850929761374,103.14762513170936,102.95608823592175,103.04730224609376,2271800,0.0,0.0,0.0
2023-10-16,102.80105310975812,102.82841453402196,102.70984604266098,102.74633026123048,1937400,0.0,0.0,0.0
2023-10-17,102.24463502521397,102.2537578154216,101.98925256860024,102.08045959472656,3948900,0.0,0.0,0.0
2023-10-18,102.0075230867118,102.09873710000952,101.79774755689236,101.85247039794922,2246400,0.0,0.0,0.0
2023-10-19,101.75213011960837,101.9983967964238,101.65180028218748,101.79773712158205,3910800,0.0,0.0,0.0
2023-10-20,102.08047437584304,102.31761824502964,102.06223575143687,102.23552703857422,3295100,0.0,0.0,0.0
2023-10-23,102.05312115663293,102.51828614083868,101.99839832036808,102.4726791381836,2410600,0.0,0.0,0.0
2023-10-24,102.3997163796622,102.51829180966148,102.23554090313792,102.46356201171876,3152400,0.0,0.0,0.0
2023-10-25,102.25377354401132,102.26289633562224,101.98014546489308,102.0439910888672,2547300,0.0,0.0,0.0
2023-10-26,102.18995712633698,102.56390818544745,102.18083433211876,102.54566955566406,2812700,0.0,0.0,0.0
2023-10-27,102.58211145385542,102.72804130787864,102.4909044252596,102.71892547607422,2455100,0.0,0.0,0.0
2023-10-30,102.40883502588964,102.59125608055923,102.37235081495572,102.5182876586914,3429900,0.0,0.0,0.0
2023-10-31,102.47267632597398,102.600367579522,102.39059207382942,102.41795349121094,4128400,0.0,0.0,0.0
2023-11-01,102.53225497098587,103.18142393437574,102.50482637722428,103.1082763671875,4317100,0.0,0.0,0.0
2023-11-02,103.50142575575848,103.5745733158332,103.22713286908112,103.28199005126952,3462800,0.0,0.0,0.0
2023-11-03,104.09573669270094,104.23288662287808,103.79400824145826,103.9220199584961,3859400,0.0,0.0,0.0
2023-11-06,103.66600767927734,103.68429805776375,103.46486234607528,103.51057434082033,2772800,0.0,0.0,0.0
2023-11-07,103.63855598188476,103.93113919081878,103.6294107946804,103.78485107421876,2202700,0.0,0.0,0.0
2023-11-08,103.74829896354616,103.97687986124473,103.74829896354616,103.90373229980467,2296300,0.0,0.0,0.0
2023-11-09,103.8489096696302,103.8489096696302,103.32774532850291,103.33688354492188,3045800,0.0,0.0,0.0
2023-11-10,103.61118350372054,103.62032869587722,103.29117153561393,103.33688354492188,2367400,0.0,0.0,0.0
2023-11-13,103.11741368037345,103.39171354850896,103.06255649704052,103.382568359375,3085800,0.0,0.0,0.0
2023-11-14,104.3151681924154,104.46146330557248,104.2145990217886,104.3974609375,6165700,0.0,0.0,0.0
2023-11-15,104.07745329068707,104.09573669270094,103.8671558009841,103.9220199584961,2403600,0.0,0.0,0.0
2023-11-16,104.33349331701514,104.4980718862612,104.31520293391154,104.41577911376952,4035600,0.0,0.0,0.0
2023-11-17,104.3883151260164,104.4248889040874,104.23288180101582,104.33345794677734,1254700,0.0,0.0,0.0
2023-11-20,104.26945620135504,104.44317990429532,104.2145990217886,104.3974609375,1725000,0.0,0.0,0.0
2023-11-21,104.5254617454314,104.63518307617572,104.40660220225938,104.53460693359376,1810600,0.0,0.0,0.0
2023-11-22,104.59863158966742,104.6352053743762,104.33347688233071,104.47062683105467,3290400,0.0,0.0,0.0
2023-11-24,104.25117404420703,104.29689301460716,104.18717167108818,104.21460723876952,853900,0.0,0.0,0.0
2023-11-27,104.38834443192532,104.64435397455938,104.35177064358663,104.63521575927734,3384200,0.0,0.0,0.0
2023-11-28,104.60777710566678,105.11065095157304,104.5803415352476,105.05579376220705,2532600,0.0,0.0,0.0
2023-11-29,105.3575167629223,105.54952389143024,105.266078817764,105.40322875976562,2589600,0.0,0.0,0.0
2023-11-30,105.22949647798949,105.24778685582818,105.0374893650948,105.18378448486328,2753600,0.0,0.0,0.0
2023-12-01,105.1517151432551,105.87575546887147,105.13338093687564,105.81159973144533,5682500,0.0,0.0,0.0
2023-12-04,105.52747219579594,105.68327797260513,105.36249931668908,105.4816436767578,3644800,0.0,0.0,0.0
2023-12-05,105.67412798734377,105.95824525374049,105.6374665670908,105.8757553100586,2897500,0.0,0.0,0.0
2023-12-06,105.97657278706887,106.068229834203,105.84826131202226,106.00407409667967,2399500,0.0,0.0,0.0
2023-12-07,105.96741267631624,106.17820710284242,105.93991136670542,106.00407409667967,1920500,0.0,0.0,0.0
2023-12-08,105.57330071483406,105.66495076046004,105.36249931668908,105.4816436767578,2740800,0.0,0.0,0.0
2023-12-11,105.3533356398503,105.50914841417584,105.24335837850344,105.49081420898438,1571300,0.0,0.0,0.0
2023-12-12,105.49998442810876,105.66495731745296,105.4358286929444,105.6282958984375,1330700,0.0,0.0,0.0
2023-12-13,105.80243172545516,106.83809055018004,105.73827599281644,106.75560760498048,5190300,0.0,0.0,0.0
2023-12-14,107.09740975888276,107.4098114830307,107.07903648570893,107.22604370117188,3414100,0.0,0.0,0.0
2023-12-15,107.07903617678691,107.23523353339822,107.00552906425546,107.08822631835938,2486500,0.0,0.0,0.0
2023-12-18,107.0698407504992,107.0698407504992,106.93201667381142,106.95958709716795,1754600,0.0,0.0,0.0
2023-12-19,107.02390448206756,107.18010183157809,107.00552419975824,107.0514678955078,1889900,0.0,0.0,0.0
2023-12-20,107.26277584292627,107.45572671783805,107.12495178655426,107.4097900390625,1459200,0.0,0.0,0.0
2023-12-21,107.6303043232441,107.69462128154802,107.3270928012302,107.4097900390625,1995400,0.0,0.0,0.0
2023-12-22,107.52923053133097,107.53842067081442,107.2903359749182,107.40059661865234,995900,0.0,0.0,0.0
2023-12-26,107.30873753529993,107.45574474607736,107.29954739399386,107.37305450439452,1990100,0.0,0.0,0.0
2023-12-27,107.5843846452412,107.86003281950468,107.54763809802871,107.84165954589844,1547900,0.0,0.0,0.0
2023-12-28,107.73137186615922,107.81406209169344,107.57517454457955,107.648681640625,1309100,0.0,0.0,0.0
2023-12-29,107.4833376868134,107.7406056170872,107.47414754358208,107.62115478515624,1452500,0.0,0.0,0.0
2024-01-02,107.2719775261125,107.41899173806875,107.26278738535936,107.30873107910156,2013800,0.0,0.0,0.0
2024-01-03,107.06983247604568,107.50167794494963,107.01470565364032,107.45573425292967,2441900,0.0,0.0,0.0
2024-01-04,107.11577606201172,107.21684657633696,107.0514590992614,107.11577606201172,1457900,0.0,0.0,0.0
2024-01-05,106.91363356541387,107.38223257903122,106.83093632299996,106.9320068359375,2467900,0.0,0.0,0.0
2024-01-08,107.00554312866096,107.40063514791686,106.9871698531252,107.15255737304688,1230500,0.0,0.0,0.0
2024-01-09,107.10659237972266,107.25360659488672,107.10659237972266,107.18009948730467,2932600,0.0,0.0,0.0
2024-01-10,107.32710022103856,107.36385377261348,107.09739578121268,107.11577606201172,2476700,0.0,0.0,0.0
2024-01-11,107.25359357199478,107.62111504523276,107.20764988282866,107.5935516357422,2228100,0.0,0.0,0.0
2024-01-12,107.9059552101352,108.0529624000281,107.74056774024136,107.86920166015624,1637400,0.0,0.0,0.0
2024-01-16,107.6394944630083,107.75893823985194,107.29033925219616,107.4097900390625,2755500,0.0,0.0,0.0
2024-01-17,107.09740130028932,107.1433449946314,106.9320138146908,107.04227447509766,2680200,0.0,0.0,0.0
2024-01-18,107.06982707025348,107.12495388987556,106.93200301117535,106.98713684082033,1688800,0.0,0.0,0.0
2024-01-19,106.84012646327332,106.9320068359375,106.69311926901524,106.9320068359375,3221800,0.0,0.0,0.0
2024-01-22,107.11577606201172,107.19846629553793,107.06064222963774,107.11577606201172,1503700,0.0,0.0,0.0
2024-01-23,107.00554329220849,107.03310671056671,106.92285303713378,106.99635314941406,1102900,0.0,0.0,0.0
2024-01-24,107.27198085550934,107.2811709965477,106.80338180288422,106.82176208496094,2246200,0.0,0.0,0.0
2024-01-25,107.0698279273685,107.1892787175364,107.0055109672869,107.1708984375,3347200,0.0,0.0,0.0
2024-01-26,107.0882301548624,107.0882301548624,106.9412159245326,107.03309631347656,1823800,0.0,0.0,0.0
2024-01-29,107.20767028477806,107.40981133954068,107.1617265868687,107.38224792480467,1323700,0.0,0.0,0.0
2024-01-30,107.45575027760458,107.48332070294198,107.13416541557724,107.29955291748048,1472900,0.0,0.0,0.0
2024-01-31,107.69462881626538,107.98865021908594,107.61193858267048,107.95189666748048,3125300,0.0,0.0,0.0
2024-02-01,108.19784700045632,108.49258844645098,108.00442358532143,108.26232147216795,1875100,0.0,0.0,0.0
2024-02-02,107.47018764692037,107.5991365724999,107.2307080591915,107.37808227539062,2515000,0.0,0.0,0.0
2024-02-05,106.97281181901658,107.02807363732876,106.71491396397364,106.77938842773438,2237700,0.0,0.0,0.0
2024-02-06,106.87150307161993,107.22151335713215,106.84387216006688,107.16624450683594,2886800,0.0,0.0,0.0
2024-02-07,107.06492705446672,107.35046287215803,107.03729614276531,107.0465087890625,2423500,0.0,0.0,0.0
2024-02-08,106.92673793115974,106.99121941144348,106.81621431281816,106.85305786132812,1575600,0.0,0.0,0.0
2024-02-09,106.67806399226608,106.7793820045368,106.66885134737171,106.74253845214844,1287900,0.0,0.0,0.0
2024-02-12,106.82545471191406,106.89913480088909,106.71492403766626,106.82545471191406,1501100,0.0,0.0,0.0
2024-02-13,106.26360895513672,106.31887078189314,105.9780731201172,105.9780731201172,2027700,0.0,0.0,0.0
2024-02-14,106.11621253518196,106.40174128333344,106.10699989025122,106.30043029785156,1718200,0.0,0.0,0.0
2024-02-15,106.6043935812181,106.65966243205,106.39255190579809,106.48465728759766,1583000,0.0,0.0,0.0
2024-02-16,106.0517770410444,106.19915130532895,106.02414612328896,106.1623077392578,1967300,0.0,0.0,0.0
2024-02-20,106.41095181655106,106.49385156490452,106.33726471294554,106.3556900024414,1652100,0.0,0.0,0.0
2024-02-21,106.40174733127564,106.42938526763886,106.0885876577208,106.11621856689452,1618200,0.0,0.0,0.0
2024-02-22,106.0609359741211,106.21751578022882,105.95961797553652,106.0609359741211,3010000,0.0,0.0,0.0
2024-02-23,106.05171643642905,106.32803951045838,106.05171643642905,106.26356506347656,1602200,0.0,0.0,0.0
2024-02-26,106.25441314083982,106.26362578915553,106.02414612328896,106.1623077392578,4903500,0.0,0.0,0.0
2024-02-27,106.11620451166222,106.22673516090668,106.02409915088612,106.07936096191406,1067800,0.0,0.0,0.0
2024-02-28,106.18070042575492,106.3372802734375,106.15306951465682,106.3372802734375,1671700,0.0,0.0,0.0
2024-02-29,106.38334718755917,106.55835234505356,106.36492892070272,106.46623992919922,2112500,0.0,0.0,0.0
2024-03-01,106.44314194727257,106.91400871237884,106.28618870688636,106.84938049316406,2116600,0.0,0.0,0.0
2024-03-04,106.646253395388,106.77550982433377,106.61855659546347,106.6739501953125,911300,0.0,0.0,0.0
2024-03-05,106.96018161768376,107.13560411149724,106.85862196799688,107.00634765625,1710100,0.0,0.0,0.0
2024-03-06,107.1355764370778,107.30176427145996,107.07094822614842,107.10787963867188,1576900,0.0,0.0,0.0
2024-03-07,107.27408847770616,107.32948208536428,107.1540596025162,107.31101989746094,1686000,0.0,0.0,0.0
2024-03-08,107.5141389981457,107.55107042025618,107.36642035365227,107.42181396484376,1927300,0.0,0.0,0.0
2024-03-11,107.3848655740172,107.3848655740172,107.22791233781044,107.27407836914062,953200,0.0,0.0,0.0
2024-03-12,107.11710642754292,107.11710642754292,106.923221796169,106.97862243652344,1136700,0.0,0.0,0.0
2024-03-13,106.91401022804908,106.95093460188303,106.81245059013644,106.8216781616211,1254600,0.0,0.0,0.0
2024-03-14,106.59087623589627,106.60011085255474,106.37852936039232,106.38776397705078,2370000,0.0,0.0,0.0
2024-03-15,106.2862127331383,106.34160634957352,106.22158449931416,106.2308120727539,1278600,0.0,0.0,0.0
2024-03-18,106.20309868591308,106.2492647217019,106.0923114703369,106.147705078125,1149600,0.0,0.0,0.0
2024-03-19,106.33235111683396,106.4339107565746,106.29541969838756,106.3785171508789,1304100,0.0,0.0,0.0
2024-03-20,106.43390008456178,106.79397257337531,106.39696866981846,106.6277847290039,1732000,0.0,0.0,0.0
2024-03-21,106.75706102185706,106.81246167625343,106.60010776295552,106.63703918457033,1433300,0.0,0.0,0.0
2024-03-22,106.96017208039132,106.96940669607083,106.8955438585304,106.9232406616211,1123400,0.0,0.0,0.0
2024-03-25,106.88629684760188,106.88629684760188,106.73857823359928,106.78474426269533,1198900,0.0,0.0,0.0
2024-03-26,106.73858261210516,106.88630123216728,106.68318901007528,106.85860443115234,1010100,0.0,0.0,0.0
2024-03-27,106.98787574988172,107.14483605071574,106.96017894501344,107.08020782470705,1101600,0.0,0.0,0.0
2024-03-28,106.9232406616211,107.02480030225225,106.88630924285086,106.9232406616211,3207400,0.0,0.0,0.0
2024-04-01,106.76217483868068,106.799204099666,106.35486003045172,106.410400390625,2508700,0.0,0.0,0.0
2024-04-02,106.22526033350783,106.3918884753589,106.1697199737606,106.38262939453124,1443400,0.0,0.0,0.0
2024-04-03,106.14195280015598,106.4752020306874,106.08640537622612,106.46595001220705,1704100,0.0,0.0,0.0
2024-04-04,106.56779641835892,106.72516550998007,106.41967934675496,106.69739532470705,1756400,0.0,0.0,0.0
2024-04-05,106.3733940128566,106.55853328270896,106.25304713110316,106.2623062133789,1341000,0.0,0.0,0.0
2024-04-08,106.08640508145244,106.16972268581092,105.99383545863928,106.0678939819336,1002300,0.0,0.0,0.0
2024-04-09,106.26226670468247,106.37335446285732,106.26226670468247,106.3085479736328,1406500,0.0,0.0,0.0
2024-04-10,105.5772734872444,105.6235547694778,105.20698791632805,105.29029846191406,2705100,0.0,0.0,0.0
2024-04-11,105.46618407230814,105.4939542537423,105.206986295443,105.3088150024414,1785100,0.0,0.0,0.0
2024-04-12,105.61430797165028,105.74391393976342,105.54950851889905,105.57728576660156,2118200,0.0,0.0,0.0
2024-04-15,105.1329307631783,105.26252965530074,104.9477915066062,105.2440185546875,1992500,0.0,0.0,0.0
2024-04-16,105.01257786707892,105.13291766259428,104.8552017497323,105.0033187866211,1581000,0.0,0.0,0.0
2024-04-17,105.20697268632968,105.42914117167396,105.13291417034532,105.36434173583984,1767200,0.0,0.0,0.0
2024-04-18,105.30880352028603,105.31805553801549,105.0588577894115,105.1236572265625,1190200,0.0,0.0,0.0
2024-04-19,105.25326675479164,105.28104399861856,105.12366786737142,105.2069854736328,1035900,0.0,0.0,0.0
2024-04-22,105.15144186379152,105.29955891913714,105.1329307631783,105.2440185546875,1233900,0.0,0.0,0.0
2024-04-23,105.16069577449232,105.51247023233591,105.1236665124767,105.40138244628906,3054300,0.0,0.0,0.0
2024-04-24,105.27179718017578,105.28105626253,105.15145029740265,105.27179718017578,1811900,0.0,0.0,0.0
2024-04-25,104.90151076670178,105.06813893474148,104.8552224178978,105.0218505859375,1903600,0.0,0.0,0.0
2024-04-26,105.12367086279995,105.24401773498344,105.11441884387035,105.1421890258789,1124800,0.0,0.0,0.0
2024-04-29,105.29027477592132,105.40136254098898,105.2439935040993,105.33656311035156,1708300,0.0,0.0,0.0
2024-04-30,105.12366322375064,105.20698082633164,105.01258250378844,105.06812286376952,2084200,0.0,0.0,0.0
2024-05-01,105.23148078292796,105.59345127394334,105.02729792936503,105.35214233398438,2810200,0.0,0.0,0.0
2024-05-02,105.43565369470264,105.8069074176464,105.38925140500706,105.760498046875,1785000,0.0,0.0,0.0
2024-05-03,106.29882684609878,106.38236230611692,106.01110854386452,106.15032958984376,1867300,0.0,0.0,0.0
2024-05-06,106.15960266833127,106.2524214169636,106.12247658509364,106.17816925048828,772900,0.0,0.0,0.0
2024-05-07,106.345219416363,106.4380310719902,106.23384118096509,106.2802505493164,1887600,0.0,0.0,0.0
2024-05-08,106.1688995361328,106.24315171210336,106.13177344814754,106.1688995361328,2595200,0.0,0.0,0.0
2024-05-09,106.16889059911726,106.4009233186854,106.16889059911726,106.3452377319336,866200,0.0,0.0,0.0
2024-05-10,106.23385796878536,106.24314126013772,106.11320350551084,106.15032958984376,1351700,0.0,0.0,0.0
2024-05-13,106.30810218265276,106.31738547331048,106.18744772840658,106.19672393798828,744500,0.0,0.0,0.0
2024-05-14,106.34524672055318,106.43805840000982,106.29883734028624,106.40093231201172,780300,0.0,0.0,0.0
2024-05-15,106.81857459714072,106.9577956388613,106.71648671969368,106.92066955566406,1234000,0.0,0.0,0.0
2024-05-16,106.9113875552699,106.9113875552699,106.72575714933754,106.74432373046876,1759900,0.0,0.0,0.0
2024-05-17,106.67937142491786,106.7257737227998,106.5587098720553,106.5679931640625,737900,0.0,0.0,0.0
2024-05-20,106.5030107945323,106.5401368767824,106.45660142145064,106.48445129394533,610000,0.0,0.0,0.0
2024-05-21,106.66078667262757,106.6793532534794,106.60510109222372,106.64222717285156,630600,0.0,0.0,0.0
2024-05-22,106.4658847122822,106.58653916878792,106.45660142145064,106.48445129394533,649800,0.0,0.0,0.0
2024-05-23,106.54940593175422,106.54940593175422,106.15030945223326,106.26168060302734,863200,0.0,0.0,0.0
2024-05-24,106.19671510249913,106.31737662778238,106.17815560380384,106.2802505493164,1568800,0.0,0.0,0.0
2024-05-28,106.41947461637008,106.42875082544523,106.00181153249136,106.02037811279295,1349900,0.0,0.0,0.0
2024-05-29,105.9275728785258,105.93685616986016,105.6676973697758,105.7790756225586,848800,0.0,0.0,0.0
2024-05-30,105.99256010673554,106.09465508586018,105.95544109712452,106.07609558105467,788800,0.0,0.0,0.0
2024-05-31,106.26168863028992,106.44731903076172,106.25241242107316,106.44731903076172,1825500,0.0,0.0,0.0
2024-06-03,106.4929402149381,106.83724174459458,106.4929402149381,106.809326171875,1044900,0.0,0.0,0.0
2024-06-04,107.01404846030132,107.23738013876915,106.99544044525652,107.1629409790039,907200,0.0,0.0,0.0
2024-06-05,107.21875285329108,107.39556091257616,107.05125234964856,107.3862533569336,1018000,0.0,0.0,0.0
2024-06-06,107.31181511996436,107.4607076230188,107.30250756362716,107.41417694091795,569500,0.0,0.0,0.0
2024-06-07,106.8651481460642,106.8651481460642,106.68834716748462,106.6976547241211,2392400,0.0,0.0,0.0
2024-06-10,106.64181480084032,106.67903792721316,106.55806809119044,106.61389923095705,561100,0.0,0.0,0.0
2024-06-11,106.74417436945956,106.95820556668762,106.68834323087192,106.93959045410156,836000,0.0,0.0,0.0
2024-06-12,107.63752213018364,107.74919152151573,107.3025210557737,107.31182861328124,1665300,0.0,0.0,0.0
2024-06-13,107.65614463087334,107.87947632927278,107.57239080673187,107.74919891357422,1209600,0.0,0.0,0.0
2024-06-14,107.81431610093831,107.90737036506492,107.77709297537064,107.82362365722656,978800,0.0,0.0,0.0
2024-06-17,107.5723641149725,107.60027968289744,107.47930985536104,107.53514099121094,825800,0.0,0.0,0.0
2024-06-18,107.70265411991456,107.97251647412216,107.67473854871822,107.83293151855467,1264300,0.0,0.0,0.0
2024-06-20,107.56304416622812,107.72124419888398,107.53512860151947,107.70262908935548,621600,0.0,0.0,0.0
2024-06-21,107.8515298197378,107.90736095342712,107.6281981853958,107.72125244140624,821100,0.0,0.0,0.0
2024-06-24,107.73058379728204,107.75850647172032,107.64683707272724,107.74919891357422,558600,0.0,0.0,0.0
2024-06-25,107.72126915484476,107.82363098221352,107.6654309129072,107.81432342529295,909200,0.0,0.0,0.0
2024-06-26,107.49792433965028,107.53514746565295,107.42348518723026,107.45140075683594,621200,0.0,0.0,0.0
2024-06-27,107.57238105623787,107.67474288780664,107.57238105623787,107.61891174316406,632000,0.0,0.0,0.0
2024-06-28,107.82362491727748,107.86084804328016,107.43278564404191,107.45140075683594,838800,0.0,0.0,0.0
2024-07-01,107.09779376609512,107.26573204824338,106.95784401128157,107.04181671142578,2652200,0.0,0.0,0.0
2024-07-02,107.29371383943376,107.35902277182782,107.19108450022313,107.2563934326172,862900,0.0,0.0,0.0
2024-07-03,107.37769972434832,107.7322400970896,107.3590430764814,107.66693115234376,878100,0.0,0.0,0.0
2024-07-05,107.98413861746442,108.14275214807216,107.9001730290316,108.09609985351562,619300,0.0,0.0,0.0
2024-07-08,108.06811358989798,108.14275441549712,107.98414088156376,108.0774383544922,620400,0.0,0.0,0.0
2024-07-09,108.00280093016852,108.10543028230016,107.88150781320898,108.04944610595705,2891700,0.0,0.0,0.0
2024-07-10,108.11474237103464,108.13340613367444,108.02144491225532,108.08675384521484,759800,0.0,0.0,0.0
2024-07-11,108.62789771453475,108.73985894486206,108.56258877637892,108.58124542236328,736600,0.0,0.0,0.0
2024-07-12,108.65588877347793,108.79583853511176,108.61856836249952,108.78650665283205,993000,0.0,0.0,0.0
2024-07-15,108.73052719726462,108.82382466358256,108.62789784887278,108.69320678710938,1059500,0.0,0.0,0.0
2024-07-16,108.73053847645332,108.90780866354486,108.6652295314419,108.88914489746094,936000,0.0,0.0,0.0
2024-07-17,108.7865077261246,108.9824345470888,108.73053066817502,108.9451141357422,1371100,0.0,0.0,0.0
2024-07-18,108.83315244612004,108.96377031767312,108.7491797468987,108.77716827392578,836700,0.0,0.0,0.0
2024-07-19,108.64654559405724,108.66520935667606,108.57191189800147,108.59056854248048,930900,0.0,0.0,0.0
2024-07-22,108.60924012376812,108.65588529739344,108.43196995682705,108.53459930419922,1370000,0.0,0.0,0.0
2024-07-23,108.61857006457826,108.72119941684196,108.59058153544105,108.60924530029295,1936800,0.0,0.0,0.0
2024-07-24,108.81449688667963,108.92645812136932,108.599913417867,108.60924530029295,1109100,0.0,0.0,0.0
2024-07-25,108.70253866918328,108.91712212990048,108.63722973094669,108.69320678710938,1810100,0.0,0.0,0.0
2024-07-26,109.01042711591236,109.04774752864203,108.94511817317068,109.02909088134766,934500,0.0,0.0,0.0
2024-07-29,109.15035915898945,109.15035915898945,109.0197412947173,109.1037139892578,485200,0.0,0.0,0.0
2024-07-30,109.1876817891902,109.31829965612228,109.05706392225814,109.25299072265624,840200,0.0,0.0,0.0
2024-07-31,109.43027967298818,109.7848129272461,109.25300948678868,109.7848129272461,1605100,0.0,0.0,0.0
2024-08-01,109.92044214461028,110.22915658867888,109.90173542250588,110.14495849609376,2108400,0.0,0.0,0.0
2024-08-02,110.93079448781296,111.3798272638668,110.89337390026728,111.32369995117188,2522800,0.0,0.0,0.0
2024-08-05,111.88499448986278,112.00661318369812,111.06176297559928,111.32369995117188,2741600,0.0,0.0,0.0
2024-08-06,111.1646371615927,111.1833438815849,110.67817679485144,110.76237487792967,4509500,0.0,0.0,0.0
2024-08-07,110.59400610677667,110.65949034461228,110.41626011668862,110.60336303710938,2285300,0.0,0.0,0.0
2024-08-08,110.25722982302683,110.42561888558586,110.22916616880816,110.36949157714844,738800,0.0,0.0,0.0
2024-08-09,110.6875633353518,110.6875633353518,110.50046753639532,110.5565948486328,930800,0.0,0.0,0.0
2024-08-12,110.50046239952668,110.8185266704162,110.4630418140255,110.79981994628906,1190800,0.0,0.0,0.0
2024-08-13,111.09915979496613,111.12722344530974,110.98689805634594,111.11786651611328,3100900,0.0,0.0,0.0
2024-08-14,111.05241004316828,111.27692643927956,111.02434638581032,111.14595794677734,1120400,0.0,0.0,0.0
2024-08-15,110.53786739281612,110.66883585497264,110.49108988322628,110.61270141601562,1123200,0.0,0.0,0.0
2024-08-16,110.78108159792188,110.78108159792188,110.5565652717888,110.76237487792967,1496100,0.0,0.0,0.0
2024-08-19,110.71562184459972,110.89336784141852,110.7062649139127,110.79981994628906,589000,0.0,0.0,0.0
2024-08-20,111.00562172136246,111.0991696098541,110.94013034844728,111.07110595703124,872400,0.0,0.0,0.0
2024-08-21,111.22077932266149,111.48271626103028,111.02432661888488,111.3049774169922,1933500,0.0,0.0,0.0
2024-08-22,111.13658594722595,111.13658594722595,110.88399880697648,110.97754669189452,746300,0.0,0.0,0.0
2024-08-23,111.11786959176978,111.40787016967508,111.02432170895317,111.37980651855467,941100,0.0,0.0,0.0
2024-08-26,111.5107936040974,111.5107936040974,111.26757049560548,111.26757049560548,727900,0.0,0.0,0.0
2024-08-27,111.15530380858232,111.37982018233448,111.12724015401916,111.34239959716795,1058500,0.0,0.0,0.0
2024-08-28,111.35176360751932,111.40789092021424,111.29563629482443,111.32369995117188,988600,0.0,0.0,0.0
2024-08-29,111.18336920450405,111.23014672100648,111.10852803299888,111.1927261352539,770600,0.0,0.0,0.0
2024-08-30,111.19272079455595,111.28626868582072,111.02433173538073,111.06175231933594,1144300,0.0,0.0,0.0
2024-09-03,111.38068886832863,111.52139354732704,111.3056525751951,111.44635009765624,1067400,0.0,0.0,0.0
2024-09-04,111.53078424122228,111.91536942606372,111.52140202016632,111.8872299194336,1882100,0.0,0.0,0.0
2024-09-05,112.08421822526716,112.11235773305287,111.79343376943066,111.99041748046876,3202400,0.0,0.0,0.0
2024-09-06,112.07482342901255,112.5532092902236,111.87783259611764,112.24366760253906,2389300,0.0,0.0,0.0
2024-09-09,112.19677238453896,112.3562343506757,112.1029716489607,112.2905731201172,2871300,0.0,0.0,0.0
2024-09-10,112.3280835046034,112.65638962424896,112.31870128503162,112.62825012207033,1841300,0.0,0.0,0.0
2024-09-11,112.4219005542178,112.7971106696656,112.3937610479533,112.51570129394533,2170500,0.0,0.0,0.0
2024-09-12,112.47817642270114,112.56259493376368,112.2905678038893,112.42189025878906,2154800,0.0,0.0,0.0
2024-09-13,112.71267772213427,112.7220527853305,112.57197305228624,112.63763427734376,1648000,0.0,0.0,0.0
2024-09-16,112.73143925678632,112.82523998804382,112.6470135890786,112.7783432006836,1063100,0.0,0.0,0.0
2024-09-17,112.6939166820232,112.72205618553424,112.56259422794687,112.6563949584961,1538300,0.0,0.0,0.0
2024-09-18,112.48754954974848,112.87214184428912,112.32808759390636,112.41250610351562,1712000,0.0,0.0,0.0
2024-09-19,112.28118558381443,112.44065469893876,112.2624283002018,112.42189025878906,2037700,0.0,0.0,0.0
2024-09-20,112.29995388951802,112.5344593037021,112.21552821901236,112.44065856933594,1812800,0.0,0.0,0.0
2024-09-23,112.31868479401228,112.47815387717203,112.14984064919388,112.38434600830078,2020900,0.0,0.0,0.0
2024-09-24,112.29054581612436,112.56257289273276,112.2342668197694,112.54381561279295,2809400,0.0,0.0,0.0
2024-09-25,112.42187800832792,112.4312602273804,112.29993778679068,112.31869506835938,1754900,0.0,0.0,0.0
2024-09-26,112.29993969135208,112.34683647433732,112.0935738079151,112.16861724853516,1122300,0.0,0.0,0.0
2024-09-27,112.32808687330584,112.51568833114756,112.29994737028328,112.487548828125,1808400,0.0,0.0,0.0
2024-09-30,112.38435589674432,112.40312033478384,112.10295373497746,112.1967544555664,2960700,0.0,0.0,0.0
2024-10-01,112.4177857430037,112.66231736470522,112.3801649415547,112.43659973144533,1981500,0.0,0.0,0.0
2024-10-02,112.20148380336512,112.3425528504438,112.13564918958348,112.2955322265625,975600,0.0,0.0,0.0
2024-10-03,112.1074083867509,112.13562936661258,111.90050476246634,111.92871856689452,1141800,0.0,0.0,0.0
2024-10-04,111.23275905504,111.3926492600069,111.05406921191783,111.08228302001952,1382700,0.0,0.0,0.0
2024-10-07,110.78133330423556,110.92240953231412,110.7719263089143,110.83776092529295,1291600,0.0,0.0,0.0
2024-10-08,110.7624959843892,110.93178598734,110.74368917314288,110.9223861694336,755200,0.0,0.0,0.0
2024-10-09,110.80011860905095,110.81893259604097,110.6308286033091,110.66844940185548,1149100,0.0,0.0,0.0
2024-10-10,110.70606206554618,110.80011046728448,110.48975145909144,110.74368286132812,2727300,0.0,0.0,0.0
2024-10-11,110.7813180038049,110.8941804057669,110.69666940847488,110.82833862304688,1358300,0.0,0.0,0.0
2024-10-14,110.56499404962244,110.6778564453125,110.50856643949425,110.6778564453125,620300,0.0,0.0,0.0
2024-10-15,110.96001393882725,111.007034557614,110.8941793321786,110.96941375732422,1059500,0.0,0.0,0.0
2024-10-16,111.10110499964374,111.1481328031891,111.02587055958072,111.06348419189452,1003900,0.0,0.0,0.0
2024-10-17,110.80012547727291,110.83774627815131,110.71548405687211,110.78131866455078,1286700,0.0,0.0,0.0
2024-10-18,110.95059992388568,110.9694067351235,110.86595133473178,110.91297912597656,908500,0.0,0.0,0.0
2024-10-21,110.69664984500642,110.71546382972544,110.43331146240234,110.43331146240234,1530000,0.0,0.0,0.0
2024-10-22,110.49916952444003,110.53679032643473,110.2922587011864,110.36750030517578,2218700,0.0,0.0,0.0
2024-10-23,110.15119135537616,110.23583277958892,110.07594975023078,110.16999816894533,1423700,0.0,0.0,0.0
2024-10-24,110.24522369604377,110.4145136952146,110.17938909500138,110.2734375,1208300,0.0,0.0,0.0
2024-10-25,110.4615503705017,110.4615503705017,110.10416350937152,110.16059112548828,1133600,0.0,0.0,0.0
2024-10-28,110.16056235477308,110.16056235477308,109.8407963797124,109.98187255859376,1096000,0.0,0.0,0.0
2024-10-29,109.69974237164465,110.0383223992154,109.6809355591947,110.02891540527344,1294200,0.0,0.0,0.0
2024-10-30,110.08535223743247,110.2828560612768,109.7937928232902,109.81260681152344,789700,0.0,0.0,0.0
2024-10-31,109.69033741430974,109.88784123815404,109.53045439149778,109.81260681152344,1407600,0.0,0.0,0.0
2024-11-01,109.96351734907532,110.03896574403473,109.47311717214922,109.5108413696289,1996400,0.0,0.0,0.0
2024-11-04,109.92575828222245,110.01063949841549,109.68998751912903,109.83145141601562,1735600,0.0,0.0,0.0
2024-11-05,109.71828486127193,109.83145742400248,109.46365558906952,109.76544189453124,1314200,0.0,0.0,0.0
2024-11-06,109.10527946404258,109.40706574976667,109.08641377391147,109.21844482421876,2786000,0.0,0.0,0.0
2024-11-07,109.50137977664636,109.84089026968496,109.4825140852814,109.76544189453124,1950600,0.0,0.0,0.0
2024-11-08,109.8314618892344,109.97292579961058,109.66170663581364,109.72772216796876,1896200,0.0,0.0,0.0
2024-11-11,109.46366727324988,109.52024996307826,109.41651023495696,109.49195861816406,948700,0.0,0.0,0.0
2024-11-12,109.27504070987231,109.39763892185724,109.08641977394971,109.15243530273438,1651900,0.0,0.0,0.0
2024-11-13,109.52969617043236,109.52969617043236,109.19961844758008,109.28449249267578,1389300,0.0,0.0,0.0
2024-11-14,109.35992100978912,109.4825192288088,109.05813469014936,109.13358306884766,1366100,0.0,0.0,0.0
2024-11-15,109.05813501163745,109.47309390054788,108.91667109994948,109.2750473022461,1408300,0.0,0.0,0.0
2024-11-18,109.2938951558194,109.46365039428268,109.20902113416416,109.4259262084961,909600,0.0,0.0,0.0
2024-11-19,109.63341987007962,109.65227836784555,109.52024729802292,109.54854583740234,833100,0.0,0.0,0.0
2024-11-20,109.3976472088836,109.56740246649665,109.38821436258468,109.43537139892578,971600,0.0,0.0,0.0
2024-11-21,109.5013805926909,109.6239788068645,109.31276684855408,109.35991668701172,1118000,0.0,0.0,0.0
2024-11-22,109.4636564048329,109.48251490118533,109.35048384125896,109.35991668701172,990700,0.0,0.0,0.0
2024-11-25,109.91633904773624,110.02007876516458,109.7937336388738,110.00121307373048,1849600,0.0,0.0,0.0
2024-11-26,109.89748227631108,109.93520646708816,109.76545120616817,109.92577362060548,986000,0.0,0.0,0.0
2024-11-27,110.2369858005063,110.31243417727111,110.0860962421299,110.2086944580078,2124100,0.0,0.0,0.0
2024-11-29,110.4633331298828,110.49163166994116,110.35959340179706,110.4633331298828,583100,0.0,0.0,0.0
2024-12-02,110.22788640243937,110.49265155400458,110.18060381924158,110.42646026611328,1220000,0.0,0.0,0.0
2024-12-03,110.53044998677144,110.55881664424471,110.28459359815706,110.32241821289062,935700,0.0,0.0,0.0
2024-12-04,110.17113293485887,110.6061052063905,110.15221701931384,110.55882263183594,1640400,0.0,0.0,0.0
2024-12-05,110.36969971324804,110.56827352794052,110.35078379891114,110.53044891357422,850900,0.0,0.0,0.0
2024-12-06,110.88979262658738,110.90870854445502,110.6723100712716,110.79523468017578,1484600,0.0,0.0,0.0
2024-12-09,110.7290367114797,110.7290367114797,110.60611210999654,110.61557006835938,909200,0.0,0.0,0.0
2024-12-10,110.49264526367188,110.54938580314084,110.40754527593177,110.49264526367188,897900,0.0,0.0,0.0
2024-12-11,110.6439441291898,110.71958615822626,110.32243845212638,110.3413543701172,3225900,0.0,0.0,0.0
2024-12-12,110.32242428040576,110.3602488972196,110.1143924950836,110.13330841064452,1537200,0.0,0.0,0.0
2024-12-13,110.05765376329067,110.0671117206059,109.83071328787878,109.86853790283205,1232900,0.0,0.0,0.0
2024-12-16,109.98202188540058,109.98202188540058,109.83073061602578,109.87800598144533,1026600,0.0,0.0,0.0
2024-12-17,109.8401885748332,109.97257114090196,109.82127265721836,109.87800598144533,792300,0.0,0.0,0.0
2024-12-18,109.93491165405328,110.00129145432976,109.21421151186875,109.25214385986328,1631700,0.0,0.0,0.0
2024-12-19,109.22367913806532,109.30902148141764,109.0719497700774,109.17626190185548,1929600,0.0,0.0,0.0
2024-12-20,109.555581178767,109.59351352183444,109.37540435791016,109.37540435791016,1936100,0.0,0.0,0.0
2024-12-23,109.3374847535784,109.36593220359734,109.10041302361388,109.1288604736328,1404000,0.0,0.0,0.0
2024-12-24,109.03402466293493,109.17626190185548,108.99609232093792,109.17626190185548,614600,0.0,0.0,0.0
2024-12-26,108.98662621341526,109.25214541830876,108.96766365657533,109.24266052246094,1144600,0.0,0.0,0.0
2024-12-27,109.2426467610086,109.34695889762725,109.13833462438996,109.14781951904295,774400,0.0,0.0,0.0
2024-12-30,109.48919879222557,109.59351092447524,109.48919879222557,109.5650634765625,1685800,0.0,0.0,0.0
2024-12-31,109.707306392241,109.73575383974952,109.46074978907626,109.57454681396484,1277000,0.0,0.0,0.0
2025-01-02,109.6693756088122,109.74524029314917,109.43230389640009,109.5650634765625,1138300,0.0,0.0,0.0
2025-01-03,109.64093473129846,109.6883447357093,109.41334066464869,109.4417953491211,1469200,0.0,0.0,0.0
2025-01-06,109.39437810985532,109.47024279873858,109.29955086617872,109.4417953491211,969300,0.0,0.0,0.0
2025-01-07,109.38488912925636,109.42282147228114,109.11936996293764,109.20471954345705,2306400,0.0,0.0,0.0
2025-01-08,109.185750821274,109.3564427491258,109.15730337244116,109.32799530029295,2589000,0.0,0.0,0.0
2025-01-10,108.9866063158574,109.04350121084572,108.69263971194528,108.7495346069336,2362300,0.0,0.0,0.0
2025-01-13,108.72109021025186,108.74953765854428,108.58833062831752,108.64522552490234,2282700,0.0,0.0,0.0
2025-01-14,108.73056185855889,108.77797185498564,108.6452122892247,108.72107696533205,1039600,0.0,0.0,0.0
2025-01-15,109.39437710477472,109.46075689822396,109.28058007249535,109.40386199951172,2020300,0.0,0.0,0.0
2025-01-16,109.3279953259993,109.70731152518748,109.27110042832022,109.6314468383789,4930300,0.0,0.0,0.0
2025-01-17,109.65990247323352,109.69783481946943,109.53662777410828,109.58403778076172,1378200,0.0,0.0,0.0
2025-01-21,109.7736908271396,109.78316848680728,109.62196145420008,109.7642059326172,1042000,0.0,0.0,0.0
2025-01-22,109.71678405150756,109.72626894562856,109.51764468409336,109.57454681396484,939800,0.0,0.0,0.0
2025-01-23,109.38489989126543,109.54610693884034,109.38489989126543,109.4892120361328,1276100,0.0,0.0,0.0
2025-01-24,109.517650812979,109.7547225352899,109.49868825853024,109.66938018798828,1176300,0.0,0.0,0.0
2025-01-27,110.1055908203125,110.15300805851484,109.91593633721276,110.1055908203125,1201200,0.0,0.0,0.0
2025-01-28,109.94438789988762,110.1435272850498,109.89697065991112,110.1245574951172,1171000,0.0,0.0,0.0
2025-01-29,110.19093115226612,110.20990094114208,109.82109985258614,110.02972412109376,982900,0.0,0.0,0.0
2025-01-30,110.17198336983078,110.25732572665112,110.1056035695742,110.1624984741211,806200,0.0,0.0,0.0
2025-01-31,110.20990708010386,110.29524943023549,109.9728353499315,110.1245574951172,1564200,0.0,0.0,0.0
2025-02-03,110.18066593086684,110.40889935321114,109.98096077938938,110.07605743408205,1998800,0.0,0.0,0.0
2025-02-04,109.98096461459104,110.26625458861749,109.98096461459104,110.24723815917967,1131900,0.0,0.0,0.0
2025-02-05,110.47545999259872,110.7037006543528,110.46595540658252,110.570556640625,1075100,0.0,0.0,0.0
2025-02-06,110.46597290039062,110.55155772054506,110.39939725527896,110.46597290039062,1286700,0.0,0.0,0.0
2025-02-07,110.21870019684702,110.28526857714148,110.104579864024,110.19967651367188,1237800,0.0,0.0,0.0
2025-02-10,110.30428702003752,110.3898790850708,110.18066209877772,110.20919036865234,1979900,0.0,0.0,0.0
2025-02-11,110.0855749398759,110.142631484545,110.03802298237828,110.1045913696289,816900,0.0,0.0,0.0
2025-02-12,109.64811303864305,109.66712946640806,109.53399270582511,109.62908935546876,863400,0.0,0.0,0.0
2025-02-13,109.95242483692564,110.0950661813074,109.93340115406862,110.03800964355467,1328500,0.0,0.0,0.0
2025-02-14,110.4088936970138,110.50399034683468,110.34232531659823,110.35183715820312,1132800,0.0,0.0,0.0
2025-02-18,110.19967106383405,110.2757512819536,110.04751788300392,110.0570297241211,737900,0.0,0.0,0.0
2025-02-19,110.0570504507939,110.24724377650226,110.0570504507939,110.23773193359376,907900,0.0,0.0,0.0
2025-02-20,110.3137970471929,110.41840553861869,110.3137970471929,110.35183715820312,762800,0.0,0.0,0.0
2025-02-21,110.41840930726526,110.82733144532024,110.40889746533574,110.75125122070312,1059300,0.0,0.0,0.0
2025-02-24,110.67517282651704,110.94145361708084,110.6466445556662,110.91291809082033,812200,0.0,0.0,0.0
2025-02-25,111.32184413632709,111.47400459340948,111.255275750206,111.42645263671876,1443800,0.0,0.0,0.0
2025-02-26,111.38841275628006,111.66419814376344,111.2933160981089,111.6166534423828,1461000,0.0,0.0,0.0
2025-02-27,111.4169386580966,111.61664379962616,111.38840313324154,111.6071319580078,1216700,0.0,0.0,0.0
2025-02-28,111.81634710783852,112.03506867360936,111.69271493505488,112.01605224609376,3152300,0.0,0.0,0.0
2025-03-03,111.78151860808993,112.2868416163612,111.74338006181873,112.23917388916016,4542000,0.0,0.0,0.0
2025-03-04,112.43939369280284,112.63961560133372,112.00081133018514,112.13429260253906,5034600,0.0,0.0,0.0
2025-03-05,112.20102507269652,112.26776570401609,111.72430419921876,111.72430419921876,2225500,0.0,0.0,0.0
2025-03-06,111.76244383131072,111.90546154958466,111.53361984658244,111.77198028564452,2026300,0.0,0.0,0.0
2025-03-07,112.15334956202112,112.20102455882387,111.60035887969885,111.6957015991211,2249600,0.0,0.0,0.0
2025-03-10,112.11522128672506,112.33451610824372,112.03895146871254,112.2105712890625,1516900,0.0,0.0,0.0
2025-03-11,112.24870561905556,112.43939106820044,111.93406808120125,112.00080871582033,2614300,0.0,0.0,0.0
2025-03-12,111.79105406010852,111.97221033472512,111.75291551417956,111.80059051513672,1167700,0.0,0.0,0.0
2025-03-13,111.73383987551078,112.13428366064004,111.65756279048144,112.06754302978516,2836000,0.0,0.0,0.0
2025-03-14,111.94360031548943,111.97220240436448,111.77198050805588,111.79104614257812,3752500,0.0,0.0,0.0
2025-03-17,111.84826507921716,112.01035572786986,111.71478379739798,111.76245880126952,1798000,0.0,0.0,0.0
2025-03-18,111.72429948885676,111.9817255490409,111.72429948885676,111.86731719970705,1441300,0.0,0.0,0.0
2025-03-19,111.77198704371096,112.1628944048329,111.6480349524268,112.124755859375,1861400,0.0,0.0,0.0
2025-03-20,112.48707109149284,112.48707109149284,112.15336062930965,112.24871063232422,1187000,0.0,0.0,0.0
2025-03-21,112.42032332429524,112.49659313801244,112.24870351361048,112.27730560302734,1618900,0.0,0.0,0.0
2025-03-24,112.07707553906305,112.09614117255772,111.84824429202942,111.86731719970705,3316600,0.0,0.0,0.0
2025-03-25,111.91498014875864,112.08659993962492,111.89591451607689,112.01985931396484,2576500,0.0,0.0,0.0
2025-03-26,111.9149930640812,111.99127015197608,111.81965034130434,111.89592742919922,1107400,0.0,0.0,0.0
2025-03-27,111.92451506037104,112.00079213841256,111.84823798232954,111.93405151367188,946900,0.0,0.0,0.0
2025-03-28,112.23916358966636,112.54426465765464,112.2105615011336,112.49658966064452,1389200,0.0,0.0,0.0
2025-03-31,112.72543146773508,112.80170128623314,112.45846164334812,112.63961791992188,1682800,0.0,0.0,0.0
2025-04-01,112.72757549810484,113.01444136324842,112.72757549810484,112.84232330322266,2056000,0.0,0.0,0.0
2025-04-02,113.081379205649,113.081379205649,112.53633988150564,112.70845794677734,1071700,0.0,0.0,0.0
2025-04-03,113.66467424504508,113.89416257998712,113.5212412999678,113.693359375,2918800,0.0,0.0,0.0
2025-04-04,114.39138019538215,114.6495609367896,113.78897062426832,113.88459014892578,6213500,0.0,0.0,0.0
2025-04-07,113.98020706015502,114.10451900513128,112.92837772243604,113.12918090820312,5349400,0.0,0.0,0.0
2025-04-08,112.71803526310032,113.30132396271156,112.7084784154568,113.01446533203124,3584600,0.0,0.0,0.0
2025-04-09,112.66064033615297,112.83275839500828,111.77136491461752,112.52677154541016,7283100,0.0,0.0,0.0
2025-04-10,112.58413134551934,112.83274791751346,112.30682964892996,112.37376403808594,3717700,0.0,0.0,0.0
2025-04-11,112.01999385444724,112.04867898486728,111.51320376288598,111.86699676513672,3777100,0.0,0.0,0.0
2025-04-14,112.16342376578136,112.59371530104008,112.15385962413264,112.50765991210938,3110100,0.0,0.0,0.0
2025-04-15,112.5363429925581,112.8518867081942,112.5363429925581,112.6702117919922,1895100,0.0,0.0,0.0
2025-04-16,112.85189335114777,113.12919510781366,112.71802454383356,113.05270385742188,4376600,0.0,0.0,0.0
2025-04-17,113.05269934200962,113.1674398606659,112.88058126872264,112.96663665771484,1725700,0.0,0.0,0.0
2025-04-21,112.90926220734774,113.1961207886432,112.78495025634766,112.78495025634766,1793800,0.0,0.0,0.0
2025-04-22,112.87102993668188,112.92840020252092,112.72759697678092,112.7658462524414,1759700,0.0,0.0,0.0
2025-04-23,113.0813715429656,113.25348959657416,112.5841383679624,112.66063690185548,2062400,0.0,0.0,0.0
2025-04-24,112.95705866414971,113.07180646403704,112.8901242713742,113.04312133789062,1340600,0.0,0.0,0.0
2025-04-25,113.17699089371364,113.358673087613,113.09092821938698,113.31085968017578,1251400,0.0,0.0,0.0
2025-04-28,113.26306053770776,113.69335937293177,113.25350369125805,113.64554595947266,3023700,0.0,0.0,0.0
2025-04-29,113.60728842070768,113.89415428998215,113.60728842070768,113.88459014892578,2734500,0.0,0.0,0.0
2025-04-30,113.9419563379125,114.17144463326672,113.91326391760452,114.16188049316406,1964900,0.0,0.0,0.0
2025-05-01,114.2721647220622,114.29134682790196,113.6009373342672,113.7447738647461,1419300,0.0,0.0,0.0
2025-05-02,113.3995634002426,113.47626987224456,113.07353345987384,113.20777893066406,2012500,0.0,0.0,0.0
2025-05-05,113.25575033039829,113.26534138482072,112.99684307180922,113.13109588623048,847900,0.0,0.0,0.0
2025-05-06,113.20780314551452,113.35163969950732,113.13109665710527,113.34204864501952,791600,0.0,0.0,0.0
2025-05-07,113.36121895653956,113.58176197598978,113.31327100492152,113.45710754394533,1219900,0.0,0.0,0.0
2025-05-08,113.38040088289864,113.38999193699186,112.84341890696898,112.87218475341795,1464400,0.0,0.0,0.0
2025-05-09,113.07355366127808,113.1886243635834,112.92013337403507,112.9393081665039,1006600,0.0,0.0,0.0
2025-05-12,112.37354829308302,112.57491651365534,112.36395723996148,112.3927230834961,1908200,0.0,0.0,0.0
2025-05-13,112.5557353129967,112.58450847259282,112.29683540327214,112.38313293457033,2515700,0.0,0.0,0.0
2025-05-14,112.36395454262612,112.4214862283143,112.08587253541695,112.12422943115234,2861900,0.0,0.0,0.0
2025-05-15,112.47902142223728,112.63244168415548,112.38312552823014,112.60367584228516,2399900,0.0,0.0,0.0
2025-05-16,112.8913479867752,112.90093172343532,112.60367493872128,112.61326599121094,1578700,0.0,0.0,0.0
2025-05-19,112.38313291123374,112.6803970336914,112.36395812067038,112.6803970336914,2027900,0.0,0.0,0.0
2025-05-20,112.54614695355036,112.71874932488826,112.46943316277134,112.65162658691406,2498000,0.0,0.0,0.0
2025-05-21,112.42149801478745,112.48862076040416,112.21053872404038,112.30643463134766,2497600,0.0,0.0,0.0
2025-05-22,112.41191234798394,112.56533262854816,112.3064327044202,112.54615783691406,2611900,0.0,0.0,0.0
2025-05-23,112.91053358452274,112.92012463793051,112.6516336691541,112.72834014892578,2081600,0.0,0.0,0.0
2025-05-27,112.84341285346608,112.99683313157398,112.73793321159113,112.9297103881836,2965000,0.0,0.0,0.0
2025-05-28,112.80505091623014,112.8434078130014,112.6899802259164,112.7571029663086,1972300,0.0,0.0,0.0
2025-05-29,112.92971596857616,113.11190941642327,112.91054117630154,113.0256118774414,4291200,0.0,0.0,0.0
2025-05-30,113.12149158908764,113.33245086669922,113.0735436384195,113.33245086669922,1800400,0.0,0.0,0.0
2025-06-02,113.14295985048037,113.25838505030612,112.99868752365894,113.0948715209961,1745900,0.0,0.0,0.0
2025-06-03,113.19104809680752,113.24875702375236,112.95058445004668,112.9986801147461,1289500,0.0,0.0,0.0
2025-06-04,113.23915037131854,113.55655682641024,113.20067530498685,113.48922729492188,1927000,0.0,0.0,0.0
2025-06-05,113.46038113754392,113.56618574311122,113.17182912648056,113.20068359375,1529800,0.0,0.0,0.0
2025-06-06,112.77745080372814,112.84478033156878,112.5946960831458,112.64279174804688,4591500,0.0,0.0,0.0
2025-06-09,112.6716459696628,112.8640139521177,112.6716459696628,112.77745056152344,1402800,0.0,0.0,0.0
2025-06-10,112.97944666200824,112.99868786455488,112.81593313220492,112.84478759765624,1369400,0.0,0.0,0.0
2025-06-11,113.0756377844237,113.22953806101944,113.00830824800532,113.20068359375,1607800,0.0,0.0,0.0
2025-06-12,113.48922752063814,113.50846872302654,113.35456845739358,113.4796142578125,956000,0.0,0.0,0.0
2025-06-13,113.3449481657518,113.38342323226512,113.08525063974764,113.26800537109376,1310200,0.0,0.0,0.0
2025-06-16,113.20069892801848,113.33535801909623,113.12374877929688,113.12374877929688,1678300,0.0,0.0,0.0
2025-06-17,113.28723898528496,113.44113925099876,113.18143438719886,113.40266418457033,1323300,0.0,0.0,0.0
2025-06-18,113.5277100902714,113.729698698488,113.36419655100596,113.46038055419922,1135000,0.0,0.0,0.0
2025-06-20,113.39303568705688,113.68159499599166,113.364181223837,113.57579040527344,1129700,0.0,0.0,0.0
2025-06-23,113.748916395137,114.09518460576923,113.72967519545324,113.88357543945312,1368800,0.0,0.0,0.0
2025-06-24,113.85472815402176,114.15290072260456,113.81625309059687,114.11442565917967,2317700,0.0,0.0,0.0
2025-06-25,114.01824923410224,114.22023782670736,113.94129910214738,114.1913833618164,1547200,0.0,0.0,0.0
2025-06-26,114.35490407947736,114.47994254799048,114.28757454437508,114.47032928466795,1942100,0.0,0.0,0.0
2025-06-27,114.2875822989149,114.48957091792693,114.25872783025169,114.31643676757812,2391100,0.0,0.0,0.0
2025-06-30,114.47994219362177,114.57613353350064,114.35490372549567,114.54727172851562,1731900,0.0,0.0,0.0
2025-07-01,114.45272911410083,114.52990086109264,114.22122123262822,114.2983856201172,4456200,0.0,0.0,0.0
2025-07-02,114.18263792762816,114.2983881912168,114.11511448736712,114.2019271850586,1217000,0.0,0.0,0.0
2025-07-03,113.93183063159417,113.99935407020024,113.82572131956992,113.90289306640624,990400,0.0,0.0,0.0
2025-07-07,113.87395519389368,113.89324445079929,113.7485492657474,113.79678344726562,1743000,0.0,0.0,0.0
2025-07-08,113.63280157225785,113.7099659611262,113.62315326383568,113.70032501220705,1442300,0.0,0.0,0.0
2025-07-09,113.81608640468956,114.04760167244216,113.81608640468956,114.02830505371094,1232400,0.0,0.0,0.0
2025-07-10,113.98006987304544,114.00900743951794,113.86431224765224,113.99935913085938,659900,0.0,0.0,0.0
2025-07-11,113.82573815606813,113.83538646572548,113.71962882834876,113.77750396728516,703000,0.0,0.0,0.0
2025-07-14,113.80643578234604,113.8932484807472,113.70032646685364,113.7582015991211,1866800,0.0,0.0,0.0
2025-07-15,113.82574592813091,113.82574592813091,113.44954278034916,113.48812866210938,1068500,0.0,0.0,0.0
2025-07-16,113.5845819311612,113.81608984641076,113.5845819311612,113.77750396728516,3135500,0.0,0.0,0.0
2025-07-17,113.7967886256776,113.87396037581742,113.66174174268453,113.70996856689452,1696800,0.0,0.0,0.0
2025-07-18,113.9897119741538,114.03794615843088,113.902899273859,113.9511260986328,724800,0.0,0.0,0.0
2025-07-21,114.22122783025276,114.26945465528117,114.13440776999636,114.16334533691406,729400,0.0,0.0,0.0
2025-07-22,114.25016239918116,114.4044985385268,114.25016239918116,114.33697509765624,1128500,0.0,0.0,0.0
2025-07-23,114.23086920586226,114.27910339057398,114.08617401123048,114.08617401123048,1494100,0.0,0.0,0.0
2025-07-24,113.83537583157305,114.01864954091876,113.83537583157305,113.9511260986328,1142400,0.0,0.0,0.0
2025-07-25,113.97042374312768,114.11511893775948,113.95112712544169,114.08617401123048,1597500,0.0,0.0,0.0
2025-07-28,114.00901219429376,114.02830145291216,113.95112969943158,113.98971557617188,1198900,0.0,0.0,0.0
2025-07-29,114.06687659193776,114.36590790914636,114.06687659193776,114.34661865234376,1314000,0.0,0.0,0.0
2025-07-30,114.11512181348478,114.35627802411386,114.03795005980264,114.0958251953125,1816000,0.0,0.0,0.0
2025-07-31,114.15369342537944,114.27909935740269,114.07652903586865,114.124755859375,3330700,0.0,0.0,0.0
2025-08-01,114.84168065175427,115.18997952447,114.84168065175427,115.14160919189452,4335200,0.0,0.0,0.0
2025-08-04,115.1996506791703,115.25769802786702,115.01582423309416,115.2093276977539,1605400,0.0,0.0,0.0
2025-08-05,115.09321005236454,115.21898175133067,115.05450936466694,115.11256408691406,1675800,0.0,0.0,0.0
2025-08-06,115.04484121904888,115.16093590224412,114.8900384662532,115.13191223144533,1596900,0.0,0.0,0.0
2025-08-07,115.10290204771412,115.17062641464736,114.9964769880472,115.06420135498048,1995900,0.0,0.0,0.0
2025-08-08,114.957783308184,114.957783308184,114.8416812229004,114.87071228027344,1950800,0.0,0.0,0.0
2025-08-11,114.89006042480467,114.97713145384272,114.8416827099594,114.89006042480467,1195900,0.0,0.0,0.0
2025-08-12,114.841670683151,114.94809573954294,114.80297737301044,114.92874908447266,1450400,0.0,0.0,0.0
2025-08-13,115.1802978853552,115.286722939896,115.1512668311515,115.22866821289062,1289400,0.0,0.0,0.0
2025-08-14,115.05453314897603,115.09323384467392,114.92876142401012,114.98680877685548,2887700,0.0,0.0,0.0
2025-08-15,115.01583683657998,115.05453753375278,114.85136440964804,114.89974212646484,1330200,0.0,0.0,0.0
2025-08-18,114.9577739344344,114.9577739344344,114.78362451141072,114.85134887695312,1930600,0.0,0.0,0.0
2025-08-19,114.95776839045554,115.03516977060043,114.95776839045554,115.01581573486328,2919000,0.0,0.0,0.0
2025-08-20,115.0254915807965,115.18996397587728,115.01581456302652,115.0932159423828,1844500,0.0,0.0,0.0
2025-08-21,115.03518469837304,115.0545313552189,114.80298790920872,114.87071228027344,1727800,0.0,0.0,0.0
2025-08-22,114.9867903581431,115.44151423300146,114.97711334041796,115.3641128540039,2197000,0.0,0.0,0.0
2025-08-25,115.23834991455078,115.29639726251332,115.17062554812706,115.23834991455078,1222000,0.0,0.0,0.0
2025-08-26,115.35445289400516,115.49957126504636,115.32542183839452,115.480224609375,1503400,0.0,0.0,0.0
2025-08-27,115.45119245361668,115.65436553955078,115.4124917637147,115.65436553955078,1389700,0.0,0.0,0.0
2025-08-28,115.5963275878499,115.74144596002124,115.56729653201316,115.72209930419922,1105700,0.0,0.0,0.0
2025-08-29,115.70273646636616,115.84786220890136,115.67371279413948,115.79949188232422,1312500,0.0,0.0,0.0
2025-09-02,115.50646257955628,115.6617093505872,115.50646257955628,115.6034927368164,1991300,0.0,0.0,0.0
2025-09-03,115.58408301420272,115.89458394132046,115.57437777815734,115.79754638671876,1589000,0.0,0.0,0.0
2025-09-04,115.9528050496386,116.05954044149998,115.89458843696012,116.04983520507812,1710000,0.0,0.0,0.0
2025-09-05,116.54469201374336,116.60290862312104,116.3506317138672,116.3506317138672,2540200,0.0,0.0,0.0
2025-09-08,116.53498992236815,116.55440039463508,116.41855670047106,116.51558685302734,2039500,0.0,0.0,0.0
2025-09-09,116.51558500315788,116.60290991819429,116.2827037572088,116.33122253417967,1665300,0.0,0.0,0.0
2025-09-10,116.48647806017674,116.525284198696,116.40885097728604,116.4185562133789,1110100,0.0,0.0,0.0
2025-09-11,116.53499490306524,116.68054383958348,116.43796474636189,116.44766998291016,2054000,0.0,0.0,0.0
2025-09-12,116.36032666415868,116.36032666415868,116.20507990868892,116.28269958496094,1852400,0.0,0.0,0.0
2025-09-15,116.44767279713432,116.46707586777336,116.39915401614688,116.40885925292967,1124000,0.0,0.0,0.0
2025-09-16,116.447658671769,116.55439405465287,116.42824820055792,116.49617004394533,1893500,0.0,0.0,0.0
2025-09-17,116.53499853437428,116.72906625675468,116.22449758149229,116.29241943359376,3631900,0.0,0.0,0.0
2025-09-18,116.1177584112068,116.23419904085084,116.03043349116858,116.13716888427734,1952300,0.0,0.0,0.0
2025-09-19,116.13716190099076,116.18567327489733,116.0498295832774,116.12745666503906,1665100,0.0,0.0,0.0
2025-09-22,116.15657276567832,116.17598323888446,116.01102382833837,116.0207290649414,1730600,0.0,0.0,0.0
2025-09-23,116.117754726968,116.19538181093438,116.03042980970048,116.18567657470705,2705900,0.0,0.0,0.0
2025-09-24,116.09835133118877,116.10805656738884,115.97220546936634,115.9819107055664,2221800,0.0,0.0,0.0
2025-09-25,115.80726229437246,115.8460758392046,115.67141858892336,115.75875091552734,2325800,0.0,0.0,0.0
2025-09-26,115.7490441583102,115.87518262516286,115.71993585080013,115.77815246582033,1581000,0.0,0.0,0.0
2025-09-29,115.84607133864448,115.97220980225345,115.8363661020818,115.92369842529295,945600,0.0,0.0,0.0
2025-09-30,116.02073340060892,116.14687186945656,115.9431063107365,115.96251678466795,2975800,0.0,0.0,0.0
2025-10-01,116.31867770328807,116.3478705283208,116.13377991218564,116.26029205322266,3062600,0.0,0.0,0.0
2025-10-02,116.1727065685616,116.33814495170684,116.15324715994412,116.30894470214844,1850500,0.0,0.0,0.0
2025-10-03,116.29921387128029,116.37705892693288,116.12404950332495,116.1435089111328,1536500,0.0,0.0,0.0
2025-10-06,116.00727526549332,116.12405399011602,115.96834902395244,115.9878158569336,1657300,0.0,0.0,0.0
2025-10-07,116.06565367315685,116.26028486871644,116.03646084992812,116.17269897460938,1875200,0.0,0.0,0.0
2025-10-08,116.2797514967733,116.28948491326096,116.10458712210284,116.12405395507812,1237700,0.0,0.0,0.0
2025-10-09,116.10459582358646,116.1240626580207,116.04621016912772,116.08513641357422,1739900,0.0,0.0,0.0
2025-10-10,116.3381493249716,116.63008501173688,116.27003025561751,116.5619659423828,3336600,0.0,0.0,0.0
2025-10-13,116.57168683312987,116.66899871826172,116.51330118693495,116.66899871826172,818900,0.0,0.0,0.0
2025-10-14,116.70792217466962,116.86361970228428,116.65926252105336,116.8344268798828,2363800,0.0,0.0,0.0
2025-10-15,116.78578123839232,116.86362629438038,116.66900251777848,116.73712158203124,2062300,0.0,0.0,0.0
2025-10-16,116.6884644083185,117.13610501508222,116.66899757683002,117.11663818359376,3291000,0.0,0.0,0.0
2025-10-17,117.03879612760072,117.04852954421162,116.88309858393394,116.9512176513672,2312600,0.0,0.0,0.0
2025-10-20,116.98040664499516,117.0193328857422,116.9220209960853,117.0193328857422,1622600,0.0,0.0,0.0
2025-10-21,117.13609907687189,117.18475130428492,117.07770600978756,117.1263656616211,1623700,0.0,0.0,0.0
2025-10-22,117.08744260282188,117.1847544847095,117.02905695857342,117.14582824707033,2118700,0.0,0.0,0.0
2025-10-23,117.0095935575449,117.04851979632517,116.8733554340244,116.892822265625,1305400,0.0,0.0,0.0
2025-10-24,117.01933989677086,117.0387993060996,116.88310175820445,116.9706802368164,1834700,0.0,0.0,0.0
2025-10-27,116.85389751287396,116.93174999142455,116.75658562689624,116.90254974365234,1728300,0.0,0.0,0.0
2025-10-28,116.87335923318658,116.99987136944016,116.85389982537431,116.96094512939452,2217300,0.0,0.0,0.0
2025-10-29,116.95121395010604,116.95121395010604,116.43545425237392,116.47438049316406,2238000,0.0,0.0,0.0
2025-10-30,116.31867659882217,116.53276721292453,116.30894318242989,116.43545532226562,2831700,0.0,0.0,0.0
2025-10-31,116.51330884097538,116.58142790748468,116.46464918300244,116.53276824951172,1839400,0.0,0.0,0.0
2025-11-03,116.4507713679034,116.5776639081296,116.4312448557564,116.49957275390624,2179900,0.0,0.0,0.0
2025-11-04,116.58743741525272,116.6460020624784,116.55815509163986,116.6069564819336,1351800,0.0,0.0,0.0
2025-11-05,116.50933839723191,116.51910165350549,116.255545864397,116.28482818603516,2048600,0.0,0.0,0.0
2025-11-06,116.58742312049876,116.74359797634638,116.567896609029,116.6752700805664,1523600,0.0,0.0,0.0
2025-11-07,116.6557596008506,116.89002562545248,116.64599634439725,116.7436065673828,1493100,0.0,0.0,0.0
2025-11-10,116.6264729958235,116.70455670303492,116.58742741862662,116.59718322753906,2699700,0.0,0.0,0.0
2025-11-11,116.81193182764032,116.89002298313656,116.7728862498922,116.8607406616211,934000,0.0,0.0,0.0
2025-11-12,116.81191946381044,116.90952967425808,116.7924004005936,116.84120178222656,1284700,0.0,0.0,0.0
2025-11-13,116.64599609375,116.76313282939056,116.62647702806788,116.64599609375,2007600,0.0,0.0,0.0
2025-11-14,116.8802664334481,116.91931201343664,116.53862691752698,116.56790924072266,1810800,0.0,0.0,0.0
2025-11-17,116.62647773403052,116.67527912212252,116.58743215524731,116.61671447753906,2780900,0.0,0.0,0.0
2025-11-18,116.8900220241775,116.95834992288054,116.6850383280684,116.79241180419922,1984800,0.0,0.0,0.0
2025-11-19,116.89002273000804,116.91930505146009,116.69480228887264,116.76313018798828,1876400,0.0,0.0,0.0
2025-11-20,116.8412144017563,117.02667903466522,116.7924130148525,116.9583511352539,2024300,0.0,0.0,0.0
2025-11-21,117.2121353149414,117.2706999539256,117.05595301474096,117.2121353149414,2331200,0.0,0.0,0.0
2025-11-24,117.25118711178798,117.29998849780374,117.15356944539174,117.2707061767578,2488400,0.0,0.0,0.0
2025-11-25,117.32926607313924,117.56353952639552,117.32926607313924,117.4756851196289,2594300,0.0,0.0,0.0
2025-11-26,117.40736195931908,117.4952163696289,117.29998848404168,117.4952163696289,1253000,0.0,0.0,0.0
2025-11-28,117.49520610750083,117.51472517076358,117.32926055744994,117.38783264160156,1048600,0.0,0.0,0.0
2025-12-01,117.13330737507978,117.1822512037496,117.02562049551906,117.04519653320312,2965800,0.0,0.0,0.0
2025-12-02,117.07456974585624,117.16268059181328,117.02562591491986,117.14310455322266,1326300,0.0,0.0,0.0
2025-12-03,117.28015899658205,117.32910282742094,117.17247211224884,117.28015899658205,1801400,0.0,0.0,0.0
2025-12-04,117.15289642881942,117.15289642881942,117.01584174304574,117.07457733154295,1736500,0.0,0.0,0.0
2025-12-05,117.0843715868086,117.0843715868086,116.87878955375692,116.9081573486328,2263000,0.0,0.0,0.0
2025-12-08,116.83961284236317,116.84940459552364,116.60466304894604,116.73192596435548,2242700,0.0,0.0,0.0
2025-12-09,116.82983335686798,116.83962511105666,116.60467529296876,116.60467529296876,2532800,0.0,0.0,0.0
2025-12-10,116.56550978883848,116.93751427087888,116.55571803515014,116.91793823242188,4615200,0.0,0.0,0.0
2025-12-11,117.10394634687938,117.14310589342834,116.92773212186904,116.95709991455078,3260300,0.0,0.0,0.0
2025-12-12,116.81025146486954,116.89836231031292,116.79067542639304,116.8494110107422,3180700,0.0,0.0,0.0
2025-12-15,117.006042597347,117.08436168967602,116.8983631815443,116.93751525878906,1243100,0.0,0.0,0.0
2025-12-16,116.947306822718,117.17247234556844,116.93751506896282,117.14310455322266,1770900,0.0,0.0,0.0
2025-12-17,117.05499370726564,117.1528888380581,117.04520195351049,117.14310455322266,2980100,0.0,0.0,0.0
2025-12-18,117.34869270042816,117.38785224857531,117.2116380163732,117.32910919189452,1568500,0.0,0.0,0.0
2025-12-19,117.22205527861112,117.28097323930672,117.16312982580452,117.19258880615234,1365300,0.0,0.0,0.0
2025-12-22,117.12384984978064,117.13367200736434,117.05510973091693,117.09439086914062,1116600,0.0,0.0,0.0
2025-12-23,116.8980045798377,117.02566267298744,116.858723437612,116.98638153076172,1340200,0.0,0.0,0.0
2025-12-24,117.07476239503922,117.18278365983,117.03548125401424,117.16313934326172,648900,0.0,0.0,0.0
2025-12-26,117.32026985165288,117.33009201043468,117.22207074017078,117.3104476928711,1381900,0.0,0.0,0.0
2025-12-29,117.3791923808064,117.4381103515625,117.34973339542836,117.4381103515625,1331700,0.0,0.0,0.0
2025-12-30,117.36935686041852,117.45774129860332,117.33989787839408,117.40863800048828,1370400,0.0,0.0,0.0
2025-12-31,117.29080753800652,117.38900664670116,117.1729641123059,117.20242309570312,1215900,0.0,0.0,0.0
2026-01-02,117.28097963593096,117.29080179395294,117.13367723404694,117.17295837402344,1201300,0.0,0.0,0.0
2026-01-05,117.28097730394056,117.3889985637002,117.24169616474512,117.36935424804688,3155700,0.0,0.0,0.0
2026-01-06,117.31044717449416,117.36936514270069,117.20242590470755,117.35955047607422,2074200,0.0,0.0,0.0
2026-01-07,117.4773826269525,117.4872047853744,117.33990237749276,117.41846466064452,1987100,0.0,0.0,0.0
2026-01-08,117.24170561174547,117.31044573784855,117.212246628003,117.2220687866211,1308700,0.0,0.0,0.0
2026-01-09,117.21223638595352,117.3006133294586,117.12385195033724,117.18277740478516,1852800,0.0,0.0,0.0
2026-01-12,117.11403779808744,117.22205905758574,117.09439348248164,117.13367462158205,1218600,0.0,0.0,0.0
2026-01-13,117.26134490966795,117.30061855823566,117.1729604701119,117.26134490966795,1517800,0.0,0.0,0.0
2026-01-14,117.30061412748266,117.44791652643777,117.30061412748266,117.36935424804688,1082300,0.0,0.0,0.0
2026-01-15,117.31044051024782,117.32026266842824,117.13367912355788,117.14350128173828,2038100,0.0,0.0,0.0
2026-01-16,117.12385479686304,117.14349911286016,116.89799760767572,116.9372787475586,1764400,0.0,0.0,0.0
2026-01-20,116.80962561099848,116.8881878991317,116.75070764095466,116.78016662597656,1244700,0.0,0.0,0.0
2026-01-21,116.85871509356484,116.92745521452368,116.78015281472298,116.91763305664062,2374400,0.0,0.0,0.0
2026-01-22,116.81944085802972,116.86854415823566,116.75070073300844,116.8488998413086,1289300,0.0,0.0,0.0
2026-01-23,116.85872532738014,116.97656875596302,116.82926634326242,116.95692443847656,1128200,0.0,0.0,0.0
2026-01-26,117.03547668457033,117.08457998196226,116.996195545079,117.03547668457033,1008600,0.0,0.0,0.0
2026-01-27,117.01583673452843,117.13367265774282,117.01583673452843,117.04529571533205,1476400,0.0,0.0,0.0
2026-01-28,117.035481702699,117.0453038610208,116.87835713799674,116.99620056152344,1191300,0.0,0.0,0.0
2026-01-29,116.98637534635398,117.19259571305346,116.98637534635398,117.12385559082033,1516400,0.0,0.0,0.0
2026-01-30,117.18278627080888,117.26134855460931,117.14350512890869,117.20242309570312,1901800,0.0,0.0,0.0
2026-02-02,117.2191767355476,117.2191767355476,117.02217272191255,117.0418701171875,2058200,0.0,0.0,0.0
2026-02-03,116.953216457704,117.11081816003208,116.953216457704,117.08126831054688,1215900,0.0,0.0,0.0
2026-02-04,117.01231615667436,117.16991785900248,116.99261124687015,117.08126831054688,1305000,0.0,0.0,0.0
2026-02-05,117.36692741635676,117.60333372350227,117.29797526363842,117.57378387451172,2219800,0.0,0.0,0.0
2026-02-06,117.62304565562388,117.63289059572786,117.435886580548,117.5245361328125,2505700,0.0,0.0,0.0
2026-02-09,117.5540806668932,117.61318788095106,117.5048334229363,117.5934829711914,1106000,0.0,0.0,0.0
2026-02-10,117.80033173085852,117.87913633430288,117.78063433760776,117.8495864868164,1262100,0.0,0.0,0.0
2026-02-11,117.55408248229496,117.74124155179643,117.52453263242026,117.61318969726562,2181300,0.0,0.0,0.0
2026-02-12,117.6919929301604,118.0367537000339,117.68214047524368,118.0269012451172,3276500,0.0,0.0,0.0
2026-02-13,118.28300998235892,118.381511983794,118.2534601334505,118.34210968017578,2193000,0.0,0.0,0.0
2026-02-17,118.3322520016752,118.38150675782887,118.24360245886338,118.2830047607422,1252500,0.0,0.0,0.0
2026-02-18,118.14510926792862,118.18451157274434,118.11555941812212,118.12540435791016,1253200,0.0,0.0,0.0
2026-02-19,118.11556293459417,118.24361479264164,118.09585802398904,118.16481018066406,1298000,0.0,0.0,0.0
2026-02-20,118.22390747070312,118.23375992580472,118.0663057651839,118.22390747070312,1827000,0.0,0.0,0.0
2026-02-23,118.29286015464906,118.5883736872476,118.28301521472474,118.5292739868164,1350100,0.0,0.0,0.0
2026-02-24,118.4997111707966,118.52926101777896,118.40120166056144,118.47015380859376,1794700,0.0,0.0,0.0
2026-02-25,118.36180575704662,118.45045529715658,118.34210084909746,118.37165069580078,1846200,0.0,0.0,0.0
2026-02-26,118.44061741678468,118.5982266388894,118.44061741678468,118.57852172851562,1630600,0.0,0.0,0.0
2026-02-27,118.84447710920564,118.97252895680364,118.8050748064322,118.9134292602539,2286200,0.0,0.0,0.0
2026-03-02,118.6674904406412,118.6674904406412,118.30202267290277,118.41067504882812,2836900,0.0,0.0,0.0
2026-03-03,118.05507627741471,118.44030309865823,118.02544518406135,118.35140228271484,3770000,0.0,0.0,0.0
2026-03-04,118.32177551361691,118.33165505705688,118.13410186767578,118.13410186767578,3830700,0.0,0.0,0.0
2026-03-05,117.8772842314573,117.98593659956474,117.81802204371996,117.93655395507812,2221100,0.0,0.0,0.0
2026-03-06,117.72912928381824,118.17361076558493,117.72912928381824,117.9464340209961,3297500,0.0,0.0,0.0
2026-03-09,117.86741448186584,118.173612505552,117.75876211167714,118.13410186767578,3441500,0.0,0.0,0.0
2026-03-10,118.13409855753066,118.18348873746292,117.89704227279934,117.9167938232422,1692100,0.0,0.0,0.0
2026-03-11,117.80814282779568,117.84765346502486,117.61059717753338,117.64022827148438,2388300,0.0,0.0,0.0
2026-03-12,117.492061686022,117.57108295807268,117.16611212660878,117.26488494873048,3384500,0.0,0.0,0.0
2026-03-13,117.46243207039704,117.52170179312216,117.2352553302481,117.29451751708984,3052600,0.0,0.0,0.0
2026-03-16,117.59084510439628,117.65010729203496,117.48219273646968,117.6303482055664,3122200,0.0,0.0,0.0
2026-03-17,117.72912493058492,117.81801820929788,117.70936584472656,117.70936584472656,2191100,0.0,0.0,0.0
2026-03-18,117.59084352306532,117.65010570990704,117.29451751708984,117.29451751708984,2901600,0.0,0.0,0.0
2026-03-19,116.98831803243644,117.3735373138293,116.95868693938826,117.26488494873048,4893800,0.0,0.0,0.0
2026-03-20,116.86979249925407,116.8895440504025,116.5438353861776,116.63273620605467,5392200,0.0,0.0,0.0
2026-03-23,116.7018689458672,117.08708821858764,116.63272721835028,116.90929412841795,7691100,0.0,0.0,0.0
2026-03-24,116.5537190889439,116.78090338261806,116.3858045225974,116.5635986328125,4736400,0.0,0.0,0.0
2026-03-25,116.89941553823684,116.98831635198763,116.7710116249114,116.92904663085938,3282400,0.0,0.0,0.0
2026-03-26,116.64260654747012,116.73150736607728,116.2672667939424,116.2968978881836,2778100,0.0,0.0,0.0
2026-03-27,116.21787983592372,116.5635884823808,116.20800029291544,116.51419830322266,3357200,0.0,0.0,0.0
2026-03-30,116.9191847700614,117.07721978972351,116.8796741311749,116.97844696044922,4371400,0.0,0.0,0.0
2026-03-31,117.23524785637692,117.34390021591564,117.09696440530632,117.14634704589844,3898500,0.0,0.0,0.0
2026-04-01,117.09781215424724,117.25632966839616,117.03836147241132,117.04827117919922,3196200,0.0,0.0,0.0
2026-04-02,117.0779903529179,117.33558981190924,117.06808820522345,117.19688415527344,2805800,0.0,0.0,0.0
2026-04-06,116.97891998291016,117.10771593738534,116.90956715220943,116.97891998291016,1499800,0.0,0.0,0.0
2026-04-07,117.03835908546604,117.26623698359134,116.83030060051234,117.19688415527344,1551200,0.0,0.0,0.0
2026-04-08,117.6031009211989,117.61301062858544,117.33559929289837,117.3950424194336,2302100,0.0,0.0,0.0
2026-04-09,117.36531498147032,117.5832831797118,117.2563308823496,117.41485595703124,884400,0.0,0.0,0.0
2026-04-10,117.42475798587972,117.4445773996406,117.27615017713094,117.32568359375,1129500,0.0,0.0,0.0
2026-04-13,117.31577905742212,117.48420627650292,117.23651652177536,117.47429656982422,1210900,0.0,0.0,0.0
2026-04-14,117.4544832574082,117.72198486328124,117.41485199007676,117.72198486328124,1087600,0.0,0.0,0.0
2026-04-15,117.65263442347891,117.65263442347891,117.49410935093516,117.57337188720705,852300,0.0,0.0,0.0
2026-04-16,117.642723788905,117.65263349558371,117.4643868631455,117.47429656982422,1156200,0.0,0.0,0.0
2026-04-17,117.87060208227103,118.0192174473815,117.83097081431548,117.92013549804688,1213700,0.0,0.0,0.0
2026-04-20,117.8805184948196,117.91024005775417,117.7418052696385,117.8210678100586,889700,0.0,0.0,0.0
2026-04-21,117.6724495511669,117.7219905274377,117.4346694946289,117.4346694946289,1194200,0.0,0.0,0.0
2026-04-22,117.64272127708168,117.66254069001592,117.5040156221071,117.5337371826172,649700,0.0,0.0,0.0
2026-04-23,117.5535675020502,117.59319877270435,117.25633675159008,117.3950424194336,1117200,0.0,0.0,0.0
2026-04-24,117.35539782787085,117.63281669096033,117.30586441434464,117.59318542480467,793900,0.0,0.0,0.0
2026-04-27,117.50401813096887,117.57337095993697,117.40494374085615,117.47429656982422,591900,0.0,0.0,0.0
2026-04-28,117.32568534668518,117.375226322936,117.26624222229754,117.3455047607422,1552000,0.0,0.0,0.0
2026-04-29,117.1473446426562,117.1473446426562,116.83030205797763,116.9491958618164,1044900,0.0,0.0,0.0
2026-04-30,117.16715747265276,117.2067887383722,117.06808308779968,117.13743591308594,871000,0.0,0.0,0.0
2026-05-01,117.1473727692036,117.41569896442108,117.09768806851808,117.17719268798828,961700,0.0,0.0,0.0
2026-05-04,117.0380562029104,117.04799617587176,116.72004530594776,116.90886688232422,1098800,0.0,0.0,0.0
2026-05-05,116.98837054634625,117.07780755633422,116.9486182368034,116.96849060058594,833500,0.0,0.0,0.0
2026-05-06,117.30638343421964,117.38588805465636,117.26663112400124,117.32625579833984,903300,0.0,0.0,0.0
2026-05-07,117.5349438313287,117.5349438313287,117.08774363231682,117.13743591308594,1096700,0.0,0.0,0.0
2026-05-08,117.39581936438672,117.42563928325926,117.29644238074512,117.31632232666016,703900,0.0,0.0,0.0
2026-05-11,117.23682035735231,117.25669272173876,117.03805880359783,117.06787872314452,733500,0.0,0.0,0.0
2026-05-12,116.86911756603614,116.86911756603614,116.7896129442645,116.79955291748048,800200,0.0,0.0,0.0
2026-05-13,116.77967089186735,116.8691078974778,116.66041396907605,116.84923553466795,1338000,0.0,0.0,0.0
2026-05-14,116.98837432753524,117.00824669196008,116.7200481249431,116.72998809814452,623600,0.0,0.0,0.0
2026-05-15,116.35234906249168,116.37222142632623,116.18340743297536,116.22315216064452,1246300,0.0,0.0,0.0
2026-05-18,116.32253564398296,116.42191262618732,116.09396176113296,116.21321868896484,2870700,0.0,0.0,0.0
2026-05-19,115.98464519271056,116.06414981153016,115.78589122763935,115.94489288330078,1323700,0.0,0.0,0.0
2026-05-20,115.98464420086964,116.49147666403812,115.97470422810775,116.41197204589844,2614900,0.0,0.0,0.0
2026-05-21,116.18340799802831,116.46166658493264,116.0641510685074,116.43185424804688,2286200,0.0,0.0,0.0
2026-05-22,116.531228973108,116.55110133665406,116.21321808252688,116.41197204589844,1577100,0.0,0.0,0.0
2026-05-26,116.72998588943942,116.74986583546612,116.5709842311154,116.71011352539062,1136900,0.0,0.0,0.0
2026-05-27,116.74986267089844,116.86911201591468,116.7200427526667,116.74986267089844,1107400,0.0,0.0,0.0
2026-05-28,116.7597942822982,117.0082405253939,116.71010958286564,116.8790512084961,1260200,0.0,0.0,0.0
2026-05-29,116.9883750109474,117.08775199760804,116.91881036208711,117.00824737548828,1319900,0.0,0.0,0.0
2026-06-01,116.658325759467,116.87764702769904,116.56860757108912,116.86768341064452,997000,0.0,0.0,0.0
2026-06-02,116.93746636304544,116.94742998006622,116.80786328363028,116.8577117919922,1070800,0.0,0.0,0.0
2026-06-03,116.66829837304266,116.76798778547791,116.60848624674442,116.70817565917967,841100,0.0,0.0,0.0
2026-06-04,116.89758751676575,116.94742841864772,116.79789810718744,116.81783294677734,783500,0.0,0.0,0.0
2026-06-05,116.44897151097028,116.47887757268349,116.30940481909916,116.36922454833984,1864900,0.0,0.0,0.0
2026-06-08,116.52873292706792,116.56861021363362,116.3393177173346,116.34928894042967,1534000,0.0,0.0,0.0
2026-06-09,116.48885501345364,116.60848687250676,116.41907166379302,116.52873229980467,1240100,0.0,0.0,0.0
2026-06-10,116.59851408913404,116.62842015204342,116.41907010586306,116.48885345458984,848600,0.0,0.0,0.0
2026-06-11,116.54866976800244,117.0172107495323,116.5087924833546,116.9873046875,1738000,0.0,0.0,0.0
2026-06-12,116.84774017333984,116.93746596692446,116.7380795399667,116.84774017333984,1312000,0.0,0.0,0.0
2026-06-15,117.06705886045512,117.1268709843172,116.9573982294984,116.97733306884766,619300,0.0,0.0,0.0
2026-06-16,117.02718741770347,117.21660262714109,117.00725257735913,117.12687683105467,726000,0.0,0.0,0.0
2026-06-17,117.1169131637878,117.13684800412366,116.51876147230648,116.53870391845705,1675200,0.0,0.0,0.0
2026-06-18,116.84773940508715,117.0172121625261,116.8078621199578,116.82780456542967,1501600,0.0,0.0,0.0
2026-06-22,116.6383940998652,116.6782713866142,116.53870468590009,116.5586395263672,1151200,0.0,0.0,0.0
2026-06-23,116.7380817223288,116.79790145444169,116.66829837304266,116.70817565917967,1738500,0.0,0.0,0.0
2026-06-24,116.9773381414042,117.15678212658612,116.9773381414042,117.10694122314452,1666200,0.0,0.0,0.0
2026-06-25,117.2664390166351,117.36613603196312,117.18669205251288,117.20662689208984,537600,0.0,0.0,0.0
2026-06-26,117.30631800807764,117.48576199013829,117.30631800807764,117.44588470458984,896500,0.0,0.0,0.0
2026-06-29,117.3860714156161,117.43591992351114,117.3162880680517,117.41597747802734,1226700,0.0,0.0,0.0
2026-06-30,117.29635563864946,117.31629047872843,117.07703436870766,117.08699798583984,1442100,0.0,0.0,0.0
2026-07-01,117.01000213623048,117.11000061035156,116.93000030517578,116.9499969482422,1092000,0.0,0.0,0.0
2026-07-02,117.06999969482422,117.19000244140624,117.01000213623048,117.11000061035156,957400,0.0,0.0,0.0
2026-07-06,117.12999725341795,117.1999969482422,117.05999755859376,117.1999969482422,900800,0.0,0.0,0.0
2026-07-07,117.0500030517578,117.05999755859376,116.81999969482422,116.83999633789062,983400,0.0,0.0,0.0
2026-07-08,116.66999816894533,116.70999908447266,116.52999877929688,116.68000030517578,1038500,0.0,0.0,0.0
2026-07-09,116.76000213623048,116.9499969482422,116.75,116.83999633789062,935600,0.0,0.0,0.0
2026-07-10,116.83999633789062,116.88999938964844,116.72000122070312,116.7699966430664,1345800,0.0,0.0,0.0
2026-07-13,116.66000366210938,116.66999816894533,116.43000030517578,116.4499969482422,1419900,0.0,0.0,0.0
2026-07-14,116.79000091552734,116.91000366210938,116.63999938964844,116.73999786376952,1203300,0.0,0.0,0.0
2026-07-15,116.86000061035156,117.05999755859376,116.86000061035156,116.9800033569336,2224400,0.0,0.0,0.0
2026-07-16,116.8499984741211,116.9499969482422,116.80999755859376,116.9499969482422,794000,0.0,0.0,0.0
2026-07-17,117.12999725341795,117.2300033569336,116.95999908447266,116.9800033569336,984800,0.0,0.0,0.0
2026-07-20,116.88999938964844,116.91000366210938,116.66999816894533,116.76000213623048,1202700,0.0,0.0,0.0
2026-07-21,116.66000366210938,116.66000366210938,116.5199966430664,116.5500030517578,705200,0.0,0.0,0.0
2026-07-22,116.54000091552734,116.54000091552734,116.3499984741211,116.36000061035156,835800,0.0,0.0,0.0
2026-07-23,116.13999938964844,116.1999969482422,116.06999969482422,116.16000366210938,859100,0.0,0.0,0.0
2026-07-24,116.27999877929688,116.45999908447266,116.25,116.33000183105467,4019800,0.0,0.0,0.0
2026-07-27,116.41999816894533,116.5500030517578,116.38999938964844,116.45999908447266,734500,0.0,0.0,0.0
2026-07-28,116.21064288606564,116.4199662928369,116.21064288606564,116.30035400390624,988800,0.0,0.0,0.0
2026-07-29,116.19071197509766,116.40999737044643,116.0312365268434,116.19071197509766,1833100,0.0,0.0,0.0
2026-07-30,116.30035355090752,116.36015589285468,116.19071085429078,116.26048278808594,822900,0.0,0.0,0.0
2026-07-31,116.06113479199138,116.10100555419922,115.91162133485454,116.10100555419922,1304200,0.0,0.0,0.0
2026-08-03,116.20999908447266,116.25,116.12999725341795,116.22000122070312,2604700,0.0,0.0,0.0
2026-08-04,116.5199966430664,116.5999984741211,116.47000122070312,116.55999755859376,1533500,0.0,0.0,0.0
2026-08-05,116.5,116.63999938964844,116.4499969482422,116.61000061035156,2697800,0.0,0.0,0.0
2026-08-06,116.48999786376953,116.5,116.27999877929688,116.33000183105469,1242300,0.0,0.0,0.0
2026-08-07,116.6500015258789,116.68000030517578,116.47000122070312,116.55000305175781,1065000,0.0,0.0,0.0
2026-08-10,116.37999725341797,116.4000015258789,116.25,116.25,735100,0.0,0.0,0.0
2026-08-11,116.41999816894531,116.4800033569336,116.33999633789062,116.3499984741211,1246700,0.0,0.0,0.0
2026-08-12,116.61000061035156,116.62999725341797,116.44000244140625,116.45999908447266,815000,0.0,0.0,0.0
2026-08-13,116.7699966430664,116.90570068359375,116.7301025390625,116.7699966430664,1026393,0.0,0.0,0.0
