Date,Open,High,Low,Close,Volume,Dividends,Stock Splits,Capital Gains
2014-01-02,97.96293469183404,97.98847571145788,96.7287183319084,97.12877655029295,44247700,0.0,0.0,0.0
2014-01-03,97.4862590064244,97.80119992994516,97.1287627109872,97.62245178222656,26468000,0.0,0.0,0.0
2014-01-06,98.07359399891652,98.11614937734656,96.78830208017666,96.83086395263672,36198000,0.0,0.0,0.0
2014-01-07,97.19688221106244,98.02253325211262,97.1287858069689,97.63949584960938,28545300,0.0,0.0,0.0
2014-01-08,97.69905449160214,97.95441269697808,97.09471366584329,97.76715087890624,30763600,0.0,0.0,0.0
2014-01-09,98.09914432777192,98.2183097970207,97.17135510375913,97.79271697998048,29872800,0.0,0.0,0.0
2014-01-10,97.81823136873032,98.33745501813132,97.37561778751834,98.32894134521484,29174600,0.0,0.0,0.0
2014-01-13,98.1416979676934,98.30341880865046,96.40527864066502,96.9840850830078,45370800,0.0,0.0,0.0
2014-01-14,97.40965098569797,98.32041902662836,97.18834098215515,98.17571258544922,39125300,0.0,0.0,0.0
2014-01-15,98.43109877908536,98.98437069830048,98.36300237492924,98.9077606201172,31644100,0.0,0.0,0.0
2014-01-16,98.7800860376416,99.0609723347094,98.59282417690947,99.02692413330078,23091900,0.0,0.0,0.0
2014-01-17,99.0013808830961,99.10352547832233,98.4736500428352,98.6779327392578,28722300,0.0,0.0,0.0
2014-01-21,99.35889735342168,99.47806281718924,98.5502671418208,99.26526641845705,29828700,0.0,0.0,0.0
2014-01-22,99.32482724153944,99.90363357818076,99.1630999360865,99.76744079589844,24011500,0.0,0.0,0.0
2014-01-23,99.35033648731428,99.40140552066218,98.44808226335408,99.09497833251952,36057500,0.0,0.0,0.0
2014-01-24,98.47364615542632,98.51620153123493,96.37121706839972,96.56698608398438,53591900,0.0,0.0,0.0
2014-01-27,96.84789497406244,96.89896403115269,94.60927921985449,95.15403747558594,60368200,0.0,0.0,0.0
2014-01-28,95.27320582037888,96.17546049109858,95.15404035420951,96.15843963623048,43722200,0.0,0.0,0.0
2014-01-29,95.23062173759752,95.8264554235469,94.49860176236471,94.77098083496094,61904600,0.0,0.0,0.0
2014-01-30,95.61367482778851,96.737239499171,95.3668302378748,96.18396759033205,40851600,0.0,0.0,0.0
2014-01-31,94.6943968778799,96.18397166022858,94.62630047211944,95.46897888183594,49293400,0.0,0.0,0.0
2014-02-03,95.22211068395856,95.50299692355873,92.05570003512108,92.48129272460938,91686000,0.0,0.0,0.0
2014-02-04,92.9409293976356,93.58782558064772,92.26849219942694,93.17926025390624,53138100,0.0,0.0,0.0
2014-02-05,92.6174790083505,92.90688541409766,91.3066527454431,92.48129272460938,60644600,0.0,0.0,0.0
2014-02-06,92.67707448174166,93.60487004942854,92.6515399559023,93.21332550048828,57611700,0.0,0.0,0.0
2014-02-07,93.60486756838463,94.34539477421816,93.20480935675836,94.26879119873048,44068600,0.0,0.0,0.0
2014-02-10,94.30283626806052,94.5581880052436,93.59635078986454,94.51563262939452,38211600,0.0,0.0,0.0
2014-02-11,94.58373148623784,95.62217230160051,94.37093511936332,95.35830688476562,44394100,0.0,0.0,0.0
2014-02-12,95.50303297475274,96.19249780792784,95.30726390034404,95.73285675048828,42307500,0.0,0.0,0.0
2014-02-13,94.8050214984811,97.0947121572826,94.788000648934,96.95001220703124,42082400,0.0,0.0,0.0
2014-02-14,96.72874622631252,97.21392183460058,96.3031533596026,97.08624267578124,32428200,0.0,0.0,0.0
2014-02-18,97.37562234807052,98.269363225269,97.15431230008468,98.09912872314452,33630400,0.0,0.0,0.0
2014-02-19,97.8012043781464,98.431079759807,97.0181153637544,97.09471893310548,44024300,0.0,0.0,0.0
2014-02-20,97.20536873420797,98.34596053128384,96.9585306863772,98.14167785644533,35919600,0.0,0.0,0.0
2014-02-21,98.41407191718795,98.83115100262944,98.22681006420564,98.4481201171875,34814100,0.0,0.0,0.0
2014-02-24,98.60132401638018,99.85256772536856,98.5332341126623,99.17162322998048,43102800,0.0,0.0,0.0
2014-02-25,99.29932184744618,99.79300459296635,98.89074987477544,99.2737808227539,28474200,0.0,0.0,0.0
2014-02-26,99.34183859072036,100.53349934559674,99.10350773855082,99.8865966796875,40794800,0.0,0.0,0.0
2014-02-27,99.5546233341689,100.49092578472032,99.38438888644242,100.43134307861328,29906200,0.0,0.0,0.0
2014-02-28,100.40585768440728,101.04424691675526,99.4184857152719,100.03133392333984,47362700,0.0,0.0,0.0
2014-03-03,99.1801152314786,99.80999707320888,98.380005409489,99.49505615234376,50892800,0.0,0.0,0.0
2014-03-04,100.61012209202008,102.63594770980096,100.59310123963188,101.99755859375,112793900,0.0,0.0,0.0
2014-03-05,102.02306736278962,102.10818459130188,101.69110562577195,101.93795013427734,34691300,0.0,0.0,0.0
2014-03-06,102.24438353462288,102.35503528897686,101.64854991095176,101.92092895507812,35087600,0.0,0.0,0.0
2014-03-07,102.49124927582658,102.54231832778864,101.31660912845898,101.88690185546876,36931800,0.0,0.0,0.0
2014-03-10,101.59748628043768,101.78474810087812,100.8569526707039,101.54641723632812,32089000,0.0,0.0,0.0
2014-03-11,101.64004165055287,101.98051058156204,100.02278825214498,100.49093627929688,50359500,0.0,0.0,0.0
2014-03-12,99.92066613636356,100.81441351622856,99.52060790907215,100.7973861694336,37159100,0.0,0.0,0.0
2014-03-13,101.1634092047156,101.25704014203689,99.06097969327942,99.63127899169922,53542800,0.0,0.0,0.0
2014-03-14,99.273757957272,100.32923260438685,99.2652507783652,100.04833984375,46888100,0.0,0.0,0.0
2014-03-17,100.6271290469234,101.3761697867836,100.33772266273132,100.49093627929688,41561600,0.0,0.0,0.0
2014-03-18,100.6271469511848,102.04011144955707,100.52500235729066,101.95499420166016,41606600,0.0,0.0,0.0
2014-03-19,101.86985238029683,101.92092141790997,100.5249781082404,101.29104614257812,47423000,0.0,0.0,0.0
2014-03-20,101.06126655295576,101.75072479317996,100.57609103316268,101.42727661132812,33212900,0.0,0.0,0.0
2014-03-21,101.90392281153945,102.36356373246304,100.91654457532658,100.9591064453125,47110800,0.0,0.0,0.0
2014-03-24,101.35064873585046,101.486841521577,98.89923703903774,99.81000518798828,66747000,0.0,0.0,0.0
2014-03-25,100.41760406811449,100.9637688196536,99.11192875550384,99.78610229492188,47699700,0.0,0.0,0.0
2014-03-26,100.38346930395564,100.42614107075354,97.84039086626024,97.87452697753906,69052500,0.0,0.0,0.0
2014-03-27,97.89159140062908,98.46335661305196,97.02114335416418,97.62704467773438,65234900,0.0,0.0,0.0
2014-03-28,97.6953404349166,98.9924804170086,97.26864870898122,97.53319549560548,50558000,0.0,0.0,0.0
2014-03-31,98.1732212148007,99.5727693857914,97.8233309166539,99.2826156616211,44599200,0.0,0.0,0.0
2014-04-01,99.53007232346236,100.75041046243584,99.49593621689289,100.58827209472656,47906600,0.0,0.0,0.0
2014-04-02,100.94672331330112,101.1088682429912,100.45175937799355,101.04059600830078,33856500,0.0,0.0,0.0
2014-04-03,101.04062001742986,101.07475614288644,99.57279917679756,100.0165557861328,38473500,0.0,0.0,0.0
2014-04-04,100.66507509116524,100.80161951966736,97.30274341346228,97.7038345336914,86345900,0.0,0.0,0.0
2014-04-07,97.24303796029623,97.49051993302466,95.64721513417692,96.27871704101562,68537700,0.0,0.0,0.0
2014-04-08,96.27017916519716,97.45638156903522,95.74961477090292,96.95288848876952,60087900,0.0,0.0,0.0
2014-04-09,97.2857030508575,98.35243225097656,96.85901137080988,98.35243225097656,42744900,0.0,0.0,0.0
2014-04-10,98.2243994929168,98.23293514745988,95.06688443483948,95.5447769165039,74860200,0.0,0.0,0.0
2014-04-11,94.7597210290078,95.78377880200436,93.7527280642143,94.22209167480467,70998200,0.0,0.0,0.0
2014-04-14,95.19494325187594,95.55336280153826,93.57351310856524,94.48663330078124,62657700,0.0,0.0,0.0
2014-04-15,94.75115305467364,95.33998965426451,92.72863866616288,94.8535614013672,76968000,0.0,0.0,0.0
2014-04-16,95.5192218727493,95.9544493101955,94.92185598668576,95.88617706298828,49353800,0.0,0.0,0.0
2014-04-17,95.57042769730108,96.78223735949136,95.34001698967626,96.36407470703124,50275100,0.0,0.0,0.0
2014-04-21,96.5432475684538,96.88460218065433,95.81787308677626,96.81632995605467,31970700,0.0,0.0,0.0
2014-04-22,96.96994229075216,98.15614456001548,96.83340434800712,97.8147964477539,40541900,0.0,0.0,0.0
2014-04-23,97.69533472431884,97.94281018139247,97.08942677940466,97.20037078857422,33859500,0.0,0.0,0.0
2014-04-24,97.78920057380712,97.85747280832408,96.15924166720606,96.95288848876952,44318900,0.0,0.0,0.0
2014-04-25,96.57741579474876,96.61155191839954,94.90478480065912,95.2461395263672,58386300,0.0,0.0,0.0
2014-04-28,95.58747668524794,96.03976884660004,93.2918732503114,94.69142150878906,66050100,0.0,0.0,0.0
2014-04-29,95.08397578680272,95.56187491272463,94.64021928858796,94.93036651611328,34487600,0.0,0.0,0.0
2014-04-30,94.62314745679647,95.6301401122934,93.8295006477116,95.56187438964844,43929700,0.0,0.0,0.0
2014-05-01,95.3655650822644,96.23601301289564,94.33297227296008,95.5277099609375,78690900,0.0,0.0,0.0
2014-05-02,95.65574651612668,96.53473692703515,95.30586269188454,95.60454559326172,43450300,0.0,0.0,0.0
2014-05-05,94.82798206738596,95.73256654356744,94.3244823891417,95.4850845336914,28108400,0.0,0.0,0.0
2014-05-06,95.07540614845172,95.3314171500344,93.86359730209556,93.93186950683594,45354700,0.0,0.0,0.0
2014-05-07,94.0684384322486,94.25617727801904,92.532345979236,93.99163055419922,64243800,0.0,0.0,0.0
2014-05-08,93.89776348827,94.93035650031511,92.75423299107548,93.04438018798828,58520300,0.0,0.0,0.0
2014-05-09,92.7542280476379,93.92335893980312,92.4043377879872,93.89775848388672,48409900,0.0,0.0,0.0
2014-05-12,94.45248422805888,96.46646977027808,94.30741059843444,96.03124237060548,76291700,0.0,0.0,0.0
2014-05-13,95.9032256766882,96.30431692280888,95.0157061452464,95.09251403808594,58122800,0.0,0.0,0.0
2014-05-14,94.81087801790152,94.82794932899225,93.37719389376392,93.5478744506836,65720700,0.0,0.0,0.0
2014-05-15,93.07851912196548,93.19799226676164,91.68750664424,92.91637420654295,75870500,0.0,0.0,0.0
2014-05-16,92.95903089840093,93.5478673813804,92.19098472729658,93.50519561767578,44666200,0.0,0.0,0.0
2014-05-19,93.24918926744532,94.75968133734116,92.97610687497796,94.51219940185548,35336900,0.0,0.0,0.0
2014-05-20,94.28179371999892,94.3073941783224,92.52381962247324,93.06998443603516,89567900,0.0,0.0,0.0
2014-05-21,93.57347490652216,93.98309522153431,92.63475463125532,93.5478744506836,55278500,0.0,0.0,0.0
2014-05-22,93.83801987165953,94.76821098473616,93.54787269653302,94.5207290649414,41295000,0.0,0.0,0.0
2014-05-23,94.46099233960712,95.59598709363873,94.3073830969175,95.5533218383789,42643800,0.0,0.0,0.0
2014-05-27,96.18483079770677,97.14915158117536,96.13362988324938,96.92727661132812,46373900,0.0,0.0,0.0
2014-05-28,96.7139131145508,96.82485057920326,96.03120399614436,96.42375946044922,37055400,0.0,0.0,0.0
2014-05-29,96.71394127563842,96.93581626954872,96.17630557233608,96.74807739257812,25556800,0.0,0.0,0.0
2014-05-30,96.71391920798952,96.7992562254678,95.86906515580246,96.31282806396484,38856000,0.0,0.0,0.0
2014-06-02,96.4920485137266,96.51764897074506,95.032763866493,95.79227447509766,40369700,0.0,0.0,0.0
2014-06-03,95.27172065291278,95.88615773230732,94.81942850024694,95.56187438964844,31143700,0.0,0.0,0.0
2014-06-04,95.13516398532305,96.0653485675446,94.86208161605828,95.93733978271484,28835500,0.0,0.0,0.0
2014-06-05,96.193379599287,98.0366843904311,95.65574388082094,97.95134735107422,67182000,0.0,0.0,0.0
2014-06-06,98.36948847030943,99.19727129910233,98.2329505302228,98.89005279541016,45854000,0.0,0.0,0.0
2014-06-09,98.89005109385336,100.25546953601224,98.7023122433143,99.76050567626952,44025700,0.0,0.0,0.0
2014-06-10,99.5300805043942,99.70076105127082,98.95831532165114,99.56421661376952,39799900,0.0,0.0,0.0
2014-06-11,99.00953995971092,99.27409324307528,98.48044641457965,99.07781219482422,30144700,0.0,0.0,0.0
2014-06-12,98.80471991443864,98.9241930585762,98.06228059169776,98.4719009399414,39481200,0.0,0.0,0.0
2014-06-13,98.71085799014452,98.91567469739448,97.84894542929626,98.64258575439452,33779400,0.0,0.0,0.0
2014-06-16,98.55724722819566,99.1204833984375,98.22442822243409,99.1204833984375,30051100,0.0,0.0,0.0
2014-06-17,99.02660468912158,100.22987182668844,98.80472319515673,99.82025146484376,62573000,0.0,0.0,0.0
2014-06-18,99.7605051531702,100.53708054004834,99.4191505444204,100.49441528320312,37448900,0.0,0.0,0.0
2014-06-19,100.84431973266273,100.8955271665027,99.93119971057014,100.57977294921876,30915900,0.0,0.0,0.0
2014-06-20,100.58832187893168,100.9552770676751,100.32376854978187,100.91260528564452,30104400,0.0,0.0,0.0
2014-06-23,101.12589719891574,101.16856895817054,100.4346589724033,100.71627044677734,21388700,0.0,0.0,0.0
2014-06-24,100.47734898412352,101.47581240391447,99.54716430244572,99.64103698730467,41788300,0.0,0.0,0.0
2014-06-25,99.04365821041549,100.52001410212137,99.03512906566394,100.48587799072266,34620800,0.0,0.0,0.0
2014-06-26,100.52001860182148,100.54561905881712,99.4959547464114,100.3152084350586,28018300,0.0,0.0,0.0
2014-06-27,99.8970653587436,101.13447527744916,99.87146489677022,100.98939514160156,38525100,0.0,0.0,0.0
2014-06-30,100.83578603811335,101.45021661929052,100.55416795249133,101.3904800415039,34195600,0.0,0.0,0.0
2014-07-01,101.7745061186424,103.23379095151314,101.72329868729346,102.4230728149414,65733200,0.0,0.0,0.0
2014-07-02,102.42220742094712,102.76487252707668,101.84824712626126,102.02814483642578,30796700,0.0,0.0,0.0
2014-07-03,102.4393391687898,102.7220383574509,102.15663998012867,102.64493560791016,15933900,0.0,0.0,0.0
2014-07-07,102.31939717120976,102.34509590656464,100.8288051627034,100.8887710571289,32279000,0.0,0.0,0.0
2014-07-08,100.66604614228643,100.82880698106672,99.11548821139156,99.66374969482422,52537600,0.0,0.0,0.0
2014-07-09,99.9464581813916,100.30625358798764,99.38962822215888,99.7922592163086,27891700,0.0,0.0,0.0
2014-07-10,97.77053484784383,99.41532586100602,97.63347274262595,98.72999572753906,50834300,0.0,0.0,0.0
2014-07-11,98.67005105888246,98.84138036121266,98.09609070670298,98.6015167236328,33923700,0.0,0.0,0.0
2014-07-14,99.73230668558456,99.76657385306284,98.8585167901669,99.10694885253906,28823400,0.0,0.0,0.0
2014-07-15,98.99558498694267,99.37251731649393,97.54783465313734,98.13036346435548,49534700,0.0,0.0,0.0
2014-07-16,98.5586368130912,98.5928974272448,97.50494319362764,97.86473846435548,63433000,0.0,0.0,0.0
2014-07-17,97.24794492096264,97.89043929065552,96.11715509173484,96.35702514648438,62221500,0.0,0.0,0.0
2014-07-18,96.53699013775716,98.04470660477268,96.33995551783606,97.8562469482422,46164100,0.0,0.0,0.0
2014-07-21,97.2394238046238,97.65061671358492,96.81109404524312,97.46215057373048,32720500,0.0,0.0,0.0
2014-07-22,98.06178976530175,98.72998296436649,97.8219262103341,98.2845230102539,31326500,0.0,0.0,0.0
2014-07-23,98.52441178865656,98.89277563831726,98.09608203490195,98.40447998046876,26417600,0.0,0.0,0.0
2014-07-24,98.70432264520596,99.07268654392097,97.95045799529936,98.20745849609376,31905100,0.0,0.0,0.0
2014-07-25,97.46216652313808,97.66776954705844,96.98243920557958,97.31653594970705,46514500,0.0,0.0,0.0
2014-07-28,97.53925314998608,97.55638346458076,96.14290048985389,96.8282241821289,37373400,0.0,0.0,0.0
2014-07-29,97.13663137061845,97.75342732738972,96.8282333922328,97.0937957763672,30574500,0.0,0.0,0.0
2014-07-30,97.8133828790844,97.92474626223222,97.0680867542829,97.47928619384766,30219000,0.0,0.0,0.0
2014-07-31,96.48556130215891,96.79395925835114,95.13204420086367,95.2519760131836,61507700,0.0,0.0,0.0
2014-08-01,95.22626286788102,95.68885319639952,94.11260302389584,94.8150634765625,67805300,0.0,0.0,0.0
2014-08-04,95.2262723046161,95.77453385684404,94.13831108931242,95.65460205078124,34646200,0.0,0.0,0.0
2014-08-05,95.1834539165297,96.1429150742119,94.71228849628524,95.4147491455078,44375000,0.0,0.0,0.0
2014-08-06,94.80649046076525,96.34847993378676,94.77222330183228,95.7145538330078,33658300,0.0,0.0,0.0
2014-08-07,96.02296436787056,96.39132823022275,94.89217404043026,95.2519760131836,40852200,0.0,0.0,0.0
2014-08-08,95.37191422530591,96.28853972999909,95.08064656455988,96.17716979980467,32667200,0.0,0.0,0.0
2014-08-11,96.70830157128216,97.84766040610724,96.47700635538996,97.0937957763672,31000700,0.0,0.0,0.0
2014-08-12,96.75111765048442,97.20514610047464,95.98012286003272,96.4255828857422,31188400,0.0,0.0,0.0
2014-08-13,96.73398441064892,97.35934869062068,96.54551828419734,97.17945098876952,23122900,0.0,0.0,0.0
2014-08-14,97.24798574563454,97.4278899961681,96.9995602365602,97.32508850097656,20882100,0.0,0.0,0.0
2014-08-15,98.04466883995894,98.04466883995894,96.168589138515,97.13661193847656,53713800,0.0,0.0,0.0
2014-08-18,98.08752054163396,98.63578214232194,97.73628698155277,98.55011749267578,33287300,0.0,0.0,0.0
2014-08-19,98.62719998639896,99.14120088430776,98.56723408641533,98.89276885986328,22692600,0.0,0.0,0.0
2014-08-20,98.38734255905354,98.7043089278773,98.01041682227734,98.47300720214844,26266900,0.0,0.0,0.0
2014-08-21,98.41305637345282,98.8585230430528,97.52212957004718,98.68718719482422,33018200,0.0,0.0,0.0
2014-08-22,98.55011681850668,99.0555428230171,98.1817529453337,98.69574737548828,30100100,0.0,0.0,0.0
2014-08-25,99.33824581408231,99.72374655316196,98.78998419635458,99.1583480834961,27808600,0.0,0.0,0.0
2014-08-26,99.26970668370076,100.16063340342964,99.20117888663984,100.0578384399414,34831700,0.0,0.0,0.0
2014-08-27,100.13492307612836,100.1777586631545,99.62092871077952,99.80939483642578,19070100,0.0,0.0,0.0
2014-08-28,99.39820511787052,99.56954094689402,98.95274503399658,99.29541015625,22817800,0.0,0.0,0.0
2014-08-29,99.50955248972896,100.0663758344351,99.07265439447129,99.85221099853516,26231100,0.0,0.0,0.0
2014-09-02,100.21205305425278,100.65751321571308,99.80085352877082,100.4005126953125,38816400,0.0,0.0,0.0
2014-09-03,100.88023108134122,100.914498247855,99.60380363792991,99.76657104492188,33266600,0.0,0.0,0.0
2014-09-04,100.04066723424248,100.64889452392232,99.13261051102914,99.38104248046876,26523500,0.0,0.0,0.0
2014-09-05,99.18404177039942,99.73230336018337,98.66147892141883,99.69803619384766,26935300,0.0,0.0,0.0
2014-09-08,99.5952171169305,100.05781394676944,99.22685333775092,99.85221099853516,20347300,0.0,0.0,0.0
2014-09-09,99.6809178572016,99.70661660109316,98.51586020495768,98.67005920410156,36390100,0.0,0.0,0.0
2014-09-10,98.65291206475769,99.31253701007697,98.2674113647352,99.25257110595705,23060600,0.0,0.0,0.0
2014-09-11,98.66147353011542,99.99786680100678,98.63577479071635,99.8950653076172,27075600,0.0,0.0,0.0
2014-09-12,99.84366021818208,99.85222210680024,98.49013673612885,98.83280181884766,32892900,0.0,0.0,0.0
2014-09-15,98.82423465160343,98.85850181389053,97.41074525227754,97.75341033935548,41644400,0.0,0.0,0.0
2014-09-16,97.47071215897952,98.3102413042012,97.14518391757964,98.0275421142578,51365900,0.0,0.0,0.0
2014-09-17,98.07892007531731,98.91844905349583,97.8219262103341,98.2845230102539,45543000,0.0,0.0,0.0
2014-09-18,98.72145651257802,98.9698885960694,98.43876379448972,98.88422393798828,24714600,0.0,0.0,0.0
2014-09-19,99.27826855182762,99.29540540180622,97.32508594503668,97.63348388671876,52459600,0.0,0.0,0.0
2014-09-22,97.1794580668204,97.25655428646064,95.98870185655836,96.26283264160156,45800600,0.0,0.0,0.0
2014-09-23,95.8601910619618,96.4769868943147,95.25196365388952,95.3633270263672,51616800,0.0,0.0,0.0
2014-09-24,95.47930163626935,96.30395337624768,95.00684183817008,96.22663879394533,34323100,0.0,0.0,0.0
2014-09-25,95.9775529639797,96.06345297792328,94.276703851393,94.6031265258789,49733600,0.0,0.0,0.0
2014-09-26,94.96388460729244,95.5394217130945,94.66322483064326,95.45352172851562,26473300,0.0,0.0,0.0
2014-09-29,94.33678548345009,95.6510740195415,94.25088551415443,95.37619018554688,30619000,0.0,0.0,0.0
2014-09-30,95.2817329056077,95.37622487232235,93.89872126960198,93.9330825805664,55596900,0.0,0.0,0.0
2014-10-01,93.88154360497472,93.9674436052491,92.2837786956216,92.60161590576172,88621100,0.0,0.0,0.0
2014-10-02,92.59303749643485,93.87296538304594,91.86287755657284,93.48641204833984,71825900,0.0,0.0,0.0
2014-10-03,94.2766806324361,94.76631780045004,93.70114347163452,94.19078063964844,44034600,0.0,0.0,0.0
2014-10-06,94.44845961440122,94.55154351507204,93.2114855750908,93.38328552246094,35571200,0.0,0.0,0.0
2014-10-07,92.79057022431869,93.2028992984125,91.78552670800956,91.8456573486328,40271900,0.0,0.0,0.0
2014-10-08,91.63949573492312,93.66676668775452,90.8492054458528,93.60663604736328,51589200,0.0,0.0,0.0
2014-10-09,93.53793175001805,93.5465237156836,91.06397649204732,91.0811538696289,60783400,0.0,0.0,0.0
2014-10-10,90.85779712423198,91.81989399061402,89.84416157788708,89.97301483154297,66579500,0.0,0.0,0.0
2014-10-13,90.05896590446865,91.14991664337812,89.21713640336375,89.6122817993164,72054300,0.0,0.0,0.0
2014-10-14,90.39394061191604,91.90579876883916,90.07610344348667,90.66023254394533,70034800,0.0,0.0,0.0
2014-10-15,89.5005675770518,91.91439203708772,88.94220781000189,91.57078552246094,117497300,0.0,0.0,0.0
2014-10-16,90.32522985286616,93.26305311699932,90.15342329856747,92.60161590576172,100532300,0.0,0.0,0.0
2014-10-17,93.76987105889432,93.82140974654956,91.9487609679966,92.32672882080078,72675000,0.0,0.0,0.0
2014-10-20,91.92299905474822,93.40908813476562,91.91440708819458,93.40908813476562,34914400,0.0,0.0,0.0
2014-10-21,93.91590321645364,94.99825499707582,93.64101928829965,94.94671630859376,44748100,0.0,0.0,0.0
2014-10-22,95.1786105129049,95.40194909792346,93.5121237648997,93.58943176269533,48798300,0.0,0.0,0.0
2014-10-23,94.52580758978112,95.84868862411491,94.29387036972734,95.24737548828124,60795100,0.0,0.0,0.0
2014-10-24,95.2817226029528,95.62532912169348,94.8694000234634,95.41057586669922,41927400,0.0,0.0,0.0
2014-10-27,94.85224097215192,95.4277782735968,94.07054232688743,95.35906219482422,31133700,0.0,0.0,0.0
2014-10-28,95.78853067231697,98.10786288949238,95.60813874909206,98.07350158691406,84912900,0.0,0.0,0.0
2014-10-29,98.23674377092954,98.69201968910735,97.0513079903675,97.8415985107422,67133500,0.0,0.0,0.0
2014-10-30,97.48940049385791,99.11293482198224,97.18874720230716,98.67484283447266,59046200,0.0,0.0,0.0
2014-10-31,100.42718558991746,100.47013229595667,99.5423969360447,100.12652587890624,53133300,0.0,0.0,0.0
2014-11-03,100.2897569412344,100.82234730318392,99.55959728067744,99.95474243164062,39729600,0.0,0.0,0.0
2014-11-04,99.55962838868471,100.0750349834287,99.02703786032406,99.49090576171876,37347600,0.0,0.0,0.0
2014-11-05,100.2210247026488,100.28115533823856,99.25893453321248,99.67125701904295,31073500,0.0,0.0,0.0
2014-11-06,99.62832348844898,100.10077667236328,99.26753307343884,100.10077667236328,31720900,0.0,0.0,0.0
2014-11-07,99.98051772672726,100.25540161132812,99.38779668809616,100.25540161132812,28657700,0.0,0.0,0.0
2014-11-10,100.2296483375476,100.77082422886188,100.04066440776327,100.75364685058594,29371800,0.0,0.0,0.0
2014-11-11,100.60759631670273,100.88248019104827,100.39284308506562,100.82234954833984,23536800,0.0,0.0,0.0
2014-11-12,100.23822872697004,101.43225626861732,100.21245938565735,101.2776336669922,34594700,0.0,0.0,0.0
2014-11-13,101.31201461332284,101.57830659684171,100.17811749950808,100.41864013671876,25135200,0.0,0.0,0.0
2014-11-14,100.45298109161818,100.6849117151389,99.96334394974198,100.23822784423828,23321400,0.0,0.0,0.0
2014-11-17,100.15232830866664,100.44439615348504,99.37062984146786,99.40499114990234,29847300,0.0,0.0,0.0
2014-11-18,99.78296045095,100.60761220421205,99.4307619496482,99.98052978515624,33717200,0.0,0.0,0.0
2014-11-19,99.86024948682964,99.86024948682964,98.24530759641353,98.91533660888672,38258700,0.0,0.0,0.0
2014-11-20,98.46006474163902,100.04064539258908,98.46006474163902,100.02346801757812,26555000,0.0,0.0,0.0
2014-11-21,101.432280484398,101.46664179893462,99.78297670914372,100.14376068115234,43240400,0.0,0.0,0.0
2014-11-24,100.2811947401104,101.4065064393663,100.14375604208124,101.33778381347656,24573200,0.0,0.0,0.0
2014-11-25,101.55248424273483,102.03352926606294,100.9597633720292,101.4150390625,26745900,0.0,0.0,0.0
2014-11-26,101.42364614345512,101.79302192821372,101.22607030585256,101.75006866455078,14640700,0.0,0.0,0.0
2014-11-28,101.7758618819282,101.81021663420984,100.1351439261463,100.23822784423828,21110700,0.0,0.0,0.0
2014-12-01,99.9204092796473,100.04926256281198,98.62329758895665,98.67484283447266,36244100,0.0,0.0,0.0
2014-12-02,98.77793199496485,100.19530517126444,98.76934658114708,99.86029052734376,31812100,0.0,0.0,0.0
2014-12-03,99.8860220504528,101.11441079756702,99.66267685450065,100.82234954833984,29148000,0.0,0.0,0.0
2014-12-04,100.66775304360816,100.76224501431236,99.83450924035316,100.34132385253906,28631900,0.0,0.0,0.0
2014-12-05,100.71926123554572,101.34634352816676,100.4701467112852,101.09722900390624,30261400,0.0,0.0,0.0
2014-12-08,100.73646299335496,101.68138264297802,99.51666596861402,99.83450317382812,32295000,0.0,0.0,0.0
2014-12-09,98.75215109021836,101.595482523914,98.56316714832616,101.50958251953124,52645900,0.0,0.0,0.0
2014-12-10,101.14020455701824,101.50099505413016,99.26755566284253,99.35346221923828,45413600,0.0,0.0,0.0
2014-12-11,99.8258889483026,101.0886389678178,99.53382770627104,99.7485809326172,36021800,0.0,0.0,0.0
2014-12-12,98.59752231729392,99.63692737918625,98.44289969753927,98.53739166259766,44816000,0.0,0.0,0.0
2014-12-15,99.00984318933683,99.42216577162364,97.20591714589614,97.54093170166016,66361200,0.0,0.0,0.0
2014-12-16,97.34334988379696,99.07855320642008,97.09423533506045,97.40348052978516,62849700,0.0,0.0,0.0
2014-12-17,97.61824920421,100.4959418092512,97.4893959270813,100.41004180908205,70379400,0.0,0.0,0.0
2014-12-18,101.75870108197668,101.99922372511357,100.90827986409973,101.90473175048828,54315600,0.0,0.0,0.0
2014-12-19,101.9218739889256,102.63485621351396,101.48377560886256,102.13662719726562,49041800,0.0,0.0,0.0
2014-12-22,102.39435237854516,102.83245086669922,102.05075240342374,102.83245086669922,27043400,0.0,0.0,0.0
2014-12-23,103.4595405143775,103.4595405143775,102.60911282130854,102.96131134033205,34533000,0.0,0.0,0.0
2014-12-24,103.14665126391483,103.52602750249204,102.82763631617522,103.2587432861328,19175400,0.0,0.0,0.0
2014-12-26,103.58638750485052,104.1813172587869,103.52603278910124,103.9312744140625,18261900,0.0,0.0,0.0
2014-12-29,104.00891295320667,104.6555737050181,103.99167156088798,104.3710479736328,27692500,0.0,0.0,0.0
2014-12-30,104.1468197895024,104.53481342075652,103.6984648690348,103.75881958007812,23996000,0.0,0.0,0.0
2014-12-31,104.15546680388914,104.6814179356503,103.06907518669064,103.13805389404295,35688700,0.0,0.0,0.0
2015-01-02,103.52606797559405,103.9485511294329,101.64644058861928,102.54314422607422,46133100,0.0,0.0,0.0
2015-01-05,101.93957969315512,102.35343879262686,100.6979892383963,101.17220306396484,51141900,0.0,0.0,0.0
2015-01-06,101.413647903461,101.54297478537332,98.60282745550948,99.42192840576172,67446000,0.0,0.0,0.0
2015-01-07,100.06856704270272,100.672120863838,99.56848786060635,100.64625549316406,32252100,0.0,0.0,0.0
2015-01-08,101.44811843484048,102.47414878388324,101.2670476774258,102.35343933105467,28361700,0.0,0.0,0.0
2015-01-09,102.4396575838846,102.46552295500028,101.14633640272687,101.37051391601562,26975200,0.0,0.0,0.0
2015-01-12,101.48260445224442,101.7498953161906,100.2151551570698,101.03425598144533,27316800,0.0,0.0,0.0
2015-01-13,101.81887760434704,102.939758760389,99.86165415163956,101.1118621826172,49991400,0.0,0.0,0.0
2015-01-14,99.99961904702587,100.96529486881904,99.62886662882369,100.70663452148438,34224200,0.0,0.0,0.0
2015-01-15,101.0773564266993,101.20668327223916,98.70626777862424,99.00804138183594,46199400,0.0,0.0,0.0
2015-01-16,98.6459271687511,100.8273279845104,98.4648564027517,100.62039184570312,41895700,0.0,0.0,0.0
2015-01-20,100.7497230289096,100.94803517961032,99.29258557530336,100.19790649414062,36444400,0.0,0.0,0.0
2015-01-21,99.84441583834165,100.72387150587312,99.40468471548942,99.87889862060548,27333500,0.0,0.0,0.0
2015-01-22,100.49968084522412,101.9482009037903,99.24084895523492,101.91371154785156,37877000,0.0,0.0,0.0
2015-01-23,101.9482109505236,102.40518344994406,101.35328759192556,101.8447494506836,28173400,0.0,0.0,0.0
2015-01-26,101.6378225136503,102.8362999021037,100.93943101369246,102.8276824951172,23006800,0.0,0.0,0.0
2015-01-27,101.6205727469019,102.81905003658818,101.41364316733298,102.33621215820312,26919100,0.0,0.0,0.0
2015-01-28,102.75868200786718,102.99147693249388,100.29274902826592,100.6117706298828,38086100,0.0,0.0,0.0
2015-01-29,100.8963068481794,102.017187984536,100.09444734679754,101.99994659423828,39299900,0.0,0.0,0.0
2015-01-30,101.29291774125043,101.70677683519384,99.6719509851524,99.75817108154295,49739800,0.0,0.0,0.0
2015-02-02,100.12029506087931,100.74108363389612,98.62003791945185,100.67211151123048,44819100,0.0,0.0,0.0
2015-02-03,101.16358145056294,102.60347741195272,101.1118441316524,102.4741439819336,43920000,0.0,0.0,0.0
2015-02-04,102.10338974338114,102.81040502563646,101.827481500993,102.0947723388672,28597100,0.0,0.0,0.0
2015-02-05,102.40516780137672,103.68124758917752,102.25859298021976,103.4139633178711,32337100,0.0,0.0,0.0
2015-02-06,103.55190749128916,104.17270266820108,102.90524694503442,103.30186462402344,31694900,0.0,0.0,0.0
2015-02-09,102.94839224257336,103.65540772953094,102.36208623547392,102.48279571533205,32367900,0.0,0.0,0.0
2015-02-10,103.0604512037287,103.32773547200446,101.82748476703524,103.13805389404295,28960800,0.0,0.0,0.0
2015-02-11,102.92252870632038,103.31052253020876,102.27586794772414,102.9915008544922,23794200,0.0,0.0,0.0
2015-02-12,103.60367423961011,104.258952376348,103.32775934644916,104.1641082763672,27854600,0.0,0.0,0.0
2015-02-13,104.25031304415816,104.92283900936285,104.02613552969936,104.78488159179688,20446900,0.0,0.0,0.0
2015-02-17,104.89695718364676,105.24183751711917,104.55207027200365,105.11251068115234,16868500,0.0,0.0,0.0
2015-02-18,104.81076651146674,105.23325624793289,104.4400141053233,105.2246322631836,20450200,0.0,0.0,0.0
2015-02-19,104.98319533070482,105.51776388646876,104.79350716775431,105.23323822021484,16620500,0.0,0.0,0.0
2015-02-20,105.06079639749224,105.6557262860285,104.24169555869568,105.51776885986328,30331600,0.0,0.0,0.0
2015-02-23,105.27635931992828,105.64711171305755,104.56071990883662,105.62124633789062,25778200,0.0,0.0,0.0
2015-02-24,105.59537824040716,106.0954640746514,105.35395930750929,105.75920104980467,20023600,0.0,0.0,0.0
2015-02-25,105.68157831137177,106.08681997683516,105.3884286850535,105.87989044189452,17059600,0.0,0.0,0.0
2015-02-26,105.78505312508204,106.31100426770418,105.4746555137584,106.26789093017578,24379000,0.0,0.0,0.0
2015-02-27,106.07820215788792,106.362734396321,105.66434306395954,105.6902084350586,23821700,0.0,0.0,0.0
2015-03-02,105.66432999389662,106.72484954680826,105.6470820298496,106.4575653076172,29683500,0.0,0.0,0.0
2015-03-03,106.21619409164,106.21619409164,105.41433443613089,105.82819366455078,23068400,0.0,0.0,0.0
2015-03-04,105.37122346718029,105.71611055077696,104.85389613087222,105.50055694580078,22822500,0.0,0.0,0.0
2015-03-05,105.64709030551236,105.9833532708903,105.1125217852558,105.8109130859375,19725600,0.0,0.0,0.0
2015-03-06,105.17288524153668,105.7850565005777,104.22444441102198,104.4744873046875,37319900,0.0,0.0,0.0
2015-03-09,104.64693946331236,105.12115332478292,104.43138591405148,104.93146514892578,17556300,0.0,0.0,0.0
2015-03-10,103.99162656961929,104.06922266874204,103.31910073120686,103.7243423461914,32440300,0.0,0.0,0.0
2015-03-11,103.8709344626558,104.44861633525014,103.36222471917112,104.36239624023438,20914500,0.0,0.0,0.0
2015-03-12,105.03493263354429,106.1816790879629,104.96595391940504,106.095458984375,41063300,0.0,0.0,0.0
2015-03-13,106.00061196624236,106.21616550833856,104.50897856054094,105.71607971191406,26371000,0.0,0.0,0.0
2015-03-16,106.14718774428074,106.552429459549,105.94887558938508,106.33687591552734,19906300,0.0,0.0,0.0
2015-03-17,106.026469090861,106.72486040790892,105.85402232369565,106.62139892578124,23142600,0.0,0.0,0.0
2015-03-18,106.3972383058032,107.8802478479631,105.92301784354072,107.47500610351562,40292600,0.0,0.0,0.0
2015-03-19,107.22493527901644,107.74226237164584,107.18182194705946,107.6819076538086,34008200,0.0,0.0,0.0
2015-03-20,108.08717089525692,108.77694487540266,108.04405755468323,108.63036346435548,34165600,0.0,0.0,0.0
2015-03-23,108.5958542916406,108.91487585042508,108.45790346768716,108.5354995727539,17132400,0.0,0.0,0.0
2015-03-24,108.4406572231368,108.90625359543432,108.34581973038594,108.50963592529295,30115600,0.0,0.0,0.0
2015-03-25,108.56415210579036,108.62469108125563,105.83988501334623,105.917724609375,42514000,0.0,0.0,0.0
2015-03-26,105.58907684149818,106.29825710986267,105.11341535688592,105.78799438476562,26899200,0.0,0.0,0.0
2015-03-27,105.83987226084604,106.57499678639036,105.39015515418318,106.46256256103516,23066800,0.0,0.0,0.0
2015-03-30,106.99876064589154,108.09711229066836,106.98146002885449,107.90684509277344,20487000,0.0,0.0,0.0
2015-03-31,107.48307350493924,107.85495759620342,107.15443435847986,107.5609130859375,24507800,0.0,0.0,0.0
2015-04-01,107.43983259456355,107.6041488647461,106.28958571202573,107.6041488647461,31955200,0.0,0.0,0.0
2015-04-02,107.55226390202336,108.33062672888472,107.49172493761483,107.80307006835938,23586400,0.0,0.0,0.0
2015-04-06,107.16306395174252,108.52087181816351,107.1371130309248,108.2787094116211,22045600,0.0,0.0,0.0
2015-04-07,108.07981502606148,108.53818238999612,107.56090870081944,107.58685302734376,20214700,0.0,0.0,0.0
2015-04-08,107.56957458999902,108.67658333654909,107.56957458999902,108.51226043701172,19314400,0.0,0.0,0.0
2015-04-09,108.41711325415076,108.73710870313944,107.04200445264784,108.12306213378906,22325300,0.0,0.0,0.0
2015-04-10,108.48630283238272,108.78899766429736,108.29603562424997,108.64197540283205,14966300,0.0,0.0,0.0
2015-04-13,108.70252267044434,109.3079123805051,108.60738905911296,108.71116638183594,22819200,0.0,0.0,0.0
2015-04-14,108.74574251294806,109.03979360653749,107.91549108121322,108.6852035522461,22600800,0.0,0.0,0.0
2015-04-15,109.10899957293591,109.94789484297168,108.90143173454813,109.4462890625,37282300,0.0,0.0,0.0
2015-04-16,109.37711476500267,109.61927067803828,109.10901451817806,109.3857650756836,24439900,0.0,0.0,0.0
2015-04-17,108.20955419090376,108.58143830458356,107.08525154073163,107.61280822753906,48283500,0.0,0.0,0.0
2015-04-20,108.14900899644142,108.9273652190106,107.9587417959904,108.66791534423828,24602300,0.0,0.0,0.0
2015-04-21,109.01387026164402,109.18683686886772,108.46901291220848,108.55549621582033,13844600,0.0,0.0,0.0
2015-04-22,108.5554647496476,108.86680983100544,107.64738042756326,108.71978759765624,21991300,0.0,0.0,0.0
2015-04-23,108.520888026588,109.43762275154172,108.33062083501228,109.21276092529295,18025800,0.0,0.0,0.0
2015-04-24,109.25599649699404,109.36842410134922,108.70249558620468,108.84951782226562,14992500,0.0,0.0,0.0
2015-04-27,109.15225354379209,109.75764992834382,107.27553860801468,107.64742279052734,32924600,0.0,0.0,0.0
2015-04-28,107.70795644450352,108.42578044009456,106.59230395211893,108.2441635131836,35654900,0.0,0.0,0.0
2015-04-29,107.6474080193238,108.01929215080716,106.9209337771981,107.06796264648438,26437900,0.0,0.0,0.0
2015-04-30,106.42796372438497,106.75660947999536,104.35233826996247,104.80205535888672,72393800,0.0,0.0,0.0
2015-05-01,105.09610578408258,105.649613414382,104.56855568018892,105.48529052734376,47996200,0.0,0.0,0.0
2015-05-04,105.62363653470258,106.67874967975617,105.33824237766852,105.86579895019533,37675100,0.0,0.0,0.0
2015-05-05,105.81391645750828,106.04742859388476,104.02368533771364,104.5166473388672,56891600,0.0,0.0,0.0
2015-05-06,104.7415261073454,105.070165295183,103.9891075214702,104.87989807128906,34348300,0.0,0.0,0.0
2015-05-07,104.76746255782336,105.7101482966858,104.27450051401992,105.27772521972656,29826100,0.0,0.0,0.0
2015-05-08,106.31554924502896,106.59229977971552,105.85718179054057,106.0647430419922,26357100,0.0,0.0,0.0
2015-05-11,106.0301562950241,106.94689787051163,105.89178431650473,106.1252899169922,28406700,0.0,0.0,0.0
2015-05-12,105.81392725242314,106.30688930386764,104.5339586198053,105.93500518798828,34961600,0.0,0.0,0.0
2015-05-13,106.16851734818718,106.55769548418188,105.51123241351031,105.93500518798828,27214700,0.0,0.0,0.0
2015-05-14,106.44527090847818,107.11984988260352,105.90041358456708,107.05931091308594,23293200,0.0,0.0,0.0
2015-05-15,106.86037758621327,106.99875612365275,106.32417724926484,106.93821716308594,22055600,0.0,0.0,0.0
2015-05-18,106.72202734756893,108.24415857764978,106.52310980911533,108.1490249633789,30846000,0.0,0.0,0.0
2015-05-19,107.93281621502965,108.14902778068615,107.5090367956005,108.0019989013672,23256800,0.0,0.0,0.0
2015-05-20,108.25280877105212,108.5036149874878,107.5349847652108,108.20092010498048,20838500,0.0,0.0,0.0
2015-05-21,108.0884614041356,108.51223411787848,107.65603838244851,108.0798110961914,16229300,0.0,0.0,0.0
2015-05-22,107.8982090446485,108.31333150748716,107.24092411385928,107.61280822753906,22601400,0.0,0.0,0.0
2015-05-26,107.18905268081971,107.2755359912879,105.9609659184584,106.58365631103516,44037800,0.0,0.0,0.0
2015-05-27,106.6874288121632,107.99334843455485,106.19446673723104,107.88956451416016,32086300,0.0,0.0,0.0
2015-05-28,107.63011069858705,107.85497256592797,107.04201499817827,107.79443359375,18631900,0.0,0.0,0.0
2015-05-29,107.76848039023672,107.87226430467744,106.6528280534463,107.14579010009766,33468900,0.0,0.0,0.0
2015-06-01,107.83767574462642,108.01929265644478,106.40202787274862,107.48308563232422,35649400,0.0,0.0,0.0
2015-06-02,107.0679747747324,108.37388793937347,106.7912242221574,107.69065856933594,29477600,0.0,0.0,0.0
2015-06-03,107.8981850360888,108.9100532371401,107.6041339752762,108.76303100585938,30774800,0.0,0.0,0.0
2015-06-04,108.17494450222765,108.64196215663432,107.31009846034527,107.67333221435548,25820600,0.0,0.0,0.0
2015-06-05,107.43985266135104,108.55549851864068,106.65283940580592,108.45172119140624,36626500,0.0,0.0,0.0
2015-06-08,108.34793222491246,108.64198336765322,107.73389220708236,107.95010375976562,18798700,0.0,0.0,0.0
2015-06-09,107.85497317054087,107.98470142543606,106.80851001802507,107.62146759033205,23928300,0.0,0.0,0.0
2015-06-10,108.0452402017008,109.385754502761,107.97605091944862,108.96197509765624,42563500,0.0,0.0,0.0
2015-06-11,109.11763819120638,109.43763364509572,108.89278294082716,109.23871612548828,17489400,0.0,0.0,0.0
2015-06-12,108.9014296467245,109.10034717180264,108.47765686508302,108.91007995605467,23578600,0.0,0.0,0.0
2015-06-15,108.20089129872984,108.797637192697,107.1890229902,108.56412506103516,30618300,0.0,0.0,0.0
2015-06-16,108.43441383834184,109.53277220389631,108.38252517794652,109.33385467529295,32800900,0.0,0.0,0.0
2015-06-17,109.61061488352172,109.80088211946028,108.9446861559903,109.16954803466795,32467000,0.0,0.0,0.0
2015-06-18,109.67978175796684,110.90786823038242,109.61059248662612,110.63111114501952,39642100,0.0,0.0,0.0
2015-06-19,110.54462136977712,110.83867245659842,110.35435418387836,110.57921600341795,23310900,0.0,0.0,0.0
2015-06-22,111.06355201329876,111.4267858487391,110.83003983462056,111.3403091430664,25230000,0.0,0.0,0.0
2015-06-23,111.28839831491872,111.6429884101666,111.04624244414092,111.57379913330078,23378500,0.0,0.0,0.0
2015-06-24,111.35757869934088,111.65163640166502,110.4667948734004,110.63111114501952,26436800,0.0,0.0,0.0
2015-06-25,111.00301686352633,111.06354923633305,110.05168074936944,110.57058715820312,24100900,0.0,0.0,0.0
2015-06-26,110.78680393080244,110.99435857384849,109.6797952479514,110.26789093017578,38219900,0.0,0.0,0.0
2015-06-29,109.51547290067576,109.89600734348733,107.33606336060264,107.48308563232422,49224900,0.0,0.0,0.0
2015-06-30,108.2614459504748,108.3825238887922,107.49173337192003,107.98469543457033,39631300,0.0,0.0,0.0
2015-07-01,108.77170628214394,109.10900237863432,107.2928200364294,108.30469512939452,28627700,0.0,0.0,0.0
2015-07-02,108.39935300345124,108.52963157626483,107.1486959326736,107.5047836303711,31486400,0.0,0.0,0.0
2015-07-06,106.77522379488272,108.13879192115353,106.6709996215637,107.47003173828124,27852200,0.0,0.0,0.0
2015-07-07,107.59160614013672,107.68714329388648,105.55059777830787,107.59160614013672,39347100,0.0,0.0,0.0
2015-07-08,106.6536205152007,107.13129968135762,105.3334743032482,105.95011901855467,40724500,0.0,0.0,0.0
2015-07-09,107.13129979093144,107.28763272076354,106.19330221193876,106.33226776123048,29770400,0.0,0.0,0.0
2015-07-10,107.5568914584642,107.9911489465095,107.140007980637,107.80876159667967,28735800,0.0,0.0,0.0
2015-07-13,108.36460787106648,109.12021826632692,108.34724048753732,109.0246810913086,21349900,0.0,0.0,0.0
2015-07-14,108.963907182134,109.8671637105559,108.91179839484346,109.6326675415039,21009500,0.0,0.0,0.0
2015-07-15,109.70212936391913,109.84978195233312,108.79887295366665,109.05074310302734,22238300,0.0,0.0,0.0
2015-07-16,109.5284252029494,110.07558725762462,109.4068336352438,109.7021255493164,33568400,0.0,0.0,0.0
2015-07-17,109.70211311039364,109.76290888735292,108.87702661934016,109.22443389892578,24739900,0.0,0.0,0.0
2015-07-20,109.241823248291,109.3113060434288,108.35594080213812,108.63386535644533,23271100,0.0,0.0,0.0
2015-07-21,108.62516972875984,109.2591885881423,107.79139613201606,108.12142944335938,28118700,0.0,0.0,0.0
2015-07-22,107.76532375347308,108.64251897762048,107.59161680841238,108.52092742919922,20654200,0.0,0.0,0.0
2015-07-23,108.55567728332376,108.90308457429336,107.08789158399772,107.3223876953125,39712100,0.0,0.0,0.0
2015-07-24,107.24425049648738,107.44400526443977,105.51590062771255,105.59407043457033,39533000,0.0,0.0,0.0
2015-07-27,105.20320121675076,105.36822115836866,104.45627791691729,104.71683502197266,35627200,0.0,0.0,0.0
2015-07-28,105.02082164271414,105.79379938483916,103.64856649048927,105.61141204833984,53474800,0.0,0.0,0.0
2015-07-29,105.402959944274,106.24542038673836,105.064239691813,105.90670013427734,32411300,0.0,0.0,0.0
2015-07-30,105.63748549183796,106.34098720380582,105.09901038967672,106.21070861816406,29383900,0.0,0.0,0.0
2015-07-31,106.34965803813488,107.40924738775917,106.14990330082485,106.7926025390625,31812700,0.0,0.0,0.0
2015-08-03,106.8533772076811,106.96628837503732,105.4898092057994,106.26278686523438,34033200,0.0,0.0,0.0
2015-08-04,106.29757504691165,106.79262844702154,105.6201342495239,106.0109634399414,21728900,0.0,0.0,0.0
2015-08-05,106.47124097388009,107.28764711993416,105.88065718885387,106.25411224365234,25673500,0.0,0.0,0.0
2015-08-06,106.36703104930072,106.53205101650136,104.03072362416954,104.82107543945312,42225300,0.0,0.0,0.0
2015-08-07,104.34337706428776,104.60393417856308,103.41406640852848,104.11756134033205,42261400,0.0,0.0,0.0
2015-08-10,104.5084350829753,105.54196365995324,104.49106106836504,105.31615447998048,28798900,0.0,0.0,0.0
2015-08-11,104.63867277358742,105.16846073964058,103.91780385275987,104.41285705566406,33383800,0.0,0.0,0.0
2015-08-12,103.84832956896086,104.5170831472852,102.4587070108406,104.21310424804688,46500100,0.0,0.0,0.0
2015-08-13,104.30862126245556,104.73419163914762,103.69197657852656,103.8656768798828,35698300,0.0,0.0,0.0
2015-08-14,103.77886671673144,104.6473818106479,103.3706635623916,104.53447723388672,21091500,0.0,0.0,0.0
2015-08-17,104.24787401192818,105.68092535691396,103.87441222658336,105.6374969482422,22328200,0.0,0.0,0.0
2015-08-18,105.48984442792414,105.48984442792414,104.67343810441636,104.79503631591795,26360400,0.0,0.0,0.0
2015-08-19,104.13495160544258,104.65605928910225,103.1274710076227,103.70938110351562,45178900,0.0,0.0,0.0
2015-08-20,102.78003455930968,103.01453725758137,101.08643341064452,101.08643341064452,51879800,0.0,0.0,0.0
2015-08-21,99.99211597104984,101.3209493064452,99.33204943167846,99.90526580810548,79168300,0.0,0.0,0.0
2015-08-24,95.11107639144004,99.80973894196056,94.02543267698368,96.00564575195312,83809200,0.0,0.0,0.0
2015-08-25,99.05412025598694,99.09754202228687,95.15448384941816,95.26739501953124,59240200,0.0,0.0,0.0
2015-08-26,97.12602337395543,97.8729467220281,95.0328992732246,97.69055938720705,51605300,0.0,0.0,0.0
2015-08-27,98.40275851526576,99.98345565245674,97.586352242062,99.43628692626952,49533700,0.0,0.0,0.0
2015-08-28,99.3233634736916,100.48717024713856,99.19308491478144,100.41769409179688,41601400,0.0,0.0,0.0
2015-08-31,99.96608255809193,100.73038005533763,99.67079061687905,100.0529327392578,29250900,0.0,0.0,0.0
2015-09-01,98.23773095502676,99.1149329494358,96.92627146603309,97.18682861328124,45129200,0.0,0.0,0.0
2015-09-02,98.49826822780324,98.9846344032036,97.34314193498518,98.93252563476562,26865800,0.0,0.0,0.0
2015-09-03,99.08017822087248,99.99211486102892,98.61986639875884,98.77619934082033,33334500,0.0,0.0,0.0
2015-09-04,97.733990703543,98.75015165091078,97.51686195617845,98.02928924560548,31154600,0.0,0.0,0.0
2015-09-08,99.49708740131376,100.37428950471498,99.1062582581246,100.2700653076172,29916300,0.0,0.0,0.0
2015-09-09,100.89537311745724,101.11250183982048,99.01938440188498,99.11492156982422,40963000,0.0,0.0,0.0
2015-09-10,98.79357344962705,100.12240023450885,98.77620606654548,99.5665512084961,29877900,0.0,0.0,0.0
2015-09-11,99.14968576188411,100.0529356235409,98.71542821729194,100.03556823730467,27949400,0.0,0.0,0.0
2015-09-14,100.33085254752172,100.34822655867929,99.38417435299108,99.57524871826172,22365800,0.0,0.0,0.0
2015-09-15,99.75762756997868,100.91275404242086,99.64472301205878,100.69562530517578,26745300,0.0,0.0,0.0
2015-09-16,100.70430574888266,101.63361647984274,100.56534680260243,101.56414031982422,27127800,0.0,0.0,0.0
2015-09-17,101.54676249560345,103.25773794212824,101.33832077089149,101.91153717041016,50405400,0.0,0.0,0.0
2015-09-18,100.53929614295444,101.47728728730154,100.22663021942428,100.50455474853516,42736100,0.0,0.0,0.0
2015-09-21,101.21671271308736,101.87678579769228,99.94868193624232,100.3221435546875,33021700,0.0,0.0,0.0
2015-09-22,99.40154750616448,99.64473729277633,98.185631704326,98.80227661132812,35786900,0.0,0.0,0.0
2015-09-23,99.02807329041458,99.37548060130072,98.20298672502292,98.50696563720705,25506800,0.0,0.0,0.0
2015-09-24,97.95980836906315,98.50697043765896,97.16077615345684,98.34195709228516,39810300,0.0,0.0,0.0
2015-09-25,99.13805692137112,99.21645103888817,96.62084619599872,97.04763793945312,43750300,0.0,0.0,0.0
2015-09-28,96.72536346223444,96.81246286330808,93.96426526686652,94.33009338378906,56765300,0.0,0.0,0.0
2015-09-29,94.28655021380467,95.0356171027822,93.18907903886524,93.659423828125,49980700,0.0,0.0,0.0
2015-09-30,94.48687113422382,95.31432537877356,93.99039725844236,95.1139907836914,50834500,0.0,0.0,0.0
2015-10-01,95.26204941738506,95.53205949331466,93.57229350806772,94.948486328125,44985900,0.0,0.0,0.0
2015-10-02,94.05138608152356,96.35955047607422,93.30231915320395,96.35955047607422,58019200,0.0,0.0,0.0
2015-10-05,97.25668842616857,98.81578580754744,97.1521651470011,98.65900421142578,45220500,0.0,0.0,0.0
2015-10-06,98.60673293045512,99.0073954800326,97.36119225981416,97.97960662841795,34140000,0.0,0.0,0.0
2015-10-07,98.5109041730228,99.73031547292214,98.1015297624256,99.71289825439452,36371000,0.0,0.0,0.0
2015-10-08,99.62581907934972,100.81910155046916,99.25128565011214,100.6100616455078,43072200,0.0,0.0,0.0
2015-10-09,100.79296180692732,101.15878326350288,100.51423974783287,100.81037902832033,26497200,0.0,0.0,0.0
2015-10-12,100.85391510989643,101.02811387559962,100.22678892095382,100.66229248046876,22984000,0.0,0.0,0.0
2015-10-13,100.261655799708,101.29815666451957,99.23386686900024,99.28612518310548,37445300,0.0,0.0,0.0
2015-10-14,99.32966185075507,99.94807616510828,98.17122068029768,98.31058502197266,39987400,0.0,0.0,0.0
2015-10-15,98.58929792947022,100.66229248046876,98.12766521962553,100.66229248046876,42503400,0.0,0.0,0.0
2015-10-16,100.8626643266422,100.8626643266422,99.66938174017008,100.53167724609376,33685600,0.0,0.0,0.0
2015-10-19,100.07873833041457,101.21975574676732,99.86098650926276,100.72328186035156,24949500,0.0,0.0,0.0
2015-10-20,100.67103037455207,101.29815672522535,100.19197367743816,100.58393096923828,20531400,0.0,0.0,0.0
2015-10-21,100.96715468052308,101.01941963215305,98.98997122809824,99.05094146728516,34060300,0.0,0.0,0.0
2015-10-22,99.65194117695223,100.53165370175476,99.0596559899697,99.92195129394533,36882600,0.0,0.0,0.0
2015-10-23,100.73199017228852,101.08039440265696,99.93066509412164,100.90618896484376,40172500,0.0,0.0,0.0
2015-10-26,100.68844625821356,100.9236219592172,100.10487294058883,100.21810150146484,19783300,0.0,0.0,0.0
2015-10-27,99.80871055875338,100.05259815359427,98.510911708323,99.12062072753906,38189200,0.0,0.0,0.0
2015-10-28,99.41677769865296,102.02979973028798,99.22515501975832,102.01238250732422,65529900,0.0,0.0,0.0
2015-10-29,101.6813942585753,102.00366936428384,100.65360533916969,100.92362213134766,27252000,0.0,0.0,0.0
2015-10-30,100.65358247195653,101.06295688896422,100.23550276817716,100.4619598388672,28018700,0.0,0.0,0.0
2015-11-02,100.55779862798144,102.83984033919664,100.53166947001384,102.55240631103516,33836900,0.0,0.0,0.0
2015-11-03,102.4217650680098,103.67601794958378,102.24756623235103,103.08373260498048,28626300,0.0,0.0,0.0
2015-11-04,103.34501150576988,103.64986271411274,102.50884534349034,103.0314483642578,25696000,0.0,0.0,0.0
2015-11-05,102.98789228395752,103.3014554161538,101.98623264751149,103.10983276367188,27141300,0.0,0.0,0.0
2015-11-06,102.78756610833916,103.96342455163187,102.16043983318094,103.84148406982422,35141300,0.0,0.0,0.0
2015-11-09,103.71083704696694,103.902459712701,102.14302127755938,102.62207794189452,32983100,0.0,0.0,0.0
2015-11-10,102.18657082197984,102.92692565917967,101.87300767877034,102.92692565917967,21892200,0.0,0.0,0.0
2015-11-11,103.04888512495113,103.07501428415527,101.97754972602527,102.0298080444336,22037600,0.0,0.0,0.0
2015-11-12,101.32426054859349,101.4636182332008,99.93065047623536,100.07872009277344,39916100,0.0,0.0,0.0
2015-11-13,99.67807188899216,100.46197309835604,98.9986872967392,99.35579681396484,43883000,0.0,0.0,0.0
2015-11-16,99.2599949133971,100.24423080781192,98.7373918424269,100.20939636230467,28979100,0.0,0.0,0.0
2015-11-17,100.29648606939722,101.1674933185535,99.68677700783306,99.82614135742188,34441000,0.0,0.0,0.0
2015-11-18,100.10486549293586,101.60299905587831,99.74774932363204,101.51589965820312,35554300,0.0,0.0,0.0
2015-11-19,101.42005244919616,101.60296311318568,100.810343590642,101.0890655517578,25512500,0.0,0.0,0.0
2015-11-20,101.45493561071991,102.22141966042884,101.36782956246746,101.74236297607422,31697700,0.0,0.0,0.0
2015-11-23,101.6552732933945,102.6830622956214,101.62914413452368,102.24755859375,22716400,0.0,0.0,0.0
2015-11-24,101.80333770437208,103.14468983435673,101.5246156153661,102.99662017822266,24994500,0.0,0.0,0.0
2015-11-25,103.04017855607962,103.9286031842868,102.87468502282904,103.7979507446289,20772600,0.0,0.0,0.0
2015-11-27,103.88505297278434,104.43379190517446,103.54536060761868,104.18991088867188,14129300,0.0,0.0,0.0
2015-11-30,104.53827874552128,104.58183176259335,103.6934073635369,103.73695373535156,30165400,0.0,0.0,0.0
2015-12-01,104.18120594223544,104.4425108461648,103.56279142454632,104.42508697509766,27899900,0.0,0.0,0.0
2015-12-02,104.28571043029244,104.5557205758132,103.17081546709956,103.3014678955078,22238300,0.0,0.0,0.0
2015-12-03,103.5888812501985,104.04180204706124,101.15877048937368,101.55943298339844,39485400,0.0,0.0,0.0
2015-12-04,101.55946076559206,102.71790219395233,101.33299698258156,102.58724975585938,32669900,0.0,0.0,0.0
2015-12-07,102.4652945706054,102.49142372542826,100.61005148034356,101.0455551147461,29621400,0.0,0.0,0.0
2015-12-08,100.1309820202631,101.04554219366332,99.69547844155012,100.48809814453124,30946000,0.0,0.0,0.0
2015-12-09,100.19197151240289,101.18491933109284,98.94643077208003,99.36451721191406,41980400,0.0,0.0,0.0
2015-12-10,99.19902929747244,100.23553019905953,98.98998938837602,99.69550323486328,31278800,0.0,0.0,0.0
2015-12-11,98.6589977590571,98.71996800660251,97.14344685917182,97.47443389892578,52609300,0.0,0.0,0.0
2015-12-14,97.43958579480648,97.88379471841122,96.05468077844276,96.77761840820312,53400400,0.0,0.0,0.0
2015-12-15,97.31764311649292,98.38897831430066,97.2044079208532,98.17122650146484,48273900,0.0,0.0,0.0
2015-12-16,98.85062351298818,99.86099524120432,98.27576211041529,99.66937255859376,44560600,0.0,0.0,0.0
2015-12-17,100.0874516205494,100.11358077620044,98.39769533902538,98.6067352294922,41318000,0.0,0.0,0.0
2015-12-18,98.12768819894292,98.32801616188826,97.06505820164116,97.0998992919922,49876600,0.0,0.0,0.0
2015-12-21,97.70087530188196,98.10153781346864,97.11730207708771,97.83152770996094,26479300,0.0,0.0,0.0
2015-12-22,98.11026145849296,98.87674548799774,97.36990658467178,98.72867584228516,28108700,0.0,0.0,0.0
2015-12-23,99.22516101267588,100.13100950245104,99.05967412611992,99.97422790527344,29609700,0.0,0.0,0.0
2015-12-24,100.11069999676296,100.74054816755462,99.85701077941074,100.1631851196289,13370500,0.0,0.0,0.0
2015-12-28,99.70830418903788,99.78703187784303,98.8160170046432,99.69955444335938,22125500,0.0,0.0,0.0
2015-12-29,100.14571682079183,100.85429284935422,99.78705059579994,100.77555847167967,22841500,0.0,0.0,0.0
2015-12-30,100.64429460275888,100.90672682237584,99.7257651488538,99.76075744628906,21273200,0.0,0.0,0.0
2015-12-31,99.34085026585768,99.69951628630248,98.42232754416594,98.5185546875,39517700,0.0,0.0,0.0
2016-01-04,96.76023027225438,96.95268455900916,95.42180668140251,96.23535919189452,66665900,0.0,0.0,0.0
2016-01-05,96.58528168996176,96.73399394872236,95.83296397916314,96.4453125,28253300,0.0,0.0,0.0
2016-01-06,95.08939746122034,95.876707536774,94.47704888806686,94.97567749023438,35569200,0.0,0.0,0.0
2016-01-07,93.35733428143324,94.03966754553558,92.2813425905874,92.43880462646484,52482000,0.0,0.0,0.0
2016-01-08,92.6137463806146,93.1561103085524,90.68046698701082,90.84667205810548,60299300,0.0,0.0,0.0
2016-01-11,91.16163229016736,91.66026104980251,89.49953420001646,90.45305633544922,47144800,0.0,0.0,0.0
2016-01-12,91.17034848228109,91.84393187756324,89.17583417780054,90.72420501708984,53702900,0.0,0.0,0.0
2016-01-13,90.899178164864,91.34531501315752,87.17258130684543,87.81117248535156,70591600,0.0,0.0,0.0
2016-01-14,88.23104664562402,89.84940179808036,86.77015347240707,89.027099609375,69373400,0.0,0.0,0.0
2016-01-15,86.67398294543109,87.73247545727418,85.30056626942458,87.5837631225586,85759200,0.0,0.0,0.0
2016-01-19,88.41476178698935,88.52848174571713,85.50171815849494,86.40274810791016,51391100,0.0,0.0,0.0
2016-01-20,85.23057311618135,87.76745899644679,83.15732368843419,86.7614517211914,94385800,0.0,0.0,0.0
2016-01-21,86.89264998483792,88.27481593218934,86.06159779791676,86.56022644042969,65798200,0.0,0.0,0.0
2016-01-22,88.04737505299028,88.8871703650585,87.59248175430758,88.6772232055664,46056700,0.0,0.0,0.0
2016-01-25,88.12609006406838,88.4235212818418,86.47274223832761,86.70893859863281,35019600,0.0,0.0,0.0
2016-01-26,87.05885126415541,88.70345607715268,86.76142671020432,88.4410171508789,33349600,0.0,0.0,0.0
2016-01-27,87.99486239826932,88.86964980856693,86.65643872836971,87.22505187988281,47973900,0.0,0.0,0.0
2016-01-28,87.95989076343758,88.30980044392459,86.79642172093021,87.20757293701172,41951100,0.0,0.0,0.0
2016-01-29,87.51373747696111,90.0856147209058,87.44375287903506,90.068115234375,42245300,0.0,0.0,0.0
2016-02-01,89.35080048254056,90.1818459915345,88.57224009122221,89.65697479248047,33615700,0.0,0.0,0.0
2016-02-02,88.6422234385294,88.7646931607659,87.2775503314522,87.72369384765625,39692700,0.0,0.0,0.0
2016-02-03,88.40601646934253,88.41476621248206,85.85163874867656,87.83740997314453,55262500,0.0,0.0,0.0
2016-02-04,87.47876371720439,89.20209643028932,87.45252115594523,88.17859649658203,51188400,0.0,0.0,0.0
2016-02-05,87.7849169771978,87.86365131617025,85.69417556029636,85.76416015625,53366600,0.0,0.0,0.0
2016-02-08,84.8631293421394,84.8631293421394,83.05231965270791,84.35575103759766,61107700,0.0,0.0,0.0
2016-02-09,83.21853429966704,84.96810933808484,83.12230713862614,83.78714752197266,55857200,0.0,0.0,0.0
2016-02-10,84.37322009864612,85.65915830978179,83.69963691257797,83.83085632324219,42756100,0.0,0.0,0.0
2016-02-11,82.30002127771782,83.45474067457432,81.91511258739901,82.9211196899414,57923200,0.0,0.0,0.0
2016-02-12,83.68217395635862,84.670681410997,83.27102277085895,84.49571990966797,40097300,0.0,0.0,0.0
2016-02-16,85.54546257718434,86.69143196133118,85.04683401489696,86.49897766113281,38882100,0.0,0.0,0.0
2016-02-17,87.10260912345852,88.43228346187136,87.0676168153292,87.85492706298828,40940400,0.0,0.0,0.0
2016-02-18,87.92487536658858,88.03859531546772,87.0763305986742,87.43498992919922,35043600,0.0,0.0,0.0
2016-02-19,87.09383806488718,87.96862553174736,86.7001863744396,87.87239837646484,32424800,0.0,0.0,0.0
2016-02-22,88.65098399892419,89.23709684137752,88.5635065620821,88.85218811035156,28867400,0.0,0.0,0.0
2016-02-23,88.56348352434277,88.78218039660939,87.95988469527414,88.03861236572266,29857100,0.0,0.0,0.0
2016-02-24,87.14633594289344,89.07086583487272,86.57772271486802,88.88716125488281,36909600,0.0,0.0,0.0
2016-02-25,89.04460831676047,89.75318395968996,88.69469202952563,89.70069885253906,22612600,0.0,0.0,0.0
2016-02-26,90.15559098888738,90.51425704109704,89.84066697810276,90.26931762695312,27474700,0.0,0.0,0.0
2016-02-29,90.21683012279952,91.00414018711533,89.85817072767156,89.8669204711914,32014400,0.0,0.0,0.0
2016-03-01,90.64549726203168,91.80021667480467,90.16436139250123,91.80021667480467,36422700,0.0,0.0,0.0
2016-03-02,91.66897974938968,92.80619945552353,91.49401825099304,92.74496459960938,24937100,0.0,0.0,0.0
2016-03-03,92.77123022664624,93.73349527855616,92.6575035640633,93.71599578857422,28216300,0.0,0.0,0.0
2016-03-04,93.66351103575865,94.75699557044068,93.3135946498404,94.23212432861328,38180900,0.0,0.0,0.0
2016-03-07,93.78594935685996,95.34306974484612,93.78594935685996,95.2555923461914,38739900,0.0,0.0,0.0
2016-03-08,94.73072761881612,94.73072761881612,92.8499333884518,92.95491027832033,46193900,0.0,0.0,0.0
2016-03-09,93.2698679624616,93.6110346351394,92.78873205273618,93.42733001708984,25627200,0.0,0.0,0.0
2016-03-10,93.68973661460096,94.03090319365414,91.68647250928171,92.6662368774414,47051200,0.0,0.0,0.0
2016-03-11,93.41855358015624,94.765727068379,93.304833613122,94.6520004272461,33625000,0.0,0.0,0.0
2016-03-14,94.36334622595574,94.7744908152891,93.95219496252224,94.4070816040039,24422700,0.0,0.0,0.0
2016-03-15,93.78597636234196,93.8472112264425,92.75372674314764,92.93743133544922,34258400,0.0,0.0,0.0
2016-03-16,92.49128603549411,93.89094471162886,92.49128603549411,93.59351348876952,37952200,0.0,0.0,0.0
2016-03-17,93.59351669811434,95.4393189347816,93.0161603943294,95.02816772460938,41724500,0.0,0.0,0.0
2016-03-18,95.15062734701856,96.18287679789972,95.08939249290268,95.8854522705078,36512600,0.0,0.0,0.0
2016-03-21,95.73676200751028,96.17415583002398,95.4218379213724,95.65802764892578,29903700,0.0,0.0,0.0
2016-03-22,95.15938761102248,95.95544747663996,94.88820560911287,95.54429626464844,23602100,0.0,0.0,0.0
2016-03-23,95.23457222054914,95.27843892979544,93.7078728394636,93.77806091308594,39243300,0.0,0.0,0.0
2016-03-24,93.21652071868368,94.0763899304952,92.7778134399137,94.058837890625,30924300,0.0,0.0,0.0
2016-03-28,94.26060690164944,94.56770052998034,93.48848482268336,94.17286682128906,21096400,0.0,0.0,0.0
2016-03-29,93.91845499981684,96.81391902190155,93.68154932066896,96.78759765625,46761100,0.0,0.0,0.0
2016-03-30,97.29648214068774,97.49829039781967,96.55945725893407,96.79635620117188,35683500,0.0,0.0,0.0
2016-03-31,96.93675256121108,97.54216398706346,96.81390837810623,97.068359375,28555900,0.0,0.0,0.0
2016-04-01,96.17339339077373,97.5860311172268,96.05933192810544,97.498291015625,29981400,0.0,0.0,0.0
2016-04-04,97.31405156273522,97.67378804953292,96.6033412207708,96.68231201171876,21529400,0.0,0.0,0.0
2016-04-05,95.96282162658017,96.39275283639526,95.49778634102708,95.58553314208984,32515800,0.0,0.0,0.0
2016-04-06,95.57677972348246,96.75251216136036,95.2784552564368,96.6647720336914,28157800,0.0,0.0,0.0
2016-04-07,95.96280939807326,96.41028589459452,94.87481078963594,95.35739135742188,33298400,0.0,0.0,0.0
2016-04-08,96.17339501473332,96.57700484422936,95.31352593857862,95.73468780517578,26151700,0.0,0.0,0.0
2016-04-11,96.28746397345472,96.9981742602688,95.41882550528344,95.43637084960938,25842100,0.0,0.0,0.0
2016-04-12,95.45390855355124,96.6735139723619,95.13803884998904,96.4629364013672,25058700,0.0,0.0,0.0
2016-04-13,97.02450362334652,98.64771922004893,96.96308487192994,98.54242706298828,40534700,0.0,0.0,0.0
2016-04-14,98.49854169922811,98.88459948039392,98.1651199454124,98.41957092285156,25538600,0.0,0.0,0.0
2016-04-15,98.18268634435717,98.82319519665698,98.14758896018242,98.6652603149414,21176100,0.0,0.0,0.0
2016-04-18,98.25289237280596,99.49004350957485,98.15637622879972,99.41107940673828,19428300,0.0,0.0,0.0
2016-04-19,99.59532052992824,100.13931322890792,99.05132113680725,99.49002838134766,23228100,0.0,0.0,0.0
2016-04-20,99.49004704808156,100.20952679635396,99.12153450011964,99.6392059326172,21422500,0.0,0.0,0.0
2016-04-21,99.56020754953197,99.95504133010546,98.8495040668436,99.13904571533205,20535700,0.0,0.0,0.0
2016-04-22,99.13031186268792,100.191982804743,99.13031186268792,100.12178802490234,29094500,0.0,0.0,0.0
2016-04-25,99.84978671798754,99.94630286199376,98.98114142193154,99.41107940673828,16369600,0.0,0.0,0.0
2016-04-26,99.7356953876876,100.49027232345712,99.29698817824676,100.3849868774414,30564100,0.0,0.0,0.0
2016-04-27,100.44641259387856,100.94653857960364,99.93751058899583,100.73595428466795,24360300,0.0,0.0,0.0
2016-04-28,100.26216176655072,100.90267735956,99.31455910150454,99.58655548095705,26126500,0.0,0.0,0.0
2016-04-29,99.15661032031876,99.55144415094196,98.02474485995354,98.69158172607422,33284500,0.0,0.0,0.0
2016-05-02,98.99866430984784,99.5953063452126,98.42834363434407,99.56898498535156,21881000,0.0,0.0,0.0
2016-05-03,98.7529844161176,98.7617537395388,97.3315708075039,97.9369888305664,37929600,0.0,0.0,0.0
2016-05-04,97.38422699232048,98.26164143386188,96.840234322815,97.12977600097656,30767200,0.0,0.0,0.0
2016-05-05,97.52462703939752,97.68256192368231,96.60333909871252,96.74372863769533,26249200,0.0,0.0,0.0
2016-05-06,96.34012565598088,97.33160174304332,96.11199598586184,97.31405639648438,25497400,0.0,0.0,0.0
2016-05-09,97.32279985102323,98.17389285693864,97.06834888163635,97.59480285644533,23427000,0.0,0.0,0.0
2016-05-10,97.97208804933932,98.6213727841396,97.45441010973222,98.57749938964844,18635300,0.0,0.0,0.0
2016-05-11,98.35816983835574,98.507328705447,97.27895368923448,97.35791778564452,23604600,0.0,0.0,0.0
2016-05-12,97.55974315678058,97.82296355170229,96.0769101637261,96.84026336669922,34803000,0.0,0.0,0.0
2016-05-13,96.56821944488664,97.34034834295215,95.95403208882556,96.19970703125,24510300,0.0,0.0,0.0
2016-05-16,96.44540374562251,97.84926565791817,96.40153703550986,97.4193344116211,27337000,0.0,0.0,0.0
2016-05-17,97.28772186949357,97.76152652480054,95.43637665296022,95.87508392333984,46676300,0.0,0.0,0.0
2016-05-18,95.471485240478,97.0947076866643,95.4539398930264,96.3752212524414,35734400,0.0,0.0,0.0
2016-05-19,95.67328314936384,96.3137920208997,94.7519951959976,95.60308837890624,36995600,0.0,0.0,0.0
2016-05-20,95.89259608241,97.2087173461914,95.8399533739832,97.2087173461914,37404500,0.0,0.0,0.0
2016-05-23,97.19120548554784,97.73520490931628,96.95430650557196,97.09469604492188,23721700,0.0,0.0,0.0
2016-05-24,97.66500209139836,99.34086693504184,97.62990470945311,99.0951919555664,41124300,0.0,0.0,0.0
2016-05-25,99.4110579458373,99.93750526685828,99.21802569949674,99.67427825927734,26202900,0.0,0.0,0.0
2016-05-26,99.82343148024556,100.04278507615322,99.3671789461794,99.56021118164062,15157200,0.0,0.0,0.0
2016-05-27,99.6391924867276,100.55170440673828,99.5953257764475,100.55170440673828,21265100,0.0,0.0,0.0
2016-05-31,100.74471407708832,101.37645347186,100.46394175653872,100.90264892578124,32764400,0.0,0.0,0.0
2016-06-01,100.56047801649474,101.73621025243422,100.39376711665736,101.58705139160156,26806100,0.0,0.0,0.0
2016-06-02,101.33260103811124,102.36795043945312,101.22731557996426,102.36795043945312,23303300,0.0,0.0,0.0
2016-06-03,102.19248386890652,102.19248386890652,100.90268328111986,101.75377655029295,28733200,0.0,0.0,0.0
2016-06-06,101.85028050059866,103.16640229884992,101.7888617511126,102.85053253173828,26946000,0.0,0.0,0.0
2016-06-07,102.91193528707058,103.51735336229989,102.62238692986172,103.14883422851562,21038500,0.0,0.0,0.0
2016-06-08,103.2365871191014,104.09644952904124,103.2278111002658,103.91219329833984,27999900,0.0,0.0,0.0
2016-06-09,103.48228228270816,103.48228228270816,102.91196144166352,103.24537658691406,23440700,0.0,0.0,0.0
2016-06-10,102.2889979175745,102.55221828686108,101.50809944198244,101.84151458740234,32686800,0.0,0.0,0.0
2016-06-13,101.4729859286604,101.9380145318962,100.54292202804754,100.73595428466795,36169500,0.0,0.0,0.0
2016-06-14,100.36744797322132,100.99918750854049,99.73570843790216,100.44641876220705,34267600,0.0,0.0,0.0
2016-06-15,100.806142298645,101.39400835415324,100.42885382982884,100.51659393310548,24197700,0.0,0.0,0.0
2016-06-16,99.7795873081282,100.54293371000333,99.05133159867832,100.50784301757812,36306600,0.0,0.0,0.0
2016-06-17,100.38498889686862,100.83246543971872,99.74447341277792,100.07788848876952,30096400,0.0,0.0,0.0
2016-06-20,101.6046008004682,102.17491486467009,101.1658935546875,101.1658935546875,28219800,0.0,0.0,0.0
2016-06-21,101.20096225392498,101.26238768136304,100.31477862978524,100.97283935546876,34706800,0.0,0.0,0.0
2016-06-22,101.1658756223768,101.67477084973,100.45516545817397,100.5780029296875,27226100,0.0,0.0,0.0
2016-06-23,101.6221505945316,102.57853591316358,101.54318650002138,102.49956512451172,30240300,0.0,0.0,0.0
2016-06-24,98.21780864158534,100.06037826620911,97.831744011879,98.60386657714844,74945400,0.0,0.0,0.0
2016-06-27,97.45442443841598,97.45442443841598,94.9274731870679,95.36618041992188,58358800,0.0,0.0,0.0
2016-06-28,96.20852370825844,97.287740046309,96.1383289252888,96.84026336669922,42040600,0.0,0.0,0.0
2016-06-29,98.00718462716074,99.19169940826998,97.85802578754304,99.04253387451172,34031600,0.0,0.0,0.0
2016-06-30,99.25312516185537,100.92020726436374,98.7705445358823,100.88511657714844,42973800,0.0,0.0,0.0
2016-07-01,100.94653246680892,101.73620009550528,100.72717886013976,101.2448501586914,24401900,0.0,0.0,0.0
2016-07-05,100.92018308725063,101.13076732493955,99.20922799439944,99.75322723388672,29347200,0.0,0.0,0.0
2016-07-06,99.28654820018954,100.5834323824034,99.08363155545332,100.4775619506836,24678300,0.0,0.0,0.0
2016-07-07,100.76868977631598,101.44800646362748,100.05408294888484,100.68928527832033,20780600,0.0,0.0,0.0
2016-07-08,101.67737840770964,103.3006842985253,101.58915643206188,103.03601837158205,37964800,0.0,0.0,0.0
2016-07-11,103.71536139832074,104.48290691680644,103.63596361929136,104.22705841064452,26987300,0.0,0.0,0.0
2016-07-12,104.9857853777162,106.23855531890648,104.83580729973724,105.6209945678711,44153000,0.0,0.0,0.0
2016-07-13,106.15914300047798,106.21207484877444,104.94165664240796,105.20632934570312,28050200,0.0,0.0,0.0
2016-07-14,106.13267977762338,106.18561162726704,105.25044638539345,105.31220245361328,19345400,0.0,0.0,0.0
2016-07-15,105.77095901502751,105.90329536774,105.23279611666146,105.60333251953124,23857300,0.0,0.0,0.0
2016-07-18,105.45334877189566,106.17677983266904,105.27690479840211,105.77977752685548,17422400,0.0,0.0,0.0
2016-07-19,105.65627670144931,105.84154491270785,104.92402134439892,105.25045013427734,19734100,0.0,0.0,0.0
2016-07-20,105.47099317493424,106.25618026949807,104.93283032617848,105.9385757446289,22390500,0.0,0.0,0.0
2016-07-21,105.87684674097336,106.39736128753316,105.2063473803522,105.43572998046876,19018700,0.0,0.0,0.0
2016-07-22,105.49746280134852,106.44145219149468,105.29454617464896,106.22089385986328,17796100,0.0,0.0,0.0
2016-07-25,106.00033195115876,106.2738221192626,105.65626150389724,106.06208801269533,13694600,0.0,0.0,0.0
2016-07-26,106.04446129152744,106.72378483843616,105.79743699479964,106.57380676269533,19551100,0.0,0.0,0.0
2016-07-27,106.75020616495893,107.16485680304024,106.17675329805718,106.87371826171876,21064700,0.0,0.0,0.0
2016-07-28,106.64438840038432,106.96199301477078,106.3356080060941,106.60028076171876,16540100,0.0,0.0,0.0
2016-07-29,106.49439190048808,107.4207396541017,105.91212136205888,106.81199645996094,30267900,0.0,0.0,0.0
2016-08-01,106.92668870419614,107.36780541787832,106.2561961456522,106.90022277832033,34771700,0.0,0.0,0.0
2016-08-02,106.8914161891716,106.93552382649298,105.07401056647788,105.40926361083984,28691000,0.0,0.0,0.0
2016-08-03,105.3121849703139,106.30910611490444,105.07397822464978,106.2649917602539,17830300,0.0,0.0,0.0
2016-08-04,106.26501433075576,106.917871917541,106.09739455547366,106.362060546875,17526700,0.0,0.0,0.0
2016-08-05,107.0501981402599,108.14417240879852,106.72377608816458,107.89714813232422,28643400,0.0,0.0,0.0
2016-08-08,107.94124633883362,108.38236300285084,107.65893194309884,107.84420013427734,14625700,0.0,0.0,0.0
2016-08-09,107.87067172949234,108.1882762827583,107.75598381394327,107.95890045166016,12487700,0.0,0.0,0.0
2016-08-10,107.9677127618811,108.16180517189278,106.88256953267933,107.18252563476562,19138100,0.0,0.0,0.0
2016-08-11,107.65892372904992,107.98535245864336,107.25309723682614,107.6942138671875,21144600,0.0,0.0,0.0
2016-08-12,107.48251288249548,108.03831758485715,107.3060621374466,107.80011749267578,12251200,0.0,0.0,0.0
2016-08-15,108.0383131060128,109.1234632676274,108.01184717807956,108.86761474609376,22048000,0.0,0.0,0.0
2016-08-16,108.58529345938932,108.620583604714,107.86186230750069,107.9853744506836,20244300,0.0,0.0,0.0
2016-08-17,108.02068041856216,108.07361227884898,107.0414006178077,107.66778564453124,20632600,0.0,0.0,0.0
2016-08-18,107.70307819631734,108.48826555231553,107.66778804503664,108.46179962158205,16244600,0.0,0.0,0.0
2016-08-19,108.31181479591204,108.57648756506322,107.8795222218127,108.46179962158205,17379500,0.0,0.0,0.0
2016-08-22,108.23243240279449,108.81470315449994,107.92365194879088,108.7088394165039,16929700,0.0,0.0,0.0
2016-08-23,109.0528708933685,109.8027679356805,109.0528708933685,109.46752166748048,21539400,0.0,0.0,0.0
2016-08-24,109.34399188895384,109.61748204439009,108.31177386407376,108.57644653320312,21533400,0.0,0.0,0.0
2016-08-25,108.17946389836467,109.1234533842948,108.17063967955032,108.78820037841795,17023200,0.0,0.0,0.0
2016-08-26,108.91172035986614,109.7586704234464,107.89715724309286,108.5676498413086,26734400,0.0,0.0,0.0
2016-08-29,108.75291777793277,109.54692925363138,108.7264518505607,109.1322784423828,14013900,0.0,0.0,0.0
2016-08-30,109.2469601988188,109.54691631481693,108.84995114240743,109.3351821899414,14031300,0.0,0.0,0.0
2016-08-31,109.20286049013104,109.29990671265904,108.11771706500144,108.71763610839844,29236300,0.0,0.0,0.0
2016-09-01,108.81465403383412,109.07050250334562,107.65010632520948,108.79701232910156,22964700,0.0,0.0,0.0
2016-09-02,109.40579176472312,109.8645502799208,109.07053868543608,109.84690856933594,23083300,0.0,0.0,0.0
2016-09-06,110.20859201772616,110.25270637901012,109.37047300058278,109.95274353027344,13711000,0.0,0.0,0.0
2016-09-07,109.88217835641396,110.66736558462952,109.82042228445005,110.64089965820312,17830500,0.0,0.0,0.0
2016-09-08,110.55266348552702,110.640892208884,110.0762566492069,110.42033386230467,16265500,0.0,0.0,0.0
2016-09-09,109.5557699414335,109.58223587278393,106.93553504320916,106.9708251953125,54239000,0.0,0.0,0.0
2016-09-12,106.4767740456726,108.48826555231553,106.37972781237772,108.46179962158205,33408100,0.0,0.0,0.0
2016-09-13,107.68541675098722,107.7736454839884,105.76214748934856,106.37971496582033,47536200,0.0,0.0,0.0
2016-09-14,106.5473245588864,107.16489197628556,106.12385629697916,106.39734649658205,30545500,0.0,0.0,0.0
2016-09-15,106.46794745137096,107.80012202615632,106.31796935995294,107.66778564453124,29499800,0.0,0.0,0.0
2016-09-16,107.66776682258168,107.66776682258168,106.8384652582197,107.50896453857422,31940500,0.0,0.0,0.0
2016-09-19,107.91481425008568,108.99996454539009,107.62367554513716,108.22359466552734,22807000,0.0,0.0,0.0
2016-09-20,108.69117274966855,108.71764541063824,107.76483154296876,107.76483154296876,16877900,0.0,0.0,0.0
2016-09-21,108.14418816446016,109.37049223769556,107.72071310673138,109.32637786865234,30784700,0.0,0.0,0.0
2016-09-22,110.04098296797216,110.9849725055732,109.97922689470506,110.89674377441406,36287700,0.0,0.0,0.0
2016-09-23,110.7732244327134,111.05553885372652,110.1115493774414,110.1115493774414,26118000,0.0,0.0,0.0
2016-09-26,109.52237485389551,109.84969911011363,108.90310052545048,109.0181121826172,20028000,0.0,0.0,0.0
2016-09-27,108.96501321128292,109.59312931723142,108.64653085481471,109.46043395996094,16939500,0.0,0.0,0.0
2016-09-28,109.65505946281124,110.37164816181,108.87655076150848,110.30087280273438,19426400,0.0,0.0,0.0
2016-09-29,110.2477739821794,110.26546444387576,108.54919943046563,108.69075012207033,26657700,0.0,0.0,0.0
2016-09-30,109.18617176853648,110.38932573426489,108.69075781188675,109.88506317138672,31764500,0.0,0.0,0.0
2016-10-03,109.54888766850948,109.78774603469532,108.92961348851236,109.5400390625,18674300,0.0,0.0,0.0
2016-10-04,109.71698630800908,109.97354192274432,108.50499034297852,109.00040435791016,26057300,0.0,0.0,0.0
2016-10-05,109.42502718081045,110.30085013346373,109.38963950854556,109.65503692626952,24317300,0.0,0.0,0.0
2016-10-06,109.47811231945116,109.716970685637,108.65536744779736,109.5400390625,18937100,0.0,0.0,0.0
2016-10-07,109.734682331328,109.98238933610484,108.1334286579422,108.66423034667967,28732700,0.0,0.0,0.0
2016-10-10,108.66423780702662,110.3539574196248,108.66423780702662,109.96470642089844,21481700,0.0,0.0,0.0
2016-10-11,109.7435379835815,109.79661613100976,107.3460714989176,107.9564971923828,31931300,0.0,0.0,0.0
2016-10-12,108.00957834304064,108.46961146524374,107.51416428790832,107.86803436279295,20210400,0.0,0.0,0.0
2016-10-13,107.03642167996982,107.40798890480568,106.25791305316484,106.97449493408205,26302500,0.0,0.0,0.0
2016-10-14,107.3637836604054,107.78842239796508,106.514499435775,106.5410385131836,24554600,0.0,0.0,0.0
2016-10-17,106.67373093373617,106.912589358169,106.30217038483596,106.41717529296876,17119500,0.0,0.0,0.0
2016-10-18,107.50529701745828,107.55838190665736,106.74448560036883,107.02758026123048,19158900,0.0,0.0,0.0
2016-10-19,107.1956574906758,107.885700267371,106.60292913115644,107.47875213623048,18477400,0.0,0.0,0.0
2016-10-20,107.1691116669386,107.92992974444203,106.52330521130718,107.16026306152344,20485600,0.0,0.0,0.0
2016-10-21,106.39063387432404,107.3726201244358,106.24908314480764,107.10721588134766,21093700,0.0,0.0,0.0
2016-10-24,107.96532185191698,108.46958438916316,107.44336210311349,107.78838348388672,15421600,0.0,0.0,0.0
2016-10-25,107.76186903922084,107.92111023207978,106.69141697870096,106.98336029052734,16459800,0.0,0.0,0.0
2016-10-26,106.25793342270131,107.04529080685704,105.68289538664668,105.92176055908205,24975300,0.0,0.0,0.0
2016-10-27,106.26677920402854,106.28446967027038,104.47088977776636,104.70975494384766,29525700,0.0,0.0,0.0
2016-10-28,104.665538492296,105.30250338989632,104.17012434950088,104.41783142089844,35473700,0.0,0.0,0.0
2016-10-31,104.55051582261385,104.95746404934724,104.21434296127153,104.83361053466795,20311800,0.0,0.0,0.0
2016-11-01,104.9751490286583,105.01052995771924,102.86962602552732,103.5508270263672,34147200,0.0,0.0,0.0
2016-11-02,103.39159060624242,103.50659550475748,102.08227343691073,102.232666015625,29859900,0.0,0.0,0.0
2016-11-03,102.54229043472112,102.83422693889942,101.63107299901516,101.73723602294922,22717500,0.0,0.0,0.0
2016-11-04,102.0026709576531,103.418144622604,101.7815029865823,102.39192199707033,35237200,0.0,0.0,0.0
2016-11-07,104.39125288016562,105.11668335053896,104.13469729619702,104.89551544189452,32370900,0.0,0.0,0.0
2016-11-08,104.65665723846232,105.6828728264763,104.1346974634784,105.16976165771484,26196800,0.0,0.0,0.0
2016-11-09,104.46203416304132,108.66422466592078,104.43549509241832,108.4076690673828,77416800,0.0,0.0,0.0
2016-11-10,109.92932798084804,110.9378533683274,108.47846666028084,110.1416473388672,83440700,0.0,0.0,0.0
2016-11-11,110.61051183391882,112.99028108756538,110.1858731582446,112.67179870605467,95612800,0.0,0.0,0.0
2016-11-14,114.07842417745243,115.23734205800632,113.58301013682058,114.25535583496094,83119400,0.0,0.0,0.0
2016-11-15,113.98993974029116,114.90999225407488,113.50336766611926,114.60920715332033,38704500,0.0,0.0,0.0
2016-11-16,114.343800610116,115.00730428870467,114.1491717844753,114.60034942626952,42325500,0.0,0.0,0.0
2016-11-17,114.96307985539586,115.74159523817194,114.786148222679,115.27272033691406,42576900,0.0,0.0,0.0
2016-11-18,115.6177439896232,115.97160726192574,115.27272257447174,115.88314819335938,41380600,0.0,0.0,0.0
2016-11-21,116.16624342339856,116.77666908070904,115.54697590838052,116.4228057861328,32293100,0.0,0.0,0.0
2016-11-22,116.88279896568824,117.57284168354616,116.48469947446505,117.48438262939452,39681500,0.0,0.0,0.0
2016-11-23,117.20130080044628,118.23636504981827,116.86513474019208,118.21868133544922,37939200,0.0,0.0,0.0
2016-11-25,118.30717247834134,118.63451026917342,118.1390826531345,118.60797119140624,13373400,0.0,0.0,0.0
2016-11-28,118.5194722359907,118.5460113078545,116.90936321481747,117.06861114501952,32505700,0.0,0.0,0.0
2016-11-29,117.22785129193748,117.74096253802104,116.86514612577452,117.00668334960938,27993700,0.0,0.0,0.0
2016-11-30,117.59057377941588,117.74096636520513,116.3343414460407,116.43165588378906,32491200,0.0,0.0,0.0
2016-12-01,116.9978189351353,117.26322311456477,115.26385666201104,115.86544036865234,39815900,0.0,0.0,0.0
2016-12-02,115.83892226183576,116.30779721409728,115.46736174300698,115.80352783203124,24054100,0.0,0.0,0.0
2016-12-05,116.75013825260254,117.9532924377467,116.67936288888578,117.7940444946289,27547100,0.0,0.0,0.0
2016-12-06,118.12138607027885,119.35107936932242,117.43134312543545,119.06797790527344,27820000,0.0,0.0,0.0
2016-12-07,119.0680029051814,120.47462816508482,118.7052841403438,120.22692108154295,31825800,0.0,0.0,0.0
2016-12-08,120.53654518294132,122.27050802936276,120.13844553168276,122.12010192871094,49048900,0.0,0.0,0.0
2016-12-09,122.43852679995862,122.81010069877296,121.86349574053506,122.3589096069336,34313500,0.0,0.0,0.0
2016-12-12,122.04045250157556,122.58895810877932,120.76652315441852,121.06732177734376,34592900,0.0,0.0,0.0
2016-12-13,121.66890797296873,122.12894107507856,120.52768732431512,121.07617950439452,32624600,0.0,0.0,0.0
2016-12-14,120.68692194391154,121.50967371427666,119.26259984598484,119.56338500976562,45923700,0.0,0.0,0.0
2016-12-15,119.75801852019632,121.32389140257844,119.39531333759368,120.45691680908205,41352500,0.0,0.0,0.0
2016-12-16,120.62501369926235,121.66892001616478,119.98804887914446,120.23575592041016,39348200,0.0,0.0,0.0
2016-12-19,120.3507350296658,121.3681156086026,120.23573688522644,121.0230941772461,33393900,0.0,0.0,0.0
2016-12-20,121.44774780085903,122.2704996226454,121.19119890960488,122.04933166503906,31753600,0.0,0.0,0.0
2016-12-21,121.95200338978049,122.21739410958608,121.20886887726684,121.25310516357422,23215900,0.0,0.0,0.0
2016-12-22,121.30904351875805,121.47782658001528,119.7544826667286,120.20753479003906,34737900,0.0,0.0,0.0
2016-12-23,120.3319233929721,120.918204731023,120.16314029766288,120.84713745117188,17081400,0.0,0.0,0.0
2016-12-27,121.01593735153769,121.96644710250558,120.99818069513232,121.38903045654295,13571700,0.0,0.0,0.0
2016-12-28,121.60223900410304,121.68218462641632,119.77230024608644,120.14539337158205,22712400,0.0,0.0,0.0
2016-12-29,120.18090110148395,121.0425732617234,119.64791681624288,120.25196838378906,21312900,0.0,0.0,0.0
2016-12-30,120.45628718839072,120.48293572387476,119.39029155023871,119.79004669189452,28399300,0.0,0.0,0.0
2017-01-03,121.24688017208416,121.54890591448356,119.4791173479883,120.3852081298828,29792400,0.0,0.0,0.0
2017-01-04,120.85603881739024,122.552734675908,120.82049839732667,122.39282989501952,34499400,0.0,0.0,0.0
2017-01-05,122.13523512785714,122.37507199126024,120.37635013470069,120.98041534423828,30286900,0.0,0.0,0.0
2017-01-06,121.17583162127274,121.44233054590968,120.52734774189324,120.53623962402344,23436000,0.0,0.0,0.0
2017-01-09,120.40300765915468,120.56291246805505,119.47915989614516,119.74565887451172,24077900,0.0,0.0,0.0
2017-01-10,119.9232895164974,121.14917636905818,119.71008767766584,120.8915557861328,21684900,0.0,0.0,0.0
2017-01-11,121.01595984594329,121.51341741175092,120.2964220414928,121.10479736328124,27428800,0.0,0.0,0.0
2017-01-12,120.95375416986192,121.00705124505112,118.67076338146784,120.17202758789062,41844200,0.0,0.0,0.0
2017-01-13,120.50067307410193,121.67326266634684,120.50067307410193,121.04254913330078,27784500,0.0,0.0,0.0
2017-01-17,120.4563043465558,120.53624996439564,119.15047170304068,119.39920043945312,28197800,0.0,0.0,0.0
2017-01-18,119.7100875307448,119.86999229834665,118.99054996328051,119.79004669189452,21289700,0.0,0.0,0.0
2017-01-19,120.0476542828979,120.31415319368593,118.2976614861836,118.8128890991211,34105900,0.0,0.0,0.0
2017-01-20,118.81288362619826,119.81669027022544,118.81288362619826,119.4258270263672,29286100,0.0,0.0,0.0
2017-01-23,119.06163319820568,119.63903628400092,118.25325803433284,118.92839050292967,20537000,0.0,0.0,0.0
2017-01-24,119.33700865755152,121.06035311532167,119.23041450295104,120.74943542480467,34313800,0.0,0.0,0.0
2017-01-25,121.75326411384056,122.18854624786316,121.65554826966006,121.8865203857422,29127300,0.0,0.0,0.0
2017-01-26,122.00195497892544,122.14408953624046,121.1847016064103,121.3979034423828,22255600,0.0,0.0,0.0
2017-01-27,121.49564304938208,121.73547991278517,120.50071450803196,120.98041534423828,19467800,0.0,0.0,0.0
2017-01-30,120.12761095211322,120.13650283460018,118.35986133866838,119.29258728027344,40464400,0.0,0.0,0.0
2017-01-31,118.9194698525983,120.42073377813814,118.5730253739888,120.1275863647461,32945000,0.0,0.0,0.0
2017-02-01,121.00705113185144,121.58445418545912,119.6567998246274,120.0565414428711,30010500,0.0,0.0,0.0
2017-02-02,120.18980630029252,120.51848065700932,119.47026862493968,119.75452423095705,19935700,0.0,0.0,0.0
2017-02-03,120.8027443502684,121.6821732226974,120.37634062849172,121.58445739746094,24534100,0.0,0.0,0.0
2017-02-06,121.16690614476536,121.50447225935945,120.3052342083396,120.66944885253906,23691500,0.0,0.0,0.0
2017-02-07,120.6517251350538,121.22912817370104,119.7189856801866,120.1364974975586,30342200,0.0,0.0,0.0
2017-02-08,120.13651884317969,120.13651884317969,118.93728025174372,119.9233169555664,32956900,0.0,0.0,0.0
2017-02-09,119.92331037047092,121.92203220997878,119.92331037047092,121.61111450195312,28267600,0.0,0.0,0.0
2017-02-10,122.40169402861028,122.91692162219442,121.87758810838918,122.53495025634766,27287600,0.0,0.0,0.0
2017-02-13,123.27226338692046,123.66312665115603,122.66819828182064,122.85475158691406,23245100,0.0,0.0,0.0
2017-02-14,122.53494324107837,123.4321421491436,122.24179582247577,123.26335906982422,27145000,0.0,0.0,0.0
2017-02-15,122.75702039480096,124.1605685066178,122.65042626506926,124.00066375732422,20253500,0.0,0.0,0.0
2017-02-16,123.88517731687236,124.2227298744834,122.77477674186156,123.65420532226562,24613600,0.0,0.0,0.0
2017-02-17,122.98800011968578,123.6187137905768,122.81033868785822,123.57429504394533,26703200,0.0,0.0,0.0
2017-02-21,123.8141256831887,124.64914918975718,123.8141256831887,124.54254150390624,21353500,0.0,0.0,0.0
2017-02-22,124.3649297104186,124.38269992426514,123.69868901554138,123.99183654785156,14890800,0.0,0.0,0.0
2017-02-23,124.32936769469414,124.37377288470648,122.31287596619411,123.2544937133789,24596200,0.0,0.0,0.0
2017-02-24,122.1085895103716,123.16567993164062,121.9664549218193,123.16567993164062,24512300,0.0,0.0,0.0
2017-02-27,122.89027551949924,124.3648910522461,122.77480305214496,124.3648910522461,28269000,0.0,0.0,0.0
2017-02-28,123.81417353383428,123.90299749255908,122.37508443359772,122.44615173339844,40184100,0.0,0.0,0.0
2017-03-01,124.0540090931023,125.12888335336228,123.93853659252656,124.68472290039062,35719800,0.0,0.0,0.0
2017-03-02,124.6580420070932,124.68469054297972,123.1567778968957,123.2544937133789,25937000,0.0,0.0,0.0
2017-03-03,123.29893619142103,123.84969077868564,122.48168263929604,123.16567993164062,30989800,0.0,0.0,0.0
2017-03-06,122.3928522715658,122.56163541097868,121.6910847260452,122.32178497314452,23892100,0.0,0.0,0.0
2017-03-07,122.05523914538492,122.35727843642164,121.35347186921726,121.52225494384766,29711300,0.0,0.0,0.0
2017-03-08,121.94864981629708,122.25067556452647,120.61616892795932,120.72276306152344,34115100,0.0,0.0,0.0
2017-03-09,120.66059957246652,121.24689447430411,119.82557596464284,120.24308776855467,35223800,0.0,0.0,0.0
2017-03-10,121.06923409025153,121.08700430130652,119.7811716601043,120.7761001586914,39516600,0.0,0.0,0.0
2017-03-13,120.50069451685282,121.51337954731623,120.50069451685282,121.06034088134766,21295000,0.0,0.0,0.0
2017-03-14,120.58952718399918,120.660594461942,119.53242345098272,120.4829330444336,30037800,0.0,0.0,0.0
2017-03-15,121.06919732892106,122.60600158310596,120.78494181184976,122.34838104248048,31230400,0.0,0.0,0.0
2017-03-16,122.7837162392709,123.04132333695117,122.19742119043842,122.50833892822266,25306600,0.0,0.0,0.0
2017-03-17,122.71261808343012,123.2367240310346,121.97531029312478,122.99688720703124,33324600,0.0,0.0,0.0
2017-03-20,122.83700609442704,123.05020797819004,122.02863086753042,122.4639129638672,19091200,0.0,0.0,0.0
2017-03-21,123.04130940523162,123.12126857898336,118.96392017718274,119.00833892822266,61869000,0.0,0.0,0.0
2017-03-22,118.7773280425993,119.31031215604077,117.95118301245904,119.0349349975586,46332600,0.0,0.0,0.0
2017-03-23,119.03497045491751,120.54511289154034,118.7151744697164,119.72785949707033,37764600,0.0,0.0,0.0
2017-03-24,120.22406657060812,120.687327257404,119.25301214117718,119.81427001953124,33514400,0.0,0.0,0.0
2017-03-27,118.27303037417182,120.3309712254798,117.95231355521597,120.03697967529295,35596700,0.0,0.0,0.0
2017-03-28,119.62721280625937,121.07043221637726,119.50249030901128,120.9724349975586,26891900,0.0,0.0,0.0
2017-03-29,120.89225334195451,121.59605522333136,120.535907250897,121.36441802978516,22119500,0.0,0.0,0.0
2017-03-30,121.4446134833155,122.3889429058522,121.39114933264416,122.2820281982422,25792900,0.0,0.0,0.0
2017-03-31,122.42453865443196,123.09269762120724,121.9969207219399,122.47798919677734,29434300,0.0,0.0,0.0
2017-04-03,122.91455592188638,123.03037452228644,120.80317739910043,121.18624877929688,38834900,0.0,0.0,0.0
2017-04-04,121.0971746244782,121.64952884219454,120.58047677259918,121.0437240600586,25642600,0.0,0.0,0.0
2017-04-05,121.89891888312968,122.43343787993746,119.44900276500736,119.67172241210938,44968800,0.0,0.0,0.0
2017-04-06,119.85881029666112,120.82987837832614,119.22629405336475,120.78533172607422,41012100,0.0,0.0,0.0
2017-04-07,120.45570236557656,121.1862157541644,120.04589222534771,120.73187255859376,24300200,0.0,0.0,0.0
2017-04-10,120.68734015064793,121.91675712267713,120.4111699250426,120.99915313720705,22779900,0.0,0.0,0.0
2017-04-11,120.50918049366754,121.97912509339108,120.33991134468796,121.9613037109375,32589200,0.0,0.0,0.0
2017-04-12,121.7296408102832,121.7830913466542,120.1973286635861,120.30422973632812,25700800,0.0,0.0,0.0
2017-04-13,120.16171071438704,120.59823253129385,119.0748377276853,119.12828826904295,30207000,0.0,0.0,0.0
2017-04-17,119.4401255540408,120.55372403831254,119.09266977696578,120.52698516845705,18278800,0.0,0.0,0.0
2017-04-18,120.01915549894784,120.67841049857208,119.52026570192514,120.5536880493164,24553300,0.0,0.0,0.0
2017-04-19,120.8833552673715,122.0147752312356,120.74971528149186,120.9724349975586,34627600,0.0,0.0,0.0
2017-04-20,121.4623974336038,122.64726772354152,121.29312830736556,122.51364135742188,31934400,0.0,0.0,0.0
2017-04-21,122.2642283319591,122.54039862319496,121.79206359009132,122.2375030517578,29386000,0.0,0.0,0.0
2017-04-24,123.90343866144735,124.13506228098966,123.37782337456298,123.76089477539062,33836900,0.0,0.0,0.0
2017-04-25,124.93684436534777,125.5070062378979,124.8032043927888,124.96356964111328,32751700,0.0,0.0,0.0
2017-04-26,124.87448382160396,126.34444204559816,124.8388546496884,125.60501098632812,41669200,0.0,0.0,0.0
2017-04-27,125.91678569821735,126.32659586031248,125.1506295120017,125.56934356689452,23004300,0.0,0.0,0.0
2017-04-28,125.64062172260309,125.7653441966048,123.86776821940052,123.88558959960938,31113900,0.0,0.0,0.0
2017-05-01,124.4023103325292,124.98137609289968,123.636154050069,124.59830474853516,20925200,0.0,0.0,0.0
2017-05-02,124.70521321618234,125.02593013461424,123.55598552147832,123.96578216552734,17993900,0.0,0.0,0.0
2017-05-03,123.37779446180176,123.61832192020668,122.66508879226907,123.1996078491211,27050300,0.0,0.0,0.0
2017-05-04,123.4134133813025,123.59158638545978,122.14836737993828,123.03034210205078,25799100,0.0,0.0,0.0
2017-05-05,123.55596823119116,123.82323455810548,122.52254568377862,123.82323455810548,23806500,0.0,0.0,0.0
2017-05-08,123.52923057644318,123.81430466117652,122.72743167606522,123.30651092529295,16680000,0.0,0.0,0.0
2017-05-09,123.46691504899827,123.68073089876232,122.7453052474296,123.25311279296876,23988400,0.0,0.0,0.0
2017-05-10,122.97689362939144,124.2597611726824,122.81654198334536,124.01923370361328,19791500,0.0,0.0,0.0
2017-05-11,123.53816169143283,123.68070556207462,122.03257434289188,123.15509033203124,28617300,0.0,0.0,0.0
2017-05-12,122.6829244874762,122.84327614512334,122.1929384328906,122.5047378540039,24111200,0.0,0.0,0.0
2017-05-15,122.92342942124957,124.05484908630598,122.92342942124957,123.4579620361328,31132200,0.0,0.0,0.0
2017-05-16,123.8053902493446,123.8677446776296,122.60269879783262,123.50249481201172,18520900,0.0,0.0,0.0
2017-05-17,121.45349124471684,122.08600749070072,120.04590130869936,120.17062377929688,50791200,0.0,0.0,0.0
2017-05-18,119.88557565650086,121.07043258711936,119.58266651048572,120.60718536376952,44805100,0.0,0.0,0.0
2017-05-19,120.83880657182917,121.83658653302209,120.6428121374902,121.18624877929688,44450500,0.0,0.0,0.0
2017-05-22,121.39112041161424,122.22854852075916,121.302040702517,122.00582885742188,20062700,0.0,0.0,0.0
2017-05-23,122.30871057907758,122.66507015656954,121.4712961578593,122.40670776367188,16681400,0.0,0.0,0.0
2017-05-24,122.50468522211744,122.96794580139712,121.8988944285196,122.48687744140624,21256000,0.0,0.0,0.0
2017-05-25,123.0659827913642,123.48469686690014,122.22855464029234,122.5670928955078,22804200,0.0,0.0,0.0
2017-05-26,122.38893334692006,122.75418332205132,121.85440063181672,122.53146362304688,20047300,0.0,0.0,0.0
2017-05-30,122.15725199329016,122.44233962993192,121.35546680425696,121.56928253173828,25544100,0.0,0.0,0.0
2017-05-31,121.90779653933862,121.97906844232016,119.94786678538546,121.44454956054688,34345400,0.0,0.0,0.0
2017-06-01,121.80094938804056,123.83215194393902,121.40005665085326,123.78760528564452,44618600,0.0,0.0,0.0
2017-06-02,124.23304918895674,125.63173546651244,123.8767030971338,124.58940887451172,46680200,0.0,0.0,0.0
2017-06-05,124.68737901121504,124.82100536819678,123.78758289510756,123.8143081665039,20808900,0.0,0.0,0.0
2017-06-06,123.03926928183812,124.42013411443595,122.77200292815282,123.69852447509766,25460900,0.0,0.0,0.0
2017-06-07,123.7074070809185,124.30429413165216,123.37778633787744,123.8143081665039,20542200,0.0,0.0,0.0
2017-06-08,123.8143636201398,126.02375339912024,123.60056135321184,125.50704193115234,33956400,0.0,0.0,0.0
2017-06-09,126.02369176375804,127.30654551911644,125.34661533300184,126.15731811523438,56979400,0.0,0.0,0.0
2017-06-12,126.20189095422872,126.49588258221706,125.51591048892256,125.95244598388672,34665500,0.0,0.0,0.0
2017-06-13,126.32658289460502,126.78092606778596,126.03259133770156,126.5938491821289,22046800,0.0,0.0,0.0
2017-06-14,126.53149275243774,126.54039664513748,125.1239028633074,125.84551239013672,33021900,0.0,0.0,0.0
2017-06-15,124.44683998298588,125.59606745276012,124.44683998298588,125.2040786743164,27376800,0.0,0.0,0.0
2017-06-16,124.74969862815888,124.9189676955778,124.08153984227911,124.89224243164062,35608400,0.0,0.0,0.0
2017-06-19,125.22190715626672,126.13060723113584,125.1773605027842,125.81879425048828,25163300,0.0,0.0,0.0
2017-06-20,125.50696545961873,125.5871412608655,124.45572177738444,124.54481506347656,20111900,0.0,0.0,0.0
2017-06-21,124.76755722282428,125.43571620802996,124.02812631461576,124.23302459716795,23351400,0.0,0.0,0.0
2017-06-22,124.16179401357138,125.0704943422452,123.84107705014144,124.70523071289062,17917200,0.0,0.0,0.0
2017-06-23,124.84774151287692,125.68516967284042,124.32212633799948,125.53372192382812,20772500,0.0,0.0,0.0
2017-06-26,125.69400825882218,126.0859968614129,124.90112716493576,125.6851043701172,22988300,0.0,0.0,0.0
2017-06-27,125.70299842002056,126.16624558753712,124.50030665703972,124.58048248291016,24610100,0.0,0.0,0.0
2017-06-28,125.31988969797068,126.73638339441136,125.07934867228482,126.4869384765625,25085400,0.0,0.0,0.0
2017-06-29,126.71858124460856,126.81657843767294,124.41119526131637,125.73860931396484,38794900,0.0,0.0,0.0
2017-06-30,125.8366170310264,126.21078445572942,125.40899905904152,125.5426254272461,22798500,0.0,0.0,0.0
2017-07-03,125.91677277457134,126.95019516967535,125.88114361330793,126.5938491821289,12968200,0.0,0.0,0.0
2017-07-05,126.23753121452089,126.37117119920072,125.34665235825224,126.13953399658205,21865500,0.0,0.0,0.0
2017-07-06,125.19915321217952,125.68231347867228,124.21496161988804,124.49232482910156,30563400,0.0,0.0,0.0
2017-07-07,124.75180355576708,125.87021252540188,124.52812176184013,125.70022583007812,20511000,0.0,0.0,0.0
2017-07-10,125.1902249134812,126.05811136699266,124.69812223585308,125.1544418334961,17206000,0.0,0.0,0.0
2017-07-11,125.0649267942784,125.60176840300372,124.34914253346103,125.52123260498048,16192900,0.0,0.0,0.0
2017-07-12,126.2012280694708,127.2480568717768,126.16543134920728,126.48753356933594,19358600,0.0,0.0,0.0
2017-07-13,126.33542361671137,126.6575258163857,125.6017547272823,126.59490203857422,16559300,0.0,0.0,0.0
2017-07-14,126.2460006989208,127.31967050057442,126.2460006989208,126.8096694946289,15465300,0.0,0.0,0.0
2017-07-17,126.69336025071104,127.4628260871987,126.3891426670192,127.10492706298828,15374600,0.0,0.0,0.0
2017-07-18,126.6396551323652,126.93491668429512,126.19229162685636,126.77387237548828,16653300,0.0,0.0,0.0
2017-07-19,126.94387807506628,128.07122924187198,126.94387807506628,128.0354461669922,16985500,0.0,0.0,0.0
2017-07-20,128.05331339603796,128.41121235823098,127.76700787873295,128.12489318847656,17047800,0.0,0.0,0.0
2017-07-21,127.95485580625714,128.24117489303538,127.2748684538271,127.54328918457033,21662700,0.0,0.0,0.0
2017-07-24,127.32864597080612,127.7849656532106,127.02444195084033,127.72232818603516,16694000,0.0,0.0,0.0
2017-07-25,128.50068205955884,129.06436441504286,128.13385438058432,128.8854217529297,21066400,0.0,0.0,0.0
2017-07-26,128.9748960838801,128.9748960838801,127.99070454105072,128.16964721679688,13574900,0.0,0.0,0.0
2017-07-27,128.3754187784606,128.554361437713,126.64860232062304,127.35543060302734,24355800,0.0,0.0,0.0
2017-07-28,127.06910806108368,127.37331190631744,126.57700557470676,127.0154266357422,19933300,0.0,0.0,0.0
2017-07-31,127.24809338442095,127.39125300165614,126.12968447311958,126.61283111572266,16417700,0.0,0.0,0.0
2017-08-01,127.2033895420433,127.23023027115516,126.1297194202,126.8544464111328,19835900,0.0,0.0,0.0
2017-08-02,126.68440445267451,126.89020151160666,125.0202115315752,125.4675750732422,19934300,0.0,0.0,0.0
2017-08-03,125.6554753796438,125.7449398976537,124.51022579048193,124.84127044677734,19624900,0.0,0.0,0.0
2017-08-04,125.18125568781072,125.5480970280726,124.80547199258528,125.44967651367188,16473500,0.0,0.0,0.0
2017-08-07,125.6554718017578,126.02231317677342,125.00232486382993,125.6554718017578,9176200,0.0,0.0,0.0
2017-08-08,125.62862878285316,126.86334283227252,124.98442421252508,125.26178741455078,27248700,0.0,0.0,0.0
2017-08-09,124.4744455787232,124.71602574906572,123.72287799593956,124.17918395996094,26534300,0.0,0.0,0.0
2017-08-10,123.7228810821189,123.7228810821189,121.91552824300044,121.92448425292967,40983500,0.0,0.0,0.0
2017-08-11,121.87081514106508,122.34501953188024,121.4771329330399,122.10343933105467,32779600,0.0,0.0,0.0
2017-08-14,122.8102253646408,124.00021393482888,122.78338464634302,123.95547485351562,21710900,0.0,0.0,0.0
2017-08-15,124.18809643234104,124.20599479302416,122.88178915145436,122.93547058105467,16646000,0.0,0.0,0.0
2017-08-16,123.17705870730693,123.8212632094603,122.76549195187278,122.97127532958984,21858600,0.0,0.0,0.0
2017-08-17,122.55971824636586,123.19498051471687,120.71658254594116,120.72552490234376,32722900,0.0,0.0,0.0
2017-08-18,120.31395116829218,121.1997358896397,120.00079123027844,120.7165756225586,42401900,0.0,0.0,0.0
2017-08-21,120.5108013678441,120.80606296404576,120.01869870750798,120.63606262207033,21504100,0.0,0.0,0.0
2017-08-22,121.02079960366194,122.08552718637684,120.91343670538951,121.94236755371094,25170600,0.0,0.0,0.0
2017-08-23,121.262330875543,122.1928544601634,120.97602537812416,121.74549102783205,18381900,0.0,0.0,0.0
2017-08-24,122.25545751325124,122.51492225293435,121.70073131999656,122.12125396728516,15726600,0.0,0.0,0.0
2017-08-25,122.4702377319336,122.85496379379344,122.05865729946773,122.4702377319336,17163000,0.0,0.0,0.0
2017-08-28,122.90863808692409,123.12337747213704,122.37181010256651,122.98917388916016,16333300,0.0,0.0,0.0
2017-08-29,122.12127199528548,123.30230433147386,121.88863427800652,123.01599884033205,20277600,0.0,0.0,0.0
2017-08-30,122.89971342898484,123.92864411983372,122.80129290314656,123.80338287353516,15915500,0.0,0.0,0.0
2017-08-31,124.28657150296922,125.20813952223472,124.07183203784189,125.0202407836914,29260600,0.0,0.0,0.0
2017-09-01,125.24382972100186,125.82541022139434,125.0201480637228,125.72698974609376,17412500,0.0,0.0,0.0
2017-09-05,125.82545715309917,126.05808124855578,123.9912641487853,124.51914978027344,21908400,0.0,0.0,0.0
2017-09-06,125.02916322957088,125.26178734833528,124.4386400983404,124.77864074707033,18399700,0.0,0.0,0.0
2017-09-07,124.89494979476524,124.98442796372744,124.0002227149504,124.46548461914062,18159800,0.0,0.0,0.0
2017-09-08,124.30440247235092,125.0559834491008,124.0270393159387,124.56388092041016,21870500,0.0,0.0,0.0
2017-09-11,125.61072864682608,126.08493288600864,125.46756904378384,125.87019348144533,22617700,0.0,0.0,0.0
2017-09-12,126.1922925580844,126.77387331100807,125.99546517446272,126.63965606689452,22679600,0.0,0.0,0.0
2017-09-13,126.52332414936524,127.2480506963713,126.44280201135302,127.0154266357422,25052500,0.0,0.0,0.0
2017-09-14,126.85438506780388,127.19438567541414,126.53228282176514,126.8991241455078,18353800,0.0,0.0,0.0
2017-09-15,126.72912435953238,127.47174936461307,126.6486022108061,127.4180679321289,23184000,0.0,0.0,0.0
2017-09-18,127.60594851265614,128.67067572810197,127.5880638040826,128.28594970703125,24427400,0.0,0.0,0.0
2017-09-19,128.45595000562503,128.5633128668635,128.02647125577255,128.28594970703125,16346300,0.0,0.0,0.0
2017-09-20,128.42016184608843,128.85858297945973,128.17858173974503,128.69752502441406,20244700,0.0,0.0,0.0
2017-09-21,128.85858552097477,129.0733112620038,128.3754252987585,128.56332397460938,17395900,0.0,0.0,0.0
2017-09-22,128.54543319224393,129.44016023916075,128.44701267098503,129.10911560058594,25203000,0.0,0.0,0.0
2017-09-25,129.08224155736448,129.681706885746,128.56329836582952,129.28802490234375,30012800,0.0,0.0,0.0
2017-09-26,129.41275558071683,130.1840845291214,129.31409674944967,129.69976806640625,28238100,0.0,0.0,0.0
2017-09-27,130.61455586059378,132.61462378449394,130.19301497864797,132.23793029785156,66351700,0.0,0.0,0.0
2017-09-28,132.06756867925856,132.79405022900127,131.6460276368508,132.5877685546875,29291400,0.0,0.0,0.0
2017-09-29,132.6684088198038,133.1258193157902,132.50697465139717,132.90159606933594,21738700,0.0,0.0,0.0
2017-10-02,133.01825978439922,134.5340118408203,132.81197813151869,134.5340118408203,29772400,0.0,0.0,0.0
2017-10-03,134.6326841657255,134.8300018310547,133.9331083288343,134.8300018310547,28372800,0.0,0.0,0.0
2017-10-04,134.61469017828225,135.08107845023025,133.98686770768114,134.39944458007812,22024700,0.0,0.0,0.0
2017-10-05,134.79407183862187,135.09902592496314,134.41737834014577,134.7671661376953,22538500,0.0,0.0,0.0
2017-10-06,134.2738865019345,134.83891990972262,134.14832200181448,134.57882690429688,19350800,0.0,0.0,0.0
2017-10-09,134.70447516049683,135.14394434141653,133.7986037098417,134.0228271484375,13981300,0.0,0.0,0.0
2017-10-10,134.4711921561679,134.79407425858756,134.00481754139835,134.40841674804688,21951900,0.0,0.0,0.0
2017-10-11,134.48019586778395,134.7044192132523,134.04969087642664,134.30978393554688,15137100,0.0,0.0,0.0
2017-10-12,134.0496406498948,134.54292087669444,133.65500552005366,134.21107482910156,17185600,0.0,0.0,0.0
2017-10-13,134.46221178833483,134.52500087431935,133.84335336021317,133.9689178466797,15464400,0.0,0.0,0.0
2017-10-16,134.18420208612037,134.84790802980376,133.66400234953153,133.85235595703125,20653100,0.0,0.0,0.0
2017-10-17,133.87928230992267,134.32772901213335,133.18867055657617,133.46670532226562,18046800,0.0,0.0,0.0
2017-10-18,134.08558918038406,134.45331882988273,133.7088955219378,134.10353088378906,20541700,0.0,0.0,0.0
2017-10-19,133.43082685195566,133.93308493579218,132.89268537041286,133.89720153808594,17164900,0.0,0.0,0.0
2017-10-20,134.81201338266794,134.9017081759916,134.40841418371951,134.5160369873047,25224500,0.0,0.0,0.0
2017-10-23,134.66850657553678,134.66850657553678,133.36801419127812,133.5115203857422,14676400,0.0,0.0,0.0
2017-10-24,133.9868836522094,134.33667147641953,133.67296553680066,133.78956604003906,17527700,0.0,0.0,0.0
2017-10-25,133.58328144279463,133.63709284754913,132.0406239741436,133.143798828125,27235300,0.0,0.0,0.0
2017-10-26,133.58332294993352,133.94207488343838,133.1976516201822,133.421875,15205900,0.0,0.0,0.0
2017-10-27,133.5294644174579,134.45326332153775,133.009264717553,134.3456268310547,32744100,0.0,0.0,0.0
2017-10-30,133.52950585731654,134.04072802512425,132.19312964357653,132.9285888671875,30524800,0.0,0.0,0.0
2017-10-31,133.4487897331485,134.3815667201402,133.314261170366,133.87033081054688,22449400,0.0,0.0,0.0
2017-11-01,134.98241338936833,135.00931908789474,132.23792265565032,132.9823455810547,31585500,0.0,0.0,0.0
2017-11-02,132.95542756525705,133.8433429053764,132.48903935816818,133.37696838378906,28176600,0.0,0.0,0.0
2017-11-03,133.17070723625082,133.60122585404352,132.794013709811,133.2873077392578,22312700,0.0,0.0,0.0
2017-11-06,133.41289836895666,133.97794561199942,133.09001618514762,133.43980407714844,15576800,0.0,0.0,0.0
2017-11-07,133.45770263346546,133.50255002778937,131.43071536825286,131.84329223632812,29549300,0.0,0.0,0.0
2017-11-08,131.5383582605604,132.2468978575877,130.80289927722453,132.02267456054688,30682500,0.0,0.0,0.0
2017-11-09,131.18860428945612,132.1931205398361,130.30067487745472,131.5563201904297,40144400,0.0,0.0,0.0
2017-11-10,131.58319082754494,131.93297858408715,131.26030876877502,131.45762634277344,17823700,0.0,0.0,0.0
2017-11-13,130.88360532296835,131.68185333108386,130.49794785367925,131.49349975585938,14680000,0.0,0.0,0.0
2017-11-14,131.000192942473,131.3858640593913,130.57865212620257,131.13473510742188,19682200,0.0,0.0,0.0
2017-11-15,130.36344921293352,131.13477801364107,129.6010844186216,130.6145782470703,23925200,0.0,0.0,0.0
2017-11-16,131.1347388028208,133.09892308561103,131.1167971098884,132.5338897705078,25889000,0.0,0.0,0.0
2017-11-17,132.06752967652088,133.66399854992636,131.99577657501328,133.143798828125,25816700,0.0,0.0,0.0
2017-11-20,133.42184558586132,134.15730467856895,133.036188026641,134.11245727539062,22793000,0.0,0.0,0.0
2017-11-21,134.71339257936202,135.6910031490009,134.5878280445965,135.51162719726562,29392300,0.0,0.0,0.0
2017-11-22,135.68201745415982,136.12150009834676,135.30532391007347,135.3322296142578,14136600,0.0,0.0,0.0
2017-11-24,135.61924839114144,135.76274092500964,135.22461313061467,135.38604736328125,6816300,0.0,0.0,0.0
2017-11-27,135.69993093998357,135.9869296201177,134.9286023142126,134.97344970703125,18416900,0.0,0.0,0.0
2017-11-28,135.44881042713982,137.19774937233703,135.12592833837235,137.09909057617188,35898300,0.0,0.0,0.0
2017-11-29,137.52958233940544,138.309888629327,137.17979458375177,137.55648803710938,38234200,0.0,0.0,0.0
2017-11-30,138.21127593503311,138.6148752206921,137.47581679118198,137.8076629638672,32230700,0.0,0.0,0.0
2017-12-01,137.2425994873047,137.8614579768298,133.4128617418333,137.2425994873047,62734800,0.0,0.0,0.0
2017-12-04,138.92877018035662,139.38619453355318,136.59685575317184,136.73138427734375,36366800,0.0,0.0,0.0
2017-12-05,135.78959806618644,137.18876267642642,135.35909324753646,135.36805725097656,29667200,0.0,0.0,0.0
2017-12-06,134.86585177359058,135.60131090661216,134.48915820015517,134.7313232421875,21273800,0.0,0.0,0.0
2017-12-07,135.70891963623745,136.2291193794764,134.55193332982174,135.6730499267578,29675200,0.0,0.0,0.0
2017-12-08,136.4622914355637,136.5788919279599,135.6819987507679,135.79859924316406,20832400,0.0,0.0,0.0
2017-12-11,135.8165972359835,136.4444337319291,135.44888124484294,135.74485778808594,26654100,0.0,0.0,0.0
2017-12-12,136.05865676699742,136.26493831202467,135.26940028300174,135.32321166992188,25854800,0.0,0.0,0.0
2017-12-13,135.26049022043347,136.96459587606645,135.26049022043347,136.13047790527344,30082600,0.0,0.0,0.0
2017-12-14,136.19320468505362,136.50710901720916,134.2110651747537,134.62364196777344,32882600,0.0,0.0,0.0
2017-12-15,135.47573979501956,137.44890237753054,135.05419883644376,136.5430450439453,42851600,0.0,0.0,0.0
2017-12-18,137.82556270201474,138.7673032055075,137.63722281261784,138.39060974121094,22714300,0.0,0.0,0.0
2017-12-19,138.7942118623228,138.81215355686302,137.06321469052887,137.29640197753906,24313600,0.0,0.0,0.0
2017-12-20,137.8972909581779,138.06770280822903,137.0811150897753,137.56544494628906,19042800,0.0,0.0,0.0
2017-12-21,137.96067666623117,138.66290294875,137.81662672690464,138.16773986816406,16772600,0.0,0.0,0.0
2017-12-22,138.08678337610112,138.0957813501295,137.5646123977928,137.9157257080078,13599400,0.0,0.0,0.0
2017-12-26,137.74463876747848,138.1317576289043,137.65460409686867,137.99671936035156,11949600,0.0,0.0,0.0
2017-12-27,137.93373459863318,138.59994184438108,137.5736095791,137.86170959472656,15949900,0.0,0.0,0.0
2017-12-28,137.96075169609776,138.41989567287808,137.7536746441878,138.40188598632812,10167300,0.0,0.0,0.0
2017-12-29,138.77994995071495,138.77994995071495,137.1954416195875,137.2584686279297,21006500,0.0,0.0,0.0
2018-01-02,137.9247299956686,138.61795867380343,137.25852271558568,138.554931640625,20489600,0.0,0.0,0.0
2018-01-03,138.5278712222307,139.0590537339492,138.2127773884373,138.6989288330078,21836600,0.0,0.0,0.0
2018-01-04,139.5182459549884,139.68029191363803,138.66297134159674,139.06809997558594,14207100,0.0,0.0,0.0
2018-01-05,139.4371768265882,139.5271977502557,138.59090046742253,139.35614013671875,19883900,0.0,0.0,0.0
2018-01-08,139.30217528146682,139.78834064729966,138.19481998408276,139.572265625,18457300,0.0,0.0,0.0
2018-01-09,139.76131490681215,139.995385847666,139.30215726099385,139.38319396972656,16571300,0.0,0.0,0.0
2018-01-10,139.06803483289647,139.69823616138598,138.5728717400266,139.40113830566406,18516800,0.0,0.0,0.0
2018-01-11,139.6082569775837,141.9400094586114,139.5272202746322,141.79595947265625,26522400,0.0,0.0,0.0
2018-01-12,141.95800202994442,143.02035347941154,141.7689484480639,142.39015197753906,24089800,0.0,0.0,0.0
2018-01-16,143.02037408590317,143.51553738634738,140.26548302553192,140.5715789794922,27704700,0.0,0.0,0.0
2018-01-17,141.1657443738219,142.19207638462103,140.69758883319167,141.9039764404297,18571600,0.0,0.0,0.0
2018-01-18,141.5438613797861,141.79594195538456,140.79661762449027,140.93165588378906,17903600,0.0,0.0,0.0
2018-01-19,141.1027605457212,142.8673389005601,140.94071458053853,142.78631591796875,31040900,0.0,0.0,0.0
2018-01-22,142.60623492405125,143.55154418945312,142.5252119480534,143.55154418945312,12702400,0.0,0.0,0.0
2018-01-23,143.36248515295378,144.31679235600512,142.8493121829937,144.0106964111328,16904600,0.0,0.0,0.0
2018-01-24,144.37077439287594,144.61385699300192,142.6061966551656,143.11936950683594,20340900,0.0,0.0,0.0
2018-01-25,143.72256409766706,143.97464467057247,142.43515358156873,143.1733856201172,20290900,0.0,0.0,0.0
2018-01-26,143.62354219724972,143.76759217463655,142.93932541070515,143.6865692138672,16120300,0.0,0.0,0.0
2018-01-29,143.20040257434067,143.9206387168706,142.80427200908113,142.8762969970703,18293300,0.0,0.0,0.0
2018-01-30,141.9399623143302,142.44412336035722,141.10268406925388,141.5078125,24533800,0.0,0.0,0.0
2018-01-31,142.01207603134478,142.62426804485395,140.37353787042304,140.76966857910156,27468900,0.0,0.0,0.0
2018-02-01,140.20241837944067,141.53485994628167,140.02236279232616,141.21075439453125,21413000,0.0,0.0,0.0
2018-02-02,140.56254062132,140.58053656353715,138.20376714162978,138.4918670654297,33314100,0.0,0.0,0.0
2018-02-05,137.44752802347648,138.45585030095128,133.1171272757404,133.171142578125,52622200,0.0,0.0,0.0
2018-02-06,131.0195211864466,135.37693208491214,129.85815030689915,134.76473999023438,69232400,0.0,0.0,0.0
2018-02-07,134.69264073656737,135.75497834035312,133.79234904358512,134.8997039794922,37101000,0.0,0.0,0.0
2018-02-08,135.03479235791576,135.0437903318199,130.93846130371094,130.93846130371094,44704500,0.0,0.0,0.0
2018-02-09,132.12685254565488,133.18920427779815,128.29161346744823,132.1358642578125,53315300,0.0,0.0,0.0
2018-02-12,132.27090102380208,134.0714850514673,130.97447832590458,133.38726806640625,36213900,0.0,0.0,0.0
2018-02-13,132.6849653050693,133.95436587622456,132.25281549534688,133.67527770996094,25021200,0.0,0.0,0.0
2018-02-14,132.91006937931985,136.41220357740573,132.50492712043052,136.07908630371094,36286900,0.0,0.0,0.0
2018-02-15,137.04241955908765,137.62760373697833,135.5479318668784,137.56459045410156,23773600,0.0,0.0,0.0
2018-02-16,137.39354152005066,138.90602525329348,137.33051449581708,138.05075073242188,27973900,0.0,0.0,0.0
2018-02-20,137.33950478500424,138.437861783605,136.54724367457442,136.91636657714844,24046200,0.0,0.0,0.0
2018-02-21,137.22248600712234,139.37418303994573,136.85336304122183,137.06044006347656,26735500,0.0,0.0,0.0
2018-02-22,137.573579207461,138.67193623416824,136.76332213277746,136.84434509277344,16340000,0.0,0.0,0.0
2018-02-23,137.72661567961674,138.66292670831544,136.97937194585012,138.6269073486328,18065200,0.0,0.0,0.0
2018-02-26,139.12211453957076,139.77932381946687,138.16780726639874,139.5362548828125,15267700,0.0,0.0,0.0
2018-02-27,139.70729986710734,140.3375152294877,137.5195969965476,137.52859497070312,18125500,0.0,0.0,0.0
2018-02-28,137.87064833923756,138.28478849944418,135.32282158722103,135.3588409423828,29951800,0.0,0.0,0.0
2018-03-01,135.08881398958331,136.45726164203035,133.5853280354392,134.998779296875,38943200,0.0,0.0,0.0
2018-03-02,133.88237801333813,137.51955025384575,133.60327606100154,137.15943908691406,31842300,0.0,0.0,0.0
2018-03-05,136.68234446347705,138.87904550742272,136.36723675370808,138.38389587402344,19603700,0.0,0.0,0.0
2018-03-06,139.03208029621405,139.89636661919215,137.5646137480222,139.87835693359375,17304000,0.0,0.0,0.0
2018-03-07,139.0590458564029,141.28275345845393,138.84297092807847,141.11170959472656,22684600,0.0,0.0,0.0
2018-03-08,141.25575981937527,141.76893267353262,139.99535695587448,140.82362365722656,23391300,0.0,0.0,0.0
2018-03-09,141.62487078066732,143.14636579749882,141.22874027482248,143.0743408203125,24927200,0.0,0.0,0.0
2018-03-12,143.37150965976255,143.7316209865673,142.6872926438869,143.3264923095703,15310100,0.0,0.0,0.0
2018-03-13,144.046675753635,144.31676601814536,142.37213259850452,142.6602325439453,17757200,0.0,0.0,0.0
2018-03-14,143.34446685127654,143.4975148145119,141.7149408303648,141.9850311279297,18097500,0.0,0.0,0.0
2018-03-15,142.3361399259285,142.37214555370417,140.77862521171548,141.27378845214844,14172100,0.0,0.0,0.0
2018-03-16,141.32779421458952,142.48917825799472,141.120730959802,142.0660400390625,36000300,0.0,0.0,0.0
2018-03-19,141.49890650743055,141.53492588405044,139.05011091722727,140.69764709472656,25663000,0.0,0.0,0.0
2018-03-20,141.0487094419232,141.36381705521646,140.23845234682935,140.66159057617188,11418500,0.0,0.0,0.0
2018-03-21,140.73366565266647,142.48022076229256,140.62562126080238,141.48089599609375,22213500,0.0,0.0,0.0
2018-03-22,140.46295201295956,141.32921971509964,138.34237648435558,138.37847900390625,29774800,0.0,0.0,0.0
2018-03-23,138.56805813490533,138.9109634457303,135.35562028323687,135.40074157714844,35744100,0.0,0.0,0.0
2018-03-26,137.24155950071616,138.40562544020767,135.74362080093047,138.36050415039062,28442400,0.0,0.0,0.0
2018-03-27,138.658276315328,138.6943650826533,135.0939150291053,135.68045043945312,32820600,0.0,0.0,0.0
2018-03-28,136.02329552985762,136.57374192943007,134.80509019289454,135.63526916503906,26510900,0.0,0.0,0.0
2018-03-29,136.33014955189242,138.1529419878365,136.03236560673207,137.00692749023438,22617700,0.0,0.0,0.0
2018-04-02,136.72712498867568,137.2234313104906,132.8108281875979,133.6680908203125,35040700,0.0,0.0,0.0
2018-04-03,134.47124968951542,135.89699666738548,133.82154185734473,135.58116149902344,29857800,0.0,0.0,0.0
2018-04-04,134.00200843204513,137.68368142711415,133.7944670891426,137.3046875,29619700,0.0,0.0,0.0
2018-04-05,138.09877571098133,138.61313350681402,137.44908161642184,138.44168090820312,17301600,0.0,0.0,0.0
2018-04-06,137.49421047510953,138.42365113592226,134.58857590296844,135.68045043945312,25762700,0.0,0.0,0.0
2018-04-09,136.61890426227987,137.7017600049166,135.7345849236038,135.84286499023438,18997000,0.0,0.0,0.0
2018-04-10,137.28660407132276,138.91989195875277,136.86248896840067,138.40554809570312,23420000,0.0,0.0,0.0
2018-04-11,137.8641574548657,139.24478315391056,137.72880739381444,138.703369140625,14884600,0.0,0.0,0.0
2018-04-12,139.35303403003974,140.2373668073799,138.90184889554774,139.65081787109375,14413200,0.0,0.0,0.0
2018-04-13,140.12909491990197,140.16519744698903,138.52287669152062,138.919921875,19813600,0.0,0.0,0.0
2018-04-16,139.7230082896266,140.60734106155357,139.0642818526422,140.20126342773438,18846900,0.0,0.0,0.0
2018-04-17,140.959266113981,142.1142989595206,140.7336735461947,141.7262725830078,18624200,0.0,0.0,0.0
2018-04-18,142.14138817093837,142.91742725973742,141.81653427867178,142.10528564453125,16974200,0.0,0.0,0.0
2018-04-19,141.7985125549257,142.15945527971147,140.66153057967642,141.12173461914062,16174500,0.0,0.0,0.0
2018-04-20,140.81490897185827,141.41949551031578,140.00276731985437,140.3637237548828,21480600,0.0,0.0,0.0
2018-04-23,140.5712869771668,141.0314910132368,139.47942629283926,140.1562042236328,13268200,0.0,0.0,0.0
2018-04-24,140.67957429317948,141.33831476018793,138.23415762118344,139.35308837890625,24859700,0.0,0.0,0.0
2018-04-25,139.2898751011508,139.68692022207165,138.02656223374592,139.14549255371094,21981400,0.0,0.0,0.0
2018-04-26,139.34404263099844,140.23739432948406,138.9109086722237,139.7862091064453,14862900,0.0,0.0,0.0
2018-04-27,139.759114300555,140.2012669284813,138.7665014783326,139.58766174316406,17734300,0.0,0.0,0.0
2018-04-30,139.8854828292261,140.4539668977663,138.3243719051351,138.35145568847656,15624600,0.0,0.0,0.0
2018-05-01,138.07170446913418,139.22673760109103,136.8986338410175,139.02822875976562,24977500,0.0,0.0,0.0
2018-05-02,138.76650170425586,140.57124227917825,138.6762591678786,139.5515594482422,16786800,0.0,0.0,0.0
2018-05-03,139.06432353313286,139.4162474905983,137.3047037458057,138.79360961914062,20985900,0.0,0.0,0.0
2018-05-04,138.2972522862563,141.22093669939244,137.88216970376524,140.52610778808594,17927900,0.0,0.0,0.0
2018-05-07,140.94120047510245,142.44815702189342,140.85999046356264,141.7172393798828,16303500,0.0,0.0,0.0
2018-05-08,141.5999669194199,142.42112731933594,141.44656559785537,142.42112731933594,17281200,0.0,0.0,0.0
2018-05-09,142.58352391232373,143.5671179884134,142.01503999520304,143.1881103515625,15758500,0.0,0.0,0.0
2018-05-10,143.38667183722134,144.53268626668606,143.26034051367196,143.95516967773438,15828700,0.0,0.0,0.0
2018-05-11,143.97318195657436,144.4965583750035,143.51296429827613,144.23486328125,14413600,0.0,0.0,0.0
2018-05-14,144.3972672969086,145.00185361178526,143.52196719814276,143.68438720703125,15028500,0.0,0.0,0.0
2018-05-15,143.2152702047546,144.00934711516084,142.72798228085392,143.71156311035156,17544900,0.0,0.0,0.0
2018-05-16,143.91905908451238,145.57039855769094,143.90100782129156,145.20944213867188,21004400,0.0,0.0,0.0
2018-05-17,145.2816599100481,146.1840304684956,145.05606727043622,145.87722778320312,18639700,0.0,0.0,0.0
2018-05-18,146.13891798588264,146.4728044755875,145.77797524840383,146.0667266845703,17579800,0.0,0.0,0.0
2018-05-21,146.517853650075,147.3029251335679,146.50883490440816,147.03221130371094,15667300,0.0,0.0,0.0
2018-05-22,147.32102420773683,147.38419676104422,145.85016944270703,145.96746826171875,13212000,0.0,0.0,0.0
2018-05-23,145.57942013293737,146.4366692700073,145.39894880446155,146.1569366455078,14235700,0.0,0.0,0.0
2018-05-24,146.11181353432573,146.49983996629655,144.93872926036036,146.21107482910156,12785000,0.0,0.0,0.0
2018-05-25,145.95842060311932,146.32839579299863,145.7057579780994,145.94940185546875,11150200,0.0,0.0,0.0
2018-05-29,145.17333805181897,146.39152969354043,144.4785090665219,145.7508544921875,20986900,0.0,0.0,0.0
2018-05-30,146.50886534355365,148.3406762371576,146.50886534355365,148.06094360351562,25169000,0.0,0.0,0.0
2018-05-31,148.0609329455555,148.33164681216985,146.4908035344556,146.8788299560547,28573700,0.0,0.0,0.0
2018-06-01,147.83535686245287,148.33166337849568,147.3390503464101,147.84437561035156,21108200,0.0,0.0,0.0
2018-06-04,148.2775011663069,148.62942504882812,147.3751308245521,148.62942504882812,14836000,0.0,0.0,0.0
2018-06-05,148.48504479443696,149.5859377299928,148.29554096133225,149.54983520507812,13283600,0.0,0.0,0.0
2018-06-06,149.53182631144335,150.63270568847656,149.4145137366516,150.63270568847656,16661300,0.0,0.0,0.0
2018-06-07,150.79511913449173,150.90339917713283,149.0986583646892,149.81153869628906,17571900,0.0,0.0,0.0
2018-06-08,149.84765981276178,150.34396639717386,149.5769458786204,150.26275634765625,17569800,0.0,0.0,0.0
2018-06-11,150.37098396545954,150.79509910156705,150.0551488576083,150.48829650878906,15923000,0.0,0.0,0.0
2018-06-12,150.62371713495628,151.54413911373024,150.45226449714616,151.17416381835938,16166700,0.0,0.0,0.0
2018-06-13,151.39067856962498,151.48090734383018,150.35294439817332,150.5785369873047,19853700,0.0,0.0,0.0
2018-06-14,151.13799227013368,151.4538135839437,150.3439020748138,151.38162231445312,19248100,0.0,0.0,0.0
2018-06-15,150.9124443154344,151.48092835592686,150.27175521503582,151.42678833007812,24922600,0.0,0.0,0.0
2018-06-18,150.6687652310648,152.14865192455184,150.45219140918468,152.13963317871094,18616500,0.0,0.0,0.0
2018-06-19,151.19214084400085,152.2930336702064,150.2807380629993,152.14865112304688,24605900,0.0,0.0,0.0
2018-06-20,152.90670943455947,153.58348744660597,152.45552409319512,153.37594604492188,19216900,0.0,0.0,0.0
2018-06-21,153.38493136684951,153.4751739230889,151.39070030331996,151.94114685058594,26946200,0.0,0.0,0.0
2018-06-22,152.5096308452565,152.68108344060818,150.9756037732422,151.43582153320312,33638200,0.0,0.0,0.0
2018-06-25,150.91245683664084,151.02975564601843,148.1151026036595,148.9633331298828,37005100,0.0,0.0,0.0
2018-06-26,149.0986719511589,150.3890689095637,148.75578052852316,149.82958984375,20464000,0.0,0.0,0.0
2018-06-27,149.98298531305466,150.25368540889414,147.36610297761334,147.4292755126953,27511800,0.0,0.0,0.0
2018-06-28,147.29389843831817,148.1872499814187,146.41859815634197,147.8804473876953,26759100,0.0,0.0,0.0
2018-06-29,148.2684934902082,148.93625261184528,147.6368368989737,147.78121948242188,24146500,0.0,0.0,0.0
2018-07-02,146.86981576669544,148.85504185686708,146.6171531314156,148.80088806152344,24283600,0.0,0.0,0.0
2018-07-03,149.20389863617177,150.06425219228834,149.15861396080928,149.3940887451172,13561300,0.0,0.0,0.0
2018-07-05,150.2092035947115,151.12389351361043,149.27639703633474,151.0967254638672,18640500,0.0,0.0,0.0
2018-07-06,151.21442606455935,152.5457154535377,150.8068915987166,152.37364196777344,19597500,0.0,0.0,0.0
2018-07-09,153.06192391062442,153.35173479934338,152.50043258741115,153.3336181640625,16565200,0.0,0.0,0.0
2018-07-10,153.57810177690098,153.84073073038272,151.75777427596486,152.63623046875,18790700,0.0,0.0,0.0
2018-07-11,151.80310290508731,152.69968988834262,151.2868962072944,151.3412322998047,23912600,0.0,0.0,0.0
2018-07-12,152.21060681819273,152.37361504815397,150.91553710920002,152.0747528076172,19617600,0.0,0.0,0.0
2018-07-13,152.01136456236642,152.80831671419435,151.62193298339844,151.62193298339844,15409100,0.0,0.0,0.0
2018-07-16,151.92988304962483,152.17440927089993,150.29974509164254,151.03330993652344,15946900,0.0,0.0,0.0
2018-07-17,151.015150208122,152.14719781088155,150.8702447984231,151.70343017578125,15134700,0.0,0.0,0.0
2018-07-18,151.5675829339154,152.2015267981557,150.852134962617,152.1290740966797,13780000,0.0,0.0,0.0
2018-07-19,151.93892963322432,153.27927034358655,151.47704529205384,153.20681762695312,18398300,0.0,0.0,0.0
2018-07-20,152.87173530387253,153.33360582428682,152.46420086598428,152.58192443847656,17570700,0.0,0.0,0.0
2018-07-23,152.4188964170221,153.18868051784565,151.9751287690597,152.7720947265625,12335000,0.0,0.0,0.0
2018-07-24,153.46044597297865,153.74119170593292,150.53523739365738,151.1420135498047,25831300,0.0,0.0,0.0
2018-07-25,151.18727221234298,151.69442749023438,150.46275875009317,151.69442749023438,18401200,0.0,0.0,0.0
2018-07-26,151.83929705567616,153.38793056897097,151.70344304046012,152.50946044921875,20944200,0.0,0.0,0.0
2018-07-27,152.60009104860458,152.79933262907997,149.2401660496309,149.6658172607422,28777100,0.0,0.0,0.0
2018-07-30,149.6567028413966,150.3540480794619,148.58805646781462,148.70578002929688,20093700,0.0,0.0,0.0
2018-07-31,149.00470937949052,150.8974906305822,148.87792053537308,150.21826171875,23567300,0.0,0.0,0.0
2018-08-01,150.06427047790396,150.5533229211025,148.9775072314935,150.1186065673828,17942600,0.0,0.0,0.0
2018-08-02,149.39411878500275,151.4318052155647,149.37600214742633,151.21444702148438,18292200,0.0,0.0,0.0
2018-08-03,151.37742804478512,151.85741521203877,149.98275121933818,150.68914794921875,21734900,0.0,0.0,0.0
2018-08-06,150.58050996278882,151.70349280421038,150.24541433715345,151.53143310546875,16288800,0.0,0.0,0.0
2018-08-07,152.04758780802155,152.5909762233012,151.78495882596596,151.8936309814453,15045700,0.0,0.0,0.0
2018-08-08,151.89369853112683,152.13822480864175,150.7797669852551,151.7578582763672,14789500,0.0,0.0,0.0
2018-08-09,151.8302379009713,152.7902259958154,151.73968237281466,152.147216796875,10437800,0.0,0.0,0.0
2018-08-10,151.28688560619898,152.75401527695158,151.20538147314477,151.72158813476562,20521900,0.0,0.0,0.0
2018-08-13,151.9117724501182,152.19251811030065,150.22728467007985,150.8340606689453,20517200,0.0,0.0,0.0
2018-08-14,151.16011688022277,152.69064807048017,151.14200024193298,152.32838439941406,17683100,0.0,0.0,0.0
2018-08-15,151.87552805080793,151.98421403503394,149.56614780593878,150.41744995117188,27479900,0.0,0.0,0.0
2018-08-16,151.11477332670216,152.3011570220235,150.96081650857823,151.81211853027344,15484700,0.0,0.0,0.0
2018-08-17,151.66720645137534,152.57284450801748,151.17815416218215,152.46417236328125,15106700,0.0,0.0,0.0
2018-08-20,152.8808120914482,153.21589386861524,151.993290351983,152.88987731933594,12547300,0.0,0.0,0.0
2018-08-21,153.17965994185545,155.19017805279864,153.16154330673655,154.64678955078125,20661200,0.0,0.0,0.0
2018-08-22,154.4927613224623,155.30784369891234,154.3388045424404,155.02708435058594,14329200,0.0,0.0,0.0
2018-08-23,154.9456770505437,155.3351087647599,154.12154275536523,154.55625915527344,12945800,0.0,0.0,0.0
2018-08-24,154.9999697465861,155.57052622487143,154.88224617948393,155.39845275878906,11894300,0.0,0.0,0.0
2018-08-27,155.8693888505875,156.6210702037487,155.4256211643284,155.62486267089844,15880400,0.0,0.0,0.0
2018-08-28,155.91466555083008,156.20446256987702,154.95469133314123,155.76976013183594,13170300,0.0,0.0,0.0
2018-08-29,155.78790794857576,156.46713668976545,155.2807526995185,156.2226104736328,13157900,0.0,0.0,0.0
2018-08-30,155.92370597337913,156.88368012344267,155.60674093796706,156.0957794189453,14199600,0.0,0.0,0.0
2018-08-31,155.73353776322185,157.02859364645096,155.72447253786655,156.69351196289062,12240500,0.0,0.0,0.0
2018-09-04,156.4851932539314,156.7840554699929,154.97277936218265,155.99615478515625,17923500,0.0,0.0,0.0
2018-09-05,155.93278821066394,155.97807288723098,154.28453377137998,155.57958984375,15166100,0.0,0.0,0.0
2018-09-06,155.92369870930457,156.2044442889111,154.33883214925777,154.52902221679688,16647700,0.0,0.0,0.0
2018-09-07,154.14867659364035,155.27165906281604,153.65057284411492,154.44752502441406,17248000,0.0,0.0,0.0
2018-09-10,155.09051433244875,155.47993205651358,154.31166506537932,154.6376953125,11067100,0.0,0.0,0.0
2018-09-11,154.5018938239263,155.40753209061066,153.9585053363384,154.8913116455078,14078400,0.0,0.0,0.0
2018-09-12,154.67394585313687,154.94564008352202,153.35172178764105,154.51998901367188,21572300,0.0,0.0,0.0
2018-09-13,155.1177505648058,155.35321158387998,154.1939954886833,154.55625915527344,14570500,0.0,0.0,0.0
2018-09-14,154.65579699065012,155.70632651297294,154.32070155140562,155.20823669433594,15734900,0.0,0.0,0.0
2018-09-17,155.24450044228516,155.35317260552324,153.36983653171615,153.5600128173828,20023200,0.0,0.0,0.0
2018-09-18,153.77735191779777,154.6014859041324,153.6233950992969,154.2030029296875,13018000,0.0,0.0,0.0
2018-09-19,154.21203584800838,154.92749759878998,153.11622161859827,153.6414794921875,17593500,0.0,0.0,0.0
2018-09-20,154.29358695608963,155.1358377293187,153.78643173816147,155.06338500976562,16918700,0.0,0.0,0.0
2018-09-21,155.5433260525744,155.60672734548285,154.15770102207534,154.32070922851562,32539000,0.0,0.0,0.0
2018-09-24,154.19396753311605,154.4113256936628,152.83551012232135,153.75021362304688,15786700,0.0,0.0,0.0
2018-09-25,154.003758110377,154.42940911305718,153.8226332583502,153.9856414794922,13758500,0.0,0.0,0.0
2018-09-26,154.3034436164427,154.39425328407197,152.3511604629041,152.5781707763672,17787200,0.0,0.0,0.0
2018-09-27,152.8869050392852,153.18656032271105,152.33299930730598,152.58724975585938,14471900,0.0,0.0,0.0
2018-09-28,152.05151825536197,153.45898509092763,152.05151825536197,153.0503692626953,22740300,0.0,0.0,0.0
2018-10-01,153.7223410067131,153.74959499915573,150.52604487014827,151.0345458984375,27893100,0.0,0.0,0.0
2018-10-02,150.8983485681295,151.21616867486352,149.08226534248473,149.40008544921875,28440300,0.0,0.0,0.0
2018-10-03,149.99029627814303,151.3977634489493,149.3819101035343,150.70765686035156,26027200,0.0,0.0,0.0
2018-10-04,150.22636565600365,150.41704658352828,148.12879231956293,148.59188842773438,29463000,0.0,0.0,0.0
2018-10-05,148.69175282512484,149.06405305830813,145.88590872311462,147.2479705810547,31240100,0.0,0.0,0.0
2018-10-08,146.89386517716636,147.4659218530038,145.7860535304033,146.93927001953125,21330700,0.0,0.0,0.0
2018-10-09,146.75759273153,147.77460814780616,146.17644700320383,146.3671417236328,20620400,0.0,0.0,0.0
2018-10-10,146.031229221227,146.18559460143987,141.98135835256133,142.1629638671875,46921800,0.0,0.0,0.0
2018-10-11,141.48198750743938,142.85313946266567,139.39348864257357,139.44798278808594,68877400,0.0,0.0,0.0
2018-10-12,141.2548965475975,141.4365020289369,137.92238677760358,139.4751434326172,53492600,0.0,0.0,0.0
2018-10-15,139.2572406997754,141.00975409003638,138.512640042043,139.9927520751953,32747600,0.0,0.0,0.0
2018-10-16,141.00064704382282,144.25143644725551,139.87467088302614,144.05166625976562,35569100,0.0,0.0,0.0
2018-10-17,143.63396043240272,143.6702898420901,141.55455203512804,143.4342041015625,24140100,0.0,0.0,0.0
2018-10-18,142.93476624806382,143.13453641720116,140.1743132866799,140.7463836669922,31042700,0.0,0.0,0.0
2018-10-19,141.17318514689595,141.9813413675748,138.6942362225501,139.25721740722656,34214200,0.0,0.0,0.0
2018-10-22,139.76573689443111,140.2469977495688,138.49448441965475,138.95758056640625,28218300,0.0,0.0,0.0
2018-10-23,137.05065144317643,138.83041828875983,135.22549362215395,137.71353149414062,37228100,0.0,0.0,0.0
2018-10-24,137.50468795240008,138.0041134404984,132.41058954062945,132.52862548828125,40412400,0.0,0.0,0.0
2018-10-25,133.23691302741435,136.04277153179953,132.94634697934956,135.39805603027344,32311300,0.0,0.0,0.0
2018-10-26,133.97243376307227,135.67955617799868,131.3935992871378,133.91795349121094,36986100,0.0,0.0,0.0
2018-10-29,135.41620656827823,136.77826854911189,131.72956102371953,133.1824188232422,33031300,0.0,0.0,0.0
2018-10-30,133.3458793558363,136.1063189957875,133.0825396021011,135.96102905273438,29017200,0.0,0.0,0.0
2018-10-31,137.35031582387856,137.89514612142565,136.23342895507812,136.23342895507812,36785400,0.0,0.0,0.0
2018-11-01,137.01434655721803,139.6295098463447,136.94170159300782,139.37525939941406,28496400,0.0,0.0,0.0
2018-11-02,139.89284390990636,140.64651987016015,138.42182140143638,139.83836364746094,26671600,0.0,0.0,0.0
2018-11-05,139.8747072628036,140.4377024174355,138.34012875884733,139.72943115234375,16940900,0.0,0.0,0.0
2018-11-06,139.5205743104889,140.8463210290547,139.40253833444862,140.41954040527344,15572900,0.0,0.0,0.0
2018-11-07,141.07329650493102,142.93478393554688,140.56479559533287,142.93478393554688,22127800,0.0,0.0,0.0
2018-11-08,142.20836086282932,143.379728144804,141.96318581102557,142.5534210205078,14987700,0.0,0.0,0.0
2018-11-09,141.65447934285007,141.6817194804284,138.88494989226766,139.91104125976562,20654400,0.0,0.0,0.0
2018-11-12,139.8565902713152,139.99279098772803,136.96901038280944,137.14154052734375,21886800,0.0,0.0,0.0
2018-11-13,137.65908899124832,139.01206188050972,136.46954305623933,136.7056427001953,18468500,0.0,0.0,0.0
2018-11-14,137.8588856927559,138.4400317765692,134.82601614522764,135.70681762695312,24549100,0.0,0.0,0.0
2018-11-15,134.8351301512633,137.8407462540514,134.5082345532055,137.64097595214844,24482000,0.0,0.0,0.0
2018-11-16,136.76016780637732,138.28567128770152,136.26074207536615,137.96786499023438,29323500,0.0,0.0,0.0
2018-11-19,137.73168961801778,138.04950959653576,134.72607530900927,135.1710205078125,21540900,0.0,0.0,0.0
2018-11-20,133.70906834430073,134.780550322785,132.20171660841774,132.56494140625,25907000,0.0,0.0,0.0
2018-11-21,133.2823067238877,135.63413046820818,133.05529638897772,134.4173583984375,17902300,0.0,0.0,0.0
2018-11-23,133.3186252190369,135.57056367735936,133.30953593879363,134.29022216796875,11134800,0.0,0.0,0.0
2018-11-26,135.58874474138227,136.56941723326804,135.0620790813033,136.03367614746094,15346400,0.0,0.0,0.0
2018-11-27,135.46163742854162,135.96106307299604,134.6534809695572,134.90774536132812,14461800,0.0,0.0,0.0
2018-11-28,135.4797357647663,138.35822452540944,134.11767405026342,138.2401885986328,26125900,0.0,0.0,0.0
2018-11-29,137.66813447961843,138.69422552600972,136.60572787969213,137.86790466308594,15134500,0.0,0.0,0.0
2018-11-30,137.53193353693487,138.8031857420609,137.18687342885357,138.5852508544922,20304700,0.0,0.0,0.0
2018-12-03,140.19253191848455,140.27425233121954,138.0404779161109,139.91104125976562,23379800,0.0,0.0,0.0
2018-12-04,139.61134747246834,139.95640759432573,133.60919402853327,133.95425415039062,41077900,0.0,0.0,0.0
2018-12-06,132.07462377985513,133.6636962890625,130.24037620394137,133.6636962890625,37581200,0.0,0.0,0.0
2018-12-07,133.6092077104406,134.62620961928738,130.09509201385544,130.776123046875,28525100,0.0,0.0,0.0
2018-12-10,131.00314625171825,131.4117621405212,128.44246266549015,130.39476013183594,30776600,0.0,0.0,0.0
2018-12-11,132.28348899807685,132.74659906542917,129.29603833531849,130.25856018066406,29229300,0.0,0.0,0.0
2018-12-12,131.55702847908333,133.26413670777288,131.44805410085286,131.50254821777344,27894800,0.0,0.0,0.0
2018-12-13,131.8839307493163,132.29254658596452,129.43220801820434,129.6410675048828,23205400,0.0,0.0,0.0
2018-12-14,128.69670470056465,130.0587668107051,127.21660662936176,127.67970275878906,24037200,0.0,0.0,0.0
2018-12-17,127.2505924439766,128.35300579845048,124.05270537928494,124.83623504638672,36468500,0.0,0.0,0.0
2018-12-18,125.9659325962647,126.80412463982306,124.17110364471732,124.68132019042967,42277200,0.0,0.0,0.0
2018-12-19,124.6357980320437,126.34861968303058,121.4014599216518,122.08477020263672,47676600,0.0,0.0,0.0
2018-12-20,121.74768769333994,122.4583293480065,118.65000575316688,120.0712890625,57908100,0.0,0.0,0.0
2018-12-21,120.6088008989712,121.12810938210852,116.60004664292116,116.95536041259766,59404800,0.0,0.0,0.0
2018-12-24,116.37229465271362,117.0464921566808,114.65034641866288,114.6867904663086,28575700,0.0,0.0,0.0
2018-12-26,115.051216382675,120.353710273079,114.62300753989744,120.19881439208984,40182700,0.0,0.0,0.0
2018-12-27,118.68645587384296,120.69993591308594,116.49986137122345,120.69993591308594,39527900,0.0,0.0,0.0
2018-12-28,120.699919969694,123.00495212573804,119.84350222280342,121.04613494873048,35994400,0.0,0.0,0.0
2018-12-31,121.82964931671516,122.13030746048013,120.0803769455216,121.99363708496094,29173400,0.0,0.0,0.0
2019-01-02,120.41748589957736,123.1507268975606,119.84350084136643,122.6860809326172,27295100,0.0,0.0,0.0
2019-01-03,122.002752913729,122.66783756714857,119.94370276454154,120.4903564453125,29294600,0.0,0.0,0.0
2019-01-04,122.0118379684435,125.36461976335468,121.82051894408518,124.99107360839844,35355300,0.0,0.0,0.0
2019-01-07,125.05489245674532,127.8883530966447,124.58114065151568,127.1777114868164,30477900,0.0,0.0,0.0
2019-01-08,128.2800976986153,129.18205821874125,126.9954712525185,129.1273956298828,27320900,0.0,0.0,0.0
2019-01-09,129.57383149122356,130.63979369264908,129.02717779214228,130.193359375,25764600,0.0,0.0,0.0
2019-01-10,129.42809066180843,130.94048759388505,128.78123130663312,130.8675994873047,22896800,0.0,0.0,0.0
2019-01-11,130.29356965567078,131.18643822860372,129.9929115323746,130.90399169921875,22428400,0.0,0.0,0.0
2019-01-14,130.1205035077051,130.6853688814872,129.45540483639965,129.60118103027344,29185000,0.0,0.0,0.0
2019-01-15,129.96560620710008,130.87668655598122,129.4554034360439,130.69447326660156,25678900,0.0,0.0,0.0
2019-01-16,130.90399360663204,132.33439616237033,130.89488780954375,131.6693115234375,20827300,0.0,0.0,0.0
2019-01-17,131.18642423582963,133.31834826237176,131.16819874188232,132.86280822753906,19273400,0.0,0.0,0.0
2019-01-18,133.56440731280506,134.7670263478427,133.017753450161,134.2294921875,28306700,0.0,0.0,0.0
2019-01-22,133.4368116209797,133.7101245581911,131.24110501217817,132.10662841796875,27741100,0.0,0.0,0.0
2019-01-23,132.39821228586484,133.18172809511523,130.70360216165986,131.7422332763672,20621300,0.0,0.0,0.0
2019-01-24,131.58728948685345,132.7990276633824,131.49618981989852,132.53482055664062,16976300,0.0,0.0,0.0
2019-01-25,133.58259222367778,134.5118980437036,133.40948473836116,134.2385711669922,22266900,0.0,0.0,0.0
2019-01-28,132.98126487583755,133.84678823836444,132.44371702157028,133.518798828125,22784700,0.0,0.0,0.0
2019-01-29,133.6646110713036,133.76483047098586,132.90841267406154,133.199951171875,12084800,0.0,0.0,0.0
2019-01-30,133.91060690808564,135.14967693408525,132.7261994873237,134.65769958496094,25516900,0.0,0.0,0.0
2019-01-31,134.4845698295087,136.02429783170072,134.41168173391574,135.80563354492188,27252900,0.0,0.0,0.0
2019-02-01,136.06987394120193,136.37051826296616,135.3683380857877,135.91497802734375,17057900,0.0,0.0,0.0
2019-02-04,136.12445963954374,137.54574214739256,135.64158837474838,137.53663635253906,21301700,0.0,0.0,0.0
2019-02-05,137.582168961847,138.11971666157993,136.88064745710332,137.68238830566406,18295900,0.0,0.0,0.0
2019-02-06,137.6095577646132,137.910215921734,136.75315398909586,137.50933837890625,13720600,0.0,0.0,0.0
2019-02-07,136.5891221598562,137.29976350091238,135.19517076763225,136.37957763671875,22850800,0.0,0.0,0.0
2019-02-08,135.8055990350807,136.57090299135956,135.29539639756146,136.52536010742188,13463000,0.0,0.0,0.0
2019-02-11,136.92624367181776,137.70977323726737,136.32494127664393,137.6642303466797,16374800,0.0,0.0,0.0
2019-02-12,138.41129176218527,139.5683674205152,138.37485467383496,139.3861541748047,20779900,0.0,0.0,0.0
2019-02-13,139.7779541015625,140.0877181028633,139.12197509764096,139.7779541015625,15534500,0.0,0.0,0.0
2019-02-14,139.01267469304784,140.64350279241725,138.84867296182296,140.09686279296875,18251000,0.0,0.0,0.0
2019-02-15,141.0169912713402,142.34717447103824,140.55234537725755,142.32894897460938,27240200,0.0,0.0,0.0
2019-02-19,141.7185384304422,143.1307156258663,141.7185384304422,142.72071838378906,15856900,0.0,0.0,0.0
2019-02-20,142.7298432515252,143.56803545997474,142.6113983637938,143.39492797851562,18317400,0.0,0.0,0.0
2019-02-21,143.15807503652223,143.37672544645707,142.18321228561493,142.84829711914062,17497000,0.0,0.0,0.0
2019-02-22,143.28563046004302,144.19671093672315,143.13074844724557,144.08737182617188,20411800,0.0,0.0,0.0
2019-02-25,144.93464012011543,145.31729213650053,144.03266571593448,144.123779296875,17957100,0.0,0.0,0.0
2019-02-26,143.95977921406703,144.12378088116668,142.93937382582328,143.13070678710938,21497300,0.0,0.0,0.0
2019-02-27,142.57497834936066,143.44050195836522,142.2378691443501,143.3311767578125,18194900,0.0,0.0,0.0
2019-02-28,143.12160503995517,143.4769258109292,142.46562609323658,142.83917236328125,18155300,0.0,0.0,0.0
2019-03-01,143.90515144821327,144.2604722605996,142.8118577102541,144.16937255859375,19247100,0.0,0.0,0.0
2019-03-04,144.44266589457118,144.6613301731762,141.75498176671886,142.8665008544922,23301800,0.0,0.0,0.0
2019-03-05,142.98493029302918,142.99403609041048,142.0920755803376,142.20140075683594,16798200,0.0,0.0,0.0
2019-03-06,142.14673856064806,142.201401149048,139.28594725121124,139.4134979248047,29604600,0.0,0.0,0.0
2019-03-07,139.41348488848,139.52281005505708,137.9101943381479,138.192626953125,26822500,0.0,0.0,0.0
2019-03-08,137.42730690950435,138.265498859845,137.21776239741368,138.1561737060547,20466800,0.0,0.0,0.0
2019-03-11,138.58439345275602,140.58876687624354,138.3930605164237,140.57054138183594,20854500,0.0,0.0,0.0
2019-03-12,140.67079443193205,141.19922268045346,140.1241545866212,140.64346313476562,18966800,0.0,0.0,0.0
2019-03-13,141.14457141007065,141.88254429673594,140.9896894130407,141.19923400878906,24109100,0.0,0.0,0.0
2019-03-14,141.12631185047914,141.2356509235115,140.48855851604048,140.62522888183594,14217500,0.0,0.0,0.0
2019-03-15,140.78923472477905,142.0100789649649,140.6070214489573,140.998779296875,22025900,0.0,0.0,0.0
2019-03-18,141.2721092041289,142.53851026603968,140.7436809614779,141.9007568359375,24510200,0.0,0.0,0.0
2019-03-19,142.56580089086358,142.6113576732989,140.8256485784508,141.18096923828125,18633100,0.0,0.0,0.0
2019-03-20,141.17370040762054,141.97759293434916,139.2279353622159,140.00440979003906,29463200,0.0,0.0,0.0
2019-03-21,139.52024000871117,142.56222696408977,139.52024000871117,141.84056091308594,31845000,0.0,0.0,0.0
2019-03-22,140.8630874424055,141.173677162394,136.63355017798418,136.67921447753906,40663000,0.0,0.0,0.0
2019-03-25,136.55130982520689,138.2321768361891,135.57386252648394,137.28211975097656,26454700,0.0,0.0,0.0
2019-03-26,138.36919594924038,139.6024385554634,137.74800264107833,138.7254638671875,21308600,0.0,0.0,0.0
2019-03-27,138.5884237563462,139.04517814835452,136.55128913188176,138.1864776611328,23477100,0.0,0.0,0.0
2019-03-28,138.66155498036227,139.7029549081384,137.87593651280878,139.41976928710938,19473300,0.0,0.0,0.0
2019-03-29,140.388072862681,140.6529983095554,138.9447407400849,139.84910583496094,28298900,0.0,0.0,0.0
2019-04-01,140.94531391145384,141.52082910905375,140.42462096904092,141.37466430664062,20075200,0.0,0.0,0.0
2019-04-02,141.47510076989377,141.48424477870844,140.23272826738923,141.00921630859375,18253500,0.0,0.0,0.0
2019-04-03,142.26988813038324,142.64441620421005,141.3472351748305,141.74005126953125,19554700,0.0,0.0,0.0
2019-04-04,141.84968095070064,142.51653863913978,141.447734747573,142.434326171875,15909500,0.0,0.0,0.0
2019-04-05,142.78147490702136,143.85027887975838,142.680988348608,143.76806640625,21379000,0.0,0.0,0.0
2019-04-08,143.28388020492608,143.8776554294953,142.571344359827,143.530517578125,14202400,0.0,0.0,0.0
2019-04-09,142.92765711236217,143.14689040174707,141.51171504922584,141.77662658691406,18534200,0.0,0.0,0.0
2019-04-10,142.03236330360167,143.7497645376234,141.89534254090418,143.70408630371094,18938800,0.0,0.0,0.0
2019-04-11,143.89590424286615,144.04205505126967,143.2473068879949,143.5213623046875,12218700,0.0,0.0,0.0
2019-04-12,144.45317391666916,144.48057806989277,143.52139088994542,144.04208374023438,14120300,0.0,0.0,0.0
2019-04-15,144.28875360484955,144.42578832762206,142.96416825230116,143.5762176513672,10964000,0.0,0.0,0.0
2019-04-16,144.06953917392175,144.24309420964167,143.40266743519305,143.9142303466797,16782900,0.0,0.0,0.0
2019-04-17,144.4166442538389,144.43491833800914,141.77660362244674,142.59877014160156,17108500,0.0,0.0,0.0
2019-04-18,142.60789344466593,142.76318830513583,141.28330815556498,142.1785430908203,23276300,0.0,0.0,0.0
2019-04-22,141.87703744860292,142.33379180981228,141.15537169106838,141.803955078125,15596800,0.0,0.0,0.0
2019-04-23,141.93188892108364,144.3801002902747,141.92275884913514,143.94161987304688,23396100,0.0,0.0,0.0
2019-04-24,143.98729024285515,144.9647516051634,143.75891298314295,144.3892364501953,18053100,0.0,0.0,0.0
2019-04-25,143.72237229178194,143.85026299390805,142.02324499836877,143.19253540039062,19365100,0.0,0.0,0.0
2019-04-26,143.38439054705918,144.78205831670414,142.87281375625696,144.58108520507812,16999100,0.0,0.0,0.0
2019-04-29,144.9007875688214,145.80516646223234,144.78204088191816,145.27532958984375,13698900,0.0,0.0,0.0
2019-04-30,145.3849683627865,145.4215165328197,143.38439513331596,144.59934997558594,24127500,0.0,0.0,0.0
2019-05-01,144.94648170327278,145.0012900169383,143.15601174133604,143.2290802001953,17734300,0.0,0.0,0.0
2019-05-02,143.09205788809356,144.47145154376764,142.2150830616833,143.8959503173828,22715700,0.0,0.0,0.0
2019-05-03,144.61762330805965,146.7461011825277,144.508006676616,146.64561462402344,20178800,0.0,0.0,0.0
2019-05-06,144.4988226124016,147.17541078027568,144.3435277812202,146.8100128173828,21262100,0.0,0.0,0.0
2019-05-07,145.53112001674447,146.0426828386497,142.7357846405898,143.9050750732422,25434500,0.0,0.0,0.0
2019-05-08,143.6584299456371,144.41664413911488,143.10118886074582,143.20167541503906,16113700,0.0,0.0,0.0
2019-05-09,142.06890470351183,143.10116025778828,140.44286001471886,142.6809539794922,25259900,0.0,0.0,0.0
2019-05-10,142.1328933997197,143.26564982830274,140.3789574044921,143.0738067626953,26544700,0.0,0.0,0.0
2019-05-13,140.39719179445473,140.69865141857548,138.08601528190246,138.51536560058594,26936500,0.0,0.0,0.0
2019-05-14,138.8168304345845,140.83567747016747,138.57930917931063,140.26016235351562,15519200,0.0,0.0,0.0
2019-05-15,139.21876475651783,141.05492675078224,138.91731905561932,140.7169189453125,18410600,0.0,0.0,0.0
2019-05-16,141.14627813584804,142.6718365749164,141.082339750723,141.59390258789062,13772100,0.0,0.0,0.0
2019-05-17,140.51597649343248,141.84056190100753,139.45630259175536,139.6207275390625,21534000,0.0,0.0,0.0
2019-05-20,138.7894255693038,139.6024620187197,138.3144108915642,138.65240478515625,18689800,0.0,0.0,0.0
2019-05-21,139.4289130375164,140.71695041012472,139.38323478991032,140.5159912109375,11659100,0.0,0.0,0.0
2019-05-22,139.96786317198777,140.30585707307256,138.85338097274106,139.33753967285156,13922600,0.0,0.0,0.0
2019-05-23,137.9947055081212,137.9947055081212,135.72920646393905,136.46914672851562,26379400,0.0,0.0,0.0
2019-05-24,137.3735034773597,138.0220871351344,136.83452251249457,137.74803161621094,16093100,0.0,0.0,0.0
2019-05-28,137.94897541246408,138.53362055701183,136.6426643625526,136.65179443359375,14042200,0.0,0.0,0.0
2019-05-29,135.9666880113084,136.0489004830714,134.61469847693925,135.5099334716797,22622300,0.0,0.0,0.0
2019-05-30,135.88447537014918,136.64268957767274,134.32236871338765,135.13539123535156,17739100,0.0,0.0,0.0
2019-05-31,133.54589020106732,134.13966550773412,132.75114178835042,133.2444305419922,25411300,0.0,0.0,0.0
2019-06-03,133.4911091115844,134.47770075910844,132.76029893500603,133.71034240722656,26554500,0.0,0.0,0.0
2019-06-04,135.12628073725216,137.29129310552725,133.7560169215754,137.17254638671875,21217600,0.0,0.0,0.0
2019-06-05,137.72061354250056,137.8393741744774,135.7565747435801,137.19992065429688,18184100,0.0,0.0,0.0
2019-06-06,137.13601996904998,137.50143207462966,135.48257026606086,136.8437042236328,20772500,0.0,0.0,0.0
2019-06-07,137.34611179281046,138.40577185568472,137.0446520885211,137.81199645996094,17107500,0.0,0.0,0.0
2019-06-10,138.35095972252805,139.894792435723,138.35095972252805,138.62501525878906,18912300,0.0,0.0,0.0
2019-06-11,139.64809941262766,139.97696317025677,137.5561701898199,138.21389770507812,15373000,0.0,0.0,0.0
2019-06-12,138.1043067181554,138.65241778421688,137.59274382398786,138.36923217773438,11957600,0.0,0.0,0.0
2019-06-13,139.13655006213048,139.93129841165887,138.73460388198805,139.83082580566406,14839400,0.0,0.0,0.0
2019-06-14,139.6572637091671,139.71207202022686,138.59758989854032,138.60671997070312,16154800,0.0,0.0,0.0
2019-06-17,139.22369731950604,140.16792753547224,139.04035422684703,139.56289672851562,12509300,0.0,0.0,0.0
2019-06-18,140.50713024106037,142.23057213830813,139.58122452090953,141.1855010986328,22100800,0.0,0.0,0.0
2019-06-19,141.3504661888236,141.81799300738234,140.62624234583936,141.6896514892578,15625000,0.0,0.0,0.0
2019-06-20,143.0555946051128,143.21143689069217,141.57966003206414,142.35887145996094,17595700,0.0,0.0,0.0
2019-06-21,142.21224116695078,142.24890418940652,140.81880851455512,141.1304931640625,19854400,0.0,0.0,0.0
2019-06-24,141.50635597954278,141.55219524887502,139.34287395596243,139.4162139892578,24002600,0.0,0.0,0.0
2019-06-25,139.62702312772396,139.80120391497235,138.4261101059726,138.56361389160156,17462200,0.0,0.0,0.0
2019-06-26,139.06783337558946,139.54453653295252,138.20610558703365,138.24278259277344,15726900,0.0,0.0,0.0
2019-06-27,138.64613018343528,140.96545395610056,138.64613018343528,140.8371124267578,22278400,0.0,0.0,0.0
2019-06-28,141.13048874732658,143.02812532523282,141.12132648904463,142.55142211914062,35089900,0.0,0.0,0.0
2019-07-01,144.4215341891053,144.87073660182418,142.29472939238707,143.10145568847656,22850500,0.0,0.0,0.0
2019-07-02,143.02809370111933,143.1197582282131,141.4146413566809,142.23052978515625,19024600,0.0,0.0,0.0
2019-07-03,142.64306204039067,143.32143266231094,142.24886123009014,143.2480926513672,9115100,0.0,0.0,0.0
2019-07-05,142.54223687137622,143.68814843993073,141.96469296460768,143.6331329345703,14156700,0.0,0.0,0.0
2019-07-08,143.2022950075355,143.44980185551518,141.99220557580577,142.26722717285156,9735700,0.0,0.0,0.0
2019-07-09,141.67135944796087,142.48724807819974,141.6163579204676,142.45974731445312,12381600,0.0,0.0,0.0
2019-07-10,143.1931408922853,143.52316406210946,141.95556449658102,142.707275390625,17325400,0.0,0.0,0.0
2019-07-11,142.90888858371335,142.9547278330589,141.37795277516102,142.010498046875,14260800,0.0,0.0,0.0
2019-07-12,142.2213975896934,143.62399244310453,141.9830529830586,143.11062622070312,16678000,0.0,0.0,0.0
2019-07-15,143.52312146185088,143.55062221882503,141.9555223616142,142.35887145996094,12194300,0.0,0.0,0.0
2019-07-16,142.21223903851404,143.19313224156107,141.79053735158882,142.31307983398438,15152700,0.0,0.0,0.0
2019-07-17,142.31305649646166,142.40472103028782,140.92878635035515,141.2954864501953,14155100,0.0,0.0,0.0
2019-07-18,141.24963508991317,142.10218652117825,140.92877427855993,141.82717895507812,15705500,0.0,0.0,0.0
2019-07-19,142.03806983587071,142.48725833485352,141.01133728027344,141.01133728027344,17182600,0.0,0.0,0.0
2019-07-22,141.39634529325386,141.8180329767197,140.62628197929914,140.88296508789062,14474600,0.0,0.0,0.0
2019-07-23,141.43298382662616,141.83634692405596,140.75459916384165,141.81800842285156,15493200,0.0,0.0,0.0
2019-07-24,141.44218357465496,144.33905205298697,141.28634124355364,144.1648712158203,23823100,0.0,0.0,0.0
2019-07-25,144.09150524446508,144.14652075275876,142.1755443568522,142.42306518554688,17902500,0.0,0.0,0.0
2019-07-26,142.6247509825934,144.31152959431697,142.55141095753854,144.10984802246094,14260300,0.0,0.0,0.0
2019-07-29,144.1006995193571,144.2565418419066,142.64310310123466,143.1472930908203,13192200,0.0,0.0,0.0
2019-07-30,142.14801216261603,144.69651794433594,141.8271653701724,144.69651794433594,1200,0.0,0.0,0.0
2019-07-31,144.64154315307144,145.97079779740926,142.5972407969332,143.52313232421875,40445900,0.0,0.0,0.0
2019-08-01,143.81647787312156,144.9990523575511,140.80043104512345,141.442138671875,38070200,0.0,0.0,0.0
2019-08-02,140.58041229729685,140.9470983399842,138.6827763565414,139.87452697753906,30148300,0.0,0.0,0.0
2019-08-05,137.30772628432857,137.43606783881174,134.03500965091783,135.6759490966797,39221500,0.0,0.0,0.0
2019-08-06,136.5009973104975,137.2343836025903,135.10757874251925,136.92269897460938,24283300,0.0,0.0,0.0
2019-08-07,135.6026026323838,137.2435559884566,134.47502945806215,136.8860321044922,23952100,0.0,0.0,0.0
2019-08-08,137.6468929911949,139.9203916307449,137.5002269404001,139.83787536621094,19415600,0.0,0.0,0.0
2019-08-09,139.42539816417644,139.48039970074842,137.53693747156078,138.0778045654297,19313200,0.0,0.0,0.0
2019-08-12,137.33524748741837,137.619431401201,135.97849171120657,136.29017639160156,15963000,0.0,0.0,0.0
2019-08-13,135.9876475804035,139.15036148584525,135.37344050795275,137.75694274902344,21912600,0.0,0.0,0.0
2019-08-14,135.6301190971737,135.65761986157202,133.5858163438717,133.90667724609375,28235800,0.0,0.0,0.0
2019-08-15,134.410879601143,134.4567188754121,132.73326287780884,133.37498474121094,24202400,0.0,0.0,0.0
2019-08-16,133.97080303030748,136.51014679880936,133.94330227371026,136.2534637451172,22783400,0.0,0.0,0.0
2019-08-19,137.80275135703044,138.3252797700212,137.46355201325815,137.62857055664062,17023400,0.0,0.0,0.0
2019-08-20,137.43604902131773,137.51855129757934,136.5834975235909,136.73016357421875,13324100,0.0,0.0,0.0
2019-08-21,138.07776364945389,138.10526440959072,137.3168766465841,137.85775756835938,13446100,0.0,0.0,0.0
2019-08-22,138.123617268272,138.49947968011253,136.72102240279943,137.5369110107422,12979100,0.0,0.0,0.0
2019-08-23,136.79437411006273,137.61026278764842,132.86159680790044,133.31996154785156,36974600,0.0,0.0,0.0
2019-08-26,134.57585358176695,134.80503588896062,133.57662207956517,134.7866973876953,19167100,0.0,0.0,0.0
2019-08-27,135.63929824814554,135.69429977811976,132.6324127237997,132.78826904296875,24546200,0.0,0.0,0.0
2019-08-28,132.52237395551387,135.11671932963998,132.23819013509976,134.33749389648438,20115500,0.0,0.0,0.0
2019-08-29,135.8134304842587,136.85850125197197,135.63926367978814,136.69349670410156,18786300,0.0,0.0,0.0
2019-08-30,137.4085370704479,137.48187708387738,135.71258248181215,136.4459686279297,18727100,0.0,0.0,0.0
2019-09-03,135.17175037122075,135.96931447970394,133.8424955079899,134.44754028320312,20688000,0.0,0.0,0.0
2019-09-04,135.68513922401183,136.00600017021353,134.92425199894245,135.529296875,13107500,0.0,0.0,0.0
2019-09-05,137.37187653523637,139.26033645352655,136.93183644672362,138.0502471923828,25666700,0.0,0.0,0.0
2019-09-06,138.1511108904247,138.6369763291319,137.35356082842983,137.417724609375,14645900,0.0,0.0,0.0
2019-09-09,138.03194673004018,139.5628830857698,137.56440580305488,139.26036071777344,25780100,0.0,0.0,0.0
2019-09-10,139.04950332830697,141.13048290294026,138.32529328496744,141.038818359375,29576200,0.0,0.0,0.0
2019-09-11,141.65301369242283,144.07317845652972,140.77294741993902,143.92649841308594,42970500,0.0,0.0,0.0
2019-09-12,144.09153737239114,144.75158373729403,142.61561629296858,143.96319580078125,38648300,0.0,0.0,0.0
2019-09-13,144.7057044247351,145.68659735834288,144.04565830626876,144.21066284179688,31042800,0.0,0.0,0.0
2019-09-16,143.89898966037,145.5307665855506,143.65146884932992,144.7515411376953,23242600,0.0,0.0,0.0
2019-09-17,144.2565378657586,144.44905719311967,143.4223107608279,144.37571716308594,22986700,0.0,0.0,0.0
2019-09-18,144.36650234422,144.38484084387375,142.157195728036,143.4864501953125,19735700,0.0,0.0,0.0
2019-09-19,143.74315544029335,144.67822323259256,142.57890532554094,142.7897491455078,21531600,0.0,0.0,0.0
2019-09-20,142.679717142554,143.605608501562,141.58880727102593,142.48719787597656,22707200,0.0,0.0,0.0
2019-09-23,141.96468717419606,142.96391866405645,141.6896656113248,142.37721252441406,14944600,0.0,0.0,0.0
2019-09-24,142.730510893543,142.85930357930124,139.6854727937692,140.22824096679688,27576700,0.0,0.0,0.0
2019-09-25,140.09022304158617,142.0037239791694,139.64865022132753,141.76454162597656,21917500,0.0,0.0,0.0
2019-09-26,141.59893965720232,141.59893965720232,139.78663399651245,140.18222045898438,20641600,0.0,0.0,0.0
2019-09-27,140.58699838435513,140.954973378359,138.45270411456326,139.05987548828125,20181900,0.0,0.0,0.0
2019-09-30,139.2531223378869,140.0718790128238,138.71954852179786,139.22552490234375,16905400,0.0,0.0,0.0
2019-10-01,139.933849404759,141.07459453160956,136.19884786200518,136.49322509765625,34093500,0.0,0.0,0.0
2019-10-02,135.81246147201048,135.81246147201048,134.18414318231245,135.46287536621094,24894600,0.0,0.0,0.0
2019-10-03,134.9476985531194,136.09763801991286,133.32857479997216,135.9136505126953,25362800,0.0,0.0,0.0
2019-10-04,136.14369053904807,137.30282491199392,135.34332281828205,137.20162963867188,18640400,0.0,0.0,0.0
2019-10-07,136.87044731198156,138.05719316510968,136.26327566793242,136.9624481201172,15762800,0.0,0.0,0.0
2019-10-08,135.6192908749156,136.08846123325415,134.41415627885658,134.73614501953125,18110600,0.0,0.0,0.0
2019-10-09,135.729616897371,135.86761802318694,134.90166629185015,135.35244750976562,10929500,0.0,0.0,0.0
2019-10-10,135.54564710147508,136.61279418257124,135.32486773114175,135.89523315429688,16349000,0.0,0.0,0.0
2019-10-11,137.799527695093,139.795834783929,135.86763798591485,138.1951141357422,29236300,0.0,0.0,0.0
2019-10-14,137.90995665975746,138.1307360741588,137.16479806145634,137.6891632080078,10692600,0.0,0.0,0.0
2019-10-15,138.14914220159582,139.95225367214064,137.79955607099,139.271484375,16801200,0.0,0.0,0.0
2019-10-16,139.10590569738525,140.08105227418702,139.0415023390855,139.41868591308594,13119100,0.0,0.0,0.0
2019-10-17,140.09949247968805,141.22183511138,139.8787129700794,141.06544494628906,13175800,0.0,0.0,0.0
2019-10-18,140.68817600839404,141.21255510076588,139.32665172028976,140.393798828125,14490200,0.0,0.0,0.0
2019-10-21,141.82891825293413,142.5740767071554,141.58973592113026,141.70932006835938,17450300,0.0,0.0,0.0
2019-10-22,141.85652941542864,142.63849386557794,141.4333595537584,141.86573791503906,12471800,0.0,0.0,0.0
2019-10-23,141.98530198570623,142.36248544534814,141.25854652400022,142.04049682617188,8728000,0.0,0.0,0.0
2019-10-24,142.54651678213224,142.64771203323482,141.1849921614922,141.83815002441406,9091400,0.0,0.0,0.0
2019-10-25,141.58978520175145,143.08010262890207,141.58057669982793,142.592529296875,10531500,0.0,0.0,0.0
2019-10-28,143.19966549716327,144.413994276435,142.60168855115663,143.82522583007812,15392400,0.0,0.0,0.0
2019-10-29,143.52164829976232,144.74518564836666,143.38366117062748,144.29441833496094,11978300,0.0,0.0,0.0
2019-10-30,144.23916401699427,144.25756697419874,142.85004255094003,143.8159942626953,14451500,0.0,0.0,0.0
2019-10-31,143.60450796393098,143.60450796393098,141.8933967402388,143.00653076171875,17344200,0.0,0.0,0.0
2019-11-01,143.88039208255842,145.52711293502182,143.55841751779025,145.44432067871094,18421600,0.0,0.0,0.0
2019-11-04,146.64023260457185,146.9162208039216,145.78468462766494,146.22625732421875,16182000,0.0,0.0,0.0
2019-11-05,146.6402203512951,147.61538044582534,146.2446480605775,146.4102325439453,13760200,0.0,0.0,0.0
2019-11-06,146.26313717384878,146.26313717384878,145.17758678428223,145.56396484375,16025500,0.0,0.0,0.0
2019-11-07,146.95312139746187,147.34869397609688,145.50879017812497,145.9503631591797,13448900,0.0,0.0,0.0
2019-11-08,145.60993740542537,146.52069453836958,145.30635169444398,146.3459014892578,11967400,0.0,0.0,0.0
2019-11-11,145.37995206276253,146.18030547292864,145.2419649359572,146.06991577148438,10508700,0.0,0.0,0.0
2019-11-12,146.2078924939272,147.08185769266032,145.80312560498615,146.11590576171875,14316900,0.0,0.0,0.0
2019-11-13,145.11317169563725,145.8123298642542,144.60719550378076,145.49034118652344,14514400,0.0,0.0,0.0
2019-11-14,145.2879165892203,146.1894790601973,145.15912395584417,145.44432067871094,13054000,0.0,0.0,0.0
2019-11-15,146.48388268825107,146.53907753577005,145.67433486239486,146.19869995117188,13119200,0.0,0.0,0.0
2019-11-18,146.01472176885463,146.03312473165144,145.29716063060394,145.8307342529297,10759500,0.0,0.0,0.0
2019-11-19,146.3734588623047,146.9162267861427,145.6374949798523,146.3734588623047,15203700,0.0,0.0,0.0
2019-11-20,145.85833913059906,146.8242911852418,144.6715936231571,145.821533203125,21314300,0.0,0.0,0.0
2019-11-21,146.10673138019027,146.17112069785102,144.6439975523721,145.10397338867188,15388300,0.0,0.0,0.0
2019-11-22,145.6375560806532,145.84914104802323,144.75441028107008,145.5547637939453,13482400,0.0,0.0,0.0
2019-11-25,146.2999180813566,148.87578565504765,146.1711254045395,148.6457977294922,24753000,0.0,0.0,0.0
2019-11-26,148.80215834619605,149.5289138704963,148.37897447060297,148.74696350097656,15496700,0.0,0.0,0.0
2019-11-27,149.3817703676099,149.88773260263716,149.10578203382698,149.79574584960938,13202500,0.0,0.0,0.0
2019-11-29,149.4093250334151,149.75889705462603,148.72855587657983,148.820556640625,9988200,0.0,0.0,0.0
2019-12-02,149.17017835067224,149.22538724989698,147.10949530816288,147.36708068847656,17190900,0.0,0.0,0.0
2019-12-03,146.1067128040216,146.9714554749481,145.44434656097602,146.89785766601562,14884400,0.0,0.0,0.0
2019-12-04,147.65223522565222,148.31460151600746,147.46824770885306,147.90982055664062,10833200,0.0,0.0,0.0
2019-12-05,148.54454942339697,148.71013393272568,147.6061950918357,148.05697631835938,11470700,0.0,0.0,0.0
2019-12-06,149.57491532424282,150.3292823138969,149.49212305582117,149.78651428222656,16486200,0.0,0.0,0.0
2019-12-09,149.72213623054094,150.09931978908693,149.3909530635601,149.5013427734375,13476700,0.0,0.0,0.0
2019-12-10,149.40935049060192,149.91532670436982,148.97697209314103,149.5933380126953,13704400,0.0,0.0,0.0
2019-12-11,149.8417240193343,150.02571153544946,148.9861617152446,149.54733276367188,19612200,0.0,0.0,0.0
2019-12-12,149.72210338713276,151.88399498031836,149.26212764708012,150.8352508544922,24857000,0.0,0.0,0.0
2019-12-13,150.6236971334906,151.61724671480923,149.53816079894884,150.25572204589844,23279600,0.0,0.0,0.0
2019-12-16,151.48095031579388,152.21038617415795,151.1854931483787,151.31475830078125,20115300,0.0,0.0,0.0
2019-12-17,151.55482352724886,152.07188415527344,151.14855757984512,152.07188415527344,12980000,0.0,0.0,0.0
2019-12-18,152.40426694809946,152.60739990135812,151.72101436790575,152.36734008789062,15379300,0.0,0.0,0.0
2019-12-19,152.6073941000301,153.02288818359375,152.2380691566054,153.02288818359375,11919800,0.0,0.0,0.0
2019-12-20,153.41071412568263,153.65078806663644,153.0136904369456,153.24452209472656,25449500,0.0,0.0,0.0
2019-12-23,153.49376649554426,153.60456114117449,152.6812348573465,153.54916381835938,13372100,0.0,0.0,0.0
2019-12-24,153.68772425605462,153.9185559278387,153.30915693300545,153.90008544921875,4334500,0.0,0.0,0.0
2019-12-26,154.03859290559748,154.17708627312905,153.6046282355357,153.90008544921875,9371200,0.0,0.0,0.0
2019-12-27,154.30634610829148,154.30634610829148,152.74592180679107,153.14295959472656,12261800,0.0,0.0,0.0
2019-12-30,153.2537476438117,153.4661229092738,151.95186782392145,152.75515747070312,14912700,0.0,0.0,0.0
2019-12-31,152.42275473286358,153.59538344369383,152.08112840396916,152.96751403808594,17362400,0.0,0.0,0.0
2020-01-02,153.95549158510389,153.96471977967258,151.6379326633126,153.069091796875,18297500,0.0,0.0,0.0
2020-01-03,151.18550963492896,152.72746343846623,151.14856867944562,152.46893310546875,19295600,0.0,0.0,0.0
2020-01-06,151.28708333345602,152.84749360019444,151.00084022579202,152.6720733642578,17150900,0.0,0.0,0.0
2020-01-07,152.21036896877902,152.6627899066253,151.6194406119004,152.16419982910156,11817900,0.0,0.0,0.0
2020-01-08,152.18266513708093,153.29988219959847,152.09032686086036,152.6350860595703,13832400,0.0,0.0,0.0
2020-01-09,153.38299290934862,153.68769234349574,152.58893155974084,152.81976318359375,11895400,0.0,0.0,0.0
2020-01-10,152.8566827184665,152.98594784616074,151.61018648875293,152.24728393554688,15353000,0.0,0.0,0.0
2020-01-13,152.29343277942257,153.30908319345028,151.49014345641623,153.2352294921875,17271100,0.0,0.0,0.0
2020-01-14,152.47811316365798,154.74025990766546,152.33037756605663,153.79847717285156,18323000,0.0,0.0,0.0
2020-01-15,153.41071081736968,155.07270153532085,153.40148262324212,154.53717041015625,15437200,0.0,0.0,0.0
2020-01-16,155.66364110392007,156.84549812344682,155.51590545426748,156.5315704345703,19976200,0.0,0.0,0.0
2020-01-17,157.22401328349923,157.4825435402007,155.7374572630447,156.10679626464844,18306400,0.0,0.0,0.0
2020-01-21,155.4512454694415,156.03294565553077,154.44482299576632,154.81414794921875,17935100,0.0,0.0,0.0
2020-01-22,155.29428565025552,155.6913092809767,154.36171687223222,154.71258544921875,14916300,0.0,0.0,0.0
2020-01-23,154.28785189364385,155.0911413782993,152.76435483276236,154.6110076904297,15954300,0.0,0.0,0.0
2020-01-24,155.1280645348133,155.1280645348133,151.63789184420932,152.70895385742188,20491400,0.0,0.0,0.0
2020-01-27,150.36372921879922,151.877984146044,149.96669148952478,150.97311401367188,18539000,0.0,0.0,0.0
2020-01-28,151.88720976184925,152.7181979791119,150.95465506569053,152.2288360595703,16690400,0.0,0.0,0.0
2020-01-29,152.44122061050484,152.86594293812576,151.33321746801766,151.3609161376953,14944400,0.0,0.0,0.0
2020-01-30,150.35449356915316,151.55482091428414,149.51426301867696,151.3609161376953,21889700,0.0,0.0,0.0
2020-01-31,150.79772329192758,151.35171085819772,147.759970561484,148.2216339111328,30439000,0.0,0.0,0.0
2020-02-03,149.20956294642613,150.4375747513592,149.10799647133652,149.87435913085938,17373200,0.0,0.0,0.0
2020-02-04,151.71178397142427,152.63511052626353,151.57329062373643,152.1365203857422,15994200,0.0,0.0,0.0
2020-02-05,153.7154030054193,154.68489871901855,152.98598121621995,154.4817657470703,17807000,0.0,0.0,0.0
2020-02-06,155.0173049012739,155.25736474930153,153.97394131740532,154.1309051513672,14768900,0.0,0.0,0.0
2020-02-07,153.53994719719248,153.60458681050625,151.79486079268457,152.23806762695312,18029600,0.0,0.0,0.0
2020-02-10,151.94258277849676,153.17060852174353,151.85025859626924,153.09674072265625,11428800,0.0,0.0,0.0
2020-02-11,154.00165243559843,155.08195706115126,153.5215327007385,154.15863037109375,15005600,0.0,0.0,0.0
2020-02-12,155.13737820963354,155.38666631022505,154.45411128217867,155.22047424316406,12123000,0.0,0.0,0.0
2020-02-13,154.39865257789648,155.99600341719594,154.29708610321018,155.62667846679688,12649300,0.0,0.0,0.0
2020-02-14,155.76521448502538,155.8390823131158,154.5094895851834,155.02655029296875,16006200,0.0,0.0,0.0
2020-02-18,154.65719545194443,155.17425606013575,153.66922929148646,154.69412231445312,13412100,0.0,0.0,0.0
2020-02-19,155.27585900565006,156.17148708688424,154.684930444832,155.48822021484375,11084600,0.0,0.0,0.0
2020-02-20,155.0265296711,156.14376105018636,153.81697408581744,155.86676025390625,20383800,0.0,0.0,0.0
2020-02-21,155.2573539219699,155.7005608104379,153.5769069252751,154.28787231445312,18729900,0.0,0.0,0.0
2020-02-24,149.44966513382795,154.2509613137442,148.74794189076678,149.64356994628906,28239500,0.0,0.0,0.0
2020-02-25,150.0590603618859,150.2806497546967,144.00203941836844,144.3251953125,45047000,0.0,0.0,0.0
2020-02-26,145.00841583259717,146.33800812018583,142.3954003957917,142.6539306640625,39465000,0.0,0.0,0.0
2020-02-27,139.7454989900935,143.1248639395084,137.40948361117532,137.63107299804688,50530300,0.0,0.0,0.0
2020-02-28,133.74383245803318,137.6956682574034,132.8759034022088,135.1103515625,72036400,0.0,0.0,0.0
2020-03-02,136.62462017769016,139.6346594262098,134.2424361720292,139.4499969482422,33569300,0.0,0.0,0.0
2020-03-03,139.5054312610892,142.37697793449755,135.09193065022143,136.60618591308594,42941300,0.0,0.0,0.0
2020-03-04,138.75753425360682,140.76115148612956,137.13248434641923,140.49339294433594,36195800,0.0,0.0,0.0
2020-03-05,137.42789048744572,140.78879783629674,134.33475566971913,136.02444458007812,32729400,0.0,0.0,0.0
2020-03-06,131.76792870007887,134.7871961580888,130.17980602086078,133.32833862304688,39688300,0.0,0.0,0.0
2020-03-09,123.84580588865128,125.72938602233788,120.27252223575792,120.36486053466795,56320000,0.0,0.0,0.0
2020-03-10,124.38132423878844,124.4644202459563,118.20426744010314,124.1227798461914,54432700,0.0,0.0,0.0
2020-03-11,120.88191460382372,122.1284111269082,114.64946016609248,116.22834777832033,51354800,0.0,0.0,0.0
2020-03-12,107.81683554295206,110.70685208316296,103.043239085273,103.38487243652344,70114300,0.0,0.0,0.0
2020-03-13,109.2387750329872,110.76226543286066,101.15043855281333,110.3098373413086,57915100,0.0,0.0,0.0
2020-03-16,100.29173510871274,102.7662506113964,93.65301478049766,95.67510223388672,59095700,0.0,0.0,0.0
2020-03-17,96.91235100259564,102.02758078502151,92.89588203668514,100.06089782714844,59344800,0.0,0.0,0.0
2020-03-18,95.14882553130953,98.59283040469016,88.87020073923543,92.3049774169922,62296700,0.0,0.0,0.0
2020-03-19,92.01872570493644,98.61127659021469,88.35311824003288,95.90592956542967,62654700,0.0,0.0,0.0
2020-03-20,97.98341521226854,100.42099672057084,92.74814836327104,93.62531280517578,76203700,0.0,0.0,0.0
2020-03-23,94.08697907125487,94.34550938424012,88.55625487884929,92.24032592773438,63534700,0.0,0.0,0.0
2020-03-24,97.290913181607,100.94728517633176,92.26801490468964,100.67951965332033,73386700,0.0,0.0,0.0
2020-03-25,101.4766620986204,105.66623241257034,98.26959303215948,101.93083953857422,56043700,0.0,0.0,0.0
2020-03-26,103.38604810630171,109.00303926619355,103.07089958353367,108.27079010009766,51657600,0.0,0.0,0.0
2020-03-27,104.0441766760674,107.53857486581693,102.76506150415554,104.33151245117188,39931500,0.0,0.0,0.0
2020-03-30,104.96180879410646,106.83414459602332,102.70018504147193,106.6302261352539,41552100,0.0,0.0,0.0
2020-03-31,106.22235529805876,107.677582764219,103.77534869345378,106.09259033203124,52948000,0.0,0.0,0.0
2020-04-01,100.753671326244,102.31085810938868,97.81541040089375,98.86280822753906,54224200,0.0,0.0,0.0
2020-04-02,97.99150474506484,102.32010995172116,96.92557229445184,99.7989501953125,43774200,0.0,0.0,0.0
2020-04-03,98.79791971703052,100.10484750946802,95.09960371966244,96.97193908691406,42189200,0.0,0.0,0.0
2020-04-06,101.11516224638012,105.0544734020617,101.05027975727064,104.39637756347656,48708100,0.0,0.0,0.0
2020-04-07,108.33569446750876,109.96703480095708,104.17392985286357,104.6651840209961,57546100,0.0,0.0,0.0
2020-04-08,106.48188752798322,110.52315759860538,105.00812520844124,109.43869018554688,52822300,0.0,0.0,0.0
2020-04-09,113.007257352193,115.50061203345524,112.4603916288154,114.67567443847656,69528600,0.0,0.0,0.0
2020-04-13,113.86925646179589,114.48101166895844,110.41193578311454,111.570556640625,40198200,0.0,0.0,0.0
2020-04-14,114.8424972421136,115.7508520060454,112.43256734771094,113.8321762084961,35089700,0.0,0.0,0.0
2020-04-15,109.24404232351938,110.40266316347554,108.1317691458256,109.1884307861328,34809900,0.0,0.0,0.0
2020-04-16,109.45724158570772,109.76311923212684,106.1852969573313,108.36351013183594,49501300,0.0,0.0,0.0
2020-04-17,112.98870887261234,113.74876388191812,111.28321527145026,113.1370086669922,46250200,0.0,0.0,0.0
2020-04-20,110.84757468466152,113.9156076181645,110.33778573471972,111.80228424072266,36700500,0.0,0.0,0.0
2020-04-21,108.83620584696,110.5231575120613,107.964927781464,109.1328125,31608900,0.0,0.0,0.0
2020-04-22,111.52421513277456,112.1452342494762,110.08752236150512,110.45828247070312,24333800,0.0,0.0,0.0
2020-04-23,111.32955759802633,113.91560010943547,110.93099175422506,111.54273986816406,38571200,0.0,0.0,0.0
2020-04-24,112.64575975305785,114.3049057673224,111.3110261836694,113.46143341064452,27147500,0.0,0.0,0.0
2020-04-27,114.88886056962444,119.05063247572924,114.80544324836372,117.95689392089844,39021300,0.0,0.0,0.0
2020-04-28,121.53470358996644,121.84985925011334,117.97542328115472,119.67164611816406,47292700,0.0,0.0,0.0
2020-04-29,123.7314689941314,126.845843061344,122.23916445893946,125.55745697021484,50390500,0.0,0.0,0.0
2020-04-30,122.2576750898285,123.22165562553262,120.6263419091348,120.7839126586914,43727500,0.0,0.0,0.0
2020-05-01,117.8549161430143,118.142251855434,114.277094335813,115.99185180664062,43352000,0.0,0.0,0.0
2020-05-04,114.56442388701782,116.69628899879764,113.3131148308254,116.49237060546876,28498200,0.0,0.0,0.0
2020-05-05,118.70767058930268,120.4224210478786,116.88167583439194,117.39147186279295,31209400,0.0,0.0,0.0
2020-05-06,118.17005344288587,118.82814922422072,115.86208273487212,116.52944946289062,29836800,0.0,0.0,0.0
2020-05-07,118.0773705978384,119.1062265053686,117.29878076060508,118.12371826171876,27493000,0.0,0.0,0.0
2020-05-08,120.64488904282388,123.04554832382156,119.74579802906726,122.6840591430664,32122900,0.0,0.0,0.0
2020-05-11,120.87659803289633,123.23090934976148,119.87554793289452,122.0722885131836,33983200,0.0,0.0,0.0
2020-05-12,122.59134145536623,122.61914722240668,117.56756348914008,117.68806457519533,44275300,0.0,0.0,0.0
2020-05-13,116.46457164914986,116.863137512605,111.6076349262268,113.74876403808594,58719300,0.0,0.0,0.0
2020-05-14,111.19979613053152,114.2585509397726,108.61375353776792,114.11952209472656,55904300,0.0,0.0,0.0
2020-05-15,113.09066855844992,116.35334183701772,112.58087254383278,115.93624114990234,40236600,0.0,0.0,0.0
2020-05-18,121.84058795032482,123.638770099991,121.26591642991238,122.9806671142578,46981100,0.0,0.0,0.0
2020-05-19,122.55430087903768,123.69438002803976,120.5522003173828,120.5522003173828,30270000,0.0,0.0,0.0
2020-05-20,123.0269619976266,125.11247901265672,122.70255672572348,124.2041244506836,35901300,0.0,0.0,0.0
2020-05-21,124.25053831847676,125.1866991414244,122.887998677723,124.42665100097656,32716500,0.0,0.0,0.0
2020-05-22,124.82517248308416,125.17739774250668,123.29579863942882,125.02909088134766,24035200,0.0,0.0,0.0
2020-05-26,129.84895223395,130.11776019084485,125.1217876618758,128.6347198486328,36971000,0.0,0.0,0.0
2020-05-27,131.2208263294316,133.00973090401263,127.29077762087908,132.62969970703125,42682000,0.0,0.0,0.0
2020-05-28,134.15902424306898,134.15902424306898,127.52244093210066,129.48745727539062,42105000,0.0,0.0,0.0
2020-05-29,128.18978126312703,129.09813581974274,126.43794754656662,128.74591064453125,41536400,0.0,0.0,0.0
2020-06-01,129.079653408794,131.31347826654044,128.4771760988303,129.97874450683594,25567500,0.0,0.0,0.0
2020-06-02,130.75735541797076,131.4803338847947,129.35773201570743,131.053955078125,24666200,0.0,0.0,0.0
2020-06-03,133.1672778652026,135.3918389435949,132.6482178565751,134.2146759033203,36111700,0.0,0.0,0.0
2020-06-04,133.32481649616685,134.95616372230413,132.71306128636536,134.01998901367188,28904700,0.0,0.0,0.0
2020-06-05,139.83163683267978,141.1849122387568,138.61740441769987,139.2013397216797,53513400,0.0,0.0,0.0
2020-06-08,141.21271087454045,142.17667717150502,140.54534415228784,141.8986053466797,33834300,0.0,0.0,0.0
2020-06-09,139.83164113136624,140.67512054932652,138.16322419015953,139.27549743652344,39646000,0.0,0.0,0.0
2020-06-10,139.1179914839171,139.2755623040694,135.23429011684613,135.4938201904297,51774500,0.0,0.0,0.0
2020-06-11,129.90454995515617,130.7202234709505,124.91785597507383,125.15884399414062,72041500,0.0,0.0,0.0
2020-06-12,130.07143835402442,130.71099945179702,124.34320839179152,128.1620330810547,63864900,0.0,0.0,0.0
2020-06-15,123.95454543713012,132.12021746289665,123.95454543713012,131.12509155273438,57354800,0.0,0.0,0.0
2020-06-16,136.42627811266027,136.42627811266027,131.1622981489675,134.2779083251953,48957000,0.0,0.0,0.0
2020-06-17,134.4731898989852,134.845210844146,131.4319984975033,131.8505096435547,34811400,0.0,0.0,0.0
2020-06-18,130.5484532670755,133.28274681041137,130.02763815237296,131.8040008544922,26974100,0.0,0.0,0.0
2020-06-19,134.31509145424394,134.39879084842468,130.0555472595467,131.12509155273438,50293800,0.0,0.0,0.0
2020-06-22,130.42754530404366,132.58520972479698,129.11619826100892,132.4364013671875,28983200,0.0,0.0,0.0
2020-06-23,134.22209365069347,134.5383008152533,132.6689292429914,132.99444580078125,20344200,0.0,0.0,0.0
2020-06-24,131.2273980700701,131.6924136348951,126.77254101200342,128.67910766601562,42998700,0.0,0.0,0.0
2020-06-25,128.07461758715067,130.7438028982408,126.75396064241907,130.62289428710938,37191200,0.0,0.0,0.0
2020-06-26,129.72071506412695,130.04623157843446,126.93993156026497,127.10733032226562,39100100,0.0,0.0,0.0
2020-06-29,129.00467865096533,132.0551809076021,127.50732733301248,131.2646484375,33935200,0.0,0.0,0.0
2020-06-30,130.82744697262345,133.57103533076105,130.7530427965642,133.1618194580078,32865900,0.0,0.0,0.0
2020-07-01,133.5989783262358,134.39880573858989,131.35761388389767,131.89703369140625,26457500,0.0,0.0,0.0
2020-07-02,134.44527162147742,135.11489503957404,131.96209069234658,132.4364013671875,24022400,0.0,0.0,0.0
2020-07-06,135.1521668512774,135.5055691254267,132.92937823124964,133.39439392089844,19858200,0.0,0.0,0.0
2020-07-07,132.23183858115786,133.40368705859268,130.65078826727137,131.0321044921875,22661000,0.0,0.0,0.0
2020-07-08,130.91117710008797,132.52943637942934,129.36733620543234,132.0086212158203,27358900,0.0,0.0,0.0
2020-07-09,132.0830206667917,132.3899326324304,127.63747314841626,129.3394317626953,34647800,0.0,0.0,0.0
2020-07-10,129.4045180661963,131.5993918836328,128.77210377207518,131.4226837158203,24008200,0.0,0.0,0.0
2020-07-13,132.80843524377556,134.51968895012848,129.63702599404223,129.7579345703125,34235500,0.0,0.0,0.0
2020-07-14,129.67424290780073,132.0458252969513,128.9395245067195,131.9063262939453,28114000,0.0,0.0,0.0
2020-07-15,135.24514180523224,137.4400161088106,134.6592175803194,136.74249267578125,40770100,0.0,0.0,0.0
2020-07-16,135.88687572306836,136.40769098781388,134.74294118149143,135.93338012695312,30530800,0.0,0.0,0.0
2020-07-17,136.41695134404537,137.26328302863493,135.32881668863652,136.333251953125,20644100,0.0,0.0,0.0
2020-07-20,135.89612388522607,136.57505672638896,134.9939926885218,135.74732971191406,19663300,0.0,0.0,0.0
2020-07-21,137.15170067351855,138.7234556546172,136.9005882787901,137.67251586914062,24503800,0.0,0.0,0.0
2020-07-22,136.7982668000692,138.26771759489216,136.7424672064041,137.7469024658203,24424800,0.0,0.0,0.0
2020-07-23,137.62602121675724,139.69069173928014,136.4355823449973,137.8864288330078,21704900,0.0,0.0,0.0
2020-07-24,136.9842620772269,137.33767840440868,135.37531239336536,135.8589324951172,20015500,0.0,0.0,0.0
2020-07-27,135.96126610144557,137.35631292917856,135.21723828842454,137.27261352539062,13370700,0.0,0.0,0.0
2020-07-28,136.77968809488905,137.681805254879,135.84034755069212,135.90545654296875,13268000,0.0,0.0,0.0
2020-07-29,136.71456778549464,138.99314107702327,136.69596319050578,138.900146484375,19864400,0.0,0.0,0.0
2020-07-30,136.84479438082892,138.68625223956167,136.0914713563996,138.3514404296875,23618900,0.0,0.0,0.0
2020-07-31,137.77483121135003,138.03523883060177,134.54762158224727,137.04940795898438,29881500,0.0,0.0,0.0
2020-08-03,137.91427133382018,139.47673057329314,136.9191456832851,139.2814178466797,20777100,0.0,0.0,0.0
2020-08-04,138.93737228547036,140.36961421188266,138.61185566116475,140.23941040039062,20285000,0.0,0.0,0.0
2020-08-05,141.63443329773995,143.12248876911016,141.1601225344257,143.02947998046875,18190200,0.0,0.0,0.0
2020-08-06,143.03878757832854,143.63400692117455,142.21106045794662,142.9736785888672,18237700,0.0,0.0,0.0
2020-08-07,142.7132947808535,145.31738516117187,142.43428256311387,145.24298095703125,20475200,0.0,0.0,0.0
2020-08-10,145.68933807180412,147.71681285861263,145.68933807180412,146.74957275390625,24000500,0.0,0.0,0.0
2020-08-11,148.12604816078655,148.6375680725578,145.2336510500227,145.9032745361328,30359400,0.0,0.0,0.0
2020-08-12,147.56803474030363,147.77264272009992,145.54057372923862,146.49850463867188,23378300,0.0,0.0,0.0
2020-08-13,146.0056012150125,147.43784299946606,145.6893798260308,146.1916046142578,15799900,0.0,0.0,0.0
2020-08-14,145.34529445045052,146.72173683901465,144.96397820102305,146.09861755371094,13360900,0.0,0.0,0.0
2020-08-17,146.47990666723103,146.97282204326373,145.77308809942826,146.85191345214844,9744200,0.0,0.0,0.0
2020-08-18,146.80539171972535,146.80539171972535,144.81512604642987,145.44754028320312,14670400,0.0,0.0,0.0
2020-08-19,145.9497481471127,146.98208305493785,145.26153433599322,145.4568328857422,14337300,0.0,0.0,0.0
2020-08-20,143.96881142711774,145.54056619456975,143.72699426834183,144.86163330078125,15413000,0.0,0.0,0.0
2020-08-21,144.2943554504493,144.8244801213214,142.85281823909943,143.79214477539062,20685100,0.0,0.0,0.0
2020-08-24,144.95467531750904,145.335991546736,143.53172859980938,145.2987823486328,13707100,0.0,0.0,0.0
2020-08-25,145.83814897582758,145.84745836753194,143.95948250936783,145.4568328857422,16269700,0.0,0.0,0.0
2020-08-26,145.54990675566154,145.80101919451343,144.32225855785433,144.54547119140625,13772700,0.0,0.0,0.0
2020-08-27,145.19645206251403,146.01488397884964,143.8107147937122,144.8988494873047,17508400,0.0,0.0,0.0
2020-08-28,145.6428589457942,146.20086902600784,144.833722333207,146.12646484375,12371400,0.0,0.0,0.0
2020-08-31,146.19161259665077,146.359011407767,144.43385412417803,144.55474853515625,17051500,0.0,0.0,0.0
2020-09-01,144.35940782747542,146.3031691425555,143.64328000939202,146.21017456054688,15638800,0.0,0.0,0.0
2020-09-02,146.9077413366715,147.85636298656917,145.25227266885574,147.3727569580078,16763400,0.0,0.0,0.0
2020-09-03,147.0565034246987,147.21460699847614,142.25755404614665,143.02017211914062,32117600,0.0,0.0,0.0
2020-09-04,144.81514319123482,144.98254197097117,138.844331273312,142.10874938964844,30618800,0.0,0.0,0.0
2020-09-08,140.60209965663717,141.8111429658876,138.5746386016001,139.3744659423828,26447800,0.0,0.0,0.0
2020-09-09,140.83462351894414,142.0901713663509,140.03481027799373,141.48565673828125,20160800,0.0,0.0,0.0
2020-09-10,142.13668684749274,143.113222561479,139.56049614459508,139.64419555664062,23005500,0.0,0.0,0.0
2020-09-11,140.3603009725218,140.48120956449668,137.34699490513074,138.71414184570312,20851000,0.0,0.0,0.0
2020-09-14,140.0533884540368,142.69467353266958,139.84878046431106,142.36917114257812,21991300,0.0,0.0,0.0
2020-09-15,143.57822612462,143.87582873943543,142.164574678583,142.63888549804688,16175500,0.0,0.0,0.0
2020-09-16,143.32708322076303,145.87537336279613,143.07597086805586,143.98741149902344,22178400,0.0,0.0,0.0
2020-09-17,141.9413527553509,143.59680710418817,141.13223017787126,142.93649291992188,20002900,0.0,0.0,0.0
2020-09-18,143.20623812869206,144.42457705276848,140.56495222705956,142.56451416015625,38352800,0.0,0.0,0.0
2020-09-21,139.33727338409955,139.7464751685926,136.0914595692553,137.57020568847656,40652500,0.0,0.0,0.0
2020-09-22,138.24911597578935,138.8536446995194,136.30535440182504,138.63043212890625,19385800,0.0,0.0,0.0
2020-09-23,138.55199028106864,139.5042273568847,134.41624200837757,134.50027465820312,33403400,0.0,0.0,0.0
2020-09-24,134.47225427810363,136.7968631883907,132.6517842858241,134.50027465820312,31723700,0.0,0.0,0.0
2020-09-25,133.91213847838762,137.09563593265415,133.82812006053325,136.6848602294922,20689300,0.0,0.0,0.0
2020-09-28,138.514675185466,140.44718446349913,136.67552921134137,140.05508422851562,17600900,0.0,0.0,0.0
2020-09-29,139.8963445848345,140.29777535620528,138.1692235918418,139.4202117919922,18683800,0.0,0.0,0.0
2020-09-30,139.94301068317728,141.87551948159287,138.6266795942963,139.84031677246094,29073700,0.0,0.0,0.0
2020-10-01,140.79262987102524,142.09030026924725,139.56031664703937,142.07162475585938,25872000,0.0,0.0,0.0
2020-10-02,139.4855940482742,143.3786042719468,139.09349383638337,142.6970977783203,29452000,0.0,0.0,0.0
2020-10-05,144.22815214967935,146.86082889388263,144.21880727332356,146.63677978515625,18553600,0.0,0.0,0.0
2020-10-06,147.97180231810455,150.31507304987147,145.95527465314535,146.2166748046875,36348000,0.0,0.0,0.0
2020-10-07,148.0558328613078,149.89497894999025,147.93447765295585,149.40951538085938,27049700,0.0,0.0,0.0
2020-10-08,150.97792723583447,151.50072756984034,149.91365105725376,151.10862731933594,37278600,0.0,0.0,0.0
2020-10-09,152.4996705721291,152.8357585576391,151.06195531652008,151.89283752441406,25038100,0.0,0.0,0.0
2020-10-12,152.5463215580859,153.33053626999586,151.79947211091846,152.91041564941406,20336200,0.0,0.0,0.0
2020-10-13,151.72480065427985,152.37830111353776,150.75387347603245,151.89283752441406,20106500,0.0,0.0,0.0
2020-10-14,152.18225035077285,153.02247747304335,150.24975503551093,150.38978576660156,19024900,0.0,0.0,0.0
2020-10-15,148.70934943804596,152.34096035480889,148.26123684225246,151.9395294189453,22865100,0.0,0.0,0.0
2020-10-16,152.3689158138811,152.82635884862097,151.52868902893894,151.5660400390625,17637900,0.0,0.0,0.0
2020-10-19,152.0608314457531,153.13443792177677,149.40013470745268,149.75489807128906,18360600,0.0,0.0,0.0
2020-10-20,150.82855931977164,151.65944151687904,149.68959528617614,150.08169555664062,18927700,0.0,0.0,0.0
2020-10-21,150.1843385658977,150.65112647888446,148.709287051431,148.79331970214844,17504100,0.0,0.0,0.0
2020-10-22,149.5028658161699,151.41669953877388,148.60662655381867,151.36068725585938,20673900,0.0,0.0,0.0
2020-10-23,152.23828125,152.48100593925844,150.53916568946292,152.23828125,20889800,0.0,0.0,0.0
2020-10-26,150.23106686388343,150.65117326699772,146.9262136814444,148.9520721435547,26509900,0.0,0.0,0.0
2020-10-27,148.85866471364795,149.42814654537804,147.44897032471985,147.6730194091797,20523000,0.0,0.0,0.0
2020-10-28,144.38690528247892,145.11509361301094,142.87450208078374,143.12657165527344,32338700,0.0,0.0,0.0
2020-10-29,142.62242071963354,145.44181020468196,141.5954813408143,144.83499145507812,27203200,0.0,0.0,0.0
2020-10-30,144.0694512838203,144.96567624238767,141.33406626984788,142.921142578125,31764500,0.0,0.0,0.0
2020-11-02,144.4895453172446,145.5351457615986,143.46260613422717,145.4698028564453,25252100,0.0,0.0,0.0
2020-11-03,147.90645250057457,150.52046839101138,147.56103390715376,149.5962371826172,30257400,0.0,0.0,0.0
2020-11-04,147.2716356495615,151.56609157896062,147.2342988719781,149.7642822265625,45226300,0.0,0.0,0.0
2020-11-05,151.2486601676705,154.5815337118028,151.15531110399104,153.95603942871094,31911000,0.0,0.0,0.0
2020-11-06,154.61886108733128,154.70289375834673,152.45297205542684,152.751708984375,24930400,0.0,0.0,0.0
2020-11-09,165.1962838025311,166.2699048370973,158.08243866174251,158.28782653808594,55052700,0.0,0.0,0.0
2020-11-10,159.8282277489859,161.8167494288054,158.47454523374,161.2285919189453,35492200,0.0,0.0,0.0
2020-11-11,161.82605422388394,161.9567542890691,159.51078982121584,161.16322326660156,23972600,0.0,0.0,0.0
2020-11-12,160.01493105710324,161.1725705003048,157.15819059147054,158.6892547607422,33986800,0.0,0.0,0.0
2020-11-13,159.96822054114097,162.5635601500699,159.9308695314554,161.97540283203125,25440400,0.0,0.0,0.0
2020-11-16,164.76686993385647,165.9711769732147,163.7492610416437,165.83114624023438,31812300,0.0,0.0,0.0
2020-11-17,164.34673603205312,166.92341527368308,162.7036471677932,166.6060028076172,26154500,0.0,0.0,0.0
2020-11-18,167.05410160618155,167.78228978965956,164.178685646574,164.2720489501953,24377800,0.0,0.0,0.0
2020-11-19,163.98265449208242,165.79379460661266,163.44119282971576,165.5323944091797,20187600,0.0,0.0,0.0
2020-11-20,164.93489267825947,166.12053834843698,164.1506921502919,165.7097625732422,24898800,0.0,0.0,0.0
2020-11-23,167.34348307457583,169.90148621471275,166.8580196092075,168.8092041015625,24816000,0.0,0.0,0.0
2020-11-24,171.20848295820275,173.12231639360954,170.2469009251632,171.9833526611328,34945400,0.0,0.0,0.0
2020-11-25,171.31119947266208,172.06739376875268,169.8081415123839,171.3952178955078,21082700,0.0,0.0,0.0
2020-11-27,171.5165943469295,172.23545189955075,171.04980631838797,172.1234130859375,10384400,0.0,0.0,0.0
2020-11-30,171.6099724552867,172.0767605240974,168.34245597361172,168.99595642089844,25481600,0.0,0.0,0.0
2020-12-01,171.40460399731427,171.9834167097816,168.99597557975886,170.5643768310547,30265000,0.0,0.0,0.0
2020-12-02,169.8641355758439,171.29250559198238,168.75317795323883,170.74169921875,20142800,0.0,0.0,0.0
2020-12-03,171.16183227852883,172.87960881867187,170.7884075507552,171.70330810546875,19603600,0.0,0.0,0.0
2020-12-04,172.73024020396846,175.93239913329742,171.7033008779576,175.69900512695312,24415700,0.0,0.0,0.0
2020-12-07,175.72698997812594,176.39916577458018,174.98947127533646,175.86703491210938,14671500,0.0,0.0,0.0
2020-12-08,174.69073003784428,178.2943338330803,174.65339326714383,178.1262969970703,20165600,0.0,0.0,0.0
2020-12-09,179.26526240041557,180.00278115149433,175.41891970325628,176.82862854003906,29507600,0.0,0.0,0.0
2020-12-10,175.28822413014584,178.91983418994482,174.86811778039578,178.53707885742188,21245300,0.0,0.0,0.0
2020-12-11,177.3701091005345,178.98519158942946,175.79236338367795,177.65951538085938,30865000,0.0,0.0,0.0
2020-12-14,179.76850291949285,180.8548197114052,177.82060334582872,177.86741638183594,32237700,0.0,0.0,0.0
2020-12-15,179.58123283984347,182.5218094859766,178.6166497364419,182.31578063964844,26807000,0.0,0.0,0.0
2020-12-16,182.73720406253463,182.8121249386736,180.70502352498977,181.6602325439453,25494600,0.0,0.0,0.0
2020-12-17,182.36261065610705,183.90782702628124,181.73516435659275,183.8235321044922,23834200,0.0,0.0,0.0
2020-12-18,184.12316808425507,185.2656862121488,182.4281246801633,182.933822631836,37033400,0.0,0.0,0.0
2020-12-21,179.712279265838,183.3458620862155,179.31895550018243,182.8401641845703,30873000,0.0,0.0,0.0
2020-12-22,183.5425641395684,185.16268681359972,182.9806647791314,184.9192047119141,21919700,0.0,0.0,0.0
2020-12-23,185.9586707349912,186.97006651472867,185.3312103844829,186.49246215820312,18392000,0.0,0.0,0.0
2020-12-24,187.23235728416253,187.24173132548944,185.4811263196885,186.37078857421875,8904900,0.0,0.0,0.0
2020-12-28,188.38421879709023,188.402938297272,185.5466569428324,185.67776489257807,27168400,0.0,0.0,0.0
2020-12-29,186.024245752663,186.36138249358584,181.1545039424276,182.0816192626953,33901300,0.0,0.0,0.0
2020-12-30,182.662226133616,184.93788809055937,182.6434923480085,183.93585205078125,20595700,0.0,0.0,0.0
2020-12-31,184.1325402954229,184.3385691055244,182.25956150518664,183.6081085205078,24747700,0.0,0.0,0.0
2021-01-04,184.9941041322295,185.3218811280852,178.81328285502832,181.210693359375,33664200,0.0,0.0,0.0
2021-01-05,180.826715765508,185.06901115738623,180.80799626806004,184.0107879638672,27442900,0.0,0.0,0.0
2021-01-06,186.81091693205204,193.64729297433092,186.51124772995547,191.54019165039065,52952200,0.0,0.0,0.0
2021-01-07,192.64521894845552,195.27675157813889,192.63584491011264,194.948974609375,24031400,0.0,0.0,0.0
2021-01-08,196.0259459599416,196.4473632844768,191.66190241857635,194.52755737304688,29017000,0.0,0.0,0.0
2021-01-11,192.06461255797043,194.9021743698005,191.821130451996,194.3590087890625,20945100,0.0,0.0,0.0
2021-01-12,195.27677114278532,197.96449111303647,195.24867760432724,197.84274291992188,24892200,0.0,0.0,0.0
2021-01-13,198.001914459284,198.28286409107423,195.9041876932595,196.4286193847656,22782200,0.0,0.0,0.0
2021-01-14,197.82402060934405,201.3452155130973,197.7210062065636,200.3525390625,33913700,0.0,0.0,0.0
2021-01-15,197.42128411102,200.3712336371221,195.03323381551576,197.36509704589844,41043500,0.0,0.0,0.0
2021-01-19,199.79067759429364,200.04353377444883,198.27356909275545,199.8936920166016,19744300,0.0,0.0,0.0
2021-01-20,200.7458780174406,202.2629863457565,199.5378129207621,200.7739715576172,25474200,0.0,0.0,0.0
2021-01-21,201.31715650296448,201.4950918009843,198.4889541058568,199.03211975097656,21180500,0.0,0.0,0.0
2021-01-22,197.1216678618876,201.65427333327372,196.2413654997393,201.34523010253903,24800200,0.0,0.0,0.0
2021-01-25,201.2796522509644,204.07040084572657,198.16115524214032,201.14854431152344,33985000,0.0,0.0,0.0
2021-01-26,202.56264177425984,202.92787203566965,199.25683563414995,199.753173828125,23969800,0.0,0.0,0.0
2021-01-27,196.1945060926212,199.46285885630547,194.1248584759694,196.09149169921875,45830300,0.0,0.0,0.0
2021-01-28,197.44941847496503,198.88224609062976,194.44329555178385,195.4640655517578,32202500,0.0,0.0,0.0
2021-01-29,196.40990429694745,197.5898900048627,191.8304720187878,192.50474548339844,40591900,0.0,0.0,0.0
2021-02-01,194.94900281244784,198.13307544637183,192.6920598579628,197.23403930664065,26375100,0.0,0.0,0.0
2021-02-02,199.6126961669877,200.45554514284245,197.49623541282412,200.04348754882807,22773100,0.0,0.0,0.0
2021-02-03,200.1277807582596,201.10173773082448,198.1517875641628,200.64285278320312,23923200,0.0,0.0,0.0
2021-02-04,201.4294843715385,204.93195957197184,201.4201246226297,204.7352905273437,25400800,0.0,0.0,0.0
2021-02-05,206.90799169489955,207.75082652608245,204.8758112017489,207.5728912353516,23338800,0.0,0.0,0.0
2021-02-08,209.576936199164,212.89211635565565,209.2117059401972,212.87338256835932,20831500,0.0,0.0,0.0
2021-02-09,212.70486116694727,215.0367108377253,211.93693293067656,213.8754730224609,19510900,0.0,0.0,0.0
2021-02-10,215.317655318672,215.69225967716795,210.6633015508609,212.47073364257807,27955400,0.0,0.0,0.0
2021-02-11,213.65067112487293,214.4560525049947,209.2304404278828,212.22720336914065,25847600,0.0,0.0,0.0
2021-02-12,211.5810208599626,213.2760784976665,210.37295594945664,212.82655334472656,17440200,0.0,0.0,0.0
2021-02-16,214.89620147229715,215.0460431902823,210.51342410423464,211.4873809814453,22999500,0.0,0.0,0.0
2021-02-17,209.40838611323457,210.4666236614835,206.9266950280505,209.82980346679688,25042300,0.0,0.0,0.0
2021-02-18,208.21902594020187,208.74345765784065,205.4563853842666,206.5801696777344,24501500,0.0,0.0,0.0
2021-02-19,208.3314191785429,211.92753471647927,208.0598292751263,210.88803100585932,31238200,0.0,0.0,0.0
2021-02-22,209.31473840295,212.01183241870183,208.8184001694532,209.5207672119141,23272100,0.0,0.0,0.0
2021-02-23,206.92666234811625,208.81836026574103,201.8696120349481,207.67584228515625,38646800,0.0,0.0,0.0
2021-02-24,208.481256148782,213.0045014592903,207.62906169380872,212.5830841064453,27584900,0.0,0.0,0.0
2021-02-25,212.38638123594035,213.13557546042352,204.1640071312851,204.7259063720703,49961400,0.0,0.0,0.0
2021-02-26,205.57808911707315,208.11596654972428,201.1672192140113,204.44493103027344,47734200,0.0,0.0,0.0
2021-03-01,209.28660971280271,212.3114802228589,208.7809118146329,211.71212768554688,26161000,0.0,0.0,0.0
2021-03-02,211.44993210341923,211.6091478739142,207.47922625357404,207.638427734375,26895400,0.0,0.0,0.0
2021-03-03,208.29399328125555,210.0171305350874,205.28786998262544,205.3908843994141,33407600,0.0,0.0,0.0
2021-03-04,204.6322931675737,206.67384748540456,196.1289677208452,199.65017700195312,59126500,0.0,0.0,0.0
2021-03-05,203.1151590905981,204.2951304374996,194.04994973161385,203.88308715820312,53204300,0.0,0.0,0.0
2021-03-08,205.4282902932512,208.15347754430385,203.8456211139864,204.84767150878903,40619700,0.0,0.0,0.0
2021-03-09,208.2845893850726,210.7007335024494,206.88921517880863,209.155517578125,32247300,0.0,0.0,0.0
2021-03-10,211.2720152732708,214.42797999227253,210.8974109378276,212.78912353515625,36812000,0.0,0.0,0.0
2021-03-11,214.97114785520213,217.527759954469,214.2594067551128,217.47157287597656,25256700,0.0,0.0,0.0
2021-03-12,217.25617271047523,219.2789788766582,216.675539587772,218.75454711914065,23732200,0.0,0.0,0.0
2021-03-15,218.52041962987448,219.6348442331908,217.1812467298849,219.5318298339844,21497400,0.0,0.0,0.0
2021-03-16,219.1572870390081,219.22283387643137,214.568479700616,215.86083984375,24675000,0.0,0.0,0.0
2021-03-17,214.4279459666684,218.03343531608,212.9201976937844,217.55581665039065,29422600,0.0,0.0,0.0
2021-03-18,216.14172294289824,218.1364353393434,210.3448521672672,210.93484497070312,35637200,0.0,0.0,0.0
2021-03-19,210.307441096457,214.08149240898223,208.79031848163936,212.52691650390625,40855600,0.0,0.0,0.0
2021-03-22,213.2198565225162,213.6131945657345,209.86723772487773,210.9254608154297,26128400,0.0,0.0,0.0
2021-03-23,208.98695881953577,209.6424984816412,202.3097854355293,203.2743682861328,43660700,0.0,0.0,0.0
2021-03-24,205.8965341997535,207.2731745880549,198.5731811523437,198.5731811523437,47270200,0.0,0.0,0.0
2021-03-25,196.4133562780327,204.08825281436688,195.1842504134079,203.28135681152344,59244600,0.0,0.0,0.0
2021-03-26,205.43933442840785,207.0531121065552,202.6245829469165,206.9874420166016,34452600,0.0,0.0,0.0
2021-03-29,205.4862549480446,207.287694348708,200.8606864476264,201.16091918945312,38078800,0.0,0.0,0.0
2021-03-30,201.1514966098752,205.1765844050552,199.97868364528648,204.54795837402344,36205400,0.0,0.0,0.0
2021-03-31,205.63638106227447,208.66692647363024,205.58946566923964,207.29708862304688,34800100,0.0,0.0,0.0
2021-04-01,208.6669124843154,210.0742882816014,208.31038701760176,209.92417907714844,29799200,0.0,0.0,0.0
2021-04-05,212.41992325424704,212.5512777613428,209.7646867405656,211.07823181152344,27826600,0.0,0.0,0.0
2021-04-06,211.1063489515237,212.69199448541008,210.0179750053979,210.45895385742188,24907800,0.0,0.0,0.0
2021-04-07,210.38388488478327,210.5152393691829,206.35879693552005,207.0624847412109,26233700,0.0,0.0,0.0
2021-04-08,208.1414751363128,209.0609708796928,205.842764410994,208.8170166015625,23989400,0.0,0.0,0.0
2021-04-09,208.75138311401813,209.31432488937924,207.57856985297244,208.8451995849609,23267400,0.0,0.0,0.0
2021-04-12,208.9671659657098,209.1641905661237,206.79041779354512,208.02891540527344,20533900,0.0,0.0,0.0
2021-04-13,207.8037277030152,208.8264316826026,205.31736947336665,207.48472595214844,24608400,0.0,0.0,0.0
2021-04-14,208.16963093166385,212.04461002357283,208.10396084220025,209.5301055908203,27362000,0.0,0.0,0.0
2021-04-15,211.1907734513226,211.21891981724457,208.53552317235457,210.440170288086,20587300,0.0,0.0,0.0
2021-04-16,211.48164192649529,211.74435090247823,209.2392239637055,210.7779541015625,23943000,0.0,0.0,0.0
2021-04-19,209.89601524879976,210.787350316299,206.3588070305165,208.03826904296875,25285900,0.0,0.0,0.0
2021-04-20,207.1375484382073,207.93505270221172,201.94902478081693,203.7786102294922,35570800,0.0,0.0,0.0
2021-04-21,203.619103543948,208.87329713536448,202.1929589432277,208.76071166992188,31147800,0.0,0.0,0.0
2021-04-22,209.4737911215779,211.41597643252604,207.14693400523493,207.8975372314453,31943700,0.0,0.0,0.0
2021-04-23,209.0609679891413,212.6544545426993,208.3103647807347,211.8194122314453,27999500,0.0,0.0,0.0
2021-04-26,212.98286388024363,214.5685095187252,212.74830125482487,214.0243225097656,19069200,0.0,0.0,0.0
2021-04-27,214.5873228737154,215.22532647472173,213.46141058582512,214.34336853027344,19648100,0.0,0.0,0.0
2021-04-28,213.9961937472244,215.31913049941085,213.0767121885683,214.70925903320312,16222700,0.0,0.0,0.0
2021-04-29,216.59510934805004,216.68892579758327,211.8475503248455,213.9117126464844,25500300,0.0,0.0,0.0
2021-04-30,211.7819082178138,213.73347101461968,210.2994706803391,211.003158569336,27006000,0.0,0.0,0.0
2021-05-03,213.17986860018172,213.3675158071131,211.03126727861004,212.0352020263672,18693400,0.0,0.0,0.0
2021-05-04,210.7310579885784,212.1759573904622,207.31582690392352,209.5019378662109,26892700,0.0,0.0,0.0
2021-05-05,210.43083150294044,210.6747714911581,207.6911416241168,208.6669158935547,25139500,0.0,0.0,0.0
2021-05-06,208.90149233084023,209.05161586423048,205.13911254337003,208.8451995849609,27647300,0.0,0.0,0.0
2021-05-07,208.9108248346212,211.9788931486908,208.44169966306225,211.4722442626953,26172700,0.0,0.0,0.0
2021-05-10,211.32217877200603,211.7350113269356,206.0304459570968,206.0961303710937,28109100,0.0,0.0,0.0
2021-05-11,201.64880608183407,206.7810377253217,201.17968080777908,205.43934631347656,39519500,0.0,0.0,0.0
2021-05-12,203.6941866433524,205.26106324010843,198.47750190487565,198.76837158203125,42113400,0.0,0.0,0.0
2021-05-13,200.1382478646597,204.0132277079816,198.72149450878203,202.42758178710932,37739900,0.0,0.0,0.0
2021-05-14,204.48233311033195,207.73806375893483,202.3618776430004,207.3721466064453,25070400,0.0,0.0,0.0
2021-05-17,206.2086812708307,207.71926505711608,204.44476585623107,207.65359497070312,20048500,0.0,0.0,0.0
2021-05-18,207.71928523694828,209.45505445220505,205.9178459288988,206.0773468017578,24564500,0.0,0.0,0.0
2021-05-19,202.69025992734336,204.688738128442,200.83252789504388,204.49169921875,31202800,0.0,0.0,0.0
2021-05-20,204.7919442443974,206.29313648085227,202.9717359517429,205.85215759277344,24932800,0.0,0.0,0.0
2021-05-21,207.6629687855853,208.638742930657,205.80523694822963,206.386947631836,24213700,0.0,0.0,0.0
2021-05-24,207.5222367007828,208.7138188328384,206.41510799349675,207.7286529541016,18324200,0.0,0.0,0.0
2021-05-25,208.507415208542,209.89603632707843,205.6551398427988,205.72080993652344,20514900,0.0,0.0,0.0
2021-05-26,206.53710529463552,209.87727507748428,206.5277136262077,209.5582733154297,20388200,0.0,0.0,0.0
2021-05-27,211.1438836702663,212.3823811872581,210.3369876773503,211.7162170410156,21225700,0.0,0.0,0.0
2021-05-28,213.05792271981983,213.1517391787623,211.15327537283528,211.5754852294922,20668400,0.0,0.0,0.0
2021-06-01,213.4144448178627,214.4465116801809,212.00706920114823,213.97738647460932,23081500,0.0,0.0,0.0
2021-06-02,214.7748845363082,214.7842618855605,212.8233221495481,214.230697631836,18927500,0.0,0.0,0.0
2021-06-03,212.8139684281861,213.56455731549016,210.2056190735128,212.43865966796875,24811500,0.0,0.0,0.0
2021-06-04,213.5082930797896,213.9774183552564,212.2416634259696,213.3581695556641,19395800,0.0,0.0,0.0
2021-06-07,213.81788411154537,216.52942720792203,213.2174044253204,216.2198028564453,24049900,0.0,0.0,0.0
2021-06-08,216.9329316251781,219.0627502195013,215.7788730574382,218.5091857910156,27770300,0.0,0.0,0.0
2021-06-09,219.1190342781143,219.21286506279452,216.71711508260364,217.0548858642578,18700600,0.0,0.0,0.0
2021-06-10,217.700383555853,218.17021347306235,214.9096070386549,215.44520568847656,29069000,0.0,0.0,0.0
2021-06-11,216.4036744010029,217.81316422861937,216.1875566420952,217.7191925048828,16707200,0.0,0.0,0.0
2021-06-14,218.2923703121622,219.26962455348533,216.2533102249929,217.0802154541016,19182800,0.0,0.0,0.0
2021-06-15,217.17421946205505,217.5031062046297,214.6935175801755,216.4600830078125,17039900,0.0,0.0,0.0
2021-06-16,215.8398628189284,216.76072544933945,213.90416583868685,215.9996032714844,24527000,0.0,0.0,0.0
2021-06-17,215.4076043141304,216.3096696366972,210.97240918697892,213.57525634765625,48292500,0.0,0.0,0.0
2021-06-18,210.20191261079972,212.11882679826027,207.7869941712931,208.7266540527344,54023700,0.0,0.0,0.0
2021-06-21,210.5308089113808,213.77263278266827,209.8072667549945,213.19004821777344,26736400,0.0,0.0,0.0
2021-06-22,212.6168713875258,214.62774320618004,211.16039552557712,214.1579132080078,21188500,0.0,0.0,0.0
2021-06-23,214.2331003842632,216.08423183346468,214.2331003842632,214.8626708984375,22387500,0.0,0.0,0.0
2021-06-24,216.23453354309584,217.91653280853228,214.91901540650235,217.89773559570312,21732500,0.0,0.0,0.0
2021-06-25,218.27356685125693,219.3259955685529,217.76615687215056,218.26417541503903,27619000,0.0,0.0,0.0
2021-06-28,218.226638632142,218.5555110218688,214.9660173587509,216.5352478027344,25006000,0.0,0.0,0.0
2021-06-29,217.2775434599751,217.74737338575167,214.9659882544744,215.5015869140625,18844300,0.0,0.0,0.0
2021-06-30,214.8532440968622,216.42248884740653,214.0169473060704,215.52980041503903,26039000,0.0,0.0,0.0
2021-07-01,216.8829434244094,217.8601979488887,215.8493259266074,217.42794799804688,18089100,0.0,0.0,0.0
2021-07-02,218.00111423312984,218.07628875171008,214.76868162454687,215.3606719970703,21029700,0.0,0.0,0.0
2021-07-06,215.5203922459506,215.6143639698751,210.36165430485147,212.2315826416016,27771300,0.0,0.0,0.0
2021-07-07,211.93084816913745,212.9926682470777,208.4165299723207,210.2582550048828,28521500,0.0,0.0,0.0
2021-07-08,206.07682977821767,210.5590119379009,204.70493422436635,208.32261657714844,42297900,0.0,0.0,0.0
2021-07-09,210.63415358902023,212.78596831809296,209.86362563643343,212.7201995849609,23976400,0.0,0.0,0.0
2021-07-12,211.94972260726504,213.19947221805745,211.0006711004564,212.89878845214844,16831000,0.0,0.0,0.0
2021-07-13,211.6395949359085,212.1188306605356,208.81122380297697,208.8863983154297,25357500,0.0,0.0,0.0
2021-07-14,210.21129427969092,210.82206739735773,205.3626464063425,205.663330078125,30594100,0.0,0.0,0.0
2021-07-15,204.6861438580473,205.8419216678786,201.97052697402395,204.4982147216797,45477000,0.0,0.0,0.0
2021-07-16,206.56544933692155,206.6124352022199,201.5288714117012,201.9799041748047,36620200,0.0,0.0,0.0
2021-07-19,197.9205757942935,201.51006927382,196.435911383198,198.9541931152344,58571000,0.0,0.0,0.0
2021-07-20,199.3958158048516,206.03921777673148,198.51253325839383,205.12774658203125,40794600,0.0,0.0,0.0
2021-07-21,206.208330361502,208.81119189744047,206.1237644246912,208.6608428955078,28278700,0.0,0.0,0.0
2021-07-22,208.10647440677363,208.5387099214976,204.4511980534877,205.3438720703125,32879000,0.0,0.0,0.0
2021-07-23,206.6030060831003,206.6781805914694,203.82162096380063,206.3023223876953,23660300,0.0,0.0,0.0
2021-07-26,207.09163088199327,208.6514696523929,205.92644752252536,206.90370178222656,22194200,0.0,0.0,0.0
2021-07-27,205.7949114899089,205.86069456580773,202.3839557704343,204.48878479003903,35063600,0.0,0.0,0.0
2021-07-28,205.78550919521325,209.15888464910265,204.2820476850424,207.4956970214844,33043700,0.0,0.0,0.0
2021-07-29,209.34683751584413,210.897285062584,208.736064273175,209.0931396484375,22634800,0.0,0.0,0.0
2021-07-30,208.27564044393296,210.53083312451264,206.98831078774293,207.7118530273437,28473000,0.0,0.0,0.0
2021-08-02,209.04612366773523,211.00061783601825,206.3868846264783,206.6781768798828,24192600,0.0,0.0,0.0
2021-08-03,207.3077711306935,207.77760110014069,204.0001784691977,207.5332946777344,27798600,0.0,0.0,0.0
2021-08-04,205.8794565447497,207.8527334129256,204.74246194079348,204.94918823242188,25588500,0.0,0.0,0.0
2021-08-05,205.8700729201581,209.01793915020767,205.48480894084884,208.63267517089844,23915200,0.0,0.0,0.0
2021-08-06,210.2488768509368,211.6207864455084,208.736024023872,209.9105987548828,24429200,0.0,0.0,0.0
2021-08-09,209.46898867592765,209.72270087023563,207.8621782341465,208.75485229492188,17225600,0.0,0.0,0.0
2021-08-10,209.2058845315002,209.7508890070137,207.84338051175268,209.16830444335932,22681600,0.0,0.0,0.0
2021-08-11,209.56294974469583,210.23010022792303,207.1668141911717,210.1925201416016,25691300,0.0,0.0,0.0
2021-08-12,210.2583064132433,210.33348093022784,208.33201497554725,209.69451904296875,23269500,0.0,0.0,0.0
2021-08-13,209.5253955844,209.82609368504384,207.38297180057387,207.7870330810547,20813700,0.0,0.0,0.0
2021-08-16,206.50907747666912,206.96950168973828,204.516988572484,205.851318359375,24074400,0.0,0.0,0.0
2021-08-17,203.5867585439128,204.3196922670789,200.85234424082932,203.34243774414065,35161500,0.0,0.0,0.0
2021-08-18,203.06053762543092,204.8834660343269,201.43491545486327,201.56646728515625,29102300,0.0,0.0,0.0
2021-08-19,199.6119286519708,201.1529845211,197.9675239672044,199.1515045166016,38119900,0.0,0.0,0.0
2021-08-20,199.3018678356246,202.9853328733471,198.6628916564501,202.5155029296875,31759500,0.0,0.0,0.0
2021-08-23,204.35726163139967,206.66883164021365,204.31968153852543,206.36813354492188,25778800,0.0,0.0,0.0
2021-08-24,207.0258555655584,208.52930265395256,206.43386529895133,208.3977508544922,18677900,0.0,0.0,0.0
2021-08-25,208.38838176869484,210.4556306982525,207.5238963740824,209.13070678710932,21548000,0.0,0.0,0.0
2021-08-26,208.7360282510369,209.69448526561143,206.4808504570541,206.9130859375,22380300,0.0,0.0,0.0
2021-08-27,207.33594771768125,213.33098236718115,207.26078754444703,212.74839782714844,33998500,0.0,0.0,0.0
2021-08-30,213.53774452517848,213.6317162645997,211.40471221537064,211.87454223632807,20733300,0.0,0.0,0.0
2021-08-31,211.6489868016513,212.9363161898791,210.79389290902972,212.28794860839844,20839800,0.0,0.0,0.0
2021-09-01,213.14306967034943,214.46799365025697,211.3013298467114,213.7162628173828,20451500,0.0,0.0,0.0
2021-09-02,214.55256006884585,215.97144144463303,213.8666123137247,215.200927734375,22810100,0.0,0.0,0.0
2021-09-03,214.4773901045592,215.15394643616264,213.48135282138543,214.20489501953125,18213100,0.0,0.0,0.0
2021-09-07,213.9793944014062,215.18215815584267,212.598092937814,212.72964477539065,19153400,0.0,0.0,0.0
2021-09-08,211.9966731741632,212.3349513157736,209.1964906529876,210.4086456298828,25241500,0.0,0.0,0.0
2021-09-09,210.0515856422756,212.6356505875441,209.50659547132355,210.3052978515625,27180500,0.0,0.0,0.0
2021-09-10,211.5738563260832,211.6960023803988,208.15349438183569,208.24745178222656,24366100,0.0,0.0,0.0
2021-09-13,209.7414859621481,209.90122641953337,206.96008643725904,209.431396484375,34693100,0.0,0.0,0.0
2021-09-14,210.24890085607743,210.2676980685795,205.8512994433512,206.76275634765625,30312600,0.0,0.0,0.0
2021-09-15,206.7439640357116,209.2998399725821,206.2177568142508,208.63267517089844,27572000,0.0,0.0,0.0
2021-09-16,208.84878875186504,209.86362308930867,206.96946909098529,208.78302001953125,22369000,0.0,0.0,0.0
2021-09-17,208.2474642599976,209.57238842614203,207.32660138777464,209.0555725097656,39957600,0.0,0.0,0.0
2021-09-20,204.3290384632662,205.7761227107955,201.2939410592152,204.0847320556641,44958500,0.0,0.0,0.0
2021-09-21,205.56938067083152,206.05799344867395,202.79738709864267,204.39480590820312,26711200,0.0,0.0,0.0
2021-09-22,205.6727743009299,209.1213245944592,205.66336852506973,207.5708770751953,32100300,0.0,0.0,0.0
2021-09-23,208.7736089437532,212.03422961963275,208.191024451856,211.2449188232422,31057800,0.0,0.0,0.0
2021-09-24,210.19781543147587,211.4607707606609,209.0856502207916,210.22608947753903,28866000,0.0,0.0,0.0
2021-09-27,210.76331294460795,214.5898872880508,210.6784908055288,213.4211883544922,29743200,0.0,0.0,0.0
2021-09-28,212.45039737022168,212.629475909427,208.1525699553272,208.5672607421875,39938200,0.0,0.0,0.0
2021-09-29,209.49092968289773,209.8585066529916,207.51166022454123,208.12429809570312,23628900,0.0,0.0,0.0
2021-09-30,209.3495828086308,209.8114162672248,206.0319695918901,206.17333984375,33153600,0.0,0.0,0.0
2021-10-01,207.30433920271275,210.6502407577168,205.22140751553283,209.50038146972656,32647000,0.0,0.0,0.0
2021-10-04,209.36842896444247,209.53808764169852,206.3429762567164,207.5965118408203,32580200,0.0,0.0,0.0
2021-10-05,208.25627233752817,210.23552764155252,207.23836344624,208.3128204345703,20407600,0.0,0.0,0.0
2021-10-06,206.18272949863223,207.5399412435089,204.29771638219435,207.2289123535156,32893300,0.0,0.0,0.0
2021-10-07,208.79347889437125,212.01684963170368,208.64267439190323,210.42401123046875,24289300,0.0,0.0,0.0
2021-10-08,210.54657204030244,211.2251780177324,208.7652349449267,208.84063720703125,17989600,0.0,0.0,0.0
2021-10-11,209.0762450694972,210.6973576050929,207.5870828853331,207.6436309814453,15929800,0.0,0.0,0.0
2021-10-12,208.1525799465008,209.6794359746833,207.6907465538304,208.7840576171875,18800600,0.0,0.0,0.0
2021-10-13,209.13276973297585,209.8961977079708,207.19120861594976,209.773681640625,19676200,0.0,0.0,0.0
2021-10-14,211.82836932336824,213.00650263439923,211.42309836749843,212.88397216796875,18160000,0.0,0.0,0.0
2021-10-15,214.87265921328031,215.2779445458336,212.1205415572688,212.2147979736328,27555300,0.0,0.0,0.0
2021-10-18,211.0083930046169,212.70489346619712,210.8670083784785,212.0922698974609,19082600,0.0,0.0,0.0
2021-10-19,212.9876484745999,213.83591308744823,211.6964189677932,212.88397216796875,15498400,0.0,0.0,0.0
2021-10-20,212.97821078791225,214.87264381639795,212.17707445075416,214.29771423339844,18130500,0.0,0.0,0.0
2021-10-21,214.1280909828891,215.8434456304818,213.59085528206768,214.84439086914065,17851600,0.0,0.0,0.0
2021-10-22,214.7029956816362,215.2590710964268,212.71430627925005,214.33541870117188,16887000,0.0,0.0,0.0
2021-10-25,214.6935713645407,216.7576631126447,214.21289817749965,216.37124633789065,16387100,0.0,0.0,0.0
2021-10-26,216.8048146262529,217.4551465490221,214.70302871618856,214.74072265625,25290200,0.0,0.0,0.0
2021-10-27,214.11867360763765,214.3825887249871,210.65025571861767,210.7916259765625,27088500,0.0,0.0,0.0
2021-10-28,211.87548371946784,215.13654845815967,211.8472096723672,214.99517822265625,22890600,0.0,0.0,0.0
2021-10-29,214.70301774667928,215.67379844566017,213.91131561224032,214.9386444091797,20777700,0.0,0.0,0.0
2021-11-01,216.06963769116447,220.71618831832328,215.7303347404676,220.50885009765625,35500800,0.0,0.0,0.0
2021-11-02,220.9046741144097,221.34765331199404,219.2741275439365,220.9706420898437,24949700,0.0,0.0,0.0
2021-11-03,220.68790957288195,226.02250025802195,220.4711370866792,224.91976928710932,47648500,0.0,0.0,0.0
2021-11-04,225.711439251197,227.0875049877201,223.90182860394543,224.8349151611328,26514000,0.0,0.0,0.0
2021-11-05,227.30431283648392,229.40609850769115,226.39008029264977,227.9075164794922,42041700,0.0,0.0,0.0
2021-11-08,229.7265910572268,230.40519704008344,228.02064182880235,228.6144256591797,31324500,0.0,0.0,0.0
2021-11-09,228.08661310303225,228.5861404853404,225.76804037750875,227.2854766845703,29895900,0.0,0.0,0.0
2021-11-10,226.277018854069,227.67192479621391,222.72376443332024,223.7039794921875,32471600,0.0,0.0,0.0
2021-11-11,224.60872629728843,226.5597216952239,223.9961028123905,225.5041046142578,17987500,0.0,0.0,0.0
2021-11-12,226.126167182834,226.3995021328754,225.0140163695852,225.73031616210932,20526700,0.0,0.0,0.0
2021-11-15,226.738782205416,226.91784634936468,223.8924087168451,224.8349151611328,27390000,0.0,0.0,0.0
2021-11-16,224.0903404384673,225.60777647991813,223.32691247390963,225.2496337890625,21925200,0.0,0.0,0.0
2021-11-17,224.37310255716795,224.43908491748792,221.6115653233745,222.29959106445312,26527800,0.0,0.0,0.0
2021-11-18,223.29863195705707,223.44001655697463,219.65113650700124,221.3570709228516,30637300,0.0,0.0,0.0
2021-11-19,219.85851516517465,220.9423919855941,219.0291047680827,219.3401336669922,33994000,0.0,0.0,0.0
2021-11-22,220.75388999386524,222.1865040072042,218.30336715906247,218.40704345703125,31042100,0.0,0.0,0.0
2021-11-23,218.08659264830172,219.60402878728544,215.47584544662612,218.0300445556641,33843800,0.0,0.0,0.0
2021-11-24,216.20157911000587,218.6521019173271,215.4004427818216,218.2656707763672,24099300,0.0,0.0,0.0
2021-11-26,212.0262409107345,213.16666557333085,207.01210008166527,210.0375518798828,62595400,0.0,0.0,0.0
2021-11-29,213.213847954092,213.7133753103606,208.5201690303277,209.90565490722656,45982400,0.0,0.0,0.0
2021-11-30,207.9734789536061,209.10448382951373,203.4682992244939,205.6266326904297,64908400,0.0,0.0,0.0
2021-12-01,210.33920672755667,211.3194216942797,200.8952860958925,200.9989624023437,69120100,0.0,0.0,0.0
2021-12-02,202.04512980730328,207.2948983312714,201.5267626964488,206.6068725585937,64315700,0.0,0.0,0.0
2021-12-03,207.6247748146581,207.70961133951585,200.48058736570488,202.3656005859375,64425200,0.0,0.0,0.0
2021-12-06,204.0903989064667,208.00181042501268,201.4231175434788,206.4278259277344,43878300,0.0,0.0,0.0
2021-12-07,209.3684246741741,213.0441948217808,209.21762016003905,211.2157440185547,44679200,0.0,0.0,0.0
2021-12-08,211.68702557719533,213.5154766243286,210.23555710266768,212.6578063964844,36546400,0.0,0.0,0.0
2021-12-09,211.0743898530356,212.82745303368367,207.80389018601176,207.8415985107422,34830300,0.0,0.0,0.0
2021-12-10,209.42495047167404,210.03758835204712,205.7680348731064,207.26661682128903,32924600,0.0,0.0,0.0
2021-12-13,206.4592492681548,207.0831966145267,203.01810478615624,204.2376251220703,33478400,0.0,0.0,0.0
2021-12-14,202.8574351054404,205.6368243746089,201.65681152875115,202.47927856445312,36543500,0.0,0.0,0.0
2021-12-15,202.50763616303183,206.2418433418225,199.5486245849977,205.6935272216797,51261000,0.0,0.0,0.0
2021-12-16,207.4613927745584,207.8868062852665,200.6547333276358,201.533920288086,52743800,0.0,0.0,0.0
2021-12-17,200.60745153771492,205.4761142469199,198.8112548412376,203.3868408203125,62620900,0.0,0.0,0.0
2021-12-20,200.50348515169568,201.307055282762,197.35540186527663,200.53184509277344,49993000,0.0,0.0,0.0
2021-12-21,202.49816005964303,206.4592608865268,200.47506974635385,206.2607269287109,38545300,0.0,0.0,0.0
2021-12-22,205.9677034075468,208.3122307804176,205.2681390226655,208.2460479736328,32442000,0.0,0.0,0.0
2021-12-23,208.9739748220336,210.62837179507017,208.3027559887436,209.90988159179688,22125400,0.0,0.0,0.0
2021-12-27,210.1934640440576,211.9896748592068,208.5485302454157,211.876220703125,24196700,0.0,0.0,0.0
2021-12-28,211.56424794373373,213.39826720213887,210.2029278915476,210.58106994628903,23120300,0.0,0.0,0.0
2021-12-29,210.55276003456723,211.28069880933583,209.17251379898505,210.8080139160156,19444400,0.0,0.0,0.0
2021-12-30,210.7607141494216,213.11467536892,210.5338202381221,210.75125122070312,23607700,0.0,0.0,0.0
2021-12-31,210.33530821739785,211.8762510080648,210.2407654780062,210.2974853515625,23997400,0.0,0.0,0.0
2022-01-03,211.4886506979891,214.3058482152602,210.5621780550696,213.0106964111328,30618800,0.0,0.0,0.0
2022-01-04,213.65352049190028,214.7217927104221,211.1766568615521,212.68923950195312,22013100,0.0,0.0,0.0
2022-01-05,212.58527088208905,213.5684634068484,205.44774148743457,205.4855499267578,40582100,0.0,0.0,0.0
2022-01-06,205.92041924085413,208.3783716178897,204.02967998535172,206.6578063964844,39105900,0.0,0.0,0.0
2022-01-07,206.6578057249382,208.3405625028514,204.1336561328727,204.2660217285156,31583900,0.0,0.0,0.0
2022-01-10,203.03709628527832,203.62322100381724,199.5770390092844,203.5570526123047,45778100,0.0,0.0,0.0
2022-01-11,203.70825130869096,205.9298757907948,201.32593013980943,205.72189331054688,35209900,0.0,0.0,0.0
2022-01-12,206.58219870627144,207.3952172560681,202.91415951530072,204.1904144287109,35284500,0.0,0.0,0.0
2022-01-13,204.9655802399805,206.2701949013189,201.7229694428452,202.31854248046875,34489600,0.0,0.0,0.0
2022-01-14,200.40892270547016,202.68725266031169,199.07594800094705,202.6021728515625,42020900,0.0,0.0,0.0
2022-01-18,200.6074418885777,200.8343358033528,196.19256724310367,196.47618103027344,49434400,0.0,0.0,0.0
2022-01-19,197.4026506039567,198.0171495823009,193.21466963283515,193.2808380126953,46209100,0.0,0.0,0.0
2022-01-20,194.1600251202269,197.572810165148,189.38590545874385,189.782958984375,50466000,0.0,0.0,0.0
2022-01-21,188.84704192110183,191.9289563073736,186.22837829589844,186.22837829589844,85821000,0.0,0.0,0.0
2022-01-24,183.46792000737287,191.3333890706688,180.78305887079784,190.52037048339844,85782000,0.0,0.0,0.0
2022-01-25,187.6369460448136,190.6810371790289,183.93109910428936,187.977279663086,61088500,0.0,0.0,0.0
2022-01-26,190.7566789953877,192.42998724627927,183.13700223708832,185.2640838623047,71471700,0.0,0.0,0.0
2022-01-27,186.8333830323493,188.7052106446852,180.18743645440867,181.0571746826172,59829000,0.0,0.0,0.0
2022-01-28,181.2273697179436,184.6401549329106,177.81458450297654,184.5834350585937,65870000,0.0,0.0,0.0
2022-01-31,183.77039771119328,190.2461853027344,183.259904469434,190.2461853027344,53393800,0.0,0.0,0.0
2022-02-01,190.6432861380924,192.44894600156456,187.15486910688983,192.2504119873047,43429400,0.0,0.0,0.0
2022-02-02,192.4961396226194,192.76084193774656,188.4026878152112,190.3406982421875,42777800,0.0,0.0,0.0
2022-02-03,187.9773237060748,190.24621983455657,186.2851181459453,186.7388916015625,39629400,0.0,0.0,0.0
2022-02-04,186.27561324988164,189.1684562438557,184.2714343826636,187.5424194335937,34291100,0.0,0.0,0.0
2022-02-07,187.5896708970165,190.1705401273415,187.17372041658223,188.4688720703125,33242600,0.0,0.0,0.0
2022-02-08,188.5728763318348,192.02346962125952,188.4688850982392,191.68313598632807,28341900,0.0,0.0,0.0
2022-02-09,193.3942672915736,195.3606233785736,193.139013458809,195.32281494140625,27329300,0.0,0.0,0.0
2022-02-10,191.8154963388806,197.62952834525552,191.07810916541976,192.3260040283203,44788100,0.0,0.0,0.0
2022-02-11,192.52451870550976,194.80286296788165,188.78086306192367,190.3785400390625,41516600,0.0,0.0,0.0
2022-02-14,190.6148636958024,192.41106003975284,188.35543108726932,189.7167510986328,32262700,0.0,0.0,0.0
2022-02-15,191.70206034351085,195.0392141213734,191.5602606632263,194.8028717041016,25847500,0.0,0.0,0.0
2022-02-16,194.08440410080624,195.9467835811496,192.9310519020597,195.2093963623047,30104800,0.0,0.0,0.0
2022-02-17,193.37533715073573,193.8291104788168,189.8112900406392,190.20834350585932,27140200,0.0,0.0,0.0
2022-02-18,190.0476810063356,191.645358202946,187.90168761989923,188.57290649414065,36255400,0.0,0.0,0.0
2022-02-22,187.6369623405558,189.49934168767825,184.677965172824,185.91639709472656,31847100,0.0,0.0,0.0
2022-02-23,187.41007709788173,188.03401007872617,182.03092169694096,182.4374237060547,31491500,0.0,0.0,0.0
2022-02-24,178.0320281242887,187.63697327516832,177.65387159066557,187.22100830078125,52221100,0.0,0.0,0.0
2022-02-25,187.8355064516404,191.5508024178997,186.2378293637876,191.43736267089844,33656200,0.0,0.0,0.0
2022-02-28,189.5182457884486,193.42262687151472,189.50879728547287,192.21255493164065,34975900,0.0,0.0,0.0
2022-03-01,191.58861693770905,192.65687483422803,186.99411985674524,188.591796875,40638900,0.0,0.0,0.0
2022-03-02,189.86802538172563,194.0843801088316,189.7262257130138,193.0822906494141,29978600,0.0,0.0,0.0
2022-03-03,193.8858582603044,193.90476969237915,189.34808105049413,190.7945098876953,30142700,0.0,0.0,0.0
2022-03-04,188.7903376242104,189.88697000458905,186.2189307306595,187.80715942382807,31610400,0.0,0.0,0.0
2022-03-07,188.33657309520447,188.6863553058564,183.0992163143819,183.1370391845703,39279800,0.0,0.0,0.0
2022-03-08,183.7231308620671,188.66742442467776,182.8912153948536,184.14854431152344,45715800,0.0,0.0,0.0
2022-03-09,187.3912243789476,190.01935157002944,186.82399666388235,189.33868408203125,29048000,0.0,0.0,0.0
2022-03-10,186.62546368528004,189.11177655679467,185.82189355073183,188.9983367919922,25661000,0.0,0.0,0.0
2022-03-11,189.81130900692028,190.73776718500727,185.70840836448235,185.9825592041016,24990000,0.0,0.0,0.0
2022-03-14,186.4647288804101,186.65379993948687,181.3975466010897,182.1822052001953,34969500,0.0,0.0,0.0
2022-03-15,182.8912526810577,185.093951679006,182.34293645156544,185.08450317382807,25464300,0.0,0.0,0.0
2022-03-16,186.74833858737887,190.9079742431641,185.4342751800853,190.9079742431641,31869700,0.0,0.0,0.0
2022-03-17,189.8018690698548,193.9993126327388,189.35754417940203,193.9047698974609,25783100,0.0,0.0,0.0
2022-03-18,193.05394843495137,196.1169369618221,192.85541445533727,195.94677734375,37092200,0.0,0.0,0.0
2022-03-21,195.88061194670524,196.8070702750973,192.79871171336967,194.21676635742188,26747500,0.0,0.0,0.0
2022-03-22,195.0392076521708,197.38372031468785,194.5570743299987,196.1641998291016,24699900,0.0,0.0,0.0
2022-03-23,194.88794595257832,195.8805869618416,192.6190645815732,192.7608642578125,19775000,0.0,0.0,0.0
2022-03-24,193.5944418416377,195.03421783575195,192.03150714246345,194.97738647460932,19781200,0.0,0.0,0.0
2022-03-25,195.21419906470493,195.71622870730863,193.65127877411612,195.2426147460937,19430400,0.0,0.0,0.0
2022-03-28,194.750053217686,195.327862788708,192.3156706870286,195.3089141845703,18999100,0.0,0.0,0.0
2022-03-29,197.0234212422432,201.0491401858948,196.9097585089708,200.5376434326172,29550600,0.0,0.0,0.0
2022-03-30,200.2155518723563,200.5660360154986,195.70675237805168,196.51190185546875,26251500,0.0,0.0,0.0
2022-03-31,196.1993293008956,197.8853938903888,194.3238075591481,194.4374847412109,26771600,0.0,0.0,0.0
2022-04-01,195.2993979864524,196.75813672154484,194.1911433247133,196.61605834960932,25948500,0.0,0.0,0.0
2022-04-04,196.90027417379983,197.43071952625007,195.0152997573107,196.93817138671875,20333900,0.0,0.0,0.0
2022-04-05,196.98550982028289,198.38740298968565,191.82310648084683,192.2777862548828,26509800,0.0,0.0,0.0
2022-04-06,190.6485466469692,191.1505762333592,188.19521561788372,189.5497589111328,34903900,0.0,0.0,0.0
2022-04-07,189.5497284551744,190.61061881390955,186.3007300512272,188.9340362548828,29291200,0.0,0.0,0.0
2022-04-08,188.70674195227355,189.7392168865317,187.07750882043936,187.427978515625,25249600,0.0,0.0,0.0
2022-04-11,186.7175457327904,188.73514564131904,185.54299247066453,186.16815185546875,33702300,0.0,0.0,0.0
2022-04-12,188.21414116909725,191.0368756691508,186.05446316858004,186.7554168701172,33699800,0.0,0.0,0.0
2022-04-13,187.2480147179122,190.8190681459349,187.18171627708207,190.3075714111328,22303600,0.0,0.0,0.0
2022-04-14,190.49698320485777,191.690485028131,188.3751877321561,188.46044921875,27107000,0.0,0.0,0.0
2022-04-18,187.9868444838968,188.6688352350513,186.158687227146,187.191162109375,22246400,0.0,0.0,0.0
2022-04-19,187.41850804204887,191.56737076226187,187.2574810376249,190.9232482910156,22786700,0.0,0.0,0.0
2022-04-20,192.3346236370672,193.11134298165936,191.20742014898488,191.65261840820312,20516200,0.0,0.0,0.0
2022-04-21,193.45234745733492,193.99227429102643,186.62284248102893,187.36167907714844,31547700,0.0,0.0,0.0
2022-04-22,186.48075869288536,186.95437265976204,182.14245302186887,182.51187133789065,35686900,0.0,0.0,0.0
2022-04-25,180.9111052009653,183.86645233242663,179.22504029098502,183.62017822265625,35556500,0.0,0.0,0.0
2022-04-26,182.17087068153333,182.5402889722562,177.5862768114351,177.8325653076172,40513600,0.0,0.0,0.0
2022-04-27,177.7662584569731,179.76490990634576,176.43066364763033,177.09373474121094,37808000,0.0,0.0,0.0
2022-04-28,179.18708567476142,181.2993996746169,174.9624576750505,180.3995361328125,37405200,0.0,0.0,0.0
2022-04-29,179.58492548558144,181.61199251629267,174.77300624976547,175.18978881835938,41193400,0.0,0.0,0.0
2022-05-02,175.14244643311218,177.9083648335057,172.75544234761637,177.02743530273438,38002100,0.0,0.0,0.0
2022-05-03,177.05584446695795,179.5091613579472,175.88127662035765,178.54299926757812,30246300,0.0,0.0,0.0
2022-05-04,179.0734460775452,183.69590862549492,175.8907596009225,183.3075561523437,38834700,0.0,0.0,0.0
2022-05-05,181.422567252064,181.450982934146,173.70266527737306,175.87181091308594,41468700,0.0,0.0,0.0
2022-05-06,175.19927699981545,175.63499373549038,171.02199853353946,172.9448699951172,45457900,0.0,0.0,0.0
2022-05-09,170.36840741045046,173.0111668412927,164.91238001418398,165.67015075683594,53682200,0.0,0.0,0.0
2022-05-10,168.19926090195858,169.46854278711956,162.1654095026016,165.71751403808594,53650800,0.0,0.0,0.0
2022-05-11,165.88800174099197,168.78651636541113,161.31288993936127,161.59706115722656,64377800,0.0,0.0,0.0
2022-05-12,160.86772121565562,165.13971398011165,159.98679172420077,163.49154663085938,52967400,0.0,0.0,0.0
2022-05-13,165.80279819324005,169.94219476694758,165.7743825068793,168.67291259765625,36517000,0.0,0.0,0.0
2022-05-16,168.1329442006356,169.97056855122744,166.8447137401676,167.8677215576172,28225500,0.0,0.0,0.0
2022-05-17,170.88939474225188,173.1911516801327,169.5443328127557,173.001708984375,31833700,0.0,0.0,0.0
2022-05-18,170.9462075378065,171.836604010061,165.8595987187756,166.93943786621094,36093800,0.0,0.0,0.0
2022-05-19,165.6607037680154,169.37383578072695,165.6607037680154,167.2141571044922,33627700,0.0,0.0,0.0
2022-05-20,169.0801618499254,169.52536007102424,162.72425696928252,166.78787231445312,42243700,0.0,0.0,0.0
2022-05-23,168.49287880259217,169.51588651920628,166.23847210559722,168.8054656982422,24644100,0.0,0.0,0.0
2022-05-24,167.25205281731934,167.59304101766776,163.2358009439972,166.30482482910156,26861800,0.0,0.0,0.0
2022-05-25,165.6512160080752,170.29262683104895,165.58490311887968,169.29803466796875,27950100,0.0,0.0,0.0
2022-05-26,170.35895968504695,174.10050735268695,170.2168668144973,173.07749938964844,25702700,0.0,0.0,0.0
2022-05-27,174.062575003965,177.74729056103297,173.72157241845144,177.73782348632812,24952100,0.0,0.0,0.0
2022-05-31,177.04636259212748,177.7757176369915,174.37517309207988,175.53079223632812,29794500,0.0,0.0,0.0
2022-06-01,176.44016187683798,177.0748028961885,172.17763591863593,174.53622436523438,28352100,0.0,0.0,0.0
2022-06-02,174.8488128109081,178.7987518310547,174.45097878588098,178.7987518310547,24876000,0.0,0.0,0.0
2022-06-03,177.4063044117106,178.04095981446338,175.98546258269192,177.18844604492188,18972100,0.0,0.0,0.0
2022-06-06,179.30078101411567,179.31972962103143,176.97060823780404,177.95571899414062,24678700,0.0,0.0,0.0
2022-06-07,176.5727466179432,180.8636876131821,176.08965116518192,180.82579040527344,21661600,0.0,0.0,0.0
2022-06-08,179.935431611345,180.6363710591468,177.1884618251364,178.031494140625,21521700,0.0,0.0,0.0
2022-06-09,177.17105545465955,177.6649161048107,174.3028842636838,174.34088134765625,21697200,0.0,0.0,0.0
2022-06-10,171.4347206682006,172.4224420122643,168.71850870948862,169.6112518310547,37153600,0.0,0.0,0.0
2022-06-13,164.90061259249757,166.1637474800309,160.7787986731001,161.64305114746094,39712700,0.0,0.0,0.0
2022-06-14,162.0894261618305,162.63077590743254,159.3067412343623,160.86428833007812,30282400,0.0,0.0,0.0
2022-06-15,162.6022591457167,165.30896396275244,160.18045994716138,163.21957397460938,32150500,0.0,0.0,0.0
2022-06-16,159.40167444144893,159.9525161065256,154.59607326706785,155.65975952148438,43810600,0.0,0.0,0.0
2022-06-17,156.2106080490887,159.097777283111,155.46982444769958,156.8754119873047,40327300,0.0,0.0,0.0
2022-06-21,159.53467089537472,161.52909755999997,158.4234952936463,159.68663024902344,34665400,0.0,0.0,0.0
2022-06-22,157.6162333694843,160.75031161153797,157.0558850822412,159.38272094726562,29303500,0.0,0.0,0.0
2022-06-23,159.73410944501018,161.67154036304436,158.17656239587976,161.29165649414062,27089800,0.0,0.0,0.0
2022-06-24,162.61180288169487,166.29673796337755,162.30788413648074,166.2872314453125,37138500,0.0,0.0,0.0
2022-06-27,166.83803811097837,168.09168093308952,165.42294392389357,166.90452575683594,24745400,0.0,0.0,0.0
2022-06-28,168.03465228120905,169.19331666480602,163.6849293230811,163.77040100097656,25909200,0.0,0.0,0.0
2022-06-29,163.87491657876353,164.01736941468917,160.47490214213713,162.10842895507812,21292500,0.0,0.0,0.0
2022-06-30,159.74359243310963,162.69723499541956,158.37598739579525,160.84527587890625,31466300,0.0,0.0,0.0
2022-07-01,160.5508714813536,163.200595500457,159.23075548408693,162.79222106933594,24598600,0.0,0.0,0.0
2022-07-05,160.19944463168048,164.20728125283253,158.34748564599147,164.14080810546875,25151100,0.0,0.0,0.0
2022-07-06,163.779932123514,164.9765938662855,161.21567973301077,162.92518615722656,25697600,0.0,0.0,0.0
2022-07-07,164.16932535153325,167.132460210264,164.15983332654952,166.78106689453125,24822500,0.0,0.0,0.0
2022-07-08,166.26817790865263,168.0916461429761,164.9195571549106,166.76202392578125,20547000,0.0,0.0,0.0
2022-07-11,165.49895172424124,166.17326235528847,162.9726960934293,163.40956115722656,22031500,0.0,0.0,0.0
2022-07-12,162.91565527598502,164.64415998297545,161.98492977541102,162.84918212890625,23864200,0.0,0.0,0.0
2022-07-13,160.6458573945709,163.6184990510425,160.30395607148904,162.70677185058594,25535600,0.0,0.0,0.0
2022-07-14,160.199485792757,161.45312880772306,158.6229544898123,161.03524780273438,25102200,0.0,0.0,0.0
2022-07-15,162.9156809568111,164.6346939113739,160.79780007362365,164.38775634765625,34935900,0.0,0.0,0.0
2022-07-18,166.3252102172327,167.4268793182009,163.4095498544593,163.9224090576172,23031500,0.0,0.0,0.0
2022-07-19,165.96427695850298,169.8961339273822,165.87880527239753,169.70619201660156,24234600,0.0,0.0,0.0
2022-07-20,169.66822029202987,172.66935220237886,169.43078924516632,172.36544799804688,26049300,0.0,0.0,0.0
2022-07-21,171.37771480687792,173.32465215405975,169.85816490763457,173.24867248535156,21709900,0.0,0.0,0.0
2022-07-22,173.6855502038648,174.03694348790717,169.09838100485933,170.48497009277344,25116100,0.0,0.0,0.0
2022-07-25,170.99784849078435,171.82410392380305,169.45928540203445,171.3682403564453,19267200,0.0,0.0,0.0
2022-07-26,170.74141412588588,171.14980306421276,169.56375091048776,170.3140411376953,19391200,0.0,0.0,0.0
2022-07-27,171.4062196246528,174.98668391769755,170.950356066136,174.1889190673828,21670700,0.0,0.0,0.0
2022-07-28,175.0531269184845,176.78161698662936,172.6218214126965,176.58216857910156,22838500,0.0,0.0,0.0
2022-07-29,176.686643036438,178.29167888287668,175.7369190555051,177.8358154296875,21760600,0.0,0.0,0.0
2022-08-01,176.44926253053904,178.8520782221498,174.9582029894731,177.76937866210938,23905600,0.0,0.0,0.0
2022-08-02,177.09505132484415,179.51685064040836,176.15481926351512,177.59840393066406,17492600,0.0,0.0,0.0
2022-08-03,178.83307731071824,180.59005845993343,178.20625583425272,180.21017456054688,19157700,0.0,0.0,0.0
2022-08-04,180.2956320555868,180.48557399031128,178.96602402087447,179.8302764892578,14838900,0.0,0.0,0.0
2022-08-05,178.04478385074646,181.4163074113379,177.7598637133539,181.20736694335932,18540300,0.0,0.0,0.0
2022-08-08,182.4895112249403,184.84483782969323,182.2425881337056,183.12583923339844,22188700,0.0,0.0,0.0
2022-08-09,182.3849866485539,182.50845540321416,179.64979144188226,180.6280059814453,18247300,0.0,0.0,0.0
2022-08-10,183.8951225969256,186.09847545824627,183.40126189856423,185.7850646972656,20796400,0.0,0.0,0.0
2022-08-11,187.49454511111816,189.4984637024024,186.183921110744,186.4783477783203,23727600,0.0,0.0,0.0
2022-08-12,187.4280484518098,190.35318579482427,186.69675687023667,190.2867126464844,21726600,0.0,0.0,0.0
2022-08-15,188.8051814914934,191.0465312737741,188.2543396942266,190.9610595703125,17414800,0.0,0.0,0.0
2022-08-16,190.41971595072943,191.8348103286513,189.02362011584904,190.8850860595703,18833100,0.0,0.0,0.0
2022-08-17,188.72918216751705,189.3085144722984,186.50683115900128,187.67498779296875,22428000,0.0,0.0,0.0
2022-08-18,187.9314064875717,189.23252384607707,187.0006664507348,188.9191131591797,18368100,0.0,0.0,0.0
2022-08-19,186.9342062320186,187.2001278347564,184.3129727943288,184.86380004882807,27416400,0.0,0.0,0.0
2022-08-22,182.3375072810161,182.67940848437576,180.45704341671896,181.0553741455078,22937000,0.0,0.0,0.0
2022-08-23,181.3403462315564,183.2302881687349,180.8179950083507,181.349838256836,20069800,0.0,0.0,0.0
2022-08-24,181.1978567635805,183.5816735568691,180.5995404279583,182.7364196777344,16038300,0.0,0.0,0.0
2022-08-25,183.6576632065253,185.62358468751427,183.27776484648933,185.5760955810547,14795000,0.0,0.0,0.0
2022-08-26,185.5190970043403,185.614075208328,179.1749471505494,179.47885131835938,24177200,0.0,0.0,0.0
2022-08-29,177.5509268617779,179.48837224219747,177.14255243345485,177.82635498046875,19753300,0.0,0.0,0.0
2022-08-30,178.3772027042221,178.55763812570734,174.31236987557313,175.33807373046875,22548900,0.0,0.0,0.0
2022-08-31,175.64198865543554,176.40177088256985,173.97997137367196,174.27438354492188,22412500,0.0,0.0,0.0
2022-09-01,172.64084529403863,172.74531552443517,169.90563525575837,172.3749237060547,30706600,0.0,0.0,0.0
2022-09-02,174.36939996451082,174.7017947987116,170.13362290197497,171.03585815429688,27468200,0.0,0.0,0.0
2022-09-06,171.62468391962264,171.97607727184388,168.57606255290645,169.3453369140625,23837100,0.0,0.0,0.0
2022-09-07,169.02239099521393,173.29614923683596,168.98439391774832,173.0302276611328,24781200,0.0,0.0,0.0
2022-09-08,171.6056451583568,174.54978109120572,170.58943344373097,174.47381591796875,25273200,0.0,0.0,0.0
2022-09-09,176.02187254865652,178.19674899299778,175.79394802463167,177.97830200195312,23208800,0.0,0.0,0.0
2022-09-12,179.1179580956225,180.31460515804244,178.5196273185932,180.1341552734375,23134600,0.0,0.0,0.0
2022-09-13,175.56601522508907,176.56322852792718,172.41292394246057,173.0872344970703,34144700,0.0,0.0,0.0
2022-09-14,173.39114380828846,174.10343691580462,171.4916955215787,173.76153564453125,25278300,0.0,0.0,0.0
2022-09-15,172.77381144766127,175.4045513371534,171.76710619168728,172.49839782714844,25378700,0.0,0.0,0.0
2022-09-16,170.0860830983901,170.6464168311849,168.0156915467188,169.99111938476562,41155900,0.0,0.0,0.0
2022-09-19,168.1106427802857,171.66261581553331,168.0631681728176,171.44418334960938,25412200,0.0,0.0,0.0
2022-09-20,169.78220548036228,169.94365686125036,167.82577587571137,169.10789489746094,22247500,0.0,0.0,0.0
2022-09-21,170.35203043039064,171.99506378162275,166.5151509190307,166.52464294433594,29357100,0.0,0.0,0.0
2022-09-22,166.20171310823378,166.75255481067492,162.15589376613207,162.77320861816406,33468600,0.0,0.0,0.0
2022-09-23,160.5033666738776,160.68381656454008,156.70447042124144,158.89833068847656,40336900,0.0,0.0,0.0
2022-09-26,157.96373262383568,161.30496100423562,156.1594698810837,156.7227020263672,30597800,0.0,0.0,0.0
2022-09-27,158.76563678456935,160.02576429624253,155.8730885751206,157.25730895996094,42406600,0.0,0.0,0.0
2022-09-28,158.24061285100325,163.23337450110037,157.5819256028435,162.2310028076172,35186500,0.0,0.0,0.0
2022-09-29,160.16897128710715,160.31216098953914,156.36952066101932,158.5938262939453,31464000,0.0,0.0,0.0
2022-09-30,158.25972438371554,161.83007209091824,157.39100119748045,157.43873596191406,40643800,0.0,0.0,0.0
2022-10-03,159.74891951684646,162.57465087008555,157.75373208957987,161.61045837402344,33611600,0.0,0.0,0.0
2022-10-04,164.77984951458347,168.09244019264983,164.70347682681643,168.0160675048828,37537300,0.0,0.0,0.0
2022-10-05,165.5435646572209,167.3764654951787,163.64383225384856,166.77503967285156,25281400,0.0,0.0,0.0
2022-10-06,165.96360023323822,168.1783498574746,165.06623938235091,165.83949279785156,22635900,0.0,0.0,0.0
2022-10-07,164.13069016030047,164.64620216487333,160.3026020198727,160.9613037109375,26536100,0.0,0.0,0.0
2022-10-10,161.61045653073012,161.87776823446205,159.0329400989143,160.06394958496094,23386400,0.0,0.0,0.0
2022-10-11,159.38616038114753,162.3932603583602,157.32414147680691,160.11167907714844,28009100,0.0,0.0,0.0
2022-10-12,160.28352867500004,160.81813757158335,157.9733091395262,159.6725616455078,26796700,0.0,0.0,0.0
2022-10-13,156.56043415440578,164.38845294880576,155.12847896396914,163.62474060058594,45376500,0.0,0.0,0.0
2022-10-14,164.9039222147931,166.03038634720716,159.14746500722504,159.242919921875,29608600,0.0,0.0,0.0
2022-10-17,162.49828019771547,164.78940273247605,162.39326956515384,164.32164001464844,28199200,0.0,0.0,0.0
2022-10-18,167.88244266527815,169.2475664146834,164.85624549707643,166.26910400390625,34523100,0.0,0.0,0.0
2022-10-19,164.66532395801087,165.53403246551167,161.64866786108493,163.44338989257812,27146900,0.0,0.0,0.0
2022-10-20,163.64384030553046,165.67722137317836,160.82766462791687,161.3622589111328,26710700,0.0,0.0,0.0
2022-10-21,161.71547912321836,165.3431021239619,160.56037667373107,164.86578369140625,45402700,0.0,0.0,0.0
2022-10-24,165.45765283815393,166.10679885319786,163.29062328021388,165.57220458984375,27284500,0.0,0.0,0.0
2022-10-25,165.6963702916069,170.78457327288422,165.68681459787211,170.0876922607422,33105700,0.0,0.0,0.0
2022-10-26,171.02315878735524,174.09709012325018,170.24036426886153,170.92770385742188,37084700,0.0,0.0,0.0
2022-10-27,172.39785176951216,173.7438931187793,170.75587535053407,170.9658966064453,28651800,0.0,0.0,0.0
2022-10-28,171.6723304219354,175.08993177317902,170.63177984877322,174.8512725830078,33221600,0.0,0.0,0.0
2022-10-31,174.00168273436424,175.88231871042257,173.31434295800767,175.0135955810547,25699400,0.0,0.0,0.0
2022-11-01,176.83695918143582,177.18062907643795,174.58401532900052,175.25225830078125,27446700,0.0,0.0,0.0
2022-11-02,174.54580570854915,176.6078248897329,169.38121663065388,169.43850708007812,38139600,0.0,0.0,0.0
2022-11-03,167.33831280351706,169.86810958566122,166.21184813896872,168.30250549316406,29093200,0.0,0.0,0.0
2022-11-04,170.80362675940293,171.77736044389528,167.51013247648763,170.5745086669922,25842400,0.0,0.0,0.0
2022-11-07,171.58645281963743,172.3978854974969,169.61988844167456,171.34779357910156,20689900,0.0,0.0,0.0
2022-11-08,172.05420152189453,173.69617812767626,169.31439832617164,171.4145965576172,20265200,0.0,0.0,0.0
2022-11-09,169.92535819663365,170.56496313398827,166.37410797236458,166.70823669433594,27277000,0.0,0.0,0.0
2022-11-10,173.60072916220037,177.0374133230248,172.9324716670981,176.97059631347656,38572800,0.0,0.0,0.0
2022-11-11,177.33333020985762,180.2736133596468,177.266513207177,178.42161560058594,28765400,0.0,0.0,0.0
2022-11-14,177.36196209092674,179.27123566324207,176.2545944896009,176.42642211914062,26499600,0.0,0.0,0.0
2022-11-15,179.31899833596475,180.9609750291409,177.66748051741789,179.0421600341797,26128800,0.0,0.0,0.0
2022-11-16,178.13526365835486,178.17344272768395,175.37636340964897,175.89186096191406,24802000,0.0,0.0,0.0
2022-11-17,173.3811352841239,174.6508040078205,172.32148782699977,174.2593994140625,20835700,0.0,0.0,0.0
2022-11-18,176.2164088971222,176.90374857982962,174.28805298909495,175.38587951660156,27269100,0.0,0.0,0.0
2022-11-21,174.48851820192132,174.87992279726336,173.19975265788375,174.46942138671875,19038900,0.0,0.0,0.0
2022-11-22,175.4049794867684,176.55054078968476,174.05893803670563,176.3309783935547,16869700,0.0,0.0,0.0
2022-11-23,175.93000274316742,177.35241676481584,175.22358086077372,176.7891845703125,19758800,0.0,0.0,0.0
2022-11-25,176.69375218464145,177.91568633332903,176.2832652820592,177.16152954101562,13393400,0.0,0.0,0.0
2022-11-28,175.77729793383497,176.53145467928596,173.0661180537126,173.59117126464844,17465600,0.0,0.0,0.0
2022-11-29,173.7057321443409,175.28087716108746,173.7057321443409,174.0971221923828,14020600,0.0,0.0,0.0
2022-11-30,174.38349517614475,178.9275609091153,172.59832909651362,178.8702850341797,28030100,0.0,0.0,0.0
2022-12-01,179.6149179720498,180.6554832118973,177.68656201794474,178.47891235351562,21996400,0.0,0.0,0.0
2022-12-02,176.0063839221436,180.29270844116343,175.9682048590649,179.5194549560547,22574800,0.0,0.0,0.0
2022-12-05,178.38346975068092,178.5743942366622,173.9157610323758,174.574462890625,25449300,0.0,0.0,0.0
2022-12-06,174.5840013639843,174.67945631425792,170.9563782217149,171.90147399902344,18502100,0.0,0.0,0.0
2022-12-07,171.59601853015718,173.26663345326023,170.98505136951516,171.39553833007812,17177800,0.0,0.0,0.0
2022-12-08,172.56971863533485,174.34534387405603,171.36686680376687,172.63653564453125,20971400,0.0,0.0,0.0
2022-12-09,171.61506827542223,172.607884176651,170.4599512932848,170.51722717285156,22046500,0.0,0.0,0.0
2022-12-12,170.73682150938697,172.87519891938214,169.9253742886704,172.52198791503906,22765400,0.0,0.0,0.0
2022-12-13,178.12276452299974,178.995495755163,172.7617263262445,173.95094299316406,38445300,0.0,0.0,0.0
2022-12-14,173.8838141933961,175.41828646606874,171.50539534118437,172.8096923828125,32406900,0.0,0.0,0.0
2022-12-15,170.7381434575723,171.28480409320474,167.87060433309225,168.48439025878906,33546700,0.0,0.0,0.0
2022-12-16,166.68142703727764,167.93776914687317,165.59770538526945,167.2280731201172,38502400,0.0,0.0,0.0
2022-12-19,167.45823541103582,167.88021600869277,164.44684571317055,164.9647216796875,25614000,0.0,0.0,0.0
2022-12-20,164.63864629068613,166.89239958354108,164.16871070537707,165.8374481201172,18050800,0.0,0.0,0.0
2022-12-21,167.30479672159998,169.55855023447535,167.0650363323074,168.69540405273438,22997200,0.0,0.0,0.0
2022-12-22,167.1897049559203,167.3431551066629,163.67960958519538,166.48960876464844,21297600,0.0,0.0,0.0
2022-12-23,166.37453728443992,167.30480883294337,165.28123041547283,167.2472686767578,11647700,0.0,0.0,0.0
2022-12-27,167.21845919925678,167.41986433226575,165.51136667683963,166.12515258789062,13553800,0.0,0.0,0.0
2022-12-28,166.08678779789355,166.96911879111283,163.3631136492227,163.5453338623047,19648000,0.0,0.0,0.0
2022-12-29,164.6865959030412,168.07201098789858,164.37969562051737,167.6884002685547,22311300,0.0,0.0,0.0
2022-12-30,166.24021858220271,167.563700284118,165.54012251739368,167.21844482421875,21275600,0.0,0.0,0.0
2023-01-03,168.72414887431384,170.05723048770685,164.85921314812148,166.2977752685547,22503800,0.0,0.0,0.0
2023-01-04,167.46782237728186,169.4338603829196,167.141751778754,168.36932373046875,22973500,0.0,0.0,0.0
2023-01-05,167.43907662042736,167.6021119433692,165.3291879366077,166.56634521484375,17032600,0.0,0.0,0.0
2023-01-06,168.11998135411045,170.74774575282277,166.7485443711618,170.3065948486328,21986900,0.0,0.0,0.0
2023-01-09,171.67799085777054,172.7425273668132,170.37369400555437,170.5942840576172,18366500,0.0,0.0,0.0
2023-01-10,170.3832875982137,173.22204176337752,170.03803213122788,173.11654663085938,18751100,0.0,0.0,0.0
2023-01-11,173.8358518552555,175.30318413593997,173.27960604573022,175.2744140625,18222700,0.0,0.0,0.0
2023-01-12,176.05124530578243,178.3337539967808,174.46881813924222,178.2186737060547,29650800,0.0,0.0,0.0
2023-01-13,176.94314381952975,179.66681796837702,176.78010853250132,179.38870239257812,22120000,0.0,0.0,0.0
2023-01-17,179.34075703911876,180.1463483714577,178.61189078135658,179.1681365966797,22422600,0.0,0.0,0.0
2023-01-18,179.7723310419663,181.220493111222,176.17592532106616,176.27183532714844,23507800,0.0,0.0,0.0
2023-01-19,175.2456796901853,175.6005350579221,173.3755513665464,174.5839385986328,24624500,0.0,0.0,0.0
2023-01-20,175.2264752816805,177.56652420090612,173.8454532088184,177.46102905273438,36070300,0.0,0.0,0.0
2023-01-23,177.83505423288838,180.41487814999607,177.01987775691396,179.65724182128906,20329900,0.0,0.0,0.0
2023-01-24,178.9475500075205,180.13676673592298,178.2666387373234,179.27362060546875,19263500,0.0,0.0,0.0
2023-01-25,177.81587032327502,179.8298484924706,176.33893836538775,179.77230834960938,18174600,0.0,0.0,0.0
2023-01-26,181.2396639720756,182.07404005292565,178.65983991880682,180.8368682861328,18369100,0.0,0.0,0.0
2023-01-27,180.2806217012184,182.5056050625744,180.09840147013003,181.81509399414065,20019900,0.0,0.0,0.0
2023-01-30,180.14634987079148,181.8438574046288,179.17772323459437,179.28321838378906,18395100,0.0,0.0,0.0
2023-01-31,179.7435169902678,183.73313227265567,179.7051617775064,183.63722229003903,21567900,0.0,0.0,0.0
2023-02-01,183.35914693602584,188.1543544415077,182.3425652862736,186.52398681640625,27007300,0.0,0.0,0.0
2023-02-02,187.9817149294104,191.09859973448224,186.3897171968243,190.19711303710932,31020400,0.0,0.0,0.0
2023-02-03,188.0776390943553,190.9739486749557,187.68442854645068,188.92160034179688,24981500,0.0,0.0,0.0
2023-02-06,187.63645605424537,188.33656685735505,185.4498426931347,186.1883087158203,18160100,0.0,0.0,0.0
2023-02-07,185.48821766505893,188.0680416086167,183.80029528091376,187.5693359375,27074100,0.0,0.0,0.0
2023-02-08,186.3993198970475,187.3679466133614,184.3277865963274,184.8264923095703,17933500,0.0,0.0,0.0
2023-02-09,186.27463847906253,187.12818488384085,181.6712360549652,182.1507568359375,20516600,0.0,0.0,0.0
2023-02-10,181.5273709372129,182.82208279425453,180.8080898241479,182.5151824951172,15248700,0.0,0.0,0.0
2023-02-13,182.7069874448452,184.9607407807885,181.5561405933512,184.71139526367188,15754400,0.0,0.0,0.0
2023-02-14,183.44541384720665,186.00605229450505,182.2945672443704,184.62503051757807,21889600,0.0,0.0,0.0
2023-02-15,183.15773392327355,186.5815189595149,182.7261681930595,186.4952087402344,18721200,0.0,0.0,0.0
2023-02-16,183.94415915140527,186.88840889119567,183.4166834096088,184.71139526367188,21366300,0.0,0.0,0.0
2023-02-17,184.02087896803545,185.4498413695683,183.14814773234588,185.2196807861328,23892200,0.0,0.0,0.0
2023-02-21,182.9371526209493,183.502983552066,179.57092247260988,179.7531280517578,26004000,0.0,0.0,0.0
2023-02-22,180.13675339259774,181.4026804694892,179.10098689306247,180.24224853515625,24651700,0.0,0.0,0.0
2023-02-23,181.5945141969256,182.50560069676067,179.0530454371823,181.52737426757807,21311700,0.0,0.0,0.0
2023-02-24,179.00510342409711,180.08882508245284,178.170741939912,179.8298797607422,24280700,0.0,0.0,0.0
2023-02-27,181.3834851561178,182.40965173416703,179.91615314264155,180.4627990722656,17562900,0.0,0.0,0.0
2023-02-28,180.41487196408048,182.23705949000347,180.36693159887577,180.472412109375,19542600,0.0,0.0,0.0
2023-03-01,180.4820307432304,181.7287876788264,179.5229891979739,180.70260620117188,22532800,0.0,0.0,0.0
2023-03-02,179.20648721333043,181.5465507094672,178.49679126708546,181.1341552734375,18104400,0.0,0.0,0.0
2023-03-03,181.9013855395785,184.06881389447892,180.7025837569057,183.65643310546875,22774300,0.0,0.0,0.0
2023-03-06,183.71398968051548,183.886624762242,180.20389423480145,180.9711303710937,23266700,0.0,0.0,0.0
2023-03-07,180.9231518159709,181.3259620762905,178.59268826963594,178.8708038330078,25865700,0.0,0.0,0.0
2023-03-08,179.13932836789235,179.92574930368775,177.53773106014896,178.95712280273438,22505900,0.0,0.0,0.0
2023-03-09,179.08184562419638,179.5997363171226,173.85507148791064,173.97975158691406,33546900,0.0,0.0,0.0
2023-03-10,173.00151509020012,173.00151509020012,167.1225853500532,168.9639434814453,69274200,0.0,0.0,0.0
2023-03-13,165.4538352500846,169.17490612955993,164.0632280726775,166.2114715576172,74171500,0.0,0.0,0.0
2023-03-14,171.2848166076341,171.91777287170257,167.45823578006153,169.29000854492188,48946200,0.0,0.0,0.0
2023-03-15,164.88797888329813,166.78689136867254,163.4014764383271,166.49917602539062,54405800,0.0,0.0,0.0
2023-03-16,164.4468531891477,170.11479217352604,163.51658172942484,168.77212524414062,52392300,0.0,0.0,0.0
2023-03-17,166.9115636159695,167.6020746145271,163.86181890051583,164.21665954589844,70239900,0.0,0.0,0.0
2023-03-20,165.96212292286677,168.18709143805228,165.46341728019328,166.34573364257812,46103200,0.0,0.0,0.0
2023-03-21,169.3187927332865,170.8820205471457,168.75296171701962,169.41468811035156,34465900,0.0,0.0,0.0
2023-03-22,169.28997424574894,170.0859802802055,164.50435289418817,164.60984802246094,56098200,0.0,0.0,0.0
2023-03-23,165.83330901334728,167.86435374119776,162.39690547517438,163.8792724609375,47720900,0.0,0.0,0.0
2023-03-24,162.4354411481389,165.66971185273428,161.19371890511002,165.36167907714844,47519700,0.0,0.0,0.0
2023-03-27,167.3349406960131,168.19163649803576,165.91032609341764,167.20018005371094,33880600,0.0,0.0,0.0
2023-03-28,166.6226546601961,167.97988171113465,166.22799321483362,166.9595489501953,28555100,0.0,0.0,0.0
2023-03-29,168.77879627051314,168.9809445602104,167.0750400176392,168.85580444335938,25564800,0.0,0.0,0.0
2023-03-30,170.26118440888712,170.67508682998985,167.9221069685792,168.62478637695312,26728600,0.0,0.0,0.0
2023-03-31,169.79912868464996,171.95531345873383,169.77025245583783,171.7242889404297,39602900,0.0,0.0,0.0
2023-04-03,172.25372919066237,173.05267254395898,169.88579005045142,171.8013153076172,27609000,0.0,0.0,0.0
2023-04-04,172.22485599179043,172.39812807387193,167.7969956692762,168.7884521484375,33487200,0.0,0.0,0.0
2023-04-05,167.72959223802832,168.28789049122838,166.07395319414053,167.13279724121094,28247300,0.0,0.0,0.0
2023-04-06,167.21943502647588,167.93174966850822,166.21834338427865,167.38307189941406,26366300,0.0,0.0,0.0
2023-04-10,166.59373912768993,169.29858676399266,166.55522769986575,169.17344665527344,22237800,0.0,0.0,0.0
2023-04-11,169.96279626359515,171.3104026946326,169.5296234149395,170.51145935058594,21876200,0.0,0.0,0.0
2023-04-12,172.12861644891734,172.2826181343186,169.00985098653783,169.26011657714844,27018100,0.0,0.0,0.0
2023-04-13,169.93388886551364,172.0034449476865,169.3467144015418,171.50289916992188,23259900,0.0,0.0,0.0
2023-04-14,171.65693234693111,172.5136281549782,168.7788122023283,169.905029296875,29600400,0.0,0.0,0.0
2023-04-17,170.3478200694649,172.16709606956906,170.13605124932084,172.090087890625,22177300,0.0,0.0,0.0
2023-04-18,172.86976368882762,172.90827511957104,170.3189321948496,171.3585205078125,22873100,0.0,0.0,0.0
2023-04-19,170.45369327493498,172.09969709226456,169.97240320402804,171.5799102783203,19306800,0.0,0.0,0.0
2023-04-20,170.5210943633221,171.75319597297252,169.91467876170043,170.69436645507812,20336300,0.0,0.0,0.0
2023-04-21,171.15637074075457,171.30076657308695,169.2793424228913,170.9157257080078,25972800,0.0,0.0,0.0
2023-04-24,170.74250997927578,171.7724633329814,169.8954345573042,170.80026245117188,17781000,0.0,0.0,0.0
2023-04-25,169.05797527407134,169.3563728037573,166.53600501246825,166.58413696289062,28857900,0.0,0.0,0.0
2023-04-26,165.7851873959451,166.9114044922885,164.6012178363751,164.97662353515625,30309800,0.0,0.0,0.0
2023-04-27,165.59268710779207,167.35421081160433,164.5434781104676,167.18093872070312,33424100,0.0,0.0,0.0
2023-04-28,166.80552641008276,169.2504884900467,166.69964199421332,168.64405822753906,31911900,0.0,0.0,0.0
2023-05-01,168.45151844098177,170.7039523624904,168.22049392808086,168.74029541015625,27420100,0.0,0.0,0.0
2023-05-02,167.87398812675926,167.92212007636283,163.56163276039828,165.2750244140625,40851100,0.0,0.0,0.0
2023-05-03,165.77557005389554,169.1253451754193,165.74669382172962,165.88145446777344,43261400,0.0,0.0,0.0
2023-05-04,164.90925312445745,165.1402629809598,162.46429109921013,164.02366638183594,42382100,0.0,0.0,0.0
2023-05-05,166.80550738507685,168.54778979072336,166.62262949471423,167.92210388183594,35456800,0.0,0.0,0.0
2023-05-08,168.701807984265,168.9809644797155,166.65152205579852,167.53709411621094,22109900,0.0,0.0,0.0
2023-05-09,166.5070923191281,167.74882880419597,165.71778431871334,167.03651428222656,21465500,0.0,0.0,0.0
2023-05-10,169.37562350789528,169.433375971569,166.25685827923712,167.8836212158203,27281900,0.0,0.0,0.0
2023-05-11,166.73814641626117,167.2771889879015,165.6696817875424,166.59376525878906,25884600,0.0,0.0,0.0
2023-05-12,167.15204372071148,167.6911009635878,165.22688334529155,166.25685119628906,20406400,0.0,0.0,0.0
2023-05-15,166.8247767745519,169.13497813180487,166.35312186356686,168.28790283203125,24310000,0.0,0.0,0.0
2023-05-16,167.11354639603064,168.26863967971337,165.78518104150115,165.83331298828125,24212900,0.0,0.0,0.0
2023-05-17,166.94028929023725,169.89541777130876,165.71782292172304,169.52963256835938,38231600,0.0,0.0,0.0
2023-05-18,168.99054493058162,170.92534015917798,168.47075818558588,170.55955505371094,30446600,0.0,0.0,0.0
2023-05-19,171.83019094088343,172.19597612704362,168.69218469017795,169.52000427246094,34316300,0.0,0.0,0.0
2023-05-22,170.01092277596834,172.32112423921762,169.45262445621165,171.5895538330078,28207200,0.0,0.0,0.0
2023-05-23,171.25262962100894,173.77458479034675,170.74246334152926,170.7809600830078,32708900,0.0,0.0,0.0
2023-05-24,169.94354417719197,170.12643677269892,168.13388862730267,168.97132873535156,28744200,0.0,0.0,0.0
2023-05-25,168.6921915991241,168.9617128985516,166.2376089835151,167.65260314941406,36202600,0.0,0.0,0.0
2023-05-26,167.77773757859168,169.77990622611634,167.50821628832958,169.55850219726562,29841300,0.0,0.0,0.0
2023-05-30,170.0975286265692,170.9060923507612,168.220485761958,168.93280029296875,25572600,0.0,0.0,0.0
2023-05-31,168.153150213481,169.4237485359766,165.91033641521318,167.267578125,34598800,0.0,0.0,0.0
2023-06-01,167.35418224120892,169.64512765415546,166.45897508130176,169.0771942138672,27800900,0.0,0.0,0.0
2023-06-02,171.34889115541148,175.27622002028835,170.8098486090611,175.20884704589844,50212400,0.0,0.0,0.0
2023-06-05,174.47728087585898,174.47728087585898,171.76281236334276,172.8601531982422,34465800,0.0,0.0,0.0
2023-06-06,172.2344758241768,178.03884820206005,172.2344758241768,177.4131622314453,58584500,0.0,0.0,0.0
2023-06-07,178.53189124489649,181.2442299144413,178.53189124489649,180.732650756836,60685600,0.0,0.0,0.0
2023-06-08,180.25965390015693,180.86776346980187,178.48360515560154,180.05694580078125,34185000,0.0,0.0,0.0
2023-06-09,179.84460157908012,180.12451637596186,178.03958194728594,178.59942626953125,30242200,0.0,0.0,0.0
2023-06-12,178.79249989254336,180.1921035484983,177.81760680330228,179.3426971435547,26580500,0.0,0.0,0.0
2023-06-13,179.96045932616985,182.4121775865872,179.79636928021728,181.398666381836,35758200,0.0,0.0,0.0
2023-06-14,181.7750984820537,182.66312286214747,178.136117644906,179.4488525390625,37114100,0.0,0.0,0.0
2023-06-15,178.6477088364443,181.0511763744984,178.48361880463096,180.9256896972656,36488400,0.0,0.0,0.0
2023-06-16,181.41793713175804,181.997090477508,178.6573336768485,179.47779846191406,50684500,0.0,0.0,0.0
2023-06-20,178.72494008636477,179.12069445283913,177.37358694611956,178.69598388671875,33269300,0.0,0.0,0.0
2023-06-21,178.0299556755671,179.44886832304414,177.20949077137192,178.28091430664062,30730200,0.0,0.0,0.0
2023-06-22,177.7983011339255,177.84656637714667,176.1477388065447,176.9585418701172,27063700,0.0,0.0,0.0
2023-06-23,174.48749507534544,176.07049766793014,173.79251689045628,174.29444885253906,50610100,0.0,0.0,0.0
2023-06-26,174.16899203646665,176.38906080051768,174.10141774623514,174.4682159423828,31507900,0.0,0.0,0.0
2023-06-27,174.9025380471118,177.5955821083617,174.13033845244047,176.9874725341797,28818800,0.0,0.0,0.0
2023-06-28,176.6303343508532,178.01062877601484,175.79056048897857,177.85618591308594,23187600,0.0,0.0,0.0
2023-06-29,178.30020008123074,180.57818069100105,178.0202705595594,179.9025115966797,32084100,0.0,0.0,0.0
2023-06-30,181.71719599618083,181.8812860391353,180.4141228097248,180.76161193847656,30287300,0.0,0.0,0.0
2023-07-03,180.4140845133496,182.27700171893696,180.24999450522645,181.1283569335937,14011900,0.0,0.0,0.0
2023-07-05,180.62645198437983,180.70367341610435,178.995184219345,179.3233642578125,24092100,0.0,0.0,0.0
2023-07-06,177.2481077212116,177.32532915992869,174.439238642872,176.42764282226562,39080800,0.0,0.0,0.0
2023-07-07,176.62064179423166,180.00866339213252,176.57237656688798,178.29052734375,31706700,0.0,0.0,0.0
2023-07-10,178.16507647026663,181.5144806673928,177.75967499044648,181.3407287597656,29725100,0.0,0.0,0.0
2023-07-11,181.9295578145272,183.4739572707641,181.16701997241924,183.2036895751953,26738800,0.0,0.0,0.0
2023-07-12,186.0607894304059,186.34071898190737,184.7190982542496,185.20172119140625,40127300,0.0,0.0,0.0
2023-07-13,185.8194682245517,186.95846595536733,185.1341519376516,186.6978454589844,23523000,0.0,0.0,0.0
2023-07-14,186.62064317874427,186.7654389042542,183.6766401685165,184.87355041503903,32198600,0.0,0.0,0.0
2023-07-17,184.6901388981314,187.6051855126865,184.4970926722664,186.852294921875,23283700,0.0,0.0,0.0
2023-07-18,186.9681434816815,189.56465752584697,186.7654500737231,189.1592559814453,28489800,0.0,0.0,0.0
2023-07-19,189.8638577062057,190.7905002122889,189.12061427007,189.9603881835937,23679000,0.0,0.0,0.0
2023-07-20,190.0955134473768,190.0955134473768,187.5183088848846,188.30015563964844,27278100,0.0,0.0,0.0
2023-07-21,189.56460785846696,189.78661025184525,187.3445397392411,187.70169067382807,28982400,0.0,0.0,0.0
2023-07-24,187.798240905514,189.43915599818857,187.24805839851865,188.1650390625,16929800,0.0,0.0,0.0
2023-07-25,187.81752614550985,189.39088148426012,187.6630832854584,188.1457061767578,18961100,0.0,0.0,0.0
2023-07-26,188.0009645950456,190.30790190972024,187.94305219251163,189.6322326660156,20377900,0.0,0.0,0.0
2023-07-27,190.7615496844065,191.0221554698304,186.466193697186,187.18048095703125,31159300,0.0,0.0,0.0
2023-07-28,189.2074861230621,190.10515764873372,188.70555418233613,189.6032257080078,21612200,0.0,0.0,0.0
2023-07-31,190.0858648893496,191.84261946811324,190.0762177327624,191.80401611328125,24203900,0.0,0.0,0.0
2023-08-01,190.56846245838108,191.060747219965,188.97581285303409,190.9256134033203,27444300,0.0,0.0,0.0
2023-08-02,188.7924307014728,189.27505362247155,187.3445619384764,188.32911682128903,28079700,0.0,0.0,0.0
2023-08-03,187.5472744097216,188.84070033325827,186.35036423554084,187.79823303222656,24279300,0.0,0.0,0.0
2023-08-04,188.0492327016411,189.48743981473737,186.97780905300328,187.4218139648437,24950400,0.0,0.0,0.0
2023-08-07,187.8947455368311,188.2808379542888,185.98354830351536,187.54725646972656,20185000,0.0,0.0,0.0
2023-08-08,185.46234120662604,186.57236806773165,183.89864760752488,186.3696746826172,25578200,0.0,0.0,0.0
2023-08-09,186.1669783399682,186.1766402255257,184.12066167561363,184.91217041015625,22293200,0.0,0.0,0.0
2023-08-10,185.5588525020272,187.37350453792672,183.2905190465508,184.0916748046875,29378800,0.0,0.0,0.0
2023-08-11,183.3195052248685,185.0279946446336,183.1457680271724,184.35232543945312,21789000,0.0,0.0,0.0
2023-08-14,183.3387895461533,184.07237105165007,182.083967060884,184.0337677001953,20354900,0.0,0.0,0.0
2023-08-15,182.93342356962933,183.04924837494747,181.50484890444287,181.60137939453125,25491300,0.0,0.0,0.0
2023-08-16,181.4565586164668,182.48936393731583,179.35231516732173,179.3812713623047,27018400,0.0,0.0,0.0
2023-08-17,179.86389323847672,180.25000038354744,177.24808544984984,177.2673797607422,26715100,0.0,0.0,0.0
2023-08-18,175.8774480595728,178.81178888380032,175.6168275631355,178.23263549804688,33375200,0.0,0.0,0.0
2023-08-21,178.2809169313458,178.84076132750602,176.7075761107668,177.9720458984375,22678100,0.0,0.0,0.0
2023-08-22,178.6091014435039,179.10138629689143,176.8523614995176,177.441162109375,21299200,0.0,0.0,0.0
2023-08-23,177.60525456242243,179.64192410333743,177.05505730198595,179.33303833007812,21231100,0.0,0.0,0.0
2023-08-24,178.81181939446876,179.86393398724357,176.83306217207186,176.8523712158203,26582300,0.0,0.0,0.0
2023-08-25,177.66313699997315,178.57047039529553,175.29828777016425,177.605224609375,29340400,0.0,0.0,0.0
2023-08-28,178.4160480175797,180.2596712151788,178.39675370415316,179.18824768066406,23002000,0.0,0.0,0.0
2023-08-29,179.09170354231904,181.82335098918432,178.15542864409036,181.688217163086,22986000,0.0,0.0,0.0
2023-08-30,181.20559647419785,183.0202633570484,180.81950403160445,182.37355041503903,19869900,0.0,0.0,0.0
2023-08-31,182.6244994123735,183.647657586998,181.9777865044218,182.0550079345703,17953400,0.0,0.0,0.0
2023-09-01,183.4642877519096,185.19207136145548,183.25193248434755,184.21717834472656,25094600,0.0,0.0,0.0
2023-09-05,183.0588691774054,183.3001806393996,180.2789711506005,180.33688354492188,27160100,0.0,0.0,0.0
2023-09-06,180.55891131901595,181.5531135037536,178.65737555322045,179.66123962402344,26406200,0.0,0.0,0.0
2023-09-07,178.7056138620836,178.93727816546243,177.2094798674544,177.92376708984375,23894800,0.0,0.0,0.0
2023-09-08,178.14580251595072,178.40642306448004,177.07437884809173,177.52804565429688,19399100,0.0,0.0,0.0
2023-09-11,178.8214436586446,179.26546323710443,177.79828539823893,177.95272827148438,17424700,0.0,0.0,0.0
2023-09-12,177.64382736120675,178.8986498243681,177.35426540919255,177.77896118164062,16826300,0.0,0.0,0.0
2023-09-13,178.0878632124667,178.454661356588,176.05119383536908,176.6110382080078,24415700,0.0,0.0,0.0
2023-09-14,178.11679410436682,179.60328078257294,177.83687932205794,179.10134887695312,27952500,0.0,0.0,0.0
2023-09-15,178.3678040249362,178.63808645842386,176.4373120014991,177.22882080078125,39695500,0.0,0.0,0.0
2023-09-18,177.31564759917015,177.37355998966092,176.0318689388581,176.05117797851562,19287800,0.0,0.0,0.0
2023-09-19,176.1477061735363,176.9295528920285,174.77705894518874,175.3658447265625,24085900,0.0,0.0,0.0
2023-09-20,176.06083352864405,177.132256989254,173.5705122479121,173.60911560058594,27642900,0.0,0.0,0.0
2023-09-21,172.2964018144748,172.54736045884096,170.91610717773438,170.91610717773438,31625600,0.0,0.0,0.0
2023-09-22,171.3890670784044,172.17091393474576,170.42382113655395,170.52999877929688,23164700,0.0,0.0,0.0
2023-09-25,169.58403705417885,171.67861867394203,169.43924134700796,171.2925262451172,22416200,0.0,0.0,0.0
2023-09-26,170.1957083649511,171.66977220466185,169.02227275359513,169.0901641845703,30476000,0.0,0.0,0.0
2023-09-27,170.14721106521156,171.58247552693445,169.1871422120306,170.6708984375,37293000,0.0,0.0,0.0
2023-09-28,170.76787310535062,173.17292853280665,170.65150470639958,172.2128448486328,31372400,0.0,0.0,0.0
2023-09-29,173.56082031847114,173.7450801350217,170.8260447630308,171.39822387695312,36689000,0.0,0.0,0.0
2023-10-02,171.0006335151502,171.38853806338787,167.91673760550384,168.80894470214844,42139300,0.0,0.0,0.0
2023-10-03,167.72279133900113,168.2561712101404,165.2207669597019,165.96749877929688,42733600,0.0,0.0,0.0
2023-10-04,165.84141495936782,166.42328657148175,163.97944651725692,166.04507446289062,42491900,0.0,0.0,0.0
2023-10-05,165.6377475476162,166.7044922934479,164.80373957663832,166.17112731933594,33365100,0.0,0.0,0.0
2023-10-06,165.22076981765557,168.63438625438434,164.386761676796,167.7712860107422,42160900,0.0,0.0,0.0
2023-10-09,166.64630807303536,169.27440760366557,166.57843144624977,168.74102783203125,26658400,0.0,0.0,0.0
2023-10-10,169.0416726107261,171.68915726718254,169.01258051102067,170.65150451660156,31585000,0.0,0.0,0.0
2023-10-11,170.79700736330645,171.87345971213458,169.10960597157415,170.36061096191406,27427200,0.0,0.0,0.0
2023-10-12,170.56424664312266,170.56424664312266,165.62807442746413,166.5105743408203,38693800,0.0,0.0,0.0
2023-10-13,167.14091534356575,167.48032809713615,164.56130738790856,165.123779296875,33955600,0.0,0.0,0.0
2023-10-16,166.54935245082405,168.1494770939913,165.85111247623243,167.79066467285156,31140300,0.0,0.0,0.0
2023-10-17,166.74333230381,171.08792579985385,166.70453296679608,169.662353515625,39823200,0.0,0.0,0.0
2023-10-18,168.39190789917737,168.41130756295112,165.83169979253034,166.17112731933594,38501400,0.0,0.0,0.0
2023-10-19,165.69595504538597,166.94695977899454,163.2715146489579,163.52365112304688,51397300,0.0,0.0,0.0
2023-10-20,163.56245015024928,163.92126259301463,161.39983866639963,161.4095458984375,54421900,0.0,0.0,0.0
2023-10-23,160.6531237560678,162.39872382031243,159.67364035461415,160.0421600341797,45590900,0.0,0.0,0.0
2023-10-24,161.41924474194352,162.55388111468756,160.41068400981897,161.4386444091797,32666300,0.0,0.0,0.0
2023-10-25,160.0227484285155,160.65311177009022,158.4614083205418,158.77174377441406,36832900,0.0,0.0,0.0
2023-10-26,159.18875432432682,160.75980180122664,158.26746991113365,159.17906188964844,50525600,0.0,0.0,0.0
2023-10-27,159.5475842138726,159.84821246758892,156.78371613095143,157.30740356445312,46017100,0.0,0.0,0.0
2023-10-30,158.83961640771403,159.82879214501864,157.04553955211026,158.18017578125,35156300,0.0,0.0,0.0
2023-10-31,158.46140239517865,160.00335757783353,157.90863773535048,159.5475616455078,31533200,0.0,0.0,0.0
2023-11-01,159.4894065019297,160.5949508205793,158.17051022725903,160.4591827392578,44367100,0.0,0.0,0.0
2023-11-02,162.6799647207301,164.8619612669098,162.2726604744899,164.7358856201172,50458100,0.0,0.0,0.0
2023-11-03,167.57733859087048,170.34119201872355,167.557938922582,169.2162628173828,57060700,0.0,0.0,0.0
2023-11-06,169.21623133822533,169.497459886841,166.20991961005612,167.10211181640625,35294400,0.0,0.0,0.0
2023-11-07,166.37480626165865,167.29609071294212,165.41473727244792,166.5105743408203,31168900,0.0,0.0,0.0
2023-11-08,166.51057792005668,166.92758939919543,164.18312085650945,164.7358856201172,44938600,0.0,0.0,0.0
2023-11-09,165.86080875641065,165.86080875641065,161.93321250765362,162.18536376953125,38577400,0.0,0.0,0.0
2023-11-10,163.13574017667813,164.58071192338338,161.74895262958626,163.99884033203125,36121300,0.0,0.0,0.0
2023-11-13,163.15513741889762,164.6388936774355,162.4568974386905,164.05702209472656,27610300,0.0,0.0,0.0
2023-11-14,168.96409000183823,173.0759460962135,168.9543975677341,173.06625366210938,77611000,0.0,0.0,0.0
2023-11-15,172.95957812669266,176.2665034727612,172.72682652913088,173.36688232421875,59641400,0.0,0.0,0.0
2023-11-16,172.7559128896883,173.23110850315274,169.8659842712856,170.56422424316406,46616700,0.0,0.0,0.0
2023-11-17,172.08677403560827,173.2408100162109,171.75705369761027,172.90138244628906,43418700,0.0,0.0,0.0
2023-11-20,173.12442638591878,174.2202632714172,172.36800224287768,173.90994262695312,26665100,0.0,0.0,0.0
2023-11-21,172.85288194842815,173.11471081775787,171.56307807494642,171.6697540283203,30457000,0.0,0.0,0.0
2023-11-22,172.79472331179377,173.96815907294874,172.05769869665554,172.74624633789062,28940900,0.0,0.0,0.0
2023-11-24,172.66863045388013,174.2978471319353,172.4261864388642,173.90994262695312,13846900,0.0,0.0,0.0
2023-11-27,173.10505010181205,173.6966141702549,171.87343019585202,173.32809448242188,30665800,0.0,0.0,0.0
2023-11-28,173.15351554078106,173.80326371426688,171.84431196290444,172.65892028808594,28350200,0.0,0.0,0.0
2023-11-29,174.12329030789817,176.25679462861285,173.29897475785455,173.5705108642578,31590200,0.0,0.0,0.0
2023-11-30,174.60820785381722,175.18037226066693,173.35718826855145,174.22999572753906,32216800,0.0,0.0,0.0
2023-12-01,173.78389100150963,179.58314849817296,172.8238220399411,179.32131958007812,64221300,0.0,0.0,0.0
2023-12-04,178.661847095845,181.3384386073511,178.4582024011228,181.241455078125,44862600,0.0,0.0,0.0
2023-12-05,180.42686389418355,180.42686389418355,178.4194200692948,178.81703186035156,36873500,0.0,0.0,0.0
2023-12-06,180.08742629676505,182.2403305120706,178.23515031733925,178.4969940185547,43637900,0.0,0.0,0.0
2023-12-07,178.7588286514622,179.95164910020665,177.847236758194,179.7867889404297,32662300,0.0,0.0,0.0
2023-12-08,179.5540505172365,182.07547445807,179.2728219411391,181.15419006347656,36087100,0.0,0.0,0.0
2023-12-11,181.03781433434733,181.94940633208589,180.27169764551348,181.53240966796875,29302100,0.0,0.0,0.0
2023-12-12,181.31903717349863,181.98818504484868,179.7382974077071,181.3481292724609,32024000,0.0,0.0,0.0
2023-12-13,181.44513017442537,187.7874599148408,180.05834253479796,187.48683166503903,69484800,0.0,0.0,0.0
2023-12-14,190.9198091683621,193.9939975184905,190.5415970949421,192.70420837402344,83649300,0.0,0.0,0.0
2023-12-15,192.93694687240625,193.51881843557712,190.027618651769,191.0846710205078,74160700,0.0,0.0,0.0
2023-12-18,191.97688825730728,192.762404551109,190.73556120323929,191.152572631836,44451100,0.0,0.0,0.0
2023-12-19,192.4811831398009,195.2159592276322,192.03509435799148,194.8571319580078,52156200,0.0,0.0,0.0
2023-12-20,194.53010787514776,196.77850211557737,190.9287829312811,191.0455780029297,62360300,0.0,0.0,0.0
2023-12-21,193.2063362960141,194.4911412279849,192.252475418918,194.2964630126953,38613400,0.0,0.0,0.0
2023-12-22,195.52288243243635,197.4014055401114,194.85128116327127,196.1068725585937,39173800,0.0,0.0,0.0
2023-12-26,196.81741655544067,199.1047372202508,196.31127989501127,198.65701293945312,26879000,0.0,0.0,0.0
2023-12-27,198.98794778139293,200.00994910177235,197.9756744319616,199.3578186035156,35806400,0.0,0.0,0.0
2023-12-28,198.35525411909333,199.69845657374736,197.85886031500328,198.5985870361328,28930100,0.0,0.0,0.0
2023-12-29,198.05352465699096,198.58886004749584,195.3574066162109,195.3574066162109,41496800,0.0,0.0,0.0
2024-01-02,194.0823325542834,196.24313008876624,193.1479424512904,194.1991424560547,44341500,0.0,0.0,0.0
2024-01-03,192.1356387717828,192.3984424443482,188.612183373115,189.0209808349609,57532500,0.0,0.0,0.0
2024-01-04,188.8847436627308,190.2766156897076,188.52461569331084,188.65115356445312,43114200,0.0,0.0,0.0
2024-01-05,187.55128063881267,190.2474135055555,187.161939062248,188.09634399414065,40964900,0.0,0.0,0.0
2024-01-08,188.13528742898023,191.71715599206945,187.1327569145958,191.48355102539065,31545400,0.0,0.0,0.0
2024-01-09,189.16703162109093,190.54916092436292,188.16450110638047,189.7704925537109,28998700,0.0,0.0,0.0
2024-01-10,189.5466037748148,190.16953541343008,187.93086973182875,189.8775329589844,35075200,0.0,0.0,0.0
2024-01-11,189.31301357492177,189.5466185270319,186.19835513943443,188.3883514404297,48939200,0.0,0.0,0.0
2024-01-12,190.66597051459257,191.84370855710364,187.5026420848454,188.076904296875,42992100,0.0,0.0,0.0
2024-01-16,186.6071622937477,188.1060866378272,185.04009759900543,185.7506256103516,42213000,0.0,0.0,0.0
2024-01-17,183.112875894986,184.864860867036,182.5288710030617,184.42686462402344,37787700,0.0,0.0,0.0
2024-01-18,185.6241111577529,186.07183546158112,183.19078169649063,185.5170440673828,41760000,0.0,0.0,0.0
2024-01-19,186.1886201947289,187.70703016989228,184.18355920617333,187.2982177734375,63338300,0.0,0.0,0.0
2024-01-22,188.9723522270041,191.57116105408892,188.91395469864065,191.29861450195312,42379500,0.0,0.0,0.0
2024-01-23,192.9338165814852,193.29394456875124,189.78021643169444,190.7438201904297,42471200,0.0,0.0,0.0
2024-01-24,193.0895555706209,193.16742389214,188.9431528479425,189.1767578125,41120100,0.0,0.0,0.0
2024-01-25,191.8436897972005,192.3887531893428,189.22542506892944,190.7438201904297,37659500,0.0,0.0,0.0
2024-01-26,191.63927543951223,192.61260712742728,190.16954993743124,190.7535400390625,33478600,0.0,0.0,0.0
2024-01-29,190.92874361134133,194.09207153320312,189.88727159740355,194.09207153320312,29234400,0.0,0.0,0.0
2024-01-30,193.0992821564249,193.6248747580799,191.84369075411027,192.4374237060547,33121200,0.0,0.0,0.0
2024-01-31,191.95076491908475,193.6346247228608,187.57077195356987,187.7362365722656,68126700,0.0,0.0,0.0
2024-02-01,189.1280814691228,190.51995353205848,186.42222051383985,190.2279510498047,59479000,0.0,0.0,0.0
2024-02-02,188.08660662473213,190.2863307279088,187.25926881125736,189.22540283203125,52839300,0.0,0.0,0.0
2024-02-05,187.33715367587064,187.96008537042368,184.99142071206043,186.8212890625,39751900,0.0,0.0,0.0
2024-02-06,186.5876927428821,188.63169535028297,185.9258342844788,188.50515747070312,34689100,0.0,0.0,0.0
2024-02-07,188.89449182374932,188.97234529080052,186.91861479150552,188.0671539306641,31713900,0.0,0.0,0.0
2024-02-08,188.20340240720608,191.1331252331544,187.5707427957242,190.9189910888672,35370800,0.0,0.0,0.0
2024-02-09,191.668510212544,194.2283777853027,191.2110430451263,194.0239715576172,46107100,0.0,0.0,0.0
2024-02-12,194.5398178331621,198.1216865013239,194.5106190679537,197.54742431640625,43291000,0.0,0.0,0.0
2024-02-13,190.9871544105872,192.35955572268324,187.9114225606293,189.4200897216797,86247400,0.0,0.0,0.0
2024-02-14,192.4082218370721,194.46195251571865,190.9968937066728,193.819564819336,43808000,0.0,0.0,0.0
2024-02-15,195.6299389846721,199.3091315332844,195.3671352735248,198.9879302978516,44931900,0.0,0.0,0.0
2024-02-16,196.72979823908284,198.26766410564667,195.72726777731387,196.28207397460932,48346200,0.0,0.0,0.0
2024-02-20,193.83899124349912,194.39379741027912,192.7293937618014,193.57620239257807,30547500,0.0,0.0,0.0
2024-02-21,192.3887689407956,193.0603702653368,191.1526333847829,192.6613006591797,28669100,0.0,0.0,0.0
2024-02-22,193.35233649450973,194.7539365204769,192.53474142998323,194.12127685546875,38184700,0.0,0.0,0.0
2024-02-23,194.27700548982867,195.7759297130532,193.27447506707807,194.55926513671875,37667700,0.0,0.0,0.0
2024-02-26,194.3646341627048,196.26262824768503,193.839026661101,195.7856903076172,29118200,0.0,0.0,0.0
2024-02-27,197.6641985057127,198.7737960220616,197.1385910837322,198.5596618652344,32268600,0.0,0.0,0.0
2024-02-28,197.0412640409902,198.42339321887272,196.4864578647297,196.92446899414065,30143900,0.0,0.0,0.0
2024-02-29,199.70818771205768,200.5452535540278,197.1191367210987,198.2968597412109,40404100,0.0,0.0,0.0
2024-03-01,199.0755297793964,200.82752979539345,197.72259932157192,200.39926147460932,35156900,0.0,0.0,0.0
2024-03-04,201.5088732339437,202.2291440835484,199.97100726978067,200.2143402099609,24785400,0.0,0.0,0.0
2024-03-05,198.8516659297568,200.4187305344266,197.59605974087023,198.2968597412109,34163500,0.0,0.0,0.0
2024-03-06,200.5355342277048,200.5842037843552,198.6375403332476,199.77633666992188,34255200,0.0,0.0,0.0
2024-03-07,201.1876591164702,202.5503324055348,200.8956566365376,201.44073486328125,28020200,0.0,0.0,0.0
2024-03-08,203.1732608040872,204.7987229320576,200.3116632805016,201.314193725586,41447800,0.0,0.0,0.0
2024-03-11,200.46741087941416,201.32393270781847,199.2896729440457,199.7179412841797,24435800,0.0,0.0,0.0
2024-03-12,199.67896360437825,200.42843306414107,197.9659054053528,199.44537353515625,34958900,0.0,0.0,0.0
2024-03-13,199.406465382466,201.0708691639836,199.3091411212625,200.2240753173828,25140700,0.0,0.0,0.0
2024-03-14,199.5816624654662,199.80552459167453,194.83179914990475,196.64219665527344,47509100,0.0,0.0,0.0
2024-03-15,195.88298621303863,197.664184838839,195.76619117261296,197.01205444335932,53217000,0.0,0.0,0.0
2024-03-18,197.49874510216924,197.76153397619817,195.5520816401642,195.8830108642578,32405100,0.0,0.0,0.0
2024-03-19,194.4522057355206,197.3430020711484,194.33541068417827,196.71034240722656,29864100,0.0,0.0,0.0
2024-03-20,196.14579234935908,201.4699175023944,195.7467228204509,200.6036529541016,49609600,0.0,0.0,0.0
2024-03-21,201.99126615219924,203.89407944963096,201.8351340638009,202.9085235595703,43067300,0.0,0.0,0.0
2024-03-22,202.8207029209184,203.20126557679737,200.10797119140625,200.10797119140625,28437300,0.0,0.0,0.0
2024-03-25,200.7422416794592,202.0010212948255,200.53731644973297,200.56658935546875,20107800,0.0,0.0,0.0
2024-03-26,202.0400506247244,202.615770925226,200.0298984639391,200.20553588867188,23434800,0.0,0.0,0.0
2024-03-27,201.7961052904106,204.6356961836832,201.1715918362837,204.5673828125,35028400,0.0,0.0,0.0
2024-03-28,204.99676311861296,206.75321207138248,204.762564961718,205.21144104003903,37675100,0.0,0.0,0.0
2024-04-01,205.67005766493483,205.6993305716236,202.92805288152545,203.2793426513672,25684200,0.0,0.0,0.0
2024-04-02,200.77151415327447,200.89837333757384,198.4783706117325,199.54200744628903,36632100,0.0,0.0,0.0
2024-04-03,198.458863942789,201.40577895106804,198.361277664814,200.84957885742188,27362800,0.0,0.0,0.0
2024-04-04,203.01586846769,203.5037700910732,198.29298432683825,198.8394317626953,32265200,0.0,0.0,0.0
2024-04-05,198.22466040218285,200.7227141986156,197.9709569317741,199.50296020507807,27569400,0.0,0.0,0.0
2024-04-08,200.9959389676039,201.4252947579374,199.6298204434293,200.5958709716797,21331000,0.0,0.0,0.0
2024-04-09,201.23014415414212,201.9619965798149,199.5224884942391,201.3862762451172,23289100,0.0,0.0,0.0
2024-04-10,196.31209657176467,198.01975231044565,194.71177978938388,196.06814575195312,57130500,0.0,0.0,0.0
2024-04-11,197.082968621808,198.00022598945864,195.25822144759343,197.3952178955078,37184000,0.0,0.0,0.0
2024-04-12,196.36087304501385,197.02442696115344,192.8967687198343,193.88233947753903,35388700,0.0,0.0,0.0
2024-04-15,194.54586960962683,195.3850609157575,190.26209436880947,191.0427398681641,41119300,0.0,0.0,0.0
2024-04-16,189.7058980791448,191.4916196691206,188.68130177150948,190.3401641845703,43267500,0.0,0.0,0.0
2024-04-17,191.7160553758376,191.86241989961096,188.32026441811723,188.3300170898437,38589500,0.0,0.0,0.0
2024-04-18,189.01308052399764,190.9256613844648,187.50058255677968,188.17388916015625,40238200,0.0,0.0,0.0
2024-04-19,187.2956681688703,189.6863830255756,186.7101802943577,188.4666290283203,42666500,0.0,0.0,0.0
2024-04-22,189.5107342307853,191.5501592183805,188.2324196110874,190.5743560791016,31553000,0.0,0.0,0.0
2024-04-23,190.53533751949183,194.49711122765612,190.408493221714,193.7652587890625,31838300,0.0,0.0,0.0
2024-04-24,193.37490793568128,194.09700762501217,191.7062928917702,192.89675903320312,28791700,0.0,0.0,0.0
2024-04-25,190.71095565360943,192.0673213343624,189.08136630260225,191.7257843017578,31915600,0.0,0.0,0.0
2024-04-26,192.2332402364636,194.07750778325064,191.66727256475428,193.56033325195312,24613600,0.0,0.0,0.0
2024-04-29,194.4288009366802,195.5607362998224,194.0677584925789,195.1216278076172,20494600,0.0,0.0,0.0
2024-04-30,193.3163828121376,193.84331001670284,191.0134865422773,191.15985107421875,30606800,0.0,0.0,0.0
2024-05-01,191.1403330412191,195.4729015739896,190.31089437640875,191.55992126464844,38782100,0.0,0.0,0.0
2024-05-02,193.970165476302,195.2777382351029,191.7843608740026,195.08258056640625,27201000,0.0,0.0,0.0
2024-05-03,198.48813608433304,199.2199884976025,196.25353837765493,197.01466369628903,30880600,0.0,0.0,0.0
2024-05-06,198.5466793964948,199.82497921325344,198.4588606815057,199.5615081787109,23129800,0.0,0.0,0.0
2024-05-07,199.81521832142343,201.16181656458528,199.5517472977196,200.0103759765625,20116900,0.0,0.0,0.0
2024-05-08,197.81480272282545,199.02480390933104,197.65867065561693,198.84915161132807,18349400,0.0,0.0,0.0
2024-05-09,199.0345929007057,201.00571966258627,198.4881454553311,200.8788604736328,22914300,0.0,0.0,0.0
2024-05-10,201.3570105324964,201.6204666946557,198.7516027011997,199.36636352539065,21520200,0.0,0.0,0.0
2024-05-13,201.0935070444129,201.55213569807444,199.64932260818813,199.7859344482422,18585300,0.0,0.0,0.0
2024-05-14,202.11811580093752,202.7133563314992,200.92763473981424,201.85464477539065,33169000,0.0,0.0,0.0
2024-05-15,204.14780757736017,204.6942550233084,202.69385535258112,204.3722381591797,33412300,0.0,0.0,0.0
2024-05-16,203.845288256353,204.28441162036145,202.8987579345703,202.8987579345703,26731100,0.0,0.0,0.0
2024-05-17,202.97682212575367,203.47449129653128,202.33280331760253,203.04513549804688,35219800,0.0,0.0,0.0
2024-05-20,202.9865811054213,204.411245406078,202.7523829826288,203.49398803710932,15695900,0.0,0.0,0.0
2024-05-21,202.80117387035665,203.64036518908787,202.5669757501614,203.298828125,13466800,0.0,0.0,0.0
2024-05-22,202.50843093318645,203.18173750366373,200.82029561604787,201.5814208984375,20853100,0.0,0.0,0.0
2024-05-23,202.4889303844737,202.59626933932577,197.45379684756733,198.27346801757807,34039800,0.0,0.0,0.0
2024-05-24,199.83471318272328,200.7031773586789,199.02480970085503,200.468994140625,19946100,0.0,0.0,0.0
2024-05-28,201.9620023029246,202.07909392968608,199.034592517278,200.19580078125,18475900,0.0,0.0,0.0
2024-05-29,197.6294358370593,198.0978172393676,196.89758338176296,197.23912048339844,25654800,0.0,0.0,0.0
2024-05-30,198.59546589045928,199.9811046090383,198.16611011211012,199.11264038085932,20428200,0.0,0.0,0.0
2024-05-31,199.9908651038237,201.2886851611203,198.16611786403385,200.79103088378903,25784900,0.0,0.0,0.0
2024-06-03,202.50843161762427,202.537704521694,198.2344089485489,199.6590881347656,23902900,0.0,0.0,0.0
2024-06-04,198.2344025981883,199.551742797424,196.7706978832928,197.0829620361328,27098900,0.0,0.0,0.0
2024-06-05,198.38076700675887,200.09817504882807,196.9072948424908,200.09817504882807,20707600,0.0,0.0,0.0
2024-06-06,199.239492905243,199.8542536941647,198.0782995888887,198.6637725830078,17335500,0.0,0.0,0.0
2024-06-07,196.6536208518084,198.25393752983464,195.8241821627051,196.33160400390625,26036000,0.0,0.0,0.0
2024-06-10,194.69226444174407,197.23911146531253,194.19459526556795,197.00491333007807,25075300,0.0,0.0,0.0
2024-06-11,195.3531531801527,196.7035253805416,194.159348902069,196.3316802978516,23768400,0.0,0.0,0.0
2024-06-12,201.4493779196833,202.81932487699075,198.73886848711192,199.34555053710932,43668700,0.0,0.0,0.0
2024-06-13,198.9052025661312,199.16939412576264,196.2044582852372,197.603759765625,28021100,0.0,0.0,0.0
2024-06-14,195.274856247429,195.74454505200544,193.6896472000224,194.46267700195312,33453700,0.0,0.0,0.0
2024-06-17,193.8657915976009,196.63502518694932,193.17104569179347,196.09683227539065,25538100,0.0,0.0,0.0
2024-06-18,196.1555495059192,197.3591336610856,195.73477508771845,196.43931579589844,25446900,0.0,0.0,0.0
2024-06-20,196.0185843027621,197.52550968588145,194.94219836400487,195.6075897216797,27999700,0.0,0.0,0.0
2024-06-21,195.63693329856807,196.1066370986735,194.19851207055768,196.0479278564453,37511300,0.0,0.0,0.0
2024-06-24,196.3806127708736,198.3376670374728,196.22404484607227,196.89923095703125,22289600,0.0,0.0,0.0
2024-06-25,196.8111703521093,196.8405249721024,195.52930217527776,196.2534027099609,15925400,0.0,0.0,0.0
2024-06-26,195.04983616563985,196.27299521328635,194.5409978210995,195.7348022460937,19313500,0.0,0.0,0.0
2024-06-27,196.32188961299616,197.80923999974087,195.6662782719038,197.7211761474609,17432600,0.0,0.0,0.0
2024-06-28,199.50213354938987,200.24580885824,196.99710626574705,198.53338623046875,35026000,0.0,0.0,0.0
2024-07-01,199.149858456593,199.4434196006569,196.1751274290841,196.8698883056641,21886200,0.0,0.0,0.0
2024-07-02,197.1928193078116,197.9267147591084,196.5861222482303,197.5450897216797,17219100,0.0,0.0,0.0
2024-07-03,197.90711914397764,198.9150009295522,197.30043707957265,197.4961395263672,15167200,0.0,0.0,0.0
2024-07-05,196.88945802127287,197.3004376400508,195.5880150962396,196.55674743652344,17282500,0.0,0.0,0.0
2024-07-08,198.1615194566816,199.32596910530503,197.50590808542697,197.9364624023437,20823800,0.0,0.0,0.0
2024-07-09,197.5842014607948,198.171323726592,196.22404931179912,197.0753631591797,17864200,0.0,0.0,0.0
2024-07-10,197.946255874724,199.2183441898251,197.1634460787908,199.0030670166016,19286100,0.0,0.0,0.0
2024-07-11,203.4358081261206,206.69430564151435,202.4964303329917,206.15611267089844,65443600,0.0,0.0,0.0
2024-07-12,208.3480010286408,210.3246300717361,208.09358934235692,208.5632781982422,50810700,0.0,0.0,0.0
2024-07-15,210.1778623018066,213.553793272776,209.6983935033114,212.52633666992188,48925300,0.0,0.0,0.0
2024-07-16,214.4344266621524,220.03160283119743,214.3170081889023,219.77719116210932,67945700,0.0,0.0,0.0
2024-07-17,217.5852997175704,221.773394764467,216.9003336923564,217.4776611328125,66092100,0.0,0.0,0.0
2024-07-18,216.6556995169344,219.9533312291724,212.32081648520548,213.26998901367188,53180000,0.0,0.0,0.0
2024-07-19,212.95686743816464,213.9549543760842,211.21509031378812,212.183822631836,37933500,0.0,0.0,0.0
2024-07-22,213.0057817139956,215.9120085285547,210.7551812258577,215.5597381591797,36185900,0.0,0.0,0.0
2024-07-23,214.50294152708383,218.94544818536724,214.3365787734176,217.84950256347656,44884600,0.0,0.0,0.0
2024-07-24,216.32300833567848,219.0530925664509,213.0449363483167,213.17214965820312,42443000,0.0,0.0,0.0
2024-07-25,213.7592676392515,219.2096714067204,213.5146358349193,215.8337554931641,45053100,0.0,0.0,0.0
2024-07-26,219.09221388939469,220.55022465805777,216.93945723428223,219.4053497314453,40822600,0.0,0.0,0.0
2024-07-29,219.88481709762524,220.57956293259608,216.02941818209777,216.9687957763672,33869700,0.0,0.0,0.0
2024-07-30,217.9375903758271,219.64023316651705,216.3621609056381,217.7908172607422,26876800,0.0,0.0,0.0
2024-07-31,218.9063274777257,223.7206795318942,217.2134646636023,219.0531005859375,52387700,0.0,0.0,0.0
2024-08-01,218.96500970391,220.06095525970792,210.4420322350404,211.9293975830078,71508100,0.0,0.0,0.0
2024-08-02,204.36540978661284,206.65515982978576,202.5453486143405,204.43389892578125,66850200,0.0,0.0,0.0
2024-08-05,193.65051512425435,200.3436521126553,192.47628554193213,197.85818481445312,65683100,0.0,0.0,0.0
2024-08-06,198.65078843046783,202.79974886077903,196.87965670394703,200.0109405517578,37072500,0.0,0.0,0.0
2024-08-07,203.3868784653189,203.49451705137471,197.2319341982751,197.64291381835932,30594500,0.0,0.0,0.0
2024-08-08,200.03053109615692,202.555133097515,198.80737207986763,202.447494506836,26550300,0.0,0.0,0.0
2024-08-09,202.60406086615515,202.67255000634088,200.53936786549664,202.0267333984375,20954500,0.0,0.0,0.0
2024-08-12,202.17349927638332,202.5355495514717,199.44341504063112,200.2066650390625,20357900,0.0,0.0,0.0
2024-08-13,201.6646519436977,203.90548742511825,200.46106775866176,203.50428771972656,25458300,0.0,0.0,0.0
2024-08-14,204.1501444725235,204.2675629642864,201.32220132382045,202.24200439453125,25345600,0.0,0.0,0.0
2024-08-15,206.72362750625828,208.52412869820023,205.4026248944122,207.48687744140625,42561600,0.0,0.0,0.0
2024-08-16,206.8312672559489,209.38522357069704,206.7432034008876,208.0348663330078,30427400,0.0,0.0,0.0
2024-08-19,208.3871492585964,210.5888353548117,208.25015605429968,210.5790405273437,17246200,0.0,0.0,0.0
2024-08-20,210.27569678801973,210.334406027513,207.496683290316,208.12294006347656,21703900,0.0,0.0,0.0
2024-08-21,209.6787957789913,211.0291680192641,208.25015450639305,210.83346557617188,19623100,0.0,0.0,0.0
2024-08-22,210.9411075752961,211.72391736034075,208.55349890994705,208.9742584228516,18084300,0.0,0.0,0.0
2024-08-23,210.55945891115547,216.3327778887105,210.1778339308824,215.64781188964844,40003100,0.0,0.0,0.0
2024-08-26,217.164524604178,217.67336290611087,215.3542583239279,215.71630859375,24865500,0.0,0.0,0.0
2024-08-27,214.2093776055147,214.65949172386365,213.0351480357768,214.04302978515625,19577900,0.0,0.0,0.0
2024-08-28,213.19172031576247,214.41487933888257,211.6260857248532,212.5948181152344,19685000,0.0,0.0,0.0
2024-08-29,214.0821871255092,216.23494405473943,212.48718295563629,214.11154174804688,24599500,0.0,0.0,0.0
2024-08-30,214.99222826060293,215.76525821693892,212.73181777521955,215.35427856445312,23010500,0.0,0.0,0.0
2024-09-03,213.44612677847,214.65949085881584,208.3382139861123,208.76876831054688,31338500,0.0,0.0,0.0
2024-09-04,208.19143191040897,210.74538837960165,207.1541955161484,208.41650390625,23706300,0.0,0.0,0.0
2024-09-05,208.9546865524457,209.43417024380216,206.39095012979217,207.37925720214844,23910500,0.0,0.0,0.0
2024-09-06,207.37923872958413,208.6121924172054,202.6921005446756,203.435775756836,34561300,0.0,0.0,0.0
2024-09-09,203.68042591466653,205.7451188553271,203.063963946348,204.0033416748047,23584100,0.0,0.0,0.0
2024-09-10,204.238190075609,204.37518328079423,201.37109773197184,203.8369903564453,23025700,0.0,0.0,0.0
2024-09-11,203.01503748524112,204.75681469050667,199.8250442182004,204.43389892578125,27175600,0.0,0.0,0.0
2024-09-12,205.402638416734,208.2110065698897,203.93484768618333,207.06613159179688,27611700,0.0,0.0,0.0
2024-09-13,209.43416276736409,212.5850213554784,209.34609890815852,212.17404174804688,37388100,0.0,0.0,0.0
2024-09-16,212.9568763601899,213.6026929555657,211.4988654772025,212.9373016357422,23289000,0.0,0.0,0.0
2024-09-17,214.86500200523884,217.03733355984468,213.77883622793595,214.6986541748047,35563500,0.0,0.0,0.0
2024-09-18,214.5224853013551,220.1098814388278,213.5635329538047,214.73776245117188,54085200,0.0,0.0,0.0
2024-09-19,219.83593754031213,219.8554973350661,216.74378781910292,219.16075134277344,35369500,0.0,0.0,0.0
2024-09-20,218.6518920352075,218.6616868627869,216.5382697753129,216.8122711181641,34587500,0.0,0.0,0.0
2024-09-23,217.90821852825565,218.3191981491485,215.2955527682754,216.0196533203125,20157700,0.0,0.0,0.0
2024-09-24,216.870977443114,217.16452364375823,214.78670983170272,216.3817138671875,20939800,0.0,0.0,0.0
2024-09-25,216.32477513921265,216.6095097539961,213.59517323434432,213.74246215820312,23242300,0.0,0.0,0.0
2024-09-26,216.4916839195664,217.1200776885383,214.4199456374405,214.8814239501953,24974700,0.0,0.0,0.0
2024-09-27,216.85496734997184,218.56341991433885,215.5490835192568,216.33457946777344,23959600,0.0,0.0,0.0
2024-09-30,215.44108538172003,217.57173329301008,214.61632134807672,216.88442993164065,21938200,0.0,0.0,0.0
2024-10-01,216.17745043396016,216.3443658677008,212.3776335443605,213.9387969970703,30016000,0.0,0.0,0.0
2024-10-02,213.0551458783409,214.7832249460693,212.28929146338604,213.64425659179688,14455400,0.0,0.0,0.0
2024-10-03,212.3089014971868,213.2907675920496,211.1797614809297,212.21072387695312,21353000,0.0,0.0,0.0
2024-10-04,215.3134402880064,215.990930387942,213.34970781611867,215.1759796142578,27901500,0.0,0.0,0.0
2024-10-07,214.6752167460085,214.69485826420453,211.9554432862668,213.48715209960932,14891800,0.0,0.0,0.0
2024-10-08,213.6835567581313,214.41012819451333,212.77041335504552,213.63446044921875,18118600,0.0,0.0,0.0
2024-10-09,213.5853707370444,215.62765439774668,212.9864317068284,214.1057586669922,18230700,0.0,0.0,0.0
2024-10-10,211.9849092046081,212.94714887959344,210.7084951145192,212.91769409179688,24571400,0.0,0.0,0.0
2024-10-11,212.83914150857328,217.59137034631635,212.7802319333921,217.24771118164065,19950900,0.0,0.0,0.0
2024-10-14,217.4342700450622,219.0641715556377,216.432762312022,218.84815979003903,19263300,0.0,0.0,0.0
2024-10-15,218.53396923945013,221.4108300392445,217.95465678998835,219.02490234375,25998800,0.0,0.0,0.0
2024-10-16,220.81189839445327,223.05055222592625,220.3209652738305,222.6283569335937,27656700,0.0,0.0,0.0
2024-10-17,222.7952750148257,222.84437132388288,220.83154250925853,222.01959228515625,18003600,0.0,0.0,0.0
2024-10-18,222.5497999346469,222.91308564000508,221.30282564634825,221.55810546875,20047400,0.0,0.0,0.0
2024-10-21,221.538481081589,221.5973906579389,217.51282356733307,218.072494506836,24243800,0.0,0.0,0.0
2024-10-22,217.453909676864,217.80738211004007,216.3051280145638,217.24771118164065,15813900,0.0,0.0,0.0
2024-10-23,216.0400262531936,216.79606744830528,213.42825847523648,215.2643585205078,23263500,0.0,0.0,0.0
2024-10-24,216.4327427796038,217.03168171524044,214.5672031346179,215.73562622070312,18381900,0.0,0.0,0.0
2024-10-25,217.2968299970329,217.9448653553308,214.5574295927237,214.92071533203125,23807800,0.0,0.0,0.0
2024-10-28,216.78623459537465,218.92671073059097,216.481858466452,218.42596435546875,19877700,0.0,0.0,0.0
2024-10-29,216.7371584217792,217.8761118696428,215.9811172247476,217.71902465820312,20282200,0.0,0.0,0.0
2024-10-30,217.06116803560303,220.40932039137252,216.8942375973567,217.4244537353516,19754800,0.0,0.0,0.0
2024-10-31,217.20842053555103,217.74844988869648,213.6835248209738,213.8111572265625,24078400,0.0,0.0,0.0
2024-11-01,215.5196383573549,216.96298291986423,214.3806699302432,215.00906372070312,21222200,0.0,0.0,0.0
2024-11-04,214.53777425644168,217.71902627970053,213.88973893987395,216.09893798828125,20463700,0.0,0.0,0.0
2024-11-05,215.36253879230063,220.2227737133652,215.08761744200007,220.1638641357422,26404600,0.0,0.0,0.0
2024-11-06,232.2997239343777,233.27177687962185,228.52936126897137,232.91830444335932,75554600,0.0,0.0,0.0
2024-11-07,232.5942674520224,234.1652592563401,231.1312815215276,232.0935211181641,34970300,0.0,0.0,0.0
2024-11-08,231.65168209089333,234.1456305935112,231.3767607573576,233.80197143554688,26597800,0.0,0.0,0.0
2024-11-11,236.15846742973096,237.994552466865,235.5006188601808,237.3170623779297,29207700,0.0,0.0,0.0
2024-11-12,235.60862675257383,237.40542876625807,232.2702725868509,233.15396118164065,35314300,0.0,0.0,0.0
2024-11-13,234.6169356515161,235.5300790477378,230.57165152664075,230.84657287597656,25947700,0.0,0.0,0.0
2024-11-14,231.67133273312112,232.1426243260156,227.017296416348,227.7340545654297,29272100,0.0,0.0,0.0
2024-11-15,228.0089925937935,228.077715443868,223.67895863010892,224.33680725097656,37930000,0.0,0.0,0.0
2024-11-18,225.0633750807024,226.41835525215163,223.9931445016742,224.77862548828125,29368500,0.0,0.0,0.0
2024-11-19,222.48105196407388,226.6343566521348,222.29449499455623,226.4477996826172,26009400,0.0,0.0,0.0
2024-11-20,226.05505200015097,226.7423553466797,223.90476261579803,226.7423553466797,24222700,0.0,0.0,0.0
2024-11-21,227.9500669036643,231.2982343341356,226.91910436868088,230.188720703125,28679400,0.0,0.0,0.0
2024-11-22,231.3669698112428,234.901694415002,231.0625936613256,234.44021606445312,22693100,0.0,0.0,0.0
2024-11-25,237.1108771463225,240.53758064079972,237.0126845321969,238.00436401367188,33534000,0.0,0.0,0.0
2024-11-26,236.8064955361799,237.228705815352,235.0882295946704,236.25665283203125,22581400,0.0,0.0,0.0
2024-11-27,237.621449060054,239.27099217358733,236.0799268168904,236.58067321777344,19472800,0.0,0.0,0.0
2024-11-29,237.9749113823823,239.0647834878592,237.159960620441,237.4839782714844,16782700,0.0,0.0,0.0
2024-12-02,237.8472697258944,238.25965172518528,235.65769734920505,237.3661499023437,25274800,0.0,0.0,0.0
2024-12-03,237.1599501825913,237.74907588257608,235.0293023729189,235.6773376464844,21376700,0.0,0.0,0.0
2024-12-04,235.92282002478748,237.2876135053293,234.872230933882,236.52175903320312,19903000,0.0,0.0,0.0
2024-12-05,236.1584665361619,236.49229745399776,233.4288796534532,233.76271057128903,20227000,0.0,0.0,0.0
2024-12-06,235.44166496475185,235.53985756735247,234.05724515344383,234.5972595214844,20760900,0.0,0.0,0.0
2024-12-09,236.1879220539096,237.00287281379616,233.34050102862707,233.41905212402344,16684300,0.0,0.0,0.0
2024-12-10,233.2717618505208,234.4892812707808,231.64186044487164,232.40771484375,19946500,0.0,0.0,0.0
2024-12-11,234.38130018213843,234.95076942545649,232.53538682958032,233.45834350585932,23156900,0.0,0.0,0.0
2024-12-12,232.85940124672703,233.34050611614617,230.10035950741604,230.4243621826172,21454500,0.0,0.0,0.0
2024-12-13,230.1199656498896,230.6010854587576,227.67512851569745,228.8435516357422,23972900,0.0,0.0,0.0
2024-12-16,228.6864665740682,231.3571439106336,228.1366238839676,230.188720703125,32293500,0.0,0.0,0.0
2024-12-17,229.12909280526267,229.88737871145432,227.04136098863177,227.553451538086,33064300,0.0,0.0,0.0
2024-12-18,228.70562717482863,229.53283990621784,215.58833232035352,217.47911071777344,52267500,0.0,0.0,0.0
2024-12-19,219.8524464136189,221.0144812468582,215.992105148761,216.5140380859375,51871700,0.0,0.0,0.0
2024-12-20,215.2732275438113,221.24100063128472,214.75129458576967,218.54269409179688,53882200,0.0,0.0,0.0
2024-12-23,218.36543071151968,219.01537500837816,216.0413460312983,218.0404510498047,29606800,0.0,0.0,0.0
2024-12-24,218.64116499425768,220.2266636084129,217.1245932625068,219.9903106689453,13399600,0.0,0.0,0.0
2024-12-26,219.03507101682888,222.6984589237944,218.09953171848773,222.24545288085932,20024800,0.0,0.0,0.0
2024-12-27,220.87663301308947,222.00914073859897,216.84888033935928,219.00555419921875,26956000,0.0,0.0,0.0
2024-12-30,217.3117213157444,218.4343715705096,214.53464543356628,217.32156372070312,25706100,0.0,0.0,0.0
2024-12-31,218.73965564339747,219.88200575672704,216.79963494239607,217.59732055664065,26208300,0.0,0.0,0.0
2025-01-02,219.53733419544048,220.95542197011247,216.258024999728,217.7745819091797,29363000,0.0,0.0,0.0
2025-01-03,218.6904260295762,221.3985750445096,218.0109244179413,221.01449584960932,24525300,0.0,0.0,0.0
2025-01-06,222.3242535296056,223.7127989729082,220.7289123978117,221.10313415527344,23541900,0.0,0.0,0.0
2025-01-07,222.1469961122468,223.07269305790496,218.0109171240421,219.3305206298828,28835200,0.0,0.0,0.0
2025-01-08,217.53822136700035,218.9267668502563,215.67698498416232,218.33590698242188,26795900,0.0,0.0,0.0
2025-01-10,214.9876389851448,215.3815605866582,212.0332945933707,213.53016662597656,37379400,0.0,0.0,0.0
2025-01-13,211.2356374233584,214.20968184067564,210.7137044164662,213.9437866210937,28603800,0.0,0.0,0.0
2025-01-14,215.84438454477709,216.8784080416756,213.91422137536705,216.3761749267578,25447500,0.0,0.0,0.0
2025-01-15,222.00911983747287,222.14698863155132,219.6062508321877,220.6304168701172,30124700,0.0,0.0,0.0
2025-01-16,220.7387407907456,221.80230648661976,219.32066822281803,221.07357788085932,21029800,0.0,0.0,0.0
2025-01-17,223.4764387043284,223.51583837570487,221.25083812185883,222.02882385253903,26754900,0.0,0.0,0.0
2025-01-21,224.0574647913352,226.3913918639146,223.5355318597168,226.2929077148437,26086300,0.0,0.0,0.0
2025-01-22,225.8596157494913,226.35200644000548,224.3627438428881,224.81573486328125,21307300,0.0,0.0,0.0
2025-01-23,223.4764356703177,225.85961987936608,223.10222895675304,225.8399200439453,20850700,0.0,0.0,0.0
2025-01-24,225.33769741683776,226.72622783384128,224.5695540654304,225.2096710205078,19074500,0.0,0.0,0.0
2025-01-27,223.2598197592308,226.125522494826,221.7826475139777,223.05300903320312,27461700,0.0,0.0,0.0
2025-01-28,223.2893366728629,224.09684959484844,221.7530650897475,223.29917907714844,16847400,0.0,0.0,0.0
2025-01-29,223.23025803441644,224.7468299241545,221.16222594828207,222.787109375,20280500,0.0,0.0,0.0
2025-01-30,225.04225110136545,226.5489654503849,223.4665948411731,225.05209350585932,25575100,0.0,0.0,0.0
2025-01-31,225.2687527374765,226.8148667996206,222.1075977267146,223.0332946777344,35330700,0.0,0.0,0.0
2025-02-03,218.1389145247745,222.1174396501177,217.31170178541169,220.42361450195312,34023300,0.0,0.0,0.0
2025-02-04,220.1971315244438,223.6734087349467,219.8130673717035,223.4764404296875,17985500,0.0,0.0,0.0
2025-02-05,224.58925571260625,226.00734340883488,223.4370632160636,225.9088592529297,15197300,0.0,0.0,0.0
2025-02-06,227.0019515446985,227.18906241201577,223.8408117151501,225.17025756835932,18809400,0.0,0.0,0.0
2025-02-07,225.3672565071477,225.76116310389693,222.1470167343865,222.5606231689453,28914400,0.0,0.0,0.0
2025-02-10,223.9097584934174,224.05748473016985,222.4227438801754,223.56509399414065,14574700,0.0,0.0,0.0
2025-02-11,221.6250500983188,222.97419576534327,221.3886971601937,222.26515197753903,18215700,0.0,0.0,0.0
2025-02-12,218.87752399304696,221.0637400573783,218.41467550027403,220.21682739257807,25572800,0.0,0.0,0.0
2025-02-13,221.6151903055664,222.89540907693305,220.34482896479028,222.69845581054688,21419400,0.0,0.0,0.0
2025-02-14,223.8113011396792,224.5104876067529,222.17656020366053,222.5310821533203,13574500,0.0,0.0,0.0
2025-02-18,222.70831631843672,224.20518831247955,222.07805679882483,223.752197265625,15166500,0.0,0.0,0.0
2025-02-19,221.9795883143248,223.6930984053698,221.65460863547125,222.9840545654297,16194800,0.0,0.0,0.0
2025-02-20,222.57044390551337,222.74771237539343,219.61609963780293,220.8470764160156,18507700,0.0,0.0,0.0
2025-02-21,222.56061785063915,222.91513978987123,214.1505904957629,214.48541259765625,45036900,0.0,0.0,0.0
2025-02-24,215.4603233452501,215.4603233452501,211.875719526352,212.9392852783203,30246200,0.0,0.0,0.0
2025-02-25,213.0771566756817,213.96346899307983,210.2409963290956,212.1317749023437,33665100,0.0,0.0,0.0
2025-02-26,212.7718810672136,215.0861235221541,211.5704464769771,212.3976593017578,25464200,0.0,0.0,0.0
2025-02-27,212.3582543003894,213.1953244766005,208.990303813822,209.15771484375,29378500,0.0,0.0,0.0
2025-02-28,208.41914455697807,211.39318873029097,207.74950038668865,211.38333129882807,32015400,0.0,0.0,0.0
2025-03-03,212.1219249870185,212.6734152386744,204.26337297644025,205.6026763916016,36330000,0.0,0.0,0.0
2025-03-04,202.79603140465213,206.57760349250503,200.0977399202564,203.2785797119141,56427100,0.0,0.0,0.0
2025-03-05,203.3081461373253,205.6617734192893,201.70296244354032,205.2974090576172,35778500,0.0,0.0,0.0
2025-03-06,202.64832027754863,204.95270520388803,200.7969263914784,202.1559295654297,39206300,0.0,0.0,0.0
2025-03-07,201.8506684442725,203.95810028648515,198.65997092432625,202.8157501220703,43514000,0.0,0.0,0.0
2025-03-10,200.3439336692489,201.6241525153247,195.7253064240968,197.71456909179688,39442800,0.0,0.0,0.0
2025-03-11,198.0592495987973,200.1272967503143,195.5086691314134,197.69488525390625,51509700,0.0,0.0,0.0
2025-03-12,199.9598715566552,200.64921554954785,196.51313656562,198.03955078125,36881700,0.0,0.0,0.0
2025-03-13,198.20694486962347,198.9553732798188,194.001924332738,195.085189819336,31336900,0.0,0.0,0.0
2025-03-14,197.192657365153,199.9795908754648,196.3063449794525,199.8023223876953,34089400,0.0,0.0,0.0
2025-03-17,199.62504234637228,202.88466634576048,199.5167157923184,202.3233337402344,26947600,0.0,0.0,0.0
2025-03-18,201.1981715980038,201.2672531538988,199.7176847284388,200.5664978027344,22888000,0.0,0.0,0.0
2025-03-19,200.7046913382956,204.97835050918903,200.2605331951938,203.68539428710932,31595600,0.0,0.0,0.0
2025-03-20,201.66207684640364,204.6033068085548,201.54362764517515,202.39244079589844,25665900,0.0,0.0,0.0
2025-03-21,200.08287369386,201.76075585954115,199.13535543754924,201.13894653320312,39470200,0.0,0.0,0.0
2025-03-24,204.26772790837487,206.5081873360788,204.0012360381008,206.1430053710937,25774700,0.0,0.0,0.0
2025-03-25,205.97521947272,206.54767624136463,204.3960273481626,204.9980926513672,17836900,0.0,0.0,0.0
2025-03-26,205.2547377151379,206.1035509196664,202.0173920748504,202.91555786132807,19344600,0.0,0.0,0.0
2025-03-27,202.6589228957823,203.66565822604403,201.10933934526707,201.9482879638672,23960000,0.0,0.0,0.0
2025-03-28,201.8791825437127,201.9186706272597,196.7863191674041,197.84239196777344,26656200,0.0,0.0,0.0
2025-03-31,194.9110504385553,198.02994676474927,192.9469472618485,196.89491271972656,32250800,0.0,0.0,0.0
2025-04-01,196.40140244720865,198.6122533007929,194.1017109315992,196.9146270751953,26054100,0.0,0.0,0.0
2025-04-02,194.22013773101884,200.68493345590244,193.983254408386,200.02365112304688,36603000,0.0,0.0,0.0
2025-04-03,190.59788833054728,192.52251833112348,186.73874877792275,187.18289184570312,60551500,0.0,0.0,0.0
2025-04-04,180.2344879217594,181.655757850928,174.3717569940855,178.8329620361328,92612800,0.0,0.0,0.0
2025-04-07,172.05233404933594,187.7750985405017,169.49601508593216,177.21429443359375,96706200,0.0,0.0,0.0
2025-04-08,183.27439628958223,183.50140004616412,170.09805789270968,172.54580688476562,61090600,0.0,0.0,0.0
2025-04-09,170.47313065644326,189.6108904759104,169.5058834440602,187.2124938964844,123015100,0.0,0.0,0.0
2025-04-10,182.11964997719184,183.067153249096,174.67772668849207,179.34620666503906,67503000,0.0,0.0,0.0
2025-04-11,178.78361751668015,182.4453621537084,176.25692199994484,181.96173095703125,44954400,0.0,0.0,0.0
2025-04-14,185.3668173970848,185.524739605714,180.66874464254724,184.1034698486328,35214600,0.0,0.0,0.0
2025-04-15,183.9159555727616,186.59070862731093,183.42245992183527,184.3304901123047,30715500,0.0,0.0,0.0
2025-04-16,183.28428116950147,184.30088100241105,180.18512909377583,182.56378173828125,35063300,0.0,0.0,0.0
2025-04-17,182.5835156101461,184.9917615943456,182.0604114557615,184.0541229248047,42359200,0.0,0.0,0.0
2025-04-21,182.5934033002036,182.87962417073985,178.41843402541073,180.36280822753903,26019000,0.0,0.0,0.0
2025-04-22,182.74142308148424,185.6530593039625,182.14923737035485,185.03125,34477100,0.0,0.0,0.0
2025-04-23,190.4103657543358,192.9666696869549,187.37043064785937,187.7751007080078,44866100,0.0,0.0,0.0
2025-04-24,188.2784482746397,191.8414873434164,187.4197706934516,191.5355224609375,29820100,0.0,0.0,0.0
2025-04-25,190.2129600579711,191.73291999762083,189.0581820714214,191.59474182128903,25029000,0.0,0.0,0.0
2025-04-28,191.96978945313515,193.59831891795287,190.0254155736452,192.4040679931641,22482300,0.0,0.0,0.0
2025-04-29,191.9402024225696,194.2991110653392,190.4991884747168,193.53912353515625,20118200,0.0,0.0,0.0
2025-04-30,190.62750795745885,192.93706409254892,188.23899070745628,192.3251342773437,29046100,0.0,0.0,0.0
2025-05-01,193.1640764458948,195.09857098513177,191.2197023549432,193.51939392089844,33169700,0.0,0.0,0.0
2025-05-02,195.7499840314456,198.59252376127057,195.6019263020136,197.8720092773437,30201800,0.0,0.0,0.0
2025-05-05,195.9868535907148,197.8917394144933,195.5032224716879,196.3520355224609,20834200,0.0,0.0,0.0
2025-05-06,194.0326151075837,196.0065976979704,193.09497638920843,194.2102813720703,24642100,0.0,0.0,0.0
2025-05-07,195.5229838191082,195.976991386282,193.4897690773084,194.8518218994141,23623300,0.0,0.0,0.0
2025-05-08,197.17125048182305,200.1026157623678,195.68088402359348,198.5628967285156,32646300,0.0,0.0,0.0
2025-05-09,198.9182228311336,199.648601825324,197.35878980780345,198.19772338867188,17203000,0.0,0.0,0.0
2025-05-12,206.12326106911425,207.00168273048533,203.142558163509,205.16587829589844,38207200,0.0,0.0,0.0
2025-05-13,206.21208570888012,206.8832476262787,205.25471800042948,205.9160003662109,28295800,0.0,0.0,0.0
2025-05-14,205.33367632626448,205.82717200727004,203.8433247913332,204.090072631836,26316100,0.0,0.0,0.0
2025-05-15,203.89264596404183,205.48170241451453,202.71812401452408,205.4224853515625,21563700,0.0,0.0,0.0
2025-05-16,205.70872704150983,207.3964888082906,205.0770532054646,207.12013244628903,28906400,0.0,0.0,0.0
2025-05-19,204.1097872568565,206.3699905235616,203.5768035644274,206.2515563964844,25859600,0.0,0.0,0.0
2025-05-20,205.9455881823372,207.03126947025305,205.2546973517925,206.3601226806641,22053100,0.0,0.0,0.0
2025-05-21,203.9420060581077,204.9092532626753,200.2013008005769,200.5664978027344,36704400,0.0,0.0,0.0
2025-05-22,199.6584596856768,201.7114033582012,198.9083517335261,200.5566253662109,31831300,0.0,0.0,0.0
2025-05-23,197.18112263935492,200.61584818009527,197.0528089498055,199.92495727539065,29114600,0.0,0.0,0.0
2025-05-27,202.96489295669687,205.0474452290644,201.5041500306713,204.9980926513672,31655900,0.0,0.0,0.0
2025-05-28,205.00797129587107,205.3238006832096,202.530613473181,202.83657836914065,26046700,0.0,0.0,0.0
2025-05-29,204.25784900537087,204.36641865210203,201.81011476850432,203.4386444091797,32749500,0.0,0.0,0.0
2025-05-30,202.4713947921084,203.5669557381289,200.89220268711395,202.40231323242188,37768900,0.0,0.0,0.0
2025-06-02,202.6490553293206,203.16227994768832,200.03351942062463,203.0339813232422,30334300,0.0,0.0,0.0
2025-06-03,203.7742161251845,206.88323247790024,202.8760504907409,206.310775756836,37702200,0.0,0.0,0.0
2025-06-04,206.458818462164,207.2780229910913,205.4323542084992,205.7284545898437,27225300,0.0,0.0,0.0
2025-06-05,205.9850932420488,207.1003982950136,204.3072109468147,205.8173065185547,35728700,0.0,0.0,0.0
2025-06-06,208.7486573849445,209.37046671559727,207.8603712499764,209.14344787597656,32144500,0.0,0.0,0.0
2025-06-09,211.0878328173505,211.4925028807431,209.78501208144047,210.58447265625,33984400,0.0,0.0,0.0
2025-06-10,211.67016016405165,212.62752786659567,211.02860678487824,211.7194976806641,30182200,0.0,0.0,0.0
2025-06-11,212.77558213404723,213.1210200461716,210.5252432185202,210.8509521484375,31113400,0.0,0.0,0.0
2025-06-12,209.40995858359287,210.4956551220615,208.8769898667132,210.01202392578125,25367000,0.0,0.0,0.0
2025-06-13,207.11024612374777,208.68943819238004,205.5113250729691,206.172607421875,60580000,0.0,0.0,0.0
2025-06-16,208.31633567764692,209.77122580475884,207.4849742055642,208.60336303710932,28974000,0.0,0.0,0.0
2025-06-17,206.910940923648,208.2866516524059,206.2280314428376,206.4061889648437,32843200,0.0,0.0,0.0
2025-06-18,206.29731983595903,209.2169919565622,205.6441007562224,207.494873046875,42850500,0.0,0.0,0.0
2025-06-20,208.93986510273817,209.078425348596,206.3171121983105,207.0594024658203,36978100,0.0,0.0,0.0
2025-06-23,206.33690529066692,209.6029856393991,204.684074030676,209.5930938720703,35516400,0.0,0.0,0.0
2025-06-24,211.09747233456025,212.7206133007685,210.1770395466812,212.26535034179688,31772500,0.0,0.0,0.0
2025-06-25,212.453381131525,212.52265370535912,209.71185144088253,209.79103088378903,27725600,0.0,0.0,0.0
2025-06-26,210.6421982221206,213.3342389652794,210.51352973525488,213.1956787109375,26261200,0.0,0.0,0.0
2025-06-27,213.8290862070605,215.1751064970156,211.9288249333476,213.2649383544922,47717300,0.0,0.0,0.0
2025-06-30,214.45259733006623,214.4823028342265,213.17586472853125,213.57174682617188,25558000,0.0,0.0,0.0
2025-07-01,212.41378464899992,218.2630357612863,211.9486148589033,215.76893615722656,43864800,0.0,0.0,0.0
2025-07-02,216.12524410110183,218.8271917313256,215.1256319098136,218.7579040527344,35735200,0.0,0.0,0.0
2025-07-03,219.727811425141,221.03424954771305,219.49028820426184,220.7868194580078,23515700,0.0,0.0,0.0
2025-07-07,219.29234939774904,220.52949985893977,216.1648294073947,217.47125244140625,41551200,0.0,0.0,0.0
2025-07-08,218.3125208786494,220.00493425311743,218.0650907863173,218.9756317138672,36339300,0.0,0.0,0.0
2025-07-09,220.282067450908,221.3905494198625,218.8469608494664,221.3509521484375,32425200,0.0,0.0,0.0
2025-07-10,221.09364159958767,223.72630151243447,220.56909099088432,222.48915100097656,33865900,0.0,0.0,0.0
2025-07-11,220.8758800559696,221.24207173852423,219.2923366190828,219.4209899902344,31579600,0.0,0.0,0.0
2025-07-14,219.0943926028052,221.0441429321045,218.78758170563503,220.89569091796875,24632200,0.0,0.0,0.0
2025-07-15,221.7666652206941,221.92500901289563,216.54092742772625,216.5706329345703,44215400,0.0,0.0,0.0
2025-07-16,217.95622177973868,219.0943941680691,214.6802497609744,218.7480010986328,48199800,0.0,0.0,0.0
2025-07-17,218.80737714716804,221.8952998115864,218.4411854496896,221.61817932128903,43548000,0.0,0.0,0.0
2025-07-18,222.9741043596296,223.04339203720733,219.6981322212549,220.04454040527344,49009900,0.0,0.0,0.0
2025-07-21,221.2420732929316,222.10314023910905,218.975620409029,219.1537628173828,28191400,0.0,0.0,0.0
2025-07-22,219.34182112096312,221.5093111234036,218.3916980334409,220.9748687744141,30873300,0.0,0.0,0.0
2025-07-23,222.50894233647068,224.37951324433823,221.76665205395287,224.3498077392578,37478100,0.0,0.0,0.0
2025-07-24,223.2017493015843,223.52835884649696,221.1827112242941,221.2519989013672,29446700,0.0,0.0,0.0
2025-07-25,222.11303797949,222.29119549456908,220.2523588985491,222.07345581054688,24555500,0.0,0.0,0.0
2025-07-28,223.0037928148705,223.1225544222833,221.1332068865169,221.8161163330078,24934900,0.0,0.0,0.0
2025-07-29,223.29081481795887,223.36999426033643,219.7773044598685,220.4008331298828,28685900,0.0,0.0,0.0
2025-07-30,221.3608589789108,222.6177929606561,217.8572404531755,219.28244018554688,48924400,0.0,0.0,0.0
2025-07-31,218.19375840614265,219.737719759894,216.6299984165412,217.1347503662109,42913900,0.0,0.0,0.0
2025-08-01,213.997348171026,214.3338494858243,210.1572281491739,212.7107086181641,63854100,0.0,0.0,0.0
2025-08-04,214.3239489170656,217.4811593103337,213.8587791355031,217.47125244140625,34989600,0.0,0.0,0.0
2025-08-05,218.2927150768744,218.98551629227484,215.99657174841377,218.57974243164065,31337100,0.0,0.0,0.0
2025-08-06,218.6787302392904,218.718327514344,217.1248769869894,218.2927398681641,23142100,0.0,0.0,0.0
2025-08-07,220.4701055879316,220.54928503026773,216.26379398865583,217.5801239013672,37088000,0.0,0.0,0.0
2025-08-08,218.7974966006048,219.2923568017892,217.48116665322203,218.05520629882807,28318100,0.0,0.0,0.0
2025-08-11,218.50056696452475,219.4012010099508,217.55042877903625,218.00570678710932,25212800,0.0,0.0,0.0
2025-08-12,219.5694803017847,224.64673576588777,218.87666392912683,224.47848510742188,43815500,0.0,0.0,0.0
2025-08-13,225.9135758423888,229.080693242841,225.48800331408984,228.84315490722656,41705800,0.0,0.0,0.0
2025-08-14,226.0917246237236,226.448024562395,223.84505514649155,225.893783569336,55945500,0.0,0.0,0.0
2025-08-15,226.2896688822148,226.42822913244143,223.7163898329369,224.79519653320312,33571400,0.0,0.0,0.0
2025-08-18,224.87437840225,226.11152890045315,224.60714966609632,225.61666870117188,20144100,0.0,0.0,0.0
2025-08-19,225.6760349441639,226.6261580083817,223.3699847521081,223.8846435546875,25000700,0.0,0.0,0.0
2025-08-20,223.60750869254937,224.0528949261509,221.3905448008937,223.0928649902344,29229700,0.0,0.0,0.0
2025-08-21,222.1031789536695,223.99354871546663,221.4796502118774,223.6471405029297,24539400,0.0,0.0,0.0
2025-08-22,225.0327104507772,232.9999622640186,224.8446611685495,232.41603088378903,58205500,0.0,0.0,0.0
2025-08-25,231.7331212964812,231.8914801763655,229.971420288086,229.971420288086,28453700,0.0,0.0,0.0
2025-08-26,230.4365821513721,232.4556049438441,230.1990438396969,231.8716735839844,25121500,0.0,0.0,0.0
2025-08-27,231.33725132295444,233.6927756014667,231.1590937982639,233.5146331787109,25395400,0.0,0.0,0.0
2025-08-28,234.5241618672112,234.5340536349043,232.9307113563647,233.7917633056641,25011200,0.0,0.0,0.0
2025-08-29,234.30641651848228,234.5835370265685,231.9607688652692,232.75254821777344,29254800,0.0,0.0,0.0
2025-09-02,229.6052509009743,231.9904656900188,229.0905920423129,231.49560546875,33108600,0.0,0.0,0.0
2025-09-03,230.87207748313685,232.8416113759073,230.07040639091025,231.26795959472656,33252400,0.0,0.0,0.0
2025-09-04,231.822202998316,234.23712316911275,231.1788907848208,234.157943725586,30323800,0.0,0.0,0.0
2025-09-05,235.27633188305632,237.21617538677896,232.53480217929388,235.3258209228516,47542500,0.0,0.0,0.0
2025-09-08,236.05820993184045,236.107698972807,233.960007491887,235.80088806152344,31487700,0.0,0.0,0.0
2025-09-09,235.45447754344949,235.51387345318176,232.9999751755689,234.415283203125,35395800,0.0,0.0,0.0
2025-09-10,234.8705468013701,235.8206850346457,233.039573114005,233.9995880126953,33910200,0.0,0.0,0.0
2025-09-11,234.4152839348127,238.4533298969896,233.8115538837631,238.32467651367188,43629800,0.0,0.0,0.0
2025-09-12,237.7308187608724,237.8495954690455,235.7513781132349,235.8899383544922,46097600,0.0,0.0,0.0
2025-09-15,236.77081068321223,237.5724818031586,236.0978080498521,236.8895874023437,33014000,0.0,0.0,0.0
2025-09-16,236.66822434967324,237.1446333997298,234.99085013254944,236.4994964599609,37059300,0.0,0.0,0.0
2025-09-17,237.03548088501967,242.45467383574072,235.2489279334964,237.10494995117188,79955600,0.0,0.0,0.0
2025-09-18,239.00066246491727,243.3181486793278,238.33567075312817,243.01046752929688,49167700,0.0,0.0,0.0
2025-09-19,243.73505667969616,243.73505667969616,240.69790892043952,241.16439819335932,56092000,0.0,0.0,0.0
2025-09-22,240.4299142871118,242.9608477935262,239.3083531454436,242.5638427734375,53572900,0.0,0.0,0.0
2025-09-23,243.17919989686928,245.3329831315653,241.62093932434,242.0179443359375,41854500,0.0,0.0,0.0
2025-09-24,242.0774945360856,242.78219585096028,239.7549834049841,239.7946929931641,36002200,0.0,0.0,0.0
2025-09-25,237.19425671377857,238.19671934627527,235.77494942487567,237.5019378662109,37209500,0.0,0.0,0.0
2025-09-26,237.8294874622546,239.87409214265384,237.54166108710285,239.53663635253903,28942800,0.0,0.0,0.0
2025-09-29,241.0254297168939,241.11475357762583,239.0105996416043,239.8145446777344,26391500,0.0,0.0,0.0
2025-09-30,239.3083686620756,240.32075121714607,237.6111395298917,240.1520233154297,33447700,0.0,0.0,0.0
2025-10-01,238.77240338447385,241.2239329455022,238.75254858932885,240.6780548095703,28520000,0.0,0.0,0.0
2025-10-02,241.1842270196619,242.2660785596142,239.6656608759345,242.1966094970703,28687400,0.0,0.0,0.0
2025-10-03,243.51669393923493,246.2362103309292,243.19907778398115,243.9931030273437,34579600,0.0,0.0,0.0
2025-10-06,245.878882944208,246.62327871940096,244.23129847180667,244.9657592773437,31507400,0.0,0.0,0.0
2025-10-07,245.51165695806787,245.7895635075577,241.3728181909118,242.3355712890625,31766600,0.0,0.0,0.0
2025-10-08,243.4472071907466,245.1146616989205,241.97827034992488,244.8764495849609,25825000,0.0,0.0,0.0
2025-10-09,244.4695000237953,245.40247850274264,242.1866832413272,243.2983245849609,26243100,0.0,0.0,0.0
2025-10-10,243.9136959330536,245.0451769686205,235.78489119171428,236.0131683349609,70569400,0.0,0.0,0.0
2025-10-13,240.0229863180991,242.80206703221253,239.59619151259704,242.58370971679688,36298600,0.0,0.0,0.0
2025-10-14,239.42744957038843,247.73491660471703,238.5639553294725,246.047607421875,45320800,0.0,0.0,0.0
2025-10-15,248.4892472770701,250.8812427814342,245.21390268390743,248.45947265625,45369000,0.0,0.0,0.0
2025-10-16,249.09467840905032,249.3825047787307,242.17675911934631,243.2288360595703,52740400,0.0,0.0,0.0
2025-10-17,241.50186265947693,243.3281101093839,239.665680239282,241.5911865234375,55379500,0.0,0.0,0.0
2025-10-20,244.7771781719498,246.47440721405,244.30076911328536,246.30567932128903,32545000,0.0,0.0,0.0
2025-10-21,245.58113919505016,246.51411772328044,243.6754876914354,245.1444396972656,26337900,0.0,0.0,0.0
2025-10-22,244.1916000570787,245.01539990336232,238.9709095669408,241.52169799804688,46578400,0.0,0.0,0.0
2025-10-23,242.4645854664884,245.27344067830364,241.85914296295545,244.57867431640625,28591000,0.0,0.0,0.0
2025-10-24,247.9334229162411,249.23363178231853,247.10962310644888,247.5661773681641,26627000,0.0,0.0,0.0
2025-10-27,249.8986242623293,250.3254190506048,247.6356623073349,248.4296875,31798100,0.0,0.0,0.0
2025-10-28,247.68530392637044,249.0252073067946,246.25606153810065,247.09971618652344,28075900,0.0,0.0,0.0
2025-10-29,246.98058453706,249.2634012326077,242.86160071828849,244.9955291748047,56235300,0.0,0.0,0.0
2025-10-30,243.4372760812936,246.28582576745345,242.80205895161703,243.0204162597656,44538700,0.0,0.0,0.0
2025-10-31,243.15936628899047,244.9459040303369,241.86907725208525,244.3900909423828,37214700,0.0,0.0,0.0
2025-11-03,244.330543793127,244.4198676520041,240.6780491011813,243.6060028076172,28887900,0.0,0.0,0.0
2025-11-04,239.9832622598724,242.2363043450524,239.199172052528,239.39767456054688,34468700,0.0,0.0,0.0
2025-11-05,240.15200791244035,243.8938264209503,239.8343917803301,242.85166931152344,38229200,0.0,0.0,0.0
2025-11-06,242.43481855599123,242.96085704278133,238.2066558664789,238.55404663085932,40601200,0.0,0.0,0.0
2025-11-07,236.62854074437132,239.8542558805078,234.5045319989832,239.8046264648437,54978900,0.0,0.0,0.0
2025-11-10,243.1792159125632,243.4075081967989,240.4398448046771,242.20654296875,31238000,0.0,0.0,0.0
2025-11-11,241.55146860451163,242.9112418919344,240.7078291215704,242.4149780273437,27357900,0.0,0.0,0.0
2025-11-12,243.01047293311228,244.5389740375888,241.51176159215063,241.81944274902344,34543200,0.0,0.0,0.0
2025-11-13,240.032913433518,240.8666331296416,234.07774678445412,235.0206451416016,65710000,0.0,0.0,0.0
2025-11-14,231.5964257584326,236.94614982234785,231.5269566899516,235.7054901123047,58344400,0.0,0.0,0.0
2025-11-17,234.69310121581427,236.06277911191447,230.02820901713,231.020736694336,55765900,0.0,0.0,0.0
2025-11-18,229.58158509282447,233.3234188475849,229.23420947677505,231.72544860839844,63092500,0.0,0.0,0.0
2025-11-19,232.05299080492708,234.6037792452329,230.69321749000216,231.6857452392578,57280500,0.0,0.0,0.0
2025-11-20,235.46728068634576,237.3133828430372,227.18958802873308,227.3980255126953,95483000,0.0,0.0,0.0
2025-11-21,228.2416679053783,235.3382346335113,227.8645025473461,233.8395233154297,99504100,0.0,0.0,0.0
2025-11-24,234.19684490513868,238.593735387003,233.72042070053112,238.10739135742188,36135300,0.0,0.0,0.0
2025-11-25,238.94112850469705,243.71518440953443,238.2463469856368,243.2983245849609,46160800,0.0,0.0,0.0
2025-11-26,243.2189304613506,246.9706841801686,242.9410239003101,245.45211791992188,34636600,0.0,0.0,0.0
2025-11-28,246.1567899175531,246.9508151080965,245.2238265992933,246.89126586914065,18911800,0.0,0.0,0.0
2025-12-01,243.7350536956712,245.8392077385549,243.50676140251147,243.78466796875,36920000,0.0,0.0,0.0
2025-12-02,245.5215705911367,245.5215705911367,243.2883832817043,243.3380126953125,31918500,0.0,0.0,0.0
2025-12-03,244.13203920274435,247.97311654947296,243.64569517837955,247.7646942138672,32846300,0.0,0.0,0.0
2025-12-04,247.1096442424564,250.7720741981898,246.682849418935,249.9383544921875,40245800,0.0,0.0,0.0
2025-12-05,249.61080036522185,250.77205597378403,248.4098351670088,248.89617919921875,36956600,0.0,0.0,0.0
2025-12-08,250.81176526444065,250.8812494780568,248.31059103538308,248.9954376220703,29100000,0.0,0.0,0.0
2025-12-09,248.3800546825375,251.05987641938896,248.2311815867899,249.51153564453125,30170100,0.0,0.0,0.0
2025-12-10,249.0252035086654,254.65284911283777,248.66789291704768,252.905990600586,51105200,0.0,0.0,0.0
2025-12-11,252.7372657861624,256.0820946038533,252.41966478127773,255.87364196777344,41345200,0.0,0.0,0.0
2025-12-12,256.0225405346723,256.27067246762334,251.54623077158243,251.9531707763672,57657700,0.0,0.0,0.0
2025-12-15,253.64046124629056,253.7794145209553,249.85893306562667,250.0475006103516,43120100,0.0,0.0,0.0
2025-12-16,249.30260476099497,251.11507010112945,247.44035877383777,248.8644256591797,43115300,0.0,0.0,0.0
2025-12-17,249.33248864222205,251.11507958323045,245.6776985530693,246.2154693603516,38132400,0.0,0.0,0.0
2025-12-18,249.1432614919246,250.3183795429759,247.18143903603925,247.6793670654297,39068000,0.0,0.0,0.0
2025-12-19,248.2470104217149,250.3582205168994,248.0279208613967,249.7507476806641,43610400,0.0,0.0,0.0
2025-12-22,251.2345741025572,254.06280176172635,251.1549037915944,252.52919006347656,40497300,0.0,0.0,0.0
2025-12-23,251.3739878080867,252.1706757045996,250.41797448871745,251.035400390625,24973500,0.0,0.0,0.0
2025-12-24,250.925872266895,251.8121836217492,250.07938847150848,251.66281127929688,12103000,0.0,0.0,0.0
2025-12-26,251.5333247249237,251.7026184311632,249.3623506187632,250.3781280517578,17429900,0.0,0.0,0.0
2025-12-29,249.22294318488625,250.45781022458533,248.3167256786223,248.8445281982422,25218800,0.0,0.0,0.0
2025-12-30,248.9341452309793,249.113392031294,246.9225116970657,247.002182006836,22123600,0.0,0.0,0.0
2025-12-31,247.1515567121519,247.2511483992098,244.99055082390527,245.1399383544922,35352000,0.0,0.0,0.0
2026-01-02,246.60385601216453,248.05779743875965,244.8411864239075,247.74908447265625,40007700,0.0,0.0,0.0
2026-01-05,248.7548742838663,252.4993027305365,248.5357999343288,251.6826934814453,37428100,0.0,0.0,0.0
2026-01-06,251.19474554482852,255.18812299425983,250.4777279445757,255.0188140869141,40677800,0.0,0.0,0.0
2026-01-07,255.33749620704148,255.7358325660808,252.91757319453964,254.4213104248047,33052000,0.0,0.0,0.0
2026-01-08,253.6445392627768,257.8570062052604,253.30595184421145,257.1997375488281,37957000,0.0,0.0,0.0
2026-01-09,258.5043110728011,260.47611707640004,257.02049522039874,259.1516418457031,36301500,0.0,0.0,0.0
2026-01-12,258.2055799790852,260.5757224660217,257.1698810790966,260.4163818359375,28423400,0.0,0.0,0.0
2026-01-13,261.3226033276642,261.8006251973436,259.3806717726527,260.2669982910156,33882400,0.0,0.0,0.0
2026-01-14,260.0479041321928,262.3682354363099,259.11179698174664,262.099365234375,37164300,0.0,0.0,0.0
2026-01-15,262.96575603814006,265.94335601465525,262.63713690135086,264.4097595214844,33465200,0.0,0.0,0.0
2026-01-16,264.76825150504897,266.11266329319164,263.61305480366576,264.6587219238281,33844900,0.0,0.0,0.0
2026-01-20,260.05787749479043,263.9815225833427,259.9781919874733,261.49188232421875,47911500,0.0,0.0,0.0
2026-01-21,263.5433573991926,267.4769705282831,261.83048379224016,266.6802978515625,59952800,0.0,0.0,0.0
2026-01-22,268.7118094284621,270.47449398775785,268.3035352151935,268.6719970703125,35110800,0.0,0.0,0.0
2026-01-23,267.9251286495007,267.935066544356,263.36409077766166,263.712646484375,42636700,0.0,0.0,0.0
2026-01-26,263.9715879177616,265.5848699628326,262.39811823571983,262.8861083984375,32119300,0.0,0.0,0.0
2026-01-27,262.9557903619885,263.76243136959306,261.5715661899831,263.63299560546875,26975500,0.0,0.0,0.0
2026-01-28,264.8778102049026,265.57489122387966,261.4719690507107,262.2088928222656,37139100,0.0,0.0,0.0
2026-01-29,262.97573693943,263.96162478820776,258.3350437020528,262.27862548828125,43922900,0.0,0.0,0.0
2026-01-30,259.9881647079238,261.89025354526973,256.871130187759,258.57403564453125,59164200,0.0,0.0,0.0
2026-02-02,257.40888716337287,262.67694387669945,257.27942101207213,261.0935363769531,42896200,0.0,0.0,0.0
2026-02-03,261.96987850509583,263.9615905170808,257.4785581929134,261.6910400390625,54588000,0.0,0.0,0.0
2026-02-04,263.0653296673872,263.5532893916176,256.0744313537076,259.4403991699219,48826500,0.0,0.0,0.0
2026-02-05,257.42878547901046,260.5358514508403,253.99308519161283,254.7698516845703,48279600,0.0,0.0,0.0
2026-02-06,258.6636343308419,264.6188643039633,258.5042937198328,263.9217529296875,43354900,0.0,0.0,0.0
2026-02-09,263.74252343444306,266.56081319036696,262.2487392982776,265.7740783691406,29064800,0.0,0.0,0.0
2026-02-10,266.12264121064806,267.40727372057216,264.77822937384855,265.0570678710937,24661700,0.0,0.0,0.0
2026-02-11,267.3574837695425,267.8454435249658,261.0138853845763,263.8520812988281,41829400,0.0,0.0,0.0
2026-02-12,265.91346104914527,266.3516401251635,257.3192492049249,258.4644775390625,47628200,0.0,0.0,0.0
2026-02-13,259.5200945857015,264.0711640609934,257.438759073078,261.87030029296875,45360300,0.0,0.0,0.0
2026-02-17,261.2927130550697,263.2644885671054,257.98646370312207,261.9499816894531,33734800,0.0,0.0,0.0
2026-02-18,261.94001332121513,265.8039396239448,260.7649104863768,262.8960266113281,36034700,0.0,0.0,0.0
2026-02-19,261.4819532957484,263.5433827940721,259.99810698503546,263.5035400390625,31006000,0.0,0.0,0.0
2026-02-20,261.7607722469699,266.2221879590529,261.0537229517273,263.5134582519531,47126600,0.0,0.0,0.0
2026-02-23,262.3084670985484,263.2744486444188,257.0304423991211,259.4105224609375,44001100,0.0,0.0,0.0
2026-02-24,259.32091849561954,263.04544092005057,258.78314770012446,262.23876953125,34884200,0.0,0.0,0.0
2026-02-25,264.15081847161343,264.1806929376056,261.3424971038912,263.48358154296875,26012100,0.0,0.0,0.0
2026-02-26,263.9118368124776,265.1367203745678,261.0337980736441,264.88775634765625,41206500,0.0,0.0,0.0
2026-02-27,261.0138948623686,261.67116354782814,258.69353308612426,260.3267517089844,40631500,0.0,0.0,0.0
2026-03-02,256.7416304159024,263.18481988848544,256.721724236898,262.7167663574219,53495700,0.0,0.0,0.0
2026-03-03,255.73584950723875,260.0379554085336,252.26032123704508,258.1657409667969,59537000,0.0,0.0,0.0
2026-03-04,260.1176160043469,261.8703020105644,257.7474737100763,260.67529296875,37979700,0.0,0.0,0.0
2026-03-05,257.9167386000377,259.6794231900685,253.10676743832065,255.6959991455078,60414600,0.0,0.0,0.0
2026-03-06,250.44786154819343,252.2503586974075,248.90428152025285,249.850341796875,64192000,0.0,0.0,0.0
2026-03-09,246.5640045239366,253.59474605519165,243.3772680899403,252.5690155029297,65369500,0.0,0.0,0.0
2026-03-10,251.9117527700634,256.5823048742884,251.3540606185124,252.31008911132807,55879100,0.0,0.0,0.0
2026-03-11,251.29431925088056,253.32587416093008,249.54161802277875,251.80221557617188,50418100,0.0,0.0,0.0
2026-03-12,247.908424268805,248.7748142282663,245.5582032241845,246.384765625,61802900,0.0,0.0,0.0
2026-03-13,248.2270796472705,249.57149142600247,244.522493834668,245.56814575195312,53933300,0.0,0.0,0.0
2026-03-16,248.72501952374324,250.42794017815856,247.2810311861673,247.8885040283203,48755700,0.0,0.0,0.0
2026-03-17,249.2771909758914,251.11283723653293,248.36936147481853,249.456771850586,40642800,0.0,0.0,0.0
2026-03-18,247.8206696280403,248.6387163240215,245.296673080396,245.43634033203125,43192600,0.0,0.0,0.0
2026-03-19,242.45341824329515,249.4966661940341,241.9446336813532,247.04251098632807,59219500,0.0,0.0,0.0
2026-03-20,246.384086260578,246.9128276636263,239.7598396949907,241.64535522460932,76749900,0.0,0.0,0.0
2026-03-23,246.58359580607743,250.76365761006707,245.5261130554199,246.8629302978516,78746600,0.0,0.0,0.0
2026-03-24,244.92754236044692,249.5665197537807,244.0197128293134,248.18978881835932,45210800,0.0,0.0,0.0
2026-03-25,251.1427679243884,252.46961440848705,248.92803351906144,251.2225799560547,45671700,0.0,0.0,0.0
2026-03-26,248.2995232285758,251.26247830470308,246.57363180911813,246.8529663085937,46830200,0.0,0.0,0.0
2026-03-27,245.42635432838185,246.1546334186413,241.834904190724,242.5232696533203,48114400,0.0,0.0,0.0
2026-03-30,244.7679219585388,244.78786354898816,238.12371891774904,239.04153442382807,51290500,0.0,0.0,0.0
2026-03-31,242.46339692754933,248.32945188649109,241.66530705287005,247.41163635253903,58660800,0.0,0.0,0.0
2026-04-01,249.32707254808628,251.84109820695585,248.51899667766813,248.96792602539065,51295900,0.0,0.0,0.0
2026-04-02,244.35889141066053,251.771256705617,244.2890501762104,250.69381713867188,30369200,0.0,0.0,0.0
2026-04-06,250.3945466187304,252.4496569555196,249.6562967446284,251.76129150390625,22151400,0.0,0.0,0.0
2026-04-07,250.6140185430932,252.87862207623573,248.92802558155137,252.3099822998047,34881900,0.0,0.0,0.0
2026-04-08,260.89954753718933,261.64776820433946,257.7969404510919,259.85205078125,46680200,0.0,0.0,0.0
2026-04-09,258.16605271685324,262.276273296629,258.16605271685324,261.3385009765625,26758400,0.0,0.0,0.0
2026-04-10,261.7774500505577,262.12662576477896,259.72233983507584,260.6800537109375,22365900,0.0,0.0,0.0
2026-04-13,259.62257366538563,264.73042164939943,259.40309439520496,264.4411315917969,23820000,0.0,0.0,0.0
2026-04-14,266.45635115975784,268.78084050946086,265.648275242013,268.0824890136719,24270400,0.0,0.0,0.0
2026-04-15,268.1423468558891,268.9504227815357,266.9551675685459,268.7509155273437,21670600,0.0,0.0,0.0
2026-04-16,268.8107565356257,269.70861524496405,267.41405360423624,269.3095703125,30847900,0.0,0.0,0.0
2026-04-17,273.09056363678235,276.9713495314102,272.47203940924874,275.125732421875,46462700,0.0,0.0,0.0
2026-04-20,273.99840994581405,277.01126473538915,273.87869950692345,276.6920166015625,22993900,0.0,0.0,0.0
2026-04-21,277.5200409236246,279.12623720536925,273.1105439417984,273.8587646484375,32235200,0.0,0.0,0.0
2026-04-22,276.9314180894915,277.35043504144795,274.24779763994167,275.8240661621094,20274300,0.0,0.0,0.0
2026-04-23,276.07348426995344,277.2107638512214,271.30482577460936,274.8663330078125,32886600,0.0,0.0,0.0
2026-04-24,276.0136243794261,277.4701520604947,273.5794107506944,275.99365234375,21568600,0.0,0.0,0.0
2026-04-27,276.1632653053457,277.5798793750334,275.5946102958115,276.4825134277344,23399400,0.0,0.0,0.0
2026-04-28,275.39506945151976,276.3129001815731,272.2725208341959,273.2601623535156,24139400,0.0,0.0,0.0
2026-04-29,273.27014016474544,273.7290402934027,269.71855822959566,271.4344787597656,29428900,0.0,0.0,0.0
2026-04-30,272.4820329150789,277.5599537765156,271.7936674312815,277.310546875,29220700,0.0,0.0,0.0
2026-05-01,277.99890740711186,279.14617304461314,275.91386940100114,278.617431640625,28936700,0.0,0.0,0.0
2026-05-04,278.03882610431344,280.12386414843724,275.4449882384273,277.22076416015625,28632300,0.0,0.0,0.0
2026-05-05,279.4654207088753,282.27873780996407,279.33572425138726,281.8896484375,24863200,0.0,0.0,0.0
2026-05-06,284.6829817699608,286.3689747574685,282.68772667896246,286.1195678710937,23330300,0.0,0.0,0.0
2026-05-07,286.8478487872096,286.8977179867352,280.48298013469935,281.5903625488281,28350400,0.0,0.0,0.0
2026-05-08,283.3661531496334,284.29393951446093,281.9395225376543,283.495849609375,22474300,0.0,0.0,0.0
2026-05-11,284.2440451646209,286.3689661990807,283.9148110351468,284.6530456542969,20150400,0.0,0.0,0.0
2026-05-12,283.36614142045306,283.38608301144234,277.61979691711826,281.8996276855469,27404600,0.0,0.0,0.0
2026-05-13,282.24879653301366,282.8872623260369,279.265869490763,281.9993896484375,20742300,0.0,0.0,0.0
2026-05-14,283.1666083473194,284.982297847797,281.2910636277208,283.7751770019531,17428700,0.0,0.0,0.0
2026-05-15,279.6349822928174,279.6649099006762,276.5822445105188,276.94140625,35408000,0.0,0.0,0.0
2026-05-18,278.07869446196264,278.4178841766605,273.2900943842351,275.3152770996094,27243300,0.0,0.0,0.0
2026-05-19,273.1604013320659,274.4273773802567,269.9879529799434,272.3523254394531,30276900,0.0,0.0,0.0
2026-05-20,274.25779992920155,279.4255034539349,272.76135856870656,279.2060241699219,31562000,0.0,0.0,0.0
2026-05-21,277.9988936233368,283.0069729079917,276.4924662972495,281.8197937011719,31680500,0.0,0.0,0.0
2026-05-22,283.426003818627,285.9300283615987,282.99703126266184,284.4435729980469,23849300,0.0,0.0,0.0
2026-05-26,287.70583516264253,289.8606839643037,287.05735287329577,289.82080078125,24506500,0.0,0.0,0.0
2026-05-27,290.4692561561424,291.0279251774643,288.6236390040142,289.6811218261719,24519900,0.0,0.0,0.0
2026-05-28,288.9528745725601,292.0454957966981,287.2968090922787,291.3371887207031,23710600,0.0,0.0,0.0
2026-05-29,290.6887251630068,290.7186527721911,287.64594281844177,289.740966796875,26952800,0.0,0.0,0.0
2026-06-01,287.68586492882105,289.92054100094987,285.59084088861124,288.29443359375,23826100,0.0,0.0,0.0
2026-06-02,287.7756278321383,291.17754135166444,287.71577261614937,290.9680480957031,18378800,0.0,0.0,0.0
2026-06-03,289.30199098825983,289.32196302331045,286.099615215707,286.9875183105469,29167300,0.0,0.0,0.0
2026-06-04,286.87777545503303,292.1851613207092,285.97991675028067,291.3172302246094,24307800,0.0,0.0,0.0
2026-06-05,288.4141181044229,288.7133941781847,279.4853397466996,280.9817810058594,35812800,0.0,0.0,0.0
2026-06-08,284.83264650495266,286.1594777271065,282.90720222917486,283.4359436035156,27277400,0.0,0.0,0.0
2026-06-09,286.49865958181994,290.17990751091946,276.961343069542,284.3437805175781,41761300,0.0,0.0,0.0
2026-06-10,283.9148112740411,288.31435227533143,281.0915387981565,281.3808288574219,39285000,0.0,0.0,0.0
2026-06-11,283.7651708592053,290.36946009205604,283.3960535524108,289.72100830078125,41468800,0.0,0.0,0.0
2026-06-12,290.9381292012636,295.0184222543192,289.6212535197146,292.2550048828125,34415200,0.0,0.0,0.0
2026-06-15,296.5599975585937,297.9100036621094,293.9200134277344,294.6400146484375,23889000,0.0,0.0,0.0
2026-06-16,295.5,296.79998779296875,291.5799865722656,292.0799865722656,23807700,0.0,0.0,0.0
2026-06-17,292.4700012207031,295.82000732421875,288.92999267578125,289.8800048828125,39920100,0.0,0.0,0.0
2026-06-18,294.54998779296875,295.9700012207031,291.4200134277344,295.5899963378906,32463200,0.0,0.0,0.0
2026-06-22,297.1300048828125,299.489990234375,296.1600036621094,298.17999267578125,22796200,0.0,0.0,0.0
2026-06-23,293.260009765625,297.75,292.3999938964844,295.32000732421875,26821700,0.0,0.0,0.0
2026-06-24,295.8800048828125,299.69000244140625,294.69000244140625,296.69000244140625,28664900,0.0,0.0,0.0
2026-06-25,299.5199890136719,301.5,296.7300109863281,298.9100036621094,27599900,0.0,0.0,0.0
2026-06-26,296.6000061035156,300.0299987792969,295.7300109863281,299.8299865722656,39832500,0.0,0.0,0.0
2026-06-29,298.1099853515625,299.1600036621094,294.67999267578125,298.9700012207031,24834100,0.0,0.0,0.0
2026-06-30,298.5599975585937,300.9800109863281,297.44000244140625,300.45001220703125,23230300,0.0,0.0,0.0
2026-07-01,299.92999267578125,302.7200012207031,298.9200134277344,299.32000732421875,20607900,0.0,0.0,0.0
2026-07-02,300.5400085449219,302.2300109863281,294.9800109863281,297.5799865722656,21178900,0.0,0.0,0.0
2026-07-06,297.75,300.4100036621094,297.6199951171875,298.8999938964844,18581300,0.0,0.0,0.0
2026-07-07,299.1700134277344,299.9700012207031,295.17999267578125,296.19000244140625,18057100,0.0,0.0,0.0
2026-07-08,294.0299987792969,295.1000061035156,290.67999267578125,293.4800109863281,24078400,0.0,0.0,0.0
2026-07-09,295.2699890136719,297.8800048828125,294.8999938964844,297.239990234375,16466800,0.0,0.0,0.0
2026-07-10,297.69000244140625,298.2099914550781,293.6199951171875,295.989990234375,15888500,0.0,0.0,0.0
2026-07-13,295.0599975585937,295.7799987792969,292.6000061035156,293.4800109863281,19375500,0.0,0.0,0.0
2026-07-14,295.489990234375,296.07000732421875,293.75,294.510009765625,18326900,0.0,0.0,0.0
2026-07-15,295.25,297.1400146484375,294.1499938964844,295.7699890136719,18832700,0.0,0.0,0.0
2026-07-16,294.6499938964844,297.8099975585937,294.3500061035156,295.5899963378906,24081300,0.0,0.0,0.0
2026-07-17,292.0299987792969,296.1300048828125,291.6400146484375,294.0400085449219,28738500,0.0,0.0,0.0
2026-07-20,295.010009765625,295.989990234375,292.17999267578125,292.3099975585937,20539900,0.0,0.0,0.0
2026-07-21,293.42999267578125,296.75,292.67999267578125,296.5400085449219,18190200,0.0,0.0,0.0
2026-07-22,295.70001220703125,296.44000244140625,293.4100036621094,293.7900085449219,19116000,0.0,0.0,0.0
2026-07-23,290.8699951171875,293.010009765625,290.1700134277344,292.0899963378906,27795100,0.0,0.0,0.0
2026-07-24,293.4100036621094,293.9700012207031,290.4800109863281,291.1700134277344,19771000,0.0,0.0,0.0
2026-07-27,293.9800109863281,295.5199890136719,291.1099853515625,292.9100036621094,19445500,0.0,0.0,0.0
2026-07-28,293.1600036621094,293.7699890136719,290.3800048828125,293.3699951171875,20531100,0.0,0.0,0.0
2026-07-29,292.489990234375,293.6700134277344,288.260009765625,288.57000732421875,33297400,0.0,0.0,0.0
2026-07-30,291.1499938964844,292.8399963378906,288.9599914550781,292.5899963378906,22198800,0.0,0.0,0.0
2026-07-31,293.55999755859375,293.95001220703125,287.8299865722656,291.20001220703125,28322300,0.0,0.0,0.0
2026-08-03,292.8999938964844,296.6600036621094,292.3999938964844,296.2200012207031,21669773,0.0,0.0,0.0
