Date,Open,High,Low,Close,Volume,Dividends,Stock Splits,Capital Gains
2014-01-02,79.21022002614771,79.2373612006285,78.73070063397937,78.9568862915039,29177500,0.0,0.0,0.0
2014-01-03,78.95685649480187,79.02923753452782,78.36877952927706,78.38687133789062,35723700,0.0,0.0,0.0
2014-01-06,78.40496702989036,78.49543987474591,77.80783382909962,78.09735107421875,32073100,0.0,0.0,0.0
2014-01-07,78.4592534325386,78.93876574755761,78.31449135114029,78.82115173339844,25860600,0.0,0.0,0.0
2014-01-08,78.83925269860504,79.21020039829294,78.66734943263877,78.99305725097656,27197400,0.0,0.0,0.0
2014-01-09,79.28258348448644,79.2916328423042,78.45927139164654,78.7306900024414,23674700,0.0,0.0,0.0
2014-01-10,78.92066947829454,79.07447400411063,78.33258563546389,78.98400115966797,38008900,0.0,0.0,0.0
2014-01-13,78.8754414659468,79.14686694272699,77.51832788731912,77.81689453125,48842300,0.0,0.0,0.0
2014-01-14,78.07925852908093,79.36399086075197,78.07925852908093,79.3006591796875,37178900,0.0,0.0,0.0
2014-01-15,79.64441820042424,80.10583844334491,79.56299475306696,79.95203399658203,39835600,0.0,0.0,0.0
2014-01-16,79.88875409121341,80.07874916073773,79.76209071153055,79.96112823486328,31630100,0.0,0.0,0.0
2014-01-17,79.71683703252481,79.95207194091678,79.31874824949767,79.50874328613281,36895800,0.0,0.0,0.0
2014-01-21,80.01542223909257,80.1511280806707,79.44543009391674,80.11494445800781,26412700,0.0,0.0,0.0
2014-01-22,80.32301330566406,80.52205769877934,80.08777839537917,80.32301330566406,29376900,0.0,0.0,0.0
2014-01-23,80.07874639036866,80.08778884386426,79.49066248925098,80.05160522460938,35011900,0.0,0.0,0.0
2014-01-24,79.6625809713665,79.78019501301937,78.45022241547801,78.47736358642578,63974600,0.0,0.0,0.0
2014-01-27,78.47731852269925,78.6130312021459,77.12925488616527,77.71733856201172,63519300,0.0,0.0,0.0
2014-01-28,77.35544554376256,77.75353425598857,77.1835423448224,77.67210388183594,44378800,0.0,0.0,0.0
2014-01-29,77.00263664500523,77.57262194925153,76.68597814264615,76.83978271484375,51939300,0.0,0.0,0.0
2014-01-30,77.78068065503342,78.53161826638257,77.69925027539297,78.26019287109375,65833600,0.0,0.0,0.0
2014-01-31,77.39165837027866,78.4230640560598,77.31022797264538,78.05211639404297,45187000,0.0,0.0,0.0
2014-02-03,77.90734199924682,78.26019086248543,76.0616673055033,76.26071166992188,65596900,0.0,0.0,0.0
2014-02-04,76.64975967735921,77.12927193511484,76.41452477449668,76.82166290283203,37675500,0.0,0.0,0.0
2014-02-05,76.56833040275859,76.89403814910358,75.76311039169327,76.62261962890625,41721800,0.0,0.0,0.0
2014-02-06,76.84881581526483,77.69926891273707,76.83071710316591,77.59974670410156,32308600,0.0,0.0,0.0
2014-02-07,78.0340190364311,79.03828348580645,77.80783347400666,78.98400115966797,38359400,0.0,0.0,0.0
2014-02-10,78.95685925105708,79.47256209749413,78.90257692068563,79.4363784790039,30205400,0.0,0.0,0.0
2014-02-11,79.60829459191767,80.49494532306812,79.51782171795648,80.34114074707031,38635500,0.0,0.0,0.0
2014-02-12,80.50397580870275,80.67587215813998,80.25064215730748,80.49492645263672,32507200,0.0,0.0,0.0
2014-02-13,79.90684597656617,81.15538796431503,79.88875416629583,81.09205627441406,40454500,0.0,0.0,0.0
2014-02-14,81.06491825300344,81.43586595298503,80.82064084037508,81.25491333007812,33212400,0.0,0.0,0.0
2014-02-18,81.39062375914682,81.80680442605312,81.1915793309228,81.65299987792969,29546600,0.0,0.0,0.0
2014-02-19,81.49919448318009,81.68918955288298,80.92920237143495,81.09205627441406,41749900,0.0,0.0,0.0
2014-02-20,81.14633812213492,81.6258504309593,80.80253163457338,81.4720458984375,41814800,0.0,0.0,0.0
2014-02-21,81.73442038748719,81.85204131038917,81.2639574037883,81.36347961425781,31192200,0.0,0.0,0.0
2014-02-24,81.55349092052114,82.16871611565769,81.46301804824999,81.79777526855469,31500400,0.0,0.0,0.0
2014-02-25,81.91536915802378,82.07822304909881,81.44489929374656,81.707275390625,26771700,0.0,0.0,0.0
2014-02-26,81.92442787820772,82.18679710244035,81.30920276411591,81.6349105834961,42953700,0.0,0.0,0.0
2014-02-27,81.64672242765604,82.24632753769897,81.51953325488057,82.16456604003906,28742400,0.0,0.0,0.0
2014-02-28,82.14638144933099,82.63697116497126,81.34690576344822,82.07369995117188,48609800,0.0,0.0,0.0
2014-03-03,81.30149691240452,81.6830714004149,80.73823249952054,81.46502685546875,38885700,0.0,0.0,0.0
2014-03-04,82.35535344321212,82.65515947714425,82.2735850106441,82.5007095336914,33189000,0.0,0.0,0.0
2014-03-05,82.63697294109073,82.87318434954017,82.46435611207507,82.72782135009766,27203300,0.0,0.0,0.0
2014-03-06,82.91860203482408,82.98219661191591,82.35533776095046,82.65514373779297,24063900,0.0,0.0,0.0
2014-03-07,82.91863228471993,83.00040073154776,81.8284371564873,82.24634552001953,31167800,0.0,0.0,0.0
2014-03-10,82.20087514992716,82.36440501358481,81.79204702513933,82.31897735595703,18131700,0.0,0.0,0.0
2014-03-11,82.51889086190421,82.72784156053791,81.71940803223504,81.96470642089844,27484300,0.0,0.0,0.0
2014-03-12,81.59219377807177,82.31899486699827,81.2923947403318,82.27356719970703,27977200,0.0,0.0,0.0
2014-03-13,82.58247180953555,82.60972564126293,80.73822192889118,81.11070251464844,48542000,0.0,0.0,0.0
2014-03-14,80.84720701895564,81.20152056147805,80.52014729796768,80.55648803710938,38732300,0.0,0.0,0.0
2014-03-17,81.07435298601989,81.68305186429875,81.02893224848745,81.26513671875,28467200,0.0,0.0,0.0
2014-03-18,81.36510110790721,82.34628088209153,81.33784726939514,82.24634552001953,31250200,0.0,0.0,0.0
2014-03-19,82.27357864132449,82.36443398854202,81.26514528256043,81.80116271972656,40869400,0.0,0.0,0.0
2014-03-20,81.54677935264972,82.27357356653106,81.38324944155077,82.02828216552734,31634500,0.0,0.0,0.0
2014-03-21,82.49817213352071,82.54370370571269,80.88645590620581,81.04125213623047,62754000,0.0,0.0,0.0
2014-03-24,81.33259468827079,81.39633468857187,79.59339928169038,80.33096313476562,77735300,0.0,0.0,0.0
2014-03-25,80.74983553520374,81.26886329178672,79.92120849642512,80.59503936767578,41723300,0.0,0.0,0.0
2014-03-26,80.99568795814079,81.17780722645162,79.54787624755343,79.5569839477539,40930400,0.0,0.0,0.0
2014-03-27,79.44771715300985,79.80284106359593,78.67372932088993,79.11080169677734,64784500,0.0,0.0,0.0
2014-03-28,79.36576597518813,80.1397537808551,79.0470589842018,79.2656021118164,39895100,0.0,0.0,0.0
2014-03-31,79.88478603975366,80.36738990918705,79.78462218604417,79.83014678955078,33924300,0.0,0.0,0.0
2014-04-01,80.22166013039843,81.28703126647048,79.86653641837442,81.2323989868164,38683800,0.0,0.0,0.0
2014-04-02,81.5784371204418,81.66039250927864,81.07762487784974,81.44185638427734,34631600,0.0,0.0,0.0
2014-04-03,81.52382828460904,81.66041600721503,80.33097653127304,80.79537200927734,30319100,0.0,0.0,0.0
2014-04-04,81.33261879503475,81.41457421807836,78.43698787841323,78.64642333984375,131213200,0.0,0.0,0.0
2014-04-07,78.15468686361305,78.88314300241397,77.35337607965153,77.89972686767578,83995800,0.0,0.0,0.0
2014-04-08,77.99080240166165,78.72836642282546,77.71762693975032,78.61909484863281,51495700,0.0,0.0,0.0
2014-04-09,78.91050204352993,80.01229792620997,78.70106655310353,79.96676635742188,45685200,0.0,0.0,0.0
2014-04-10,80.02136591837443,80.02136591837443,77.27143118919827,77.4899673461914,73659600,0.0,0.0,0.0
2014-04-11,76.79789883678123,77.79953698150192,76.40635822201871,76.58847045898438,93657400,0.0,0.0,0.0
2014-04-14,77.26233898796278,77.59925446406166,76.4792434089204,77.18949127197266,46500700,0.0,0.0,0.0
2014-04-15,77.47175126817169,77.89061508915064,75.83271288422056,77.4444351196289,84631500,0.0,0.0,0.0
2014-04-16,78.11826481973645,78.473388671875,77.48085786802541,78.473388671875,46970900,0.0,0.0,0.0
2014-04-17,78.1728620304216,78.88310941588024,77.9725344197259,78.49156188964844,53719500,0.0,0.0,0.0
2014-04-21,78.67374562301502,79.07439422607422,78.30951393620899,79.07439422607422,25947900,0.0,0.0,0.0
2014-04-22,79.34754337012201,79.90299494488323,79.21095566454906,79.70266723632812,38593400,0.0,0.0,0.0
2014-04-23,79.70266589995379,79.72998205118252,78.9559943287656,79.00152587890625,34376700,0.0,0.0,0.0
2014-04-24,80.30365984678312,80.3218683010118,78.9013726684104,79.75730895996094,48926300,0.0,0.0,0.0
2014-04-25,79.28379433534958,79.37485047964559,78.29127055238762,78.48249053955078,44334000,0.0,0.0,0.0
2014-04-28,78.85583721927826,79.3202326712954,77.49908166416593,78.73746490478516,58623800,0.0,0.0,0.0
2014-04-29,78.97420548393183,79.51144162159902,78.59175854586329,79.36575317382812,36742700,0.0,0.0,0.0
2014-04-30,79.00152765300237,79.65714308577124,78.80119994330751,79.57518768310547,38689400,0.0,0.0,0.0
2014-05-01,79.70268673237317,80.26724614483973,79.50235897481598,79.81195831298828,37127200,0.0,0.0,0.0
2014-05-02,80.08510838192234,80.23080378915554,79.47502449519689,79.66624450683594,40074200,0.0,0.0,0.0
2014-05-05,79.1927609581461,80.1033365571642,79.00154091600916,80.08512115478516,27924400,0.0,0.0,0.0
2014-05-06,79.9576336189874,80.00316517351926,79.01063425127123,79.04705810546875,33698500,0.0,0.0,0.0
2014-05-07,79.21095230293551,79.29290770165692,77.88151304919965,78.81940460205078,67489100,0.0,0.0,0.0
2014-05-08,78.5371313654119,79.70266681210414,78.35501905704346,78.74656677246094,46556900,0.0,0.0,0.0
2014-05-09,78.70102560782607,79.0925732754128,78.17289025207869,79.0379409790039,35081500,0.0,0.0,0.0
2014-05-12,79.51144566223991,80.36738878298497,79.43859796108306,80.34007263183594,38951100,0.0,0.0,0.0
2014-05-13,80.4129075470772,80.68608293301055,80.2399029533155,80.39469909667969,30311900,0.0,0.0,0.0
2014-05-14,80.14885759835948,80.44934919996288,79.78463293269013,79.9758529663086,26483600,0.0,0.0,0.0
2014-05-15,79.95762567521426,80.09421337810006,78.83762179525678,79.34754180908203,59680300,0.0,0.0,0.0
2014-05-16,79.43859795868337,79.91210106904941,78.89225409430183,79.86656951904297,66804100,0.0,0.0,0.0
2014-05-19,79.62981685057798,80.54949996016488,79.49323609674646,80.4220199584961,32017000,0.0,0.0,0.0
2014-05-20,80.38557517130604,80.67695894881828,79.80280761628157,80.130615234375,33716000,0.0,0.0,0.0
2014-05-21,80.27632326630881,80.94103935719681,80.230791721612,80.8955078125,36837700,0.0,0.0,0.0
2014-05-22,80.98655797695794,81.47826940322844,80.85907800871787,81.25062561035156,30617100,0.0,0.0,0.0
2014-05-23,81.33258645788369,81.86072180529928,81.15047417463474,81.8425064086914,22687300,0.0,0.0,0.0
2014-05-27,82.2067048747328,82.88052838843873,82.13385721186309,82.86231994628906,29725200,0.0,0.0,0.0
2014-05-28,82.83508108226306,82.95345343449843,82.54369710610202,82.60743713378906,30468100,0.0,0.0,0.0
2014-05-29,82.8988074693748,83.14465983653051,82.73490357555738,83.13555908203125,33036100,0.0,0.0,0.0
2014-05-30,83.15373813054802,83.27211042144303,82.70755816794856,83.1446304321289,29906400,0.0,0.0,0.0
2014-06-02,83.24481068571481,83.26302608614436,82.53456290603685,83.06269836425781,30409900,0.0,0.0,0.0
2014-06-03,82.7895012330366,83.16284042544046,82.68023664766021,83.02625274658203,21774500,0.0,0.0,0.0
2014-06-04,82.81683348317765,83.4724489114727,82.68935347735797,83.33586120605469,20118300,0.0,0.0,0.0
2014-06-05,83.4087184735752,84.19181399749252,83.12644227790969,84.03701782226562,35583100,0.0,0.0,0.0
2014-06-06,84.3465883827339,84.51959991455078,84.18268454920693,84.51959991455078,22680600,0.0,0.0,0.0
2014-06-09,84.53782767333803,84.66531463710132,84.2282353321497,84.45587921142578,23399500,0.0,0.0,0.0
2014-06-10,84.3830194052854,84.64708710104472,84.28285555699259,84.6015625,20626000,0.0,0.0,0.0
2014-06-11,84.31017572740363,84.70172344018145,84.22822727333208,84.5833511352539,22878200,0.0,0.0,0.0
2014-06-12,84.4012185068388,84.49227463848557,83.52706713818216,83.81845092773438,35275900,0.0,0.0,0.0
2014-06-13,84.1827033703683,84.2737664793503,83.70009946017906,84.0643310546875,39447100,0.0,0.0,0.0
2014-06-16,83.91863273208705,84.38302118709905,83.73651348264595,84.13716888427734,25212300,0.0,0.0,0.0
2014-06-17,84.07340602045,84.41031438280233,83.9368183572982,84.18267059326172,19977900,0.0,0.0,0.0
2014-06-18,84.26466408004828,84.77458417615486,83.7547439839417,84.65621185302734,34514000,0.0,0.0,0.0
2014-06-19,84.78367479845663,84.83830709856585,84.21911555781888,84.6015625,38422200,0.0,0.0,0.0
2014-06-20,84.63715378913922,84.79237285464974,84.48194168943516,84.70106506347656,25897500,0.0,0.0,0.0
2014-06-23,84.69197079052917,84.74674991259583,84.46371516083937,84.7193603515625,20837900,0.0,0.0,0.0
2014-06-24,84.71022761587837,85.43151623682634,84.39067112958723,84.6371841430664,31945800,0.0,0.0,0.0
2014-06-25,84.44545955515237,85.32196042803838,84.43633434440223,85.1758804321289,32818600,0.0,0.0,0.0
2014-06-26,85.2306363855026,85.23976855957945,84.56413395985875,85.22150421142578,22563900,0.0,0.0,0.0
2014-06-27,85.11193975059689,85.61409783510989,85.08455019618074,85.59584045410156,22877800,0.0,0.0,0.0
2014-06-30,85.57759142164365,85.95192697819486,85.52280534165936,85.74193572998047,19751900,0.0,0.0,0.0
2014-07-01,86.04323786295794,86.91061341152977,86.00671612730987,86.68235778808594,31862500,0.0,0.0,0.0
2014-07-02,86.73712170617333,86.956245115847,86.65495303972354,86.82842254638672,18777300,0.0,0.0,0.0
2014-07-03,87.11147321704527,87.3762435913086,86.87408543528996,87.3762435913086,15291700,0.0,0.0,0.0
2014-07-07,87.27580278935456,87.38536797866425,86.94712115304087,87.11146545410156,23266400,0.0,0.0,0.0
2014-07-08,86.94711804986768,87.01102933323206,85.70540714523901,86.06148529052734,40612400,0.0,0.0,0.0
2014-07-09,86.28978037420016,86.8010708751938,86.04326033564206,86.70063781738281,29919000,0.0,0.0,0.0
2014-07-10,85.58671094287939,86.78277492744408,85.48627792969135,86.42669677734375,44245300,0.0,0.0,0.0
2014-07-11,86.64582874204746,86.983642578125,86.38105140529508,86.983642578125,19566300,0.0,0.0,0.0
2014-07-14,87.37625150242481,87.70494016359704,87.23017152290879,87.50407409667969,19579000,0.0,0.0,0.0
2014-07-15,87.64102091243461,87.76884349508869,86.58191851818532,87.20277404785156,39467500,0.0,0.0,0.0
2014-07-16,87.83273252786856,87.92404032017512,87.45839704947655,87.54969787597656,22052600,0.0,0.0,0.0
2014-07-17,87.31233781989869,87.6227690873287,86.11628059241517,86.39019012451172,43111500,0.0,0.0,0.0
2014-07-18,86.83755768029084,87.8053591579972,86.73712466289022,87.75971221923828,36682200,0.0,0.0,0.0
2014-07-21,87.57710302384416,87.79623340543671,87.23928920905261,87.650146484375,29750700,0.0,0.0,0.0
2014-07-22,88.06101297819625,88.34405467593102,87.96971212587893,88.20709991455078,25770400,0.0,0.0,0.0
2014-07-23,88.51752595690743,88.87360416405595,88.3531816331613,88.77317810058594,28947500,0.0,0.0,0.0
2014-07-24,88.92835932236201,89.02879231671287,88.54489168891665,88.67271423339844,24707200,0.0,0.0,0.0
2014-07-25,88.21622454878658,88.44448014297282,87.86014637912069,88.3257827758789,29898900,0.0,0.0,0.0
2014-07-28,88.41707595505058,88.58142024724911,87.66839794965888,88.35316467285156,25603400,0.0,0.0,0.0
2014-07-29,88.54493583822149,88.74579496126715,88.12493930744586,88.19798278808594,27022200,0.0,0.0,0.0
2014-07-30,88.69099420545278,88.85533851391101,88.19796128007808,88.54491424560547,35348500,0.0,0.0,0.0
2014-07-31,87.81447252436011,87.96055244923289,86.6275409179144,86.75536346435547,50047900,0.0,0.0,0.0
2014-08-01,86.57278391611798,87.04755250040593,85.86062755678202,86.43582916259766,60708000,0.0,0.0,0.0
2014-08-04,86.61843957194925,87.36711767839853,86.29887615201172,87.029296875,33230500,0.0,0.0,0.0
2014-08-05,86.68234875150962,86.92886173417425,85.96106022072391,86.36278533935547,50331100,0.0,0.0,0.0
2014-08-06,85.82412049471604,86.8375760918652,85.75107701824545,86.29888916015625,34431900,0.0,0.0,0.0
2014-08-07,86.70061331820864,86.8649576422047,85.72367954940108,86.02497863769531,33274700,0.0,0.0,0.0
2014-08-08,86.16190472313296,86.74623835488916,85.79669446183375,86.64580535888672,40236900,0.0,0.0,0.0
2014-08-11,86.98365087558324,87.43103691784572,86.91973957894702,87.1571273803711,28277500,0.0,0.0,0.0
2014-08-12,87.06584159688377,87.34887639301625,86.6732415736306,87.12062072753906,28152300,0.0,0.0,0.0
2014-08-13,87.47664837893193,88.07924633061062,87.43100145174195,88.042724609375,27996500,0.0,0.0,0.0
2014-08-14,88.16143155873019,88.51750970048421,88.04274116674797,88.49925231933594,25006600,0.0,0.0,0.0
2014-08-15,89.0105591821329,89.13838177143253,88.08841149730091,88.92839050292969,55205500,0.0,0.0,0.0
2014-08-18,89.39403573155292,89.69532786055964,89.2662061738482,89.6131591796875,38938300,0.0,0.0,0.0
2014-08-19,89.82315137588718,90.17010438529334,89.76837225474257,90.11531829833984,21363400,0.0,0.0,0.0
2014-08-20,90.04228179208336,90.29792697850333,89.96010614455756,90.11531829833984,23435600,0.0,0.0,0.0
2014-08-21,90.16095785079727,90.34355953607071,90.0240031039383,90.29791259765624,19339500,0.0,0.0,0.0
2014-08-22,90.3344653253594,90.61750012439649,90.13359922314848,90.43489837646484,24692000,0.0,0.0,0.0
2014-08-25,90.86399855241424,91.01008549988902,90.53531685221404,90.7544403076172,24124700,0.0,0.0,0.0
2014-08-26,90.89137228487772,90.94615139353824,90.63572019091151,90.84571838378906,20100400,0.0,0.0,0.0
2014-08-27,90.87312295858004,90.97355598492986,90.67225690588047,90.8639907836914,15589100,0.0,0.0,0.0
2014-08-28,90.5535592233584,90.87311566071358,90.46225837922944,90.76355743408205,23563900,0.0,0.0,0.0
2014-08-29,90.96442463319596,91.22007677173248,90.63573599231472,91.10137939453124,17906300,0.0,0.0,0.0
2014-09-02,91.32050362229585,91.39354709108032,90.99182194438292,91.36615753173828,18326800,0.0,0.0,0.0
2014-09-03,91.61268479157587,91.61268479157587,90.66314741281218,90.8274917602539,25950700,0.0,0.0,0.0
2014-09-04,91.0374442349954,91.503087515139,90.51702185100196,90.74527740478516,24663500,0.0,0.0,0.0
2014-09-05,90.88224867443884,91.25658422856792,90.41660530952942,91.2018051147461,30798200,0.0,0.0,0.0
2014-09-08,91.22921821348116,91.60356083001784,90.95531560788312,91.37530517578124,25571300,0.0,0.0,0.0
2014-09-09,91.38441292509457,91.72223373650635,90.44400092386066,90.6174774169922,36449200,0.0,0.0,0.0
2014-09-10,90.73616980363732,91.40267926613052,90.48052462870028,91.36615753173828,31080100,0.0,0.0,0.0
2014-09-11,90.97356484375462,91.33877525097112,90.60835443653812,91.29312133789062,28691900,0.0,0.0,0.0
2014-09-12,91.21095958234808,91.2383491459534,90.54445001610948,90.8274917602539,30444400,0.0,0.0,0.0
2014-09-15,90.92787645673832,90.93700862905392,89.67704051595453,89.95094299316406,32972200,0.0,0.0,0.0
2014-09-16,89.61314666833759,90.90963675702002,89.5218458248459,90.73616027832033,38166900,0.0,0.0,0.0
2014-09-17,90.7178805590674,91.30221417250696,90.32528075949338,90.8730926513672,37196500,0.0,0.0,0.0
2014-09-18,91.1561749231358,91.5670392811075,91.05574884360648,91.5579071044922,30196700,0.0,0.0,0.0
2014-09-19,91.94044150215446,92.03195955853532,91.1350728306706,91.50115203857422,46918000,0.0,0.0,0.0
2014-09-22,91.28151928068398,91.29067318293708,90.25650566454716,90.65003967285156,48658000,0.0,0.0,0.0
2014-09-23,90.28390508073625,90.80556547148704,90.21984176897304,90.4028778076172,33989600,0.0,0.0,0.0
2014-09-24,90.4944153552666,91.41876360935788,90.18325262594846,91.3730010986328,35959000,0.0,0.0,0.0
2014-09-25,91.0801559757317,91.19913573260042,89.4145022209903,89.45111083984375,68642500,0.0,0.0,0.0
2014-09-26,89.74393689669462,90.56761303534785,89.58835556560938,90.4028778076172,56106200,0.0,0.0,0.0
2014-09-29,89.50600651925126,90.53101968011448,89.46024401069337,90.28392028808594,33342700,0.0,0.0,0.0
2014-09-30,90.53102108861538,90.87879940135775,89.98190588926991,90.41204833984376,41834300,0.0,0.0,0.0
2014-10-01,90.15580473949308,90.24732278549456,88.68234115701758,88.96604919433594,58164900,0.0,0.0,0.0
2014-10-02,88.92944057945948,89.24061031471969,87.83121006268314,88.96604919433594,54501300,0.0,0.0,0.0
2014-10-03,89.48770974267237,90.2107141761734,89.17654698977233,89.84463500976562,41627800,0.0,0.0,0.0
2014-10-06,90.1283325923102,90.34797725670836,89.37787358843663,89.65242767333984,36038700,0.0,0.0,0.0
2014-10-07,89.23147181741786,89.48772518340493,88.3711866752779,88.38034057617188,45154000,0.0,0.0,0.0
2014-10-08,88.42606810800717,90.38458318150047,87.9135545964544,90.10086822509766,64931600,0.0,0.0,0.0
2014-10-09,89.98191977920682,90.21071839611716,88.5084561277138,88.64573669433594,62497100,0.0,0.0,0.0
2014-10-10,88.1240698570834,88.61827567233276,86.41265381070387,86.43096160888672,77579400,0.0,0.0,0.0
2014-10-13,86.27538730842876,86.93432850277188,85.00326744027537,85.07648468017578,80835900,0.0,0.0,0.0
2014-10-14,85.60729290098479,86.18386291244835,84.84767980322975,85.08563232421875,71814500,0.0,0.0,0.0
2014-10-15,83.80434836230181,84.89343189931131,82.58713817180634,84.53650665283203,108847800,0.0,0.0,0.0
2014-10-16,82.75186522017947,84.72868821887046,82.72441050892735,84.00568389892578,93165800,0.0,0.0,0.0
2014-10-17,85.11307525634766,85.92759767601703,84.61886946536083,85.11307525634766,69546700,0.0,0.0,0.0
2014-10-20,85.10391188717291,86.45840245792999,84.93002972659738,86.38518524169922,41479300,0.0,0.0,0.0
2014-10-21,87.45595986990902,88.65486907958984,87.23631520604407,88.65486907958984,53609800,0.0,0.0,0.0
2014-10-22,88.92943216490359,89.04841189758896,88.14236447548093,88.19728088378906,39178000,0.0,0.0,0.0
2014-10-23,89.08503368518254,90.01853603149237,88.92945228825765,89.52433013916016,48123800,0.0,0.0,0.0
2014-10-24,89.71650142673734,90.32053305206256,89.35957618718291,90.2564697265625,43157600,0.0,0.0,0.0
2014-10-27,90.0825660448444,90.48525373015356,89.70733306855584,90.32051849365234,29545700,0.0,0.0,0.0
2014-10-28,90.74151693556004,91.70246676848332,90.67745361336516,91.68416595458984,34495100,0.0,0.0,0.0
2014-10-29,91.38217441578198,91.62928085440076,90.69577850332136,91.34556579589844,40552800,0.0,0.0,0.0
2014-10-30,90.93371035066144,91.75738665467406,90.73236647830517,91.53773498535156,35935800,0.0,0.0,0.0
2014-10-31,93.05698119851084,93.12104453707896,92.4987119699684,92.80072784423828,54254100,0.0,0.0,0.0
2014-11-03,92.96546036293616,93.32238566463316,92.82817978942654,93.07527923583984,33481000,0.0,0.0,0.0
2014-11-04,92.78240756659812,93.00205925419196,92.1326203678198,92.76410675048828,22773300,0.0,0.0,0.0
2014-11-05,93.37728671780762,93.37728671780762,92.45293838703486,92.77326202392578,25818600,0.0,0.0,0.0
2014-11-06,92.76408531036518,93.09355578322769,92.36139762522708,93.06610107421876,24671900,0.0,0.0,0.0
2014-11-07,93.23084813743628,93.26745674821804,92.49868988655784,92.9837417602539,20931700,0.0,0.0,0.0
2014-11-10,93.0295395674314,93.43222047406265,92.78243309648968,93.31324768066406,20360000,0.0,0.0,0.0
2014-11-11,93.33152497982812,93.6060791015625,93.07526469087884,93.6060791015625,15454000,0.0,0.0,0.0
2014-11-12,93.23085925460944,93.8714925637355,93.23085925460944,93.77082061767578,22050300,0.0,0.0,0.0
2014-11-13,93.94469386255616,94.52126374299286,93.73419610675204,94.17349243164062,28027800,0.0,0.0,0.0
2014-11-14,94.14605297675682,94.46636962890624,93.8348832415407,94.46636962890624,19251300,0.0,0.0,0.0
2014-11-17,94.24672629523047,94.45721710583295,93.73421266194472,94.1826629638672,23361600,0.0,0.0,0.0
2014-11-18,94.26499680452878,95.015455723095,94.25584290802584,94.8873291015625,26336800,0.0,0.0,0.0
2014-11-19,94.786692558144,94.786692558144,94.01793254207551,94.45722198486328,23760200,0.0,0.0,0.0
2014-11-20,94.05452796688591,94.96057547477452,93.98131771950833,94.87820434570312,22874000,0.0,0.0,0.0
2014-11-21,95.7201752271138,95.8117002494627,94.7592253338603,95.06124114990234,34049100,0.0,0.0,0.0
2014-11-24,95.3175069394118,95.84832141609418,95.23513580498464,95.80255889892578,17928300,0.0,0.0,0.0
2014-11-25,95.94898223876952,96.23269726466812,95.701882810927,95.94898223876952,17526000,0.0,0.0,0.0
2014-11-26,96.04051966957496,96.62624363126788,95.9398477090608,96.57132720947266,18973800,0.0,0.0,0.0
2014-11-28,96.82756253177152,97.23939718572434,96.7634992082149,97.0197525024414,17360400,0.0,0.0,0.0
2014-12-01,96.75437740087884,96.93741353392666,95.56462158892526,95.92154693603516,35969500,0.0,0.0,0.0
2014-12-02,96.02220080268364,96.47979803142198,95.82085690485803,96.30591583251952,26031300,0.0,0.0,0.0
2014-12-03,96.45233501970434,96.61707028717764,95.87576507473732,96.47978973388672,32974300,0.0,0.0,0.0
2014-12-04,96.3882813677938,96.80926998639951,96.03135608283723,96.43404388427734,31008800,0.0,0.0,0.0
2014-12-05,96.58960307333132,96.73603052414786,96.23267787039208,96.44316864013672,25622200,0.0,0.0,0.0
2014-12-08,96.19607889292492,96.61706745694028,95.25342982758848,95.75678253173828,32685800,0.0,0.0,0.0
2014-12-09,94.6402601835974,96.13202460385676,94.30163572788624,96.05880737304688,46035100,0.0,0.0,0.0
2014-12-10,95.88490415945373,96.1228566335637,94.37483914373094,94.54872131347656,39330100,0.0,0.0,0.0
2014-12-11,94.82328034626671,96.13200845199152,94.80497255045056,94.9971694946289,47576000,0.0,0.0,0.0
2014-12-12,94.0911546395764,95.1710845474218,93.953881035411,93.96302795410156,46889400,0.0,0.0,0.0
2014-12-15,94.4480604250775,94.79583876999062,92.72749744600247,92.99290466308594,52968400,0.0,0.0,0.0
2014-12-16,92.40719266679108,93.77998445964457,91.48284423786995,91.50115203857422,65348600,0.0,0.0,0.0
2014-12-17,91.56521860063744,93.43220936016748,91.44623883901048,93.16680908203124,79715300,0.0,0.0,0.0
2014-12-18,94.5029789382258,95.41817336959475,94.2467256146232,95.40901947021484,49840900,0.0,0.0,0.0
2014-12-19,95.50730910790504,96.21463147529911,95.2684699802516,95.82881927490234,51419900,0.0,0.0,0.0
2014-12-22,95.67266486499248,96.09522211513348,95.62673183433512,96.06766510009766,33869200,0.0,0.0,0.0
2014-12-23,96.4167289593082,96.42591696680016,95.61754050901538,95.72777557373048,30156900,0.0,0.0,0.0
2014-12-24,95.84717807145216,96.17787621039456,95.78287604490195,95.81044006347656,14291300,0.0,0.0,0.0
2014-12-26,96.08601569197056,96.69229794014754,96.05845868221616,96.49020385742188,13924300,0.0,0.0,0.0
2014-12-29,96.39833400163656,96.68309908166118,96.34321297991984,96.47181701660156,17073800,0.0,0.0,0.0
2014-12-30,96.19626246935468,96.41672558266772,95.70021520810342,95.82881927490234,18604000,0.0,0.0,0.0
2014-12-31,95.9941337899492,96.37076485592908,94.70808657673052,94.84587860107422,24367100,0.0,0.0,0.0
2015-01-02,95.31438193731738,95.71856305430948,94.1018245695522,94.56112670898438,31314600,0.0,0.0,0.0
2015-01-05,94.14776013984502,94.25799518752592,92.90764563911442,93.17404174804688,36521300,0.0,0.0,0.0
2015-01-06,93.31182279417406,93.46798383699765,91.511359278223,91.92472839355467,66205500,0.0,0.0,0.0
2015-01-07,92.531045716173,93.33022724380652,92.31057556309057,93.1097640991211,37577400,0.0,0.0,0.0
2015-01-08,93.8997587311288,95.07557144015638,93.79871166940956,94.89185333251952,40212600,0.0,0.0,0.0
2015-01-09,95.18577804738676,95.21333505445251,93.71600559219613,94.26717376708984,41410100,0.0,0.0,0.0
2015-01-12,94.4509265389347,94.55197360758274,93.04546259479017,93.2843017578125,34129800,0.0,0.0,0.0
2015-01-13,94.19370196848506,95.18579646518384,92.50346612132462,93.25672149658205,56162300,0.0,0.0,0.0
2015-01-14,92.31976753017015,93.22000317286565,91.92476724945642,92.74232482910156,51354200,0.0,0.0,0.0
2015-01-15,93.17404756344072,93.32102062779327,91.42869774573182,91.53893280029295,51005400,0.0,0.0,0.0
2015-01-16,91.4195273339568,92.73313220128264,91.27255424131737,92.61371612548828,35362200,0.0,0.0,0.0
2015-01-20,93.17404994737755,93.58741914786592,92.12684143163764,93.3485870361328,30964100,0.0,0.0,0.0
2015-01-21,93.07301558333714,94.2672043383616,92.7423173745118,93.8262710571289,40128800,0.0,0.0,0.0
2015-01-22,94.1936824217727,95.66344784795832,93.36693717942006,95.5624008178711,40887200,0.0,0.0,0.0
2015-01-23,95.5532191850932,96.06764237485976,95.27764209152758,95.77368927001952,34783000,0.0,0.0,0.0
2015-01-26,95.6634521484375,95.8379892097788,95.1765929861641,95.6634521484375,19960900,0.0,0.0,0.0
2015-01-27,94.15695361683233,94.21206763967751,92.8709060194111,93.18323516845705,45253200,0.0,0.0,0.0
2015-01-28,94.680590900229,94.78163798297189,92.68722028320671,92.7055892944336,43591700,0.0,0.0,0.0
2015-01-29,92.63210370717232,93.77117869340452,91.82373401458032,93.59664154052734,46539700,0.0,0.0,0.0
2015-01-30,93.51396102612216,94.2304715689608,92.74232943571292,92.87093353271484,42927600,0.0,0.0,0.0
2015-02-02,93.08220402061384,93.761969449268,91.63080709834416,93.6792984008789,43624700,0.0,0.0,0.0
2015-02-03,94.01915668914351,94.64380794653609,93.40369343788184,94.57950592041016,30750400,0.0,0.0,0.0
2015-02-04,94.19366225832124,95.12145433215444,93.98238023835,94.4968032836914,34073200,0.0,0.0,0.0
2015-02-05,94.73567443021388,95.37870175041924,94.49684231919647,95.31439971923828,23605500,0.0,0.0,0.0
2015-02-06,95.46137033512882,95.69102144179054,94.39579284458416,94.73567199707033,34169300,0.0,0.0,0.0
2015-02-09,94.36824648616084,94.88266278046788,94.20289739036266,94.43254852294922,22604700,0.0,0.0,0.0
2015-02-10,94.95613659048264,96.03090202522245,94.8091565267258,95.9022979736328,23686500,0.0,0.0,0.0
2015-02-11,96.01255700270266,96.4718593375974,95.82883887210374,96.25139617919922,20303600,0.0,0.0,0.0
2015-02-12,96.87602307556092,97.4088153309839,96.729050010021,97.3720703125,22520300,0.0,0.0,0.0
2015-02-13,97.6476661077919,98.22638444913224,97.4639409934324,98.20801544189452,29030200,0.0,0.0,0.0
2015-02-17,98.2079838110771,98.36414485168898,97.95995673867544,98.29984283447266,17675300,0.0,0.0,0.0
2015-02-18,98.18042985488545,98.4927589765009,98.05182580727758,98.4376449584961,15149600,0.0,0.0,0.0
2015-02-19,98.3733540845371,98.98882443557544,98.34579707044809,98.92452239990234,19828100,0.0,0.0,0.0
2015-02-20,98.86023895612897,99.64105153854292,98.5479097181248,99.5859375,28336700,0.0,0.0,0.0
2015-02-23,99.53077437601914,99.71449944082092,99.3103113066516,99.68693542480467,17868000,0.0,0.0,0.0
2015-02-24,99.55836576303076,99.8798829853612,99.2552315661204,99.76045989990234,19745000,0.0,0.0,0.0
2015-02-25,99.613475340497,99.99928755281132,99.29195815517218,99.5124282836914,19472300,0.0,0.0,0.0
2015-02-26,99.61345801164188,100.07276018689528,99.33787390313184,100.01763916015624,22255500,0.0,0.0,0.0
2015-02-27,99.9809253542698,100.0452344069386,99.42058297327266,99.57674407958984,27757600,0.0,0.0,0.0
2015-03-02,99.76963683635805,100.51370425008692,99.75126082137427,100.47695922851562,22988600,0.0,0.0,0.0
2015-03-03,100.1738329926766,100.27488005789512,99.3746444791475,100.00848388671876,20788900,0.0,0.0,0.0
2015-03-04,99.67776354576982,99.82473660266083,99.08066929523608,99.62264251708984,21007400,0.0,0.0,0.0
2015-03-05,99.87986585080198,100.10032895847878,99.38381860223228,99.79718780517578,15381000,0.0,0.0,0.0
2015-03-06,99.66859586897527,99.86150198771408,98.41929309280304,98.66732025146484,30990400,0.0,0.0,0.0
2015-03-09,98.869401721986,99.20009990904629,98.4652204998872,98.95207977294922,26237100,0.0,0.0,0.0
2015-03-10,98.24474776624815,98.27231178810302,97.1148681640625,97.1148681640625,34234500,0.0,0.0,0.0
2015-03-11,97.2618574059106,97.3812804952777,96.51778988525776,96.55453491210938,25459700,0.0,0.0,0.0
2015-03-12,96.4810402823266,97.29859781790609,96.4167382404854,97.18836975097656,21473200,0.0,0.0,0.0
2015-03-13,97.096498676602,97.48231791614882,96.15952511403766,96.76580047607422,42021100,0.0,0.0,0.0
2015-03-16,97.12403540258202,98.05182069648,97.02298836924348,98.01507568359376,25674100,0.0,0.0,0.0
2015-03-17,97.7486998262882,98.3274180886358,97.51904872098264,98.17125701904295,19603800,0.0,0.0,0.0
2015-03-18,97.9048764664841,99.58592450668635,97.399641151102,99.13580322265624,40622200,0.0,0.0,0.0
2015-03-19,99.23685047648806,99.55836067398712,99.08987738980134,99.28278350830078,31314000,0.0,0.0,0.0
2015-03-20,100.10039173093077,100.42264139954167,99.90704192976422,99.92545318603516,31761400,0.0,0.0,0.0
2015-03-23,99.8701951656554,100.1464061091702,99.6952566509357,99.73208618164062,17268500,0.0,0.0,0.0
2015-03-24,99.72287873890252,100.18323734377164,99.35459747461913,99.37300872802734,22445300,0.0,0.0,0.0
2015-03-25,99.52951610497742,99.62158640914944,97.06199402079169,97.09882354736328,41581400,0.0,0.0,0.0
2015-03-26,96.29780441278534,97.31980102256036,95.9755548116208,96.76737213134766,47846300,0.0,0.0,0.0
2015-03-27,96.74897242977208,97.38426256948236,96.60165429478604,97.15408325195312,33878400,0.0,0.0,0.0
2015-03-30,97.74334180399198,98.35101150622984,97.74334180399198,98.26815032958984,30570200,0.0,0.0,0.0
2015-03-31,97.99193440838268,98.19449332153768,97.20011703396666,97.2277374267578,30488100,0.0,0.0,0.0
2015-04-01,97.22771122787826,97.24612950111936,96.09523328150784,96.72132110595705,32970500,0.0,0.0,0.0
2015-04-02,96.81340988036744,97.0988299494738,96.472742005504,96.7857894897461,19164200,0.0,0.0,0.0
2015-04-06,96.21496430317418,97.8446309426897,96.06764615352604,97.57762908935548,24451100,0.0,0.0,0.0
2015-04-07,97.52236205911936,98.24052033588715,97.41188049316406,97.41188049316406,19379400,0.0,0.0,0.0
2015-04-08,97.44871843420688,98.32340410881498,97.4395163185961,98.18529510498048,25866900,0.0,0.0,0.0
2015-04-09,98.13925980758331,98.83900696645745,97.80780802129136,98.80217742919922,23114700,0.0,0.0,0.0
2015-04-10,98.76529767517036,99.21645400880809,98.54432758848829,99.20724487304688,17164300,0.0,0.0,0.0
2015-04-13,99.28095174919824,99.78734206787304,98.84821347856555,98.95870208740234,17783500,0.0,0.0,0.0
2015-04-14,98.8573806354163,99.1428006397194,98.11159513539528,98.67323303222656,23755700,0.0,0.0,0.0
2015-04-15,98.93104389943792,99.50189099745528,98.81135321214182,99.29012298583984,21128600,0.0,0.0,0.0
2015-04-16,99.02312348785172,99.3269547817062,98.88501452272855,99.15202331542967,16195300,0.0,0.0,0.0
2015-04-17,98.2036921468845,98.47069393216728,97.18169557385662,97.605224609375,46514000,0.0,0.0,0.0
2015-04-20,98.09323278143144,99.24412953310323,98.056403242436,99.0691909790039,28945900,0.0,0.0,0.0
2015-04-21,99.64003207500572,99.81497061818168,99.3730232023483,99.49271392822266,22759800,0.0,0.0,0.0
2015-04-22,99.75049209788958,100.20164855650106,99.10599290632224,100.03591918945312,21429200,0.0,0.0,0.0
2015-04-23,99.6952632955356,100.8645781436778,99.67685204121342,100.41342163085938,29473200,0.0,0.0,0.0
2015-04-24,101.47223131054568,101.91417861178168,101.30650195064642,101.77606964111328,32508100,0.0,0.0,0.0
2015-04-27,102.15359314947912,102.346949985866,101.29732568290012,101.51830291748048,31121300,0.0,0.0,0.0
2015-04-28,101.59193819472544,101.78529499918228,100.45945990870784,101.31572723388672,36849200,0.0,0.0,0.0
2015-04-29,100.75407898047123,101.3433374002123,100.12799103143206,100.680419921875,34043900,0.0,0.0,0.0
2015-04-30,100.10956559110934,100.51467630694586,98.5719628150144,99.09677124023438,44080500,0.0,0.0,0.0
2015-05-01,99.48348819697944,100.4686552400551,99.46506992074576,100.40420532226562,32874300,0.0,0.0,0.0
2015-05-04,100.72648945634148,101.19605731814428,100.51472135411149,100.5699691772461,23507300,0.0,0.0,0.0
2015-05-05,100.17401918591612,100.35815978856672,98.88501389382076,98.93104553222656,47843300,0.0,0.0,0.0
2015-05-06,99.10599256450556,99.39141263057034,97.59601701417196,98.24972534179688,42687200,0.0,0.0,0.0
2015-05-07,98.22213316975515,99.11523017764958,98.14847409137872,98.8390121459961,29335800,0.0,0.0,0.0
2015-05-08,99.86097824792704,100.2845072812697,99.71366716109726,100.07274627685548,33023300,0.0,0.0,0.0
2015-05-11,100.13723756661996,100.33979654114906,99.61242887102968,99.6860809326172,19679300,0.0,0.0,0.0
2015-05-12,99.09677720195889,99.74128337533624,98.33258736102472,99.2348861694336,33665000,0.0,0.0,0.0
2015-05-13,99.66764880992748,100.18324825569503,99.2901513410508,99.43746948242188,20738400,0.0,0.0,0.0
2015-05-14,100.24766005114716,100.97502729230858,99.87937888684873,100.89216613769533,23904200,0.0,0.0,0.0
2015-05-15,101.1499657625094,101.28807471137776,100.64356862482964,100.89216613769533,23937400,0.0,0.0,0.0
2015-05-18,100.72645965493632,101.53668823452088,100.65280059556105,101.3341293334961,17631100,0.0,0.0,0.0
2015-05-19,101.44461057951098,101.60113080096788,101.05791108255367,101.22364044189452,14212900,0.0,0.0,0.0
2015-05-20,101.297318570819,101.89578624621883,100.75409871244344,101.28811645507812,21131900,0.0,0.0,0.0
2015-05-21,101.11318766333429,101.95104389459344,100.96587652760088,101.81293487548828,16771800,0.0,0.0,0.0
2015-05-22,101.69320586887734,102.07991240845934,101.6287559496994,101.7116241455078,13543800,0.0,0.0,0.0
2015-05-26,101.49064180946122,101.62874374503323,100.13718664474752,100.54229736328124,25488400,0.0,0.0,0.0
2015-05-27,100.8461398085155,102.2732540804344,100.62516967801989,102.16276550292967,30572700,0.0,0.0,0.0
2015-05-28,101.96946962097186,102.20885815308692,101.61959947750952,101.9326400756836,17302400,0.0,0.0,0.0
2015-05-29,101.86816338772591,102.00627239017471,101.08555507320358,101.32494354248048,30383000,0.0,0.0,0.0
2015-06-01,101.86813963593885,101.94179869000578,100.83693395254356,101.66558074951172,24570200,0.0,0.0,0.0
2015-06-02,101.2880972306715,101.84052612445312,100.79090911891367,101.34333801269533,19449600,0.0,0.0,0.0
2015-06-03,101.80369888550116,102.02466904308272,101.39858107617276,101.64717864990234,20507200,0.0,0.0,0.0
2015-06-04,101.07633057034924,101.72083680897848,100.55152206042314,100.87377166748048,31374600,0.0,0.0,0.0
2015-06-05,100.75407485220232,100.99346327057428,100.01749834544904,100.63438415527344,22641700,0.0,0.0,0.0
2015-06-08,100.58836192975232,100.66202099736944,99.40984494593944,99.6124038696289,24549200,0.0,0.0,0.0
2015-06-09,99.3730038437898,99.80574203501982,98.70087722292976,99.44666290283205,27554600,0.0,0.0,0.0
2015-06-10,99.78731439444618,101.1039400970938,99.67683284076438,100.80931091308594,30297900,0.0,0.0,0.0
2015-06-11,101.15001485150744,101.41702374236463,100.78172648396246,100.9566650390625,17593500,0.0,0.0,0.0
2015-06-12,100.42262758346244,100.63439563628094,99.98988936321392,100.12799835205078,27201800,0.0,0.0,0.0
2015-06-15,99.3822078091592,99.78731856377529,98.80215153003836,99.63079833984376,31238800,0.0,0.0,0.0
2015-06-16,99.5295278642726,100.3397634955483,99.48349621900496,100.17403411865234,16456900,0.0,0.0,0.0
2015-06-17,100.3397519039817,100.77248303717786,99.833354692935,100.45023345947266,23296700,0.0,0.0,0.0
2015-06-18,100.81852890333572,102.08911605384024,100.76328812164428,101.9141845703125,43032400,0.0,0.0,0.0
2015-06-19,101.96400827278764,102.04706706039087,101.33648036905896,101.41030883789062,27877600,0.0,0.0,0.0
2015-06-22,102.1578140258789,102.46235121300138,101.92710531575662,102.1578140258789,19120900,0.0,0.0,0.0
2015-06-23,102.2685744264243,102.33317259480248,101.81638724777694,102.24089050292967,18127900,0.0,0.0,0.0
2015-06-24,102.12089327895652,102.5546196822772,101.68715983496573,101.71484375,15815900,0.0,0.0,0.0
2015-06-25,102.11166957524838,102.21318196406357,101.34571501988684,101.51182556152344,18326700,0.0,0.0,0.0
2015-06-26,101.49338425057432,101.72409297296174,100.4598066396369,100.83816528320312,32311700,0.0,0.0,0.0
2015-06-29,99.72153174223354,100.2752382853493,98.4111079436247,98.4572525024414,50874900,0.0,0.0,0.0
2015-06-30,99.19551895123077,99.4077740708231,98.50339279352342,98.80792999267578,34809900,0.0,0.0,0.0
2015-07-01,99.7861330419354,99.98915784204723,99.13092112200164,99.59233856201172,21293000,0.0,0.0,0.0
2015-07-02,99.87842532351328,99.96147708582131,99.3154954656312,99.62002563476562,20499400,0.0,0.0,0.0
2015-07-06,98.99248586923498,99.9614652252207,98.78023780807251,99.3893051147461,24311000,0.0,0.0,0.0
2015-07-07,99.5000697403434,99.73077849108994,97.66363005578911,99.63849639892578,44230800,0.0,0.0,0.0
2015-07-08,98.92787334834924,99.0478463609208,97.7189621892773,97.90352630615234,39691500,0.0,0.0,0.0
2015-07-09,99.20475109882568,99.29703318008562,97.8389523578952,97.84818267822266,28381000,0.0,0.0,0.0
2015-07-10,99.1493909269682,99.712320819067,98.78948585374724,99.34318542480467,26415800,0.0,0.0,0.0
2015-07-13,100.20138278846169,101.17035489629107,100.19215247105303,101.0873031616211,25780700,0.0,0.0,0.0
2015-07-14,101.22576962955584,102.02863154359676,101.17039474396292,101.75178527832033,21977200,0.0,0.0,0.0
2015-07-15,101.945546573971,102.25930698056467,101.57641129981928,101.86248779296876,28631500,0.0,0.0,0.0
2015-07-16,102.70229519882884,103.32059288203156,102.49927039761688,103.30213928222656,29838900,0.0,0.0,0.0
2015-07-17,104.1327103986843,104.82483673095705,103.9573765154996,104.82483673095705,35926800,0.0,0.0,0.0
2015-07-20,105.04628864066537,105.5630738838512,104.7232978636742,105.1847152709961,26539000,0.0,0.0,0.0
2015-07-21,105.22161490300144,105.38772543932184,104.81557240140636,105.12010955810548,35468900,0.0,0.0,0.0
2015-07-22,103.5143771009292,104.43721189446303,103.5143771009292,103.92965698242188,35575000,0.0,0.0,0.0
2015-07-23,104.03119220230414,104.37263664481138,103.27446778717228,103.54208374023438,25698300,0.0,0.0,0.0
2015-07-24,104.09577043877938,104.28033458638072,102.37006679195616,102.52694702148438,30844700,0.0,0.0,0.0
2015-07-27,101.94556331033117,102.38852007949748,101.45646198406918,101.67794036865234,35994800,0.0,0.0,0.0
2015-07-28,102.13010811571756,102.7576359537528,101.31801616559468,102.55461120605467,33553500,0.0,0.0,0.0
2015-07-29,102.7761272872422,103.16371626279565,102.37930799112652,102.9422378540039,26714100,0.0,0.0,0.0
2015-07-30,102.70231019749173,103.60668457411096,102.08401242399272,103.4313507080078,25438100,0.0,0.0,0.0
2015-07-31,103.75432706574328,103.80969490618251,103.0991151380834,103.31136322021484,22081700,0.0,0.0,0.0
2015-08-03,103.32980893891168,103.61588546076402,102.30546179468304,102.98835754394533,25001800,0.0,0.0,0.0
2015-08-04,102.94224315555392,103.12680733227351,102.37008294264793,102.79458618164062,22132300,0.0,0.0,0.0
2015-08-05,103.36672505569948,104.280329511001,103.24675202899392,103.58820343017578,28989900,0.0,0.0,0.0
2015-08-06,103.68049642904111,103.81892306793264,101.46569132879095,101.92710876464844,42125400,0.0,0.0,0.0
2015-08-07,101.6779542191996,102.037859283425,100.9581440907488,101.79792022705078,30006800,0.0,0.0,0.0
2015-08-10,102.44390804907582,103.1821717722644,102.4346777283428,102.960693359375,21500800,0.0,0.0,0.0
2015-08-11,102.41621428956738,102.81303355490678,101.07809953869214,101.64102935791016,36123300,0.0,0.0,0.0
2015-08-12,100.9396530063311,102.19470871253333,99.86916845731729,101.99168395996094,41889000,0.0,0.0,0.0
2015-08-13,102.09319203898826,102.58230030444793,101.60409081419805,101.82556915283205,22510500,0.0,0.0,0.0
2015-08-14,101.5856560368416,102.13012518697788,101.3826312552075,101.98247528076172,17924900,0.0,0.0,0.0
2015-08-17,101.73329872185816,102.85915821960778,101.47490612381796,102.83147430419922,21224900,0.0,0.0,0.0
2015-08-18,102.69306993807452,102.77612874296766,102.16705430932386,102.30548095703124,13984400,0.0,0.0,0.0
2015-08-19,101.99172578197133,102.53620211810409,101.04120681486454,101.63182067871094,42511400,0.0,0.0,0.0
2015-08-20,100.69050748335948,101.01349826129476,98.8079236111028,98.81715393066406,57747300,0.0,0.0,0.0
2015-08-21,97.42370729262574,98.25426034248468,94.49832153320312,94.49832153320312,97763400,0.0,0.0,0.0
2015-08-24,86.95871780758614,94.6182416749854,78.20101134177423,90.8623046875,150829900,0.0,0.0,0.0
2015-08-25,94.19375216803968,94.81204982325046,90.44704495749367,90.52086639404295,75088300,0.0,0.0,0.0
2015-08-26,93.1693759987852,95.26421438525156,91.29602297520664,95.07964324951172,104103800,0.0,0.0,0.0
2015-08-27,96.45468095027174,97.55285650999606,95.31036787937344,97.4882583618164,69377700,0.0,0.0,0.0
2015-08-28,96.97148645787968,97.82049281900052,96.75923134726396,97.46981811523438,49919600,0.0,0.0,0.0
2015-08-31,96.92535999744392,97.46060599313591,96.0209856301998,96.26091766357422,39549400,0.0,0.0,0.0
2015-09-01,93.86153163353782,95.31961238451116,92.86486830699872,93.2524642944336,73155500,0.0,0.0,0.0
2015-09-02,94.94125750500598,95.90100670176486,93.8523119779788,95.88255310058594,43963600,0.0,0.0,0.0
2015-09-03,96.2608790427859,96.91609079228786,95.1442499732964,95.41187286376952,45131800,0.0,0.0,0.0
2015-09-04,94.10147643672418,94.9135686188912,93.75079466661784,94.27681732177734,49379600,0.0,0.0,0.0
2015-09-08,96.08557909322576,97.0545515821006,95.68875977663738,96.93458557128906,37343500,0.0,0.0,0.0
2015-09-09,98.07888544909336,98.106569367724,95.59645748203675,95.84562683105467,47146700,0.0,0.0,0.0
2015-09-10,95.73488418611132,97.52518602603128,95.6241485115075,96.888427734375,47686700,0.0,0.0,0.0
2015-09-11,96.4454577364731,97.42366027832033,96.16860450656498,97.42366027832033,29106100,0.0,0.0,0.0
2015-09-14,97.7835764386752,97.80203707780493,96.75922922777386,97.12836456298828,19718800,0.0,0.0,0.0
2015-09-15,97.35907765067374,98.57721938325436,96.99917261882068,98.2726821899414,30020200,0.0,0.0,0.0
2015-09-16,98.29113902193464,98.9186669835387,97.94968760259964,98.82637786865234,31329100,0.0,0.0,0.0
2015-09-17,98.72485405550012,100.33981469464584,98.41108661303215,98.86327362060548,56139800,0.0,0.0,0.0
2015-09-18,97.3461635052165,98.61351848406908,97.29065391047423,97.45716857910156,48384000,0.0,0.0,0.0
2015-09-21,97.99369822124198,98.56725020717482,96.88360534411856,97.7624282836914,35772600,0.0,0.0,0.0
2015-09-22,96.2638306057258,96.59685999824838,95.40350585134256,96.30083465576172,47359700,0.0,0.0,0.0
2015-09-23,96.5598529693861,96.81888131164678,95.87529570934166,96.37483978271484,21775100,0.0,0.0,0.0
2015-09-24,95.44049529428132,96.38408078128056,94.60792194039958,96.02330017089844,38284300,0.0,0.0,0.0
2015-09-25,97.05016606242144,97.14267266980558,94.61720064718791,95.2092514038086,44700000,0.0,0.0,0.0
2015-09-28,94.80220309964852,94.86695841842544,92.2212290093102,92.49874877929688,44077500,0.0,0.0,0.0
2015-09-29,92.7300009353656,93.67358632198868,91.35163395366618,92.01769256591795,49315500,0.0,0.0,0.0
2015-09-30,93.33131680821025,94.23789827646688,92.97053618762853,94.13613891601562,41411400,0.0,0.0,0.0
2015-10-01,94.30264715354876,94.57092117116908,93.05378364377842,94.5616683959961,39339100,0.0,0.0,0.0
2015-10-02,93.24806904928548,96.2175750732422,92.95204372453033,96.2175750732422,59370900,0.0,0.0,0.0
2015-10-05,96.92987333213848,97.8549532563739,96.71710890193218,97.59593200683594,32853500,0.0,0.0,0.0
2015-10-06,97.36468525841124,97.68846189759152,96.37484978560214,97.13341522216795,33051500,0.0,0.0,0.0
2015-10-07,97.7439524803314,97.92896565019376,96.47659038759414,97.71619415283205,37389300,0.0,0.0,0.0
2015-10-08,97.34617858466694,98.27125865194088,96.4025929636791,98.10474395751952,50188900,0.0,0.0,0.0
2015-10-09,98.15099002300671,98.7337949603928,97.88271596668304,98.54877471923828,23916200,0.0,0.0,0.0
2015-10-12,98.73376596650498,98.97428162267587,98.3822311404424,98.78926849365234,16162000,0.0,0.0,0.0
2015-10-13,98.22497854069448,99.2240664703833,98.05846388574632,98.15097045898438,26999600,0.0,0.0,0.0
2015-10-14,98.1509829085326,98.6412741609024,97.58668356506546,97.99372100830078,30902600,0.0,0.0,0.0
2015-10-15,98.35449136701904,99.61260055319198,98.22498075001292,99.60334777832033,38393800,0.0,0.0,0.0
2015-10-16,99.8161117470534,100.0751329615863,99.33506629909336,100.0196304321289,27091100,0.0,0.0,0.0
2015-10-19,99.89014494102923,100.65795600350891,99.66812065177676,100.59320068359376,23776300,0.0,0.0,0.0
2015-10-20,100.41744697031766,100.63021143944935,99.73288261952612,100.07516479492188,23404700,0.0,0.0,0.0
2015-10-21,100.58393720227689,100.68568949463132,99.4275873667112,99.46458435058594,30195200,0.0,0.0,0.0
2015-10-22,100.35267231912437,101.5737775250321,100.06589274607204,101.49051666259766,42778700,0.0,0.0,0.0
2015-10-23,104.21953079011097,104.75607190135838,103.67372984358175,104.33053588867188,53170900,0.0,0.0,0.0
2015-10-26,104.2565155159907,104.59879766447828,103.85873082475396,104.39527893066406,25918000,0.0,0.0,0.0
2015-10-27,104.1177562174517,104.7560566144344,104.08999788906094,104.60804748535156,31390500,0.0,0.0,0.0
2015-10-28,104.76529172732587,105.47760009765624,103.92346568640912,105.47760009765624,42221900,0.0,0.0,0.0
2015-10-29,104.9965800085194,105.48687127931116,104.88556786770228,105.31110382080078,24913300,0.0,0.0,0.0
2015-10-30,105.35734452527878,105.53311195689842,104.81155079647976,104.83930206298828,27199200,0.0,0.0,0.0
2015-11-02,105.11684827533914,106.1529405188148,104.89483102952327,106.02342987060548,22176900,0.0,0.0,0.0
2015-11-03,105.8106278106228,106.77271167526708,105.65336593429222,106.3934326171875,20418400,0.0,0.0,0.0
2015-11-04,106.74496917681968,106.81897726274734,105.958652672787,106.4026870727539,28633000,0.0,0.0,0.0
2015-11-05,106.49519187729372,106.75421309876006,105.56085927889102,106.11590576171876,25004100,0.0,0.0,0.0
2015-11-06,105.9124069544412,106.3101916357415,105.23710250852692,106.18993377685548,29924900,0.0,0.0,0.0
2015-11-09,105.79213904891714,105.93090244694648,104.41377195950469,105.0613250732422,33479800,0.0,0.0,0.0
2015-11-10,104.50628776387951,104.8948196664184,104.19175689672882,104.79306030273438,35452100,0.0,0.0,0.0
2015-11-11,105.07982685047202,105.58862363988317,104.48777625432078,104.66354370117188,22748800,0.0,0.0,0.0
2015-11-12,104.2380392392096,104.74683618219456,103.57198035304822,103.64598846435548,31196900,0.0,0.0,0.0
2015-11-13,103.211162485658,103.3221746126642,101.55526864459584,101.61077117919922,52836000,0.0,0.0,0.0
2015-11-16,101.5090302028617,103.0909161356268,101.27776020582937,103.0724105834961,33980600,0.0,0.0,0.0
2015-11-17,103.24821157729856,103.877266455871,102.87817805029076,103.13719940185548,30579500,0.0,0.0,0.0
2015-11-18,103.5534636825832,105.21860354798638,103.45170431184296,105.1168441772461,32966500,0.0,0.0,0.0
2015-11-19,105.17236606514771,105.671910200461,104.98734579773456,105.19086456298828,26188100,0.0,0.0,0.0
2015-11-20,105.69041143481464,105.9864368125388,105.58865204955303,105.90318298339844,22727600,0.0,0.0,0.0
2015-11-23,105.94014491217222,106.32868382628656,105.14458270734607,105.59786987304688,20696200,0.0,0.0,0.0
2015-11-24,104.91331290394312,105.75513192729842,104.38601059522024,105.50536346435548,26374400,0.0,0.0,0.0
2015-11-25,105.6626251824327,105.79213580120437,105.37585267769538,105.59786987304688,14159900,0.0,0.0,0.0
2015-11-27,105.82914098723448,105.95865160740593,105.38509953393272,105.74588012695312,8828000,0.0,0.0,0.0
2015-11-30,106.06040491299834,106.06040491299834,105.13532507434644,105.47760009765624,25041600,0.0,0.0,0.0
2015-12-01,105.90315665023832,106.53221130371094,105.77363896299988,106.53221130371094,28639400,0.0,0.0,0.0
2015-12-02,106.61545582383798,107.0779957623362,105.71812721390354,105.8753890991211,22395500,0.0,0.0,0.0
2015-12-03,106.16217944643525,106.34719261751223,103.46094056723068,104.08074951171876,42754300,0.0,0.0,0.0
2015-12-04,104.39526103192703,106.6894621954876,104.1824966160004,106.5136947631836,40037300,0.0,0.0,0.0
2015-12-07,106.58773097839824,106.65248630352797,105.5238874445804,106.03268432617188,25892100,0.0,0.0,0.0
2015-12-08,104.9225624123784,106.3841903739974,104.8855583687906,106.04190826416016,30792600,0.0,0.0,0.0
2015-12-09,105.57934016140555,106.16214487030356,103.7939361165836,104.43224334716795,48509200,0.0,0.0,0.0
2015-12-10,104.672820842834,105.60715377461352,104.35828992039868,104.90409088134766,30154600,0.0,0.0,0.0
2015-12-11,103.6922239058203,103.96975075595532,102.42486869944612,102.4896240234375,56022200,0.0,0.0,0.0
2015-12-14,102.62836229129334,103.31291941394018,101.18523290526582,103.26666259765624,53098500,0.0,0.0,0.0
2015-12-15,104.21951270034718,104.793057764163,103.76621843389913,103.8957290649414,48428000,0.0,0.0,0.0
2015-12-16,104.59878667478397,105.61637317914165,103.50719208266942,105.44061279296876,44944100,0.0,0.0,0.0
2015-12-17,105.90315189757683,105.90315189757683,103.88647739822363,103.90497589111328,45668800,0.0,0.0,0.0
2015-12-18,103.5820521550863,103.81402844887752,101.91182708740234,101.91182708740234,53746100,0.0,0.0,0.0
2015-12-21,102.87688389468912,103.06246216035068,102.11600167850544,103.04390716552734,26432800,0.0,0.0,0.0
2015-12-22,103.59133102715356,103.86970540563534,103.0438703833218,103.7212371826172,26540300,0.0,0.0,0.0
2015-12-23,104.2594406049717,104.5656510545755,104.07386237576948,104.49141693115234,25656900,0.0,0.0,0.0
2015-12-24,104.4914090539976,104.760502421604,104.42645597073776,104.47284698486328,11468600,0.0,0.0,0.0
2015-12-28,104.222338887994,104.43576025441888,103.47073774590378,104.41719818115234,19183600,0.0,0.0,0.0
2015-12-29,105.03890667883432,106.29158484973452,104.9739535727353,106.05960845947266,27725700,0.0,0.0,0.0
2015-12-30,105.96676524361592,106.00388229911933,105.08525818331226,105.10381317138672,19520100,0.0,0.0,0.0
2015-12-31,104.73266507833752,104.92752432566309,103.77691675190025,103.79547882080078,29886800,0.0,0.0,0.0
2016-01-04,101.55924612299548,101.69843335287511,100.32513728576605,101.60564422607422,50807600,0.0,0.0,0.0
2016-01-05,102.10670292134552,102.2366091006355,100.95610229933888,101.42932891845705,38795200,0.0,0.0,0.0
2016-01-06,99.6663218086738,101.0396178279198,99.6663218086738,100.45503997802734,41891100,0.0,0.0,0.0
2016-01-07,98.31155763584589,99.55495434237312,97.25374622547838,97.3094253540039,61386300,0.0,0.0,0.0
2016-01-08,98.01462308700424,98.627043913093,96.40935106593182,96.51142120361328,69344000,0.0,0.0,0.0
2016-01-11,97.19808340808184,97.48573179525604,95.32371775465164,96.80836486816406,50024100,0.0,0.0,0.0
2016-01-12,97.7362777998481,98.43220685211811,96.57639604606472,97.93113708496094,46734200,0.0,0.0,0.0
2016-01-13,98.33009324097524,98.57135052137431,94.40505200566705,94.55352020263672,69870700,0.0,0.0,0.0
2016-01-14,94.9247563206318,97.41154388973207,93.41226549280522,96.56714630126952,78445700,0.0,0.0,0.0
2016-01-15,93.36585117877284,94.59068611913136,92.3358755380899,93.56998443603516,91443900,0.0,0.0,0.0
2016-01-19,94.84120141504717,94.98966966356672,92.67918033163188,93.77410888671876,56563800,0.0,0.0,0.0
2016-01-20,92.2987477204834,94.48860494660045,90.23879667902112,93.48646545410156,86675000,0.0,0.0,0.0
2016-01-21,93.88543400083178,94.97108121905964,92.62348255628606,93.5792236328125,61660100,0.0,0.0,0.0
2016-01-22,95.46290681014855,96.32585913165492,95.13814132987338,96.28874206542967,42229800,0.0,0.0,0.0
2016-01-25,95.94540390914484,96.49286460651886,94.77624131627236,94.85975646972656,38881500,0.0,0.0,0.0
2016-01-26,95.25876070102616,96.1217058266423,94.4236445221252,95.71343231201172,36143900,0.0,0.0,0.0
2016-01-27,95.15668695266493,95.56496045185013,92.9297129196294,93.3287124633789,54524700,0.0,0.0,0.0
2016-01-28,94.87833103479124,94.91544810183376,93.0318011954049,94.64635467529295,47641500,0.0,0.0,0.0
2016-01-29,94.61849306446346,96.65988164441016,94.5906570415463,96.62276458740234,54245100,0.0,0.0,0.0
2016-02-01,96.1588040558968,97.2444584155288,95.78764767516722,96.88257598876952,32750300,0.0,0.0,0.0
2016-02-02,96.43720819369489,96.47432525909775,94.49788223269331,94.78553771972656,44928100,0.0,0.0,0.0
2016-02-03,95.41652697826238,95.41652697826238,92.6792014277822,94.33087921142578,61572900,0.0,0.0,0.0
2016-02-04,94.08029877986549,95.07315696695908,93.19879175482735,94.3215560913086,49321600,0.0,0.0,0.0
2016-02-05,93.98750849543993,94.02462554898884,90.67488756925556,91.04605102539062,70749900,0.0,0.0,0.0
2016-02-08,89.3480025025318,90.05321251524558,88.00253556515973,89.65421295166016,91673100,0.0,0.0,0.0
2016-02-09,88.45719985617242,90.73056464726668,88.31801266747483,89.37582397460938,73778400,0.0,0.0,0.0
2016-02-10,90.40582527406852,91.5749880844576,89.65422414992527,89.71917724609375,59421700,0.0,0.0,0.0
2016-02-11,88.57784340842367,90.30374791694456,88.32731208012171,89.58926391601562,76839200,0.0,0.0,0.0
2016-02-12,90.60067611006548,91.0460737846367,89.75628593865196,90.95327758789062,49186500,0.0,0.0,0.0
2016-02-16,92.29874201089704,93.0039520263672,91.72343817204566,93.0039520263672,40565900,0.0,0.0,0.0
2016-02-17,93.68130052719243,95.24018141964632,93.4400432125847,95.11027526855467,41766500,0.0,0.0,0.0
2016-02-18,95.40719659314864,95.4257515791621,93.90398786932708,94.02462005615234,38991500,0.0,0.0,0.0
2016-02-19,93.56997816839636,94.59067978312248,93.36584492480762,94.3030242919922,28257900,0.0,0.0,0.0
2016-02-22,95.18452219661653,95.9268421486335,95.0917330875338,95.83405303955078,23979100,0.0,0.0,0.0
2016-02-23,95.27733215522096,95.53714454924936,94.19168447473508,94.2566375732422,29869700,0.0,0.0,0.0
2016-02-24,93.1524211030954,95.27732528584882,92.57711721539918,95.15670013427734,40739100,0.0,0.0,0.0
2016-02-25,95.35155206658791,96.0938720703125,94.49787379723884,96.0938720703125,29389300,0.0,0.0,0.0
2016-02-26,96.82690717752108,96.8454692461464,95.74125978165232,95.97323608398438,30925000,0.0,0.0,0.0
2016-02-29,95.88043822099388,96.59492205199786,95.11027526855467,95.11027526855467,27553900,0.0,0.0,0.0
2016-03-01,96.01964971074923,98.1631088256836,95.72272027889964,98.1631088256836,37699800,0.0,0.0,0.0
2016-03-02,98.0424607666952,98.21875792983089,97.43932100812516,98.20020294189452,29209800,0.0,0.0,0.0
2016-03-03,98.0981177924474,98.12595380976784,97.30939995783768,98.0146026611328,25474600,0.0,0.0,0.0
2016-03-04,98.12599957560724,98.68274141973936,97.40223447029985,98.05176544189452,31655400,0.0,0.0,0.0
2016-03-07,97.55066326977511,98.11668596253068,96.75266429570516,97.44859313964844,25861200,0.0,0.0,0.0
2016-03-08,96.78053701974387,97.62492726092418,96.47432653563564,96.64134979248048,28898500,0.0,0.0,0.0
2016-03-09,97.00323387861442,97.28160125821232,96.46504703362592,97.26304626464844,31047400,0.0,0.0,0.0
2016-03-10,97.6713430658595,98.22808499646509,95.86192294219416,97.1146011352539,44236100,0.0,0.0,0.0
2016-03-11,98.163091266626,98.8126220703125,97.85688085373602,98.8126220703125,31454000,0.0,0.0,0.0
2016-03-14,98.4414504790114,99.21161342528043,98.41361445819396,98.9796371459961,25374900,0.0,0.0,0.0
2016-03-15,98.62705100984152,99.05388658024312,98.31155953993712,98.94253540039062,26524600,0.0,0.0,0.0
2016-03-16,98.701309003995,100.08388619464884,98.6734658927806,99.8240737915039,31693100,0.0,0.0,0.0
2016-03-17,99.53638765272146,100.00034025255196,99.16523123634092,99.76836395263672,29623700,0.0,0.0,0.0
2016-03-18,100.00849182137252,100.17601051857508,99.39426133186716,99.92473602294922,37682300,0.0,0.0,0.0
2016-03-21,99.74790333726548,100.40866952354908,99.69206614135167,100.31560516357422,17288600,0.0,0.0,0.0
2016-03-22,99.74789825109674,100.85538324928642,99.72928822019291,100.62271881103516,18840300,0.0,0.0,0.0
2016-03-23,100.42726579181245,100.50171300411245,99.57105539699872,99.79441833496094,20912900,0.0,0.0,0.0
2016-03-24,99.31049254984,99.85027577555488,99.14297386256142,99.82235717773438,19017300,0.0,0.0,0.0
2016-03-28,100.10153235092076,100.12014947970802,99.50591203610472,99.6827392578125,13892300,0.0,0.0,0.0
2016-03-29,99.49663171778774,101.34863880588436,99.32911302487132,101.2834930419922,29963900,0.0,0.0,0.0
2016-03-30,101.88842252374776,102.40958863730955,101.56268660241584,101.77674102783205,23807200,0.0,0.0,0.0
2016-03-31,101.70227719963404,102.08385028311226,101.46961276347076,101.62782287597656,21447200,0.0,0.0,0.0
2016-04-01,101.0135780038449,102.74460172925625,100.87397794204963,102.7073745727539,26389000,0.0,0.0,0.0
2016-04-04,102.7073952624002,102.78184959040316,102.07454767508612,102.31652069091795,17163000,0.0,0.0,0.0
2016-04-05,101.52544672857088,101.90701979991898,101.19971794836812,101.33000946044922,20107900,0.0,0.0,0.0
2016-04-06,101.4323900225655,103.03312254919346,101.4323900225655,102.9958953857422,25056000,0.0,0.0,0.0
2016-04-07,102.40028886276372,102.58642470527116,101.07875633256477,101.51616668701172,28567200,0.0,0.0,0.0
2016-04-08,102.1489980549716,102.3909639610958,101.0880487731801,101.4416961669922,22898000,0.0,0.0,0.0
2016-04-11,101.87911764794268,102.39097521363148,101.060134182271,101.06944274902344,25772100,0.0,0.0,0.0
2016-04-12,101.1438732505221,102.11175805439724,100.5296357959967,101.91632080078124,28564100,0.0,0.0,0.0
2016-04-13,102.6980955581906,103.3774789342198,102.56780402312026,103.21926879882812,25356700,0.0,0.0,0.0
2016-04-14,103.23787759754288,103.61014216487284,102.37236549615209,103.22856903076172,17199700,0.0,0.0,0.0
2016-04-15,103.14479140200272,103.35883869017772,102.707381160487,102.96796417236328,21353300,0.0,0.0,0.0
2016-04-18,102.67017254306424,103.55429465021815,102.60502677833033,103.51707458496094,17126100,0.0,0.0,0.0
2016-04-19,103.71252420412108,103.71252420412108,102.26069297410244,102.88423919677734,42481400,0.0,0.0,0.0
2016-04-20,102.88420839012642,103.44260157276914,102.53055393084756,102.96796417236328,18078300,0.0,0.0,0.0
2016-04-21,102.9121491548714,103.3495594906197,102.51196598603312,102.977294921875,20216000,0.0,0.0,0.0
2016-04-22,101.63714303260711,102.11178052460907,100.62272938341812,101.423095703125,39074000,0.0,0.0,0.0
2016-04-25,101.11597690827926,101.43239716937664,100.92984107790797,101.423095703125,14351900,0.0,0.0,0.0
2016-04-26,101.63711898707118,101.80463764459547,100.62270557787436,100.92981719970705,19118300,0.0,0.0,0.0
2016-04-27,99.89680760283676,100.35283504968756,99.29188569641413,100.12017059326172,33059800,0.0,0.0,0.0
2016-04-28,100.23184892764031,100.81816792510588,98.71487916824864,98.91031646728516,29818200,0.0,0.0,0.0
2016-04-29,98.9103186692217,99.11506453953876,97.60739621294996,98.38915252685548,67502800,0.0,0.0,0.0
2016-05-02,98.64042559113176,99.45940906044432,98.23094095683156,99.31980895996094,24813800,0.0,0.0,0.0
2016-05-03,98.61250007754848,99.05921894770532,98.13786260932348,98.39845275878906,38569400,0.0,0.0,0.0
2016-05-04,97.80280690990853,98.16576991786532,97.52361388117424,97.76558685302734,27474500,0.0,0.0,0.0
2016-05-05,98.1192439728549,98.33329837319845,97.5422336287438,97.7376708984375,20788100,0.0,0.0,0.0
2016-05-06,97.25373044001184,98.2774524982568,97.1606660893268,98.25884246826172,30758500,0.0,0.0,0.0
2016-05-09,98.26814095268892,98.99405990686718,98.22161232893498,98.53803253173828,19289600,0.0,0.0,0.0
2016-05-10,98.89169345035712,99.9340255750338,98.71486620762587,99.8874969482422,21178900,0.0,0.0,0.0
2016-05-11,99.73859464442162,100.03640485617602,98.95684550119968,98.9847640991211,20966300,0.0,0.0,0.0
2016-05-12,99.21743041600112,99.33841337605575,97.84936228926304,98.54735565185548,29196300,0.0,0.0,0.0
2016-05-13,98.46355675240775,99.06847838822186,97.9889194855259,98.18435668945312,21059300,0.0,0.0,0.0
2016-05-16,98.3333204356556,99.77583596904948,98.24024896223438,99.41287994384766,18311900,0.0,0.0,0.0
2016-05-17,99.3291012600249,99.61760288018267,97.9051889887102,98.16577911376952,29932700,0.0,0.0,0.0
2016-05-18,97.94240652511158,99.04989137163317,97.75627784014264,98.51941680908205,27524400,0.0,0.0,0.0
2016-05-19,98.13785988030686,98.3798328907612,97.29096499424976,98.007568359375,27334600,0.0,0.0,0.0
2016-05-20,98.39845811982993,99.48732610594536,98.34261382029553,99.08714294433594,29549600,0.0,0.0,0.0
2016-05-23,99.19881406655064,99.55246858395022,98.86378378218872,98.95684814453124,15729800,0.0,0.0,0.0
2016-05-24,99.50594155209872,101.06013855020016,99.4780229509907,100.93915557861328,29931300,0.0,0.0,0.0
2016-05-25,101.32071548548656,101.97217309404974,101.1438882344385,101.66505432128906,37951700,0.0,0.0,0.0
2016-05-26,101.76743044809716,102.09315926262924,101.52545742857808,101.9628677368164,21885900,0.0,0.0,0.0
2016-05-27,102.02799545550516,102.50263284436996,102.00938542668987,102.49332427978516,19870000,0.0,0.0,0.0
2016-05-31,102.6329216647568,102.84697604248709,102.1675928526385,102.68875885009766,24366100,0.0,0.0,0.0
2016-06-01,102.37236078083242,102.93075405592946,102.28860498472794,102.69808959960938,19571500,0.0,0.0,0.0
2016-06-02,102.49335482449315,102.92145661836962,101.93496148901762,102.9121551513672,15696600,0.0,0.0,0.0
2016-06-03,102.7167085271866,102.76323715905022,101.7581249860988,102.4281997680664,20269900,0.0,0.0,0.0
2016-06-06,102.61432447803654,103.07034478288168,102.4374972351893,102.80045318603516,12502400,0.0,0.0,0.0
2016-06-07,102.85630674863845,102.95867968443756,102.4933507400257,102.53988647460938,12184300,0.0,0.0,0.0
2016-06-08,102.7166976928711,102.9307449976494,102.33512460991524,102.7166976928711,14568700,0.0,0.0,0.0
2016-06-09,102.29792034218455,102.66087637530272,102.10248302437914,102.54920196533205,17571600,0.0,0.0,0.0
2016-06-10,101.6185440044951,101.81398132228288,101.03222495077512,101.38587951660156,32965000,0.0,0.0,0.0
2016-06-13,100.8088549381415,101.3765567772696,100.40867179089308,100.5389633178711,25154700,0.0,0.0,0.0
2016-06-14,100.26907169760072,100.90191930021784,99.80374278686328,100.5389633178711,24588500,0.0,0.0,0.0
2016-06-15,100.78092474748728,100.92052482472252,100.08293146166604,100.25045013427734,24605700,0.0,0.0,0.0
2016-06-16,99.75719831782176,100.64132026771092,99.11504225084369,100.54825592041016,32079900,0.0,0.0,0.0
2016-06-17,100.34016032338262,100.48013221333244,99.13641346063974,99.36969757080078,29208800,0.0,0.0,0.0
2016-06-20,100.52682172632852,101.00271632646364,99.92028143599384,99.99493408203124,20562800,0.0,0.0,0.0
2016-06-21,100.12555510231704,100.51747074641374,99.93892351993748,100.31217956542967,22804100,0.0,0.0,0.0
2016-06-22,100.36815293576562,100.95603344769998,99.98557069842256,100.06954956054688,22724200,0.0,0.0,0.0
2016-06-23,100.84407587983428,101.51593539625136,100.42416724170738,101.4972686767578,18714200,0.0,0.0,0.0
2016-06-24,97.8860398148729,99.37905708907108,97.1022012963764,97.31682586669922,68012700,0.0,0.0,0.0
2016-06-27,96.67296478498965,96.67296478498965,94.94666324082824,95.38523864746094,48222600,0.0,0.0,0.0
2016-06-28,96.43967395877196,97.52211591926044,96.39302139657234,97.47545623779295,28260600,0.0,0.0,0.0
2016-06-29,98.24059946386284,99.40701996874203,98.19394691522714,99.20172882080078,31356700,0.0,0.0,0.0
2016-06-30,99.3696912565638,100.41480656661138,99.03376158973656,100.3494873046875,36300800,0.0,0.0,0.0
2016-07-01,100.3028544990235,101.22666488982767,100.26552817946164,100.85340881347656,19902800,0.0,0.0,0.0
2016-07-05,100.32152720257126,100.46149912946062,99.69632021170116,100.23754119873048,21167900,0.0,0.0,0.0
2016-07-06,99.76161108068165,101.10532259011286,99.4443410181214,101.05867004394533,24579300,0.0,0.0,0.0
2016-07-07,101.1520238419952,101.58126588724338,100.88141333361231,101.35731506347656,19161700,0.0,0.0,0.0
2016-07-08,101.89853165838994,102.9809737205754,101.73056675630146,102.92498779296876,29457900,0.0,0.0,0.0
2016-07-11,103.27023799177904,103.89543787888316,103.26091175055166,103.51285552978516,20218500,0.0,0.0,0.0
2016-07-12,104.14736407341591,104.31532892615267,103.89541323467756,104.03538513183594,21906100,0.0,0.0,0.0
2016-07-13,104.27800849344636,104.34332776656866,103.774113906817,103.783447265625,21107800,0.0,0.0,0.0
2016-07-14,104.47397854387052,104.68860310598014,104.23136102132652,104.49264526367188,20871000,0.0,0.0,0.0
2016-07-15,104.73525178359888,104.7912448216592,104.0913923596782,104.32467651367188,17999300,0.0,0.0,0.0
2016-07-18,104.38999791710012,105.20182223319335,104.3713311976109,105.01519775390624,20713900,0.0,0.0,0.0
2016-07-19,104.65128085626962,104.95921767156086,104.44598964607546,104.6326141357422,18936700,0.0,0.0,0.0
2016-07-20,105.20181872148694,106.05097644821318,105.07118016649324,105.85501861572266,24997900,0.0,0.0,0.0
2016-07-21,105.92964394904364,106.13493510185008,105.32311096754496,105.61238098144533,18885400,0.0,0.0,0.0
2016-07-22,105.687079707085,106.17230772780384,105.36048323936376,106.0510025024414,20003400,0.0,0.0,0.0
2016-07-25,105.96699100748418,106.0883033229482,105.70571389612682,106.06031036376952,12968100,0.0,0.0,0.0
2016-07-26,106.02297860071045,106.56419239532988,105.64972255253817,106.18161010742188,21223800,0.0,0.0,0.0
2016-07-27,107.0774242370772,107.19872943144662,106.47088402669566,106.91879272460938,27646100,0.0,0.0,0.0
2016-07-28,107.08678486864984,107.41338133610256,106.75085503947872,107.29207611083984,16939700,0.0,0.0,0.0
2016-07-29,107.5346787197966,107.81462259678167,107.18942267335268,107.52535247802734,22385300,0.0,0.0,0.0
2016-08-01,107.59995180584006,108.36512333920216,107.4693132844806,108.09451293945312,13990100,0.0,0.0,0.0
2016-08-02,107.93590255813612,108.02921478887492,106.58285741425644,107.27337646484376,21278400,0.0,0.0,0.0
2016-08-03,107.18939203143422,107.6372935634478,107.12407276137948,107.62796020507812,15011300,0.0,0.0,0.0
2016-08-04,107.59065708660184,108.03855868554204,107.3387062078389,107.9359130859375,12835300,0.0,0.0,0.0
2016-08-05,108.48645943381192,109.21430481806934,108.365147123591,108.97168731689452,23196600,0.0,0.0,0.0
2016-08-08,109.02767104718508,109.05567112385964,108.50511685753054,108.85037994384766,12358200,0.0,0.0,0.0
2016-08-09,108.93438342597814,109.44761149195396,108.86906413751473,109.10234832763672,13276500,0.0,0.0,0.0
2016-08-10,109.16763601101177,109.19562896663922,108.53310291281264,108.82238006591795,14688400,0.0,0.0,0.0
2016-08-11,109.19565158349036,109.52225511816796,108.97170077281912,109.28897094726562,12969800,0.0,0.0,0.0
2016-08-12,109.10233219873648,109.37294267358511,108.98102700074256,109.36360931396484,19379000,0.0,0.0,0.0
2016-08-15,109.50358091403938,110.0821281812747,109.4662545949338,109.8301773071289,11777800,0.0,0.0,0.0
2016-08-16,109.624904774235,109.63423101554288,109.20498897953152,109.2236557006836,14161400,0.0,0.0,0.0
2016-08-17,109.25161371195274,109.45690486334082,108.64507361537866,109.4195785522461,15980300,0.0,0.0,0.0
2016-08-18,109.31696275357592,109.60623284427244,109.13033114726537,109.44760131835938,10036300,0.0,0.0,0.0
2016-08-19,109.25161371195274,109.662188895463,108.9530103424608,109.4195785522461,18743000,0.0,0.0,0.0
2016-08-22,109.26094545254531,109.69019449211834,109.05566141008524,109.5035629272461,14500600,0.0,0.0,0.0
2016-08-23,109.93283098607296,110.11946259532026,109.652894251104,109.69954681396484,11997900,0.0,0.0,0.0
2016-08-24,109.62488193680494,109.77418007857833,108.62642614121614,108.99034881591795,17728700,0.0,0.0,0.0
2016-08-25,108.71038848607192,109.14896372462611,108.57974996215351,108.8130340576172,24266300,0.0,0.0,0.0
2016-08-26,108.85038212594064,109.68087310226174,108.31849456673196,108.97168731689452,23896000,0.0,0.0,0.0
2016-08-29,108.99968987635862,109.4102722807805,108.98103027582476,109.12100219726562,11184900,0.0,0.0,0.0
2016-08-30,108.9437167195802,109.260979800701,108.39316944848174,108.76641845703124,19843300,0.0,0.0,0.0
2016-08-31,108.59844878925632,108.76641368343928,108.19719971533416,108.6544418334961,16169800,0.0,0.0,0.0
2016-09-01,108.69175392954804,109.06500287286046,108.1598663541339,108.93436431884766,20944700,0.0,0.0,0.0
2016-09-02,109.47559543628032,109.69954624695156,108.87838852831176,109.28897094726562,18088200,0.0,0.0,0.0
2016-09-06,109.47557732837792,109.97013854980467,109.23295983737482,109.97013854980467,18525200,0.0,0.0,0.0
2016-09-07,110.07279537446884,110.22210065164094,109.61556042184723,110.03546905517578,17546900,0.0,0.0,0.0
2016-09-08,109.70886457420526,109.73685753179493,109.10232438911744,109.3916015625,20125300,0.0,0.0,0.0
2016-09-09,108.4771508376979,108.71976839425702,106.62021063610804,106.6388702392578,50813300,0.0,0.0,0.0
2016-09-12,106.04161864858388,108.70105593268266,106.03228529130196,108.5517578125,39646000,0.0,0.0,0.0
2016-09-13,108.0105483872953,108.32781137567748,107.05875230288233,107.58130645751952,45863900,0.0,0.0,0.0
2016-09-14,107.69327113761008,108.68239340483622,107.6652710665198,108.09451293945312,28221800,0.0,0.0,0.0
2016-09-15,108.12253658942628,109.94215004750748,108.1132032303608,109.77418518066406,38521400,0.0,0.0,0.0
2016-09-16,109.65633407989112,109.834076538293,109.1792400340836,109.72181701660156,27596500,0.0,0.0,0.0
2016-09-19,110.00242953900276,110.339200888671,109.02954245896468,109.24469757080078,16222900,0.0,0.0,0.0
2016-09-20,109.63760014850564,109.8995389836123,109.26341608684594,109.45050811767578,18078600,0.0,0.0,0.0
2016-09-21,109.91823875348804,110.6853274533474,109.27275915267968,110.52629852294922,31546800,0.0,0.0,0.0
2016-09-22,111.17177866857928,111.52726352238972,111.05952630388424,111.40564727783205,22614400,0.0,0.0,0.0
2016-09-23,111.32147603926562,111.32147603926562,110.53568081068109,110.69470977783205,22213400,0.0,0.0,0.0
2016-09-26,110.0679362759527,110.19890213876832,109.6095486189938,109.7685775756836,16403900,0.0,0.0,0.0
2016-09-27,109.69372775687302,110.90984016816418,109.5908250041426,110.8537139892578,20238400,0.0,0.0,0.0
2016-09-28,110.99404781928268,111.10630018846858,110.47017726036776,111.0408172607422,14794300,0.0,0.0,0.0
2016-09-29,110.8537371409348,111.05954268937792,109.759233601056,110.23632049560548,27207500,0.0,0.0,0.0
2016-09-30,110.52632717930064,111.3869621121147,110.4140676561534,111.0595474243164,25543200,0.0,0.0,0.0
2016-10-03,110.91919615426914,111.04080525343838,110.47016531476962,110.9004898071289,19216400,0.0,0.0,0.0
2016-10-04,111.2279246949338,111.4711500747322,110.31115650160396,110.73212432861328,21239700,0.0,0.0,0.0
2016-10-05,111.05953233012924,111.48049299478468,111.0127557508991,111.12501525878906,14481300,0.0,0.0,0.0
2016-10-06,110.98468176689715,111.30274677282058,110.52630131126082,111.06887817382812,11987100,0.0,0.0,0.0
2016-10-07,111.1717816889177,111.330817771729,110.28308380445432,110.8256607055664,19984200,0.0,0.0,0.0
2016-10-10,111.39629398078678,111.77048517061216,111.34951740564486,111.52725982666016,19687300,0.0,0.0,0.0
2016-10-11,111.43373866487995,111.45244501684654,109.4505299124924,109.93697357177734,27774400,0.0,0.0,0.0
2016-10-12,110.03984016648084,110.2175825686892,109.50662009695834,109.84339141845705,14267800,0.0,0.0,0.0
2016-10-13,109.09503040425768,109.74985964926564,108.45890750749132,109.45050811767578,22821000,0.0,0.0,0.0
2016-10-14,109.99307767976472,110.43275177377149,109.5159837546613,109.58146667480467,21313300,0.0,0.0,0.0
2016-10-17,109.4879481933844,109.73117358811348,109.1418200215432,109.28214263916016,14182700,0.0,0.0,0.0
2016-10-18,110.5824577304872,110.76955694310637,110.198916834552,110.25504302978516,19276700,0.0,0.0,0.0
2016-10-19,110.17083445650216,110.40470309366955,110.04922533453268,110.24567413330078,13702900,0.0,0.0,0.0
2016-10-20,110.13340617309248,110.35791803461912,109.47856979940993,110.11469268798828,18132200,0.0,0.0,0.0
2016-10-21,110.19888392004027,110.591781443531,109.8340494857842,110.52629852294922,15707800,0.0,0.0,0.0
2016-10-24,111.23727347887616,111.92952259342348,111.21855999255918,111.85468292236328,19143000,0.0,0.0,0.0
2016-10-25,111.92017486605596,111.93888835388042,111.33082846746532,111.49921417236328,20341800,0.0,0.0,0.0
2016-10-26,110.77892070179604,111.3495608832439,110.41408611196624,110.7415008544922,20463700,0.0,0.0,0.0
2016-10-27,111.21857165422776,111.31211768430973,110.07729153075566,110.23632049560548,19099800,0.0,0.0,0.0
2016-10-28,109.9182356604681,110.48887558252471,109.20727315908393,109.5440444946289,35369300,0.0,0.0,0.0
2016-10-31,109.94631154207715,109.94631154207715,109.38502829655984,109.44115447998048,18749400,0.0,0.0,0.0
2016-11-01,109.62827236548988,109.64697871745516,107.6731267097412,108.61795806884766,23498700,0.0,0.0,0.0
2016-11-02,108.5431149212374,108.79569705588602,107.47667446564353,107.74796295166016,26960100,0.0,0.0,0.0
2016-11-03,107.57022108296016,107.925705994832,106.56926355735604,106.69087982177734,36205200,0.0,0.0,0.0
2016-11-04,106.42896383295452,107.14928341881222,106.12961218531537,106.31671142578124,26997500,0.0,0.0,0.0
2016-11-07,108.037929242897,108.95469723400116,107.86019397199628,108.84243774414062,26591200,0.0,0.0,0.0
2016-11-08,108.73020601668117,110.0492213715116,108.47762390085772,109.5534210205078,20777900,0.0,0.0,0.0
2016-11-09,108.27181873567856,110.23631379643416,108.14085287410178,110.05857849121094,70234400,0.0,0.0,0.0
2016-11-10,110.59178907785676,110.74146127647452,106.83117784455028,108.28116607666016,72825400,0.0,0.0,0.0
2016-11-11,107.81339773034084,108.56177991866754,107.4298498961205,108.32791137695312,41115200,0.0,0.0,0.0
2016-11-14,108.35601794688328,108.458920717504,106.67216091591132,107.2334442138672,35906000,0.0,0.0,0.0
2016-11-15,108.0473204624009,109.0950546241214,107.88829148717964,108.72086334228516,31796600,0.0,0.0,0.0
2016-11-16,108.20633942771778,109.44116554757312,108.20633942771778,109.3663330078125,16538100,0.0,0.0,0.0
2016-11-17,109.31020607837154,110.1801977458017,109.08569417174256,110.16149139404295,20598600,0.0,0.0,0.0
2016-11-18,110.29242423296326,110.47951624293226,109.64694466549562,109.74984741210938,16428700,0.0,0.0,0.0
2016-11-21,110.0211598315208,110.99405419729202,109.98373999394065,110.89115142822266,20268500,0.0,0.0,0.0
2016-11-22,111.33080038981208,111.49918605224316,110.9566092358428,111.22789764404295,18850600,0.0,0.0,0.0
2016-11-23,110.86309657157167,110.98470569991468,110.29245649600756,110.77890014648438,22926000,0.0,0.0,0.0
2016-11-25,110.909865114941,111.18115360251416,110.77889924329943,111.13438415527344,7162800,0.0,0.0,0.0
2016-11-28,110.99404966929366,111.39630398549004,110.76953779007594,110.8817901611328,13479000,0.0,0.0,0.0
2016-11-29,110.98465944823428,111.79852457841952,110.66660164337448,111.26530456542967,18553000,0.0,0.0,0.0
2016-11-30,111.4056520300838,111.4430718656129,109.88083120206856,109.91825103759766,30405300,0.0,0.0,0.0
2016-12-01,109.88083358403613,109.8901903273972,107.8508556380286,108.0192413330078,39796600,0.0,0.0,0.0
2016-12-02,108.08470282143358,108.6646994639971,107.78535132719816,108.234375,32876800,0.0,0.0,0.0
2016-12-05,108.79567878747108,109.50663421375056,108.29987134566365,109.0763168334961,21419700,0.0,0.0,0.0
2016-12-06,109.38504104837143,109.52536366038512,108.87988392738492,109.33826446533205,27293300,0.0,0.0,0.0
2016-12-07,109.11373825131774,110.86307802573054,108.78632362431632,110.7227554321289,26622400,0.0,0.0,0.0
2016-12-08,110.76956298833372,111.19988049518447,110.55440066635556,110.9192352294922,18578400,0.0,0.0,0.0
2016-12-09,111.33081933446752,111.82661966457631,111.32146259132288,111.78919982910156,21863100,0.0,0.0,0.0
2016-12-12,111.29339910150968,111.51791097645253,110.82566186540151,111.28404235839844,23259300,0.0,0.0,0.0
2016-12-13,111.62080040066738,113.2953003622841,111.62080040066738,112.68724060058594,54477900,0.0,0.0,0.0
2016-12-14,112.82755264788538,113.19238704342078,112.1259469430708,112.45336151123048,28746000,0.0,0.0,0.0
2016-12-15,112.60304805695988,113.29529706514109,112.33175964387878,112.63111114501952,22762300,0.0,0.0,0.0
2016-12-16,112.90789635821258,113.13307930795676,111.98842436715658,112.2136001586914,26283900,0.0,0.0,0.0
2016-12-19,112.3261953117267,113.36764322421574,112.16669608575872,112.67333984375,21138700,0.0,0.0,0.0
2016-12-20,113.02990420548888,113.311372234942,112.89855102676847,113.10496520996094,11461800,0.0,0.0,0.0
2016-12-21,113.15183806251524,113.2268990438315,112.76716306013556,113.0204849243164,7079300,0.0,0.0,0.0
2016-12-22,113.02989047527032,113.05803655897546,112.26053316841733,112.70150756835938,16645000,0.0,0.0,0.0
2016-12-23,112.51388966305984,112.82351099540496,112.41068255227812,112.77659606933594,9007500,0.0,0.0,0.0
2016-12-27,113.02050143074877,114.01503452470658,112.9735936792322,113.35826873779295,16110600,0.0,0.0,0.0
2016-12-28,113.60221175276284,113.70541882611197,112.4012645263839,112.476318359375,17975200,0.0,0.0,0.0
2016-12-29,112.44817903008445,112.71088535685487,111.96029687439795,112.31682586669922,13267500,0.0,0.0,0.0
2016-12-30,112.53264245837138,112.54201971567856,110.8438055755608,111.16281127929688,41749000,0.0,0.0,0.0
2017-01-03,111.90399667564016,112.57953131532948,111.54746768611992,112.1573257446289,22307600,0.0,0.0,0.0
2017-01-04,112.27929969319123,112.97360319292288,112.26992243702438,112.7671890258789,19749100,0.0,0.0,0.0
2017-01-05,112.6827323721801,113.48023571766754,112.6827323721801,113.40518188476562,20644300,0.0,0.0,0.0
2017-01-06,113.52715486907482,114.6999560557388,113.23630246540948,114.39971923828124,24074300,0.0,0.0,0.0
2017-01-09,114.49353402655018,114.98142329524252,114.418473037796,114.77500915527344,18909200,0.0,0.0,0.0
2017-01-10,114.82191380749306,115.3754796368615,114.55920751214929,115.02832794189452,16176600,0.0,0.0,0.0
2017-01-11,115.07525297109724,115.33795928955078,114.48415659636642,115.33795928955078,20686000,0.0,0.0,0.0
2017-01-12,114.92513823602133,115.23475948439687,114.09010431758595,115.15969848632812,19622500,0.0,0.0,0.0
2017-01-13,115.2159894054191,115.7507864507602,115.2159894054191,115.5537567138672,16930800,0.0,0.0,0.0
2017-01-17,115.25350412271462,115.43177217723088,114.86882909132812,115.20659637451172,14538500,0.0,0.0,0.0
2017-01-18,115.3755160323993,115.55378414256478,115.0846635648341,115.44119262695312,12499700,0.0,0.0,0.0
2017-01-19,115.6100482548694,116.01349214010308,115.14092779102604,115.38487243652344,12710700,0.0,0.0,0.0
2017-01-20,115.89149782496963,116.1823573339226,115.3285547894422,115.63817596435548,22091000,0.0,0.0,0.0
2017-01-23,115.56311862649864,115.90088589010293,115.00017557322792,115.73200225830078,17434200,0.0,0.0,0.0
2017-01-24,115.95717639628542,116.6890102291434,115.7601466883576,116.5107421875,17640900,0.0,0.0,0.0
2017-01-25,117.2425660359876,117.71168642209103,117.13935897838812,117.68354034423828,15036200,0.0,0.0,0.0
2017-01-26,117.84305722889974,118.04947137505188,117.5991125872463,117.80552673339844,16052200,0.0,0.0,0.0
2017-01-27,118.0588467635156,118.14328500328112,117.6460185027698,118.03070068359376,15053000,0.0,0.0,0.0
2017-01-30,117.63664155665305,117.63664155665305,116.46384043073974,117.1112289428711,25006700,0.0,0.0,0.0
2017-01-31,116.69841039016086,116.90482455085296,116.2011438166084,116.87667846679688,19091100,0.0,0.0,0.0
2017-02-01,117.70230201007044,117.91810053729,117.14874339040873,117.68354034423828,22861900,0.0,0.0,0.0
2017-02-02,117.47713808579262,117.93687410627578,117.14875521401892,117.5803451538086,15101400,0.0,0.0,0.0
2017-02-03,117.7023151571723,118.0400824455514,117.5897308331858,117.9181137084961,16957200,0.0,0.0,0.0
2017-02-06,117.72108585566278,118.07761481764028,117.6084943716757,118.05885314941406,11630100,0.0,0.0,0.0
2017-02-07,118.30279551697922,118.73439264432972,118.19021118654884,118.49044799804688,17541100,0.0,0.0,0.0
2017-02-08,118.33094813697376,118.85636076478616,118.10576516087396,118.6874771118164,12569100,0.0,0.0,0.0
2017-02-09,118.80942789558944,119.38175534646028,118.74375132704078,119.11904907226562,17542700,0.0,0.0,0.0
2017-02-10,119.381769406027,119.68200620592388,119.17535526393353,119.51312255859376,13915700,0.0,0.0,0.0
2017-02-13,119.87903891830716,120.33877496373266,119.83213116734298,120.18866729736328,19120200,0.0,0.0,0.0
2017-02-14,120.2355507129077,120.60146404591929,119.8508757138328,120.5920867919922,16333500,0.0,0.0,0.0
2017-02-15,120.50767192089114,121.36147463558912,120.44198818141238,121.30516815185548,17891400,0.0,0.0,0.0
2017-02-16,121.38023112601162,121.62418294357175,120.95802554786223,121.26764678955078,15098300,0.0,0.0,0.0
2017-02-17,121.08935680613168,121.80242898517096,121.07058798130996,121.79303741455078,15563700,0.0,0.0,0.0
2017-02-21,122.02764121305228,122.46861569718465,121.96197177734308,122.3935546875,18479600,0.0,0.0,0.0
2017-02-22,122.28097617931812,122.52491373514178,122.0745619719195,122.4404754638672,12110900,0.0,0.0,0.0
2017-02-23,122.6280938312706,122.6280938312706,121.4928302570326,121.98070526123048,17489000,0.0,0.0,0.0
2017-02-24,121.42715196952922,122.21527099609376,121.38962862768317,122.21527099609376,18624500,0.0,0.0,0.0
2017-02-27,121.99006587326498,122.37473369886752,121.78365176371356,122.3653564453125,12008700,0.0,0.0,0.0
2017-02-28,122.33723397846522,122.39352614349458,121.65232210990732,121.9900894165039,16598600,0.0,0.0,0.0
2017-03-01,122.76886696922313,123.5475945681818,122.53430666879773,123.32242584228516,25813800,0.0,0.0,0.0
2017-03-02,123.29422892404556,123.31298343252244,122.5530106630675,122.70313262939452,19951400,0.0,0.0,0.0
2017-03-03,122.61867019500744,122.96581464676852,122.29028024802228,122.92829132080078,13722700,0.0,0.0,0.0
2017-03-06,122.5248815815571,122.86264889444136,122.16835975759422,122.65623474121094,12026200,0.0,0.0,0.0
2017-03-07,122.41232101448884,122.98464867475364,122.23405290968816,122.44984436035156,15500900,0.0,0.0,0.0
2017-03-08,122.5248894146617,123.05030208686706,122.40292781917076,122.66563415527344,15776000,0.0,0.0,0.0
2017-03-09,122.63746073394098,122.92831309004929,122.1026566083857,122.7594223022461,20855300,0.0,0.0,0.0
2017-03-10,123.32239709016636,123.47251908338018,122.74069226198937,123.27548217773438,21922600,0.0,0.0,0.0
2017-03-13,123.22856637461274,123.51004153074884,123.16289695081964,123.48189544677734,10731600,0.0,0.0,0.0
2017-03-14,123.20039419035608,123.24730909250994,122.6843588995,123.18162536621094,14019700,0.0,0.0,0.0
2017-03-15,123.4349466091811,124.23245694630468,123.04088722546436,123.9416046142578,22709100,0.0,0.0,0.0
2017-03-16,124.17622877040536,124.17622877040536,123.57575497397995,123.85721588134766,18457300,0.0,0.0,0.0
2017-03-17,124.01139725436978,124.14302364351644,123.74814447607643,123.81396484375,21234500,0.0,0.0,0.0
2017-03-20,123.77634644597754,124.20884134170744,123.59772190798924,123.9267807006836,10105200,0.0,0.0,0.0
2017-03-21,124.396844651111,124.50966313971428,121.9711467227654,122.0463638305664,35841900,0.0,0.0,0.0
2017-03-22,122.08399817563574,122.99598602078284,121.9241528308091,122.8737564086914,29177900,0.0,0.0,0.0
2017-03-23,122.7139031443536,123.05237294656392,122.35662547918828,122.56346893310548,20311700,0.0,0.0,0.0
2017-03-24,122.95835251861864,123.43784544520842,122.34723323887502,122.81732940673828,22967600,0.0,0.0,0.0
2017-03-27,121.9429366169021,123.2310098040501,121.6608760618816,123.01475524902344,18472400,0.0,0.0,0.0
2017-03-28,123.01478798709206,124.13361940050537,122.74213846393567,123.7669448852539,23721900,0.0,0.0,0.0
2017-03-29,123.85154240105092,124.3874589620019,123.71991603723454,124.34044647216795,13710000,0.0,0.0,0.0
2017-03-30,124.29340818366704,124.67889043561678,124.18058970844064,124.5472640991211,16092400,0.0,0.0,0.0
2017-03-31,124.368667268848,124.80116214688196,124.22764412720625,124.4626922607422,19841400,0.0,0.0,0.0
2017-04-03,124.56612057574344,124.8669747424953,123.69173401290143,124.38748168945312,23700300,0.0,0.0,0.0
2017-04-04,124.03015940257028,124.6036772466251,123.9831469210192,124.58486938476562,13400000,0.0,0.0,0.0
2017-04-05,124.76349997381914,125.49684872979796,123.8421156502396,124.07716369628906,32011200,0.0,0.0,0.0
2017-04-06,124.19942896916638,124.47207846862489,123.8233433796739,124.14300537109376,18832200,0.0,0.0,0.0
2017-04-07,124.10536831411947,124.45323483149052,123.63527222202052,124.07716369628906,16743100,0.0,0.0,0.0
2017-04-10,124.19940838961487,124.64129991767416,123.78572148281928,124.12419128417967,15619300,0.0,0.0,0.0
2017-04-11,124.01137871719632,124.19942868461088,122.69511502248425,123.58829498291016,33778400,0.0,0.0,0.0
2017-04-12,123.56949699163368,123.67291874349702,122.9583775872954,123.09000396728516,15955200,0.0,0.0,0.0
2017-04-13,122.92076581296142,123.6447036686399,122.58229595784228,122.60108947753906,23683000,0.0,0.0,0.0
2017-04-17,122.9489874169096,123.63532398177348,122.90197491877912,123.61651611328124,13325500,0.0,0.0,0.0
2017-04-18,123.20279259222104,123.78572157322051,123.11817872836812,123.4284439086914,12841100,0.0,0.0,0.0
2017-04-19,123.964415998319,124.3780887447356,123.45670389512208,123.62594604492188,17764800,0.0,0.0,0.0
2017-04-20,124.12415507400104,124.9327207888052,123.9361195383658,124.6600570678711,21977900,0.0,0.0,0.0
2017-04-21,124.77294207243251,124.819940216362,124.31224262310197,124.63190460205078,22454900,0.0,0.0,0.0
2017-04-24,126.01399322977716,126.25843810273544,125.79775298269108,126.13622283935548,22469900,0.0,0.0,0.0
2017-04-25,126.54989409514108,127.2738318642052,126.4370612594689,127.0481948852539,19384400,0.0,0.0,0.0
2017-04-26,127.0952125140391,127.4054777538702,126.79435838057177,126.86957550048828,25398500,0.0,0.0,0.0
2017-04-27,127.179822835254,127.63111114501952,127.10460572592694,127.63111114501952,16136500,0.0,0.0,0.0
2017-04-28,128.1387890428494,128.18580152224135,127.64989942651776,127.85674285888672,22771900,0.0,0.0,0.0
2017-05-01,128.2798437596836,129.1636268449932,128.223434515293,128.994384765625,24815500,0.0,0.0,0.0
2017-05-02,129.15417732024122,129.2670101216541,128.82511871045008,129.21058654785156,18345100,0.0,0.0,0.0
2017-05-03,128.9192276334059,128.96624014100132,128.44913124985797,128.79701232910156,23827600,0.0,0.0,0.0
2017-05-04,128.77814236231717,129.21062279277328,128.39266007059177,128.8439483642578,14630100,0.0,0.0,0.0
2017-05-05,129.17309424354391,129.31411743164062,128.69360105781084,129.31411743164062,19330700,0.0,0.0,0.0
2017-05-08,129.37992058033063,129.59616088867188,129.11666776681895,129.59616088867188,13279900,0.0,0.0,0.0
2017-05-09,129.79358357137366,130.33889696844994,129.6807507106753,130.0474395751953,28426100,0.0,0.0,0.0
2017-05-10,130.1226348876953,130.16964738143875,129.66194974912656,130.1226348876953,20499400,0.0,0.0,0.0
2017-05-11,129.76533871891382,130.05679602182437,129.1636162511063,130.01918029785156,27232100,0.0,0.0,0.0
2017-05-12,130.07555992644112,130.33881252050685,129.96272713884835,130.31060791015625,19738600,0.0,0.0,0.0
2017-05-15,130.36707138827006,130.79955182443314,130.2448417950866,130.72433471679688,20481300,0.0,0.0,0.0
2017-05-16,131.06277938296773,131.28843066258415,130.67731150630593,131.26962280273438,21786000,0.0,0.0,0.0
2017-05-17,130.22605683503107,130.47051606439211,127.913191339777,127.93199920654295,55642200,0.0,0.0,0.0
2017-05-18,127.88498229989597,129.4833066110785,127.74394482331611,129.05081176757812,41319900,0.0,0.0,0.0
2017-05-19,129.5115469870865,130.14147438700388,129.4269330855011,129.59616088867188,36730100,0.0,0.0,0.0
2017-05-22,129.8875829875369,130.75257267790224,129.8405848413592,130.68675231933594,19509700,0.0,0.0,0.0
2017-05-23,131.07218474259253,131.08158149900885,130.47985912592532,130.81832885742188,19687500,0.0,0.0,0.0
2017-05-24,131.21321578084877,131.4858795415883,130.8465414116632,131.42005920410156,15891900,0.0,0.0,0.0
2017-05-25,131.91839473727887,132.87739501230934,131.6363341450702,132.53892517089844,23928600,0.0,0.0,0.0
2017-05-26,132.56709761238093,132.8303502755469,132.38845880247675,132.77394104003906,13851600,0.0,0.0,0.0
2017-05-30,132.70815618627446,133.04662603601977,132.62354231038765,132.8867950439453,20306400,0.0,0.0,0.0
2017-05-31,133.35689142288967,133.35689142288967,132.16285736072678,132.83978271484375,33229400,0.0,0.0,0.0
2017-06-01,133.11244295573275,133.4132970665176,132.54832177198946,133.3568878173828,20120700,0.0,0.0,0.0
2017-06-02,133.82702508284726,134.9082552924009,133.61078477941734,134.8800506591797,37222900,0.0,0.0,0.0
2017-06-05,134.8705687252626,135.08680891513706,134.66372529279334,134.8517608642578,15727500,0.0,0.0,0.0
2017-06-06,134.69197397592228,135.13386560383643,134.11845597030174,134.31590270996094,22393000,0.0,0.0,0.0
2017-06-07,134.69195774104156,134.9552104647236,134.0714416616182,134.84239196777344,18842400,0.0,0.0,0.0
2017-06-08,135.14324466373156,135.19965390562942,134.25005051302963,134.98341369628906,25417400,0.0,0.0,0.0
2017-06-09,135.14327193651894,135.2936918298703,129.84998369521549,131.60813903808594,109783700,0.0,0.0,0.0
2017-06-12,130.49870877089393,131.1380327205485,129.2482511498603,130.90298461914062,104454000,0.0,0.0,0.0
2017-06-13,131.6363200197745,132.1534286589689,130.94998365113256,131.96539306640625,51193000,0.0,0.0,0.0
2017-06-14,132.50128088028492,132.50128088028492,130.3294391769496,131.39186096191406,60093800,0.0,0.0,0.0
2017-06-15,130.06621517840335,130.949998343422,129.2670602337997,130.80897521972656,55145200,0.0,0.0,0.0
2017-06-16,130.7410982136015,130.8353793535801,129.76064053012254,130.24143981933594,48087400,0.0,0.0,0.0
2017-06-19,131.50473237761642,132.54175292358437,131.30674775063926,132.41920471191406,39626500,0.0,0.0,0.0
2017-06-20,132.28722161862973,132.45691039961582,131.33503106326938,131.38217163085938,40935100,0.0,0.0,0.0
2017-06-21,131.68382031232568,132.74913651896185,131.59897593797734,132.6831512451172,35743400,0.0,0.0,0.0
2017-06-22,132.8905260924731,133.1356367986943,132.30600920029127,132.64540100097656,24099100,0.0,0.0,0.0
2017-06-23,132.49458671813522,133.32421450259653,132.12691338370868,133.15452575683594,21654300,0.0,0.0,0.0
2017-06-26,133.91816721805444,134.1444189015973,132.24006676713816,132.53231811523438,34411100,0.0,0.0,0.0
2017-06-27,132.032662456487,132.19292886398063,130.11887353986032,130.1282958984375,65957800,0.0,0.0,0.0
2017-06-28,130.6090783186127,132.1174898431659,129.8548869416145,132.00436401367188,57427200,0.0,0.0,0.0
2017-06-29,131.45760138285735,131.45760138285735,128.45021424853095,129.7135009765625,88769400,0.0,0.0,0.0
2017-06-30,130.08113762975825,130.73163991505092,129.33636861568357,129.76060485839844,68898300,0.0,0.0,0.0
2017-07-03,130.3545449466186,130.5053745905554,128.3087713507021,128.39361572265625,32797000,0.0,0.0,0.0
2017-07-05,128.7989817107324,130.0057050693667,128.36532314590167,129.65689086914062,42116600,0.0,0.0,0.0
2017-07-06,128.66702529096415,129.2138241816536,128.02595965826086,128.48789978027344,48430500,0.0,0.0,0.0
2017-07-07,128.92158783678633,130.22259274146427,128.912165477072,129.87376403808594,36970400,0.0,0.0,0.0
2017-07-10,129.9586008230999,131.03333944521245,129.62863128027465,130.72222900390625,24853500,0.0,0.0,0.0
2017-07-11,130.53371394304017,131.25020174271663,130.04347787732303,131.08993530273438,31517700,0.0,0.0,0.0
2017-07-12,132.21174249110248,132.79624499800897,131.9477726889334,132.64540100097656,36045800,0.0,0.0,0.0
2017-07-13,132.80568293011464,133.25821497428936,132.551149838703,132.9376678466797,31073600,0.0,0.0,0.0
2017-07-14,133.53168921635955,134.15391037048423,133.10745275137847,133.9842071533203,34544800,0.0,0.0,0.0
2017-07-17,134.12559293192038,134.5215478187441,133.79562333359297,134.0501708984375,25343200,0.0,0.0,0.0
2017-07-18,133.9558608091229,134.97403646316633,133.5316245495912,134.9457550048828,25748500,0.0,0.0,0.0
2017-07-19,135.3416856502814,135.93562493878653,135.28512274380972,135.73764038085938,33752300,0.0,0.0,0.0
2017-07-20,136.08649696287094,136.17134134004567,135.30400969660784,135.9167938232422,36139400,0.0,0.0,0.0
2017-07-21,135.4171645425587,135.86026000976562,135.14377225133515,135.86026000976562,39697100,0.0,0.0,0.0
2017-07-24,135.84138760582132,136.57673439743388,135.68112119075508,136.4824676513672,26712700,0.0,0.0,0.0
2017-07-25,136.0299482333083,136.4541989788567,135.76597830313017,136.13365173339844,28120900,0.0,0.0,0.0
2017-07-26,136.47304820546958,136.6521737465663,136.2562188382233,136.57675170898438,18610600,0.0,0.0,0.0
2017-07-27,137.47239508444204,137.60438006893418,134.15389697898826,135.7188720703125,80665900,0.0,0.0,0.0
2017-07-28,134.90808423504023,135.83197899759656,134.6912404880449,135.605712890625,38013200,0.0,0.0,0.0
2017-07-31,135.99225267268517,136.16194147299072,134.73838823550025,135.0306396484375,33848600,0.0,0.0,0.0
2017-08-01,135.4925646274285,135.53026844638194,134.92690664616674,135.3417205810547,20149400,0.0,0.0,0.0
2017-08-02,136.21852206359398,136.24680353099086,134.4461400518764,135.7094268798828,41769700,0.0,0.0,0.0
2017-08-03,135.8413822571377,135.91680428218993,134.93634672707182,135.18145751953125,27112800,0.0,0.0,0.0
2017-08-04,135.48313675228863,135.7282475287054,134.8703382333275,135.4265594482422,29472900,0.0,0.0,0.0
2017-08-07,135.6717158472998,136.2845001220703,135.48316794623832,136.2845001220703,17933900,0.0,0.0,0.0
2017-08-08,136.02050088882868,137.14238007865742,135.66224988427038,136.0487823486328,30810400,0.0,0.0,0.0
2017-08-09,134.92689056548087,135.93564382194174,134.61578015139327,135.86964416503906,36169500,0.0,0.0,0.0
2017-08-10,135.09661323598115,135.19087997840603,132.82457327991995,132.95655822753906,63331700,0.0,0.0,0.0
2017-08-11,133.13568884970485,134.2575681401734,132.83400073769138,133.96531677246094,45862500,0.0,0.0,0.0
2017-08-14,135.03059658514516,135.89792818687363,134.99289276997376,135.69052124023438,34161000,0.0,0.0,0.0
2017-08-15,136.02997721030587,136.03941395750394,135.417192824418,135.7848663330078,25509200,0.0,0.0,0.0
2017-08-16,136.1241960283978,136.66157250230572,135.567974839295,136.02049255371094,31913000,0.0,0.0,0.0
2017-08-17,135.49257612893516,135.6999831139852,133.23939514160156,133.23939514160156,70191000,0.0,0.0,0.0
2017-08-18,133.3147989649157,134.05956802931712,132.5982969743085,133.1450958251953,60751900,0.0,0.0,0.0
2017-08-21,133.13563866907336,133.42788992663236,132.1551670598636,132.97537231445312,37111500,0.0,0.0,0.0
2017-08-22,133.69189234238175,135.14374101411573,133.644751782989,135.0023193359375,36294200,0.0,0.0,0.0
2017-08-23,134.32357601397993,134.82323444641236,134.22930925208294,134.5215606689453,25702300,0.0,0.0,0.0
2017-08-24,134.82320840133127,134.9740524535665,133.37137395808884,134.12557983398438,38160800,0.0,0.0,0.0
2017-08-25,134.64408931292743,134.9834668324727,133.66361741664207,133.84274291992188,26380400,0.0,0.0,0.0
2017-08-28,134.24816213049166,134.56870941921196,133.82392571296936,134.25759887695312,15362100,0.0,0.0,0.0
2017-08-29,133.10743678554792,135.01180385370995,132.98487416481308,134.78553771972656,24498300,0.0,0.0,0.0
2017-08-30,134.89861509276963,136.5955745243116,134.81377071751228,136.3693084716797,33642700,0.0,0.0,0.0
2017-08-31,136.7559036315707,137.84007944751522,136.68048157943915,137.8306427001953,38480700,0.0,0.0,0.0
2017-09-01,138.0097174453023,138.19826531354403,137.27437068946335,137.6420440673828,22293600,0.0,0.0,0.0
2017-09-05,137.23667136681593,137.52892272995896,135.37944531395385,136.40704345703125,44794300,0.0,0.0,0.0
2017-09-06,136.7558692229931,137.13297938876764,135.83197449108889,136.82186889648438,30722700,0.0,0.0,0.0
2017-09-07,137.07641060072405,137.49122461623537,136.64275186471335,137.1424102783203,22721100,0.0,0.0,0.0
2017-09-08,136.96326787184793,137.02926754131747,135.81310711056526,135.95452880859375,27890100,0.0,0.0,0.0
2017-09-11,137.0198271349045,137.75517391210013,136.98212331427322,137.5194854736328,27126300,0.0,0.0,0.0
2017-09-12,137.90598918131263,138.0285517470241,137.19892401348997,137.84942626953125,30256700,0.0,0.0,0.0
2017-09-13,137.61374288690396,138.05683822568238,137.38747684626878,138.03797912597656,28450900,0.0,0.0,0.0
2017-09-14,137.5006711090303,137.91547076866348,137.14242000018672,137.22726440429688,35296400,0.0,0.0,0.0
2017-09-15,137.19896527252808,138.19828204192504,136.9726991720812,137.69862365722656,46422400,0.0,0.0,0.0
2017-09-18,137.85826216332518,138.29286994219893,137.10240562386485,137.51812744140625,24858200,0.0,0.0,0.0
2017-09-19,137.7637764768824,137.9527370100079,137.29136793568645,137.75433349609375,20871200,0.0,0.0,0.0
2017-09-20,137.707144850256,137.85831910394157,136.27101827378408,137.3292236328125,34236200,0.0,0.0,0.0
2017-09-21,137.23472642395205,137.2441694078513,136.00646092888636,136.4883270263672,28841800,0.0,0.0,0.0
2017-09-22,136.05363920831925,136.55439103262,135.9119224341822,136.35598754882812,21702400,0.0,0.0,0.0
2017-09-25,135.81748012323715,135.8930672334917,134.25853742244252,134.91990661621094,54947700,0.0,0.0,0.0
2017-09-26,135.6096202641284,135.86472496119194,134.79707684332044,135.2694854736328,29628800,0.0,0.0,0.0
2017-09-27,135.98756054431846,136.9985220755459,135.6474401227122,136.4883270263672,33249400,0.0,0.0,0.0
2017-09-28,136.15762248161758,136.58278738576817,135.84583104076904,136.44107055664062,24149400,0.0,0.0,0.0
2017-09-29,136.71506255109804,137.5276060183951,136.3560417749213,137.42367553710938,43102400,0.0,0.0,0.0
2017-10-02,137.6315694252794,138.10397819563462,136.93239925511588,137.54653930664062,27351300,0.0,0.0,0.0
2017-10-03,137.7260430238484,138.00003373957824,137.423694521334,137.83941650390625,19715200,0.0,0.0,0.0
2017-10-04,137.57485812125017,138.26457076615327,137.44258426583357,137.9716796875,26381100,0.0,0.0,0.0
2017-10-05,138.47242492200715,139.39834186432483,138.33070808988597,139.32276916503906,31562400,0.0,0.0,0.0
2017-10-06,138.85036474407198,139.51173400878906,138.85036474407198,139.51173400878906,23561100,0.0,0.0,0.0
2017-10-09,139.6912395311605,139.84239933804463,139.17158714783778,139.35110473632812,13704800,0.0,0.0,0.0
2017-10-10,139.8235105007355,139.9652273220184,138.8408924839502,139.4550323486328,19223100,0.0,0.0,0.0
2017-10-11,139.38886076605257,139.8990700557117,139.20934321660823,139.87071228027344,12439100,0.0,0.0,0.0
2017-10-12,139.66287484328976,140.16362676801182,139.47389988419326,139.61563110351562,14513500,0.0,0.0,0.0
2017-10-13,140.18256395192253,140.31483782156255,139.6251251024946,140.1542205810547,18409900,0.0,0.0,0.0
2017-10-16,140.50372779734448,140.67378791960743,140.20137946875016,140.63600158691406,21809400,0.0,0.0,0.0
2017-10-17,140.5888048523351,140.8344521388578,140.37150092899705,140.8155517578125,13138200,0.0,0.0,0.0
2017-10-18,140.95728396767043,140.9761843488468,140.43763161107128,140.64549255371094,17218200,0.0,0.0,0.0
2017-10-19,139.82352044635664,140.144754875292,139.14325082227697,140.1258544921875,27680300,0.0,0.0,0.0
2017-10-20,140.6927141938849,140.81553061031855,140.33367909177628,140.50375366210938,30173300,0.0,0.0,0.0
2017-10-23,140.7966603707494,140.80610335252504,139.3888775808093,139.58729553222656,29297100,0.0,0.0,0.0
2017-10-24,139.86127266834558,140.11637731931958,139.30383404531298,139.823486328125,20289500,0.0,0.0,0.0
2017-10-25,139.54953834901542,140.00304670088795,138.25514302001,139.29443359375,36179100,0.0,0.0,0.0
2017-10-26,139.2093931252919,139.55898536887818,138.8125715448262,138.85037231445312,28230200,0.0,0.0,0.0
2017-10-27,141.18406387128562,143.1587432878709,140.96675989565435,142.89419555664062,60165100,0.0,0.0,0.0
2017-10-30,142.79027384975382,143.79177809630656,142.65799997599726,143.21543884277344,31733400,0.0,0.0,0.0
2017-10-31,143.6783488246452,143.96178243209815,143.26262697802704,143.75392150878906,26319300,0.0,0.0,0.0
2017-11-01,144.33027924943056,144.39642337758804,143.139814693501,143.7067108154297,29481600,0.0,0.0,0.0
2017-11-02,143.54608220028703,143.60278334708093,142.45010511398695,143.43270874023438,31017400,0.0,0.0,0.0
2017-11-03,143.9523921964131,144.83106553500298,143.46108306886495,144.8121795654297,26199200,0.0,0.0,0.0
2017-11-06,144.69875382535105,145.36013742350136,144.65152449699764,145.30343627929688,28693900,0.0,0.0,0.0
2017-11-07,145.19010127176844,145.57747990086173,144.8783097715302,145.38851928710938,21333100,0.0,0.0,0.0
2017-11-08,145.31288926157058,146.01204476773913,145.14281466766036,145.97425842285156,17373500,0.0,0.0,0.0
2017-11-09,144.77434682688764,145.28455622812663,143.71615609360302,145.20896911621094,40594500,0.0,0.0,0.0
2017-11-10,144.86884650220867,145.3129118115727,144.6137417801388,145.19952392578125,20150800,0.0,0.0,0.0
2017-11-13,144.6515597693563,145.56803386445216,144.6515597693563,145.37905883789062,12522400,0.0,0.0,0.0
2017-11-14,144.8688301912023,145.02944739315663,144.15077427362414,144.8499298095703,25173800,0.0,0.0,0.0
2017-11-15,144.22639499896067,144.55708691220062,143.40440833380734,144.16970825195312,24808000,0.0,0.0,0.0
2017-11-16,144.89716184343652,146.34273096094913,144.868818481663,146.0120391845703,34790600,0.0,0.0,0.0
2017-11-17,146.04982923085996,146.15375968866067,145.3128730452785,145.45458984375,28725800,0.0,0.0,0.0
2017-11-20,145.55856678335326,145.69084064308782,145.1334018354043,145.3412628173828,21143900,0.0,0.0,0.0
2017-11-21,146.0309521183072,146.9852267692698,145.9648224074061,146.91908264160156,20147800,0.0,0.0,0.0
2017-11-22,147.05137380220663,147.2403343914549,146.76792570994988,147.09861755371094,17299000,0.0,0.0,0.0
2017-11-24,147.24981229763824,147.68442027175524,147.16476776637984,147.63717651367188,8280600,0.0,0.0,0.0
2017-11-27,147.5899147867371,147.92059218721857,147.23087960421148,147.57101440429688,22653400,0.0,0.0,0.0
2017-11-28,147.90168508743682,148.0434163241498,147.1080420622055,147.9489288330078,25227300,0.0,0.0,0.0
2017-11-29,147.7788855201772,147.81667187088763,144.6704283579951,145.36959838867188,71986300,0.0,0.0,0.0
2017-11-30,145.98371168688337,146.87184223034245,145.6435768918728,146.58839416503906,56595500,0.0,0.0,0.0
2017-12-01,145.69079294311308,146.67341079380046,143.85784547493043,145.9647979736328,59015800,0.0,0.0,0.0
2017-12-04,146.88125140894962,147.04186856264545,144.14127356623686,144.2830047607422,51319100,0.0,0.0,0.0
2017-12-05,144.25467160189618,146.02148942753934,143.706690356617,144.37750244140625,40604200,0.0,0.0,0.0
2017-12-06,143.8389849048927,145.25621079540954,143.66891030131168,145.02944946289062,28647800,0.0,0.0,0.0
2017-12-07,145.0199999809261,145.93647383572787,144.868825766022,145.520751953125,32666200,0.0,0.0,0.0
2017-12-08,146.58840344186845,146.94743864175874,145.93649159221226,146.16323852539062,28081700,0.0,0.0,0.0
2017-12-11,146.22940887245002,147.34428660515042,146.2199514706933,147.2970428466797,20821500,0.0,0.0,0.0
2017-12-12,147.23089140786158,147.533225467305,146.78682609390538,147.09861755371094,20310300,0.0,0.0,0.0
2017-12-13,147.6938256952537,147.85444288279416,147.16471597440972,147.3820343017578,24418500,0.0,0.0,0.0
2017-12-14,147.63712741459284,148.0150629368005,147.11748949880214,147.27810668945312,24594700,0.0,0.0,0.0
2017-12-15,147.85443206447573,149.11104052809992,147.60877039358147,148.95040893554688,49816200,0.0,0.0,0.0
2017-12-18,149.9341636004943,150.32235225870707,149.65959994402485,150.1992645263672,26844500,0.0,0.0,0.0
2017-12-19,149.91521212724228,150.0667024866021,148.89267387193712,149.30926513671875,31415000,0.0,0.0,0.0
2017-12-20,149.83005360094057,149.85845624681744,148.5613539287054,149.1483612060547,38972600,0.0,0.0,0.0
2017-12-21,149.35656147771323,149.82995786908472,148.99677559725922,149.16720581054688,18638700,0.0,0.0,0.0
2017-12-22,148.9400361501062,149.05364671122192,148.59919001984136,148.99684143066406,23330400,0.0,0.0,0.0
2017-12-26,148.16367499610274,148.38143338979822,147.65239857117848,148.19207763671875,21918700,0.0,0.0,0.0
2017-12-27,148.2015205464001,148.60864908564062,148.06897009228095,148.2109832763672,22388200,0.0,0.0,0.0
2017-12-28,148.68438796054062,148.71280504582987,148.2109913917773,148.39088439941406,25393800,0.0,0.0,0.0
2017-12-29,148.523444692207,148.55184733245954,147.41569838160427,147.47250366210938,33186000,0.0,0.0,0.0
2018-01-02,148.22991761860484,150.0951010831363,147.86066890692638,150.05723571777344,32573300,0.0,0.0,0.0
2018-01-03,150.19926268281492,151.6478550267392,150.17086004445693,151.5153045654297,29383600,0.0,0.0,0.0
2018-01-04,152.03601839865289,152.23483683409796,151.56262190885022,151.78038024902344,24776100,0.0,0.0,0.0
2018-01-05,152.49996782916037,153.4088810927017,152.21592701671025,153.3047332763672,26992300,0.0,0.0,0.0
2018-01-08,153.30473034954352,153.97695977794436,153.2479250775212,153.90121459960938,23159100,0.0,0.0,0.0
2018-01-09,154.20419386909234,154.36514696903302,153.4467709157049,153.9106903076172,24782400,0.0,0.0,0.0
2018-01-10,153.22899712246803,153.57932040545566,152.54730491119935,153.5509033203125,34004000,0.0,0.0,0.0
2018-01-11,153.81599642632787,154.6112990753957,153.57929817742095,154.60182189941406,20473500,0.0,0.0,0.0
2018-01-12,154.46929282252498,155.89895968968523,154.2704743562168,155.73800659179688,37762700,0.0,0.0,0.0
2018-01-16,156.77000951001182,157.5653122786025,154.82908068789757,155.2930145263672,41231800,0.0,0.0,0.0
2018-01-17,156.0314951758205,157.2055092940859,155.27405785786252,156.96881103515625,33849900,0.0,0.0,0.0
2018-01-18,156.7226600709863,157.357009711862,156.35341134131488,156.9972381591797,26432200,0.0,0.0,0.0
2018-01-19,157.46120611874912,157.74524702466306,156.7321711645181,157.48960876464844,38937600,0.0,0.0,0.0
2018-01-22,157.4327546368143,159.1748504638672,157.25286163730806,159.1748504638672,26081400,0.0,0.0,0.0
2018-01-23,159.6671699622086,160.63290286141776,159.59142478904369,160.49087524414062,37989700,0.0,0.0,0.0
2018-01-24,160.83174223421628,161.18206551156723,158.53104189338993,159.44943237304688,54287400,0.0,0.0,0.0
2018-01-25,160.5477280065856,160.6045332864235,158.88136274777997,159.39263916015625,28925000,0.0,0.0,0.0
2018-01-26,160.28257203066994,161.85425179377037,159.97014307068457,161.83531188964844,32038200,0.0,0.0,0.0
2018-01-29,161.4944780887701,161.81638421987188,160.70863821796496,161.0494842529297,37277800,0.0,0.0,0.0
2018-01-30,159.5819705866979,160.40567591264175,158.89081570914632,159.72398376464844,44987700,0.0,0.0,0.0
2018-01-31,160.62343226703516,160.94535287790538,159.38313570533205,160.38673400878906,42449200,0.0,0.0,0.0
2018-02-01,159.15591165031978,160.699174441353,158.51208488752155,159.0233612060547,38037900,0.0,0.0,0.0
2018-02-02,158.398514969745,158.77722649421813,155.71908831568786,155.8516387939453,68478100,0.0,0.0,0.0
2018-02-05,154.39353049608908,156.93092862163684,149.59328339196753,149.70689392089844,105372200,0.0,0.0,0.0
2018-02-06,147.51979646914455,153.8633058821197,146.84758161394203,153.6739501953125,118537900,0.0,0.0,0.0
2018-02-07,153.18161955722104,154.8479843357779,151.67622228770395,151.68569946289062,91028300,0.0,0.0,0.0
2018-02-08,152.07388930965706,152.24431956459966,145.28538513183594,145.28538513183594,94184800,0.0,0.0,0.0
2018-02-09,147.33993200365109,148.87374659130643,142.1420473280707,147.79440307617188,113836600,0.0,0.0,0.0
2018-02-12,149.30924616341397,151.43953031286728,148.13523214485127,150.4169921875,63050600,0.0,0.0,0.0
2018-02-13,149.55542680894234,151.49634087769093,149.3281912908301,151.19337463378906,31785600,0.0,0.0,0.0
2018-02-14,150.30340210606565,154.26099026322066,149.59330729296613,154.0242919921875,52107400,0.0,0.0,0.0
2018-02-15,155.4066262213275,156.8836212158203,153.79708076442938,156.8836212158203,51633900,0.0,0.0,0.0
2018-02-16,156.3723238363266,157.8871838566654,155.9178528280027,156.18296813964844,62256300,0.0,0.0,0.0
2018-02-20,155.63389716158724,157.81151033235574,155.56761469185628,156.49546813964844,36785600,0.0,0.0,0.0
2018-02-21,157.26229343608807,158.79609318396643,155.95571471935494,156.05039978027344,41161800,0.0,0.0,0.0
2018-02-22,156.7321270636874,157.56530963408434,155.63385802179278,156.03150939941406,37074400,0.0,0.0,0.0
2018-02-23,157.29074686325615,159.22219848632812,156.6469200242878,159.22219848632812,50096900,0.0,0.0,0.0
2018-02-26,159.97018704256226,161.33355712890625,159.83763657110168,161.33355712890625,39266700,0.0,0.0,0.0
2018-02-27,161.3808766793341,161.64597758447402,159.26006943821488,159.33580017089844,42209900,0.0,0.0,0.0
2018-02-28,160.24471429125478,160.76545332752212,158.20911513219966,158.31326293945312,42936300,0.0,0.0,0.0
2018-03-01,158.39850998085222,159.12754481176594,154.32729620985882,155.72854614257812,76809900,0.0,0.0,0.0
2018-03-02,153.853934582368,157.43281264336105,153.34267247947818,157.1582489013672,57445100,0.0,0.0,0.0
2018-03-05,156.41972061643384,159.30742849774862,155.83269897217284,158.9003143310547,38540200,0.0,0.0,0.0
2018-03-06,159.67665758910184,160.11218879098223,158.56891134680296,159.572509765625,29480900,0.0,0.0,0.0
2018-03-07,158.35115167144852,160.0743221099568,158.07658801921465,159.94175720214844,34609400,0.0,0.0,0.0
2018-03-08,160.60453774817742,160.93590670541016,159.96071084932066,160.82229614257812,25828400,0.0,0.0,0.0
2018-03-09,161.96789181050067,163.94668579101562,161.7311935511975,163.94668579101562,38310500,0.0,0.0,0.0
2018-03-12,164.4295299290147,165.19642990717708,164.0602812563101,164.81771850585938,37635000,0.0,0.0,0.0
2018-03-13,165.19645907237845,165.8876284498334,162.1572612559161,162.5738525390625,55638900,0.0,0.0,0.0
2018-03-14,163.42598115509412,163.54906889887178,161.83536100513376,162.5454559326172,40536400,0.0,0.0,0.0
2018-03-15,162.6590653184958,163.35022026971097,161.80694281922692,162.40342712402344,28810400,0.0,0.0,0.0
2018-03-16,162.67796946599285,163.03774095836414,161.8447870579281,161.9205322265625,31176700,0.0,0.0,0.0
2018-03-19,160.36247877479033,160.47627365201393,157.08125326807155,158.4658203125,71395100,0.0,0.0,0.0
2018-03-20,158.5321718123798,159.35721348794715,158.001109838665,158.98736572265625,34075700,0.0,0.0,0.0
2018-03-21,158.57011326075258,160.0400117716977,157.60281353874873,158.2950897216797,43863500,0.0,0.0,0.0
2018-03-22,156.1044432107827,157.2045083655402,154.18881450616752,154.38796997070312,66607300,0.0,0.0,0.0
2018-03-23,154.20774926863834,154.86209846659503,150.24372729523145,150.31959533691406,80110400,0.0,0.0,0.0
2018-03-26,153.36380382992144,156.09499663565293,150.9360833227626,155.9053192138672,57481500,0.0,0.0,0.0
2018-03-27,157.06226508651713,157.06226508651713,149.53252951710505,150.86019897460938,78889100,0.0,0.0,0.0
2018-03-28,149.9972476196314,151.52405841190765,147.97730152658667,149.12478637695312,89369700,0.0,0.0,0.0
2018-03-29,149.9308198125427,153.3542880613637,148.53677503305576,151.85592651367188,68692600,0.0,0.0,0.0
2018-04-02,150.77483528296762,151.48608204411758,145.9288734381852,147.47463989257812,85549400,0.0,0.0,0.0
2018-04-03,148.7643533490749,149.7601016111477,146.4599210146088,149.1342010498047,64090000,0.0,0.0,0.0
2018-04-04,146.25134789807564,151.95080186336838,146.08064109704546,151.4861297607422,65768700,0.0,0.0,0.0
2018-04-05,152.99396200071186,153.2310443168717,151.23954707298657,152.34909057617188,43054900,0.0,0.0,0.0
2018-04-06,150.67054485573146,152.16890669763632,147.8255573137145,148.53680419921875,59870900,0.0,0.0,0.0
2018-04-09,149.81700778143323,152.56717049780107,149.32388713189292,149.57992553710938,41810400,0.0,0.0,0.0
2018-04-10,151.93184343005336,153.37329354654352,150.85074860750734,152.8801727294922,48296800,0.0,0.0,0.0
2018-04-11,151.92236189456833,153.6293576514336,151.82753763996112,151.99822998046875,41622100,0.0,0.0,0.0
2018-04-12,152.91808878054334,154.35955326601922,152.83274262248142,153.8284912109375,30467900,0.0,0.0,0.0
2018-04-13,154.59662744431162,154.82421718717495,152.36804807640866,153.03187561035156,44604900,0.0,0.0,0.0
2018-04-16,154.1034797826683,154.75782918130977,153.13618004248727,154.1983184814453,28180800,0.0,0.0,0.0
2018-04-17,155.7536087619345,157.85890095637978,155.44065835785676,157.5175018310547,35536100,0.0,0.0,0.0
2018-04-18,157.51744589436908,158.37093616941692,156.76825791328454,157.83987426757812,29573900,0.0,0.0,0.0
2018-04-19,157.04332653582017,157.4131743573175,155.8484224430167,156.38897705078125,34705700,0.0,0.0,0.0
2018-04-20,155.9906305084734,156.10442534927176,153.37323340730254,153.91378784179688,49197100,0.0,0.0,0.0
2018-04-23,154.6630012681881,155.26993135976628,152.6999674057224,153.52500915527344,33040600,0.0,0.0,0.0
2018-04-24,154.25521128889727,154.49229355837966,149.2575129965099,150.27223205566406,70256800,0.0,0.0,0.0
2018-04-25,150.53776845446654,151.07830852374502,148.38505731843796,150.45240783691406,52089300,0.0,0.0,0.0
2018-04-26,152.39647469856942,154.131918588058,151.90333954327278,153.6198272705078,43005500,0.0,0.0,0.0
2018-04-27,155.8768653125236,155.91480658376165,152.84221477946244,153.7146759033203,51043400,0.0,0.0,0.0
2018-04-30,154.07499599994125,155.03280297003732,152.24471371666098,152.62405395507812,35615300,0.0,0.0,0.0
2018-05-01,152.22582996951934,154.3880197107982,151.86546018918705,154.36904907226562,36513500,0.0,0.0,0.0
2018-05-02,154.63456770977638,155.11822489618623,153.27846380594724,153.45864868164062,38646800,0.0,0.0,0.0
2018-05-03,152.68098531412312,154.00864026784356,150.99296067138408,153.4396514892578,60337100,0.0,0.0,0.0
2018-05-04,152.77583782576932,156.71139816398457,152.66202848347902,156.3510284423828,41543200,0.0,0.0,0.0
2018-05-07,157.0812347772602,158.16232939469043,156.95794736121027,157.65023803710938,32500200,0.0,0.0,0.0
2018-05-08,157.31829167453236,157.83038294948977,156.34151399666138,157.48899841308594,26040200,0.0,0.0,0.0
2018-05-09,157.77351906623613,159.3193002407522,157.21400832994246,159.20550537109375,29122700,0.0,0.0,0.0
2018-05-10,159.71759869881342,160.96940016171084,159.59431127494645,160.8555908203125,27067600,0.0,0.0,0.0
2018-05-11,160.66596191961892,161.08322916232677,160.00213424729196,160.7039031982422,24688800,0.0,0.0,0.0
2018-05-14,161.0736900086025,161.99357031662134,160.71332035010164,160.97885131835938,21821700,0.0,0.0,0.0
2018-05-15,159.7081355714449,159.7934817327193,158.35201719298553,159.19602966308594,49361600,0.0,0.0,0.0
2018-05-16,159.40462967549436,160.61848972573048,159.32876161356043,160.24864196777344,22941200,0.0,0.0,0.0
2018-05-17,159.68914535867944,160.8461080819812,158.85461107423765,159.6322479248047,27480200,0.0,0.0,0.0
2018-05-18,159.0158090208132,159.5658416092392,158.5701076776202,158.80718994140625,26217900,0.0,0.0,0.0
2018-05-21,160.04000743988323,160.74177615573095,159.01581031554596,159.6986083984375,22954600,0.0,0.0,0.0
2018-05-22,160.4288413065183,160.69437231211054,159.20550306435084,159.489990234375,19477700,0.0,0.0,0.0
2018-05-23,158.27612395150712,160.8555803092064,158.25716778780853,160.8366241455078,26557800,0.0,0.0,0.0
2018-05-24,160.78916931152344,161.07367087811048,159.1675205112229,160.78916931152344,27696500,0.0,0.0,0.0
2018-05-25,160.77023934091653,161.52890555356723,160.46678153806891,160.95042419433594,27460500,0.0,0.0,0.0
2018-05-29,160.2201651124477,161.1400453050939,159.28132876041232,160.2391357421875,41220500,0.0,0.0,0.0
2018-05-30,160.81766887210475,161.67115937139093,160.4762697783192,161.38665771484375,22665800,0.0,0.0,0.0
2018-05-31,161.3866356811501,162.35393539320546,160.86506626410335,161.28233337402344,35670900,0.0,0.0,0.0
2018-06-01,162.0883957948387,163.9091857928924,162.040976449349,163.81436157226562,45543300,0.0,0.0,0.0
2018-06-04,164.23163895403206,165.33170426571945,164.12733663672074,165.2937774658203,20459600,0.0,0.0,0.0
2018-06-05,165.6826352214296,166.08093183149725,165.0757049865134,165.805908203125,24779300,0.0,0.0,0.0
2018-06-06,165.97658502440788,166.80162681970975,165.14205067582768,166.77317810058594,25036600,0.0,0.0,0.0
2018-06-07,166.80162020330224,166.83954700384436,164.582533377534,165.41705322265625,39600300,0.0,0.0,0.0
2018-06-08,164.63939886259396,165.84378074863625,164.23160986654014,165.426513671875,31780300,0.0,0.0,0.0
2018-06-11,165.30326535204065,166.28004329886582,165.27481663284033,165.8722686767578,22319700,0.0,0.0,0.0
2018-06-12,166.09986429563205,166.90594995571973,165.91969389111992,166.74473571777344,22511800,0.0,0.0,0.0
2018-06-13,167.0007299166746,167.98698563429522,166.3653368013567,166.73519897460938,37858600,0.0,0.0,0.0
2018-06-14,167.50336793728496,168.69825735382278,167.38008052791284,168.42324829101562,35916000,0.0,0.0,0.0
2018-06-15,167.7879077860644,168.1672482146914,167.01028523050516,167.8353271484375,49615700,0.0,0.0,0.0
2018-06-18,166.77850020850585,167.8809055883527,166.25579987680038,167.7383575439453,31633200,0.0,0.0,0.0
2018-06-19,165.61902126170753,167.30114578630443,165.08682268886398,167.2631378173828,38236000,0.0,0.0,0.0
2018-06-20,168.03292017219897,169.1448381159728,167.8808592992069,168.45108032226562,33038000,0.0,0.0,0.0
2018-06-21,168.8787843964263,169.04985655002235,166.66444627809437,166.98757934570312,43469400,0.0,0.0,0.0
2018-06-22,167.5482910995439,167.61480868746378,166.01821256145996,166.616943359375,30073200,0.0,0.0,0.0
2018-06-25,165.10582332805683,165.35292588652447,161.3804187287082,162.86297607421875,77799700,0.0,0.0,0.0
2018-06-26,163.46174244775548,164.46912063332582,162.86301165766753,163.5282745361328,39008100,0.0,0.0,0.0
2018-06-27,164.2220216399969,164.963300425591,161.19037441365197,161.30441284179688,52843500,0.0,0.0,0.0
2018-06-28,161.1048578152334,163.24316551313595,160.7722263728066,162.69195556640625,46407700,0.0,0.0,0.0
2018-06-29,163.47121911848802,164.33604914463746,162.89149964507553,163.12908935546875,36408500,0.0,0.0,0.0
2018-07-02,161.59904565303333,164.26956675095957,161.24741744676086,164.2220458984375,31770000,0.0,0.0,0.0
2018-07-03,164.83973413041227,164.83973413041227,162.15972980355136,162.3212890625,25512700,0.0,0.0,0.0
2018-07-05,163.3761719605759,164.46907869423478,162.5398516418171,164.33602905273438,31626200,0.0,0.0,0.0
2018-07-06,164.71620171877586,167.01606837992483,164.41207992821478,166.89251708984375,37005600,0.0,0.0,0.0
2018-07-09,167.7573500489949,168.43209671893888,167.09210174717504,168.3940887451172,27362100,0.0,0.0,0.0
2018-07-10,168.7076927549268,168.89776160848643,167.93790447214974,168.5176239013672,23902500,0.0,0.0,0.0
2018-07-11,167.19661146264426,168.28003438182662,167.07307468343188,167.66229248046875,30280600,0.0,0.0,0.0
2018-07-12,168.40360162928044,170.55142211914062,168.2895631966601,170.55142211914062,27930100,0.0,0.0,0.0
2018-07-13,170.54190881590372,170.96956743847082,170.06672934608991,170.6939697265625,28049800,0.0,0.0,0.0
2018-07-16,170.73197870223444,171.01708928605575,170.000212755396,170.28530883789062,21405300,0.0,0.0,0.0
2018-07-17,168.4795892573376,171.68229343746248,168.4795892573376,171.3211669921875,31034100,0.0,0.0,0.0
2018-07-18,171.34023777022657,171.4828003376979,170.47542200008232,170.99810791015625,23220800,0.0,0.0,0.0
2018-07-19,170.38036624746783,170.9505874677031,169.94320921310506,170.1427764892578,31094100,0.0,0.0,0.0
2018-07-20,170.6559768195215,171.22618353285483,169.91468343993083,170.10476684570312,35897300,0.0,0.0,0.0
2018-07-23,169.60105252881826,170.72246904938171,168.91679297340386,170.6464385986328,22184700,0.0,0.0,0.0
2018-07-24,172.40463052056805,173.01285970351455,170.64646056136627,171.3497314453125,36900300,0.0,0.0,0.0
2018-07-25,171.4257206550238,173.84912393276056,171.34017734417762,173.74459838867188,35026600,0.0,0.0,0.0
2018-07-26,171.38776513050905,171.93897517605998,170.88407594258538,171.11216735839844,40873500,0.0,0.0,0.0
2018-07-27,172.19550686623492,172.3095452775554,167.83336361733888,168.80271911621094,59456100,0.0,0.0,0.0
2018-07-30,168.8122825211761,168.90730972528303,165.6190755363528,166.41737365722656,60193000,0.0,0.0,0.0
2018-07-31,167.07309892634723,168.33707801414397,166.14175125688033,167.69082641601562,47285100,0.0,0.0,0.0
2018-08-01,168.0804723361302,168.83124947181568,167.3582048067792,168.3275604248047,37101900,0.0,0.0,0.0
2018-08-02,167.13958816927257,170.81748638050826,167.0635577293652,170.61790466308594,47178200,0.0,0.0,0.0
2018-08-03,170.94107374109615,171.15015388738092,170.19029648949385,171.14065551757812,28934400,0.0,0.0,0.0
2018-08-06,171.02660887396482,172.1955463620865,170.81752873770537,172.1480255126953,24808800,0.0,0.0,0.0
2018-08-07,172.63266026574556,173.09834127137194,172.262020935169,172.7752227783203,29895700,0.0,0.0,0.0
2018-08-08,172.5376898239901,173.29797997040825,172.0720086652435,172.98435974121094,22680700,0.0,0.0,0.0
2018-08-09,172.87982177734375,173.56408146734864,172.62322076825976,172.87982177734375,18852900,0.0,0.0,0.0
2018-08-10,171.710869061366,172.2240710776816,170.9125709263512,171.55882263183594,33818500,0.0,0.0,0.0
2018-08-13,171.87240240514498,172.97480764104336,171.29268293137446,171.36871337890625,26089200,0.0,0.0,0.0
2018-08-14,172.02448192063872,172.64222398777835,171.10263250614386,172.44264221191406,20913000,0.0,0.0,0.0
2018-08-15,171.07407285211607,171.61578429862098,169.27789540007527,170.33279418945312,58528000,0.0,0.0,0.0
2018-08-16,171.64430123164448,172.00544221140498,170.5608927936873,170.89352416992188,27711800,0.0,0.0,0.0
2018-08-17,170.44691690955975,171.3592535597361,169.42052730211415,170.9315948486328,36092600,0.0,0.0,0.0
2018-08-20,171.31169391491724,171.3782260000378,170.11424689468353,170.7794952392578,24939000,0.0,0.0,0.0
2018-08-21,171.29265410343993,172.43308162183692,171.18811406834303,171.4066925048828,26258700,0.0,0.0,0.0
2018-08-22,171.04558638212865,172.2715574524811,170.8270079010965,172.0719757080078,18042400,0.0,0.0,0.0
2018-08-23,171.76791668473248,173.01288484154847,171.539825269989,171.82493591308594,25776200,0.0,0.0,0.0
2018-08-24,172.39513448241323,173.56408661327103,172.3571264990988,173.42152404785156,23136100,0.0,0.0,0.0
2018-08-27,174.2958083048027,175.18914794921875,174.02021061728036,175.18914794921875,29343600,0.0,0.0,0.0
2018-08-28,175.6548656744275,175.835436214883,175.075146071489,175.44578552246094,20277000,0.0,0.0,0.0
2018-08-29,175.74983967276864,177.5650283965288,175.68332209982307,177.47000122070312,29175600,0.0,0.0,0.0
2018-08-30,177.12786246888356,178.2112708271526,176.56713980436044,177.1563720703125,29315500,0.0,0.0,0.0
2018-08-31,176.93783632370486,177.88819534875773,176.74776741895988,177.38450622558594,28653200,0.0,0.0,0.0
2018-09-04,176.8428155839242,177.14692294236286,175.67387800076742,176.62423706054688,29063500,0.0,0.0,0.0
2018-09-05,176.31060333528595,176.33911294479086,173.7446369705543,174.34335327148438,42623300,0.0,0.0,0.0
2018-09-06,174.4193780863962,174.62845821688447,171.6158220656286,172.78475952148438,46091400,0.0,0.0,0.0
2018-09-07,171.5397873070904,173.6020644503461,171.4827680913557,172.1195068359375,46629500,0.0,0.0,0.0
2018-09-10,173.1078508174031,173.2028924985906,171.75834305222324,172.69920349121094,26132000,0.0,0.0,0.0
2018-09-11,172.0054845249532,174.31484998660366,171.55881462473369,174.0297393798828,30116500,0.0,0.0,0.0
2018-09-12,173.7731415067236,173.89667831052904,172.0244700006214,173.51654052734375,36204000,0.0,0.0,0.0
2018-09-13,174.59996248102306,175.70238243822106,174.5239320183203,175.3697509765625,31133200,0.0,0.0,0.0
2018-09-14,175.49324495075095,175.76884259933814,174.16273404017358,174.85650634765625,31224100,0.0,0.0,0.0
2018-09-17,174.56189454671463,174.68544582910246,172.176499218501,172.3380584716797,33071200,0.0,0.0,0.0
2018-09-18,172.48066536925043,174.60946031305892,172.3951220356433,173.76364135742188,31877300,0.0,0.0,0.0
2018-09-19,173.79218982403268,174.20085183850256,172.49970067575248,173.63063049316406,31843400,0.0,0.0,0.0
2018-09-20,174.82805583452426,175.7879132469472,174.40989553562218,175.55032348632812,33295800,0.0,0.0,0.0
2018-09-21,176.02546016840182,176.2725482388339,174.37183061645732,174.59042358398438,38605400,0.0,0.0,0.0
2018-09-24,173.32418508658094,175.14264058066502,172.61013325117406,175.07598876953125,34945600,0.0,0.0,0.0
2018-09-25,174.99982606105374,175.44729971843907,174.40001785489423,175.3140106201172,25277500,0.0,0.0,0.0
2018-09-26,175.46633556860786,177.07533464937444,175.0950292059249,175.43777465820312,36210600,0.0,0.0,0.0
2018-09-27,176.15184568928296,177.55138856147445,176.05663295926632,176.9230194091797,33113300,0.0,0.0,0.0
2018-09-28,176.42789865699967,177.351406720882,176.1041986935039,176.8848876953125,28076800,0.0,0.0,0.0
2018-10-01,177.9131495717101,178.5415186696014,176.79923045858732,177.2467041015625,27371300,0.0,0.0,0.0
2018-10-02,177.09438028739714,178.20829946800947,176.43746476607902,176.8468475341797,25618600,0.0,0.0,0.0
2018-10-03,177.58946383322444,178.00837659881716,176.76116829143515,177.03726196289062,29128700,0.0,0.0,0.0
2018-10-04,176.32317850593466,176.4374366662725,172.38161336865528,173.6383514404297,80557300,0.0,0.0,0.0
2018-10-05,173.61929175335973,174.2000543854275,169.87765328055065,171.5152130126953,83325600,0.0,0.0,0.0
2018-10-08,170.9154760295584,171.98178894204224,168.44960562830366,170.46800231933594,66864500,0.0,0.0,0.0
2018-10-09,170.59174463519832,172.34356292550575,170.18236187071406,171.0201873779297,49097900,0.0,0.0,0.0
2018-10-10,169.9538207891862,170.0585489533993,163.27982276773452,163.49879455566406,114471100,0.0,0.0,0.0
2018-10-11,162.82286844277954,165.0887831180603,159.7667201103321,161.47093200683594,143084500,0.0,0.0,0.0
2018-10-12,165.82182634482012,166.47875616177623,162.73711810636354,165.9646453857422,102078400,0.0,0.0,0.0
2018-10-15,165.38391406137598,165.69808405043642,163.33695697413913,163.955810546875,64885300,0.0,0.0,0.0
2018-10-16,165.67908941512553,169.1350907984661,165.37442029214515,168.7257080078125,71979700,0.0,0.0,0.0
2018-10-17,169.5444706209627,169.71583608938815,167.05956963684065,168.79232788085938,66987600,0.0,0.0,0.0
2018-10-18,168.15443823534963,168.21156005643297,164.1747964073816,164.8793182373047,82486200,0.0,0.0,0.0
2018-10-19,166.2122459202444,167.63083428577764,164.12721200720088,164.72702026367188,82923700,0.0,0.0,0.0
2018-10-22,165.71713010252614,166.85009455254837,164.3175874910187,165.57432556152344,52909300,0.0,0.0,0.0
2018-10-23,162.46105027011325,165.7837762423116,160.72829227966218,164.96499633789062,77567000,0.0,0.0,0.0
2018-10-24,164.77460463449026,165.05069827895215,157.1294764647299,157.41510009765625,102997400,0.0,0.0,0.0
2018-10-25,159.8619046848051,163.8320305574792,159.14785295531507,162.8609161376953,83481100,0.0,0.0,0.0
2018-10-26,157.2818020372794,161.81365995182347,156.35829390901748,158.6718292236328,130970900,0.0,0.0,0.0
2018-10-29,161.09961840488236,161.7184575073842,152.41673835569682,155.40623474121094,111871900,0.0,0.0,0.0
2018-10-30,154.94925813425803,158.08155932598137,154.24472171532688,157.96731567382812,92584000,0.0,0.0,0.0
2018-10-31,160.53787965578863,163.04182592311986,160.4617123879793,161.6803741455078,73828600,0.0,0.0,0.0
2018-11-01,161.91844061578817,163.984429352914,160.69026302432965,163.81304931640625,52706800,0.0,0.0,0.0
2018-11-02,163.308448342008,164.2795631104057,160.1571012356322,161.26150512695312,75966800,0.0,0.0,0.0
2018-11-05,161.47091111427312,161.528032930913,159.0716931234567,160.86158752441406,39573500,0.0,0.0,0.0
2018-11-06,160.8710838782901,162.9846780074584,160.63306665227944,162.08021545410156,34410400,0.0,0.0,0.0
2018-11-07,164.02243055759402,167.1642608642578,163.63207881813966,167.1642608642578,51169600,0.0,0.0,0.0
2018-11-08,166.3835552141648,166.8976805539125,165.30772723917147,166.0979461669922,40296500,0.0,0.0,0.0
2018-11-09,164.5461280544262,164.9459953908708,162.00410493368454,163.29891967773438,50602700,0.0,0.0,0.0
2018-11-12,162.15641159041132,162.4610661397075,158.21483167934176,158.35765075683594,62578400,0.0,0.0,0.0
2018-11-13,159.10024457414596,161.35664336181196,158.0434474468683,158.4909210205078,64128100,0.0,0.0,0.0
2018-11-14,160.06188569908852,160.61408763510943,156.3773821653386,157.28184509277344,75270700,0.0,0.0,0.0
2018-11-15,156.9962068338639,160.4617381753091,155.62523937523443,160.03330993652344,73254300,0.0,0.0,0.0
2018-11-16,158.47191258724223,160.2427618485222,157.8340279779939,159.47158813476562,65390700,0.0,0.0,0.0
2018-11-19,158.70992826330897,158.90033919246005,153.7972478431284,154.29232788085938,67280500,0.0,0.0,0.0
2018-11-20,150.77915317940824,153.64488998256252,149.59859699291945,151.5312957763672,102652800,0.0,0.0,0.0
2018-11-21,153.61637263485753,154.20665089547666,151.59797603376384,152.68333435058594,42965800,0.0,0.0,0.0
2018-11-23,151.46466029342952,153.13078111570005,151.46466029342952,151.57891845703125,23503700,0.0,0.0,0.0
2018-11-26,153.70205262640192,155.15871732745188,153.0546380218114,155.08255004882812,42012600,0.0,0.0,0.0
2018-11-27,154.23521912195864,155.99655305253083,153.45451536064698,155.606201171875,36608100,0.0,0.0,0.0
2018-11-28,156.72958587207154,160.61402893066406,155.63471239073593,160.61402893066406,70141000,0.0,0.0,0.0
2018-11-29,159.93811880336224,161.14723629312792,158.82419952230055,160.09043884277344,44885700,0.0,0.0,0.0
2018-11-30,160.3094139299248,161.3471658544162,159.50966477412817,161.251953125,36722800,0.0,0.0,0.0
2018-12-03,164.81265043319726,165.0030613106863,161.3851965287195,164.07003784179688,50771700,0.0,0.0,0.0
2018-12-04,163.21319219049573,163.6701957996208,157.58647507956982,157.77688598632812,70594700,0.0,0.0,0.0
2018-12-06,154.5970263258751,158.90989933659193,154.01626343893363,158.89085388183594,71715500,0.0,0.0,0.0
2018-12-07,158.19580175817202,159.1097799392625,153.14983273064016,153.64491271972656,80432200,0.0,0.0,0.0
2018-12-10,153.3592534740917,155.92983648661885,151.76930022364928,155.25387573242188,73960800,0.0,0.0,0.0
2018-12-11,157.78638694660157,157.82447784090527,154.45414553858868,155.76800537109375,59058300,0.0,0.0,0.0
2018-12-12,158.04350099942525,159.56681766340148,157.05335533703771,157.1390380859375,53780000,0.0,0.0,0.0
2018-12-13,158.167275713806,158.82420584795057,156.16792439488125,157.1866455078125,46378500,0.0,0.0,0.0
2018-12-14,155.3872260821561,155.95845890613484,152.99752300712734,153.35931396484375,56547400,0.0,0.0,0.0
2018-12-17,152.7023935892176,153.9210411241868,148.68466000356378,149.88426208496094,74834100,0.0,0.0,0.0
2018-12-18,151.04579989056947,152.28349297829223,149.51296762223967,150.8268280029297,63642100,0.0,0.0,0.0
2018-12-19,150.59827622198677,153.0165397582508,145.99026548006532,147.12322998046875,81856500,0.0,0.0,0.0
2018-12-20,146.76141884839492,148.39897856014474,143.18164492342171,144.99057006835938,99002100,0.0,0.0,0.0
2018-12-21,145.71419175876238,146.7043373197013,139.68759207073956,140.49685668945312,141129400,0.0,0.0,0.0
2018-12-24,139.47616993139565,141.29027089150622,136.9746168125307,137.01280212402344,56163300,0.0,0.0,0.0
2018-12-26,138.5213719326297,145.64411964369242,137.57612160589193,145.5677490234375,98982100,0.0,0.0,0.0
2018-12-27,143.57223514865748,146.25520145410405,140.43097223017398,146.13108825683594,85824300,0.0,0.0,0.0
2018-12-28,147.18133625556132,148.55624051718436,144.86119624081124,146.0546875,77856600,0.0,0.0,0.0
2018-12-31,147.4868287943138,147.973767824037,145.80639889558046,147.28631591796875,53015300,0.0,0.0,0.0
2019-01-02,144.16421243412046,148.70902225134913,144.05918461253182,147.87835693359375,58576700,0.0,0.0,0.0
2019-01-03,145.70138080920907,146.33153295754255,142.73197474681135,143.04705810546875,74820200,0.0,0.0,0.0
2019-01-04,145.45316827768136,149.90250734249278,144.8803011948339,149.1673126220703,74709300,0.0,0.0,0.0
2019-01-07,149.53969028568113,151.6784320691638,149.0527510507349,150.9432373046875,52059300,0.0,0.0,0.0
2019-01-08,152.32766386092172,152.8719028463536,150.09345181006177,152.30857849121094,49388700,0.0,0.0,0.0
2019-01-09,152.9005683132982,154.21818746942017,152.26085867678609,153.54983520507812,46491700,0.0,0.0,0.0
2019-01-10,152.38496842709827,154.07494154520555,151.5256459868379,153.989013671875,38943400,0.0,0.0,0.0
2019-01-11,153.08197885867077,153.58801803412675,152.56638242810163,153.4257049560547,30176600,0.0,0.0,0.0
2019-01-14,152.1272162965043,152.72874072990697,151.42066401868192,152.06993103027344,30710200,0.0,0.0,0.0
2019-01-15,152.76690945913336,155.2493775654394,152.68098156911967,155.03932189941406,40874200,0.0,0.0,0.0
2019-01-16,155.29712274285265,156.37604382229543,154.95339657579945,155.0106964111328,33812200,0.0,0.0,0.0
2019-01-17,154.51415771896586,156.92978291818682,154.26591677611984,156.2327880859375,39329000,0.0,0.0,0.0
2019-01-18,157.33080236185145,158.51475102441884,156.41420916481994,157.77955627441406,57183200,0.0,0.0,0.0
2019-01-22,156.6433893488983,156.7197745625824,153.49256848713136,154.61923217773438,56711700,0.0,0.0,0.0
2019-01-23,155.41165316912387,156.1181906307849,153.072413346114,154.81967163085938,38106100,0.0,0.0,0.0
2019-01-24,155.32567776235803,156.05132957737248,154.7337109187252,155.82217407226562,32417800,0.0,0.0,0.0
2019-01-25,157.07293900307005,158.16140207870615,156.53825743173726,157.6840057373047,36515900,0.0,0.0,0.0
2019-01-28,155.65035447765231,155.74582503352468,154.43776332309503,155.7362823486328,33491200,0.0,0.0,0.0
2019-01-29,155.8222176294789,155.86041750883203,153.7121332182538,154.2659149169922,30784200,0.0,0.0,0.0
2019-01-30,156.01319726203363,158.76300623805167,155.5262579929419,158.19012451171875,41346500,0.0,0.0,0.0
2019-01-31,159.16396417709035,161.35044794842688,158.94436590229088,160.55796813964844,37258400,0.0,0.0,0.0
2019-02-01,159.7654801858179,160.97807111516374,159.44085413197155,159.8800506591797,32143700,0.0,0.0,0.0
2019-02-04,159.9087297589055,161.86605834960938,159.7655166345308,161.86605834960938,26718800,0.0,0.0,0.0
2019-02-05,162.0856722273822,163.48921925696897,162.01884428591865,163.2982635498047,28156400,0.0,0.0,0.0
2019-02-06,163.33647950514737,163.62290580958523,162.07614548966868,162.81134033203125,27970000,0.0,0.0,0.0
2019-02-07,161.3886695139231,161.78968085021774,159.4026982039502,160.6248321533203,42036200,0.0,0.0,0.0
2019-02-08,159.22125032829962,160.96852299105842,159.0398519248509,160.93988037109375,29020700,0.0,0.0,0.0
2019-02-11,161.52234993112174,161.913818605834,160.38614379031566,160.7871551513672,21434100,0.0,0.0,0.0
2019-02-12,161.96150187974916,163.40323371443415,161.67506113558505,163.16453552246094,29722100,0.0,0.0,0.0
2019-02-13,163.89018058732862,164.37713424629575,163.097715372936,163.27911376953125,26094100,0.0,0.0,0.0
2019-02-14,162.69672277432053,164.06208435195768,162.15249833550328,163.4796600341797,30326800,0.0,0.0,0.0
2019-02-15,164.72089595792002,164.75908126838232,163.40327692769915,164.1671142578125,32521700,0.0,0.0,0.0
2019-02-19,163.66104934271635,164.98821084925265,163.6324067221351,164.49171447753906,19487700,0.0,0.0,0.0
2019-02-20,164.6063173791591,165.25558423450155,163.57515369717936,164.46310424804688,32593000,0.0,0.0,0.0
2019-02-21,164.02388532959307,164.47263921132222,162.99272169602946,163.861572265625,25207400,0.0,0.0,0.0
2019-02-22,164.2148650398717,165.188743479738,164.1289225913068,165.0741729736328,27735400,0.0,0.0,0.0
2019-02-25,166.33445325683803,166.76410708536952,165.56105888270375,165.67564392089844,32608800,0.0,0.0,0.0
2019-02-26,165.27465193919775,166.37265791419463,164.9977538477402,165.84751892089844,21939700,0.0,0.0,0.0
2019-02-27,165.08369845515168,165.94302086834384,163.99523505362922,165.7425079345703,25162000,0.0,0.0,0.0
2019-02-28,165.22692527097536,165.9525626785042,164.89274190610905,165.360595703125,25085500,0.0,0.0,0.0
2019-03-01,166.55407495601366,166.75457330535846,165.35102658401135,166.50633239746094,31431200,0.0,0.0,0.0
2019-03-04,167.60435186972703,167.84305011269169,164.6731450219927,166.5349884033203,38063500,0.0,0.0,0.0
2019-03-05,166.6591339111328,167.17471576052435,165.83801128507514,166.6591339111328,22319900,0.0,0.0,0.0
2019-03-06,166.8214919833432,166.85013461775836,165.4465872554546,165.71392822265625,27194600,0.0,0.0,0.0
2019-03-07,165.29377846746883,165.35106372300547,163.06910877388177,163.68017578125,39407400,0.0,0.0,0.0
2019-03-08,161.8469403033872,163.5178278894257,161.6846272575929,163.43190002441406,39303200,0.0,0.0,0.0
2019-03-11,164.10981204922217,166.94554819228236,164.08116942708895,166.83096313476562,30518400,0.0,0.0,0.0
2019-03-12,167.27022302893508,168.17727365508267,166.86921163323785,167.74761962890625,33953500,0.0,0.0,0.0
2019-03-13,168.6164499943116,169.88631186636658,168.37775174379246,169.00790405273438,42426100,0.0,0.0,0.0
2019-03-14,169.1224926441927,169.3229910201753,168.67373875834647,168.7214813232422,23751500,0.0,0.0,0.0
2019-03-15,169.380288424475,170.79339268806322,169.26571791569242,170.287353515625,38192000,0.0,0.0,0.0
2019-03-18,170.2146210421674,171.20942106121984,169.87026943487987,170.69288635253906,32935100,0.0,0.0,0.0
2019-03-19,171.3911695145269,172.17553172042693,170.5398577470626,171.26683044433594,36893300,0.0,0.0,0.0
2019-03-20,171.27635439953295,172.9981122729643,170.4920069544405,171.9459228515625,50105000,0.0,0.0,0.0
2019-03-21,171.42942086898657,174.882497030989,171.41028616962532,174.63380432128906,42428500,0.0,0.0,0.0
2019-03-22,173.8781252964126,174.3468305286079,170.61635256012073,170.798095703125,70794500,0.0,0.0,0.0
2019-03-25,170.17634774811617,171.06591412290828,169.23893733288685,170.47286987304688,46336500,0.0,0.0,0.0
2019-03-26,171.79292526591516,172.83554026063536,170.39638397549584,171.26683044433594,33248100,0.0,0.0,0.0
2019-03-27,171.52504940537435,171.90765575187245,168.923285381797,170.16676330566406,37096700,0.0,0.0,0.0
2019-03-28,170.60685045978843,171.1998949421939,169.53554053144225,170.55902099609375,30368200,0.0,0.0,0.0
2019-03-29,171.8789755103528,172.01288920247762,170.82678607544503,171.85028076171875,35205500,0.0,0.0,0.0
2019-04-01,173.61987098379385,174.33726896285083,172.91204765224384,174.1268310546875,30969500,0.0,0.0,0.0
2019-04-02,174.3181136220957,174.95898726904687,173.87810319519832,174.78680419921875,22645200,0.0,0.0,0.0
2019-04-03,175.77203351679466,176.8816123624139,175.2459534358773,175.79116821289062,31633500,0.0,0.0,0.0
2019-04-04,175.83903743439978,176.47991124137732,174.7103236373424,175.72425842285156,28530800,0.0,0.0,0.0
2019-04-05,176.23123916369616,176.73819931809214,176.02080122087122,176.6329803466797,25674700,0.0,0.0,0.0
2019-04-08,176.34600205752574,177.22600855815838,175.64773872684444,177.08253479003906,22697500,0.0,0.0,0.0
2019-04-09,176.47993487388547,177.06341925322354,176.08775373791192,176.46080017089844,25631900,0.0,0.0,0.0
2019-04-10,176.6903777496484,177.46516539396652,176.4990745009468,177.40777587890625,24563000,0.0,0.0,0.0
2019-04-11,177.7042448380507,177.7042448380507,176.6616300389667,176.98684692382812,20654100,0.0,0.0,0.0
2019-04-12,177.77124041405915,177.86688472890083,177.01557297065727,177.75210571289062,24989100,0.0,0.0,0.0
2019-04-15,177.7616727931922,177.98168537657688,176.5947040992862,177.7808074951172,21073000,0.0,0.0,0.0
2019-04-16,178.43126018346854,178.7851865265728,177.84777577511028,178.39300537109375,27195700,0.0,0.0,0.0
2019-04-17,179.58861840649482,179.76078690698398,178.48861406537347,179.0146942138672,29651600,0.0,0.0,0.0
2019-04-18,179.31125736994375,179.62689966733504,178.19210356991752,179.24429321289062,28580900,0.0,0.0,0.0
2019-04-22,178.45995865467432,179.81823064144288,178.3260303307729,179.7512664794922,17936000,0.0,0.0,0.0
2019-04-23,180.21040660372165,182.25738204233105,179.95215378255074,182.03738403320312,33665600,0.0,0.0,0.0
2019-04-24,182.19044395643303,182.42001662966925,181.4060816028368,181.46348571777344,24977100,0.0,0.0,0.0
2019-04-25,182.8217507741744,182.9078350499872,181.21477131482172,182.1999969482422,29517500,0.0,0.0,0.0
2019-04-26,181.91299351006973,182.40083348670908,180.39211326695803,182.3625640869141,26359500,0.0,0.0,0.0
2019-04-29,182.36259588672448,183.0034843833008,182.06607366635453,182.71652221679688,21716200,0.0,0.0,0.0
2019-04-30,181.2434375182005,181.59736381106268,180.0286540073373,181.3008270263672,31495300,0.0,0.0,0.0
2019-05-01,182.4869184951919,183.0034532260568,180.59299187151976,180.7173309326172,34797100,0.0,0.0,0.0
2019-05-02,180.65991080624624,181.5973212047022,178.74684980686246,179.93295288085938,44110100,0.0,0.0,0.0
2019-05-03,181.4251298189677,182.93644969074825,181.09991296688108,182.8025360107422,30386200,0.0,0.0,0.0
2019-05-06,178.91909811164209,181.9321644458897,178.64169599212576,181.6834716796875,38371800,0.0,0.0,0.0
2019-05-07,179.7033760859489,180.4686033868293,176.4894330986486,178.1442413330078,58818100,0.0,0.0,0.0
2019-05-08,177.56075794727235,179.03380846672948,176.9198842761419,177.69467163085938,37165300,0.0,0.0,0.0
2019-05-09,175.71466445425392,177.3503381664661,174.17464963814712,176.7381591796875,55351700,0.0,0.0,0.0
2019-05-10,176.1068791238591,177.8095027120784,173.16076262630523,176.95819091796875,58526400,0.0,0.0,0.0
2019-05-13,172.45292012875942,173.380756111166,170.31986067227348,170.8172607421875,67185800,0.0,0.0,0.0
2019-05-14,171.71639630845922,173.73467668053587,171.0850825400181,172.69204711914062,43360600,0.0,0.0,0.0
2019-05-15,171.55374984623415,175.57117499980689,171.51548045301607,175.13116455078125,40944500,0.0,0.0,0.0
2019-05-16,175.20773126997005,177.98167913172065,174.99729334268207,176.89122009277344,39281200,0.0,0.0,0.0
2019-05-17,175.1407475984402,177.51293924936002,174.93030971213705,175.08334350585938,44702300,0.0,0.0,0.0
2019-05-20,172.64417435161172,173.3041680566961,171.54415565214697,172.1276397705078,38608300,0.0,0.0,0.0
2019-05-21,173.6103074994644,174.40422966538463,173.05551798850212,173.92596435546875,31613800,0.0,0.0,0.0
2019-05-22,172.9598656272866,174.15552884638188,172.8929014811781,173.1511688232422,24332600,0.0,0.0,0.0
2019-05-23,171.16159539223554,171.23811959504536,169.43983731776223,170.5015869140625,45351300,0.0,0.0,0.0
2019-05-24,171.41982618742557,172.0320050838237,170.20502844462914,170.41546630859375,25903300,0.0,0.0,0.0
2019-05-28,170.89376677720188,171.85029741234283,169.7554929861043,169.77462768554688,24763800,0.0,0.0,0.0
2019-05-29,168.72243387914747,169.30591813563825,167.47894116583117,168.37808227539062,42178800,0.0,0.0,0.0
2019-05-30,168.8276548863731,169.5641875525038,168.12939161862525,169.08592224121094,30354800,0.0,0.0,0.0
2019-05-31,167.09634196531633,167.67025159932712,166.31197982468566,166.3885040283203,45446200,0.0,0.0,0.0
2019-06-03,165.938934438959,166.38850501579356,161.91194854284458,162.72499084472656,75842300,0.0,0.0,0.0
2019-06-04,164.55201005953415,167.36421324936268,163.92069616069443,167.30682373046875,47797800,0.0,0.0,0.0
2019-06-05,168.9041741005192,168.93286885070958,166.79980971206464,168.55026245117188,34412700,0.0,0.0,0.0
2019-06-06,168.83719961056366,170.30069016261885,168.09110696031976,169.88938903808594,29913200,0.0,0.0,0.0
2019-06-07,170.79812645702933,173.86859655189528,170.57812847375257,173.17031860351562,45888300,0.0,0.0,0.0
2019-06-10,174.3277571753802,176.8147433628599,174.28950236125888,175.18862915039062,41385300,0.0,0.0,0.0
2019-06-11,177.0155635320225,177.34078045704422,174.83467477111253,175.42771911621094,41260300,0.0,0.0,0.0
2019-06-12,174.9494273422117,175.31291361259898,174.08855570713368,174.4137725830078,27758100,0.0,0.0,0.0
2019-06-13,175.14075618096476,175.87727422362002,174.79640458609404,175.44683837890625,23715800,0.0,0.0,0.0
2019-06-14,174.54769623311523,175.1503151693559,174.03117614169346,174.70074462890625,22844100,0.0,0.0,0.0
2019-06-17,175.0833466216209,176.24075501688523,174.8920434294403,175.7529296875,20379500,0.0,0.0,0.0
2019-06-18,177.8285889974028,179.55990686945484,177.36944384802652,178.30685424804688,48177300,0.0,0.0,0.0
2019-06-19,178.5460502467948,179.37822740773072,177.5034351332425,178.9764862060547,31672900,0.0,0.0,0.0
2019-06-20,181.4729850498021,181.511239851456,179.02426906999472,180.64080810546875,40922000,0.0,0.0,0.0
2019-06-21,180.4303906053508,181.5208350194933,179.99038006134586,180.3730010986328,39980400,0.0,0.0,0.0
2019-06-24,180.7334631303271,180.9156081441759,180.2828985048396,180.37876892089844,19375200,0.0,0.0,0.0
2019-06-25,180.25412523127173,180.3595768290091,177.01389852604305,177.28231811523438,33921100,0.0,0.0,0.0
2019-06-26,178.46142871068795,179.58304205786993,177.81913805688808,178.10671997070312,22595700,0.0,0.0,0.0
2019-06-27,178.7490904163407,179.2092362739615,178.298525750084,178.7874298095703,19709200,0.0,0.0,0.0
2019-06-28,179.21873285512942,179.41045898630867,178.3751349523875,179.01742553710938,21179200,0.0,0.0,0.0
2019-07-01,182.44941931928807,182.68908069525745,180.58964470132267,181.4332427978516,31025600,0.0,0.0,0.0
2019-07-02,181.37573637809552,182.17141394538373,180.8580742137649,182.15223693847656,18035800,0.0,0.0,0.0
2019-07-03,182.61240666571888,183.5231170654297,182.4206658423936,183.5231170654297,15792100,0.0,0.0,0.0
2019-07-05,182.2672940123617,183.4847634017412,181.55789099690168,183.1492462158203,21415600,0.0,0.0,0.0
2019-07-08,181.9605561202773,182.0180725275688,181.11694313927143,181.8647003173828,17598800,0.0,0.0,0.0
2019-07-09,181.0018600272989,183.0054256726565,180.84847323196257,182.77536010742188,19193500,0.0,0.0,0.0
2019-07-10,183.88741334729343,185.10488277585452,183.5518815228031,184.5968017578125,28374500,0.0,0.0,0.0
2019-07-11,184.8747953726765,185.34452231821808,183.8777958349888,184.4625701904297,23736100,0.0,0.0,0.0
2019-07-12,184.66388203043448,185.53623829321936,184.49131823896155,185.5266571044922,20211900,0.0,0.0,0.0
2019-07-15,185.958034231412,186.15935620556544,185.44037214151044,186.1210021972656,15606100,0.0,0.0,0.0
2019-07-16,185.89094870162967,186.0634978668529,184.5967714513792,185.1623687744141,20190900,0.0,0.0,0.0
2019-07-17,185.1623581783531,185.48830874029272,184.23247094492385,184.25164794921875,16765100,0.0,0.0,0.0
2019-07-18,183.37929606614497,184.81726435384192,182.80411752772807,184.4625701904297,28877000,0.0,0.0,0.0
2019-07-19,185.7280295199724,185.8143041252502,182.91918991670923,183.1109161376953,29387900,0.0,0.0,0.0
2019-07-22,183.52313390396972,184.96110244421888,183.52313390396972,184.56805419921875,18954900,0.0,0.0,0.0
2019-07-23,185.57460205559488,185.7950864300593,184.33794113965416,185.77590942382807,23786700,0.0,0.0,0.0
2019-07-24,185.06648914651075,187.08923143546096,185.0473121435905,187.0796356201172,20422900,0.0,0.0,0.0
2019-07-25,186.4469887289596,186.4757469268488,184.9514892998651,185.3061981201172,23434700,0.0,0.0,0.0
2019-07-26,186.4853170965318,187.4631396502938,186.38944669071915,187.21388244628903,20431200,0.0,0.0,0.0
2019-07-29,187.0413358287591,187.10843341153,185.3924642950549,186.57159423828125,20451700,0.0,0.0,0.0
2019-07-30,185.14321317005832,186.4948922303972,185.00900338294065,185.76632690429688,18705000,0.0,0.0,0.0
2019-07-31,186.264774910066,186.3893888456248,181.4907256631596,183.19711303710932,41627500,0.0,0.0,0.0
2019-08-01,183.51351843312352,186.9167132061588,181.40450105883025,182.2864532470703,63251600,0.0,0.0,0.0
2019-08-02,180.9156042348478,181.1744426503962,178.5094089725909,179.60226440429688,55214000,0.0,0.0,0.0
2019-08-05,175.84433662234596,175.92103001749456,171.7892702628374,173.25599670410156,75040000,0.0,0.0,0.0
2019-08-06,174.85696064058618,176.19907332672497,173.5819747990234,175.681396484375,41897200,0.0,0.0,0.0
2019-08-07,173.7736726548356,176.87967469115088,172.4507371932824,176.63043212890625,49990600,0.0,0.0,0.0
2019-08-08,177.42612348993245,180.5321403964102,176.9372195162246,180.474609375,38418100,0.0,0.0,0.0
2019-08-09,179.61181840356954,180.2253509280009,177.37817267131044,178.77780151367188,33608900,0.0,0.0,0.0
2019-08-12,177.6753220987232,178.2121611435252,175.91141820072602,176.7262725830078,24642900,0.0,0.0,0.0
2019-08-13,176.57293458822846,181.8358895461268,176.4099665923143,180.5992431640625,40241900,0.0,0.0,0.0
2019-08-14,177.69452571039088,178.26012302959205,174.87610567536257,175.20204162597656,51000500,0.0,0.0,0.0
2019-08-15,175.43213525163043,175.99773261418122,173.66823095430072,175.00074768066406,36685000,0.0,0.0,0.0
2019-08-16,176.59210101109724,178.26013488563237,176.48664941679456,177.8095703125,32781400,0.0,0.0,0.0
2019-08-19,180.378749476718,181.02104023731485,179.7460399055855,180.6375732421875,22494100,0.0,0.0,0.0
2019-08-20,180.18696382374105,180.83883555865708,179.18996459323188,179.23789978027344,19902900,0.0,0.0,0.0
2019-08-21,180.81013817872795,181.404493740183,180.1870244209296,180.82931518554688,20418500,0.0,0.0,0.0
2019-08-22,181.16478286428307,181.62494313561663,178.82568601551927,180.24449157714844,24243700,0.0,0.0,0.0
2019-08-23,179.01742968441545,180.65670496590624,174.05163939356316,174.54055786132812,55372400,0.0,0.0,0.0
2019-08-26,176.52500849651847,177.2248157216373,175.5088464531967,177.17689514160156,27598900,0.0,0.0,0.0
2019-08-27,178.41349512758862,178.71067285972737,176.11275202967664,176.80296325683594,28012800,0.0,0.0,0.0
2019-08-28,176.22778103882771,177.73284667111506,175.3458290491736,177.4356689453125,21792400,0.0,0.0,0.0
2019-08-29,179.64060063651797,180.66635846262503,178.9599558158205,180.148681640625,25358900,0.0,0.0,0.0
2019-08-30,181.11685335607285,181.15520736043692,178.70107768073387,179.7172393798828,26319800,0.0,0.0,0.0
2019-09-03,178.5189538394535,179.43924526428412,177.37816343287164,177.97251892089844,27964200,0.0,0.0,0.0
2019-09-04,179.68853876469495,180.6951195991559,179.17086193427667,180.541732788086,21592100,0.0,0.0,0.0
2019-09-05,182.53567476053723,184.37627217961688,182.4685625609748,183.84901428222656,33932600,0.0,0.0,0.0
2019-09-06,184.15581923561265,184.2229168188488,183.2642712520372,183.6669006347656,19487800,0.0,0.0,0.0
2019-09-09,184.24209282724004,184.3187862275017,182.35355990063675,183.283447265625,24407600,0.0,0.0,0.0
2019-09-10,182.2960645003592,182.8520807454584,181.09775741034483,182.75621032714844,23744700,0.0,0.0,0.0
2019-09-11,183.10128147506973,184.56800784755427,182.6794751354172,184.47213745117188,25063600,0.0,0.0,0.0
2019-09-12,185.60334940650097,186.65786527105584,184.9898168928788,185.2390594482422,28689900,0.0,0.0,0.0
2019-09-13,184.9706849665793,185.40207260620468,184.3379752936501,184.57763671875,27669800,0.0,0.0,0.0
2019-09-16,183.38889846239,184.13664082859663,183.20675346563723,183.753173828125,20319000,0.0,0.0,0.0
2019-09-17,183.7723724717009,184.6351623535156,183.3793242353555,184.6351623535156,20953400,0.0,0.0,0.0
2019-09-18,184.2516675717936,184.6351345596884,182.2481019287672,184.55844116210932,29781300,0.0,0.0,0.0
2019-09-19,184.88435034340245,186.01554488131265,184.51047922673084,184.8651733398437,26039400,0.0,0.0,0.0
2019-09-20,185.12401443989904,185.3157405950298,182.29601342535824,182.9095458984375,29086100,0.0,0.0,0.0
2019-09-23,182.85576919672687,183.53778655007187,182.2409993905472,182.99024963378903,22485900,0.0,0.0,0.0
2019-09-24,183.82594406913967,184.22938537072093,179.77230071771646,180.5599822998047,40820700,0.0,0.0,0.0
2019-09-25,180.3774430862392,183.0670660194215,178.86934234990505,182.58677673339844,34704900,0.0,0.0,0.0
2019-09-26,182.3466403801891,182.5099369859888,180.5695640782084,181.9143829345703,26826000,0.0,0.0,0.0
2019-09-27,182.2506186443283,182.34668239093853,178.42751897701254,179.6570587158203,40773500,0.0,0.0,0.0
2019-09-30,180.38710301275344,181.6550741809968,180.0124778325489,181.3668975830078,26307700,0.0,0.0,0.0
2019-10-01,182.0296904723706,183.07671789190752,179.58982666405052,179.88760375976562,32367600,0.0,0.0,0.0
2019-10-02,178.667635391801,178.69645157976666,175.8051150148275,176.7945098876953,48544300,0.0,0.0,0.0
2019-10-03,176.77530495445313,178.8693742365975,174.65243413986005,178.73489379882812,39392500,0.0,0.0,0.0
2019-10-04,179.70510021002576,181.626257986925,179.51298736379,181.3668975830078,31887600,0.0,0.0,0.0
2019-10-07,180.84815212530867,182.26020395700343,180.5023432143372,180.8193359375,21216000,0.0,0.0,0.0
2019-10-08,179.6858680555262,180.4543340272909,177.9664384520291,178.1105194091797,32379300,0.0,0.0,0.0
2019-10-09,179.61857637896352,180.66560341099043,179.08064011468576,179.84910583496094,20147400,0.0,0.0,0.0
2019-10-10,179.89718476629992,181.96242318878663,179.74348865057271,181.2419891357422,25177700,0.0,0.0,0.0
2019-10-11,183.30722628327743,185.0362707917572,183.2015620450574,183.57618713378903,40976700,0.0,0.0,0.0
2019-10-14,183.3168621261755,184.1429605140476,183.1343498015932,183.5570068359375,14975000,0.0,0.0,0.0
2019-10-15,184.1237287846674,186.32346234242564,184.0084640243547,185.8912048339844,23234200,0.0,0.0,0.0
2019-10-16,185.2571871181165,185.9007730133788,184.8441307033864,185.4300842285156,20457100,0.0,0.0,0.0
2019-10-17,186.5443684202436,186.8325449428684,185.20916470077285,185.9199981689453,19045200,0.0,0.0,0.0
2019-10-18,185.58378446408184,186.0352575832258,183.19195310656008,184.13331604003903,27700800,0.0,0.0,0.0
2019-10-21,185.11314037913849,185.8912068341584,184.56560344722445,185.76632690429688,15801200,0.0,0.0,0.0
2019-10-22,186.4962906418021,186.7556509140371,184.22932502975263,184.28697204589844,22392300,0.0,0.0,0.0
2019-10-23,183.9124366498844,184.6808880190255,183.61464488848125,184.64247131347656,14828400,0.0,0.0,0.0
2019-10-24,185.95840090298907,186.55396958030144,185.1419179170002,186.43869018554688,18998500,0.0,0.0,0.0
2019-10-25,185.47817891978173,188.02372183532853,185.43976221243489,187.9276580810547,21507100,0.0,0.0,0.0
2019-10-28,188.8017303634757,190.031269822352,188.8017303634757,189.78152465820312,18818700,0.0,0.0,0.0
2019-10-29,189.4645500499634,189.7527119371688,188.2830276833498,188.3118438720703,18569700,0.0,0.0,0.0
2019-10-30,188.67688930883773,189.54141903773228,187.5914305562647,189.22442626953125,21764300,0.0,0.0,0.0
2019-10-31,189.77191042702745,189.85835898535908,188.2157777479918,189.3108367919922,26801800,0.0,0.0,0.0
2019-11-01,190.12734233853791,191.0399038643088,189.83918044331372,191.03028869628903,22131900,0.0,0.0,0.0
2019-11-04,192.29825581781452,192.624849064048,191.03028487511827,192.21180725097656,19015900,0.0,0.0,0.0
2019-11-05,192.45200060978817,192.6441134704445,191.68353450989108,192.3175201416016,15048900,0.0,0.0,0.0
2019-11-06,192.0965366300045,192.11575230927068,190.9534455586013,191.8852081298828,19725500,0.0,0.0,0.0
2019-11-07,192.8457555159916,193.76791742624127,191.97164012472464,192.5287628173828,17832400,0.0,0.0,0.0
2019-11-08,192.1829962666796,193.31647214863364,191.6738760478869,193.29725646972656,15258800,0.0,0.0,0.0
2019-11-11,192.31746880393047,193.11473622996635,192.05810844977927,193.03790283203125,10147600,0.0,0.0,0.0
2019-11-12,193.2011599133409,194.2385864603639,192.9033829211636,193.5949859619141,14778300,0.0,0.0,0.0
2019-11-13,192.92264754684328,193.8255939868118,192.7977822666327,193.64308166503903,15774600,0.0,0.0,0.0
2019-11-14,192.9130413994548,193.61425981664448,192.3270877474829,193.4893798828125,16945400,0.0,0.0,0.0
2019-11-15,194.66125092105412,194.9110107421875,194.03688068275392,194.9110107421875,18427900,0.0,0.0,0.0
2019-11-18,194.6036698896289,195.37213591761244,193.81600283746684,195.06475830078125,18365900,0.0,0.0,0.0
2019-11-19,195.8043784806504,195.8043784806504,194.6036549842905,195.3529052734375,16923300,0.0,0.0,0.0
2019-11-20,194.84380147711423,195.4297551350224,192.71131535536787,194.18099975585932,36629000,0.0,0.0,0.0
2019-11-21,193.9696319795342,194.1041270561164,193.143548444642,193.7487030029297,17883600,0.0,0.0,0.0
2019-11-22,194.229066758715,194.3443462032209,192.82662965646267,193.8736572265625,17189600,0.0,0.0,0.0
2019-11-25,194.7093040556252,196.2078045170723,194.68048786654109,196.1693878173828,17752800,0.0,0.0,0.0
2019-11-26,196.29423068607204,196.7937209740842,196.00605419236328,196.54397583007807,14780600,0.0,0.0,0.0
2019-11-27,197.0531636477996,197.92729400308505,196.8130189122116,197.9176788330078,16963100,0.0,0.0,0.0
2019-11-29,197.418166082884,197.71594317628364,196.91866098513,197.0147247314453,9854600,0.0,0.0,0.0
2019-12-02,197.02433484231736,197.09156774219787,193.82560541013515,194.9975128173828,28007000,0.0,0.0,0.0
2019-12-03,192.3174926696207,193.54703239091128,191.37611486951567,193.47018432617188,31104100,0.0,0.0,0.0
2019-12-04,194.459642637836,194.91111600433987,194.17146596557987,194.4500274658203,15300100,0.0,0.0,0.0
2019-12-05,195.1415603066207,195.1415603066207,193.88320453373248,194.8341827392578,14962300,0.0,0.0,0.0
2019-12-06,196.25580805135755,197.06269054376045,196.10211196025244,196.91860961914065,16555300,0.0,0.0,0.0
2019-12-09,196.56322079012327,197.4853681186601,195.93883585118544,196.0252990722656,13984100,0.0,0.0,0.0
2019-12-10,196.1213598759361,196.80337723153923,195.4201414987379,195.86199951171875,21799800,0.0,0.0,0.0
2019-12-11,196.303905608106,197.10118785811227,195.99651332302216,196.8994598388672,18780800,0.0,0.0,0.0
2019-12-12,196.69769735204812,199.14717587945043,196.4287364984077,198.3690948486328,32612000,0.0,0.0,0.0
2019-12-13,198.2634429488972,199.71392620409247,197.8408006220625,199.02230834960932,32519400,0.0,0.0,0.0
2019-12-16,200.32875243408736,201.27011574559933,200.26150486891464,201.02037048339844,21296600,0.0,0.0,0.0
2019-12-17,201.27967055330183,201.44298184384525,200.799381164635,201.13558959960932,15996100,0.0,0.0,0.0
2019-12-18,201.3084612812211,201.846382944159,201.07791714399085,201.28924560546875,15443300,0.0,0.0,0.0
2019-12-19,201.3757155090542,202.6148555670259,201.3564998312648,202.5476226806641,17865900,0.0,0.0,0.0
2019-12-20,203.50818615409003,204.14217155833805,202.94144828844404,203.36410522460932,27672600,0.0,0.0,0.0
2019-12-23,204.084198893754,204.22859221546608,203.72801890750017,203.9012908935547,23774700,0.0,0.0,0.0
2019-12-24,204.0841862940331,204.17082228171165,203.5450983408621,204.00717163085932,7089000,0.0,0.0,0.0
2019-12-26,204.33448713896885,205.8266151274795,204.3056084744016,205.807357788086,17067500,0.0,0.0,0.0
2019-12-27,206.52936225469475,206.5486195948785,205.0853702108949,205.63409423828125,18134100,0.0,0.0,0.0
2019-12-30,205.52817296121955,205.6533236218308,203.27554920448603,204.28634643554688,21815500,0.0,0.0,0.0
2019-12-31,203.63175646282923,204.81582582361,203.3140764510985,204.6714324951172,18170900,0.0,0.0,0.0
2020-01-02,206.39458905704603,208.08888244628903,205.9902730498076,208.08888244628903,30969400,0.0,0.0,0.0
2020-01-03,205.33566829598263,207.42464165672527,205.3164109561056,206.18280029296875,27518900,0.0,0.0,0.0
2020-01-06,204.5655198507249,207.5401396493011,204.3152332086109,207.51126098632807,21655300,0.0,0.0,0.0
2020-01-07,207.5882236229749,208.06955413728244,206.8277278735474,207.4823303222656,22139300,0.0,0.0,0.0
2020-01-08,207.45353046860188,209.99495596195464,207.126229119916,209.0419158935547,26397300,0.0,0.0,0.0
2020-01-09,210.76503539121364,211.2174873086832,209.5809662848145,210.81317138671875,23547000,0.0,0.0,0.0
2020-01-10,211.64107019627423,211.66031284411704,209.8986410895882,210.27407836914065,21898500,0.0,0.0,0.0
2020-01-13,211.14050559485497,212.72889087103115,210.8035682627954,212.70001220703125,22756900,0.0,0.0,0.0
2020-01-14,212.594105048456,212.95029969636303,211.535186496228,211.86248779296875,24418100,0.0,0.0,0.0
2020-01-15,211.9780363815891,212.94069777722672,211.2560403348609,211.9491577148437,25742100,0.0,0.0,0.0
2020-01-16,213.0080640815941,214.0188613564895,212.5556121079652,213.9803466796875,18805000,0.0,0.0,0.0
2020-01-17,214.943019373761,215.21256336951552,213.8263287118945,215.039291381836,24325200,0.0,0.0,0.0
2020-01-21,214.4424204466488,215.4820963868952,214.34616313252403,214.9430084228516,21146300,0.0,0.0,0.0
2020-01-22,216.03083166997536,216.7431916501498,215.24144233199743,215.510986328125,20736400,0.0,0.0,0.0
2020-01-23,215.38581785476504,216.30034303860805,214.3846420009869,216.20407104492188,26496100,0.0,0.0,0.0
2020-01-24,217.2149161773528,217.44596019978124,213.3931492711676,214.3846893310547,37436500,0.0,0.0,0.0
2020-01-27,209.54249938714565,211.0923847858952,209.07079002611857,209.9564514160156,42264400,0.0,0.0,0.0
2020-01-28,211.43893603364955,213.67231739217365,210.8805906940185,213.1813507080078,26731900,0.0,0.0,0.0
2020-01-29,214.3654189859901,214.606084319694,212.584504330009,213.5279083251953,28924500,0.0,0.0,0.0
2020-01-30,212.15128205303816,214.384648420806,211.4870434682269,214.28839111328125,39568100,0.0,0.0,0.0
2020-01-31,215.1836740824446,215.21255274563228,210.13932370267952,210.8902130126953,52015800,0.0,0.0,0.0
2020-02-03,211.9202780928953,214.56759691896625,211.7758847598193,214.0766448974609,25408600,0.0,0.0,0.0
2020-02-04,217.00311905979584,219.3520150965256,216.2618657097352,218.97657775878903,30691200,0.0,0.0,0.0
2020-02-05,221.6142638932984,221.6527638820413,218.37972134420056,219.6985626220703,38534800,0.0,0.0,0.0
2020-02-06,220.2472666224085,221.6527585469502,219.4675133399824,221.59500122070312,22467100,0.0,0.0,0.0
2020-02-07,220.60348304061307,221.83568841889965,220.00662300275312,220.64198303222656,25884900,0.0,0.0,0.0
2020-02-10,219.91036970968705,223.3181845582399,219.85261237668485,223.30856323242188,21478900,0.0,0.0,0.0
2020-02-11,224.54076655472767,225.2820199291705,222.75983712872844,223.34706115722656,30198000,0.0,0.0,0.0
2020-02-12,224.66587616022812,225.62853736281508,224.1075309000425,225.52264404296875,24471300,0.0,0.0,0.0
2020-02-13,223.9535301346014,226.1580181064012,223.68398613863585,225.2338714599609,22773200,0.0,0.0,0.0
2020-02-14,225.5900438891181,226.09063187443948,224.82954793078483,225.8788452148437,23438500,0.0,0.0,0.0
2020-02-18,224.7814305025624,226.3890732321221,224.54076515941188,225.9654998779297,24394500,0.0,0.0,0.0
2020-02-19,227.31321643870044,228.6031790494799,227.0436724510464,228.1314697265625,22230500,0.0,0.0,0.0
2020-02-20,227.63084330098133,228.10253782476184,223.2218538333266,226.01356506347656,42604000,0.0,0.0,0.0
2020-02-21,224.8872974103317,225.2723560384982,220.7574870704223,221.6720123291016,66017200,0.0,0.0,0.0
2020-02-24,213.4027309628316,215.8767773346433,212.03575380103447,213.12356567382807,84522600,0.0,0.0,0.0
2020-02-25,214.9141294214852,215.6265040523048,206.721887267764,207.328353881836,97743000,0.0,0.0,0.0
2020-02-26,208.61834956856265,212.0550429818306,206.8759201700028,208.3969268798828,79537700,0.0,0.0,0.0
2020-02-27,203.025247442616,208.3391415428252,197.82688267850665,197.961654663086,121822600,0.0,0.0,0.0
2020-02-28,191.22306338168505,199.43456409770943,190.7706113403432,198.11572265625,148173700,0.0,0.0,0.0
2020-03-02,201.0806973544826,208.48356511314225,198.25047077787212,208.3391571044922,112933900,0.0,0.0,0.0
2020-03-03,209.0034054493233,211.4100588146884,199.8677439863409,201.6582946777344,131953500,0.0,0.0,0.0
2020-03-04,205.35491080541635,210.17783851853628,203.47770956270423,210.0719451904297,73086200,0.0,0.0,0.0
2020-03-05,204.74843219637864,208.2813973693051,202.2551429797237,203.6894989013672,78705500,0.0,0.0,0.0
2020-03-06,197.02788638852985,201.3406048969751,195.3336077896164,200.2528076171875,89828400,0.0,0.0,0.0
2020-03-09,186.25568026308363,193.6489257347945,184.9368391521494,186.3423309326172,116424000,0.0,0.0,0.0
2020-03-10,193.6008311610288,196.671723320482,186.44824945300687,196.4888153076172,100599200,0.0,0.0,0.0
2020-03-11,191.90650506687496,193.2542247938047,185.53367830056715,187.9307098388672,89168800,0.0,0.0,0.0
2020-03-12,175.2910115179422,183.65654146842252,170.33331116327355,170.69912719726562,137820700,0.0,0.0,0.0
2020-03-13,180.08506471110036,187.21837410798133,171.47886994366365,185.1582794189453,134882000,0.0,0.0,0.0
2020-03-16,167.64749129546604,177.78431553068688,162.8438198989623,162.9785919189453,92054400,0.0,0.0,0.0
2020-03-17,168.918192252125,177.5051299343978,163.44064669091188,175.33914184570312,121257100,0.0,0.0,0.0
2020-03-18,165.20231138074408,172.52816468747216,160.57191273504014,170.00599670410156,114156300,0.0,0.0,0.0
2020-03-19,169.12995390621245,176.63871444056377,165.22155166133624,171.02639770507812,120896500,0.0,0.0,0.0
2020-03-20,174.9541000078637,176.04189747520053,163.74872113829707,164.32630920410156,118983900,0.0,0.0,0.0
2020-03-23,164.88870592266807,168.06261919939575,159.11007109457017,164.4449462890625,124639800,0.0,0.0,0.0
2020-03-24,173.5615103968468,177.3431833950466,171.67066653757124,177.17918395996094,94881800,0.0,0.0,0.0
2020-03-25,177.91235896739593,182.82274430846908,173.62903115037722,175.86717224121094,88754900,0.0,0.0,0.0
2020-03-26,177.38172993078925,185.9194437189423,177.13090991327817,185.1283721923828,79887600,0.0,0.0,0.0
2020-03-27,180.33376341717985,183.7874371374492,178.14387587751088,178.76129150390625,58845000,0.0,0.0,0.0
2020-03-30,180.45920700997283,185.6976061264033,179.76461248933728,185.2634735107422,49356900,0.0,0.0,0.0
2020-03-31,184.9547021205792,188.36013644435263,182.5236222301767,183.6812744140625,62659300,0.0,0.0,0.0
2020-04-01,178.24998520367816,181.0380045603474,174.477954685729,175.8767852783203,53715400,0.0,0.0,0.0
2020-04-02,174.84452869655937,183.39188349691315,174.58405215532315,179.44619750976562,56465300,0.0,0.0,0.0
2020-04-03,179.00243424831183,180.4688015906096,174.8927489590276,176.89935302734375,47487600,0.0,0.0,0.0
2020-04-06,183.75852093240587,190.675511105474,182.51404768802607,189.5467987060547,64763500,0.0,0.0,0.0
2020-04-07,195.228894418324,195.5086693304308,189.08367954366585,189.4695587158203,69904500,0.0,0.0,0.0
2020-04-08,191.1578893462052,194.07132694561147,189.24776158516872,193.4925079345703,45940400,0.0,0.0,0.0
2020-04-09,195.20962881995845,196.04892419321607,192.0067754575091,193.772201538086,68252600,0.0,0.0,0.0
2020-04-13,192.94258267125235,196.24189906848864,191.73669152955705,195.8656616210937,42853900,0.0,0.0,0.0
2020-04-14,199.9174236171041,205.0014640471716,199.13600862705067,204.3840484619141,63959600,0.0,0.0,0.0
2020-04-15,201.1233207046582,204.3551144773349,199.8113107060023,202.039794921875,47036000,0.0,0.0,0.0
2020-04-16,204.22005647977275,206.8054797369004,202.29063086567177,205.7250061035156,64657400,0.0,0.0,0.0
2020-04-17,208.54197570294068,208.86997454013388,204.59630366636645,207.69302368164065,62863200,0.0,0.0,0.0
2020-04-20,205.8311036176268,208.2621837593495,205.06898705655595,205.2329864501953,38249100,0.0,0.0,0.0
2020-04-21,203.1684574535656,203.70869409582545,196.4444101818686,197.65994262695312,72932800,0.0,0.0,0.0
2020-04-22,201.72144351385245,204.856759976232,200.9786105687604,203.52545166015625,40089100,0.0,0.0,0.0
2020-04-23,204.3164676940399,206.8729648238681,202.6861158240436,203.0912933349609,43278500,0.0,0.0,0.0
2020-04-24,203.5254833764921,206.73797912654427,202.10735422411724,206.2942047119141,34231900,0.0,0.0,0.0
2020-04-27,208.56124968907324,208.985725650078,206.9308828026452,207.95347595214844,36451700,0.0,0.0,0.0
2020-04-28,209.65142537562292,209.65142537562292,203.7570286618632,204.0367889404297,46862800,0.0,0.0,0.0
2020-04-29,208.5612692855443,212.20788260903336,207.5483178689419,211.2721099853516,48716400,0.0,0.0,0.0
2020-04-30,212.1885516713256,212.2753722799079,209.6803075278576,211.1852569580078,43359500,0.0,0.0,0.0
2020-05-01,206.93087551406245,209.0243003204204,204.21037861636245,205.2329864501953,48795000,0.0,0.0,0.0
2020-05-04,203.9981734824917,207.8473681017223,203.67015994573163,207.62548828125,32841000,0.0,0.0,0.0
2020-05-05,209.7671626319864,212.3718843602269,209.1979855883285,209.9794006347656,37783100,0.0,0.0,0.0
2020-05-06,211.65798922960508,213.24011768360376,210.4135161545904,211.2721099853516,36455200,0.0,0.0,0.0
2020-05-07,213.9926147460937,214.8704922656383,212.6420079030981,213.9926147460937,38624800,0.0,0.0,0.0
2020-05-08,215.6614913783399,217.0603216180315,214.6292418942129,216.92526245117188,31852300,0.0,0.0,0.0
2020-05-11,215.60369081585847,219.88700371674187,215.372154421074,218.86441040039065,35714100,0.0,0.0,0.0
2020-05-12,219.46251531178984,220.0509906955732,214.25305747493283,214.2819976806641,41054100,0.0,0.0,0.0
2020-05-13,214.80293566222824,216.6841225037161,209.0628979785712,211.6000823974609,65521200,0.0,0.0,0.0
2020-05-14,210.27840605053493,214.040779292572,208.3682792292197,214.002197265625,51549300,0.0,0.0,0.0
2020-05-15,211.0598977932938,215.4493446550791,210.6257799103373,215.39146423339844,55747200,0.0,0.0,0.0
2020-05-18,218.2951579718896,220.61046223912896,217.5137431497049,219.40457153320312,42398100,0.0,0.0,0.0
2020-05-19,219.6650761946719,221.7392173068465,218.71002005422147,218.854721069336,36237300,0.0,0.0,0.0
2020-05-20,221.4016077813956,223.5818536088056,221.38230940193867,223.22491455078125,37417000,0.0,0.0,0.0
2020-05-21,223.27314230969628,223.9484383544273,220.282526614009,220.7938232421875,43642900,0.0,0.0,0.0
2020-05-22,220.38864496818147,221.7585354321417,219.47217071585555,221.5559539794922,28762400,0.0,0.0,0.0
2020-05-26,225.1253601919948,225.3279563394855,220.71661601024164,220.95779418945312,33055300,0.0,0.0,0.0
2020-05-27,220.6201950020289,222.2795023642407,216.03780873646343,222.16372680664065,55665600,0.0,0.0,0.0
2020-05-28,221.02534613678583,225.2314944563368,220.9674657251049,221.87429809570312,42784300,0.0,0.0,0.0
2020-05-29,222.25058661531253,225.35696366642563,220.68774153868867,225.1254272460937,50691800,0.0,0.0,0.0
2020-06-01,224.2571579531959,226.1769271239198,223.81338356056148,225.8006896972656,25776000,0.0,0.0,0.0
2020-06-02,226.2251773187427,227.37318803651183,223.82303687432616,227.3153076171875,33383400,0.0,0.0,0.0
2020-06-03,227.9230412069409,229.09035017383184,227.0451637449493,228.3378753662109,37228700,0.0,0.0,0.0
2020-06-04,227.9905644471948,229.39903680936783,225.43406684460547,226.73643493652344,38716100,0.0,0.0,0.0
2020-06-05,227.88442526895665,231.820454680359,227.31524833357355,231.2319793701172,47365600,0.0,0.0,0.0
2020-06-08,231.08727001148023,233.15175456788324,229.5147983452868,233.0263519287109,32937300,0.0,0.0,0.0
2020-06-09,232.16778889183445,235.5635673917598,231.9844911022804,234.71463012695312,35046300,0.0,0.0,0.0
2020-06-10,236.4028886753113,239.0751474122941,235.88193548886332,237.53160095214844,58084400,0.0,0.0,0.0
2020-06-11,233.61484626440367,234.99437844998292,225.7042045504025,225.7620849609375,72919400,0.0,0.0,0.0
2020-06-12,230.6531927971664,231.91696428101852,223.56256215041088,227.5564727783203,72034800,0.0,0.0,0.0
2020-06-15,224.23784466597652,231.00047606686667,223.30207207619324,230.3251800537109,45307400,0.0,0.0,0.0
2020-06-16,235.1776628133525,235.76613815413336,230.66281440501248,234.28048706054688,48890100,0.0,0.0,0.0
2020-06-17,235.77582081229852,236.8370108631657,234.16475207714595,235.0233459472656,34749300,0.0,0.0,0.0
2020-06-18,234.7049936323584,235.9012429208972,233.9332350930177,235.6600646972656,30578600,0.0,0.0,0.0
2020-06-19,238.0235854158861,238.28406199401456,233.8946158026866,235.6214599609375,49422100,0.0,0.0,0.0
2020-06-22,235.4900221130206,238.57281006462253,235.20011676944225,238.4471893310547,24068700,0.0,0.0,0.0
2020-06-23,240.0417202697316,242.70895256967864,239.4908853880453,240.47659301757807,32767400,0.0,0.0,0.0
2020-06-24,239.7228018717864,240.9501218168797,234.02110437194025,235.51901245117188,46032400,0.0,0.0,0.0
2020-06-25,235.6060007330898,238.06062605115267,233.0353985307924,237.76104736328125,36940800,0.0,0.0,0.0
2020-06-26,237.51944510452128,237.6934030545005,231.62445742433064,232.1463165283203,52824600,0.0,0.0,0.0
2020-06-29,231.9047022245296,234.68791125631003,229.37276413064143,234.67823791503903,34377800,0.0,0.0,0.0
2020-06-30,234.6106070254222,239.8194508134417,234.42699048577504,239.2782745361328,38909200,0.0,0.0,0.0
2020-07-01,239.3169481080664,243.06654804946376,238.775771775483,242.0711669921875,34689200,0.0,0.0,0.0
2020-07-02,244.5161409597669,245.7241291466241,243.2501716992924,243.7140350341797,31956500,0.0,0.0,0.0
2020-07-06,246.8644225848061,250.22745701870588,246.84509064810896,249.70562744140625,34589000,0.0,0.0,0.0
2020-07-07,249.45440619547853,252.111980301786,247.68589491108983,247.9854736328125,36578200,0.0,0.0,0.0
2020-07-08,249.3094215429372,251.2808368476071,247.87915304473864,251.25184631347656,30426300,0.0,0.0,0.0
2020-07-09,253.16529137370648,254.0350368253854,248.9711606246776,253.36822509765625,40312900,0.0,0.0,0.0
2020-07-10,253.22329884544607,255.3493697196209,250.54640780596472,255.0980987548828,32885300,0.0,0.0,0.0
2020-07-13,257.93926898540803,260.7224780969237,249.0291481870757,249.8505859375,64108100,0.0,0.0,0.0
2020-07-14,247.3282885854416,252.024961276459,244.26483277962885,251.6190643310547,72230500,0.0,0.0,0.0
2020-07-15,253.02997680795647,253.8610878593374,248.83584615432332,252.13124084472656,54523900,0.0,0.0,0.0
2020-07-16,249.3479908737024,251.0488470773411,247.02866027266967,250.41102600097656,47594100,0.0,0.0,0.0
2020-07-17,250.8653196829516,251.56112205959127,248.52667106417573,250.7010498046875,35137900,0.0,0.0,0.0
2020-07-20,251.338831439396,258.4418076025263,250.0922089128104,257.81365966796875,40610100,0.0,0.0,0.0
2020-07-21,259.3792492692627,259.3889226133469,254.28638106841368,255.12713623046875,43243800,0.0,0.0,0.0
2020-07-22,255.619980861951,256.9536045764052,253.7258340975872,256.0258483886719,29865500,0.0,0.0,0.0
2020-07-23,255.6199629915737,256.3254091883803,247.9274733052082,249.3384246826172,51363500,0.0,0.0,0.0
2020-07-24,245.50178573765885,248.29465311952933,242.8732176834976,246.970703125,54054500,0.0,0.0,0.0
2020-07-27,248.61360947222732,251.76402219435963,247.8308355895352,251.37747192382807,36445700,0.0,0.0,0.0
2020-07-28,250.59468688564115,251.11654594817,247.88880562048064,248.1787109375,31302400,0.0,0.0,0.0
2020-07-29,249.71526500343768,251.8993166708672,249.24174316088272,251.03921508789065,27556900,0.0,0.0,0.0
2020-07-30,249.0775135013197,252.91408551232487,247.9275062832065,252.3535919189453,41774500,0.0,0.0,0.0
2020-07-31,256.9728957324916,257.01155960937103,252.08296226957663,256.85693359375,53686300,0.0,0.0,0.0
2020-08-03,258.9926095304385,261.0703428503079,258.8669740683068,260.32623291015625,32081600,0.0,0.0,0.0
2020-08-04,259.8237615109109,261.3893390497868,259.0796513689993,261.2926940917969,24911300,0.0,0.0,0.0
2020-08-05,261.77585464764775,262.3943292112802,260.8867624407989,261.94012451171875,21612100,0.0,0.0,0.0
2020-08-06,261.74688693072375,265.73808462954054,261.10906562731947,265.4095153808594,28048200,0.0,0.0,0.0
2020-08-07,264.8682731389844,265.64140316954297,260.2006203903107,262.34600830078125,44969400,0.0,0.0,0.0
2020-08-10,262.6359586171868,262.8389218741653,257.70739022816736,261.2250366210937,35088400,0.0,0.0,0.0
2020-08-11,260.06527192475147,261.3505875018859,255.7358623812855,256.27703857421875,43104300,0.0,0.0,0.0
2020-08-12,258.4321538139539,263.6699736732556,258.3838165950634,262.722900390625,38773400,0.0,0.0,0.0
2020-08-13,263.49605626159166,265.5931072822826,262.3847130048665,263.3221130371094,31895700,0.0,0.0,0.0
2020-08-14,263.9405745434047,264.2111627097795,261.62124318992045,263.0128479003906,30799500,0.0,0.0,0.0
2020-08-17,264.72335338472254,266.56916285403884,263.0515166263446,266.066650390625,24803000,0.0,0.0,0.0
2020-08-18,267.1296396787266,269.10105480398965,265.6703807791961,268.6275329589844,23529500,0.0,0.0,0.0
2020-08-19,268.58885484621123,269.64221675710843,266.3081878446853,266.82037353515625,31999400,0.0,0.0,0.0
2020-08-20,266.02798786526216,271.0048932702151,265.62209086020533,270.5216979980469,27723400,0.0,0.0,0.0
2020-08-21,270.7149440202601,272.8506585193085,270.06744948407925,272.3964538574219,34748900,0.0,0.0,0.0
2020-08-24,275.6628990160091,276.3876919143859,271.81665408487225,274.09735107421875,36418500,0.0,0.0,0.0
2020-08-25,273.3242182700818,276.44567027218886,272.87968688784093,276.2523803710937,34866600,0.0,0.0,0.0
2020-08-26,277.49897328985776,282.39857926912845,276.2233309949189,282.1473083496094,42216700,0.0,0.0,0.0
2020-08-27,283.12336564188365,283.97379381939345,279.0065335516164,281.26788330078125,49482700,0.0,0.0,0.0
2020-08-28,282.5048607798172,283.3262984255112,281.15192027085186,282.6981506347656,28021000,0.0,0.0,0.0
2020-08-31,283.2200434874042,286.7763531049731,282.7851560077576,284.9692077636719,36321000,0.0,0.0,0.0
2020-09-01,287.61706739901604,289.95574482852527,285.8485861815919,289.8397827148437,36216200,0.0,0.0,0.0
2020-09-02,293.08683237877307,293.29943941238844,286.9116140478501,292.5843200683594,50836800,0.0,0.0,0.0
2020-09-03,288.0810222788682,288.5835347363163,274.8511335919454,277.75030517578125,110083300,0.0,0.0,0.0
2020-09-04,275.9624136196439,279.2191442344936,262.66487356215526,274.0489501953125,123959000,0.0,0.0,0.0
2020-09-08,263.0707705753225,268.86911241785384,260.59681374852715,260.8770751953125,99568600,0.0,0.0,0.0
2020-09-09,266.3758831646691,270.6376391822243,263.82459816912103,268.54058837890625,64837900,0.0,0.0,0.0
2020-09-10,271.4977312190594,272.71539260479386,261.4665937831789,263.186767578125,69667500,0.0,0.0,0.0
2020-09-11,264.935979114663,265.9700241426151,257.9296472111629,261.3603515625,71809000,0.0,0.0,0.0
2020-09-14,265.1388268569169,267.9027184330316,263.7858863439443,265.9119567871094,38525200,0.0,0.0,0.0
2020-09-15,269.6518566416104,271.0241437036458,265.88294075558133,269.68084716796875,41849900,0.0,0.0,0.0
2020-09-16,270.47332799990096,270.9371764795811,265.0325457691461,265.38043212890625,42321000,0.0,0.0,0.0
2020-09-17,258.5577596862858,265.1775403357728,257.71700469207485,261.23468017578125,81570800,0.0,0.0,0.0
2020-09-18,262.6553512868905,262.94525671632783,253.8032084412388,257.90069580078125,86251100,0.0,0.0,0.0
2020-09-21,253.6485779832147,258.65447492406383,251.3678805075364,258.5191955566406,57168600,0.0,0.0,0.0
2020-09-22,260.9157804641727,263.9019237853836,257.5817506939973,263.3221130371094,41128900,0.0,0.0,0.0
2020-09-23,263.00320527202814,263.18682185192915,254.4023345236452,255.28175354003903,48837300,0.0,0.0,0.0
2020-09-24,252.60483581359787,259.6691482570932,252.4405364463986,256.47039794921875,70631700,0.0,0.0,0.0
2020-09-25,256.9729132377426,263.2447784344016,255.41700912524527,262.4330139160156,55242400,0.0,0.0,0.0
2020-09-28,267.284205598556,267.8833923339844,262.5392553665789,267.8833923339844,58438300,0.0,0.0,0.0
2020-09-29,267.3230023911884,268.37636476116774,266.1150139634269,266.675537109375,27050000,0.0,0.0,0.0
2020-09-30,266.8687203661687,271.64269161107853,266.5981322162988,268.5019226074219,49380800,0.0,0.0,0.0
2020-10-01,272.31914057892124,273.3725025043538,270.43466763014914,272.763671875,50020200,0.0,0.0,0.0
2020-10-02,266.74306496429404,272.75401437277986,264.2497907332789,265.0905456542969,75497400,0.0,0.0,0.0
2020-10-05,267.05227864443094,271.06279229103865,266.94598987283973,270.743896484375,28184600,0.0,0.0,0.0
2020-10-06,270.0577794053356,271.7392890791808,265.03253808070434,265.9119567871094,49704200,0.0,0.0,0.0
2020-10-07,268.550191927096,271.3043804558178,267.9606785581341,270.511962890625,27539700,0.0,0.0,0.0
2020-10-08,272.90868252898304,272.9763369448217,270.88892983991883,271.95196533203125,25443300,0.0,0.0,0.0
2020-10-09,273.59480067318304,276.18474963056843,273.2082503710338,276.107421875,30201100,0.0,0.0,0.0
2020-10-12,280.784736791468,287.4624984194463,279.74104806948463,284.6309814453125,79370700,0.0,0.0,0.0
2020-10-13,286.4285130159509,287.06630483441944,283.2587236582796,284.621337890625,64240000,0.0,0.0,0.0
2020-10-14,285.42345168678463,286.3898422261055,280.5045273806695,282.2440185546875,36949100,0.0,0.0,0.0
2020-10-15,277.5473273282057,280.939337487908,276.90950614206577,280.349853515625,42514200,0.0,0.0,0.0
2020-10-16,281.99272738717144,283.4133225579384,278.4654080695763,278.8133239746094,40570700,0.0,0.0,0.0
2020-10-19,280.7267511204607,281.6834977161468,273.28556238406674,274.2615966796875,36756800,0.0,0.0,0.0
2020-10-20,274.9960268682495,277.95317888560766,273.44015261046803,274.85107421875,32195400,0.0,0.0,0.0
2020-10-21,275.10233620718253,277.66326457149967,274.1552631080484,274.6384582519531,29306100,0.0,0.0,0.0
2020-10-22,275.4695696201437,276.36833509912185,271.38175713416496,274.6288146972656,32196200,0.0,0.0,0.0
2020-10-23,275.1990039622046,275.33431278433005,272.3095058897191,275.1700134277344,24658500,0.0,0.0,0.0
2020-10-26,272.88932727895894,275.71117074606025,267.4582179216346,271.04351806640625,38421100,0.0,0.0,0.0
2020-10-27,272.03892610645653,273.981380451409,270.78263025156946,273.1599426269531,30559100,0.0,0.0,0.0
2020-10-28,268.66615489807793,269.2749854562832,262.25898301127285,262.51025390625,53413500,0.0,0.0,0.0
2020-10-29,263.824539337961,270.0964026489202,263.3606613989677,267.1006164550781,43246300,0.0,0.0,0.0
2020-10-30,265.1195207094076,265.989266111691,258.09387359780874,260.32623291015625,65838300,0.0,0.0,0.0
2020-11-02,262.7132120581859,264.3270673627996,257.9972226197486,260.90606689453125,39987400,0.0,0.0,0.0
2020-11-03,262.8195659939876,267.51623940766655,261.7372132955642,265.4191589355469,43604100,0.0,0.0,0.0
2020-11-04,274.0586061162536,279.0645005086833,272.39641371471873,277.2670288085937,75728200,0.0,0.0,0.0
2020-11-05,283.6645859036944,285.4620874656753,282.186009703758,284.4956970214844,52054200,0.0,0.0,0.0
2020-11-06,283.8384760965858,285.4330141333295,280.08887715468785,284.7082214355469,40959800,0.0,0.0,0.0
2020-11-09,287.64615186245305,289.0860938892739,278.43645076273805,278.8906555175781,86537100,0.0,0.0,0.0
2020-11-10,275.58556185295663,277.0254741037576,271.18846786161714,273.8943786621094,69024900,0.0,0.0,0.0
2020-11-11,276.4165940883306,280.4947620058693,273.855665897766,280.021240234375,36102900,0.0,0.0,0.0
2020-11-12,280.98766676986247,282.2536357652556,277.5956272140191,278.7069702148437,34414600,0.0,0.0,0.0
2020-11-13,280.4174495092442,281.77038985322787,278.19473441594687,281.1518859863281,24806900,0.0,0.0,0.0
2020-11-16,280.85242939736554,283.64531236703306,280.2435986051183,283.3457336425781,30168400,0.0,0.0,0.0
2020-11-17,283.53892523768616,283.8674944204936,281.8090782385329,282.4468994140625,21843500,0.0,0.0,0.0
2020-11-18,281.89605303204337,283.5099082644864,280.27249496762283,280.3594665527344,28069600,0.0,0.0,0.0
2020-11-19,279.80876819280246,282.8625663073466,279.1419562584167,282.5533142089844,22718400,0.0,0.0,0.0
2020-11-20,282.4758445198724,283.21998385093764,280.533420266466,280.6203918457031,25907300,0.0,0.0,0.0
2020-11-23,281.6158958095342,282.9108557091062,278.3881546583201,280.63018798828125,26875600,0.0,0.0,0.0
2020-11-24,281.6931740868517,285.06589718604346,279.8957018065329,284.5730285644531,24516800,0.0,0.0,0.0
2020-11-25,285.63604508000066,286.9599953366419,284.6889717798242,286.3221740722656,23326800,0.0,0.0,0.0
2020-11-27,288.2839640336523,290.08146580130943,287.8877403671693,288.96044921875,17163100,0.0,0.0,0.0
2020-11-30,289.279338588268,289.88816934271773,284.87260011745866,289.5499267578125,27836200,0.0,0.0,0.0
2020-12-01,291.8209821620533,294.884453461218,290.7192826785241,293.2608947753906,27521300,0.0,0.0,0.0
2020-12-02,292.09152566494623,293.975998917608,290.2553896319331,293.63775634765625,23620000,0.0,0.0,0.0
2020-12-03,293.94705591156435,295.5995756592862,293.3285517417141,294.0533447265625,22828700,0.0,0.0,0.0
2020-12-04,294.1016711650191,295.39666066650807,293.4252153646171,295.2516784667969,19332100,0.0,0.0,0.0
2020-12-07,295.4351212887701,297.29060333303994,295.2515048029142,296.9233703613281,20851000,0.0,0.0,0.0
2020-12-08,296.4498604864044,298.22801487517205,294.7006966233056,297.9284362792969,18341500,0.0,0.0,0.0
2020-12-09,297.7158519736845,297.99608391256794,290.12000925815147,291.1830444335937,48839300,0.0,0.0,0.0
2020-12-10,289.15369726962035,293.4734640443875,288.0713446132676,292.3524475097656,27519500,0.0,0.0,0.0
2020-12-11,290.699840928819,291.8305304673564,288.43849134363336,291.70489501953125,26760400,0.0,0.0,0.0
2020-12-14,292.8936244861092,295.76380549706323,292.825999563861,293.8213806152344,28804800,0.0,0.0,0.0
2020-12-15,296.0729442223295,296.9620361328125,293.8888930556222,296.9620361328125,25709000,0.0,0.0,0.0
2020-12-16,297.35832790563893,299.3780802348846,296.31460979317626,298.5953063964844,25461900,0.0,0.0,0.0
2020-12-17,300.18986457531184,300.77934858265223,298.9915498771804,300.54742431640625,23730500,0.0,0.0,0.0
2020-12-18,301.1852381196582,301.49449012829695,297.2713392718179,299.6390075683594,41173400,0.0,0.0,0.0
2020-12-21,296.69684020761105,299.6109575846126,293.9279677919338,299.0784912109375,37095500,0.0,0.0,0.0
2020-12-22,299.97882235494683,300.81141034243274,297.0743961831293,299.8916931152344,26176300,0.0,0.0,0.0
2020-12-23,299.9400726222767,300.2982804373687,298.2264719073709,298.3813781738281,21201300,0.0,0.0,0.0
2020-12-24,298.64275735310594,300.1433656019601,298.56531899476283,299.6980285644531,16785000,0.0,0.0,0.0
2020-12-28,302.30233396818903,303.19303759184373,300.4725314399049,302.7186279296875,22497700,0.0,0.0,0.0
2020-12-29,304.0450480707538,304.6646732645572,302.0894114503533,302.9897766113281,25871900,0.0,0.0,0.0
2020-12-30,304.1515422088258,304.4710161192308,302.37982552415474,302.9994506835937,18138100,0.0,0.0,0.0
2020-12-31,302.902624635413,304.22897463129027,301.8280010488041,303.7449035644531,21611400,0.0,0.0,0.0
2021-01-04,305.071143141971,305.24543111741843,295.45750232506003,299.4559326171875,45305900,0.0,0.0,0.0
2021-01-05,298.4684690705339,302.1958212252537,298.4684690705339,301.9247131347656,29323400,0.0,0.0,0.0
2021-01-06,297.2196266305306,301.9441648364743,296.23213231844335,297.742431640625,52809600,0.0,0.0,0.0
2021-01-07,300.39509438060014,305.77796146175444,300.36605130282,304.94537353515625,30394800,0.0,0.0,0.0
2021-01-08,307.23017070693584,309.21487948228685,305.0421603895947,308.8663330078125,33955800,0.0,0.0,0.0
2021-01-11,305.9135892944069,307.08503310784016,303.75462150760245,304.4032897949219,32746400,0.0,0.0,0.0
2021-01-12,304.4419954990286,305.52631006269684,301.28587193949915,303.9192199707031,29266800,0.0,0.0,0.0
2021-01-13,304.180580307871,306.76550326758513,303.5803369103449,305.9716491699219,22898400,0.0,0.0,0.0
2021-01-14,306.4169179217447,307.41410291831755,303.86100906916187,304.3354187011719,23500100,0.0,0.0,0.0
2021-01-15,304.1224141158977,305.0808651245545,300.68549270763583,301.9247131347656,35118700,0.0,0.0,0.0
2021-01-19,304.2386132716597,306.8332266535464,303.1446081211837,306.3298034667969,24537000,0.0,0.0,0.0
2021-01-20,309.94111235276364,314.3945436161647,306.4267508242294,313.4554443359375,30728100,0.0,0.0,0.0
2021-01-21,314.7914467748411,316.70837906675666,313.4167013248198,315.962890625,25130600,0.0,0.0,0.0
2021-01-22,314.9269627231851,316.0596724734222,314.365423740635,315.0528259277344,21609400,0.0,0.0,0.0
2021-01-25,318.43163593412686,319.7967199017761,311.1705698585587,317.6571044921875,39080600,0.0,0.0,0.0
2021-01-26,318.3734609607225,319.25447361091386,316.79538497990427,318.1217346191406,25498100,0.0,0.0,0.0
2021-01-27,315.86612118460346,315.8757825169107,307.2496309437747,309.2536926269531,55264000,0.0,0.0,0.0
2021-01-28,310.45417904152515,316.0209968128758,309.8345538382475,311.0834655761719,42836300,0.0,0.0,0.0
2021-01-29,309.39885072667784,310.50254694314407,302.79614381568024,304.5387878417969,55259000,0.0,0.0,0.0
2021-02-01,307.97562688848154,313.23266022286646,305.9522137232358,312.1483459472656,35646000,0.0,0.0,0.0
2021-02-02,315.11082825746934,318.3928138516619,314.9462311386911,317.24072265625,33930800,0.0,0.0,0.0
2021-02-03,319.31261928071063,319.68051798841714,315.9241220923521,315.9822082519531,24824500,0.0,0.0,0.0
2021-02-04,317.3763206460709,319.8063369990852,316.0596321495655,319.7192077636719,22350900,0.0,0.0,0.0
2021-02-05,320.66806432122735,321.8104650393647,319.0319016209477,320.8035888671875,22732000,0.0,0.0,0.0
2021-02-08,322.4881610117084,323.1077566336111,320.85199838952866,322.9528503417969,20462800,0.0,0.0,0.0
2021-02-09,322.023501486246,324.1437355816034,322.01381060829834,322.8851623535156,17597500,0.0,0.0,0.0
2021-02-10,324.3179516200057,324.77297964353176,319.0028603064396,322.1493225097656,28068700,0.0,0.0,0.0
2021-02-11,323.6789544509088,324.32762269625704,321.53936855597,323.9209899902344,22046100,0.0,0.0,0.0
2021-02-12,323.07871567261896,325.89601293620257,322.03313512769773,325.7314453125,20346800,0.0,0.0,0.0
2021-02-16,326.5252390518274,327.41594268454725,323.6885901057488,324.8503723144531,27080800,0.0,0.0,0.0
2021-02-17,321.87817742268214,324.96655281909017,319.6514626027675,323.2916564941406,31360300,0.0,0.0,0.0
2021-02-18,319.7095451897931,323.23356672708246,317.89909482097755,321.878173828125,32236200,0.0,0.0,0.0
2021-02-19,323.22382350476204,323.3496866723792,319.4577670759714,320.47430419921875,39157700,0.0,0.0,0.0
2021-02-22,316.09831716058187,317.3568897599286,311.96436205639856,312.16766357421875,47256900,0.0,0.0,0.0
2021-02-23,306.90099472606374,312.90348656723603,301.0921430908701,311.23828125,97241900,0.0,0.0,0.0
2021-02-24,308.5855941011295,314.1137065964176,305.8941603269146,313.80389404296875,58206300,0.0,0.0,0.0
2021-02-25,311.1511841201916,313.7070637397684,301.3245187872966,302.8638610839844,110182600,0.0,0.0,0.0
2021-02-26,305.7876556554205,308.9437784747402,300.9759887486125,304.13214111328125,104739800,0.0,0.0,0.0
2021-03-01,309.0987164649975,313.61995305490194,307.8111004768083,313.2810974121094,49164500,0.0,0.0,0.0
2021-03-02,313.92004533355646,313.9974836940551,308.0047118607735,308.25640869140625,48370000,0.0,0.0,0.0
2021-03-03,307.16250258530573,308.10160181554886,299.25279639291,299.3108825683594,86301100,0.0,0.0,0.0
2021-03-04,298.94294673589053,302.0990997560875,290.54914087873334,294.4120483398437,139131600,0.0,0.0,0.0
2021-03-05,297.0259879568428,299.7464649262253,287.9738828516121,298.8460998535156,121523700,0.0,0.0,0.0
2021-03-08,298.3039161618704,300.18211405491843,289.96822750430505,290.384521484375,88409800,0.0,0.0,0.0
2021-03-09,297.6746473469426,303.7352262391033,297.14218101960296,301.837646484375,80391100,0.0,0.0,0.0
2021-03-10,306.0878331967325,306.38795490696515,300.28867103051203,300.9760437011719,76798100,0.0,0.0,0.0
2021-03-11,305.710226942878,309.6699246727276,304.8195527368651,307.9079284667969,53484800,0.0,0.0,0.0
2021-03-12,303.8610619629088,308.0918677112033,301.46977936589934,305.4100952148437,69315600,0.0,0.0,0.0
2021-03-15,305.72953835863865,308.83726557970624,304.0933761867674,308.67266845703125,42955700,0.0,0.0,0.0
2021-03-16,310.8607357904687,313.8716730118941,308.9341425127925,310.3669738769531,54925900,0.0,0.0,0.0
2021-03-17,307.3367134727356,313.53281684257354,305.6230830912627,311.6449279785156,78258700,0.0,0.0,0.0
2021-03-18,306.7751732608116,307.7530062068756,301.6440321034834,302.0990600585937,82718100,0.0,0.0,0.0
2021-03-19,301.9345029977423,304.7034050515938,299.7949170097811,303.1640625,78446200,0.0,0.0,0.0
2021-03-22,305.5535301852278,310.914117396103,305.5535301852278,308.849365234375,56194800,0.0,0.0,0.0
2021-03-23,309.9350686357572,311.2533907788048,306.6876901102934,307.501953125,53455400,0.0,0.0,0.0
2021-03-24,308.8687426018364,308.9075254809563,302.17042759765224,302.3158264160156,64803700,0.0,0.0,0.0
2021-03-25,300.4740363467963,303.3045948439506,297.97308794522104,301.7923583984375,78729000,0.0,0.0,0.0
2021-03-26,301.5791269506835,306.639213366882,300.1832685852541,306.3193359375,63519600,0.0,0.0,0.0
2021-03-29,305.78615611278667,307.2789566937248,302.8974381878525,306.2320556640625,54608000,0.0,0.0,0.0
2021-03-30,304.2739455970751,305.2626870898659,301.9959322932917,304.6907653808594,44635700,0.0,0.0,0.0
2021-03-31,306.47437891354315,310.914056684004,306.1350953167934,309.3533935546875,55032500,0.0,0.0,0.0
2021-04-01,313.17272268188594,314.7624657213904,312.9206783435734,314.62677001953125,55685600,0.0,0.0,0.0
2021-04-05,317.10827954372763,321.6739790047738,316.8659383683459,320.9081726074219,42172500,0.0,0.0,0.0
2021-04-06,320.598063443454,322.633706063615,319.90979306618453,320.685302734375,33537200,0.0,0.0,0.0
2021-04-07,320.2103263009626,322.2944847097281,319.27974418740246,321.4608154296875,32046400,0.0,0.0,0.0
2021-04-08,324.3107297028285,324.99897052229124,323.51584335771946,324.8147888183594,29940800,0.0,0.0,0.0
2021-04-09,323.45764800289913,326.9861501688162,322.72095085143667,326.7825622558594,36664900,0.0,0.0,0.0
2021-04-12,325.74540496949743,326.7729294463772,324.4755392559447,326.3561096191406,25833000,0.0,0.0,0.0
2021-04-13,327.8779028481073,330.6308950141686,327.66464143328113,330.1656188964844,30374000,0.0,0.0,0.0
2021-04-14,330.4080597555586,330.5340819363409,325.38675625282934,326.2010192871094,42564300,0.0,0.0,0.0
2021-04-15,329.070319272412,331.5325145174306,325.9198831991519,331.1447448730469,36342800,0.0,0.0,0.0
2021-04-16,331.6682274547277,331.7457932207016,329.6616348132277,331.53253173828125,40860100,0.0,0.0,0.0
2021-04-19,329.9621636897054,331.11568081364885,326.5790597528117,328.4984130859375,34533100,0.0,0.0,0.0
2021-04-20,327.8392057974429,329.11874492322863,324.13622495146456,326.1040344238281,38081800,0.0,0.0,0.0
2021-04-21,324.82446872643175,329.0799946790539,323.7387848119833,328.89581298828125,36598100,0.0,0.0,0.0
2021-04-22,328.5080497708654,329.4870880981797,323.7775448352505,324.9310913085937,45936100,0.0,0.0,0.0
2021-04-23,325.56112016953176,330.3303776307084,325.56112016953176,329.0217590332031,36381900,0.0,0.0,0.0
2021-04-26,329.2642373680509,331.4453087160983,328.5178073515859,331.1641845703125,30812000,0.0,0.0,0.0
2021-04-27,331.4548686375867,331.6681300573809,328.77944215058864,329.7294006347656,33187200,0.0,0.0,0.0
2021-04-28,329.3998376321553,330.40798526846567,327.9651671336623,328.6146545410156,33615700,0.0,0.0,0.0
2021-04-29,331.8813999947828,332.29821973150337,326.57897370453867,329.7972717285156,37708900,0.0,0.0,0.0
2021-04-30,327.3546170810214,329.8361894536278,326.72450607875027,327.6357116699219,38263400,0.0,0.0,0.0
2021-05-03,328.83756269140065,329.5839627808822,325.4447866039504,325.89068603515625,29729700,0.0,0.0,0.0
2021-05-04,323.3413342392819,323.6612412033449,316.21649673606737,320.026123046875,65147000,0.0,0.0,0.0
2021-05-05,322.0714596460376,322.93420853069864,318.17462374116377,318.9501037597656,46219300,0.0,0.0,0.0
2021-05-06,318.6884636389985,321.50931948738054,316.44923273776175,321.3542175292969,46814300,0.0,0.0,0.0
2021-05-07,324.1265674744462,326.33671847175805,321.52867639706886,323.9617919921875,53324500,0.0,0.0,0.0
2021-05-10,322.5852033976276,322.7596819544518,315.5766855385403,315.7802734375,60700500,0.0,0.0,0.0
2021-05-11,309.90596293439626,316.138971992146,309.2467723353691,315.3440856933594,71963600,0.0,0.0,0.0
2021-05-12,310.4196815194903,312.73644786644485,306.3192580171597,307.1820068359375,91164900,0.0,0.0,0.0
2021-05-13,310.11916336738483,312.5231688558065,307.1916630827052,309.5569152832031,69877800,0.0,0.0,0.0
2021-05-14,312.71706017328535,317.302136301244,312.21297159309785,316.3909606933594,44370000,0.0,0.0,0.0
2021-05-17,314.68494115486175,316.37162666229653,311.6023677851809,314.4716796875,39395000,0.0,0.0,0.0
2021-05-18,315.42159295348847,316.64297235548605,312.07727291580534,312.34869384765625,36528500,0.0,0.0,0.0
2021-05-19,306.9591010662555,313.0079287390102,306.61011430985127,312.7074279785156,66319100,0.0,0.0,0.0
2021-05-20,314.1904954170739,319.60924077447305,313.967560459338,318.7561950683594,46466100,0.0,0.0,0.0
2021-05-21,320.3071847296511,320.7240044690414,316.63331365549334,316.9919738769531,50330400,0.0,0.0,0.0
2021-05-24,319.2796970065807,323.4479836254808,316.8853646355601,322.3235168457031,32475800,0.0,0.0,0.0
2021-05-25,323.8356857926456,324.55300623379526,321.5964556098517,322.7693786621094,31280300,0.0,0.0,0.0
2021-05-26,323.43831818100426,324.3591971493166,322.75007733813146,323.8939208984375,25444900,0.0,0.0,0.0
2021-05-27,323.44796589913267,324.2913085420802,322.4786010989326,322.6821594238281,27931700,0.0,0.0,0.0
2021-05-28,323.8841328337644,325.2897234992017,323.38007383329324,323.699951171875,29927400,0.0,0.0,0.0
2021-06-01,325.02812161939147,325.5031306571496,321.27668323761515,322.6241149902344,31145400,0.0,0.0,0.0
2021-06-02,323.040797413231,324.09740142274245,321.53829390949085,323.2540588378906,22047900,0.0,0.0,0.0
2021-06-03,320.4235502295139,321.6934158595787,318.2231025949544,319.8904113769531,37057800,0.0,0.0,0.0
2021-06-04,321.68378984335567,325.76480832028534,321.6159271916839,325.31890869140625,38736500,0.0,0.0,0.0
2021-06-07,324.78567477026974,326.346367531055,324.09743402345566,326.2882080078125,32611900,0.0,0.0,0.0
2021-06-08,328.0330105569418,328.89575934486305,324.76625623131565,326.4432678222656,27282800,0.0,0.0,0.0
2021-06-09,327.8101459251218,328.5856260231153,326.33669232319687,326.5208740234375,21485300,0.0,0.0,0.0
2021-06-10,326.860022363763,330.02983367014593,326.4141229711198,329.9232177734375,33702100,0.0,0.0,0.0
2021-06-11,329.933056363857,330.7958054113523,329.28359838179995,330.7861022949219,21222800,0.0,0.0,0.0
2021-06-14,331.2125829407871,333.9655756321318,330.0299566115849,333.9559020996094,27827700,0.0,0.0,0.0
2021-06-15,333.6068642208596,333.9170680327256,331.05743026066455,331.7747802734375,35963800,0.0,0.0,0.0
2021-06-16,332.2400925756048,333.3063998058053,327.1121739212168,330.5631103515625,55399500,0.0,0.0,0.0
2021-06-17,329.55489267464253,335.7685234694936,329.50643627646707,334.7603759765625,59722700,0.0,0.0,0.0
2021-06-18,333.1028181318173,334.24666145193623,331.38702356897403,332.1334533691406,55414900,0.0,0.0,0.0
2021-06-21,332.32465556437614,334.51797093685457,330.11194106733024,334.1976928710937,32992600,0.0,0.0,0.0
2021-06-22,333.993841259903,337.7593439706411,333.6929919871668,337.3129272460937,28941600,0.0,0.0,0.0
2021-06-23,337.254742209473,338.62313566064245,336.643329218846,337.4779357910156,27188500,0.0,0.0,0.0
2021-06-24,339.4092323186821,341.0881598467166,338.8657606820142,339.56451416015625,32581600,0.0,0.0,0.0
2021-06-25,340.12738996069703,340.37001228841126,338.54548764528295,339.1471862792969,28682800,0.0,0.0,0.0
2021-06-28,340.42832331128767,343.4077333391517,340.3700963076218,343.2718505859375,39130300,0.0,0.0,0.0
2021-06-29,343.0971013990546,344.5431210644073,342.2624947676922,344.5140075683594,29426000,0.0,0.0,0.0
2021-06-30,344.35870982124544,344.74692923994303,343.3882205084683,343.97052001953125,32724000,0.0,0.0,0.0
2021-07-01,343.62120059607673,344.6110891554649,342.27220606826614,344.1064453125,29290000,0.0,0.0,0.0
2021-07-02,345.998873026298,348.37658392233686,345.7659650458484,348.05633544921875,32727200,0.0,0.0,0.0
2021-07-06,348.6580902412892,349.84208869405285,345.9698151941255,349.5606384277344,38842400,0.0,0.0,0.0
2021-07-07,351.75392146589843,352.0547708332808,348.34749393697075,350.2981872558594,35265200,0.0,0.0,0.0
2021-07-08,345.241882959518,349.03649999370606,343.96085948535847,348.1824645996094,50890000,0.0,0.0,0.0
2021-07-09,347.60019796286946,350.8319146011657,347.0178984052795,350.3563842773437,35184500,0.0,0.0,0.0
2021-07-12,351.7539364988123,352.180954254699,350.18171860650807,351.7248229980469,25717700,0.0,0.0,0.0
2021-07-13,351.3463178711061,354.68480417149834,350.8707874862736,351.7248229980469,39723000,0.0,0.0,0.0
2021-07-14,354.06360134594,354.7041278435109,351.5306384672121,352.3555603027344,35336400,0.0,0.0,0.0
2021-07-15,352.2682541126906,352.4720485945353,347.8816230568866,349.8808288574219,53391600,0.0,0.0,0.0
2021-07-16,350.73478306539107,351.71498661277093,346.69754453018766,347.04693603515625,47262000,0.0,0.0,0.0
2021-07-19,343.6017019715255,344.69835954632407,341.65103874777697,344.20343017578125,64404600,0.0,0.0,0.0
2021-07-20,345.13512395324045,349.6478933984783,343.3591119000733,348.2018737792969,42183700,0.0,0.0,0.0
2021-07-21,347.7748438652309,350.8901062011719,347.5516206658584,350.8901062011719,30259900,0.0,0.0,0.0
2021-07-22,351.09387519602745,353.219248961658,351.09387519602745,353.2095642089844,30252200,0.0,0.0,0.0
2021-07-23,354.52940894558446,357.61555750798505,353.1804443520867,357.3341369628906,31960800,0.0,0.0,0.0
2021-07-26,356.6450808297212,358.0037894573996,355.78136080816336,357.6155700683594,28438100,0.0,0.0,0.0
2021-07-27,357.35360868187286,357.35360868187286,349.53146647345926,353.6754455566406,57933100,0.0,0.0,0.0
2021-07-28,354.8108335535045,356.6062443760131,352.5204637948886,355.0340270996094,42066200,0.0,0.0,0.0
2021-07-29,354.4712653627747,356.8295475766185,354.4712653627747,355.6649780273437,25672500,0.0,0.0,0.0
2021-07-30,351.74422343659126,354.3936704840777,351.7151099357173,353.8113708496094,36484600,0.0,0.0,0.0
2021-08-02,355.47080792870975,356.0531074129559,353.13192523859226,353.84039306640625,27334100,0.0,0.0,0.0
2021-08-03,354.50032105152934,356.1016224312695,351.317117415428,355.98516845703125,35558500,0.0,0.0,0.0
2021-08-04,355.9463562174324,357.4506324293252,354.8400137966244,356.4995422363281,29602200,0.0,0.0,0.0
2021-08-05,357.3147235885684,358.9936806467521,356.6062853936496,358.7607727050781,21443900,0.0,0.0,0.0
2021-08-06,357.4991928815327,358.46968232861104,356.0822865815548,357.1886291503906,33332100,0.0,0.0,0.0
2021-08-09,357.6447476764634,358.3726147359281,356.5481195184718,357.8485717773437,25960200,0.0,0.0,0.0
2021-08-10,358.36287930445565,358.65401424027687,354.8302841259189,356.0142822265625,35130800,0.0,0.0,0.0
2021-08-11,357.27602135917334,357.7709508682405,354.0733882155567,355.4029541015625,34249800,0.0,0.0,0.0
2021-08-12,354.89823269441365,357.04300574382904,353.5492383580731,356.6839294433594,25969200,0.0,0.0,0.0
2021-08-13,357.0333345975948,358.26584538723085,356.53837556079554,357.9358825683594,19336200,0.0,0.0,0.0
2021-08-16,356.819939016965,358.1300763375417,352.9670939609811,358.0912780761719,34856900,0.0,0.0,0.0
2021-08-17,355.3446922389644,356.31518165085123,352.5108797417673,354.9371032714844,44793900,0.0,0.0,0.0
2021-08-18,354.4032895790549,355.80079659606537,351.19097223749185,351.5209350585937,38541900,0.0,0.0,0.0
2021-08-19,349.5896483819814,354.8885115391661,349.3373116926452,353.2192687988281,48499400,0.0,0.0,0.0
2021-08-20,354.28680192087853,357.2759253852955,353.9762382539555,356.8780212402344,39486000,0.0,0.0,0.0
2021-08-23,357.9164386915184,362.9047678636542,357.9067539381562,362.2157287597656,34034700,0.0,0.0,0.0
2021-08-24,362.8077548382346,363.9238117282097,362.341909262712,363.3221130371094,21732900,0.0,0.0,0.0
2021-08-25,363.5744132863753,364.31199463604713,362.82711756621313,363.7393798828125,20441900,0.0,0.0,0.0
2021-08-26,362.8853297273357,363.5646543878473,360.9928639664528,361.4295959472656,29133300,0.0,0.0,0.0
2021-08-27,362.0604556103134,365.4474538399385,361.5752109531415,364.94281005859375,27104700,0.0,0.0,0.0
2021-08-30,365.7288969907494,369.523513690796,365.7094682499672,369.0382690429688,27295700,0.0,0.0,0.0
2021-08-31,369.2808984043775,369.3488101474605,367.19432268536974,368.7374267578125,29628200,0.0,0.0,0.0
2021-09-01,369.79526233368057,371.4159629281201,369.1450214515688,369.3488159179688,28138300,0.0,0.0,0.0
2021-09-02,370.6978392926152,371.0278021363482,367.96105206184734,369.1741638183594,25453400,0.0,0.0,0.0
2021-09-03,368.0289754335288,370.7075355383751,368.00957630848825,370.30963134765625,24605400,0.0,0.0,0.0
2021-09-07,370.4164063611562,371.4839506801106,369.26152154569473,370.8337097167969,23970200,0.0,0.0,0.0
2021-09-08,370.6589338563036,370.6589338563036,367.28165038780526,369.5428771972656,32949200,0.0,0.0,0.0
2021-09-09,369.76616838421006,370.8725108772747,368.0289841001596,368.2716064453125,29399000,0.0,0.0,0.0
2021-09-10,369.9796779687276,370.69783063437353,365.146630181552,365.4765930175781,40249400,0.0,0.0,0.0
2021-09-13,367.8057176495254,368.2327352961627,363.17649451023095,365.2242126464844,48741800,0.0,0.0,0.0
2021-09-14,366.7091621882257,367.4370293408836,363.2348226776815,364.1859130859375,41826600,0.0,0.0,0.0
2021-09-15,364.6420111582431,367.2429157722262,362.3516406588792,366.8935241699219,34097900,0.0,0.0,0.0
2021-09-16,365.5638498827343,367.718337003804,363.6423002997389,367.145751953125,35193100,0.0,0.0,0.0
2021-09-17,366.6702766200241,366.71878923852006,361.7596031021072,362.7980041503906,60912300,0.0,0.0,0.0
2021-09-20,357.01138745369525,358.7504976943666,350.6670670420057,355.30145263671875,76203200,0.0,0.0,0.0
2021-09-21,357.12794816062376,358.3229841141822,354.61159767451653,355.7386169433594,41927500,0.0,0.0,0.0
2021-09-22,356.6518177684062,360.5186574185545,355.55394449601306,359.0613098144531,46972900,0.0,0.0,0.0
2021-09-23,360.21748343799146,363.4042157576527,359.5762469185103,362.3743591308594,44652000,0.0,0.0,0.0
2021-09-24,360.1107198265108,363.1323037243939,359.74152022003403,362.7145080566406,36056800,0.0,0.0,0.0
2021-09-27,359.6734850025232,360.6936167049933,357.2737175316514,359.8192138671875,43338100,0.0,0.0,0.0
2021-09-28,355.2723346876487,359.77065760688873,349.13203421217105,349.6372375488281,97701600,0.0,0.0,0.0
2021-09-29,350.9002374139958,353.0376631925343,348.44217849629433,349.06396484375,58076600,0.0,0.0,0.0
2021-09-30,350.70585352936934,352.36722153987733,346.9459013556764,347.78143310546875,61384600,0.0,0.0,0.0
2021-10-01,348.40332487128245,350.97796700376824,344.3033180915017,349.9383850097656,56375500,0.0,0.0,0.0
2021-10-04,348.3255826438038,348.6559112896858,340.3587649288273,342.5933532714844,76766000,0.0,0.0,0.0
2021-10-05,343.6523598204089,349.4623310874055,343.428918773484,347.218017578125,47232900,0.0,0.0,0.0
2021-10-06,344.01182553733474,349.71493870708895,343.10827693175275,349.4429016113281,56806500,0.0,0.0,0.0
2021-10-07,352.48383820617084,355.2916758302852,351.9494892129102,352.6490173339844,39411200,0.0,0.0,0.0
2021-10-08,353.72751833333194,353.9607141915723,350.3561852041232,350.8905639648437,41822300,0.0,0.0,0.0
2021-10-11,349.3554457591394,352.8725371338533,348.11184333183206,348.1993103027344,34847200,0.0,0.0,0.0
2021-10-12,349.6469428519261,350.0841294694706,346.3436265923632,346.98486328125,43905100,0.0,0.0,0.0
2021-10-13,349.2874922387302,350.433932313799,347.26661956929087,349.7635498046875,40120800,0.0,0.0,0.0
2021-10-14,353.3485822512437,356.4187321217917,352.68792497082467,356.2049865722656,43433900,0.0,0.0,0.0
2021-10-15,357.4194230091557,358.56586286925926,356.3895662331551,358.44927978515625,40419900,0.0,0.0,0.0
2021-10-18,357.1570448750658,362.2674869706688,356.55467923562355,362.0537414550781,34513500,0.0,0.0,0.0
2021-10-19,363.1224858069732,364.8421455006068,362.1023542285122,364.7935791015625,29091000,0.0,0.0,0.0
2021-10-20,365.2502603015872,365.8623511829623,362.8407676899348,364.3175659179688,31390300,0.0,0.0,0.0
2021-10-21,363.5208656700808,366.7367443478896,363.2196828077956,366.54241943359375,25469300,0.0,0.0,0.0
2021-10-22,365.2891329611562,366.2509731223025,361.8012170845607,363.4625854492188,36275800,0.0,0.0,0.0
2021-10-25,364.8811104953325,368.09698969643966,362.9379796354576,367.1837158203125,32597800,0.0,0.0,0.0
2021-10-26,369.418266078988,371.8277289256972,367.16422758060594,368.3398132324219,47191300,0.0,0.0,0.0
2021-10-27,368.7867842193816,372.2552798390462,368.5244722333737,369.1948547363281,45760500,0.0,0.0,0.0
2021-10-28,371.0893270341014,373.5473857182244,370.3217822509706,373.2947692871094,38007000,0.0,0.0,0.0
2021-10-29,370.2245896167295,375.29616055599206,369.8748404173799,375.1309814453125,37310100,0.0,0.0,0.0
2021-11-01,375.5682561701875,376.539821408552,373.48912197799297,376.41351318359375,30765300,0.0,0.0,0.0
2021-11-02,375.8014354130221,378.46354442062784,375.7528690093416,377.9874572753906,25135300,0.0,0.0,0.0
2021-11-03,378.4732740352497,382.41782702389656,377.4337216341692,382.00006103515625,33748900,0.0,0.0,0.0
2021-11-04,383.26305361105216,387.8488425750392,382.7189794670043,386.8966979980469,40265300,0.0,0.0,0.0
2021-11-05,388.6649559362815,389.58792509832745,385.8668433801248,387.2658996582031,43383800,0.0,0.0,0.0
2021-11-08,387.2367491954232,388.2568807963275,386.1000048645777,386.7412414550781,29256300,0.0,0.0,0.0
2021-11-09,387.8100618557231,388.2084072412951,382.71906847393984,384.0792541503906,50490700,0.0,0.0,0.0
2021-11-10,381.3102735227191,384.118082109329,376.5107380772666,378.4344482421875,54937400,0.0,0.0,0.0
2021-11-11,381.4073829933105,381.5822576249606,379.143619323171,379.4836730957031,32243000,0.0,0.0,0.0
2021-11-12,380.63018886710097,384.0112473354142,379.0368369336371,383.4768981933594,34730600,0.0,0.0,0.0
2021-11-15,384.6523958574728,384.9729993391952,380.9507346830435,383.3893432617188,33716900,0.0,0.0,0.0
2021-11-16,382.660706980244,386.6149849927974,382.46641170396464,386.1195068359375,27872900,0.0,0.0,0.0
2021-11-17,386.44009993829405,388.35408477451546,385.3616766820078,386.3235168457031,28703300,0.0,0.0,0.0
2021-11-18,388.3638037699968,390.8315582569752,386.1486360963617,390.3263549804688,45721500,0.0,0.0,0.0
2021-11-19,391.9586417852613,393.775464430044,391.13280522404426,392.5027160644531,45191700,0.0,0.0,0.0
2021-11-22,394.0377168454007,397.0884162450373,387.8391259434944,387.9459838867188,61715400,0.0,0.0,0.0
2021-11-23,386.7898260920888,388.8495693207287,381.7474297400668,386.1777648925781,70098700,0.0,0.0,0.0
2021-11-24,383.70024480865015,387.70308876680224,381.3782193532364,387.4213562011719,46954400,0.0,0.0,0.0
2021-11-26,384.8467453841256,386.2361064003588,378.6870244818136,380.0763854980469,51533300,0.0,0.0,0.0
2021-11-29,384.6330449857297,389.3354180193508,383.904370927114,388.3249816894531,54447100,0.0,0.0,0.0
2021-11-30,387.4408432168267,389.782319353698,380.6107397432283,382.6218872070313,81332700,0.0,0.0,0.0
2021-12-01,386.9550069636954,389.09246237572006,375.6460028605043,376.1123352050781,77766500,0.0,0.0,0.0
2021-12-02,374.8299099712103,380.6010106731001,373.41143282506965,378.8230590820313,84416600,0.0,0.0,0.0
2021-12-03,380.18323734532777,381.1839484767018,368.1261077111133,372.23583984375,105349100,0.0,0.0,0.0
2021-12-06,372.7216064023511,376.57872188749616,368.5147119860262,375.2185363769531,67588800,0.0,0.0,0.0
2021-12-07,381.8543205406165,387.1299131676193,381.8154496254589,386.517822265625,56005300,0.0,0.0,0.0
2021-12-08,386.8481352315529,388.451211908532,384.9535711997848,388.2471618652344,39204000,0.0,0.0,0.0
2021-12-09,387.0230508591578,388.8204526297621,382.3400989043438,382.534423828125,49973700,0.0,0.0,0.0
2021-12-10,385.3422284930987,386.9550304656138,382.17491609468055,386.6927185058594,52545800,0.0,0.0,0.0
2021-12-13,386.6830072813978,387.0036107993027,380.737032114409,381.1062316894531,50166400,0.0,0.0,0.0
2021-12-14,376.28721914398113,378.99789456315466,372.7215911886639,377.1616516113281,75199200,0.0,0.0,0.0
2021-12-15,376.9090040378662,386.1194527583862,372.9644517190141,385.7599487304688,73858000,0.0,0.0,0.0
2021-12-16,386.7218128813682,387.1493039329208,374.2566150073627,375.84027099609375,82591400,0.0,0.0,0.0
2021-12-17,372.4301201552073,378.1235083343343,370.91448063171447,373.9652099609375,80492500,0.0,0.0,0.0
2021-12-20,369.2481385657117,371.12564782415257,367.2052391539112,370.3376770019531,65336800,0.0,0.0,0.0
2021-12-21,373.6062015583831,378.9371901124146,369.8609215154893,378.6258850097656,48899500,0.0,0.0,0.0
2021-12-22,378.3340481411925,383.4412804932483,377.67254707587614,383.2369995117188,37042200,0.0,0.0,0.0
2021-12-23,383.58724190976255,387.59519903351975,383.42188146726215,386.1262817382813,29595500,0.0,0.0,0.0
2021-12-27,387.4200560757079,392.5078430175781,387.39087307820034,392.5078430175781,32820700,0.0,0.0,0.0
2021-12-28,393.4028585705192,393.5779565780435,389.8132009778117,390.688720703125,33113700,0.0,0.0,0.0
2021-12-29,390.8249137026248,392.089549961496,388.2566909343629,390.6303405761719,32248500,0.0,0.0,0.0
2021-12-30,390.4163132880544,392.59541944240806,388.8792924991095,389.4629821777344,23850100,0.0,0.0,0.0
2021-12-31,388.7917216357938,390.1536443508672,386.53480417213575,387.0309448242188,34752900,0.0,0.0,0.0
2022-01-03,388.19825960966415,391.00968346905273,386.08728701256086,390.7567443847656,40575900,0.0,0.0,0.0
2022-01-04,391.3015267055708,391.3404472631714,382.5949296886275,385.6884460449219,58027200,0.0,0.0,0.0
2022-01-05,384.0054978200209,385.124248665014,373.5867520579978,373.8396911621094,75739800,0.0,0.0,0.0
2022-01-06,372.020529806364,376.81645685721696,369.7927954770154,373.5769958496094,70814300,0.0,0.0,0.0
2022-01-07,373.58679716364645,375.2697627275208,367.75969700528685,369.5301818847656,72652300,0.0,0.0,0.0
2022-01-10,364.6272526796805,370.288992287326,359.267080640251,369.77337646484375,91770500,0.0,0.0,0.0
2022-01-11,369.043745067452,375.4934549109958,366.9619552410807,375.3280944824219,68295700,0.0,0.0,0.0
2022-01-12,377.8963290691743,379.5890322281386,374.54016512828366,376.8165283203125,54576400,0.0,0.0,0.0
2022-01-13,378.19775225422393,378.87872828306143,366.4560071940836,367.389892578125,77994000,0.0,0.0,0.0
2022-01-14,364.8704215155353,370.0068369648737,364.66611084234313,369.6760864257813,80121200,0.0,0.0,0.0
2022-01-18,363.8684414821431,365.9891518854628,359.71453998380207,360.4733276367188,75450900,0.0,0.0,0.0
2022-01-19,362.0298017987283,364.5007377255495,356.25133090845486,356.5140075683594,81791500,0.0,0.0,0.0
2022-01-20,359.734037581992,363.70307408651166,351.3484523152494,351.88348388671875,88610700,0.0,0.0,0.0
2022-01-21,349.6947142663929,352.33101127123274,341.84415957257374,342.12628173828125,143388900,0.0,0.0,0.0
2022-01-24,336.5033910595923,344.35394409860754,325.0631808224456,343.6924133300781,198685800,0.0,0.0,0.0
2022-01-25,337.242794445792,341.484215932367,332.3884705136704,335.7251892089844,124398400,0.0,0.0,0.0
2022-01-26,343.3129664838912,347.1750074628406,331.5128250411181,335.19976806640625,146559500,0.0,0.0,0.0
2022-01-27,339.89853003289744,341.7176731428113,330.8027847956347,331.8242492675781,95255700,0.0,0.0,0.0
2022-01-28,333.7017154948516,342.4472338873204,328.7598729741147,342.23321533203125,108167900,0.0,0.0,0.0
2022-01-31,343.5951593572345,353.7609662648605,341.960822389806,353.1772766113281,94326400,0.0,0.0,0.0
2022-02-01,354.51978388230384,356.23193242737494,349.37366005965646,355.58013916015625,74433000,0.0,0.0,0.0
2022-02-02,359.704843271225,360.0355938288942,354.3835919735696,358.4693603515625,78777100,0.0,0.0,0.0
2022-02-03,348.78022424897017,352.0877595673493,342.87528317586026,343.9356384277344,95384800,0.0,0.0,0.0
2022-02-04,344.4512021440884,351.5721505685939,342.3985953365478,348.2743530273437,86318300,0.0,0.0,0.0
2022-02-07,348.8677710648343,351.23168311671714,344.2177583981368,345.4726867675781,58198100,0.0,0.0,0.0
2022-02-08,344.3344428792072,350.44366407130263,343.2059842274588,349.3541259765625,64720900,0.0,0.0,0.0
2022-02-09,353.8679667596408,356.8350135761256,352.2725504590075,356.7572021484375,55766400,0.0,0.0,0.0
2022-02-10,349.7433081789407,356.5237692365518,346.8443644225489,348.6829528808594,112468500,0.0,0.0,0.0
2022-02-11,348.68287051394003,350.27828670953545,336.39632517138085,337.6220703125,101569100,0.0,0.0,0.0
2022-02-14,337.0676295367606,341.43554980599544,334.53835702585025,338.0404357910156,80254400,0.0,0.0,0.0
2022-02-15,343.31299780023323,346.6788985298237,342.2526427338725,346.4454345703125,55128800,0.0,0.0,0.0
2022-02-16,344.1982793145098,347.379344739258,341.1728367486853,346.35791015625,58947100,0.0,0.0,0.0
2022-02-17,343.1476750723119,343.8480967760415,335.6376094608696,336.0559387207031,61801400,0.0,0.0,0.0
2022-02-18,336.98979739395264,337.3789139342087,329.9175070476172,332.2230529785156,80001500,0.0,0.0,0.0
2022-02-22,329.2850844804195,334.6841754461255,325.2576831875964,328.88623046875,85967100,0.0,0.0,0.0
2022-02-23,332.0382416486685,332.8748407868643,320.15054789735365,320.4618530273437,86215400,0.0,0.0,0.0
2022-02-24,310.1694684544113,331.7657740152705,309.60525402430045,331.230712890625,130614100,0.0,0.0,0.0
2022-02-25,332.0285404288966,336.57155924840185,328.2151560760343,336.36724853515625,78842100,0.0,0.0,0.0
2022-02-28,333.1958841481367,339.0619047530669,332.0382423149123,337.36920166015625,77515500,0.0,0.0,0.0
2022-03-01,336.3476849169218,338.6143099045402,329.6839576730049,332.2035217285156,67407000,0.0,0.0,0.0
2022-03-02,333.750339065548,339.11051074418504,330.9875730115268,337.7777709960937,70609000,0.0,0.0,0.0
2022-03-03,340.4140119353788,340.521036037841,331.09454309415395,332.9526062011719,71089400,0.0,0.0,0.0
2022-03-04,330.5985306165319,332.028557243197,325.81233964936007,328.1275939941406,76936300,0.0,0.0,0.0
2022-03-07,328.1178218819508,329.2754636715576,315.8215368751897,316.0258178710937,89933800,0.0,0.0,0.0
2022-03-08,315.2378312801485,324.14873946634606,311.23961212376486,314.556884765625,116153900,0.0,0.0,0.0
2022-03-09,322.7284579772235,327.2325554489857,320.1407899136627,325.8803405761719,64723400,0.0,0.0,0.0
2022-03-10,321.82376014149736,323.4678050248186,317.8255111481958,322.2615051269531,69362700,0.0,0.0,0.0
2022-03-11,325.2285581449521,325.5398632369939,315.0919050320362,315.57830810546875,66228400,0.0,0.0,0.0
2022-03-14,314.3428716623377,317.70877279649835,308.81733958006123,309.51776123046875,79802600,0.0,0.0,0.0
2022-03-15,312.1539988012637,320.0045504663024,310.54887481426624,319.2262878417969,76471000,0.0,0.0,0.0
2022-03-16,323.13709448475873,331.1821922156537,319.4695955889141,331.0654602050781,105243000,0.0,0.0,0.0
2022-03-17,329.16848355779564,335.131791299602,327.87466416050165,335.07342529296875,67810000,0.0,0.0,0.0
2022-03-18,333.4196161605784,342.2235308402903,332.2619743080111,341.9316711425781,85446300,0.0,0.0,0.0
2022-03-21,341.09789357328924,343.3186324478158,336.5979479498107,340.9809875488281,73799100,0.0,0.0,0.0
2022-03-22,341.4778182836281,348.54913327087644,341.09797022303843,347.6822509765625,63345900,0.0,0.0,0.0
2022-03-23,344.80887821456724,348.3640045280012,342.6270782050995,342.6855163574219,70615500,0.0,0.0,0.0
2022-03-24,344.60428887839834,350.35096436659234,342.4517378323813,350.30224609375,53555300,0.0,0.0,0.0
2022-03-25,350.2437928647377,351.29573893041794,345.7146582511813,350.0100402832031,57584200,0.0,0.0,0.0
2022-03-28,350.0003012291695,355.52294392941155,348.76332081543086,355.425537109375,56833900,0.0,0.0,0.0
2022-03-29,359.3118697413128,362.16570862470064,356.5456880901624,361.5423583984375,68073000,0.0,0.0,0.0
2022-03-30,359.68200152367945,361.33782852557766,356.06843686648347,357.5489196777344,68757700,0.0,0.0,0.0
2022-03-31,357.69491865942945,358.04557722182125,352.27943307138503,353.1170959472656,67011400,0.0,0.0,0.0
2022-04-01,353.38020022216114,354.1593955264717,349.26988108447256,352.4451599121094,54527800,0.0,0.0,0.0
2022-04-04,353.28270198196543,359.7111656148351,353.0197303227817,359.701416015625,45950200,0.0,0.0,0.0
2022-04-05,358.2501595469128,358.9611966423126,350.5749657641546,351.7145690917969,62738700,0.0,0.0,0.0
2022-04-06,346.4062655140077,347.5069003465268,341.4485636915753,344.0783996582031,90077100,0.0,0.0,0.0
2022-04-07,343.08484310536005,347.0880346472585,339.62712382661994,344.8965148925781,63777400,0.0,0.0,0.0
2022-04-08,343.1627549588362,343.91273096282885,339.44203456234874,340.0751342773437,61956100,0.0,0.0,0.0
2022-04-11,335.8480363263463,336.7636071517967,331.6890286539163,332.0299377441406,66107400,0.0,0.0,0.0
2022-04-12,336.77337503281564,338.65320534532646,329.2540240583753,330.6273803710937,72790200,0.0,0.0,0.0
2022-04-13,330.96827562873204,338.3999697129645,330.24751841669115,337.3480529785156,61367800,0.0,0.0,0.0
2022-04-14,337.43560901526075,337.95183248717245,329.4195059388165,329.6337890625,73519400,0.0,0.0,0.0
2022-04-18,328.5818557755797,332.1759504193535,327.0624045126952,329.88702392578125,58560600,0.0,0.0,0.0
2022-04-19,329.2441815884501,337.8349460281546,328.221484275128,337.2602844238281,56515700,0.0,0.0,0.0
2022-04-20,338.06872955151954,338.526514901853,331.1240416669341,332.341552734375,65500000,0.0,0.0,0.0
2022-04-21,336.21812360109845,338.8284602340918,324.53976678286665,325.4650573730469,75801000,0.0,0.0,0.0
2022-04-22,325.6208967999029,326.83840786440084,316.5139080925797,316.9424743652344,82562100,0.0,0.0,0.0
2022-04-25,315.31589645643817,321.32551442948113,314.0496671138111,321.0138244628906,101755900,0.0,0.0,0.0
2022-04-26,318.95874781764684,319.14381191685385,308.6244962424448,308.8972473144531,105819600,0.0,0.0,0.0
2022-04-27,308.99454377699504,314.48796770473507,306.8127735656662,308.52703857421875,111204200,0.0,0.0,0.0
2022-04-28,313.4848115156932,321.31585242137135,309.2673357800152,319.4847106933594,99450000,0.0,0.0,0.0
2022-04-29,315.28668087637624,318.7249309741561,304.4751765510485,305.1082763671875,91977900,0.0,0.0,0.0
2022-05-02,304.69915807506743,310.43608414182137,301.6018172427122,310.20233154296875,115511800,0.0,0.0,0.0
2022-05-03,310.2218488222658,312.8224657828059,307.76735698291543,310.5335388183594,78185500,0.0,0.0,0.0
2022-05-04,311.0107657344764,321.7053936845587,305.73165437547124,321.0333251953125,116083400,0.0,0.0,0.0
2022-05-05,316.71847764967674,316.79638528062134,301.57262187157147,304.8647766113281,154607400,0.0,0.0,0.0
2022-05-06,302.86807676149334,306.9004581164156,297.1798386765447,301.2122497558594,139572800,0.0,0.0,0.0
2022-05-09,295.59228237018976,301.30971083789035,288.03396249804706,289.4267883300781,113387300,0.0,0.0,0.0
2022-05-10,296.59540378071733,297.8129146763731,288.86177219356085,292.94287109375,124124600,0.0,0.0,0.0
2022-05-11,290.6832255838595,296.18637005820534,283.38790825672874,284.2547607421875,140326100,0.0,0.0,0.0
2022-05-12,279.978887320911,288.0631497956638,277.53411532056,283.58270263671875,120910900,0.0,0.0,0.0
2022-05-13,288.0339777666288,295.12476296168273,286.43658854427304,294.0923156738281,83684900,0.0,0.0,0.0
2022-05-16,292.3486824097488,294.4038560620916,289.4071870674454,290.6831359863281,59190400,0.0,0.0,0.0
2022-05-17,296.5369839883556,298.5921282397096,292.73832597930084,298.2122802734375,62715300,0.0,0.0,0.0
2022-05-18,293.70262261227504,294.3941605391823,282.3164573337348,283.57293701171875,79477100,0.0,0.0,0.0
2022-05-19,281.77099514782947,286.73844563903594,280.10541881014825,282.0534362792969,79920700,0.0,0.0,0.0
2022-05-20,285.51123134311183,286.1638006552641,272.9270233764225,281.1768798828125,91764200,0.0,0.0,0.0
2022-05-23,282.2191386999333,286.2320514641114,279.82308461999776,285.8522033691406,63648400,0.0,0.0,0.0
2022-05-24,280.6411741346291,281.3521815700702,274.913997352395,279.7742919921875,73491100,0.0,0.0,0.0
2022-05-25,278.28408246900483,285.76449362585697,278.07954891697494,283.6898498535156,67144500,0.0,0.0,0.0
2022-05-26,282.8911554322837,293.09877969872235,282.6086845203276,291.5500793457031,59462200,0.0,0.0,0.0
2022-05-27,294.6766062536952,301.2121964372333,294.5597299632836,301.06610107421875,66985600,0.0,0.0,0.0
2022-05-31,301.03690079620924,303.23814042662764,296.42007896599904,300.2674255371094,60968300,0.0,0.0,0.0
2022-06-01,302.4004814429057,304.52381326918936,295.8356723348379,298.0466613769531,65341700,0.0,0.0,0.0
2022-06-02,296.92661969357243,306.3842378083341,295.514294896039,306.2089233398437,59291300,0.0,0.0,0.0
2022-06-03,300.997978827493,302.4005540664085,296.9948163878671,298.2415466308594,60914700,0.0,0.0,0.0
2022-06-06,302.67326610201565,304.23168628909286,297.67659568206346,299.2350158691406,51785000,0.0,0.0,0.0
2022-06-07,295.9136400649913,302.59535654257195,294.8227548582987,301.8161315917969,44900300,0.0,0.0,0.0
2022-06-08,301.0173997001384,303.6180162053216,298.7966608845032,299.6440734863281,38342100,0.0,0.0,0.0
2022-06-09,297.95909417977526,301.0174669566365,291.4527212499062,291.6182861328125,55900500,0.0,0.0,0.0
2022-06-10,286.01768266023385,287.20597460384334,280.8846669045221,281.33270263671875,85963500,0.0,0.0,0.0
2022-06-13,272.47890269246346,275.00158137030417,267.39457667040625,268.251708984375,94442000,0.0,0.0,0.0
2022-06-14,270.44319278486654,271.4172012456385,266.23546910048066,268.7386779785156,64697500,0.0,0.0,0.0
2022-06-15,272.1575818938242,279.37496173778936,269.4205895185,275.44970703125,86051400,0.0,0.0,0.0
2022-06-16,268.4271234740811,268.8849088704275,262.28112936584387,264.3363037109375,81910300,0.0,0.0,0.0
2022-06-17,265.1057045070877,269.9854980416754,263.47912647848466,267.55047607421875,82703400,0.0,0.0,0.0
2022-06-21,272.0268389507156,276.61349173532,271.9195063318225,274.3006286621094,51633700,0.0,0.0,0.0
2022-06-22,271.8023751623008,278.3017464295533,271.2071020260493,273.9005432128906,67472900,0.0,0.0,0.0
2022-06-23,276.37927703453715,278.8287481171388,273.54922781064863,277.979736328125,57457800,0.0,0.0,0.0
2022-06-24,280.800004903636,287.92395446562955,280.5658029808013,287.5043029785156,58422300,0.0,0.0,0.0
2022-06-27,288.8608509108106,289.42684893372103,284.2644585476467,285.396484375,54151500,0.0,0.0,0.0
2022-06-28,285.9331824998259,288.5192616412146,276.5159351758475,276.70135498046875,61609800,0.0,0.0,0.0
2022-06-29,276.5646401698879,278.4578514920173,274.0663874568449,276.9549865722656,57302700,0.0,0.0,0.0
2022-06-30,273.9786543814577,277.09171787698773,269.1285234937554,273.5199890136719,79313600,0.0,0.0,0.0
2022-07-01,272.2219927081578,275.71563327429374,270.3482882505421,275.3252868652344,56675100,0.0,0.0,0.0
2022-07-05,271.59754200839905,280.1560109115957,270.07516945200547,280.0389099121094,61829300,0.0,0.0,0.0
2022-07-06,280.419402086532,283.93257952732887,278.7018420529149,281.8344116210937,63194700,0.0,0.0,0.0
2022-07-07,282.6444776054049,288.56808365550654,282.6444776054049,287.8654479980469,56620100,0.0,0.0,0.0
2022-07-08,285.0353510679023,289.5927291083753,284.0985135096991,288.2265014648437,59895500,0.0,0.0,0.0
2022-07-11,285.8160750990645,286.0405087026964,281.1904079923632,282.0686950683594,55273900,0.0,0.0,0.0
2022-07-12,283.3178548991353,285.230573832258,277.7455514549801,279.33624267578125,55797100,0.0,0.0,0.0
2022-07-13,273.8323092060632,281.1026073001169,273.2662813527627,278.760498046875,73939400,0.0,0.0,0.0
2022-07-14,276.1646845250002,280.62446993975834,273.05162028857507,279.7559509277344,63741800,0.0,0.0,0.0
2022-07-15,282.74204373662945,284.9377762264799,281.13181608551673,284.8304138183594,63818100,0.0,0.0,0.0
2022-07-18,287.61173963979365,289.0170111026838,281.2490042472601,282.4200439453125,59519600,0.0,0.0,0.0
2022-07-19,286.04043096791344,291.3980372604044,284.44000180816,291.1052551269531,55172600,0.0,0.0,0.0
2022-07-20,291.5249755686812,296.90206024914977,290.7442528094692,295.72125244140625,67769400,0.0,0.0,0.0
2022-07-21,296.1798855228456,300.024859071628,293.5254879934556,299.96630859375,55049400,0.0,0.0,0.0
2022-07-22,299.0391819603703,301.10804473737164,292.88137576256025,294.7062683105469,57127700,0.0,0.0,0.0
2022-07-25,294.7356547965479,295.20408853441734,291.02731782839834,293.0278625488281,40582400,0.0,0.0,0.0
2022-07-26,291.32977998348684,291.58351859643307,286.4601428848884,287.2701110839844,50074100,0.0,0.0,0.0
2022-07-27,291.82750935090854,301.09838033677926,291.2614816025357,299.4100952148437,69304400,0.0,0.0,0.0
2022-07-28,299.19542972933493,302.9135349200694,295.44804929227706,302.3377685546875,55139900,0.0,0.0,0.0
2022-07-29,303.8796270258373,308.7590324776936,302.45481919119555,307.8514404296875,57501000,0.0,0.0,0.0
2022-08-01,306.0850930494122,311.120642967431,304.9921110110565,307.666015625,46358800,0.0,0.0,0.0
2022-08-02,305.37278238610025,310.8669689606227,304.318813928994,306.7487487792969,48676500,0.0,0.0,0.0
2022-08-03,308.427241307002,315.922031555984,308.3686908175321,315.102294921875,53735700,0.0,0.0,0.0
2022-08-04,315.1803332975884,316.8881252943252,313.0333828747934,316.5758361816406,38973700,0.0,0.0,0.0
2022-08-05,311.4915231177822,316.0195964067601,310.7108300691232,313.9897766113281,53894000,0.0,0.0,0.0
2022-08-08,314.907078320585,318.5959077315919,311.51100133048016,312.9748229980469,43878500,0.0,0.0,0.0
2022-08-09,311.0816145255079,311.3353531473063,307.81243659216807,309.432373046875,39764200,0.0,0.0,0.0
2022-08-10,316.76123163675936,318.36169088012,314.29225373105913,318.06890869140625,51459600,0.0,0.0,0.0
2022-08-11,320.3915377881437,322.39208223187165,315.56091418583384,316.2635498046875,45897700,0.0,0.0,0.0
2022-08-12,318.31281525766974,322.6164534712434,317.25887702118183,322.4212951660156,40928400,0.0,0.0,0.0
2022-08-15,321.4748761467833,325.5247781548618,321.45533945785496,325.0270690917969,38266600,0.0,0.0,0.0
2022-08-16,324.0510520527076,326.35414676715345,321.2210030253888,324.2657470703125,41186900,0.0,0.0,0.0
2022-08-17,321.1332886127543,323.4363543439271,318.48862866526025,320.5672607421875,47842200,0.0,0.0,0.0
2022-08-18,320.5184286363888,322.5189732145217,318.90823058794865,321.3381652832031,41937200,0.0,0.0,0.0
2022-08-19,318.3032231314796,318.95704693798035,314.31184232639384,315.0730285644531,51770600,0.0,0.0,0.0
2022-08-22,310.8181468831801,311.052348829549,305.9680163669286,306.7779846191406,51098900,0.0,0.0,0.0
2022-08-23,306.5437988949074,309.354341526184,305.7728444052722,306.5242919921875,39497100,0.0,0.0,0.0
2022-08-24,306.0460352146257,309.22741689930655,305.44099374167973,307.41229248046875,38057100,0.0,0.0,0.0
2022-08-25,309.1884674875516,312.8675591476444,308.14429710244514,312.8480224609375,38098300,0.0,0.0,0.0
2022-08-26,312.5552762870163,313.7556210638775,299.9371376315557,300.02496337890625,69047700,0.0,0.0,0.0
2022-08-29,297.2729504113789,299.81024769280765,295.96527307144606,297.0680236816406,48321900,0.0,0.0,0.0
2022-08-30,298.7172280617715,299.33203795561866,291.24197482667506,293.7597351074219,51184500,0.0,0.0,0.0
2022-08-31,296.65813213421137,297.5559559895286,291.94463879300986,292.0519714355469,50044000,0.0,0.0,0.0
2022-09-01,289.5634784705977,292.5496726386103,285.8844169711918,292.1788330078125,57990700,0.0,0.0,0.0
2022-09-02,295.04786195450646,296.42385775688933,286.44058427059224,288.0508117675781,64666800,0.0,0.0,0.0
2022-09-06,288.5290602332811,289.44639101078417,283.85458060513645,285.98199462890625,57005400,0.0,0.0,0.0
2022-09-07,286.46009841860774,292.75451258967024,286.196591505597,291.7591247558594,49260400,0.0,0.0,0.0
2022-09-08,289.6903525885628,294.5892657011136,288.32412480633064,293.2718200683594,55649800,0.0,0.0,0.0
2022-09-09,295.52602604158943,300.1809974074277,293.2717433452684,299.68328857421875,56125200,0.0,0.0,0.0
2022-09-12,301.0593663354785,303.57712686254604,300.7470771871738,303.2453308105469,45905700,0.0,0.0,0.0
2022-09-13,294.52094725160663,295.7115235594364,285.7282775028178,286.6163330078125,79562200,0.0,0.0,0.0
2022-09-14,287.7580804520168,289.7683933119644,285.9917378884854,288.8901062011719,54907200,0.0,0.0,0.0
2022-09-15,286.9774398875512,289.3780997043996,282.47861131266575,284.0790710449219,65299400,0.0,0.0,0.0
2022-09-16,280.7805336223577,282.73229597764134,278.731177193004,282.3419494628906,79920400,0.0,0.0,0.0
2022-09-19,279.70131415985463,284.69701352258903,279.6426584603543,284.54058837890625,52613800,0.0,0.0,0.0
2022-09-20,282.0378693199994,284.5601839494864,279.9750741000764,282.27252197265625,51271100,0.0,0.0,0.0
2022-09-21,283.11327668494283,287.3757802061988,277.08128628170294,277.2181396484375,82931000,0.0,0.0,0.0
2022-09-22,275.6929493903131,276.6999118063868,272.5840786107893,273.8061218261719,62757100,0.0,0.0,0.0
2022-09-23,271.34249782903754,271.6358061387427,265.93617915578574,269.34814453125,74815200,0.0,0.0,0.0
2022-09-26,268.8789462776998,273.2391899171992,267.4418216694611,268.23370361328125,71176700,0.0,0.0,0.0
2022-09-27,271.59682053864674,273.9431389480835,266.0242882105593,268.34130859375,69780100,0.0,0.0,0.0
2022-09-28,268.32165784227294,274.9598069578421,266.8454494776389,273.6791076660156,79652100,0.0,0.0,0.0
2022-09-29,269.6903038288932,270.0715956965803,262.8273187259255,265.78955078125,81216000,0.0,0.0,0.0
2022-09-30,264.9684186513129,269.0353839204615,261.1263201777009,261.2827453613281,78482400,0.0,0.0,0.0
2022-10-03,263.0522322436455,269.0060252619339,261.5466661292928,267.4124755859375,61267400,0.0,0.0,0.0
2022-10-04,272.7503114179168,276.52399709567806,272.7503114179168,275.8200988769531,66696900,0.0,0.0,0.0
2022-10-05,272.0562013477238,277.462520407493,269.2601802392383,275.6734619140625,55766300,0.0,0.0,0.0
2022-10-06,274.67631791285686,277.8243037680566,273.18053757441095,273.503173828125,53489400,0.0,0.0,0.0
2022-10-07,268.8690933592522,268.996190648069,261.75191370090846,263.0815124511719,71354700,0.0,0.0,0.0
2022-10-10,263.2770705805112,263.66814841441,257.74368321845105,260.45172119140625,60393000,0.0,0.0,0.0
2022-10-11,258.77996563092654,261.6444286795512,255.19203248058224,256.8735656738281,66522500,0.0,0.0,0.0
2022-10-12,257.50902376665675,259.4251797950677,256.0914710787955,256.7855834960937,50580200,0.0,0.0,0.0
2022-10-13,249.45330502988705,264.12761327109695,248.57342473862707,262.80780029296875,112894100,0.0,0.0,0.0
2022-10-14,265.13459059619925,265.7309335503903,254.3219512425765,254.90850830078125,77244300,0.0,0.0,0.0
2022-10-17,260.8720549473756,264.1960071537805,260.77428550467795,263.325927734375,64576500,0.0,0.0,0.0
2022-10-18,270.34536935380896,271.0101539048648,262.7295853642135,265.4083251953125,69781000,0.0,0.0,0.0
2022-10-19,263.8929870361821,267.55911798953014,262.0746004041456,264.4404602050781,53115400,0.0,0.0,0.0
2022-10-20,263.55082875225395,268.6931983717576,261.9279809158459,263.0913391113281,60605500,0.0,0.0,0.0
2022-10-21,261.9866765673945,269.7979718188774,260.8526162204176,269.2602844238281,77897700,0.0,0.0,0.0
2022-10-24,269.52410039705074,273.1511166129297,265.8872982874094,272.2223815917969,63963600,0.0,0.0,0.0
2022-10-25,273.16100158374826,278.2349296698417,271.68476317219097,277.8536376953125,59014500,0.0,0.0,0.0
2022-10-26,272.2321650011446,277.62872793281883,271.2252023988285,271.7140197753906,63492400,0.0,0.0,0.0
2022-10-27,270.59952262808065,272.056188814342,266.24903618804586,266.7671813964844,57760300,0.0,0.0,0.0
2022-10-28,266.14161205508304,275.3998175773541,265.97540096188175,274.9305419921875,62651300,0.0,0.0,0.0
2022-10-31,272.6818884119261,273.50309799405767,269.8173960162846,271.73358154296875,47742000,0.0,0.0,0.0
2022-11-01,275.2041929031402,275.7614518928756,268.595372187097,268.95709228515625,45895900,0.0,0.0,0.0
2022-11-02,268.9277993452256,271.9878014034031,259.6695955048992,259.738037109375,79803100,0.0,0.0,0.0
2022-11-03,257.1277519387326,258.5844183208103,254.282830939572,254.66409301757807,70038900,0.0,0.0,0.0
2022-11-04,259.5913715372942,260.64720401130904,253.2856150391472,258.7603759765625,78313200,0.0,0.0,0.0
2022-11-07,259.8064715479662,262.1430332516671,257.6752346520297,261.6053161621094,47333800,0.0,0.0,0.0
2022-11-08,263.1206098132449,266.7476260907658,259.58154724091315,263.5116577148437,63213800,0.0,0.0,0.0
2022-11-09,261.77151778448103,262.55361373285587,257.14729418920933,257.4308166503906,64862100,0.0,0.0,0.0
2022-11-10,269.8369304450026,276.7194564190128,267.7252361683041,276.4261779785156,99256700,0.0,0.0,0.0
2022-11-11,276.24055218615365,282.18458988685967,274.9011969662566,281.519775390625,66961800,0.0,0.0,0.0
2022-11-14,279.4667423590104,282.74182575860164,278.07851728924834,279.05615234375,55290700,0.0,0.0,0.0
2022-11-15,285.6746318321595,286.7011661843519,279.5742007553002,282.917724609375,73985400,0.0,0.0,0.0
2022-11-16,280.9625526340498,283.00580631775176,278.2349424781751,279.05615234375,48859800,0.0,0.0,0.0
2022-11-17,274.5980876597836,279.9164237510192,274.4416625000356,278.440185546875,55462100,0.0,0.0,0.0
2022-11-18,281.4512971712553,281.5490367833149,276.00586416945714,278.449951171875,53588600,0.0,0.0,0.0
2022-11-21,277.061687951734,278.2152898203425,274.7544842145169,275.5854797363281,40083500,0.0,0.0,0.0
2022-11-22,276.3187789752924,279.71114388498205,274.1875119369852,279.55474853515625,41873400,0.0,0.0,0.0
2022-11-23,279.5742690811381,282.9862055245089,279.39830194977225,282.36053466796875,46390000,0.0,0.0,0.0
2022-11-25,280.7669719250677,281.47087025300624,280.0142037856951,280.5030212402344,15498800,0.0,0.0,0.0
2022-11-28,278.52816875015134,280.5420941973852,275.45841076977536,276.3871459960937,38714200,0.0,0.0,0.0
2022-11-29,276.6120339936034,277.0128679016486,272.9263609879941,274.2950439453125,35618900,0.0,0.0,0.0
2022-11-30,274.55900161910057,286.9065360739054,273.70846396811334,286.7989807128906,74718100,0.0,0.0,0.0
2022-12-01,287.1216426006435,289.1355684335283,284.3744904741825,287.1509704589844,51547300,0.0,0.0,0.0
2022-12-02,282.0867843893096,286.88697536237026,281.9107874314308,286.007080078125,53583200,0.0,0.0,0.0
2022-12-05,283.8855883761072,285.15650163901466,279.7501825716484,281.2068786621094,41482100,0.0,0.0,0.0
2022-12-06,281.05045709162715,281.1873104465043,273.9919327917334,275.3801574707031,53937600,0.0,0.0,0.0
2022-12-07,274.19729521334705,276.2503347220623,272.54508964298054,274.2559509277344,45614300,0.0,0.0,0.0
2022-12-08,275.60503402306153,278.4694968679625,273.5324529907776,277.50164794921875,42594900,0.0,0.0,0.0
2022-12-09,276.4848847255361,279.2516078103331,275.2921691221875,275.73211669921875,47860500,0.0,0.0,0.0
2022-12-12,275.908093532643,279.2516176649539,274.87180303489004,279.19293212890625,35732500,0.0,0.0,0.0
2022-12-13,290.01541591406703,290.2402827040122,279.51562559274254,282.1943359375,80667700,0.0,0.0,0.0
2022-12-14,281.60777041561107,284.89263977012683,276.85647828887886,280.10223388671875,64984400,0.0,0.0,0.0
2022-12-15,276.0155705365251,276.68038475612667,269.5045501891516,270.697265625,60554100,0.0,0.0,0.0
2022-12-16,270.0227941935211,271.5576584419353,266.5130583502916,268.11639404296875,68300400,0.0,0.0,0.0
2022-12-19,268.3857899583165,268.473984133176,263.11351885817135,264.3482971191406,44167900,0.0,0.0,0.0
2022-12-20,263.18213065184574,265.88687170539225,261.6043849749229,264.1425170898437,51064200,0.0,0.0,0.0
2022-12-21,265.1813681287866,269.27765841529884,264.33857367332774,267.97430419921875,46394700,0.0,0.0,0.0
2022-12-22,264.9658423138324,265.09324394360254,257.20442138359005,261.4183349609375,60278400,0.0,0.0,0.0
2022-12-23,260.15405720930426,262.6726010348919,258.25290263889315,262.0061950683594,39373600,0.0,0.0,0.0
2022-12-27,261.39863634460903,261.50644919316005,257.7629358770659,258.3019104003906,38009000,0.0,0.0,0.0
2022-12-28,257.9001331477215,260.15406455243925,254.52901545801257,254.8916015625,47139000,0.0,0.0,0.0
2022-12-29,257.69428953978155,262.04538214653854,256.9985154694248,261.1046142578125,45893600,0.0,0.0,0.0
2022-12-30,258.34110733474483,261.07524704462577,257.03775322586284,260.9478454589844,37858300,0.0,0.0,0.0
2023-01-03,263.27041050608824,264.7403737472238,256.8809810509512,259.1839294433594,42335300,0.0,0.0,0.0
2023-01-04,261.30064187756807,262.094419519153,257.2729276346424,260.41864013671875,47754900,0.0,0.0,0.0
2023-01-05,258.75271045594553,258.9192895246878,256.0283800668829,256.3419494628906,45396700,0.0,0.0,0.0
2023-01-06,258.0765107602251,264.5345446367725,255.1267754282982,263.4173583984375,54659700,0.0,0.0,0.0
2023-01-09,265.4067299329868,269.7774418403852,264.5149786181728,265.12255859375,45568700,0.0,0.0,0.0
2023-01-10,264.0935243898107,267.47445101402536,263.583948018736,267.3666381835937,35247800,0.0,0.0,0.0
2023-01-11,268.4349015637978,272.1000003561461,267.6509032215316,271.9921875,44077000,0.0,0.0,0.0
2023-01-12,272.5506968950995,274.491058550709,268.2584007489289,273.4620666503906,60600000,0.0,0.0,0.0
2023-01-13,270.96322776853043,275.5887133592469,270.6300396848258,275.3437194824219,44802900,0.0,0.0,0.0
2023-01-17,275.14768251608376,277.18604809737275,273.98150939661457,275.9022827148437,36269700,0.0,0.0,0.0
2023-01-18,277.4408347282873,278.9892126837552,272.1097958051242,272.3155822753906,47754500,0.0,0.0,0.0
2023-01-19,270.6887785022272,271.8255534387518,268.4054492125816,269.64019775390625,44150400,0.0,0.0,0.0
2023-01-20,271.2474300076123,277.3526582997376,270.189039708322,277.0194702148437,60613600,0.0,0.0,0.0
2023-01-23,277.8622856509869,284.3987060531024,277.0685078199232,283.1737365722656,52799900,0.0,0.0,0.0
2023-01-24,281.5567180138864,283.751853248069,281.03733226985304,282.5954895019531,44875100,0.0,0.0,0.0
2023-01-25,278.0876589680006,282.5857432816811,275.5495258100753,281.9683837890625,50872000,0.0,0.0,0.0
2023-01-26,285.38846018754776,287.64239182663204,282.7425144316851,287.46600341796875,51596300,0.0,0.0,0.0
2023-01-27,286.15284005270786,292.2874961252807,286.03524778018846,290.3275451660156,56441900,0.0,0.0,0.0
2023-01-30,287.06422753687195,288.485204031386,284.08512343019765,284.4574890136719,49405800,0.0,0.0,0.0
2023-01-31,284.4966454883634,288.81834043174297,284.38886255344715,288.7203369140625,46705100,0.0,0.0,0.0
2023-02-01,288.5145464564292,297.35391334937026,286.4467829160311,294.8941955566406,67562200,0.0,0.0,0.0
2023-02-02,301.41101371232133,307.39864851001664,300.5878380395017,305.4779052734375,83070600,0.0,0.0,0.0
2023-02-03,298.8336987253652,306.134527365596,298.4417145494716,300.0488586425781,76170800,0.0,0.0,0.0
2023-02-06,297.43235731063703,299.7842924007308,296.16818061095165,297.5107421875,40802300,0.0,0.0,0.0
2023-02-07,297.3833489851689,304.8017705013761,296.2661924961063,303.6748046875,67584000,0.0,0.0,0.0
2023-02-08,302.36162665672765,303.30239469294725,297.58915111170046,298.2751159667969,56720900,0.0,0.0,0.0
2023-02-09,302.6555733935558,302.80256370985006,294.1886022038024,295.6389465332031,49137800,0.0,0.0,0.0
2023-02-10,293.4831041224218,295.5312495423064,291.29774776311353,293.6986999511719,50050100,0.0,0.0,0.0
2023-02-13,295.1000143482131,298.9905181113563,293.924031836438,298.40252685546875,39636700,0.0,0.0,0.0
2023-02-14,296.8248219904053,301.5580909500732,294.88445954815694,300.6075134277344,64079100,0.0,0.0,0.0
2023-02-15,298.7944616686417,303.07694892568617,298.108496905556,302.9103698730469,43100600,0.0,0.0,0.0
2023-02-16,298.28483030155456,302.2537175548883,297.0794501437246,297.2264404296875,59498600,0.0,0.0,0.0
2023-02-17,295.041200334183,295.8839648215853,292.1306722050672,295.12939453125,58230700,0.0,0.0,0.0
2023-02-21,291.307543730446,292.74810899592325,288.00503088741164,288.1422119140625,46526700,0.0,0.0,0.0
2023-02-22,288.72037423239385,290.42552201582805,286.70162711443794,288.3577880859375,51389200,0.0,0.0,0.0
2023-02-23,292.0032780111049,292.16007766757474,286.6917980591671,290.8763122558594,69294400,0.0,0.0,0.0
2023-02-24,285.9176346594632,287.1033965295427,284.24185517881966,286.0058288574219,74332000,0.0,0.0,0.0
2023-02-27,289.16130136725286,290.55284946102057,287.4659334350028,288.0539245605469,48995000,0.0,0.0,0.0
2023-02-28,287.4267764126198,290.1903142523565,287.0935883612757,287.6815795898437,48243100,0.0,0.0,0.0
2023-03-01,287.38755155531885,288.0441182255839,284.3888296810601,285.3688049316406,58287000,0.0,0.0,0.0
2023-03-02,282.87970005937706,288.53414730120545,282.59549882206886,287.7305603027344,53565900,0.0,0.0,0.0
2023-03-03,289.4749432455241,293.9142305420157,288.9653369053291,293.67901611328125,60511500,0.0,0.0,0.0
2023-03-06,294.9137669416939,297.9124889444724,293.8161993990393,294.0121765136719,56736300,0.0,0.0,0.0
2023-03-07,294.0612952172994,294.9824747043538,289.7983952346935,290.4059753417969,65955800,0.0,0.0,0.0
2023-03-08,290.8273005687011,292.4540633879132,288.97516253842946,291.8562927246094,50876300,0.0,0.0,0.0
2023-03-09,292.3560656900784,294.9530245830803,285.98622520297346,286.79962158203125,71456700,0.0,0.0,0.0
2023-03-10,286.9662364321143,288.45581845645546,281.62538745570544,282.7719421386719,98593600,0.0,0.0,0.0
2023-03-13,280.9883548940412,288.573354857497,279.47918441665786,284.8690490722656,97123600,0.0,0.0,0.0
2023-03-14,288.4165608377867,291.9640670408029,287.57379633938,291.415283203125,73602500,0.0,0.0,0.0
2023-03-15,288.80856358255966,293.2772493516955,287.3679984394516,292.9440612792969,83631500,0.0,0.0,0.0
2023-03-16,292.0327082473355,301.02887644464795,291.2389304597185,300.6662902832031,98198100,0.0,0.0,0.0
2023-03-17,300.5780518528827,302.95938486538984,297.29512832561835,299.2452697753906,89923700,0.0,0.0,0.0
2023-03-20,298.62893759374526,300.6311608615665,296.4205793211497,300.3072814941406,56359500,0.0,0.0,0.0
2023-03-21,302.24082881743965,305.04788323131515,300.7293218507808,304.5964050292969,49757000,0.0,0.0,0.0
2023-03-22,304.52768643281496,309.4155301746397,300.2876613290279,300.4544982910156,75791900,0.0,0.0,0.0
2023-03-23,304.18423144054793,308.3359264010132,301.32808408285456,304.0173645019531,74576000,0.0,0.0,0.0
2023-03-24,303.5952799906133,305.23435576063616,301.2691474607354,305.13623046875,57195200,0.0,0.0,0.0
2023-03-27,305.83312038857395,306.91276831057337,302.1917909883924,303.0456848144531,50287400,0.0,0.0,0.0
2023-03-28,302.4665286037527,302.49597217788687,299.12943045377114,301.4359436035156,48585900,0.0,0.0,0.0
2023-03-29,305.1263998840245,307.55068761030134,304.3117443176052,306.9323425292969,53274300,0.0,0.0,0.0
2023-03-30,309.4057262969123,310.46575510812926,307.0207064008411,309.83758544921875,58354800,0.0,0.0,0.0
2023-03-31,310.06333534027965,315.2259960757609,309.7590750261057,314.99041748046875,62138100,0.0,0.0,0.0
2023-04-03,312.8703889195931,314.48987569045227,311.54539785656647,314.224853515625,47126800,0.0,0.0,0.0
2023-04-04,314.6665077964357,315.6774438935838,311.94775434717684,313.1648254394531,45875400,0.0,0.0,0.0
2023-04-05,312.2127972814154,313.15502177624506,308.2573833619465,310.0731506347656,62795700,0.0,0.0,0.0
2023-04-06,308.424151732928,312.6543814372658,307.0304493457381,312.16363525390625,46916500,0.0,0.0,0.0
2023-04-10,309.2388931371973,312.0361531505204,307.4525693445177,311.987060546875,45134700,0.0,0.0,0.0
2023-04-11,311.9477567831826,312.0066738913755,309.47440639730115,309.9847717285156,40113600,0.0,0.0,0.0
2023-04-12,311.93793154691537,312.5268329959524,306.7850962851923,307.24639892578125,62813300,0.0,0.0,0.0
2023-04-13,309.0032361199437,313.73403663078875,307.8254632230136,313.262939453125,54613800,0.0,0.0,0.0
2023-04-14,311.71225968201486,314.4309836490865,309.7688933736916,312.67413330078125,56278300,0.0,0.0,0.0
2023-04-17,312.2617937425751,313.29237871005614,310.1908592044973,312.93902587890625,43007000,0.0,0.0,0.0
2023-04-18,315.0492937048772,315.4713582784349,311.76131752372714,312.9587097167969,46746900,0.0,0.0,0.0
2023-04-19,310.55404166149606,313.8714910627291,310.42644284563727,312.8114624023437,38960100,0.0,0.0,0.0
2023-04-20,309.84740610563057,313.3611364890163,309.14073022453687,310.4264831542969,62462100,0.0,0.0,0.0
2023-04-21,310.0633088936985,311.52572317920414,308.2868098097779,310.7503356933594,59002300,0.0,0.0,0.0
2023-04-24,310.524573610328,311.8593889112085,307.9334192694122,310.1025390625,44043100,0.0,0.0,0.0
2023-04-25,308.4732736850432,309.1406813692748,304.15471285096964,304.2528381347656,57121600,0.0,0.0,0.0
2023-04-26,307.6390646932986,309.1113036974002,305.5779240970005,306.0981140136719,55400500,0.0,0.0,0.0
2023-04-27,309.857238311984,314.92171397402467,309.21924413400245,314.4211730957031,65430400,0.0,0.0,0.0
2023-04-28,314.1856019905179,316.6786017414344,313.0568914185701,316.5902709960937,59712600,0.0,0.0,0.0
2023-05-01,316.1288650388564,317.6403716332605,315.14737269624044,316.2270202636719,41013400,0.0,0.0,0.0
2023-05-02,316.1583348327076,316.4822441061862,311.73179441549286,313.46905517578125,56519400,0.0,0.0,0.0
2023-05-03,313.83221822361713,316.5018789481338,311.3097753794873,311.4177551269531,59882100,0.0,0.0,0.0
2023-05-04,311.1920859618002,312.3404456476123,309.2879876486706,310.3185729980469,50224500,0.0,0.0,0.0
2023-05-05,312.5759135629798,317.7680172064844,310.3577309572595,316.91412353515625,51806100,0.0,0.0,0.0
2023-05-08,316.45282560845146,318.042838668918,315.3731778659205,317.6993103027344,36465800,0.0,0.0,0.0
2023-05-09,316.04054822335024,316.9042663152859,315.37314058968013,315.6872253417969,31768800,0.0,0.0,0.0
2023-05-10,318.1213864238547,319.9764218717756,315.64803577940484,319.1225280761719,60446600,0.0,0.0,0.0
2023-05-11,319.67215652477967,320.702711788897,318.1213814203093,320.16290283203125,44278500,0.0,0.0,0.0
2023-05-12,320.6929009402905,321.1149655466189,316.9632408273955,319.0145568847656,48432800,0.0,0.0,0.0
2023-05-15,319.4856645520145,320.97752251513634,317.96433305634275,320.7419738769531,33375600,0.0,0.0,0.0
2023-05-16,320.0254851709617,322.8129206513103,319.98621707890663,321.1051330566406,40019200,0.0,0.0,0.0
2023-05-17,322.1650875880521,325.5708677503054,320.9873145634712,324.9917907714844,47486100,0.0,0.0,0.0
2023-05-18,325.3844324017041,331.2439447177348,325.36481333171304,331.02801513671875,64213500,0.0,0.0,0.0
2023-05-19,331.24391752243963,331.9505933702211,329.2220452265491,330.2820739746094,61554900,0.0,0.0,0.0
2023-05-22,330.02685483940945,332.4020798809688,330.0170303294707,331.3911437988281,43015900,0.0,0.0,0.0
2023-05-23,329.6734815125255,330.82181079437413,326.83695422912353,327.1902770996094,48216700,0.0,0.0,0.0
2023-05-24,325.23711571274725,326.74862232078,323.4606169528159,325.5119323730469,62891200,0.0,0.0,0.0
2023-05-25,332.8634256751795,334.6988121050236,330.43913767543575,333.43267822265625,66862800,0.0,0.0,0.0
2023-05-26,334.4534083996253,342.7862705013703,334.3552531548107,341.9519958496094,63007000,0.0,0.0,0.0
2023-05-30,346.1821711086876,347.37959301782007,342.079540123524,343.5027160644531,72652200,0.0,0.0,0.0
2023-05-31,341.92250193301754,344.111240763774,340.096940449885,341.5495300292969,65105400,0.0,0.0,0.0
2023-06-01,341.29439159721204,346.8201691113252,340.2441874526576,345.49517822265625,50488600,0.0,0.0,0.0
2023-06-02,347.25205955281666,349.24448827334294,345.49520941716,348.0863342285156,53372100,0.0,0.0,0.0
2023-06-05,347.870423343083,350.88361288576164,347.30117080070033,348.33172607421875,47266200,0.0,0.0,0.0
2023-06-06,347.7231632246743,349.2346700680704,346.3981423533168,348.2727966308594,41390400,0.0,0.0,0.0
2023-06-07,348.55744268687283,350.5106032126766,341.7360577061113,342.3642272949219,69225900,0.0,0.0,0.0
2023-06-08,342.6586912501391,347.0754079440885,342.43296712222565,346.6141052246094,47153900,0.0,0.0,0.0
2023-06-09,348.06671625868603,351.040637559356,346.49632214996257,347.9391174316406,53196900,0.0,0.0,0.0
2023-06-12,349.5978615036992,353.9164230756044,348.6261933870345,353.8182678222656,44606500,0.0,0.0,0.0
2023-06-13,356.5664919227782,357.3712931739135,353.36681613092617,356.5370483398437,57097800,0.0,0.0,0.0
2023-06-14,356.5467826318429,359.4127540150757,353.7495528675448,359.12811279296875,69525600,0.0,0.0,0.0
2023-06-15,357.8620434342948,364.8895348483022,357.2437281859161,363.4075012207031,71138800,0.0,0.0,0.0
2023-06-16,365.8219021049376,365.94950092806926,360.6788907605711,361.12054443359375,80932000,0.0,0.0,0.0
2023-06-20,359.6698977267216,361.9992210577164,357.645252046979,360.60357666015625,49204700,0.0,0.0,0.0
2023-06-21,359.4635207098651,359.8959722626949,354.7655515621823,355.6894226074219,53378300,0.0,0.0,0.0
2023-06-22,354.4412029254088,360.043366747909,354.03823537075647,359.8861389160156,47603000,0.0,0.0,0.0
2023-06-23,355.9940362893382,358.61822910430584,354.6279059428646,356.3183898925781,48922900,0.0,0.0,0.0
2023-06-26,355.78768031078647,358.5789391758396,351.453357180665,351.54180908203125,52685500,0.0,0.0,0.0
2023-06-27,353.08485397686843,358.31356381466287,352.357562831848,357.58624267578125,49428100,0.0,0.0,0.0
2023-06-28,355.76802304065137,360.23008989079324,355.689379134913,358.2840881347656,46498000,0.0,0.0,0.0
2023-06-29,357.98923340395874,358.62810268773603,355.9252956971378,357.5666198730469,46151000,0.0,0.0,0.0
2023-06-30,361.2423581538513,364.1319063790845,360.9278725599883,363.0802917480469,58712500,0.0,0.0,0.0
2023-07-03,363.7191990468585,364.5644261040956,362.63807025771337,363.9354248046875,19432900,0.0,0.0,0.0
2023-07-05,362.3726954436045,365.6258896326675,362.3333734913829,363.9255676269531,34460900,0.0,0.0,0.0
2023-07-06,360.220251816887,361.5962201137862,358.26438224364455,361.1539306640625,49374700,0.0,0.0,0.0
2023-07-07,360.9279564882664,364.1221830587918,359.7288917758838,359.9549255371094,47133700,0.0,0.0,0.0
2023-07-10,359.67968541300456,360.75097612528987,357.1734584248159,360.07281494140625,48498800,0.0,0.0,0.0
2023-07-11,360.4955145791754,362.3039346865907,358.3627408147586,361.8518371582031,38214100,0.0,0.0,0.0
2023-07-12,365.95016265531314,367.7684202724199,363.9451632833012,366.42193603515625,61975400,0.0,0.0,0.0
2023-07-13,369.5964741183879,373.4688609223553,369.0166028956632,372.6432800292969,46960000,0.0,0.0,0.0
2023-07-14,373.0757931842789,376.289665406279,371.6899868150142,372.5647277832031,55148500,0.0,0.0,0.0
2023-07-17,373.2821706367002,376.9186862565369,372.800589214486,376.0439453125,40868900,0.0,0.0,0.0
2023-07-18,375.4051701312157,380.4864608785152,373.4788141198273,379.1203002929688,55262000,0.0,0.0,0.0
2023-07-19,380.1817339767386,381.32183065046223,377.704960860288,379.0317993164063,54093000,0.0,0.0,0.0
2023-07-20,376.0439867938081,377.50843718826167,369.2722421956274,370.2944030761719,71941700,0.0,0.0,0.0
2023-07-21,372.6727813036032,373.4001023574031,368.7512643809259,369.1837158203125,60499600,0.0,0.0,0.0
2023-07-24,370.1567901180446,371.100307085172,367.9159185749525,369.77349853515625,40380100,0.0,0.0,0.0
2023-07-25,370.4810813583638,373.9406629843712,370.4614053871591,372.2796630859375,38894400,0.0,0.0,0.0
2023-07-26,371.2378395055728,372.7317435500611,368.74142077875103,371.041259765625,47075700,0.0,0.0,0.0
2023-07-27,376.49612252032574,378.1079627961447,368.86928269570615,370.1567993164063,63940200,0.0,0.0,0.0
2023-07-28,374.2060793430186,377.9212092463716,373.6950139044031,376.8990783691406,56902900,0.0,0.0,0.0
2023-07-31,377.20370891876894,378.27499960431606,375.7785806707894,377.0955810546875,44019900,0.0,0.0,0.0
2023-08-01,375.7491432709596,376.9776919149608,374.1569490273522,376.2209167480469,41060600,0.0,0.0,0.0
2023-08-02,372.7515087651388,372.7515087651388,366.7267012189436,367.965087890625,72687100,0.0,0.0,0.0
2023-08-03,365.5570778539925,369.49827117137113,365.3899820551256,367.3753356933594,47666400,0.0,0.0,0.0
2023-08-04,369.30171945598914,371.6113968871545,365.1541380670017,365.6553955078125,61702800,0.0,0.0,0.0
2023-08-07,367.46379575584587,368.8496021400914,365.13447246946816,368.7513122558594,37230400,0.0,0.0,0.0
2023-08-08,366.2450590511604,366.2647050290609,362.4906076958643,365.6160278320313,44726500,0.0,0.0,0.0
2023-08-09,365.90112237406527,366.0583802058793,360.8395077626277,361.5962829589844,51150900,0.0,0.0,0.0
2023-08-10,364.603779503486,367.9355880661757,360.74122949055817,362.2646179199219,72035300,0.0,0.0,0.0
2023-08-11,359.7092158009151,361.6847316779536,358.4315371702507,359.9549255371094,48707200,0.0,0.0,0.0
2023-08-14,359.1588042845861,364.1123206320641,358.4413510991276,363.994384765625,42130800,0.0,0.0,0.0
2023-08-15,363.0213854154353,363.8175125707832,359.46351316409294,360.1318664550781,45539900,0.0,0.0,0.0
2023-08-16,359.59122992630523,361.12445606745706,356.2201000129945,356.3183898925781,53190500,0.0,0.0,0.0
2023-08-17,357.71403918779725,358.0580388030528,352.0135855407682,352.4263610839844,62604300,0.0,0.0,0.0
2023-08-18,349.1632969494942,353.24207168176065,348.62271765147574,351.9840393066406,61191400,0.0,0.0,0.0
2023-08-21,353.4485407972548,358.33325161164004,352.9866052878671,357.65509033203125,50696500,0.0,0.0,0.0
2023-08-22,360.2595950388818,360.269433026143,356.4560132078878,357.1440124511719,44530200,0.0,0.0,0.0
2023-08-23,358.32331567358494,363.8665402709536,358.1070899624708,362.7755737304688,51770600,0.0,0.0,0.0
2023-08-24,366.245058717325,366.3433186005974,354.814638865053,355.0210266113281,66842500,0.0,0.0,0.0
2023-08-25,355.85649237018794,359.4634943837441,352.4263641685524,357.77301025390625,69960500,0.0,0.0,0.0
2023-08-28,360.69197609475015,361.39962118043815,357.99900757131473,360.4659423828125,40910000,0.0,0.0,0.0
2023-08-29,360.2694025048502,368.6923385554893,359.94507888520656,368.3385009765625,58492400,0.0,0.0,0.0
2023-08-30,368.4466070521001,370.9725099180144,367.4440922993237,370.3926086425781,41731500,0.0,0.0,0.0
2023-08-31,370.4712356701043,373.2035261573354,370.40242976003566,371.5032043457031,35730700,0.0,0.0,0.0
2023-09-01,373.8718821138394,374.2944956090259,369.6260112017312,371.110107421875,39801200,0.0,0.0,0.0
2023-09-05,370.30423102924976,372.8006504322317,369.3803599902061,371.5819396972656,32344200,0.0,0.0,0.0
2023-09-06,370.80547079743104,371.1494704221554,366.30408168942176,368.3090515136719,42998700,0.0,0.0,0.0
2023-09-07,363.8567300824944,366.4514388140844,362.8149233931356,365.6749877929688,52060700,0.0,0.0,0.0
2023-09-08,365.6258703550477,368.4171289383869,365.2229028491413,366.1860656738281,35800100,0.0,0.0,0.0
2023-09-11,369.21324644388017,371.0118283442909,367.2475687414652,370.5007629394531,39936600,0.0,0.0,0.0
2023-09-12,368.8299690541731,370.48116131723054,366.1075159081642,366.3925476074219,41391000,0.0,0.0,0.0
2023-09-13,366.6284042357523,369.3901792248548,365.4981454669439,367.78814697265625,46300700,0.0,0.0,0.0
2023-09-14,369.5375911776395,371.77846268665,367.4736534672886,370.7956237792969,48039400,0.0,0.0,0.0
2023-09-15,369.4589563099792,369.8619238384048,363.5127632613896,364.4464721679688,69811200,0.0,0.0,0.0
2023-09-18,363.5075090480625,365.9386364532325,363.22206476755633,364.826416015625,36903500,0.0,0.0,0.0
2023-09-19,363.50752673963694,364.8461081913443,361.0271681103356,364.0488586425781,37621700,0.0,0.0,0.0
2023-09-20,365.1118859301199,365.4662057206334,358.7240071364976,358.8027648925781,45514200,0.0,0.0,0.0
2023-09-21,355.121544997344,355.9089722370328,352.0605060828978,352.2278137207031,69734800,0.0,0.0,0.0
2023-09-22,353.9700615556488,356.1058927539744,351.9621591548039,352.2771301269531,51589700,0.0,0.0,0.0
2023-09-25,351.31247308077525,354.0388968388634,350.32821151607146,353.9502868652344,39168000,0.0,0.0,0.0
2023-09-26,351.3715304036116,351.91289229277817,347.6510228478301,348.6352844238281,53657700,0.0,0.0,0.0
2023-09-27,349.786824229563,351.36164849093694,345.8300741427357,349.4521789550781,56066000,0.0,0.0,0.0
2023-09-28,348.536874378989,354.5015275423865,347.6805715594893,352.3755187988281,56453300,0.0,0.0,0.0
2023-09-29,355.8498711056073,357.237683269023,351.4009904020204,352.6313171386719,64829600,0.0,0.0,0.0
2023-10-02,352.8971481752992,356.9719754148044,352.2869108139904,355.5743408203125,51625100,0.0,0.0,0.0
2023-10-03,353.1333414353524,355.3282554041325,347.71990315980014,349.3341064453125,60478500,0.0,0.0,0.0
2023-10-04,350.17073233689933,354.9345547909679,349.70812819170675,354.0881042480469,54786700,0.0,0.0,0.0
2023-10-05,354.0782318748588,354.48178270513296,349.5506528835014,353.0447692871094,45897400,0.0,0.0,0.0
2023-10-06,350.05264964515703,360.15118378118626,349.2652523404519,358.9602355957031,75049100,0.0,0.0,0.0
2023-10-09,356.597960109658,361.3322559289201,355.1018933143861,360.7909240722656,45304800,0.0,0.0,0.0
2023-10-10,361.1255664796792,365.436636991541,360.62361350091794,362.7889709472656,46968800,0.0,0.0,0.0
2023-10-11,364.1177099296239,365.5645755687648,362.3952522657551,365.3775634765625,38215100,0.0,0.0,0.0
2023-10-12,365.87956850775583,367.8579138612387,361.71613120455214,364.1078796386719,49587900,0.0,0.0,0.0
2023-10-13,364.73784999596586,365.31856077000174,358.13343264064804,359.5310974121094,52469900,0.0,0.0,0.0
2023-10-16,360.8500014386513,364.6492670283182,360.70236819855785,363.5960998535156,44201100,0.0,0.0,0.0
2023-10-17,360.05278192643203,364.0981132659858,357.9366252092279,362.4051818847656,50999100,0.0,0.0,0.0
2023-10-18,359.9149119768525,362.11964810076057,356.3223335114042,357.6510925292969,54280500,0.0,0.0,0.0
2023-10-19,359.06847962452343,360.2594277757286,353.50740747223784,354.3046569824219,72274200,0.0,0.0,0.0
2023-10-20,353.80269287368304,354.37358146539754,348.7928045582321,349.0191955566406,72559700,0.0,0.0,0.0
2023-10-23,347.70028297707074,353.6058529260909,345.59394861069154,350.0723571777344,60665200,0.0,0.0,0.0
2023-10-24,351.88331500303536,354.24553643799777,350.19038413447856,353.4778137207031,47082100,0.0,0.0,0.0
2023-10-25,351.0861528060548,351.2633126992723,344.24552212419906,344.82623291015625,71190500,0.0,0.0,0.0
2023-10-26,343.6253716602287,344.5604321044559,336.9619320878897,338.2513122558594,78621400,0.0,0.0,0.0
2023-10-27,340.9777343824353,343.3498084116273,338.664713645482,339.8753662109375,63476700,0.0,0.0,0.0
2023-10-30,342.3556989748793,345.02306953665595,340.9974431987372,343.70416259765625,55298500,0.0,0.0,0.0
2023-10-31,343.7336660603702,345.72186354405744,341.1647278392773,345.34783935546875,47671900,0.0,0.0,0.0
2023-11-01,346.18448935280355,351.9030468160759,346.0860571858595,351.3420104980469,58992700,0.0,0.0,0.0
2023-11-02,355.84997109811536,357.95627544374383,354.6294662070536,357.7200622558594,58162400,0.0,0.0,0.0
2023-11-03,359.009384875461,363.21217069923983,358.7829939153068,361.92279052734375,53280500,0.0,0.0,0.0
2023-11-06,362.6905309181117,363.9602367349482,361.1354108770652,363.3992004394531,38848700,0.0,0.0,0.0
2023-11-07,364.4425414885638,367.7004450680254,363.241741103211,366.8343200683594,50777400,0.0,0.0,0.0
2023-11-08,367.20833765767605,367.90718508359936,364.787062313558,367.070556640625,35663400,0.0,0.0,0.0
2023-11-09,367.75945651366055,368.90117334397553,363.75350526946727,364.2456359863281,53859400,0.0,0.0,0.0
2023-11-10,365.9681776205685,372.5824171770866,365.43666791374335,372.4347839355469,58309800,0.0,0.0,0.0
2023-11-13,370.8599118886135,372.3264519626699,369.3342884882079,371.2732849121094,40733500,0.0,0.0,0.0
2023-11-14,377.6710039696422,380.1808890311,377.1493465316362,379.2655029296875,67792600,0.0,0.0,0.0
2023-11-15,381.155315615801,381.64744643002416,378.19267850224793,379.5509643554688,54141400,0.0,0.0,0.0
2023-11-16,378.7832169831688,380.1119761030696,377.5233633817492,379.8757629394531,45343500,0.0,0.0,0.0
2023-11-17,379.1474624259611,380.9782049105805,378.2419584317802,379.9644165039063,46571900,0.0,0.0,0.0
2023-11-20,379.9742034582197,385.2498615978395,379.9742034582197,384.5903930664063,44429600,0.0,0.0,0.0
2023-11-21,382.8875887400645,383.104127478915,380.6139470007728,382.3560791015625,43337000,0.0,0.0,0.0
2023-11-22,384.4230645764553,386.8837186036944,382.9171455132762,383.9210815429688,44121000,0.0,0.0,0.0
2023-11-24,383.51751122375975,384.1080741677964,382.3856164361023,383.3797302246094,15718800,0.0,0.0,0.0
2023-11-27,382.8875585079216,384.99386240381386,382.1690368318147,383.0450439453125,34139700,0.0,0.0,0.0
2023-11-28,382.29705727580426,384.629752496103,381.9427074752137,384.0490417480469,35491100,0.0,0.0,0.0
2023-11-29,386.50966582887696,387.9368570741418,383.3304902471519,383.6749877929688,38811700,0.0,0.0,0.0
2023-11-30,383.9407150661645,384.4033191755023,379.747781475712,382.71038818359375,52834400,0.0,0.0,0.0
2023-12-01,381.6474431647872,384.3935414950963,379.99389085209225,383.802978515625,40490100,0.0,0.0,0.0
2023-12-04,380.0135687287101,380.5155517714202,376.6375585502535,380.2399597167969,51186900,0.0,0.0,0.0
2023-12-05,378.3403190869991,382.38561971941857,378.1631291761713,381.1946716308594,42933000,0.0,0.0,0.0
2023-12-06,384.1277451859132,384.2261773485947,378.6454311681737,378.9898986816406,41994100,0.0,0.0,0.0
2023-12-07,381.96240485355264,385.1120239390845,380.86985886236414,384.2852478027344,49593500,0.0,0.0,0.0
2023-12-08,382.5529786032287,386.44079399552544,382.3659664916928,385.9978942871094,46687500,0.0,0.0,0.0
2023-12-11,385.5745674161402,389.560844275907,385.3678809238973,389.2950744628906,41198000,0.0,0.0,0.0
2023-12-12,389.3345300600356,392.5137059555065,388.202635186886,392.3955993652344,39221200,0.0,0.0,0.0
2023-12-13,393.3305894727491,397.9959795327111,392.5628666775999,397.3857421875,55408100,0.0,0.0,0.0
2023-12-14,398.6062319416691,399.905434289617,394.0392441768575,397.041259765625,55447800,0.0,0.0,0.0
2023-12-15,397.81888515217855,400.1417583745453,397.2184999354061,398.9606323242188,62896600,0.0,0.0,0.0
2023-12-18,399.3530971044482,402.3709508674687,399.0276552700058,401.4734802246094,46610000,0.0,0.0,0.0
2023-12-19,401.92718799546697,403.6432143177387,401.739802351394,403.5248718261719,35711900,0.0,0.0,0.0
2023-12-20,402.7260335176809,404.8168311468239,397.3510812317631,397.5285949707031,54042400,0.0,0.0,0.0
2023-12-21,401.4538395044679,402.5189822599552,398.8995134090892,402.154052734375,45568900,0.0,0.0,0.0
2023-12-22,403.3670715052,404.32371344102273,400.8817888923147,402.755615234375,34314000,0.0,0.0,0.0
2023-12-26,403.61363564115584,405.8918189348546,403.5150068640605,405.22119140625,22722500,0.0,0.0,0.0
2023-12-27,405.5033831511548,406.3322463869044,404.644888619348,406.0460815429688,31980500,0.0,0.0,0.0
2023-12-28,407.2005614161215,407.4472479623729,405.493479675344,405.84869384765625,27029200,0.0,0.0,0.0
2023-12-29,405.8289987195395,406.1842430303013,402.1780255292888,404.0923156738281,42662100,0.0,0.0,0.0
2024-01-02,400.4611063154308,400.7077928852175,394.9353211295864,397.2541809082031,58026900,0.0,0.0,0.0
2024-01-03,394.6294287174648,395.6852544540013,392.6164880071653,393.0506286621094,47002800,0.0,0.0,0.0
2024-01-04,391.1856845267472,394.2939291818346,390.8107161348315,391.0278015136719,39432800,0.0,0.0,0.0
2024-01-05,391.19553482231566,394.26430098559865,390.1002309044968,391.4915466308594,44922800,0.0,0.0,0.0
2024-01-08,392.7152004878176,399.8691120770512,392.5671945465246,399.5829772949219,42473800,0.0,0.0,0.0
2024-01-09,396.5832122441471,401.2998583916522,396.38585093731285,400.372314453125,39132900,0.0,0.0,0.0
2024-01-10,400.68805977012255,404.0923162885945,399.7999941615258,403.0858459472656,33962800,0.0,0.0,0.0
2024-01-11,404.3587923820562,405.7501083394396,398.8823321098312,403.9246215820313,54536200,0.0,0.0,0.0
2024-01-12,404.9606992645733,405.7994396914205,402.7405199592706,404.1318359375,39595000,0.0,0.0,0.0
2024-01-16,402.8983611364545,405.6711157051016,401.437965837733,404.0923156738281,43903000,0.0,0.0,0.0
2024-01-17,400.7867632793887,402.1879261807825,397.57983776151127,401.8129577636719,54386000,0.0,0.0,0.0
2024-01-18,405.0790624458076,408.0985035821571,403.7371019910327,407.5163269042969,59562500,0.0,0.0,0.0
2024-01-19,409.71680918810495,415.7556918630463,409.13463247146666,415.5978088378906,70325100,0.0,0.0,0.0
2024-01-22,417.7982600260596,419.1007723864439,415.53860253748337,416.1405334472656,44880600,0.0,0.0,0.0
2024-01-23,416.8311775060242,418.08436441473145,414.99584408349705,417.8672790527344,33003800,0.0,0.0,0.0
2024-01-24,421.7748344039815,424.1528965640352,419.6927840841391,420.1861572265625,46948000,0.0,0.0,0.0
2024-01-25,422.6826806411416,423.35369109052186,418.360756630622,420.6993408203125,44367200,0.0,0.0,0.0
2024-01-26,418.8145565309628,420.5610864517094,417.5416455104301,418.1929016113281,37137000,0.0,0.0,0.0
2024-01-29,418.6468527875806,422.6727946600037,417.995596599009,422.4754333496094,38694700,0.0,0.0,0.0
2024-01-30,421.4393388479263,422.0116384359929,418.75538778321743,419.6631774902344,36739000,0.0,0.0,0.0
2024-01-31,415.2721531538391,417.2653696796535,411.265965905402,411.4435729980469,64010600,0.0,0.0,0.0
2024-02-01,413.2395011756799,416.7819168628328,412.2724789381055,416.2885437011719,51008600,0.0,0.0,0.0
2024-02-02,418.1830657905494,424.5377143092311,417.18647251424335,423.3240356445313,59602400,0.0,0.0,0.0
2024-02-05,423.3832928537203,423.91611423807007,419.367227704789,422.7715148925781,39889200,0.0,0.0,0.0
2024-02-06,423.9160376085168,424.5179684735846,419.5842372747902,421.9228210449219,35846100,0.0,0.0,0.0
2024-02-07,424.70551086208974,427.0934202261627,423.4029984199902,426.2645568847656,37712700,0.0,0.0,0.0
2024-02-08,426.382944683857,427.8137389159285,425.70211741625366,427.053955078125,29889900,0.0,0.0,0.0
2024-02-09,428.1886798363185,432.0468613748132,427.39929486367424,431.2574462890625,36943900,0.0,0.0,0.0
2024-02-12,431.14892949261775,433.3197833916252,428.8892720404384,429.5701293945313,33203300,0.0,0.0,0.0
2024-02-13,421.6169297930613,425.5540376317795,419.6927625909073,422.8700866699219,64491700,0.0,0.0,0.0
2024-02-14,425.54428737475615,427.9025957520069,423.19582598517513,427.4783020019531,45092700,0.0,0.0,0.0
2024-02-15,428.1689219915969,429.2148705487781,425.61322284816464,428.7510986328125,38796100,0.0,0.0,0.0
2024-02-16,429.1261549818656,429.2248055310627,424.1529447100537,424.8634033203125,53716500,0.0,0.0,0.0
2024-02-20,422.8700505624992,424.3797709675652,417.88699454994287,421.6563720703125,53999500,0.0,0.0,0.0
2024-02-21,418.9231370059664,420.0579193614601,416.04185462250535,419.9690856933594,49779000,0.0,0.0,0.0
2024-02-22,428.7313780166672,433.3000180733952,427.9617171291544,432.2639465332031,53887800,0.0,0.0,0.0
2024-02-23,433.82298476432334,434.7505286525933,430.0141586762791,430.9910278320313,39853900,0.0,0.0,0.0
2024-02-26,431.8002008373945,432.7869471692382,430.5766149089948,430.76409912109375,33043200,0.0,0.0,0.0
2024-02-27,431.8692503640229,432.184986282359,429.26422577428366,431.8001708984375,33713200,0.0,0.0,0.0
2024-02-28,429.6589206142435,430.8825064645186,428.5438925123563,429.50103759765625,32938800,0.0,0.0,0.0
2024-02-29,432.4218567885407,434.25719051548447,429.25437937497,433.181640625,42495200,0.0,0.0,0.0
2024-03-01,434.0696969951267,440.6611551377434,434.010494625405,439.7040100097656,43853000,0.0,0.0,0.0
2024-03-04,439.7039937666643,440.1283175514719,437.8883842316844,438.1350708007813,34325700,0.0,0.0,0.0
2024-03-05,435.0958945420568,435.1057716407656,427.9025059370084,430.2706909179688,57917100,0.0,0.0,0.0
2024-03-06,434.4841163109149,436.131965686152,431.0995838983498,432.9743957519531,46234500,0.0,0.0,0.0
2024-03-07,436.55630255352224,440.7992995133113,435.0169506522898,439.546142578125,44526700,0.0,0.0,0.0
2024-03-08,439.901370869489,442.6938797953184,432.53037471556775,433.2013549804688,72096000,0.0,0.0,0.0
2024-03-11,431.7113612748173,432.8461134391734,429.6687893111129,431.5929565429688,45860000,0.0,0.0,0.0
2024-03-12,433.9020011390106,438.1351214728527,430.6753211696575,437.7799072265625,55300900,0.0,0.0,0.0
2024-03-13,436.7831933695648,436.8029475656784,433.29998053623865,434.4150085449219,37928700,0.0,0.0,0.0
2024-03-14,435.648500563596,436.17147490901215,430.6062413194055,433.3197937011719,52195200,0.0,0.0,0.0
2024-03-15,430.2904437237258,433.0533211737261,427.0045618535446,428.1689453125,73069800,0.0,0.0,0.0
2024-03-18,433.4876578345993,435.77005339953286,432.015441232783,432.2525939941406,47323800,0.0,0.0,0.0
2024-03-19,430.24684485265067,433.7346638779125,428.152151283252,433.3295593261719,43004100,0.0,0.0,0.0
2024-03-20,434.52515363980433,438.803402049906,432.8257043770794,438.4674682617188,43653500,0.0,0.0,0.0
2024-03-21,443.51637126483735,443.97086631640985,440.344735757662,440.5423278808594,39345700,0.0,0.0,0.0
2024-03-22,440.02851230460703,442.142925733488,439.1787727777856,441.0462036132813,28253900,0.0,0.0,0.0
2024-03-25,438.2499932634195,440.9276330874447,437.2520822932149,439.445556640625,27789200,0.0,0.0,0.0
2024-03-26,440.9672001706422,441.8861106229984,437.79556453713616,438.0228271484375,34142000,0.0,0.0,0.0
2024-03-27,441.1055485052493,441.2043596487488,436.6494282638936,439.5147705078125,41359200,0.0,0.0,0.0
2024-03-28,439.4653477847637,440.3150873730311,438.3488452662453,438.7045593261719,36839600,0.0,0.0,0.0
2024-04-01,439.65308146497904,442.1824897668666,437.7263698364116,439.6333312988281,38729000,0.0,0.0,0.0
2024-04-02,434.8215114618378,436.15538646711934,432.79601878365486,435.8392028808594,44259700,0.0,0.0,0.0
2024-04-03,433.71488798828096,438.694673809478,433.70502798159896,436.8173828125,39949800,0.0,0.0,0.0
2024-04-04,440.996824784503,441.60944178188765,429.9108904729682,430.1381530761719,57267700,0.0,0.0,0.0
2024-04-05,431.5609373498813,437.8745980464935,430.7507282504202,435.2068481445313,54744600,0.0,0.0,0.0
2024-04-08,436.1355849917124,437.2125569373429,433.9520007772844,435.3352661132813,28144900,0.0,0.0,0.0
2024-04-09,437.66708927505294,437.94374236584986,432.2130582766597,436.9458312988281,39443600,0.0,0.0,0.0
2024-04-10,431.7783023964343,433.9915270664184,431.0669044449502,433.1319274902344,61502200,0.0,0.0,0.0
2024-04-11,434.9993525599799,440.9967993468194,432.7268171178065,440.04827880859375,45474600,0.0,0.0,0.0
2024-04-12,435.82928214208215,436.95564455090334,431.6597059071951,433.0330810546875,53665000,0.0,0.0,0.0
2024-04-15,436.7778637813603,436.8667847613836,425.0694522981349,425.9093017578125,63453600,0.0,0.0,0.0
2024-04-16,425.75126075328535,428.5771028960298,424.5656173919437,425.9488830566406,47619000,0.0,0.0,0.0
2024-04-17,427.9249080921912,427.9446582577832,419.82287756668256,420.7516479492188,56880500,0.0,0.0,0.0
2024-04-18,421.39392278181145,423.1230122839189,417.7776519761953,418.3507385253906,46549400,0.0,0.0,0.0
2024-04-19,417.1748963589334,417.6985621852426,408.1342356976317,409.6953430175781,75231000,0.0,0.0,0.0
2024-04-22,412.3235850098198,416.1473377835961,408.9938577655325,413.8155517578125,47807700,0.0,0.0,0.0
2024-04-23,415.7421771368735,421.1863473862207,413.8648864086949,419.9908142089844,44384700,0.0,0.0,0.0
2024-04-24,423.08344383076087,424.59516063166745,419.1312398908301,421.4136352539063,48440300,0.0,0.0,0.0
2024-04-25,414.2305280255501,420.23789551957753,413.1436959522945,419.3782958984375,57392200,0.0,0.0,0.0
2024-04-26,422.5103887021801,427.381473182625,421.818771053164,425.8500061035156,41874900,0.0,0.0,0.0
2024-04-29,427.9545047057116,428.5769816169086,424.842150302648,427.57904052734375,30022200,0.0,0.0,0.0
2024-04-30,425.9981832015452,427.39133873179975,419.4375402321003,419.5165710449219,43665900,0.0,0.0,0.0
2024-05-01,418.0938044365129,425.00030192305,415.6335669199923,416.4832763671875,52251700,0.0,0.0,0.0
2024-05-02,420.21806262347377,422.6980801902515,415.6038815105745,421.7989501953125,36559000,0.0,0.0,0.0
2024-05-03,429.2489077059209,431.26454032422834,427.450647528342,430.2764892578125,48515300,0.0,0.0,0.0
2024-05-06,432.07470879917,435.0783924110158,431.3040301921814,434.9894714355469,30227200,0.0,0.0,0.0
2024-05-07,435.4341190165748,436.6889330215927,434.32747648868434,435.05865478515625,30996100,0.0,0.0,0.0
2024-05-08,432.44036175201296,436.2048342357661,432.3217702850969,434.8017883300781,24896700,0.0,0.0,0.0
2024-05-09,435.068517003567,436.3233611678897,433.220866316018,435.7502746582031,24580100,0.0,0.0,0.0
2024-05-10,437.2521073764916,439.0009468290101,435.2364748503703,436.77783203125,27116600,0.0,0.0,0.0
2024-05-13,438.6848357626639,438.78364691170094,436.3727996092567,437.7857055664063,22994200,0.0,0.0,0.0
2024-05-14,437.36078681259016,441.1351490219814,437.1730547027617,440.6015930175781,34478300,0.0,0.0,0.0
2024-05-15,443.0717223950717,447.7353245285619,441.5600055039681,447.4883117675781,41464700,0.0,0.0,0.0
2024-05-16,447.30057313923777,449.2569250327754,446.4113332432386,446.5793151855469,34780400,0.0,0.0,0.0
2024-05-17,446.7077322112482,447.31045901301263,444.16846400588616,446.3619384765625,35803700,0.0,0.0,0.0
2024-05-20,446.57935219702347,450.1363120758127,446.3916200736185,449.4743347167969,24474200,0.0,0.0,0.0
2024-05-21,447.6266677481299,450.5414003294952,447.4290454718327,450.3536682128906,23167700,0.0,0.0,0.0
2024-05-22,450.6105638917276,451.3614923460644,447.6661608786562,450.2647399902344,25120000,0.0,0.0,0.0
2024-05-23,455.04688311196617,455.0765234363132,446.4508573691613,448.2392272949219,40899200,0.0,0.0,0.0
2024-05-24,449.8497773775448,453.7427009819922,448.1503283413245,452.4779968261719,29669500,0.0,0.0,0.0
2024-05-28,453.6932608661482,454.2465670260158,451.2330234712752,454.1872863769531,26216800,0.0,0.0,0.0
2024-05-29,450.0375023855627,452.7645027751896,449.899160765381,450.9860229492188,29739200,0.0,0.0,0.0
2024-05-30,450.0572632581326,450.1956048816053,444.83046464487313,446.1544494628906,30536800,0.0,0.0,0.0
2024-05-31,446.38168470949,447.0733324786168,437.7658786842484,445.324462890625,55941300,0.0,0.0,0.0
2024-06-03,449.1383108640047,450.1362217823816,442.5479980054704,447.7155151367188,32997500,0.0,0.0,0.0
2024-06-04,447.45871917443645,450.1363293463118,445.73951982353225,448.9407958984375,23767400,0.0,0.0,0.0
2024-06-05,452.5076312180393,458.07033330703183,448.9802817290645,457.9913024902344,33817400,0.0,0.0,0.0
2024-06-06,458.6730708792167,458.9892544596683,456.6673284046728,457.8332214355469,21966800,0.0,0.0,0.0
2024-06-07,457.4676005501021,460.1748505674893,456.32145780294337,457.4280700683594,25829700,0.0,0.0,0.0
2024-06-10,456.3017739959468,459.6315014350847,456.015230729256,459.2757873535156,20660800,0.0,0.0,0.0
2024-06-11,458.001193404112,462.5462342770449,456.5092266656226,462.4276428222656,22053300,0.0,0.0,0.0
2024-06-12,466.3502419815798,470.8063622151765,465.658624284143,468.48443603515625,34532600,0.0,0.0,0.0
2024-06-13,472.01173265680745,472.6737401049363,468.7511763645749,471.023681640625,25859000,0.0,0.0,0.0
2024-06-14,470.8261235583217,473.5334042157013,470.36173831129486,473.4642333984375,23372600,0.0,0.0,0.0
2024-06-17,473.7309461963046,481.0425179080329,472.4267417314664,479.2640380859375,37054500,0.0,0.0,0.0
2024-06-18,479.21460882622296,480.09395850673246,477.6534714137928,479.4122009277344,24438600,0.0,0.0,0.0
2024-06-20,480.60784514761326,481.02280973763214,473.8890793547214,475.7169799804688,33918700,0.0,0.0,0.0
2024-06-21,475.4403240994677,476.77419915118367,472.9504461150781,474.4423828125,37456800,0.0,0.0,0.0
2024-06-24,473.2171889334799,474.9490265120443,468.9024538055791,469.0409851074219,37751000,0.0,0.0,0.0
2024-06-25,471.129109923321,474.7016290052878,470.1889574276186,474.4047546386719,29014700,0.0,0.0,0.0
2024-06-26,473.58334212660935,475.92877037792846,473.1677180219152,475.3844604492188,22737100,0.0,0.0,0.0
2024-06-27,475.1371372381844,478.0862205993901,474.3256402447119,476.6116638183594,26222100,0.0,0.0,0.0
2024-06-28,477.4033117975724,482.1436072423702,473.4942947892967,474.1375427246094,34881600,0.0,0.0,0.0
2024-07-01,475.0579027852008,477.4824572859426,471.3171348061598,476.91839599609375,24898300,0.0,0.0,0.0
2024-07-02,475.42405251727433,481.98524767467785,475.2953968944467,481.9258728027344,26723600,0.0,0.0,0.0
2024-07-03,481.1737429455758,486.0723812066587,481.1737429455758,485.9437255859375,18064900,0.0,0.0,0.0
2024-07-05,486.7849773270999,491.4460865494729,486.48807273024266,491.0106506347656,28495900,0.0,0.0,0.0
2024-07-08,491.3767232735326,492.7324997890288,490.35741441728845,492.1783142089844,22109400,0.0,0.0,0.0
2024-07-09,493.6924715231317,494.8107486472105,491.0897621531111,492.6038818359375,25614500,0.0,0.0,0.0
2024-07-10,494.52378120012463,498.2942369269607,493.2175036938141,497.7400512695313,28046900,0.0,0.0,0.0
2024-07-11,497.8488913276848,498.0567033848079,485.6369657380776,486.8244934082031,49966600,0.0,0.0,0.0
2024-07-12,487.3984556934527,494.43464949995774,486.933332417575,489.6844787597656,37109400,0.0,0.0,0.0
2024-07-15,491.4558887928539,495.8102472892754,488.9620536365076,491.0006713867188,31151400,0.0,0.0,0.0
2024-07-16,492.4554349867678,493.2669318468274,488.0318257726437,491.188720703125,25950600,0.0,0.0,0.0
2024-07-17,483.2123734563895,483.72696575199,476.7006774277901,476.7699279785156,56268800,0.0,0.0,0.0
2024-07-18,480.4909332501687,480.6690578747681,471.3270283516511,474.51361083984375,49347400,0.0,0.0,0.0
2024-07-19,474.1771324025522,476.690779451391,469.0212128794801,470.3077087402344,42042900,0.0,0.0,0.0
2024-07-22,476.16627496100256,478.3335484183621,472.7520687745181,477.3142395019531,40300000,0.0,0.0,0.0
2024-07-23,476.413675873234,479.4023218426893,475.1568674776472,475.6318664550781,23282500,0.0,0.0,0.0
2024-07-24,468.90248253079744,469.2686376662744,457.7098653963061,458.5708312988281,58818600,0.0,0.0,0.0
2024-07-25,458.9073044861217,463.0835086179752,450.9012698036603,453.5138549804688,59256800,0.0,0.0,0.0
2024-07-26,457.8484139466182,461.0943714926242,454.998298988983,458.16510009765625,39992100,0.0,0.0,0.0
2024-07-29,460.87666187924697,463.0538414559664,456.8291132032654,459.08544921875,28218500,0.0,0.0,0.0
2024-07-30,461.01515173154047,461.7177744944523,449.4365688567625,452.781494140625,41317200,0.0,0.0,0.0
2024-07-31,463.0141989264488,467.8831499165186,461.5693600159238,466.1809997558594,44552100,0.0,0.0,0.0
2024-08-01,466.8638300127631,470.6144736045948,451.2476045693235,454.889404296875,56653900,0.0,0.0,0.0
2024-08-02,446.2104558890576,448.86263428021607,439.85707252429887,444.0926513671875,66323200,0.0,0.0,0.0
2024-08-05,420.3021625718776,437.69972643798087,419.05525994795903,430.8515319824219,87483500,0.0,0.0,0.0
2024-08-06,432.6922358150409,442.4301081222253,430.04993302092026,434.9683532714844,63164400,0.0,0.0,0.0
2024-08-07,441.85611726701137,444.3400770278095,429.8619088840542,430.25775146484375,54929200,0.0,0.0,0.0
2024-08-08,436.4824519431023,444.3301431102343,432.61302829327946,443.4197082519531,47890100,0.0,0.0,0.0
2024-08-09,442.1034884926195,447.36828199277033,440.9852113926826,445.73541259765625,33574000,0.0,0.0,0.0
2024-08-12,446.7052794147843,449.65433226208825,443.8947276771572,446.69537353515625,27795000,0.0,0.0,0.0
2024-08-13,451.0892927675415,458.0463309110078,450.9507312570199,457.7791137695313,40084500,0.0,0.0,0.0
2024-08-14,458.6994548040249,460.2828249869912,453.6424734145616,457.9275512695313,34733700,0.0,0.0,0.0
2024-08-15,463.8950151651175,469.892119441888,463.51895413772047,469.4962768554688,38280600,0.0,0.0,0.0
2024-08-16,467.71492303753774,471.465597095372,466.7549889446626,470.0999145507813,38383600,0.0,0.0,0.0
2024-08-19,470.2384190047046,476.3146787618839,468.45708234495805,476.2750854492188,23737700,0.0,0.0,0.0
2024-08-20,475.3647276004776,477.9278438448903,473.5833906524261,475.2756652832031,29209300,0.0,0.0,0.0
2024-08-21,476.0573769337116,479.3429273302922,474.3453511879504,477.4923400878906,25658800,0.0,0.0,0.0
2024-08-22,479.8080927390778,480.5008398814065,468.8925686132165,469.9217834472656,37739600,0.0,0.0,0.0
2024-08-23,474.2661885575702,477.72986373864114,470.3472959517967,475.018310546875,36061500,0.0,0.0,0.0
2024-08-26,474.4740680715652,475.39440887231615,468.3284964516656,470.4067077636719,27452600,0.0,0.0,0.0
2024-08-27,468.7738661067826,472.8807897765833,466.8144044330908,471.81201171875,27510000,0.0,0.0,0.0
2024-08-28,471.3468319839668,472.0692363493378,463.0340174366107,466.4580993652344,37372400,0.0,0.0,0.0
2024-08-29,468.3681027942321,472.9698371268016,464.4986787706856,465.7752990722656,41081500,0.0,0.0,0.0
2024-08-30,470.1098416754634,471.9505233094589,465.6268571465425,471.3270568847656,33466500,0.0,0.0,0.0
2024-09-03,468.2889241832924,468.41754961460447,454.6420347086688,457.0171203613281,44985200,0.0,0.0,0.0
2024-09-04,453.9097213390106,459.6297325855357,452.9794746829276,455.8295593261719,32505100,0.0,0.0,0.0
2024-09-05,454.206603100529,460.53026908790207,453.18729411410754,456.255126953125,34452400,0.0,0.0,0.0
2024-09-06,455.5524424798757,456.4332200932518,443.5384534202868,444.03326416015625,50624400,0.0,0.0,0.0
2024-09-09,448.35791362802206,450.73299918390046,445.1515496376288,449.7433776855469,32981200,0.0,0.0,0.0
2024-09-10,451.50491342000015,454.404527431382,447.5365516543528,453.8998107910156,29680300,0.0,0.0,0.0
2024-09-11,455.13684408962206,464.4986553607296,446.5964054047374,463.7564392089844,57843000,0.0,0.0,0.0
2024-09-12,463.78610782015113,469.1201821772386,462.00480120861374,468.3086853027344,40067800,0.0,0.0,0.0
2024-09-13,467.57640460415297,471.5843598337803,467.3487807735019,470.4067077636719,29111800,0.0,0.0,0.0
2024-09-16,468.2789916995769,468.94202118034616,465.0132528878114,468.3284606933594,22585600,0.0,0.0,0.0
2024-09-17,471.3468556724097,472.6432574845495,466.082061787513,468.5758972167969,30084400,0.0,0.0,0.0
2024-09-18,469.7733253245315,473.8604366394035,465.9434648552166,466.5471496582031,39909200,0.0,0.0,0.0
2024-09-19,477.6012591522515,481.183714662508,475.50326622193984,478.3434753417969,52782500,0.0,0.0,0.0
2024-09-20,477.4824523914932,478.670010233335,473.3359360248487,477.4329833984375,34577700,0.0,0.0,0.0
2024-09-23,478.6093293815021,479.7886362580896,477.2714569319046,478.6985168457031,24843000,0.0,0.0,0.0
2024-09-24,480.1057741228812,481.95896214496486,475.8543534522044,481.0075988769531,25952600,0.0,0.0,0.0
2024-09-25,480.3832116885974,483.4058168403224,480.2048367630411,481.4535217285156,26549900,0.0,0.0,0.0
2024-09-26,488.93568125355074,489.2627322137733,481.4337116875212,485.07073974609375,32020200,0.0,0.0,0.0
2024-09-27,486.091478815064,486.2302350383357,481.1958761808272,482.3751831054688,22851100,0.0,0.0,0.0
2024-09-30,481.41389274489046,484.0202596018101,478.5796124436247,483.6833190917969,30281100,0.0,0.0,0.0
2024-10-01,483.3166279541935,483.6139194959118,473.1091848680393,476.94439697265625,42735400,0.0,0.0,0.0
2024-10-02,476.0425807215539,479.530962836938,473.42632437830656,477.6183166503906,23744000,0.0,0.0,0.0
2024-10-03,475.4281875265743,480.1949538329901,474.6849283697324,477.2615661621094,25337200,0.0,0.0,0.0
2024-10-04,483.0688998990654,483.4950278786583,478.0543806808698,482.9400634765625,30686600,0.0,0.0,0.0
2024-10-07,481.0274062437878,482.19679333270193,476.5480119306122,477.7669677734375,24975100,0.0,0.0,0.0
2024-10-08,480.3039713647608,485.5860530274448,479.5012539107751,484.9022521972656,28272000,0.0,0.0,0.0
2024-10-09,484.6049568617026,489.2924553688292,483.5644061682119,488.7176513671875,24995000,0.0,0.0,0.0
2024-10-10,486.4382768631559,490.0257356900105,485.1301336824378,488.1626281738281,25750400,0.0,0.0,0.0
2024-10-11,486.32930368033,489.9465223032904,485.7644497271091,488.9257507324219,20644500,0.0,0.0,0.0
2024-10-14,491.3140720656338,494.3465667594224,490.8086764455291,493.0285339355469,26060100,0.0,0.0,0.0
2024-10-15,493.355600435728,494.019591930527,484.2878446666045,486.4383544921875,34784500,0.0,0.0,0.0
2024-10-16,486.7653651407915,487.2707910406484,483.1878256155484,486.497802734375,22996800,0.0,0.0,0.0
2024-10-17,491.97807225486406,492.02761076485535,486.7752584875692,486.834716796875,27210700,0.0,0.0,0.0
2024-10-18,489.61949922818457,491.11593737118017,488.866320256617,490.02581787109375,25335000,0.0,0.0,0.0
2024-10-21,488.8167449574573,491.7699720639436,486.894178959246,490.9672546386719,30336500,0.0,0.0,0.0
2024-10-22,488.3014001444192,492.9789784395571,487.5482212748488,491.5023498535156,26685800,0.0,0.0,0.0
2024-10-23,489.1536461260324,489.807717724267,480.6903945433638,483.97064208984375,39346600,0.0,0.0,0.0
2024-10-24,487.6869767564032,488.5689920905471,485.0409912405532,487.8951110839844,22024900,0.0,0.0,0.0
2024-10-25,490.6897586206183,495.7835452221233,489.9861182359376,490.8681335449219,38762100,0.0,0.0,0.0
2024-10-28,493.97994371032735,494.039402024184,490.65015716118575,490.9474487304688,20477800,0.0,0.0,0.0
2024-10-29,491.2645761995589,496.8439798063239,489.41138819730327,495.6646728515625,28014100,0.0,0.0,0.0
2024-10-30,494.90162723594295,495.8529905378008,491.43308432455694,491.9186706542969,29756000,0.0,0.0,0.0
2024-10-31,487.954583939498,488.00412245137545,479.4021439536564,479.5012512207031,41245200,0.0,0.0,0.0
2024-11-01,481.13645636336247,486.33927077305896,480.8391647801261,483.0491027832031,33655800,0.0,0.0,0.0
2024-11-04,482.4445325917277,484.9815212261517,479.8976241581466,481.6418151855469,23291600,0.0,0.0,0.0
2024-11-05,483.2274099331328,488.450063211135,483.1382224706754,487.78607177734375,24353600,0.0,0.0,0.0
2024-11-06,496.0610187731658,501.8584456584405,495.1096556168165,501.035888671875,43082200,0.0,0.0,0.0
2024-11-07,503.8305603075559,509.70728521710686,503.7711019992823,508.9243469238281,32853100,0.0,0.0,0.0
2024-11-08,508.42889322268616,510.29200105591366,507.8045506782223,509.51904296875,22924500,0.0,0.0,0.0
2024-11-11,510.73789673440615,510.9460310487798,506.3279110734033,509.2216796875,24167500,0.0,0.0,0.0
2024-11-12,509.1523041657435,510.0342589618139,505.2476838428485,508.2999877929688,25835300,0.0,0.0,0.0
2024-11-13,507.7946415908849,510.351409345938,505.36664976558126,507.6459655761719,24567400,0.0,0.0,0.0
2024-11-14,507.30904134011206,508.1811066415075,503.2062364575977,504.1179809570313,28679500,0.0,0.0,0.0
2024-11-15,498.4196764454938,498.8061554755535,490.0456112891242,492.10693359375,51461100,0.0,0.0,0.0
2024-11-18,493.6529120920853,497.6268806924794,492.265501060555,495.5259094238281,27080800,0.0,0.0,0.0
2024-11-19,492.9492754485386,499.4205835584643,492.612304704476,498.9349670410156,24523000,0.0,0.0,0.0
2024-11-20,498.6376937257053,498.9548248827178,492.0970072679585,498.6476135253906,29565500,0.0,0.0,0.0
2024-11-21,501.6899694116418,502.4034993526954,493.0879914090944,500.4413146972656,34526700,0.0,0.0,0.0
2024-11-22,499.8863672514566,501.9773883931018,498.2610927916357,501.2440490722656,23826600,0.0,0.0,0.0
2024-11-25,505.3171131868859,506.8532002381663,499.727820122481,502.036865234375,26375200,0.0,0.0,0.0
2024-11-26,503.51346597969416,505.5549789384047,502.6711298031389,504.732421875,26557100,0.0,0.0,0.0
2024-11-27,503.6026837920866,503.6720316612962,497.41874708868886,500.7584533691406,24957400,0.0,0.0,0.0
2024-11-29,501.3827848330466,505.7531521748565,500.7683621205399,505.1585388183594,15334000,0.0,0.0,0.0
2024-12-02,506.4171903389158,511.6200047622551,506.0306810364007,510.65869140625,25147200,0.0,0.0,0.0
2024-12-03,509.3306878343324,512.5019386948712,508.7558838722561,512.2244262695312,18597900,0.0,0.0,0.0
2024-12-04,515.6434895026028,518.8147407281132,514.9299292457346,518.5570678710938,26086200,0.0,0.0,0.0
2024-12-05,518.6065744020088,519.3299939278061,516.733546890651,517.1200561523438,18169600,0.0,0.0,0.0
2024-12-06,517.7839377833512,521.9858190453816,517.6551013825894,521.7479858398438,23762600,0.0,0.0,0.0
2024-12-09,520.8264281316256,521.6192257616104,516.5353285463648,517.6849365234375,20674400,0.0,0.0,0.0
2024-12-10,518.9137744707876,520.6579655236552,514.4938385293885,515.9208984375,24350000,0.0,0.0,0.0
2024-12-11,520.2813419948772,525.8409052468438,519.875053656175,525.1571044921875,32168600,0.0,0.0,0.0
2024-12-12,522.9373315206931,524.2058562213963,521.2922778164673,521.7679443359375,23577500,0.0,0.0,0.0
2024-12-13,525.6923406392922,528.3779449247531,522.5607082907461,525.76171875,28780400,0.0,0.0,0.0
2024-12-16,528.2888501482084,534.304302025787,528.2095522285142,533.3330688476562,31979900,0.0,0.0,0.0
2024-12-17,531.5392783661994,532.6492071689107,529.3293405604305,530.9843139648438,28579100,0.0,0.0,0.0
2024-12-18,530.3402258870792,532.0546577112797,510.381224801886,511.82806396484375,54703200,0.0,0.0,0.0
2024-12-19,516.5055998486908,517.0704840052069,509.2117652949213,509.5486755371094,46441800,0.0,0.0,0.0
2024-12-20,505.852260942774,520.1030209685301,504.7126029813591,513.9983520507812,60530000,0.0,0.0,0.0
2024-12-23,515.7106302984251,519.3833002478667,512.3159202923702,519.006103515625,29672800,0.0,0.0,0.0
2024-12-24,520.9516666586724,526.1330632045123,520.3163815436208,526.0437622070312,17558200,0.0,0.0,0.0
2024-12-26,524.4157698857358,527.3141743842485,522.4206139118845,525.686279296875,19090500,0.0,0.0,0.0
2024-12-27,522.1229428744699,522.5596938208661,514.0331448619471,518.6984252929688,33839600,0.0,0.0,0.0
2024-12-30,511.700567886798,515.5220934757389,508.0477388006378,511.7998046875,34584000,0.0,0.0,0.0
2024-12-31,513.0802310210817,513.8345638741997,506.4892848247344,507.4521179199219,29117000,0.0,0.0,0.0
2025-01-02,510.4994035854788,512.8221380642742,501.9728857721829,506.4595031738281,36389800,0.0,0.0,0.0
2025-01-03,509.5564103096281,515.8099028942349,508.7425232782233,514.747802734375,29059500,0.0,0.0,0.0
2025-01-06,520.1476411928097,524.018784806924,518.1723564940825,520.6637573242188,36109700,0.0,0.0,0.0
2025-01-07,521.7059999662438,522.1030076792526,509.4869713360559,511.3728942871094,36690300,0.0,0.0,0.0
2025-01-08,511.2736819109176,513.1000507629971,506.7970001880406,511.4622802734375,30777800,0.0,0.0,0.0
2025-01-10,507.7002616861164,507.7994984696709,500.1961312090663,503.4419555664063,40532500,0.0,0.0,0.0
2025-01-13,497.4962694940487,502.2806278778251,496.0073541188176,501.8240356445313,31694200,0.0,0.0,0.0
2025-01-14,504.9804910575475,506.39001083545065,497.8833343601906,501.3475341796875,33737200,0.0,0.0,0.0
2025-01-15,509.23879071405617,514.0231181011155,507.6803552886918,512.8816528320312,34957600,0.0,0.0,0.0
2025-01-16,515.144785037811,515.224210811633,509.15937746744135,509.2884216308594,28229000,0.0,0.0,0.0
2025-01-17,518.9862432829292,520.1972592877152,509.31822917298143,517.8844604492188,51837900,0.0,0.0,0.0
2025-01-21,520.6041104370049,522.0830897487288,516.2167908885407,520.9217529296875,23628000,0.0,0.0,0.0
2025-01-22,525.6566091124832,529.875202608773,525.3489023631776,527.582275390625,33593000,0.0,0.0,0.0
2025-01-23,525.1304247166951,528.8229657869698,524.5448186856646,528.703857421875,23096600,0.0,0.0,0.0
2025-01-24,529.0810884811151,529.8453571094432,524.2470818339253,525.7161254882812,19878300,0.0,0.0,0.0
2025-01-27,507.223825099109,514.1621608800974,506.3801003492405,510.4101257324219,60771700,0.0,0.0,0.0
2025-01-28,511.4125906777684,519.135127001106,507.9980395084438,517.9539184570312,33194200,0.0,0.0,0.0
2025-01-29,518.5991606876129,518.7282048637726,513.0802502522747,516.981201171875,26649000,0.0,0.0,0.0
2025-01-30,519.8399100776113,522.2122024136221,514.3805539731445,519.1847534179688,27431300,0.0,0.0,0.0
2025-01-31,523.0261489535886,527.5921922182381,517.3385119017584,518.4303588867188,38755200,0.0,0.0,0.0
2025-02-03,509.6755846757201,517.0010535797855,507.27348469906485,514.2813110351562,40580800,0.0,0.0,0.0
2025-02-04,514.7973683319532,521.2294622346358,514.4003000680867,520.5941772460938,26046800,0.0,0.0,0.0
2025-02-05,517.9637462803464,523.1153944924179,516.7726021892579,522.95654296875,21134100,0.0,0.0,0.0
2025-02-06,523.4628423892975,525.8947492260023,521.8548188906348,525.686279296875,19434500,0.0,0.0,0.0
2025-02-07,526.2224024701397,528.1678797493125,518.3311390158517,519.0557250976562,29605500,0.0,0.0,0.0
2025-02-10,523.3239005134812,526.4407109622551,522.8574028177311,525.3389282226562,20852800,0.0,0.0,0.0
2025-02-11,522.0732896066455,526.0039872775455,521.9442454321847,524.0882568359375,19325500,0.0,0.0,0.0
2025-02-12,518.4403344445669,525.2794337785684,518.0929450820138,524.39599609375,25009400,0.0,0.0,0.0
2025-02-13,526.0635838146525,532.2574623508953,525.2794434932922,531.9398803710938,28714800,0.0,0.0,0.0
2025-02-14,532.0490173479468,534.8581212532781,531.7115032138299,534.1732177734375,17862600,0.0,0.0,0.0
2025-02-18,535.7414804029439,536.0095045421328,532.078746365208,535.3841552734375,20565000,0.0,0.0,0.0
2025-02-19,534.590089236306,536.8135264180986,532.4956962288245,535.5330810546875,19666900,0.0,0.0,0.0
2025-02-20,534.7488640035847,535.1161249242239,528.52523935916,533.2599487304688,26550800,0.0,0.0,0.0
2025-02-21,534.4014135025412,534.4212850908257,521.8250608987436,522.1923217773438,47093800,0.0,0.0,0.0
2025-02-24,523.979014688761,525.1602231091551,515.6907447415672,516.0281982421875,39268400,0.0,0.0,0.0
2025-02-25,515.402907751773,515.4823335308943,505.67533996149535,509.5266723632813,48940000,0.0,0.0,0.0
2025-02-26,511.7203095816127,515.8197335223668,507.5910176736259,510.7574462890625,34457600,0.0,0.0,0.0
2025-02-27,514.3011865859362,515.2342427040011,496.3547751541108,496.5731506347656,52448000,0.0,0.0,0.0
2025-02-28,496.4341695072467,505.0202421170077,493.2578045883236,504.4147644042969,47654000,0.0,0.0,0.0
2025-03-03,507.7399316146111,509.2486881332856,489.9325031496364,493.3768615722656,44587200,0.0,0.0,0.0
2025-03-04,490.5280988504062,500.0174498903787,484.1356867718227,491.8879699707031,67875400,0.0,0.0,0.0
2025-03-05,492.5331693757525,499.9082555325708,487.6296728031353,498.30023193359375,46323700,0.0,0.0,0.0
2025-03-06,490.0417360224173,494.89558418778057,482.6070952577814,484.5923156738281,57574300,0.0,0.0,0.0
2025-03-07,483.56000203653406,489.63477178176,476.9789913818525,488.1557922363281,54714700,0.0,0.0,0.0
2025-03-10,479.8774159142813,480.3935623159445,465.1967024947357,469.2366333007813,76668000,0.0,0.0,0.0
2025-03-11,468.8594173402994,475.27167052229146,463.5588826960084,468.1149597167969,68760800,0.0,0.0,0.0
2025-03-12,475.6190975102553,477.5050507939482,468.3035653299785,473.3956604003906,46971100,0.0,0.0,0.0
2025-03-13,472.7305781456632,472.76035523811606,462.98313932199375,464.8790283203125,46563300,0.0,0.0,0.0
2025-03-14,470.2292160585815,477.0087300371878,469.6237081167645,476.1153869628906,43563000,0.0,0.0,0.0
2025-03-17,476.0657408601252,482.2497130174167,474.2691189068619,479.202392578125,41744400,0.0,0.0,0.0
2025-03-18,475.86724027334935,476.0657441300447,468.9189691557921,471.0332336425781,39072300,0.0,0.0,0.0
2025-03-19,473.28646764378425,481.74349565345614,471.3608014299573,477.3363342285156,40430300,0.0,0.0,0.0
2025-03-20,473.3559666184429,480.969270043224,472.6611273475336,475.7183837890625,36780500,0.0,0.0,0.0
2025-03-21,470.5766275228687,478.0509810732746,469.4152905592447,477.2866821289063,42234900,0.0,0.0,0.0
2025-03-24,484.8576491349716,488.60538941404207,481.5373907904982,487.7604064941406,34567200,0.0,0.0,0.0
2025-03-25,488.4861400211188,490.7029423960745,487.5218710331621,490.54388427734375,26035200,0.0,0.0,0.0
2025-03-26,489.3907271556028,490.2456607367531,479.96676889831855,481.5175476074219,34627100,0.0,0.0,0.0
2025-03-27,479.5591436051509,483.70448349873095,477.4119047450076,478.7738037109375,33469800,0.0,0.0,0.0
2025-03-28,476.9745201773356,477.6803158784236,465.2840071747282,466.1687622070313,46363800,0.0,0.0,0.0
2025-03-31,459.1902923533091,467.0833429313181,454.6273903087932,466.14892578125,53000300,0.0,0.0,0.0
2025-04-01,464.538472789733,470.8310825660288,461.6755176682955,469.9065856933594,41156200,0.0,0.0,0.0
2025-04-02,463.3654552205704,476.72603385839966,463.10698198476695,473.336181640625,49894500,0.0,0.0,0.0
2025-04-03,453.7426062022167,457.35115906183495,447.4798490710848,447.9967651367188,70456300,0.0,0.0,0.0
2025-04-04,435.5507906868112,437.7675929050692,420.1722106933594,420.1722106933594,117088400,0.0,0.0,0.0
2025-04-07,406.2450094034349,440.52125924890055,400.0120731655039,421.1861877441406,161557000,0.0,0.0,0.0
2025-04-08,435.5706616527368,440.5212428610244,407.3683213181599,413.6012573242188,101248100,0.0,0.0,0.0
2025-04-09,413.11420733728266,465.0653576176641,412.9750201017136,463.2461853027344,142876900,0.0,0.0,0.0
2025-04-10,450.8796973929854,452.8976999510687,430.0733899256375,443.5433044433594,108384100,0.0,0.0,0.0
2025-04-11,442.0223093443537,453.09649143953806,438.7219217931667,451.7146911621094,52483800,0.0,0.0,0.0
2025-04-14,461.7152518499013,462.3017615875565,449.955174921676,454.7765197753906,43941200,0.0,0.0,0.0
2025-04-15,455.8302457357999,459.64754944257936,453.4543549864483,455.2834777832031,35404200,0.0,0.0,0.0
2025-04-16,446.3764289285455,449.94520996662885,435.17304059444126,441.5550842285156,48980600,0.0,0.0,0.0
2025-04-17,444.5274202476084,445.103979334769,438.75172707786896,441.4755554199219,44837000,0.0,0.0,0.0
2025-04-21,435.64027525418857,436.48522787937225,425.40112526573694,430.5505065917969,44149300,0.0,0.0,0.0
2025-04-22,436.22677695266526,444.9349886334612,435.0338562821401,441.8533325195313,52304400,0.0,0.0,0.0
2025-04-23,455.4624618093524,460.6416648662758,450.20371452286577,451.873779296875,55801100,0.0,0.0,0.0
2025-04-24,453.7823774307529,464.8963003495516,453.13619442842605,464.588134765625,45956100,0.0,0.0,0.0
2025-04-25,464.2104027176438,470.29423120888106,462.63975320893314,469.7673645019531,38697100,0.0,0.0,0.0
2025-04-28,470.2345868172972,472.0040665388327,463.2759539267501,469.6182556152344,33550800,0.0,0.0,0.0
2025-04-29,467.3915080044207,473.6045731544733,466.8149185696458,472.7198181152344,30613100,0.0,0.0,0.0
2025-04-30,464.36947606745446,474.3799741649081,459.697238824554,472.6601867675781,46810600,0.0,0.0,0.0
2025-05-01,480.5532835490319,484.3009937448063,477.89904861368166,478.83349609375,43316500,0.0,0.0,0.0
2025-05-02,483.66474747370063,488.0089176296903,481.9648310617846,485.9411926269531,39218100,0.0,0.0,0.0
2025-05-05,481.73625313567294,486.140066685344,481.2392078951981,483.0583801269531,28309500,0.0,0.0,0.0
2025-05-06,476.7259901676863,482.1835367600156,475.3640911725845,478.5650634765625,32786300,0.0,0.0,0.0
2025-05-07,479.2310866723673,482.9291041737698,473.9624196873836,480.4438781738281,38006300,0.0,0.0,0.0
2025-05-08,485.642990937839,489.7883613313791,481.3087712750368,485.4044189453125,39577600,0.0,0.0,0.0
2025-05-09,487.3130565449711,488.63521379310254,483.326774588034,485.0863037109375,27767400,0.0,0.0,0.0
2025-05-12,503.9938823982519,504.8885880284101,498.5164649212852,504.8488159179688,45090600,0.0,0.0,0.0
2025-05-13,506.1510665570221,514.3324413872226,505.4154493764172,512.5430908203125,53269600,0.0,0.0,0.0
2025-05-14,513.7160603301389,516.1614836202223,512.7020688150568,515.61474609375,47014500,0.0,0.0,0.0
2025-05-15,513.46754933804,518.845551249811,512.1254910070218,516.181396484375,50153300,0.0,0.0,0.0
2025-05-16,517.5831482665423,518.6170412486316,514.0441884093638,518.4281616210938,48394600,0.0,0.0,0.0
2025-05-19,511.20100847927887,519.4420562576735,511.20100847927887,518.9251098632812,52536200,0.0,0.0,0.0
2025-05-20,516.4001137065187,517.8515075410328,513.6067220946634,517.1954345703125,42517600,0.0,0.0,0.0
2025-05-21,513.2191016405527,519.909311026266,508.2187974987168,510.0081481933594,71292800,0.0,0.0,0.0
2025-05-22,510.6245069423915,514.6506220653856,509.2725584046473,510.9625244140625,55607200,0.0,0.0,0.0
2025-05-23,503.1887069260503,508.8152626278632,502.59224657648224,506.2306213378906,58368100,0.0,0.0,0.0
2025-05-27,513.0998460017336,518.626986864166,511.54906721801433,518.1398315429688,47226300,0.0,0.0,0.0
2025-05-28,519.0940785672615,520.5852140545883,515.3264980787542,515.8433837890625,46637200,0.0,0.0,0.0
2025-05-29,523.21968658337,523.3687637584553,514.2629211840699,516.8574829101562,58513300,0.0,0.0,0.0
2025-05-30,516.3703642123456,517.6030267064441,508.9047349583655,516.0422973632812,67662800,0.0,0.0,0.0
2025-06-02,514.1832909592489,520.3566139720011,512.9207767791972,520.1180419921875,44762800,0.0,0.0,0.0
2025-06-03,520.4660102317107,525.6153916465726,519.6011563664897,524.1838989257812,44070300,0.0,0.0,0.0
2025-06-04,524.889745168766,526.7089478092026,522.8617616763219,525.645263671875,41359300,0.0,0.0,0.0
2025-06-05,527.0469446095782,529.8999797645338,519.5713639160355,521.6887817382812,61031200,0.0,0.0,0.0
2025-06-06,526.8678742932818,528.6572247503295,525.088474447436,526.788330078125,42467000,0.0,0.0,0.0
2025-06-09,527.0070935472497,529.2039944759547,525.8837665533798,527.5637817382812,33688700,0.0,0.0,0.0
2025-06-10,528.0309659877803,531.7389643345455,525.7644714899908,531.0530395507812,40664800,0.0,0.0,0.0
2025-06-11,532.4546626717411,533.6078414430042,526.9772151943893,529.2636108398438,53701000,0.0,0.0,0.0
2025-06-12,527.9515275399644,531.4805365276557,527.703004925698,530.5062866210938,34104900,0.0,0.0,0.0
2025-06-13,524.5616632957901,528.7269048823287,522.6231747023902,523.845947265625,55814400,0.0,0.0,0.0
2025-06-16,527.3649873706377,532.2062030416474,527.3152949826874,531.132568359375,37622100,0.0,0.0,0.0
2025-06-17,528.5677704245282,530.178191841852,524.7901787794913,525.9533081054688,42180900,0.0,0.0,0.0
2025-06-18,526.9673174269449,529.4028511373086,524.2833217813045,525.8638916015625,43983500,0.0,0.0,0.0
2025-06-20,529.1146401876316,530.4069457539052,521.7782471531975,523.7167358398438,61643500,0.0,0.0,0.0
2025-06-23,524.2849177292203,529.6192118620138,521.1400908129034,529.1017456054688,50666100,0.0,0.0,0.0
2025-06-24,534.3166475371182,538.1083833993794,533.6996241180443,537.1928100585938,45442000,0.0,0.0,0.0
2025-06-25,539.4618726543914,540.7058813321303,536.7947253384327,538.566162109375,44804200,0.0,0.0,0.0
2025-06-26,540.7456288167091,544.0497229160504,538.9244439782782,543.6018676757812,43811400,0.0,0.0,0.0
2025-06-27,544.6369129629151,547.3538082383178,541.9299187322695,545.4629516601562,57577100,0.0,0.0,0.0
2025-06-30,548.6177271894713,550.150323841353,546.3785118204822,548.9959106445312,45548700,0.0,0.0,0.0
2025-07-01,547.0950210069877,548.0703649871544,542.0493151839511,544.3681640625,56166700,0.0,0.0,0.0
2025-07-02,543.5421983416136,548.3590266820488,543.5024119311546,548.1599731445312,36538300,0.0,0.0,0.0
2025-07-03,550.528547956803,554.5292991491806,550.528547956803,553.553955078125,26443500,0.0,0.0,0.0
2025-07-07,550.8669428006658,551.6830197478901,546.9458251844275,549.3840942382812,45349300,0.0,0.0,0.0
2025-07-08,550.7275591514004,551.3545443122363,548.4584584278795,549.6925659179688,36153300,0.0,0.0,0.0
2025-07-09,551.8223265771115,554.9572527460838,550.4489361357153,553.5838623046875,43045500,0.0,0.0,0.0
2025-07-10,554.2207589895446,554.6287670725607,550.1005880395711,552.7876586914062,34710900,0.0,0.0,0.0
2025-07-11,550.647990624161,553.126046198862,549.4039819426756,551.543701171875,39618600,0.0,0.0,0.0
2025-07-14,551.3346156245823,554.2804496744797,548.9859421113066,553.5440063476562,36453300,0.0,0.0,0.0
2025-07-15,557.5646229155932,558.1119745200461,553.9918036921638,554.051513671875,43277700,0.0,0.0,0.0
2025-07-16,554.6088733698717,557.524821997974,548.9162589009651,554.6187744140625,52314700,0.0,0.0,0.0
2025-07-17,555.3453275516479,559.6147429299454,554.5392124594489,559.107177734375,40423800,0.0,0.0,0.0
2025-07-18,560.4208944407413,562.0231629422733,557.2959302535468,558.56982421875,50484700,0.0,0.0,0.0
2025-07-21,559.3958338406302,563.3467757995568,559.365948479278,561.4658203125,39595200,0.0,0.0,0.0
2025-07-22,561.5953057671576,561.6450539693269,555.9325754286451,558.5599365234375,43270600,0.0,0.0,0.0
2025-07-23,559.644679980569,561.1473913894928,556.897899192682,561.1076049804688,40215300,0.0,0.0,0.0
2025-07-24,562.4212998555654,563.5259649748344,560.590092369004,562.3018798828125,42275500,0.0,0.0,0.0
2025-07-25,562.2222949681642,564.9790378534013,561.5654850611911,563.6553955078125,30630800,0.0,0.0,0.0
2025-07-28,565.0187630549528,566.3125198933016,564.1529379000713,565.4168701171875,31498700,0.0,0.0,0.0
2025-07-29,568.0243008153843,569.3678058353573,563.8145950597007,564.5410766601562,45463300,0.0,0.0,0.0
2025-07-30,565.4566306884598,567.88493787487,562.3416283337683,565.2974243164062,43433800,0.0,0.0,0.0
2025-07-31,571.7861703841629,571.8757657350329,561.1673293990499,562.3018798828125,64613600,0.0,0.0,0.0
2025-08-01,556.1514446022372,556.3405363278684,549.0356915374143,551.2251586914062,69400800,0.0,0.0,0.0
2025-08-04,556.3703965814645,561.6151562999452,556.2709001900665,561.3961791992188,47669800,0.0,0.0,0.0
2025-08-05,562.6799876518158,563.8443626007596,557.047083143738,557.5845336914062,48666600,0.0,0.0,0.0
2025-08-06,558.4205728770752,565.0387235781728,557.9428929652461,564.600830078125,41823700,0.0,0.0,0.0
2025-08-07,568.9298809926769,570.5719965866228,562.4013265086303,566.5115356445312,44463000,0.0,0.0,0.0
2025-08-08,567.7158183687225,572.0151196938974,567.4172684314073,571.796142578125,35255500,0.0,0.0,0.0
2025-08-11,571.9353942373868,574.0352659921666,568.8303539029688,570.1041870117188,33112900,0.0,0.0,0.0
2025-08-12,572.4031988590039,577.5683253251331,569.7460133279651,577.269775390625,42143300,0.0,0.0,0.0
2025-08-13,579.9667330931853,580.5240464797514,576.165035771658,577.558349609375,41209300,0.0,0.0,0.0
2025-08-14,575.508266162602,579.0909866487473,575.139983732242,577.1105346679688,45425000,0.0,0.0,0.0
2025-08-15,577.0209239007323,577.060771050305,572.811218330625,574.57275390625,49480200,0.0,0.0,0.0
2025-08-18,573.67703945311,575.0006815724842,572.4827790837365,574.3438110351562,29831000,0.0,0.0,0.0
2025-08-19,573.6273596101793,573.7965277870278,565.5263603018907,566.5514526367188,53752600,0.0,0.0,0.0
2025-08-20,565.6059676042936,565.7253875756548,556.1614636230435,563.1876220703125,76781100,0.0,0.0,0.0
2025-08-21,561.6449570276834,563.774714247948,558.2911148293009,560.5801391601562,46436900,0.0,0.0,0.0
2025-08-22,561.9634564557491,571.238791941298,560.5702032580724,569.2284545898438,51502100,0.0,0.0,0.0
2025-08-25,567.6660593438861,570.542161218221,566.4319517221652,567.58642578125,34044700,0.0,0.0,0.0
2025-08-26,567.0987131018536,570.1738681264644,566.0736209319145,569.8653564453125,34103000,0.0,0.0,0.0
2025-08-27,568.8503542214644,571.6567843025553,567.6361701841732,570.7412109375,36927100,0.0,0.0,0.0
2025-08-28,571.3581690220095,575.2295381040836,569.716114225579,574.31396484375,46787900,0.0,0.0,0.0
2025-08-29,571.9055458127416,572.273828233091,565.8148847062891,567.666015625,56030400,0.0,0.0,0.0
2025-09-02,558.6195961337324,563.257233673264,556.8580604404501,562.908935546875,65876800,0.0,0.0,0.0
2025-09-03,566.5015849549442,568.9597775003773,564.0135677896833,567.3375854492188,54230200,0.0,0.0,0.0
2025-09-04,568.0043095836706,572.840999970597,566.3025448600863,572.4727783203125,47526300,0.0,0.0,0.0
2025-09-05,577.707586970244,578.3345721151251,568.7905728965633,573.298828125,68342500,0.0,0.0,0.0
2025-09-08,575.5978554949527,578.0560483188578,575.0007556046913,576.095458984375,46371400,0.0,0.0,0.0
2025-09-09,576.8915385805233,578.1554707195171,574.274139701763,577.7275390625,44007600,0.0,0.0,0.0
2025-09-10,580.9420329124574,580.971918274203,575.7769069667078,577.9166259765625,49308000,0.0,0.0,0.0
2025-09-11,580.4443950823623,582.0765487866307,578.8321649514098,581.2803955078125,44745800,0.0,0.0,0.0
2025-09-12,582.2358530939185,585.0423439865303,581.3003561297145,583.8480834960938,50745900,0.0,0.0,0.0
2025-09-15,585.6195335974215,588.9534523182087,585.4702282697297,588.843994140625,44360300,0.0,0.0,0.0
2025-09-16,589.7694518261646,590.0182535112544,587.6596183960106,588.3463134765625,36942100,0.0,0.0,0.0
2025-09-17,588.2667613743852,588.9136701422223,581.5690385221046,587.1720581054688,69384800,0.0,0.0,0.0
2025-09-18,592.058483907603,595.2730433570825,590.1178791327126,592.466552734375,61069300,0.0,0.0,0.0
2025-09-19,594.4668355857931,597.1737686554727,592.9938883636707,596.4771118164062,58196100,0.0,0.0,0.0
2025-09-22,595.56457167487,600.6759063866804,595.5446250028239,600.0083618164062,57154800,0.0,0.0,0.0
2025-09-23,600.1777560752951,600.3770403666388,594.8073576106723,596.02294921875,64635500,0.0,0.0,0.0
2025-09-24,597.3979183069385,597.7167610032964,591.2005236200914,593.9305419921875,49850300,0.0,0.0,0.0
2025-09-25,590.0447574609248,592.9541133753095,586.358211090951,591.3699340820312,70920200,0.0,0.0,0.0
2025-09-26,592.1869260081028,594.1298414316656,588.9089213733314,593.801025390625,54337400,0.0,0.0,0.0
2025-09-29,596.929586249639,599.858888854889,595.2357610619866,596.5509643554688,48332900,0.0,0.0,0.0
2025-09-30,596.2520555976123,598.5237869140956,593.9305184146496,598.1849975585938,46533800,0.0,0.0,0.0
2025-10-01,594.9966151966095,601.592517201177,594.1696797218984,601.0545043945312,46899600,0.0,0.0,0.0
2025-10-02,604.8506893778672,604.950301116935,600.7357150581139,603.5255126953125,43765400,0.0,0.0,0.0
2025-10-03,604.3027001978111,605.1197232184186,599.2013385970163,600.9848022460938,46482100,0.0,0.0,0.0
2025-10-06,606.2355880916678,607.1422494333636,603.7645725777412,605.498291015625,41962100,0.0,0.0,0.0
2025-10-07,606.8035939044607,607.4910851983766,600.835403229105,602.3099975585938,58209500,0.0,0.0,0.0
2025-10-08,603.2066381307736,609.523591030116,603.0572205300643,609.2147216796875,50629800,0.0,0.0,0.0
2025-10-09,609.2545466200572,609.3840783602061,605.2691043090726,608.4774169921875,45551000,0.0,0.0,0.0
2025-10-10,609.174937229752,610.9484275974415,586.9062397942465,587.3546142578125,97614800,0.0,0.0,0.0
2025-10-13,597.497493628088,600.7556121211176,595.056398092238,599.8190307617188,65872600,0.0,0.0,0.0
2025-10-14,593.1434568492728,600.4966033203683,587.9823159734815,595.8236694335938,69203200,0.0,0.0,0.0
2025-10-15,601.8117836952674,604.4919961772353,593.7611729131481,600.0282592773438,62805500,0.0,0.0,0.0
2025-10-16,602.9077579751356,606.0961241101174,593.3327470469682,597.806396484375,70982000,0.0,0.0,0.0
2025-10-17,595.7738386787643,603.306322454893,594.1995718879336,601.7320556640625,72024900,0.0,0.0,0.0
2025-10-20,604.9303809627713,610.5697551235123,604.8606284241672,609.3143310546875,45761700,0.0,0.0,0.0
2025-10-21,609.41403175621,610.4900574537519,607.1024677916307,609.1549682617188,44538200,0.0,0.0,0.0
2025-10-22,608.5969960402966,609.1848147458128,597.5573034367524,603.286376953125,61478800,0.0,0.0,0.0
2025-10-23,602.7085014161719,609.1450131867009,602.319966975814,608.35791015625,42844300,0.0,0.0,0.0
2025-10-24,613.7481802624443,616.1693293175521,612.8913247080658,614.8541259765625,47632500,0.0,0.0,0.0
2025-10-27,622.2471843336021,626.2624862060553,621.7589773359792,625.80419921875,54098600,0.0,0.0,0.0
2025-10-28,628.0658354818435,632.3701204498367,626.9598898422056,630.6165161132812,61195700,0.0,0.0,0.0
2025-10-29,633.276839153424,634.69165413006,627.9562469711387,633.4561767578125,67422800,0.0,0.0,0.0
2025-10-30,629.869267455657,631.1944440896802,623.6619603385896,623.7715454101562,61628600,0.0,0.0,0.0
2025-10-31,631.8619318884121,631.8918518941646,624.4091746831857,626.780517578125,66305100,0.0,0.0,0.0
2025-11-03,632.7985429356352,633.5059808284601,627.5576766411583,629.7796020507812,37154300,0.0,0.0,0.0
2025-11-04,621.0117005353788,624.6683271251044,616.2092348629542,616.996337890625,63830800,0.0,0.0,0.0
2025-11-05,616.2390515684897,624.3195213581258,614.9637416360841,621.0116577148438,48688500,0.0,0.0,0.0
2025-11-06,619.5270737190788,619.7761638844125,608.078899450419,609.4439086914062,72115100,0.0,0.0,0.0
2025-11-07,606.0961466218313,607.7301926884926,596.4912153281726,607.5209350585938,81835400,0.0,0.0,0.0
2025-11-10,616.6674802752618,622.0378784586748,614.644899897251,620.9617919921875,55919900,0.0,0.0,0.0
2025-11-11,618.3115007347396,620.4536395227035,615.2726130875191,619.307861328125,44868800,0.0,0.0,0.0
2025-11-12,622.566027998916,622.5859138594624,615.5615832963299,618.8197021484375,47444400,0.0,0.0,0.0
2025-11-13,615.2925422980531,615.8704485105809,603.8742880136988,606.1858520507812,71333600,0.0,0.0,0.0
2025-11-14,597.3679290922347,611.1176919097272,594.9965862233795,606.64404296875,80087300,0.0,0.0,0.0
2025-11-17,604.0934192729386,610.2509204798646,597.6868279161546,601.4630126953125,63850400,0.0,0.0,0.0
2025-11-18,597.4377215700049,600.1179339423381,589.1878876531316,594.1397705078125,83327300,0.0,0.0,0.0
2025-11-19,594.8969703439581,603.953853223184,592.4260157669842,597.686767578125,73111500,0.0,0.0,0.0
2025-11-20,609.3940836964333,611.7953468701894,582.6218784315797,583.5385131835938,117743200,0.0,0.0,0.0
2025-11-21,585.3319113971087,594.807310091711,578.6264242609341,587.9224853515625,103344200,0.0,0.0,0.0
2025-11-24,593.1135933516537,604.4720682054578,592.9939741263881,602.9575805664062,60168100,0.0,0.0,0.0
2025-11-25,601.3135864178203,608.0390203669549,595.1461119637967,606.6740112304688,57560900,0.0,0.0,0.0
2025-11-26,610.2808195033393,613.9474190856081,608.1685399702174,612.034423828125,42393600,0.0,0.0,0.0
2025-11-28,613.8677508272276,617.0660904342964,613.1802595402138,616.996337890625,23034400,0.0,0.0,0.0
2025-12-01,611.3967336448243,617.1855860502521,610.2907880213397,614.923828125,40957600,0.0,0.0,0.0
2025-12-02,617.2055331651553,621.4798980663827,615.3423437866954,619.7362670898438,54541800,0.0,0.0,0.0
2025-12-03,617.3649627124794,621.9481972408511,615.7807833814271,621.2507934570312,47841600,0.0,0.0,0.0
2025-12-04,622.6556605829674,622.665633919662,617.285262025035,620.6729125976562,47067800,0.0,0.0,0.0
2025-12-05,622.1076409382764,626.6310962033638,621.440096358939,623.20361328125,53614200,0.0,0.0,0.0
2025-12-08,624.9273247300189,626.5513972974647,619.4273950138578,622.0079956054688,43462400,0.0,0.0,0.0
2025-12-09,620.7425928652799,623.5921694288306,618.7398984397635,622.775146484375,37156000,0.0,0.0,0.0
2025-12-10,621.5795410824109,626.920080160108,618.7299643381673,625.3258666992188,55031400,0.0,0.0,0.0
2025-12-11,621.5496792982444,623.5025679748155,615.4718431258982,623.3032836914062,58272800,0.0,0.0,0.0
2025-12-12,619.8160122611713,621.2706598008424,609.1349951238292,611.3867797851562,75158700,0.0,0.0,0.0
2025-12-15,616.1195138735233,616.1693197420918,607.102462393675,608.3179931640625,49538200,0.0,0.0,0.0
2025-12-16,606.0462710202155,611.2771638485672,604.7011478051123,609.5235595703125,55152800,0.0,0.0,0.0
2025-12-17,610.8287773715621,611.4166568355257,598.0953215609716,598.2247924804688,70654300,0.0,0.0,0.0
2025-12-18,607.5806797208244,610.6992932536183,604.7111563372118,606.8931884765625,78875800,0.0,0.0,0.0
2025-12-19,609.722906345813,615.3722541519244,609.6431804668954,614.8043212890625,60369800,0.0,0.0,0.0
2025-12-22,619.8862552767364,620.1855972768566,616.3147325600856,617.7513427734375,43703100,0.0,0.0,0.0
2025-12-23,616.7437078609482,620.9437513214359,616.3247143117193,620.6444702148438,41120400,0.0,0.0,0.0
2025-12-24,620.5247726871431,622.809417120355,620.255389239048,622.460205078125,18468700,0.0,0.0,0.0
2025-12-26,623.1884938656726,624.0465142854792,621.6721158574088,622.4203491210938,28959800,0.0,0.0,0.0
2025-12-29,618.6392040742111,621.312944373981,617.2724362589381,619.4074096679688,32458300,0.0,0.0,0.0
2025-12-30,618.3798323976478,620.7142858196408,617.7612369489017,617.9707641601562,31226800,0.0,0.0,0.0
2025-12-31,618.1903012408169,618.4995685313527,612.6034567489972,612.8628540039062,40746500,0.0,0.0,0.0
2026-01-02,618.5993129536024,621.3827185880021,608.7126848809434,611.6756591796875,61859200,0.0,0.0,0.0
2026-01-05,617.8610636312775,619.3475438678657,615.2671519649484,616.5341796875,46828400,0.0,0.0,0.0
2026-01-06,617.7712838046286,622.550039153126,617.0829067758982,621.951416015625,43137500,0.0,0.0,0.0
2026-01-07,621.5723159557587,626.4607976434537,621.0934661514185,622.550048828125,44880300,0.0,0.0,0.0
2026-01-08,621.5623898130801,621.9514248328863,616.3446684463296,619.0083618164062,50435900,0.0,0.0,0.0
2026-01-09,619.946120817708,626.4108973206594,617.6016810573577,625.173828125,49688700,0.0,0.0,0.0
2026-01-12,620.8440291770474,627.368601054656,620.7941591397378,625.6925659179688,37388700,0.0,0.0,0.0
2026-01-13,625.7923733874012,627.9871421828441,622.2307758506613,624.7647705078125,44481400,0.0,0.0,0.0
2026-01-14,620.7741807448011,621.9813522711377,613.1122798122711,618.0905151367188,72598700,0.0,0.0,0.0
2026-01-15,625.1238996016858,628.5159146085045,619.2877047511574,620.3153076171875,53934900,0.0,0.0,0.0
2026-01-16,624.0265108868263,624.6051616315584,617.4221104790464,619.7965087890625,61058100,0.0,0.0,0.0
2026-01-20,609.0918377338978,613.611135001854,605.6199939698072,606.6276245117188,81988900,0.0,0.0,0.0
2026-01-21,608.0342310571399,618.958448118544,606.4280383777512,614.8282470703125,79837900,0.0,0.0,0.0
2026-01-22,620.8838887514372,620.9936758988773,616.3247080096578,619.2976684570312,42254800,0.0,0.0,0.0
2026-01-23,618.2701049354484,623.9267921630139,617.1926928942361,621.2530517578125,43645800,0.0,0.0,0.0
2026-01-26,621.7419335987944,626.1315320367429,620.654474506515,623.9866333007812,35983000,0.0,0.0,0.0
2026-01-27,627.428447510711,630.5510790290263,625.8621995501378,629.6432495117188,38997200,0.0,0.0,0.0
2026-01-28,633.9630457840011,635.1003139672691,630.3216198646463,631.728271484375,50691700,0.0,0.0,0.0
2026-01-29,631.1596506954837,632.1772064107698,616.8135217006399,627.9472045898438,79944000,0.0,0.0,0.0
2026-01-30,624.2360100363766,626.7799907137291,617.8410762491409,620.405029296875,65650700,0.0,0.0,0.0
2026-02-02,617.2425627681274,627.0094788951942,617.2026180242116,624.6650390625,49020300,0.0,0.0,0.0
2026-02-03,626.8199062679399,628.4959413976924,609.5207880738473,615.0676879882812,81234000,0.0,0.0,0.0
2026-02-04,613.5711796318161,613.6509473291842,599.0554072347201,604.322998046875,81850700,0.0,0.0,0.0
2026-02-05,598.7960977080248,603.3852370585454,593.3589241811554,595.6235961914062,89354500,0.0,0.0,0.0
2026-02-06,598.7761302609774,609.9696699932801,597.3594924154261,608.2138671875,78019300,0.0,0.0,0.0
2026-02-09,606.1088060763491,615.0078372205985,603.6446538426547,612.8728637695312,56797600,0.0,0.0,0.0
2026-02-10,613.8605219833995,615.566515685603,609.5706636004911,610.029541015625,53938900,0.0,0.0,0.0
2026-02-11,614.9280269463444,616.0653561148772,606.2584951427149,611.6657104492188,58575100,0.0,0.0,0.0
2026-02-12,613.2619605146361,614.3593449076634,598.1576109292407,599.22509765625,81378900,0.0,0.0,0.0
2026-02-13,599.0155339597561,605.0512695366964,595.0149707463246,600.5020141601562,69237500,0.0,0.0,0.0
2026-02-17,596.9703796848319,602.527265543405,591.9422745141455,599.8834838867188,69013800,0.0,0.0,0.0
2026-02-18,600.6916520079001,608.333642172117,599.3049116850376,604.3629760742188,64250700,0.0,0.0,0.0
2026-02-19,601.3899214380363,604.3928403408552,599.3347767407971,602.04833984375,60960800,0.0,0.0,0.0
2026-02-20,598.70626248816,608.9121436812641,597.8183444916572,607.3757934570312,74127300,0.0,0.0,0.0
2026-02-23,605.1809875790976,606.5777139403463,597.6387991893799,599.9932250976562,63859100,0.0,0.0,0.0
2026-02-24,600.9809641013653,607.5554060860559,598.3172099190714,606.4380493164062,55023700,0.0,0.0,0.0
2026-02-25,609.6305248735758,615.3769659271486,609.5606824638733,615.227294921875,55710700,0.0,0.0,0.0
2026-02-26,614.1398874724765,614.1398874724765,602.5571907580546,607.8048095703125,96178900,0.0,0.0,0.0
2026-02-27,601.5595911757949,606.8870389785335,600.7714740333364,605.8594360351562,68125200,0.0,0.0,0.0
2026-03-02,597.449233707877,608.4831769130049,596.5812880631398,606.6575317382812,75264600,0.0,0.0,0.0
2026-03-03,594.9252095120197,602.5372399706525,590.4756942596103,600.162841796875,97015500,0.0,0.0,0.0
2026-03-04,602.7367159421393,611.436205359631,602.0084551337541,609.3112182617188,70943900,0.0,0.0,0.0
2026-03-05,605.9691941386595,611.3165531665334,600.8412876368789,607.4755859375,89602400,0.0,0.0,0.0
2026-03-06,598.8958365654587,604.5724349663923,596.9205203720956,598.337158203125,86302300,0.0,0.0,0.0
2026-03-09,592.83015152989,607.8347607375977,589.9370196014203,606.3283081054688,93068200,0.0,0.0,0.0
2026-03-10,606.3483040570791,611.8452732023572,603.9938171455258,606.3383178710938,64078900,0.0,0.0,0.0
2026-03-11,607.5154643204306,610.9872467457833,603.6047159994632,606.2584228515625,60114800,0.0,0.0,0.0
2026-03-12,601.3400708370464,602.716824803038,595.6435001258386,595.85302734375,71836600,0.0,0.0,0.0
2026-03-13,598.3172021392496,602.1780807449821,591.1740956767717,592.3213500976562,63145500,0.0,0.0,0.0
2026-03-16,598.6264723831473,602.4374809704295,597.6986704778886,598.9656982421875,49077200,0.0,0.0,0.0
2026-03-17,601.7192114600242,604.4727195335382,600.4521836848432,601.8887939453125,47106600,0.0,0.0,0.0
2026-03-18,600.0730994941966,601.7391485345295,593.1594313501803,593.4986572265625,56128000,0.0,0.0,0.0
2026-03-19,588.1213056121308,594.3964663870662,585.6970372512312,591.623046875,75597600,0.0,0.0,0.0
2026-03-20,589.6676415345306,589.777367794347,577.177115328303,580.6888427734375,91964700,0.0,0.0,0.0
2026-03-23,589.8718065319924,594.426798587646,585.316814476339,587.3545532226562,89936100,0.0,0.0,0.0
2026-03-24,584.168034177979,587.2846043834495,581.291190762444,583.3389282226562,57750900,0.0,0.0,0.0
2026-03-25,588.4933019738706,590.7208345412774,585.0470769253521,587.1747436523438,60475500,0.0,0.0,0.0
2026-03-26,581.9604215239336,583.9882223389391,572.8005050402526,573.1600952148438,81492100,0.0,0.0,0.0
2026-03-27,570.1834096572744,570.3932010852176,560.953562318283,561.9624633789062,82702200,0.0,0.0,0.0
2026-03-30,566.7571613464482,567.4264087803426,554.990063621082,557.6671752929688,70602600,0.0,0.0,0.0
2026-03-31,563.6705222317372,578.0048059355398,563.5906539497258,576.54638671875,95878000,0.0,0.0,0.0
2026-04-01,580.8416686249938,587.0948065489223,579.7828346644924,583.6685791015625,79435100,0.0,0.0,0.0
2026-04-02,573.3399058573888,585.4066623334502,571.2921684003409,584.3378295898438,50941700,0.0,0.0,0.0
2026-04-06,585.5864761740653,589.9616731281693,584.04818857967,587.85400390625,35108500,0.0,0.0,0.0
2026-04-07,584.9971348275072,588.33343423744,577.7650922119919,587.9439086914062,49948200,0.0,0.0,0.0
2026-04-08,608.0418015962135,609.2304976949432,601.4590090396181,605.4246826171875,63086000,0.0,0.0,0.0
2026-04-09,605.2648690435934,609.8298599139192,602.3680889271087,609.5202026367188,37837500,0.0,0.0,0.0
2026-04-10,611.1684052317679,612.9963525292593,608.9108762966896,610.3992309570312,34038500,0.0,0.0,0.0
2026-04-13,608.8109292631304,626.0519920071752,607.4424380458482,616.7122802734375,32972100,0.0,0.0,0.0
2026-04-14,619.5391066149297,627.909912109375,619.4192432257902,627.909912109375,49921100,0.0,0.0,0.0
2026-04-15,628.389443361703,637.1298380333551,627.5104045058445,636.7003173828125,50102400,0.0,0.0,0.0
2026-04-16,638.508341093032,641.4750515662109,634.5626649382287,639.7669067382812,42320600,0.0,0.0,0.0
2026-04-17,644.8813252169399,649.2864572780229,643.3629742993419,648.1376953125,53488900,0.0,0.0,0.0
2026-04-20,647.3285838511964,648.0478251654257,641.8146849601577,646.0799560546875,37138500,0.0,0.0,0.0
2026-04-21,647.6981578004061,649.4862317832127,641.5050128476822,643.6226806640625,39580500,0.0,0.0,0.0
2026-04-22,649.4363527672372,654.6106593494021,647.8081371457112,654.390869140625,37368400,0.0,0.0,0.0
2026-04-23,652.8325617169355,656.1988574654163,644.8114082493845,650.7048950195312,40099800,0.0,0.0,0.0
2026-04-24,657.7871447947734,663.7805584259092,655.8093378063087,663.1512451171875,45563100,0.0,0.0,0.0
2026-04-27,662.6718094811696,663.7006471456002,659.9647623025988,663.5008544921875,32717000,0.0,0.0,0.0
2026-04-28,656.6883250827437,658.9159186391063,653.0923012400261,656.8281860351562,34147900,0.0,0.0,0.0
2026-04-29,657.906975030037,660.9935487523345,655.8692364466933,660.84375,31724900,0.0,0.0,0.0
2026-04-30,664.6195670718752,668.165718724101,656.8381407338443,667.0069580078125,40622200,0.0,0.0,0.0
2026-05-01,668.425399726581,675.2279215792395,668.0658095505829,673.4099731445312,39172600,0.0,0.0,0.0
2026-05-04,673.9193717407993,675.9871067346722,668.165745937857,672.141357421875,34542000,0.0,0.0,0.0
2026-05-05,677.2157986999623,682.0205161358222,676.7662804889583,680.8617553710938,37101100,0.0,0.0,0.0
2026-05-06,687.0250065058129,695.1660231170968,685.7263848294704,695.0062255859375,38778500,0.0,0.0,0.0
2026-05-07,695.8153383268437,700.4701959320079,691.0106209986512,694.1771240234375,43779100,0.0,0.0,0.0
2026-05-08,699.1516368844667,710.44921875,698.7321150158692,710.44921875,44320400,0.0,0.0,0.0
2026-05-11,709.5801817559162,713.805579696499,708.1317613118729,712.5069580078125,36019100,0.0,0.0,0.0
2026-05-12,707.4425277497028,709.4003981235137,695.8752835015275,706.463623046875,45873000,0.0,0.0,0.0
2026-05-13,709.1806902070881,715.8633489513101,704.0563165931343,713.9254760742188,40012500,0.0,0.0,0.0
2026-05-14,713.8355094170396,721.2374091114184,713.4359241362712,718.9998168945312,33327500,0.0,0.0,0.0
2026-05-15,709.3604881552494,714.3450008365951,704.7754998097428,708.1517944335938,51792700,0.0,0.0,0.0
2026-05-18,710.7588622671137,711.2883097073819,698.0827906816122,705.1051025390625,49834500,0.0,0.0,0.0
2026-05-19,699.0418050981273,705.714465040699,694.4868131207006,700.7599487304688,46827500,0.0,0.0,0.0
2026-05-20,704.5157692199168,712.3671875,703.0174157954351,712.3671875,36779200,0.0,0.0,0.0
2026-05-21,708.2116871156971,716.3327671783537,705.9941534147096,713.7256469726562,36415400,0.0,0.0,0.0
2026-05-22,717.2817668085307,721.3273088449104,715.1640988544713,716.7523193359375,33118600,0.0,0.0,0.0
2026-05-26,725.1631283460116,730.3673702569255,723.3650554496121,729.4783935546875,34254700,0.0,0.0,0.0
2026-05-27,732.155448805963,732.515039000156,724.6436840304248,728.6492919921875,35148700,0.0,0.0,0.0
2026-05-28,728.9289290608506,735.7913827320126,725.6125662306399,734.79248046875,32840000,0.0,0.0,0.0
2026-05-29,737.0300569298091,740.815874477768,734.4428732975097,737.49951171875,37541700,0.0,0.0,0.0
2026-06-01,736.2309273283665,744.8315224447946,735.1820921097265,741.9246826171875,33890600,0.0,0.0,0.0
2026-06-02,741.5850600741305,745.6206032443648,738.4184960219842,745.3408813476562,30085200,0.0,0.0,0.0
2026-06-03,746.4896389980919,747.828194840854,740.1965670083828,743.39306640625,40270200,0.0,0.0,0.0
2026-06-04,734.6726235372454,742.6838392688934,731.815777671541,739.7969970703125,40782600,0.0,0.0,0.0
2026-06-05,729.2585667367451,730.8867822650427,703.5468328396532,704.2860107421875,99606600,0.0,0.0,0.0
2026-06-08,717.0220156925686,722.2363170978037,712.2872288217055,715.283935546875,47401500,0.0,0.0,0.0
2026-06-09,722.1863106332692,724.863361278284,685.6165148330579,707.052978515625,91932200,0.0,0.0,0.0
2026-06-10,700.8897497708573,710.4992458337158,692.1693523412803,692.9285278320312,65334300,0.0,0.0,0.0
2026-06-11,698.5223198057862,717.5813914617661,694.2370511794155,716.332763671875,71798900,0.0,0.0,0.0
2026-06-12,716.8222099862159,723.2152086039907,710.4992028084189,720.5481567382812,51168400,0.0,0.0,0.0
2026-06-15,737.2897407963812,743.9424640540115,736.5705604269921,743.1832885742188,46710200,0.0,0.0,0.0
2026-06-16,741.4351902855873,743.4029984406948,728.8390476265988,729.0587768554688,45348700,0.0,0.0,0.0
2026-06-17,734.38293083454,734.8723831709506,720.058646070882,721.7168579101562,51669300,0.0,0.0,0.0
2026-06-18,736.390778085872,741.005701773832,731.7059239216511,739.8070068359375,50154600,0.0,0.0,0.0
2026-06-22,742.02001953125,745.4500122070312,734.3900146484375,737.9500122070312,43518600,0.0,0.0,0.0
2026-06-23,715.739990234375,723.6099853515625,712.1099853515625,713.6500244140625,53354200,0.0,0.0,0.0
2026-06-24,715.3699951171875,719.9299926757812,704.4500122070312,710.6199951171875,52480400,0.0,0.0,0.0
2026-06-25,725.9000244140625,726.8300170898438,705.2999877929688,716.3800048828125,49668000,0.0,0.0,0.0
2026-06-26,707.1300048828125,715.5599975585938,702.8099975585938,706.52001953125,47081800,0.0,0.0,0.0
2026-06-29,713.989990234375,724.5800170898438,705.1699829101562,724.0800170898438,44939100,0.0,0.0,0.0
2026-06-30,724.1799926757812,737.6199951171875,723.9099731445312,736.4000244140625,42121800,0.0,0.0,0.0
2026-07-01,729.1900024414062,731.9199829101562,724.5999755859375,725.1699829101562,40803800,0.0,0.0,0.0
2026-07-02,725.5800170898438,730.8300170898438,707.5599975585938,712.5999755859375,50959800,0.0,0.0,0.0
2026-07-06,719.9299926757812,726.0800170898438,718.4500122070312,722.8200073242188,30220400,0.0,0.0,0.0
2026-07-07,714.1699829101562,716.3499755859375,704.9000244140625,709.4299926757812,42483100,0.0,0.0,0.0
2026-07-08,704.9500122070312,712.260009765625,700.9099731445312,711.4400024414062,35603200,0.0,0.0,0.0
2026-07-09,718.3300170898438,724.22998046875,715.1300048828125,723.280029296875,33654700,0.0,0.0,0.0
2026-07-10,720.7000122070312,726.3900146484375,717.0,725.510009765625,26415900,0.0,0.0,0.0
2026-07-13,717.719970703125,718.739990234375,710.0800170898438,711.739990234375,36552400,0.0,0.0,0.0
2026-07-14,720.219970703125,722.2899780273438,714.3400268554688,719.6900024414062,29448100,0.0,0.0,0.0
2026-07-15,723.8499755859375,724.3599853515625,710.22998046875,717.739990234375,32627600,0.0,0.0,0.0
2026-07-16,712.010009765625,713.5999755859375,702.6099853515625,705.9400024414062,39402000,0.0,0.0,0.0
2026-07-17,691.6500244140625,702.2999877929688,686.760009765625,695.3300170898438,54109300,0.0,0.0,0.0
2026-07-20,702.1599731445312,705.7999877929688,695.510009765625,696.0599975585938,29687600,0.0,0.0,0.0
2026-07-21,706.5700073242188,710.0499877929688,702.7999877929688,708.969970703125,33728300,0.0,0.0,0.0
2026-07-22,703.6199951171875,709.6500244140625,703.6199951171875,705.3499755859375,23692200,0.0,0.0,0.0
2026-07-23,694.6699829101562,698.6599731445312,687.7899780273438,691.9600219726562,44028600,0.0,0.0,0.0
2026-07-24,690.4099731445312,692.6300048828125,682.47998046875,684.22998046875,42876700,0.0,0.0,0.0
2026-07-27,691.6799926757812,692.2999877929688,675.9500122070312,682.1199951171875,42681500,0.0,0.0,0.0
2026-07-28,676.22998046875,679.4000244140625,667.8800048828125,675.489990234375,51398700,0.0,0.0,0.0
2026-07-29,675.510009765625,680.0499877929688,661.1400146484375,661.72998046875,57233300,0.0,0.0,0.0
2026-07-30,674.760009765625,685.1199951171875,673.2999877929688,683.5499877929688,66753700,0.0,0.0,0.0
2026-07-31,692.1099853515625,695.77001953125,680.0499877929688,687.989990234375,50443900,0.0,0.0,0.0
2026-08-03,688.3400268554688,701.5900268554688,685.8200073242188,700.0700073242188,42678061,0.0,0.0,0.0
