Date,Open,High,Low,Close,Volume,Dividends,Stock Splits,Capital Gains
2014-01-02,19.350000381469727,19.46999931335449,19.21999931335449,19.229999542236328,12013800,0.0,0.0,0.0
2014-01-03,19.3700008392334,19.479999542236328,19.31999969482422,19.420000076293945,5904600,0.0,0.0,0.0
2014-01-06,19.420000076293945,19.59000015258789,19.25,19.420000076293945,11875800,0.0,0.0,0.0
2014-01-07,18.989999771118164,19.14999961853028,18.89999961853028,19.1299991607666,7573900,0.0,0.0,0.0
2014-01-08,18.709999084472656,18.8700008392334,18.61000061035156,18.82999992370605,10310300,0.0,0.0,0.0
2014-01-09,18.770000457763672,18.989999771118164,18.68000030517578,18.84000015258789,4530000,0.0,0.0,0.0
2014-01-10,19.309999465942383,19.489999771118164,19.25,19.3799991607666,8445000,0.0,0.0,0.0
2014-01-13,19.299999237060547,19.700000762939453,19.290000915527344,19.68000030517578,7256600,0.0,0.0,0.0
2014-01-14,19.56999969482422,19.84000015258789,19.38999938964844,19.420000076293945,10997000,0.0,0.0,0.0
2014-01-15,19.25,19.459999084472656,19.239999771118164,19.39999961853028,5188500,0.0,0.0,0.0
2014-01-16,19.39999961853028,19.440000534057617,19.290000915527344,19.350000381469727,6129800,0.0,0.0,0.0
2014-01-17,19.51000022888184,19.65999984741211,19.479999542236328,19.51000022888184,6550700,0.0,0.0,0.0
2014-01-21,19.030000686645508,19.200000762939453,19.020000457763672,19.170000076293945,8955800,0.0,0.0,0.0
2014-01-22,19.1299991607666,19.18000030517578,19.020000457763672,19.030000686645508,4960800,0.0,0.0,0.0
2014-01-23,19.39999961853028,19.549999237060547,19.229999542236328,19.26000022888184,9113900,0.0,0.0,0.0
2014-01-24,19.3700008392334,19.459999084472656,18.989999771118164,19.15999984741211,8368700,0.0,0.0,0.0
2014-01-27,19.07999992370605,19.14999961853028,18.82999992370605,18.88999938964844,7749900,0.0,0.0,0.0
2014-01-28,18.979999542236328,18.989999771118164,18.739999771118164,18.850000381469727,6394800,0.0,0.0,0.0
2014-01-29,19.13999938964844,19.18000030517578,18.76000022888184,19.020000457763672,8699100,0.0,0.0,0.0
2014-01-30,18.43000030517578,18.540000915527344,18.38999938964844,18.489999771118164,13004900,0.0,0.0,0.0
2014-01-31,18.600000381469727,18.670000076293945,18.38999938964844,18.450000762939453,6774000,0.0,0.0,0.0
2014-02-03,18.6200008392334,18.89999961853028,18.57999992370605,18.61000061035156,9628300,0.0,0.0,0.0
2014-02-04,18.59000015258789,18.790000915527344,18.57999992370605,18.75,3967700,0.0,0.0,0.0
2014-02-05,19.190000534057617,19.209999084472656,19.0,19.06999969482422,11851000,0.0,0.0,0.0
2014-02-06,19.25,19.290000915527344,19.100000381469727,19.170000076293945,5657900,0.0,0.0,0.0
2014-02-07,19.07999992370605,19.280000686645508,19.06999969482422,19.270000457763672,7106000,0.0,0.0,0.0
2014-02-10,19.450000762939453,19.51000022888184,19.280000686645508,19.290000915527344,6642100,0.0,0.0,0.0
2014-02-11,19.25,19.540000915527344,19.25,19.450000762939453,9246700,0.0,0.0,0.0
2014-02-12,19.5,19.6299991607666,19.420000076293945,19.43000030517578,6410500,0.0,0.0,0.0
2014-02-13,19.479999542236328,19.76000022888184,19.46999931335449,19.739999771118164,10507100,0.0,0.0,0.0
2014-02-14,20.36000061035156,20.64999961853028,20.34000015258789,20.64999961853028,17140300,0.0,0.0,0.0
2014-02-18,20.8700008392334,21.1299991607666,20.780000686645508,21.1299991607666,12694000,0.0,0.0,0.0
2014-02-19,21.01000022888184,21.049999237060547,20.559999465942383,20.6299991607666,11974900,0.0,0.0,0.0
2014-02-20,20.84000015258789,21.07999992370605,20.790000915527344,21.0,7854100,0.0,0.0,0.0
2014-02-21,20.950000762939453,21.13999938964844,20.84000015258789,20.96999931335449,7865000,0.0,0.0,0.0
2014-02-24,21.190000534057617,21.299999237060547,21.14999961853028,21.18000030517578,8128500,0.0,0.0,0.0
2014-02-25,20.950000762939453,21.170000076293945,20.93000030517578,21.020000457763672,5564200,0.0,0.0,0.0
2014-02-26,20.739999771118164,20.780000686645508,20.290000915527344,20.420000076293945,15136800,0.0,0.0,0.0
2014-02-27,20.459999084472656,20.6200008392334,20.3700008392334,20.459999084472656,5613300,0.0,0.0,0.0
2014-02-28,20.530000686645508,20.540000915527344,20.280000686645508,20.350000381469727,5648100,0.0,0.0,0.0
2014-03-03,20.670000076293945,20.82999992370605,20.57999992370605,20.6200008392334,6922800,0.0,0.0,0.0
2014-03-04,20.290000915527344,20.46999931335449,20.21999931335449,20.3700008392334,6841000,0.0,0.0,0.0
2014-03-05,20.38999938964844,20.5,20.34000015258789,20.36000061035156,4295800,0.0,0.0,0.0
2014-03-06,20.56999969482422,20.809999465942383,20.5,20.65999984741211,5444300,0.0,0.0,0.0
2014-03-07,20.0,20.229999542236328,19.959999084472656,20.07999992370605,11099000,0.0,0.0,0.0
2014-03-10,20.040000915527344,20.170000076293945,20.0,20.01000022888184,4167600,0.0,0.0,0.0
2014-03-11,20.350000381469727,20.3799991607666,19.8700008392334,20.040000915527344,6705500,0.0,0.0,0.0
2014-03-12,20.280000686645508,20.61000061035156,20.190000534057617,20.46999931335449,7763000,0.0,0.0,0.0
2014-03-13,20.3700008392334,20.530000686645508,20.34000015258789,20.36000061035156,5911200,0.0,0.0,0.0
2014-03-14,20.89999961853028,20.920000076293945,20.489999771118164,20.6200008392334,8092600,0.0,0.0,0.0
2014-03-17,20.520000457763672,20.6200008392334,20.309999465942383,20.32999992370605,6946500,0.0,0.0,0.0
2014-03-18,19.959999084472656,20.11000061035156,19.950000762939453,20.01000022888184,7658800,0.0,0.0,0.0
2014-03-19,19.90999984741211,20.100000381469727,19.71999931335449,19.790000915527344,12320600,0.0,0.0,0.0
2014-03-20,19.57999992370605,19.65999984741211,19.489999771118164,19.520000457763672,8526500,0.0,0.0,0.0
2014-03-21,19.65999984741211,19.68000030517578,19.489999771118164,19.520000457763672,5384800,0.0,0.0,0.0
2014-03-24,19.3799991607666,19.420000076293945,19.15999984741211,19.209999084472656,7227000,0.0,0.0,0.0
2014-03-25,19.290000915527344,19.39999961853028,19.18000030517578,19.21999931335449,4809600,0.0,0.0,0.0
2014-03-26,19.239999771118164,19.26000022888184,18.93000030517578,19.020000457763672,6822000,0.0,0.0,0.0
2014-03-27,18.96999931335449,19.020000457763672,18.8700008392334,19.0,4668200,0.0,0.0,0.0
2014-03-28,19.030000686645508,19.1299991607666,18.96999931335449,19.059999465942383,5094400,0.0,0.0,0.0
2014-03-31,19.06999969482422,19.1299991607666,18.979999542236328,19.040000915527344,4527200,0.0,0.0,0.0
2014-04-01,19.01000022888184,19.07999992370605,18.93000030517578,19.059999465942383,3793200,0.0,0.0,0.0
2014-04-02,19.270000457763672,19.31999969482422,19.18000030517578,19.190000534057617,6296100,0.0,0.0,0.0
2014-04-03,19.059999465942383,19.13999938964844,19.01000022888184,19.059999465942383,3238300,0.0,0.0,0.0
2014-04-04,19.350000381469727,19.43000030517578,19.07999992370605,19.15999984741211,6120900,0.0,0.0,0.0
2014-04-07,19.059999465942383,19.25,19.059999465942383,19.1299991607666,3888800,0.0,0.0,0.0
2014-04-08,19.32999992370605,19.34000015258789,19.209999084472656,19.229999542236328,3885300,0.0,0.0,0.0
2014-04-09,18.979999542236328,19.18000030517578,18.950000762939453,19.11000061035156,6503700,0.0,0.0,0.0
2014-04-10,19.38999938964844,19.450000762939453,19.26000022888184,19.270000457763672,6834700,0.0,0.0,0.0
2014-04-11,19.239999771118164,19.290000915527344,19.170000076293945,19.190000534057617,4251500,0.0,0.0,0.0
2014-04-14,19.239999771118164,19.31999969482422,19.190000534057617,19.209999084472656,3229000,0.0,0.0,0.0
2014-04-15,18.71999931335449,18.88999938964844,18.670000076293945,18.8799991607666,10556100,0.0,0.0,0.0
2014-04-16,18.8700008392334,18.93000030517578,18.799999237060547,18.8799991607666,4458600,0.0,0.0,0.0
2014-04-17,18.8799991607666,18.90999984741211,18.809999465942383,18.8799991607666,4413800,0.0,0.0,0.0
2014-04-21,18.65999984741211,18.690000534057617,18.600000381469727,18.670000076293945,5293400,0.0,0.0,0.0
2014-04-22,18.68000030517578,18.71999931335449,18.56999969482422,18.709999084472656,4477300,0.0,0.0,0.0
2014-04-23,18.700000762939453,18.75,18.65999984741211,18.690000534057617,3649100,0.0,0.0,0.0
2014-04-24,18.57999992370605,19.13999938964844,18.56999969482422,18.920000076293945,11804800,0.0,0.0,0.0
2014-04-25,18.979999542236328,19.030000686645508,18.8700008392334,18.940000534057617,4998300,0.0,0.0,0.0
2014-04-28,18.850000381469727,18.8700008392334,18.739999771118164,18.850000381469727,4133200,0.0,0.0,0.0
2014-04-29,18.68000030517578,18.799999237060547,18.68000030517578,18.76000022888184,4405100,0.0,0.0,0.0
2014-04-30,18.420000076293945,18.530000686645508,18.31999969482422,18.459999084472656,20032600,0.0,0.0,0.0
2014-05-01,18.200000762939453,18.38999938964844,18.15999984741211,18.350000381469727,8519400,0.0,0.0,0.0
2014-05-02,18.39999961853028,18.920000076293945,18.34000015258789,18.690000534057617,12806500,0.0,0.0,0.0
2014-05-05,18.8799991607666,18.89999961853028,18.780000686645508,18.84000015258789,3557200,0.0,0.0,0.0
2014-05-06,18.89999961853028,18.89999961853028,18.770000457763672,18.799999237060547,2817500,0.0,0.0,0.0
2014-05-07,18.739999771118164,18.76000022888184,18.540000915527344,18.56999969482422,7200400,0.0,0.0,0.0
2014-05-08,18.479999542236328,18.530000686645508,18.3799991607666,18.440000534057617,4809100,0.0,0.0,0.0
2014-05-09,18.489999771118164,18.489999771118164,18.309999465942383,18.420000076293945,3546000,0.0,0.0,0.0
2014-05-12,18.86000061035156,18.88999938964844,18.75,18.780000686645508,7863900,0.0,0.0,0.0
2014-05-13,18.770000457763672,18.84000015258789,18.739999771118164,18.770000457763672,3211900,0.0,0.0,0.0
2014-05-14,19.049999237060547,19.07999992370605,18.920000076293945,19.0,5195000,0.0,0.0,0.0
2014-05-15,18.799999237060547,18.86000061035156,18.68000030517578,18.739999771118164,4752000,0.0,0.0,0.0
2014-05-16,18.56999969482422,18.65999984741211,18.520000457763672,18.61000061035156,4479700,0.0,0.0,0.0
2014-05-19,18.76000022888184,18.790000915527344,18.57999992370605,18.6299991607666,3373800,0.0,0.0,0.0
2014-05-20,18.520000457763672,18.700000762939453,18.51000022888184,18.64999961853028,3761800,0.0,0.0,0.0
2014-05-21,18.600000381469727,18.709999084472656,18.520000457763672,18.63999938964844,4141700,0.0,0.0,0.0
2014-05-22,18.8700008392334,18.8799991607666,18.709999084472656,18.729999542236328,3616900,0.0,0.0,0.0
2014-05-23,18.68000030517578,18.71999931335449,18.6200008392334,18.65999984741211,2433900,0.0,0.0,0.0
2014-05-27,18.38999938964844,18.420000076293945,18.290000915527344,18.36000061035156,7890200,0.0,0.0,0.0
2014-05-28,18.280000686645508,18.36000061035156,18.25,18.280000686645508,4609900,0.0,0.0,0.0
2014-05-29,18.18000030517578,18.36000061035156,18.18000030517578,18.299999237060547,4887000,0.0,0.0,0.0
2014-05-30,18.270000457763672,18.290000915527344,17.90999984741211,18.07999992370605,12710700,0.0,0.0,0.0
2014-06-02,18.059999465942383,18.13999938964844,17.979999542236328,18.020000457763672,5567700,0.0,0.0,0.0
2014-06-03,18.07999992370605,18.11000061035156,18.0,18.100000381469727,4375000,0.0,0.0,0.0
2014-06-04,18.13999938964844,18.13999938964844,18.049999237060547,18.059999465942383,3355700,0.0,0.0,0.0
2014-06-05,18.25,18.36000061035156,18.229999542236328,18.26000022888184,6119200,0.0,0.0,0.0
2014-06-06,18.299999237060547,18.299999237060547,18.14999961853028,18.280000686645508,4461600,0.0,0.0,0.0
2014-06-09,18.350000381469727,18.3700008392334,18.309999465942383,18.31999969482422,3327000,0.0,0.0,0.0
2014-06-10,18.39999961853028,18.479999542236328,18.39999961853028,18.459999084472656,4366900,0.0,0.0,0.0
2014-06-11,18.5,18.5,18.40999984741211,18.459999084472656,4049100,0.0,0.0,0.0
2014-06-12,18.559999465942383,18.799999237060547,18.520000457763672,18.76000022888184,9205400,0.0,0.0,0.0
2014-06-13,18.780000686645508,18.950000762939453,18.770000457763672,18.920000076293945,6062900,0.0,0.0,0.0
2014-06-16,18.850000381469727,18.950000762939453,18.809999465942383,18.850000381469727,5375500,0.0,0.0,0.0
2014-06-17,18.86000061035156,18.959999084472656,18.84000015258789,18.940000534057617,4603700,0.0,0.0,0.0
2014-06-18,18.96999931335449,19.06999969482422,18.940000534057617,19.049999237060547,6176600,0.0,0.0,0.0
2014-06-19,19.36000061035156,20.100000381469727,19.36000061035156,19.920000076293945,24175600,0.0,0.0,0.0
2014-06-20,19.959999084472656,20.14999961853028,19.940000534057617,20.030000686645508,10843200,0.0,0.0,0.0
2014-06-23,20.040000915527344,20.11000061035156,19.96999931335449,20.049999237060547,7685200,0.0,0.0,0.0
2014-06-24,20.170000076293945,20.229999542236328,20.049999237060547,20.07999992370605,6529600,0.0,0.0,0.0
2014-06-25,20.15999984741211,20.32999992370605,20.1299991607666,20.190000534057617,6677500,0.0,0.0,0.0
2014-06-26,20.14999961853028,20.290000915527344,20.13999938964844,20.239999771118164,5475400,0.0,0.0,0.0
2014-06-27,20.26000022888184,20.309999465942383,20.14999961853028,20.170000076293945,5746200,0.0,0.0,0.0
2014-06-30,19.989999771118164,20.280000686645508,19.93000030517578,20.25,7486900,0.0,0.0,0.0
2014-07-01,20.309999465942383,20.38999938964844,20.18000030517578,20.209999084472656,5612300,0.0,0.0,0.0
2014-07-02,20.280000686645508,20.440000534057617,20.270000457763672,20.299999237060547,5684800,0.0,0.0,0.0
2014-07-03,20.209999084472656,20.32999992370605,20.18000030517578,20.290000915527344,3317900,0.0,0.0,0.0
2014-07-07,20.1200008392334,20.170000076293945,19.989999771118164,20.170000076293945,3967600,0.0,0.0,0.0
2014-07-08,20.26000022888184,20.31999969482422,20.06999969482422,20.209999084472656,4515600,0.0,0.0,0.0
2014-07-09,20.299999237060547,20.38999938964844,20.14999961853028,20.270000457763672,5290200,0.0,0.0,0.0
2014-07-10,20.6200008392334,20.63999938964844,20.51000022888184,20.520000457763672,6629200,0.0,0.0,0.0
2014-07-11,20.51000022888184,20.61000061035156,20.5,20.56999969482422,4507200,0.0,0.0,0.0
2014-07-14,20.059999465942383,20.13999938964844,20.01000022888184,20.100000381469727,8942300,0.0,0.0,0.0
2014-07-15,20.11000061035156,20.25,19.84000015258789,19.8799991607666,12137200,0.0,0.0,0.0
2014-07-16,19.90999984741211,20.0,19.84000015258789,19.90999984741211,4038300,0.0,0.0,0.0
2014-07-17,19.979999542236328,20.39999961853028,19.93000030517578,20.290000915527344,10098500,0.0,0.0,0.0
2014-07-18,20.030000686645508,20.07999992370605,19.90999984741211,20.020000457763672,8499500,0.0,0.0,0.0
2014-07-21,20.14999961853028,20.14999961853028,20.040000915527344,20.100000381469727,3999400,0.0,0.0,0.0
2014-07-22,20.1299991607666,20.239999771118164,20.01000022888184,20.100000381469727,4043100,0.0,0.0,0.0
2014-07-23,20.100000381469727,20.18000030517578,20.06999969482422,20.07999992370605,2766600,0.0,0.0,0.0
2014-07-24,19.979999542236328,19.989999771118164,19.5,19.57999992370605,12425600,0.0,0.0,0.0
2014-07-25,19.600000381469727,19.89999961853028,19.56999969482422,19.8700008392334,6115500,0.0,0.0,0.0
2014-07-28,19.780000686645508,19.8700008392334,19.690000534057617,19.809999465942383,3646300,0.0,0.0,0.0
2014-07-29,19.850000381469727,19.8700008392334,19.64999961853028,19.780000686645508,4417500,0.0,0.0,0.0
2014-07-30,19.790000915527344,19.84000015258789,19.65999984741211,19.780000686645508,3384300,0.0,0.0,0.0
2014-07-31,19.71999931335449,19.729999542236328,19.520000457763672,19.57999992370605,7280200,0.0,0.0,0.0
2014-08-01,19.68000030517578,19.71999931335449,19.43000030517578,19.520000457763672,6326900,0.0,0.0,0.0
2014-08-04,19.540000915527344,19.57999992370605,19.34000015258789,19.39999961853028,4032600,0.0,0.0,0.0
2014-08-05,19.200000762939453,19.229999542236328,18.979999542236328,19.049999237060547,11457500,0.0,0.0,0.0
2014-08-06,19.209999084472656,19.31999969482422,19.18000030517578,19.229999542236328,5934200,0.0,0.0,0.0
2014-08-07,19.1299991607666,19.239999771118164,19.11000061035156,19.170000076293945,4341800,0.0,0.0,0.0
2014-08-08,19.170000076293945,19.239999771118164,19.100000381469727,19.190000534057617,4128900,0.0,0.0,0.0
2014-08-11,19.13999938964844,19.299999237060547,19.13999938964844,19.229999542236328,3417700,0.0,0.0,0.0
2014-08-12,19.239999771118164,19.299999237060547,19.07999992370605,19.170000076293945,4295800,0.0,0.0,0.0
2014-08-13,19.200000762939453,19.209999084472656,18.90999984741211,19.040000915527344,6749300,0.0,0.0,0.0
2014-08-14,19.100000381469727,19.18000030517578,19.049999237060547,19.100000381469727,3490000,0.0,0.0,0.0
2014-08-15,18.82999992370605,18.979999542236328,18.739999771118164,18.86000061035156,11625600,0.0,0.0,0.0
2014-08-18,18.780000686645508,18.89999961853028,18.780000686645508,18.8700008392334,3162700,0.0,0.0,0.0
2014-08-19,18.799999237060547,18.809999465942383,18.61000061035156,18.700000762939453,5988800,0.0,0.0,0.0
2014-08-20,18.799999237060547,18.81999969482422,18.63999938964844,18.71999931335449,4175400,0.0,0.0,0.0
2014-08-21,18.600000381469727,18.71999931335449,18.59000015258789,18.690000534057617,4113400,0.0,0.0,0.0
2014-08-22,18.65999984741211,18.75,18.540000915527344,18.690000534057617,4444900,0.0,0.0,0.0
2014-08-25,18.6200008392334,18.64999961853028,18.549999237060547,18.600000381469727,3202900,0.0,0.0,0.0
2014-08-26,18.799999237060547,18.809999465942383,18.61000061035156,18.6299991607666,4244700,0.0,0.0,0.0
2014-08-27,18.670000076293945,18.690000534057617,18.549999237060547,18.65999984741211,4091900,0.0,0.0,0.0
2014-08-28,18.84000015258789,18.8700008392334,18.739999771118164,18.739999771118164,5021800,0.0,0.0,0.0
2014-08-29,18.76000022888184,18.850000381469727,18.670000076293945,18.709999084472656,3906100,0.0,0.0,0.0
2014-09-02,18.450000762939453,18.51000022888184,18.31999969482422,18.40999984741211,9034000,0.0,0.0,0.0
2014-09-03,18.38999938964844,18.440000534057617,18.36000061035156,18.43000030517578,3465400,0.0,0.0,0.0
2014-09-04,18.520000457763672,18.57999992370605,18.26000022888184,18.31999969482422,5631200,0.0,0.0,0.0
2014-09-05,18.299999237060547,18.43000030517578,18.280000686645508,18.420000076293945,5331600,0.0,0.0,0.0
2014-09-08,18.350000381469727,18.3700008392334,18.14999961853028,18.26000022888184,6784000,0.0,0.0,0.0
2014-09-09,18.190000534057617,18.31999969482422,18.11000061035156,18.309999465942383,6185000,0.0,0.0,0.0
2014-09-10,18.239999771118164,18.290000915527344,18.1200008392334,18.239999771118164,4798900,0.0,0.0,0.0
2014-09-11,17.93000030517578,17.969999313354492,17.81999969482422,17.959999084472656,15720200,0.0,0.0,0.0
2014-09-12,17.799999237060547,17.920000076293945,17.760000228881836,17.889999389648438,7633600,0.0,0.0,0.0
2014-09-15,17.8700008392334,17.940000534057617,17.809999465942383,17.920000076293945,3558600,0.0,0.0,0.0
2014-09-16,17.979999542236328,18.1200008392334,17.860000610351562,17.950000762939453,5954500,0.0,0.0,0.0
2014-09-17,17.920000076293945,18.030000686645508,17.739999771118164,17.770000457763672,8743500,0.0,0.0,0.0
2014-09-18,17.65999984741211,17.8700008392334,17.6299991607666,17.770000457763672,6335600,0.0,0.0,0.0
2014-09-19,17.6299991607666,17.639999389648438,17.079999923706055,17.190000534057617,20912700,0.0,0.0,0.0
2014-09-22,16.93000030517578,17.149999618530273,16.899999618530273,17.079999923706055,10500100,0.0,0.0,0.0
2014-09-23,17.09000015258789,17.1299991607666,17.0,17.06999969482422,6461200,0.0,0.0,0.0
2014-09-24,16.8700008392334,17.079999923706055,16.81999969482422,16.989999771118164,8809900,0.0,0.0,0.0
2014-09-25,16.709999084472656,16.93000030517578,16.6200008392334,16.829999923706055,12269700,0.0,0.0,0.0
2014-09-26,16.790000915527344,16.90999984741211,16.75,16.899999618530273,4732100,0.0,0.0,0.0
2014-09-29,16.809999465942383,16.8799991607666,16.729999542236328,16.780000686645508,4739600,0.0,0.0,0.0
2014-09-30,16.579999923706055,16.690000534057617,16.18000030517578,16.350000381469727,18837600,0.0,0.0,0.0
2014-10-01,16.450000762939453,16.729999542236328,16.440000534057617,16.479999542236328,11171200,0.0,0.0,0.0
2014-10-02,16.389999389648438,16.450000762939453,16.25,16.40999984741211,8323200,0.0,0.0,0.0
2014-10-03,16.170000076293945,16.290000915527344,16.040000915527344,16.1200008392334,12037500,0.0,0.0,0.0
2014-10-06,16.360000610351562,16.649999618530273,16.309999465942383,16.600000381469727,8483800,0.0,0.0,0.0
2014-10-07,16.59000015258789,16.6299991607666,16.389999389648438,16.479999542236328,7987200,0.0,0.0,0.0
2014-10-08,16.6200008392334,16.739999771118164,16.350000381469727,16.68000030517578,9533800,0.0,0.0,0.0
2014-10-09,16.780000686645508,16.969999313354492,16.610000610351562,16.6200008392334,7293300,0.0,0.0,0.0
2014-10-10,16.6299991607666,16.68000030517578,16.530000686645508,16.639999389648438,5032900,0.0,0.0,0.0
2014-10-13,16.670000076293945,16.739999771118164,16.56999969482422,16.729999542236328,4813600,0.0,0.0,0.0
2014-10-14,16.739999771118164,16.770000457763672,16.610000610351562,16.68000030517578,4811700,0.0,0.0,0.0
2014-10-15,16.75,17.09000015258789,16.68000030517578,16.709999084472656,10039000,0.0,0.0,0.0
2014-10-16,16.549999237060547,16.75,16.5,16.670000076293945,5704100,0.0,0.0,0.0
2014-10-17,16.639999389648438,16.65999984741211,16.520000457763672,16.579999923706055,5572000,0.0,0.0,0.0
2014-10-20,16.709999084472656,16.809999465942383,16.6299991607666,16.729999542236328,4520500,0.0,0.0,0.0
2014-10-21,16.790000915527344,16.90999984741211,16.770000457763672,16.809999465942383,4743100,0.0,0.0,0.0
2014-10-22,16.559999465942383,16.56999969482422,16.420000076293945,16.459999084472656,6514900,0.0,0.0,0.0
2014-10-23,16.450000762939453,16.549999237060547,16.399999618530273,16.5,5527200,0.0,0.0,0.0
2014-10-24,16.6299991607666,16.639999389648438,16.43000030517578,16.5,3286600,0.0,0.0,0.0
2014-10-27,16.469999313354492,16.530000686645508,16.420000076293945,16.420000076293945,2937700,0.0,0.0,0.0
2014-10-28,16.610000610351562,16.639999389648438,16.469999313354492,16.489999771118164,3376100,0.0,0.0,0.0
2014-10-29,16.530000686645508,16.610000610351562,16.329999923706055,16.3799991607666,5695000,0.0,0.0,0.0
2014-10-30,15.970000267028809,15.989999771118164,15.68000030517578,15.81999969482422,16508500,0.0,0.0,0.0
2014-10-31,15.220000267028809,15.5,15.210000038146973,15.5,14866500,0.0,0.0,0.0
2014-11-03,15.40999984741211,15.5600004196167,15.350000381469728,15.479999542236328,10352900,0.0,0.0,0.0
2014-11-04,15.329999923706056,15.43000030517578,15.279999732971191,15.359999656677246,6149300,0.0,0.0,0.0
2014-11-05,14.710000038146973,14.960000038146973,14.640000343322754,14.65999984741211,15938900,0.0,0.0,0.0
2014-11-06,14.68000030517578,14.84000015258789,14.68000030517578,14.81999969482422,8912600,0.0,0.0,0.0
2014-11-07,14.93000030517578,15.149999618530272,14.90999984741211,15.100000381469728,9881500,0.0,0.0,0.0
2014-11-10,15.050000190734863,15.06999969482422,14.859999656677246,14.920000076293944,7315800,0.0,0.0,0.0
2014-11-11,14.9399995803833,15.239999771118164,14.869999885559082,15.109999656677246,8097400,0.0,0.0,0.0
2014-11-12,14.989999771118164,15.09000015258789,14.960000038146973,15.029999732971191,9467400,0.0,0.0,0.0
2014-11-13,15.050000190734863,15.09000015258789,14.93000030517578,14.970000267028809,6756800,0.0,0.0,0.0
2014-11-14,14.800000190734863,15.720000267028809,14.770000457763672,15.630000114440918,22214500,0.0,0.0,0.0
2014-11-17,15.470000267028809,15.529999732971191,15.380000114440918,15.5,8246200,0.0,0.0,0.0
2014-11-18,15.5600004196167,15.59000015258789,15.470000267028809,15.550000190734863,5979300,0.0,0.0,0.0
2014-11-19,15.579999923706056,15.869999885559082,15.239999771118164,15.479999542236328,19599900,0.0,0.0,0.0
2014-11-20,15.520000457763672,15.609999656677246,15.460000038146973,15.600000381469728,5925900,0.0,0.0,0.0
2014-11-21,15.789999961853027,15.93000030517578,15.609999656677246,15.789999961853027,9215900,0.0,0.0,0.0
2014-11-24,15.779999732971191,15.8100004196167,15.649999618530272,15.779999732971191,4993300,0.0,0.0,0.0
2014-11-25,15.920000076293944,16.0,15.81999969482422,15.979999542236328,7144200,0.0,0.0,0.0
2014-11-26,15.899999618530272,15.970000267028809,15.850000381469728,15.869999885559082,3791900,0.0,0.0,0.0
2014-11-28,15.199999809265137,15.239999771118164,14.800000190734863,14.829999923706056,13579400,0.0,0.0,0.0
2014-12-01,15.260000228881836,16.09000015258789,15.220000267028809,15.779999732971191,24697300,0.0,0.0,0.0
2014-12-02,15.65999984741211,15.829999923706056,15.520000457763672,15.75,8868000,0.0,0.0,0.0
2014-12-03,15.789999961853027,15.890000343322754,15.630000114440918,15.729999542236328,5854400,0.0,0.0,0.0
2014-12-04,15.880000114440918,15.920000076293944,15.75,15.770000457763672,6370900,0.0,0.0,0.0
2014-12-05,15.6899995803833,15.710000038146973,15.539999961853027,15.609999656677246,6654100,0.0,0.0,0.0
2014-12-08,15.609999656677246,15.739999771118164,15.529999732971191,15.710000038146973,6494600,0.0,0.0,0.0
2014-12-09,16.020000457763672,16.479999542236328,16.020000457763672,16.31999969482422,15014100,0.0,0.0,0.0
2014-12-10,16.420000076293945,16.479999542236328,16.329999923706055,16.3700008392334,7285300,0.0,0.0,0.0
2014-12-11,16.280000686645508,16.489999771118164,16.270000457763672,16.329999923706055,5315600,0.0,0.0,0.0
2014-12-12,16.360000610351562,16.43000030517578,16.280000686645508,16.299999237060547,5443800,0.0,0.0,0.0
2014-12-15,16.1299991607666,16.190000534057617,15.4399995803833,15.470000267028809,13477800,0.0,0.0,0.0
2014-12-16,15.600000381469728,15.619999885559082,14.880000114440918,15.079999923706056,14706400,0.0,0.0,0.0
2014-12-17,15.140000343322754,15.380000114440918,14.960000038146973,15.100000381469728,15472600,0.0,0.0,0.0
2014-12-18,15.390000343322754,15.43000030517578,15.170000076293944,15.25,5949700,0.0,0.0,0.0
2014-12-19,15.270000457763672,15.43000030517578,15.220000267028809,15.390000343322754,4809500,0.0,0.0,0.0
2014-12-22,15.3100004196167,15.3100004196167,14.869999885559082,14.989999771118164,10941000,0.0,0.0,0.0
2014-12-23,15.039999961853027,15.15999984741211,15.0,15.039999961853027,4722600,0.0,0.0,0.0
2014-12-24,15.079999923706056,15.130000114440918,15.020000457763672,15.09000015258789,2615000,0.0,0.0,0.0
2014-12-26,15.5,15.510000228881836,15.350000381469728,15.350000381469728,4817500,0.0,0.0,0.0
2014-12-29,15.399999618530272,15.40999984741211,15.050000190734863,15.109999656677246,6973300,0.0,0.0,0.0
2014-12-30,15.329999923706056,15.770000457763672,15.31999969482422,15.579999923706056,11589900,0.0,0.0,0.0
2014-12-31,15.329999923706056,15.359999656677246,14.90999984741211,15.0600004196167,12808700,0.0,0.0,0.0
2015-01-02,14.960000038146973,15.390000343322754,14.890000343322754,15.109999656677246,8759900,0.0,0.0,0.0
2015-01-05,15.34000015258789,15.56999969482422,15.229999542236328,15.5,9535900,0.0,0.0,0.0
2015-01-06,15.59000015258789,16.010000228881836,15.539999961853027,15.829999923706056,9969900,0.0,0.0,0.0
2015-01-07,15.699999809265137,15.949999809265137,15.68000030517578,15.850000381469728,8129300,0.0,0.0,0.0
2015-01-08,15.84000015258789,15.949999809265137,15.609999656677246,15.640000343322754,5063800,0.0,0.0,0.0
2015-01-09,15.710000038146973,15.920000076293944,15.68000030517578,15.770000457763672,4402100,0.0,0.0,0.0
2015-01-12,15.81999969482422,15.9399995803833,15.760000228881836,15.869999885559082,5517200,0.0,0.0,0.0
2015-01-13,16.360000610351562,16.469999313354492,16.18000030517578,16.290000915527344,15538500,0.0,0.0,0.0
2015-01-14,16.229999542236328,16.360000610351562,16.1200008392334,16.1299991607666,7356600,0.0,0.0,0.0
2015-01-15,16.329999923706055,16.479999542236328,16.110000610351562,16.149999618530273,10896800,0.0,0.0,0.0
2015-01-16,16.420000076293945,17.09000015258789,16.399999618530273,16.950000762939453,22232400,0.0,0.0,0.0
2015-01-20,17.059999465942383,17.260000228881836,17.010000228881836,17.18000030517578,10879700,0.0,0.0,0.0
2015-01-21,17.649999618530273,17.690000534057617,17.239999771118164,17.3700008392334,13769400,0.0,0.0,0.0
2015-01-22,17.579999923706055,17.690000534057617,17.399999618530273,17.610000610351562,8313100,0.0,0.0,0.0
2015-01-23,17.479999542236328,17.56999969482422,17.329999923706055,17.510000228881836,6373900,0.0,0.0,0.0
2015-01-26,17.360000610351562,17.3799991607666,17.110000610351562,17.1299991607666,8168800,0.0,0.0,0.0
2015-01-27,17.190000534057617,17.43000030517578,17.18000030517578,17.329999923706055,5612200,0.0,0.0,0.0
2015-01-28,17.229999542236328,17.389999389648438,17.18000030517578,17.229999542236328,5283500,0.0,0.0,0.0
2015-01-29,16.729999542236328,16.739999771118164,16.030000686645508,16.239999771118164,17828100,0.0,0.0,0.0
2015-01-30,16.170000076293945,16.600000381469727,16.110000610351562,16.540000915527344,8491000,0.0,0.0,0.0
2015-02-02,16.399999618530273,16.610000610351562,16.350000381469727,16.469999313354492,5852000,0.0,0.0,0.0
2015-02-03,16.579999923706055,16.75,16.350000381469727,16.549999237060547,7277200,0.0,0.0,0.0
2015-02-04,16.68000030517578,16.920000076293945,16.6200008392334,16.6299991607666,6890000,0.0,0.0,0.0
2015-02-05,16.389999389648438,16.600000381469727,16.270000457763672,16.579999923706055,6264400,0.0,0.0,0.0
2015-02-06,16.18000030517578,16.25,15.850000381469728,16.030000686645508,12120100,0.0,0.0,0.0
2015-02-09,16.229999542236328,16.399999618530273,16.219999313354492,16.31999969482422,3944100,0.0,0.0,0.0
2015-02-10,16.219999313354492,16.3799991607666,16.1299991607666,16.190000534057617,5525900,0.0,0.0,0.0
2015-02-11,16.219999313354492,16.229999542236328,16.020000457763672,16.079999923706055,4646100,0.0,0.0,0.0
2015-02-12,16.149999618530273,16.219999313354492,16.030000686645508,16.149999618530273,4937100,0.0,0.0,0.0
2015-02-13,16.520000457763672,16.700000762939453,16.479999542236328,16.540000915527344,7132100,0.0,0.0,0.0
2015-02-17,15.75,15.84000015258789,15.609999656677246,15.829999923706056,15675200,0.0,0.0,0.0
2015-02-18,15.739999771118164,15.899999618530272,15.56999969482422,15.75,10134400,0.0,0.0,0.0
2015-02-19,15.800000190734863,15.859999656677246,15.649999618530272,15.699999809265137,7418300,0.0,0.0,0.0
2015-02-20,15.729999542236328,15.789999961853027,15.5,15.539999961853027,7582800,0.0,0.0,0.0
2015-02-23,15.710000038146973,15.899999618530272,15.5600004196167,15.630000114440918,6310500,0.0,0.0,0.0
2015-02-24,15.56999969482422,15.789999961853027,15.399999618530272,15.5600004196167,8074700,0.0,0.0,0.0
2015-02-25,15.829999923706056,15.859999656677246,15.739999771118164,15.829999923706056,5359400,0.0,0.0,0.0
2015-02-26,16.010000228881836,16.030000686645508,15.8100004196167,15.84000015258789,3976000,0.0,0.0,0.0
2015-02-27,15.9399995803833,15.960000038146973,15.84000015258789,15.869999885559082,4137600,0.0,0.0,0.0
2015-03-02,15.859999656677246,15.899999618530272,15.649999618530272,15.65999984741211,6431100,0.0,0.0,0.0
2015-03-03,15.75,15.850000381469728,15.489999771118164,15.579999923706056,6843900,0.0,0.0,0.0
2015-03-04,15.59000015258789,15.619999885559082,15.390000343322754,15.489999771118164,6200700,0.0,0.0,0.0
2015-03-05,15.550000190734863,15.65999984741211,15.460000038146973,15.529999732971191,4671900,0.0,0.0,0.0
2015-03-06,15.210000038146973,15.260000228881836,15.100000381469728,15.1899995803833,9729800,0.0,0.0,0.0
2015-03-09,15.15999984741211,15.199999809265137,15.100000381469728,15.100000381469728,4081100,0.0,0.0,0.0
2015-03-10,15.100000381469728,15.170000076293944,14.979999542236328,15.020000457763672,5890800,0.0,0.0,0.0
2015-03-11,14.960000038146973,14.960000038146973,14.630000114440918,14.84000015258789,10644800,0.0,0.0,0.0
2015-03-12,14.960000038146973,14.979999542236328,14.81999969482422,14.920000076293944,3716600,0.0,0.0,0.0
2015-03-13,14.920000076293944,14.949999809265137,14.81999969482422,14.899999618530272,3739300,0.0,0.0,0.0
2015-03-16,15.039999961853027,15.039999961853027,14.84000015258789,14.989999771118164,4686600,0.0,0.0,0.0
2015-03-17,14.760000228881836,15.06999969482422,14.75,14.899999618530272,5200400,0.0,0.0,0.0
2015-03-18,14.859999656677246,15.380000114440918,14.8100004196167,15.359999656677246,10475100,0.0,0.0,0.0
2015-03-19,15.25,15.5,15.220000267028809,15.4399995803833,6068700,0.0,0.0,0.0
2015-03-20,15.609999656677246,16.170000076293945,15.59000015258789,16.0,14795300,0.0,0.0,0.0
2015-03-23,16.1200008392334,16.360000610351562,16.079999923706055,16.299999237060547,10524000,0.0,0.0,0.0
2015-03-24,16.219999313354492,16.280000686645508,16.079999923706055,16.280000686645508,5265800,0.0,0.0,0.0
2015-03-25,16.360000610351562,16.389999389648438,16.209999084472656,16.239999771118164,3933700,0.0,0.0,0.0
2015-03-26,16.350000381469727,16.40999984741211,16.260000228881836,16.299999237060547,5380200,0.0,0.0,0.0
2015-03-27,16.350000381469727,16.360000610351562,16.1299991607666,16.219999313354492,5036600,0.0,0.0,0.0
2015-03-30,16.059999465942383,16.06999969482422,15.90999984741211,15.979999542236328,6812500,0.0,0.0,0.0
2015-03-31,15.9399995803833,16.110000610351562,15.850000381469728,15.93000030517578,5294300,0.0,0.0,0.0
2015-04-01,16.0,16.350000381469727,16.0,16.229999542236328,6478100,0.0,0.0,0.0
2015-04-02,16.049999237060547,16.1299991607666,15.880000114440918,16.020000457763672,5718500,0.0,0.0,0.0
2015-04-06,16.450000762939453,16.56999969482422,16.239999771118164,16.270000457763672,5948500,0.0,0.0,0.0
2015-04-07,16.139999389648438,16.170000076293945,16.059999465942383,16.149999618530273,3090100,0.0,0.0,0.0
2015-04-08,16.079999923706055,16.100000381469727,15.68000030517578,15.8100004196167,6865700,0.0,0.0,0.0
2015-04-09,15.5,15.579999923706056,15.4399995803833,15.510000228881836,8648800,0.0,0.0,0.0
2015-04-10,15.880000114440918,15.949999809265137,15.68000030517578,15.770000457763672,6341700,0.0,0.0,0.0
2015-04-13,15.630000114440918,15.65999984741211,15.579999923706056,15.600000381469728,3809700,0.0,0.0,0.0
2015-04-14,15.529999732971191,15.65999984741211,15.489999771118164,15.510000228881836,4084400,0.0,0.0,0.0
2015-04-15,15.520000457763672,15.699999809265137,15.470000267028809,15.630000114440918,3591200,0.0,0.0,0.0
2015-04-16,15.6899995803833,15.729999542236328,15.4399995803833,15.56999969482422,5129000,0.0,0.0,0.0
2015-04-17,15.609999656677246,15.649999618530272,15.520000457763672,15.5600004196167,3606800,0.0,0.0,0.0
2015-04-20,15.359999656677246,15.359999656677246,15.18000030517578,15.289999961853027,6082300,0.0,0.0,0.0
2015-04-21,15.279999732971191,15.399999618530272,15.239999771118164,15.31999969482422,3319500,0.0,0.0,0.0
2015-04-22,15.25,15.279999732971191,15.020000457763672,15.109999656677246,6213200,0.0,0.0,0.0
2015-04-23,15.109999656677246,15.25,15.06999969482422,15.210000038146973,4905100,0.0,0.0,0.0
2015-04-24,15.119999885559082,15.149999618530272,14.93000030517578,15.0600004196167,6116500,0.0,0.0,0.0
2015-04-27,15.3100004196167,15.760000228881836,15.279999732971191,15.65999984741211,11179200,0.0,0.0,0.0
2015-04-28,15.720000267028809,15.960000038146973,15.710000038146973,15.869999885559082,7710700,0.0,0.0,0.0
2015-04-29,15.9399995803833,15.989999771118164,15.779999732971191,15.8100004196167,6738000,0.0,0.0,0.0
2015-04-30,15.289999961853027,15.489999771118164,15.130000114440918,15.43000030517578,11330200,0.0,0.0,0.0
2015-05-01,15.350000381469728,15.489999771118164,15.25,15.470000267028809,4877200,0.0,0.0,0.0
2015-05-04,15.920000076293944,15.949999809265137,15.670000076293944,15.699999809265137,6919800,0.0,0.0,0.0
2015-05-05,15.9399995803833,15.960000038146973,15.789999961853027,15.8100004196167,4543700,0.0,0.0,0.0
2015-05-06,15.899999618530272,15.93000030517578,15.720000267028809,15.770000457763672,5217900,0.0,0.0,0.0
2015-05-07,15.739999771118164,15.760000228881836,15.579999923706056,15.600000381469728,3675400,0.0,0.0,0.0
2015-05-08,15.770000457763672,15.779999732971191,15.630000114440918,15.760000228881836,4352200,0.0,0.0,0.0
2015-05-11,15.760000228881836,15.84000015258789,15.5,15.56999969482422,4685300,0.0,0.0,0.0
2015-05-12,15.640000343322754,15.880000114440918,15.640000343322754,15.8100004196167,5070900,0.0,0.0,0.0
2015-05-13,16.309999465942383,16.469999313354492,16.25,16.350000381469727,17716400,0.0,0.0,0.0
2015-05-14,16.700000762939453,16.799999237060547,16.600000381469727,16.649999618530273,9165000,0.0,0.0,0.0
2015-05-15,16.700000762939453,16.809999465942383,16.65999984741211,16.75,5022400,0.0,0.0,0.0
2015-05-18,16.90999984741211,16.959999084472656,16.799999237060547,16.889999389648438,4940500,0.0,0.0,0.0
2015-05-19,16.649999618530273,16.670000076293945,16.139999389648438,16.3799991607666,9879400,0.0,0.0,0.0
2015-05-20,16.440000534057617,16.530000686645508,16.329999923706055,16.3700008392334,4375200,0.0,0.0,0.0
2015-05-21,16.350000381469727,16.450000762939453,16.34000015258789,16.389999389648438,2663500,0.0,0.0,0.0
2015-05-22,16.329999923706055,16.450000762939453,16.280000686645508,16.34000015258789,3683300,0.0,0.0,0.0
2015-05-26,16.010000228881836,16.15999984741211,15.979999542236328,16.020000457763672,6757400,0.0,0.0,0.0
2015-05-27,15.960000038146973,16.020000457763672,15.899999618530272,15.960000038146973,3721800,0.0,0.0,0.0
2015-05-28,15.960000038146973,16.0,15.81999969482422,15.970000267028809,4236800,0.0,0.0,0.0
2015-05-29,16.020000457763672,16.079999923706055,15.960000038146973,15.989999771118164,3200900,0.0,0.0,0.0
2015-06-01,16.239999771118164,16.420000076293945,15.949999809265137,16.0,9324400,0.0,0.0,0.0
2015-06-02,16.010000228881836,16.110000610351562,15.979999542236328,16.06999969482422,4705300,0.0,0.0,0.0
2015-06-03,15.880000114440918,15.93000030517578,15.699999809265137,15.829999923706056,6778100,0.0,0.0,0.0
2015-06-04,15.56999969482422,15.619999885559082,15.43000030517578,15.479999542236328,11927500,0.0,0.0,0.0
2015-06-05,15.300000190734863,15.479999542236328,15.289999961853027,15.390000343322754,6930900,0.0,0.0,0.0
2015-06-08,15.350000381469728,15.369999885559082,15.229999542236328,15.31999969482422,6149300,0.0,0.0,0.0
2015-06-09,15.359999656677246,15.390000343322754,15.270000457763672,15.289999961853027,4774900,0.0,0.0,0.0
2015-06-10,15.460000038146973,15.460000038146973,15.279999732971191,15.31999969482422,4901900,0.0,0.0,0.0
2015-06-11,15.289999961853027,15.359999656677246,15.170000076293944,15.329999923706056,3781500,0.0,0.0,0.0
2015-06-12,15.210000038146973,15.300000190734863,15.170000076293944,15.25,4867000,0.0,0.0,0.0
2015-06-15,15.289999961853027,15.5600004196167,15.289999961853027,15.399999618530272,7010300,0.0,0.0,0.0
2015-06-16,15.260000228881836,15.34000015258789,15.199999809265137,15.31999969482422,3859800,0.0,0.0,0.0
2015-06-17,15.34000015258789,15.5600004196167,15.260000228881836,15.449999809265137,7996400,0.0,0.0,0.0
2015-06-18,15.6899995803833,15.699999809265137,15.420000076293944,15.460000038146973,7599200,0.0,0.0,0.0
2015-06-19,15.460000038146973,15.489999771118164,15.199999809265137,15.420000076293944,6101200,0.0,0.0,0.0
2015-06-22,15.350000381469728,15.550000190734863,15.329999923706056,15.489999771118164,5014100,0.0,0.0,0.0
2015-06-23,15.149999618530272,15.220000267028809,15.06999969482422,15.140000343322754,9716900,0.0,0.0,0.0
2015-06-24,15.18000030517578,15.229999542236328,15.130000114440918,15.1899995803833,3689400,0.0,0.0,0.0
2015-06-25,15.109999656677246,15.199999809265137,15.09000015258789,15.170000076293944,4995700,0.0,0.0,0.0
2015-06-26,15.050000190734863,15.130000114440918,15.010000228881836,15.109999656677246,4754200,0.0,0.0,0.0
2015-06-29,15.109999656677246,15.140000343322754,15.0,15.029999732971191,6983300,0.0,0.0,0.0
2015-06-30,14.93000030517578,15.18000030517578,14.800000190734863,15.029999732971191,10391600,0.0,0.0,0.0
2015-07-01,14.90999984741211,14.989999771118164,14.859999656677246,14.899999618530272,5470500,0.0,0.0,0.0
2015-07-02,14.989999771118164,15.029999732971191,14.890000343322754,14.949999809265137,4405500,0.0,0.0,0.0
2015-07-06,14.890000343322754,15.149999618530272,14.869999885559082,14.989999771118164,4410500,0.0,0.0,0.0
2015-07-07,14.5600004196167,14.579999923706056,14.029999732971191,14.43000030517578,24144000,0.0,0.0,0.0
2015-07-08,14.5,14.59000015258789,14.40999984741211,14.460000038146973,8964300,0.0,0.0,0.0
2015-07-09,14.84000015258789,14.859999656677246,14.65999984741211,14.760000228881836,7441700,0.0,0.0,0.0
2015-07-10,14.779999732971191,14.970000267028809,14.739999771118164,14.880000114440918,7254100,0.0,0.0,0.0
2015-07-13,14.6899995803833,14.850000381469728,14.649999618530272,14.8100004196167,4459300,0.0,0.0,0.0
2015-07-14,14.770000457763672,14.779999732971191,14.630000114440918,14.6899995803833,4729900,0.0,0.0,0.0
2015-07-15,14.390000343322754,14.470000267028809,14.359999656677246,14.43000030517578,7204100,0.0,0.0,0.0
2015-07-16,14.350000381469728,14.5,14.31999969482422,14.350000381469728,6071600,0.0,0.0,0.0
2015-07-17,14.270000457763672,14.289999961853027,14.1899995803833,14.229999542236328,5776000,0.0,0.0,0.0
2015-07-20,14.15999984741211,14.350000381469728,14.029999732971191,14.050000190734863,9666700,0.0,0.0,0.0
2015-07-21,14.15999984741211,14.300000190734863,14.100000381469728,14.140000343322754,5768200,0.0,0.0,0.0
2015-07-22,14.039999961853027,14.239999771118164,14.0,14.140000343322754,4754100,0.0,0.0,0.0
2015-07-23,14.130000114440918,14.149999618530272,13.93000030517578,14.0,5446900,0.0,0.0,0.0
2015-07-24,13.789999961853027,14.079999923706056,13.729999542236328,14.020000457763672,8949400,0.0,0.0,0.0
2015-07-27,14.0,14.09000015258789,13.899999618530272,13.920000076293944,4176800,0.0,0.0,0.0
2015-07-28,14.010000228881836,14.06999969482422,13.989999771118164,14.020000457763672,5756500,0.0,0.0,0.0
2015-07-29,14.050000190734863,14.25,14.0,14.149999618530272,7051500,0.0,0.0,0.0
2015-07-30,14.06999969482422,14.18000030517578,14.039999961853027,14.09000015258789,3737800,0.0,0.0,0.0
2015-07-31,14.270000457763672,14.34000015258789,14.039999961853027,14.079999923706056,6035400,0.0,0.0,0.0
2015-08-03,14.050000190734863,14.06999969482422,13.779999732971191,13.869999885559082,6657900,0.0,0.0,0.0
2015-08-04,13.93000030517578,13.989999771118164,13.859999656677246,13.920000076293944,3004200,0.0,0.0,0.0
2015-08-05,13.949999809265137,14.050000190734863,13.880000114440918,13.949999809265137,3859600,0.0,0.0,0.0
2015-08-06,13.9399995803833,14.119999885559082,13.9399995803833,13.989999771118164,3514800,0.0,0.0,0.0
2015-08-07,14.130000114440918,14.350000381469728,14.100000381469728,14.109999656677246,5262200,0.0,0.0,0.0
2015-08-10,14.25,14.720000267028809,14.229999542236328,14.539999961853027,9813400,0.0,0.0,0.0
2015-08-11,14.609999656677246,14.649999618530272,14.5,14.640000343322754,5110000,0.0,0.0,0.0
2015-08-12,14.729999542236328,14.899999618530272,14.729999542236328,14.81999969482422,7834200,0.0,0.0,0.0
2015-08-13,14.710000038146973,14.800000190734863,14.649999618530272,14.710000038146973,4182500,0.0,0.0,0.0
2015-08-14,14.800000190734863,14.920000076293944,14.489999771118164,14.550000190734863,4819100,0.0,0.0,0.0
2015-08-17,14.6899995803833,14.710000038146973,14.59000015258789,14.630000114440918,2270900,0.0,0.0,0.0
2015-08-18,14.15999984741211,14.25,14.0600004196167,14.220000267028809,7681100,0.0,0.0,0.0
2015-08-19,14.399999618530272,14.65999984741211,14.399999618530272,14.56999969482422,5612700,0.0,0.0,0.0
2015-08-20,14.850000381469728,14.890000343322754,14.770000457763672,14.779999732971191,5576100,0.0,0.0,0.0
2015-08-21,14.699999809265137,14.729999542236328,14.449999809265137,14.609999656677246,6548500,0.0,0.0,0.0
2015-08-24,14.0600004196167,14.460000038146973,14.020000457763672,14.130000114440918,11824700,0.0,0.0,0.0
2015-08-25,14.130000114440918,14.149999618530272,13.90999984741211,13.989999771118164,6678800,0.0,0.0,0.0
2015-08-26,13.56999969482422,13.579999923706056,13.350000381469728,13.5600004196167,12373800,0.0,0.0,0.0
2015-08-27,13.56999969482422,13.960000038146973,13.520000457763672,13.800000190734863,7999600,0.0,0.0,0.0
2015-08-28,13.829999923706056,14.029999732971191,13.800000190734863,13.920000076293944,4936600,0.0,0.0,0.0
2015-08-31,13.84000015258789,14.029999732971191,13.760000228881836,13.989999771118164,4112600,0.0,0.0,0.0
2015-09-01,13.989999771118164,14.029999732971191,13.859999656677246,13.9399995803833,4031100,0.0,0.0,0.0
2015-09-02,14.050000190734863,14.170000076293944,13.789999961853027,14.020000457763672,5546600,0.0,0.0,0.0
2015-09-03,13.989999771118164,14.289999961853027,13.949999809265137,14.020000457763672,5346900,0.0,0.0,0.0
2015-09-04,13.890000343322754,13.960000038146973,13.859999656677246,13.920000076293944,3771900,0.0,0.0,0.0
2015-09-08,14.06999969482422,14.220000267028809,13.9399995803833,14.119999885559082,5128200,0.0,0.0,0.0
2015-09-09,14.0,14.079999923706056,13.920000076293944,13.93000030517578,3114400,0.0,0.0,0.0
2015-09-10,14.149999618530272,14.15999984741211,13.970000267028809,13.989999771118164,3269500,0.0,0.0,0.0
2015-09-11,13.779999732971191,13.979999542236328,13.640000343322754,13.949999809265137,4777700,0.0,0.0,0.0
2015-09-14,13.770000457763672,13.8100004196167,13.699999809265137,13.789999961853027,3020900,0.0,0.0,0.0
2015-09-15,13.68000030517578,13.779999732971191,13.670000076293944,13.770000457763672,2419600,0.0,0.0,0.0
2015-09-16,14.050000190734863,14.289999961853027,14.039999961853027,14.220000267028809,7054900,0.0,0.0,0.0
2015-09-17,14.220000267028809,14.579999923706056,14.210000038146973,14.420000076293944,8662100,0.0,0.0,0.0
2015-09-18,14.600000381469728,14.619999885559082,14.40999984741211,14.470000267028809,4859500,0.0,0.0,0.0
2015-09-21,14.489999771118164,14.5600004196167,14.470000267028809,14.489999771118164,3384900,0.0,0.0,0.0
2015-09-22,14.15999984741211,14.15999984741211,14.06999969482422,14.140000343322754,4496300,0.0,0.0,0.0
2015-09-23,14.239999771118164,14.260000228881836,14.100000381469728,14.119999885559082,2498000,0.0,0.0,0.0
2015-09-24,14.229999542236328,14.510000228881836,14.210000038146973,14.43000030517578,7257700,0.0,0.0,0.0
2015-09-25,14.4399995803833,14.510000228881836,14.350000381469728,14.399999618530272,3181200,0.0,0.0,0.0
2015-09-28,13.949999809265137,13.989999771118164,13.850000381469728,13.9399995803833,5997500,0.0,0.0,0.0
2015-09-29,13.899999618530272,14.0600004196167,13.899999618530272,13.970000267028809,3000700,0.0,0.0,0.0
2015-09-30,13.869999885559082,14.09000015258789,13.8100004196167,13.869999885559082,5062900,0.0,0.0,0.0
2015-10-01,13.979999542236328,14.039999961853027,13.829999923706056,13.899999618530272,4069100,0.0,0.0,0.0
2015-10-02,14.210000038146973,14.609999656677246,14.199999809265137,14.550000190734863,12462900,0.0,0.0,0.0
2015-10-05,14.920000076293944,15.0,14.770000457763672,14.890000343322754,10015000,0.0,0.0,0.0
2015-10-06,15.149999618530272,15.350000381469728,15.0600004196167,15.06999969482422,11190900,0.0,0.0,0.0
2015-10-07,15.1899995803833,15.380000114440918,15.140000343322754,15.289999961853027,6781100,0.0,0.0,0.0
2015-10-08,14.899999618530272,15.130000114440918,14.890000343322754,14.989999771118164,8935300,0.0,0.0,0.0
2015-10-09,15.109999656677246,15.15999984741211,15.0,15.119999885559082,4467100,0.0,0.0,0.0
2015-10-12,15.3100004196167,15.329999923706056,15.079999923706056,15.130000114440918,4293000,0.0,0.0,0.0
2015-10-13,15.15999984741211,15.260000228881836,15.149999618530272,15.15999984741211,3445500,0.0,0.0,0.0
2015-10-14,15.329999923706056,15.449999809265137,15.300000190734863,15.420000076293944,7028900,0.0,0.0,0.0
2015-10-15,15.350000381469728,15.449999809265137,15.3100004196167,15.390000343322754,4885700,0.0,0.0,0.0
2015-10-16,15.369999885559082,15.420000076293944,15.270000457763672,15.279999732971191,4208100,0.0,0.0,0.0
2015-10-19,15.220000267028809,15.239999771118164,15.020000457763672,15.109999656677246,4041400,0.0,0.0,0.0
2015-10-20,15.130000114440918,15.229999542236328,15.020000457763672,15.1899995803833,5287000,0.0,0.0,0.0
2015-10-21,15.020000457763672,15.029999732971191,14.90999984741211,14.989999771118164,5065100,0.0,0.0,0.0
2015-10-22,15.0600004196167,15.1899995803833,15.039999961853027,15.109999656677246,3391800,0.0,0.0,0.0
2015-10-23,15.119999885559082,15.15999984741211,14.989999771118164,15.119999885559082,4063700,0.0,0.0,0.0
2015-10-26,15.199999809265137,15.229999542236328,15.109999656677246,15.109999656677246,3310700,0.0,0.0,0.0
2015-10-27,15.109999656677246,15.210000038146973,15.06999969482422,15.130000114440918,2331500,0.0,0.0,0.0
2015-10-28,15.369999885559082,15.600000381469728,15.0,15.260000228881836,11487500,0.0,0.0,0.0
2015-10-29,14.989999771118164,15.0600004196167,14.81999969482422,14.880000114440918,7049400,0.0,0.0,0.0
2015-10-30,14.869999885559082,14.880000114440918,14.770000457763672,14.800000190734863,3349700,0.0,0.0,0.0
2015-11-02,14.65999984741211,14.75,14.5600004196167,14.720000267028809,4230000,0.0,0.0,0.0
2015-11-03,14.609999656677246,14.640000343322754,14.520000457763672,14.579999923706056,3992300,0.0,0.0,0.0
2015-11-04,14.5600004196167,14.579999923706056,14.380000114440918,14.380000114440918,5114100,0.0,0.0,0.0
2015-11-05,14.3100004196167,14.380000114440918,14.25,14.300000190734863,4280200,0.0,0.0,0.0
2015-11-06,14.109999656677246,14.130000114440918,14.039999961853027,14.079999923706056,4294200,0.0,0.0,0.0
2015-11-09,13.970000267028809,13.979999542236328,13.779999732971191,13.890000343322754,6612000,0.0,0.0,0.0
2015-11-10,13.6899995803833,13.800000190734863,13.649999618530272,13.760000228881836,5992100,0.0,0.0,0.0
2015-11-11,13.710000038146973,13.729999542236328,13.609999656677246,13.640000343322754,4186700,0.0,0.0,0.0
2015-11-12,13.59000015258789,13.829999923706056,13.539999961853027,13.640000343322754,6347500,0.0,0.0,0.0
2015-11-13,13.56999969482422,13.600000381469728,13.529999732971191,13.59000015258789,3801100,0.0,0.0,0.0
2015-11-16,13.619999885559082,13.630000114440918,13.550000190734863,13.600000381469728,3270300,0.0,0.0,0.0
2015-11-17,13.630000114440918,13.630000114440918,13.470000267028809,13.550000190734863,6080300,0.0,0.0,0.0
2015-11-18,13.489999771118164,13.56999969482422,13.390000343322754,13.520000457763672,4434900,0.0,0.0,0.0
2015-11-19,13.609999656677246,13.75,13.59000015258789,13.619999885559082,4458100,0.0,0.0,0.0
2015-11-20,13.59000015258789,13.600000381469728,13.43000030517578,13.5,4750800,0.0,0.0,0.0
2015-11-23,13.40999984741211,13.550000190734863,13.399999618530272,13.449999809265137,4373000,0.0,0.0,0.0
2015-11-24,13.5600004196167,13.649999618530272,13.5,13.510000228881836,4541600,0.0,0.0,0.0
2015-11-25,13.4399995803833,13.5600004196167,13.399999618530272,13.520000457763672,4792400,0.0,0.0,0.0
2015-11-27,13.369999885559082,13.510000228881836,13.359999656677246,13.460000038146973,3576100,0.0,0.0,0.0
2015-11-30,13.449999809265137,13.5,13.399999618530272,13.4399995803833,4609900,0.0,0.0,0.0
2015-12-01,13.520000457763672,13.529999732971191,13.43000030517578,13.510000228881836,4050400,0.0,0.0,0.0
2015-12-02,13.4399995803833,13.449999809265137,13.279999732971191,13.369999885559082,6458400,0.0,0.0,0.0
2015-12-03,13.43000030517578,13.510000228881836,13.329999923706056,13.460000038146973,8245900,0.0,0.0,0.0
2015-12-04,13.65999984741211,13.9399995803833,13.630000114440918,13.869999885559082,14759800,0.0,0.0,0.0
2015-12-07,13.789999961853027,13.8100004196167,13.579999923706056,13.619999885559082,5827200,0.0,0.0,0.0
2015-12-08,13.609999656677246,13.630000114440918,13.460000038146973,13.510000228881836,4889800,0.0,0.0,0.0
2015-12-09,13.640000343322754,13.65999984741211,13.479999542236328,13.489999771118164,3334600,0.0,0.0,0.0
2015-12-10,13.460000038146973,13.520000457763672,13.4399995803833,13.449999809265137,3923500,0.0,0.0,0.0
2015-12-11,13.15999984741211,13.329999923706056,13.15999984741211,13.300000190734863,6457200,0.0,0.0,0.0
2015-12-14,13.18000030517578,13.1899995803833,13.050000190734863,13.0600004196167,5583600,0.0,0.0,0.0
2015-12-15,13.109999656677246,13.1899995803833,13.0600004196167,13.109999656677246,3930300,0.0,0.0,0.0
2015-12-16,13.449999809265137,13.640000343322754,13.329999923706056,13.489999771118164,11176300,0.0,0.0,0.0
2015-12-17,13.1899995803833,13.199999809265137,13.039999961853027,13.079999923706056,8289900,0.0,0.0,0.0
2015-12-18,13.25,13.550000190734863,13.239999771118164,13.43000030517578,8282000,0.0,0.0,0.0
2015-12-21,13.59000015258789,13.670000076293944,13.539999961853027,13.59000015258789,6490200,0.0,0.0,0.0
2015-12-22,13.649999618530272,13.670000076293944,13.579999923706056,13.59000015258789,5083700,0.0,0.0,0.0
2015-12-23,13.59000015258789,13.68000030517578,13.539999961853027,13.619999885559082,3218000,0.0,0.0,0.0
2015-12-24,13.670000076293944,13.720000267028809,13.65999984741211,13.6899995803833,3274600,0.0,0.0,0.0
2015-12-28,13.380000114440918,13.399999618530272,13.220000267028809,13.289999961853027,5506000,0.0,0.0,0.0
2015-12-29,13.359999656677246,13.390000343322754,13.260000228881836,13.270000457763672,3566100,0.0,0.0,0.0
2015-12-30,13.199999809265137,13.220000267028809,13.15999984741211,13.210000038146973,2850000,0.0,0.0,0.0
2015-12-31,13.199999809265137,13.25,13.15999984741211,13.1899995803833,3489100,0.0,0.0,0.0
2016-01-04,13.470000267028809,13.520000457763672,13.1899995803833,13.1899995803833,4617100,0.0,0.0,0.0
2016-01-05,13.3100004196167,13.369999885559082,13.25,13.3100004196167,3722800,0.0,0.0,0.0
2016-01-06,13.369999885559082,13.479999542236328,13.260000228881836,13.359999656677246,3414700,0.0,0.0,0.0
2016-01-07,13.470000267028809,13.710000038146973,13.399999618530272,13.619999885559082,9669500,0.0,0.0,0.0
2016-01-08,13.40999984741211,13.43000030517578,13.229999542236328,13.300000190734863,5897700,0.0,0.0,0.0
2016-01-11,13.390000343322754,13.390000343322754,13.18000030517578,13.220000267028809,3799100,0.0,0.0,0.0
2016-01-12,13.170000076293944,13.199999809265137,13.100000381469728,13.170000076293944,4588400,0.0,0.0,0.0
2016-01-13,13.3100004196167,13.529999732971191,13.289999961853027,13.489999771118164,7780900,0.0,0.0,0.0
2016-01-14,13.199999809265137,13.220000267028809,13.100000381469728,13.1899995803833,6130700,0.0,0.0,0.0
2016-01-15,13.420000076293944,13.4399995803833,13.220000267028809,13.239999771118164,6320200,0.0,0.0,0.0
2016-01-19,13.449999809265137,13.470000267028809,13.350000381469728,13.359999656677246,4689300,0.0,0.0,0.0
2016-01-20,13.420000076293944,13.539999961853027,13.380000114440918,13.479999542236328,5764500,0.0,0.0,0.0
2016-01-21,13.3100004196167,13.460000038146973,13.229999542236328,13.460000038146973,4268400,0.0,0.0,0.0
2016-01-22,13.520000457763672,13.65999984741211,13.359999656677246,13.380000114440918,5563700,0.0,0.0,0.0
2016-01-25,13.5600004196167,13.59000015258789,13.510000228881836,13.579999923706056,3474800,0.0,0.0,0.0
2016-01-26,13.670000076293944,13.869999885559082,13.65999984741211,13.81999969482422,7802400,0.0,0.0,0.0
2016-01-27,13.789999961853027,13.880000114440918,13.670000076293944,13.8100004196167,4311800,0.0,0.0,0.0
2016-01-28,13.550000190734863,13.609999656677246,13.529999732971191,13.56999969482422,4153400,0.0,0.0,0.0
2016-01-29,13.529999732971191,13.619999885559082,13.5,13.59000015258789,3640400,0.0,0.0,0.0
2016-02-01,13.640000343322754,13.729999542236328,13.56999969482422,13.670000076293944,3404200,0.0,0.0,0.0
2016-02-02,13.65999984741211,13.720000267028809,13.5600004196167,13.619999885559082,2957300,0.0,0.0,0.0
2016-02-03,13.739999771118164,14.100000381469728,13.729999542236328,13.949999809265137,10054200,0.0,0.0,0.0
2016-02-04,14.15999984741211,14.199999809265137,14.0600004196167,14.170000076293944,7021100,0.0,0.0,0.0
2016-02-05,13.979999542236328,14.34000015258789,13.970000267028809,14.34000015258789,5446000,0.0,0.0,0.0
2016-02-08,14.510000228881836,14.720000267028809,14.479999542236328,14.59000015258789,13566900,0.0,0.0,0.0
2016-02-09,14.640000343322754,14.710000038146973,14.460000038146973,14.510000228881836,6803800,0.0,0.0,0.0
2016-02-10,14.510000228881836,14.579999923706056,14.369999885559082,14.550000190734863,5097000,0.0,0.0,0.0
2016-02-11,14.949999809265137,15.199999809265137,14.789999961853027,14.949999809265137,21500000,0.0,0.0,0.0
2016-02-12,14.949999809265137,15.0600004196167,14.890000343322754,14.989999771118164,7130900,0.0,0.0,0.0
2016-02-16,14.68000030517578,14.68000030517578,14.5,14.510000228881836,8638300,0.0,0.0,0.0
2016-02-17,14.550000190734863,14.649999618530272,14.520000457763672,14.539999961853027,4999900,0.0,0.0,0.0
2016-02-18,14.529999732971191,14.81999969482422,14.510000228881836,14.760000228881836,7516900,0.0,0.0,0.0
2016-02-19,14.619999885559082,14.699999809265137,14.600000381469728,14.640000343322754,5343100,0.0,0.0,0.0
2016-02-22,14.34000015258789,14.520000457763672,14.34000015258789,14.43000030517578,5417600,0.0,0.0,0.0
2016-02-23,14.510000228881836,14.579999923706056,14.489999771118164,14.539999961853027,4406100,0.0,0.0,0.0
2016-02-24,14.720000267028809,14.84000015258789,14.449999809265137,14.520000457763672,8958200,0.0,0.0,0.0
2016-02-25,14.380000114440918,14.479999542236328,14.31999969482422,14.40999984741211,5180700,0.0,0.0,0.0
2016-02-26,14.3100004196167,14.329999923706056,13.970000267028809,14.020000457763672,10291000,0.0,0.0,0.0
2016-02-29,14.039999961853027,14.210000038146973,14.029999732971191,14.199999809265137,4938600,0.0,0.0,0.0
2016-03-01,14.210000038146973,14.220000267028809,14.010000228881836,14.170000076293944,20681200,0.0,0.0,0.0
2016-03-02,14.170000076293944,14.3100004196167,14.149999618530272,14.25,9133800,0.0,0.0,0.0
2016-03-03,14.260000228881836,14.59000015258789,14.260000228881836,14.5,10448100,0.0,0.0,0.0
2016-03-04,14.670000076293944,15.039999961853027,14.649999618530272,14.760000228881836,18755100,0.0,0.0,0.0
2016-03-07,14.859999656677246,14.970000267028809,14.779999732971191,14.899999618530272,8332500,0.0,0.0,0.0
2016-03-08,14.84000015258789,14.859999656677246,14.600000381469728,14.619999885559082,8149000,0.0,0.0,0.0
2016-03-09,14.5,14.699999809265137,14.470000267028809,14.529999732971191,5620700,0.0,0.0,0.0
2016-03-10,14.720000267028809,14.899999618530272,14.699999809265137,14.81999969482422,11744600,0.0,0.0,0.0
2016-03-11,14.869999885559082,14.920000076293944,14.720000267028809,14.720000267028809,7177400,0.0,0.0,0.0
2016-03-14,15.029999732971191,15.039999961853027,14.539999961853027,14.579999923706056,11305100,0.0,0.0,0.0
2016-03-15,14.520000457763672,14.579999923706056,14.460000038146973,14.539999961853027,4692500,0.0,0.0,0.0
2016-03-16,14.510000228881836,14.90999984741211,14.470000267028809,14.869999885559082,10300400,0.0,0.0,0.0
2016-03-17,15.109999656677246,15.279999732971191,15.0,15.15999984741211,20688300,0.0,0.0,0.0
2016-03-18,15.09000015258789,15.149999618530272,14.979999542236328,15.029999732971191,8934300,0.0,0.0,0.0
2016-03-21,15.050000190734863,15.119999885559082,14.989999771118164,15.0600004196167,5287800,0.0,0.0,0.0
2016-03-22,15.079999923706056,15.199999809265137,15.010000228881836,15.119999885559082,5024200,0.0,0.0,0.0
2016-03-23,14.649999618530272,14.65999984741211,14.5,14.510000228881836,14398800,0.0,0.0,0.0
2016-03-24,14.56999969482422,14.600000381469728,14.43000030517578,14.43000030517578,5424900,0.0,0.0,0.0
2016-03-28,14.579999923706056,14.630000114440918,14.43000030517578,14.460000038146973,3438300,0.0,0.0,0.0
2016-03-29,14.529999732971191,14.619999885559082,14.380000114440918,14.600000381469728,7704200,0.0,0.0,0.0
2016-03-30,14.600000381469728,14.6899995803833,14.449999809265137,14.489999771118164,7875000,0.0,0.0,0.0
2016-03-31,14.699999809265137,14.739999771118164,14.609999656677246,14.68000030517578,5868200,0.0,0.0,0.0
2016-04-01,14.239999771118164,14.380000114440918,14.09000015258789,14.34000015258789,13947100,0.0,0.0,0.0
2016-04-04,14.329999923706056,14.359999656677246,14.199999809265137,14.199999809265137,5481000,0.0,0.0,0.0
2016-04-05,14.40999984741211,14.4399995803833,14.350000381469728,14.420000076293944,7597200,0.0,0.0,0.0
2016-04-06,14.3100004196167,14.460000038146973,14.270000457763672,14.34000015258789,4688200,0.0,0.0,0.0
2016-04-07,14.5600004196167,14.619999885559082,14.420000076293944,14.479999542236328,8633900,0.0,0.0,0.0
2016-04-08,14.510000228881836,14.649999618530272,14.489999771118164,14.619999885559082,7946400,0.0,0.0,0.0
2016-04-11,14.93000030517578,15.199999809265137,14.93000030517578,15.140000343322754,13189400,0.0,0.0,0.0
2016-04-12,15.279999732971191,15.43000030517578,15.199999809265137,15.40999984741211,11986500,0.0,0.0,0.0
2016-04-13,15.479999542236328,15.529999732971191,15.289999961853027,15.4399995803833,10558000,0.0,0.0,0.0
2016-04-14,15.399999618530272,15.460000038146973,15.300000190734863,15.34000015258789,7392500,0.0,0.0,0.0
2016-04-15,15.399999618530272,15.579999923706056,15.31999969482422,15.460000038146973,9692000,0.0,0.0,0.0
2016-04-18,15.470000267028809,15.529999732971191,15.40999984741211,15.420000076293944,5351100,0.0,0.0,0.0
2016-04-19,16.15999984741211,16.200000762939453,16.040000915527344,16.1200008392334,18838300,0.0,0.0,0.0
2016-04-20,16.239999771118164,16.360000610351562,16.1299991607666,16.139999389648438,16221600,0.0,0.0,0.0
2016-04-21,16.43000030517578,16.440000534057617,15.920000076293944,16.209999084472656,18781300,0.0,0.0,0.0
2016-04-22,16.360000610351562,16.510000228881836,16.020000457763672,16.139999389648438,14527800,0.0,0.0,0.0
2016-04-25,16.200000762939453,16.290000915527344,16.100000381469727,16.170000076293945,9324800,0.0,0.0,0.0
2016-04-26,16.229999542236328,16.31999969482422,16.15999984741211,16.290000915527344,7745900,0.0,0.0,0.0
2016-04-27,16.3700008392334,16.479999542236328,16.219999313354492,16.3799991607666,17178800,0.0,0.0,0.0
2016-04-28,16.510000228881836,16.799999237060547,16.459999084472656,16.770000457763672,13007900,0.0,0.0,0.0
2016-04-29,16.959999084472656,17.09000015258789,16.8700008392334,16.979999542236328,15182000,0.0,0.0,0.0
2016-05-02,16.940000534057617,16.950000762939453,16.6299991607666,16.639999389648438,12874000,0.0,0.0,0.0
2016-05-03,16.75,16.75,16.479999542236328,16.56999969482422,9740600,0.0,0.0,0.0
2016-05-04,16.530000686645508,16.610000610351562,16.389999389648438,16.489999771118164,8323400,0.0,0.0,0.0
2016-05-05,16.729999542236328,16.75,16.399999618530273,16.510000228881836,7639700,0.0,0.0,0.0
2016-05-06,16.530000686645508,16.739999771118164,16.489999771118164,16.6299991607666,9188200,0.0,0.0,0.0
2016-05-09,16.25,16.280000686645508,16.100000381469727,16.1200008392334,10563400,0.0,0.0,0.0
2016-05-10,16.25,16.31999969482422,16.170000076293945,16.280000686645508,6278300,0.0,0.0,0.0
2016-05-11,16.59000015258789,16.65999984741211,16.43000030517578,16.559999465942383,9226300,0.0,0.0,0.0
2016-05-12,16.540000915527344,16.56999969482422,16.170000076293945,16.219999313354492,9826700,0.0,0.0,0.0
2016-05-13,16.15999984741211,16.290000915527344,16.079999923706055,16.280000686645508,6156500,0.0,0.0,0.0
2016-05-16,16.479999542236328,16.549999237060547,16.270000457763672,16.31999969482422,6588700,0.0,0.0,0.0
2016-05-17,16.309999465942383,16.5,16.290000915527344,16.40999984741211,5992300,0.0,0.0,0.0
2016-05-18,16.15999984741211,16.31999969482422,15.899999618530272,16.0,13533300,0.0,0.0,0.0
2016-05-19,15.56999969482422,15.720000267028809,15.529999732971191,15.670000076293944,17547100,0.0,0.0,0.0
2016-05-20,15.81999969482422,15.81999969482422,15.609999656677246,15.6899995803833,5965800,0.0,0.0,0.0
2016-05-23,15.520000457763672,15.649999618530272,15.510000228881836,15.59000015258789,6041500,0.0,0.0,0.0
2016-05-24,15.510000228881836,15.640000343322754,15.399999618530272,15.420000076293944,7939500,0.0,0.0,0.0
2016-05-25,15.479999542236328,15.5600004196167,15.4399995803833,15.5,7969100,0.0,0.0,0.0
2016-05-26,15.710000038146973,15.729999542236328,15.489999771118164,15.529999732971191,5485700,0.0,0.0,0.0
2016-05-27,15.5,15.510000228881836,15.34000015258789,15.390000343322754,5918000,0.0,0.0,0.0
2016-05-31,15.260000228881836,15.3100004196167,15.170000076293944,15.1899995803833,7432200,0.0,0.0,0.0
2016-06-01,15.1899995803833,15.25,15.039999961853027,15.170000076293944,7146500,0.0,0.0,0.0
2016-06-02,15.210000038146973,15.25,15.170000076293944,15.220000267028809,4223600,0.0,0.0,0.0
2016-06-03,15.59000015258789,15.640000343322754,15.510000228881836,15.609999656677246,9059300,0.0,0.0,0.0
2016-06-06,15.630000114440918,15.68000030517578,15.56999969482422,15.68000030517578,5736300,0.0,0.0,0.0
2016-06-07,15.56999969482422,15.65999984741211,15.539999961853027,15.600000381469728,4896900,0.0,0.0,0.0
2016-06-08,16.15999984741211,16.260000228881836,16.100000381469727,16.209999084472656,14512900,0.0,0.0,0.0
2016-06-09,16.239999771118164,16.479999542236328,16.219999313354492,16.469999313354492,12579800,0.0,0.0,0.0
2016-06-10,16.469999313354492,16.530000686645508,16.360000610351562,16.489999771118164,11215100,0.0,0.0,0.0
2016-06-13,16.530000686645508,16.600000381469727,16.459999084472656,16.579999923706055,7799500,0.0,0.0,0.0
2016-06-14,16.600000381469727,16.600000381469727,16.450000762939453,16.540000915527344,7612100,0.0,0.0,0.0
2016-06-15,16.610000610351562,16.75,16.56999969482422,16.690000534057617,11249000,0.0,0.0,0.0
2016-06-16,16.889999389648438,16.920000076293945,16.299999237060547,16.309999465942383,36351500,0.0,0.0,0.0
2016-06-17,16.600000381469727,16.6200008392334,16.389999389648438,16.600000381469727,14781400,0.0,0.0,0.0
2016-06-20,16.510000228881836,16.690000534057617,16.489999771118164,16.649999618530273,7317200,0.0,0.0,0.0
2016-06-21,16.469999313354492,16.5,16.31999969482422,16.3799991607666,6642800,0.0,0.0,0.0
2016-06-22,16.40999984741211,16.479999542236328,16.389999389648438,16.420000076293945,4521800,0.0,0.0,0.0
2016-06-23,16.450000762939453,16.520000457763672,16.43000030517578,16.489999771118164,7472400,0.0,0.0,0.0
2016-06-24,17.049999237060547,17.06999969482422,16.799999237060547,16.889999389648438,16614200,0.0,0.0,0.0
2016-06-27,16.90999984741211,16.93000030517578,16.780000686645508,16.8700008392334,8978600,0.0,0.0,0.0
2016-06-28,16.899999618530273,16.969999313354492,16.850000381469727,16.90999984741211,6759600,0.0,0.0,0.0
2016-06-29,17.34000015258789,17.520000457763672,17.290000915527344,17.3700008392334,13965000,0.0,0.0,0.0
2016-06-30,17.530000686645508,17.899999618530273,17.459999084472656,17.860000610351562,18416300,0.0,0.0,0.0
2016-07-01,18.280000686645508,18.920000076293945,18.280000686645508,18.739999771118164,29989500,0.0,0.0,0.0
2016-07-05,18.8700008392334,19.07999992370605,18.670000076293945,18.979999542236328,28689100,0.0,0.0,0.0
2016-07-06,18.989999771118164,19.239999771118164,18.8799991607666,19.100000381469727,23766600,0.0,0.0,0.0
2016-07-07,18.88999938964844,18.89999961853028,18.5,18.709999084472656,19039200,0.0,0.0,0.0
2016-07-08,18.8799991607666,19.21999931335449,18.700000762939453,19.21999931335449,20102900,0.0,0.0,0.0
2016-07-11,19.25,19.450000762939453,19.21999931335449,19.299999237060547,20224200,0.0,0.0,0.0
2016-07-12,19.350000381469727,19.43000030517578,18.96999931335449,19.09000015258789,21190500,0.0,0.0,0.0
2016-07-13,19.31999969482422,19.39999961853028,19.15999984741211,19.38999938964844,9452400,0.0,0.0,0.0
2016-07-14,19.11000061035156,19.299999237060547,19.100000381469727,19.25,10881400,0.0,0.0,0.0
2016-07-15,19.100000381469727,19.18000030517578,19.01000022888184,19.07999992370605,11279600,0.0,0.0,0.0
2016-07-18,18.93000030517578,19.1200008392334,18.920000076293945,19.100000381469727,8619000,0.0,0.0,0.0
2016-07-19,18.90999984741211,19.020000457763672,18.88999938964844,18.920000076293945,5248600,0.0,0.0,0.0
2016-07-20,18.489999771118164,18.6200008392334,18.38999938964844,18.420000076293945,13492700,0.0,0.0,0.0
2016-07-21,18.3700008392334,18.89999961853028,18.36000061035156,18.8799991607666,12846100,0.0,0.0,0.0
2016-07-22,18.670000076293945,18.739999771118164,18.59000015258789,18.670000076293945,6826000,0.0,0.0,0.0
2016-07-25,18.489999771118164,18.729999542236328,18.34000015258789,18.540000915527344,8644600,0.0,0.0,0.0
2016-07-26,18.670000076293945,18.709999084472656,18.6299991607666,18.65999984741211,4110600,0.0,0.0,0.0
2016-07-27,19.020000457763672,19.39999961853028,18.799999237060547,19.3700008392334,20054800,0.0,0.0,0.0
2016-07-28,19.299999237060547,19.34000015258789,19.100000381469727,19.209999084472656,9657900,0.0,0.0,0.0
2016-07-29,19.26000022888184,19.39999961853028,19.09000015258789,19.350000381469727,14664700,0.0,0.0,0.0
2016-08-01,19.450000762939453,19.549999237060547,19.350000381469727,19.43000030517578,11590000,0.0,0.0,0.0
2016-08-02,19.64999961853028,19.709999084472656,19.559999465942383,19.600000381469727,9389300,0.0,0.0,0.0
2016-08-03,19.520000457763672,19.520000457763672,19.350000381469727,19.3799991607666,7129100,0.0,0.0,0.0
2016-08-04,19.280000686645508,19.450000762939453,19.270000457763672,19.350000381469727,5468600,0.0,0.0,0.0
2016-08-05,18.93000030517578,18.93000030517578,18.709999084472656,18.709999084472656,15087800,0.0,0.0,0.0
2016-08-08,18.76000022888184,18.8799991607666,18.729999542236328,18.739999771118164,6084200,0.0,0.0,0.0
2016-08-09,18.850000381469727,18.88999938964844,18.780000686645508,18.8700008392334,4754400,0.0,0.0,0.0
2016-08-10,19.290000915527344,19.31999969482422,19.1299991607666,19.15999984741211,8651400,0.0,0.0,0.0
2016-08-11,19.15999984741211,19.26000022888184,18.950000762939453,18.959999084472656,8105400,0.0,0.0,0.0
2016-08-12,19.14999961853028,19.190000534057617,18.68000030517578,18.71999931335449,9836800,0.0,0.0,0.0
2016-08-15,18.770000457763672,18.88999938964844,18.76000022888184,18.82999992370605,4449000,0.0,0.0,0.0
2016-08-16,18.770000457763672,18.950000762939453,18.729999542236328,18.81999969482422,9691800,0.0,0.0,0.0
2016-08-17,18.71999931335449,18.81999969482422,18.40999984741211,18.68000030517578,14618300,0.0,0.0,0.0
2016-08-18,18.790000915527344,18.850000381469727,18.700000762939453,18.770000457763672,6257200,0.0,0.0,0.0
2016-08-19,18.39999961853028,18.479999542236328,18.32999992370605,18.350000381469727,11493400,0.0,0.0,0.0
2016-08-22,18.010000228881836,18.030000686645508,17.899999618530273,17.969999313354492,12279000,0.0,0.0,0.0
2016-08-23,18.049999237060547,18.100000381469727,17.90999984741211,17.93000030517578,8261100,0.0,0.0,0.0
2016-08-24,17.770000457763672,17.780000686645508,17.600000381469727,17.6200008392334,11820300,0.0,0.0,0.0
2016-08-25,17.610000610351562,17.700000762939453,17.600000381469727,17.6299991607666,6661500,0.0,0.0,0.0
2016-08-26,17.790000915527344,18.1200008392334,17.6200008392334,17.719999313354492,16056800,0.0,0.0,0.0
2016-08-29,17.68000030517578,17.93000030517578,17.65999984741211,17.899999618530273,6200800,0.0,0.0,0.0
2016-08-30,17.799999237060547,17.860000610351562,17.639999389648438,17.670000076293945,10113900,0.0,0.0,0.0
2016-08-31,17.700000762939453,17.799999237060547,17.690000534057617,17.719999313354492,4347300,0.0,0.0,0.0
2016-09-01,17.739999771118164,17.989999771118164,17.690000534057617,17.940000534057617,11186400,0.0,0.0,0.0
2016-09-02,18.26000022888184,18.440000534057617,18.15999984741211,18.440000534057617,12220700,0.0,0.0,0.0
2016-09-06,18.65999984741211,19.1200008392334,18.6299991607666,19.049999237060547,15730200,0.0,0.0,0.0
2016-09-07,18.979999542236328,18.989999771118164,18.729999542236328,18.780000686645508,7417600,0.0,0.0,0.0
2016-09-08,18.780000686645508,18.8700008392334,18.56999969482422,18.6200008392334,8352100,0.0,0.0,0.0
2016-09-09,18.489999771118164,18.5,18.100000381469727,18.11000061035156,12606600,0.0,0.0,0.0
2016-09-12,17.920000076293945,18.21999931335449,17.850000381469727,18.170000076293945,11561100,0.0,0.0,0.0
2016-09-13,18.09000015258789,18.11000061035156,17.84000015258789,17.93000030517578,8803600,0.0,0.0,0.0
2016-09-14,18.049999237060547,18.13999938964844,18.0,18.020000457763672,4763000,0.0,0.0,0.0
2016-09-15,18.020000457763672,18.15999984741211,17.8700008392334,18.040000915527344,8193200,0.0,0.0,0.0
2016-09-16,17.770000457763672,17.8799991607666,17.739999771118164,17.860000610351562,8058800,0.0,0.0,0.0
2016-09-19,18.270000457763672,18.31999969482422,18.18000030517578,18.200000762939453,5498400,0.0,0.0,0.0
2016-09-20,18.14999961853028,18.299999237060547,18.11000061035156,18.270000457763672,3053000,0.0,0.0,0.0
2016-09-21,18.61000061035156,18.8700008392334,18.540000915527344,18.850000381469727,17296300,0.0,0.0,0.0
2016-09-22,18.979999542236328,19.049999237060547,18.850000381469727,18.89999961853028,9240800,0.0,0.0,0.0
2016-09-23,18.809999465942383,18.850000381469727,18.59000015258789,18.68000030517578,6948800,0.0,0.0,0.0
2016-09-26,18.63999938964844,18.670000076293945,18.3700008392334,18.40999984741211,6701000,0.0,0.0,0.0
2016-09-27,18.25,18.299999237060547,18.010000228881836,18.170000076293945,7780300,0.0,0.0,0.0
2016-09-28,18.09000015258789,18.239999771118164,17.959999084472656,18.209999084472656,6993400,0.0,0.0,0.0
2016-09-29,18.13999938964844,18.239999771118164,18.049999237060547,18.11000061035156,5776900,0.0,0.0,0.0
2016-09-30,18.64999961853028,18.670000076293945,18.1299991607666,18.200000762939453,11583000,0.0,0.0,0.0
2016-10-03,18.100000381469727,18.11000061035156,17.760000228881836,17.8700008392334,18044600,0.0,0.0,0.0
2016-10-04,17.579999923706055,17.579999923706055,16.81999969482422,16.940000534057617,27964600,0.0,0.0,0.0
2016-10-05,17.0,17.010000228881836,16.65999984741211,16.850000381469727,18165800,0.0,0.0,0.0
2016-10-06,16.510000228881836,16.559999465942383,16.239999771118164,16.440000534057617,18475600,0.0,0.0,0.0
2016-10-07,16.700000762939453,16.739999771118164,16.229999542236328,16.600000381469727,20243100,0.0,0.0,0.0
2016-10-10,16.600000381469727,16.829999923706055,16.600000381469727,16.729999542236328,8438000,0.0,0.0,0.0
2016-10-11,16.700000762939453,16.729999542236328,16.559999465942383,16.559999465942383,7212900,0.0,0.0,0.0
2016-10-12,16.600000381469727,16.709999084472656,16.530000686645508,16.649999618530273,6304100,0.0,0.0,0.0
2016-10-13,16.600000381469727,16.65999984741211,16.540000915527344,16.610000610351562,6259400,0.0,0.0,0.0
2016-10-14,16.559999465942383,16.690000534057617,16.479999542236328,16.559999465942383,8324400,0.0,0.0,0.0
2016-10-17,16.540000915527344,16.600000381469727,16.5,16.56999969482422,3556900,0.0,0.0,0.0
2016-10-18,16.690000534057617,16.799999237060547,16.6200008392334,16.719999313354492,8172900,0.0,0.0,0.0
2016-10-19,16.799999237060547,16.850000381469727,16.68000030517578,16.790000915527344,8595600,0.0,0.0,0.0
2016-10-20,16.799999237060547,16.829999923706055,16.559999465942383,16.639999389648438,7043000,0.0,0.0,0.0
2016-10-21,16.649999618530273,16.65999984741211,16.56999969482422,16.649999618530273,4149500,0.0,0.0,0.0
2016-10-24,16.959999084472656,16.979999542236328,16.639999389648438,16.700000762939453,5794100,0.0,0.0,0.0
2016-10-25,16.799999237060547,16.920000076293945,16.770000457763672,16.860000610351562,6575100,0.0,0.0,0.0
2016-10-26,16.809999465942383,16.8700008392334,16.68000030517578,16.709999084472656,5797200,0.0,0.0,0.0
2016-10-27,16.75,16.770000457763672,16.68000030517578,16.729999542236328,4059200,0.0,0.0,0.0
2016-10-28,16.81999969482422,17.010000228881836,16.729999542236328,16.8700008392334,9811500,0.0,0.0,0.0
2016-10-31,16.940000534057617,17.0,16.8700008392334,16.969999313354492,6060000,0.0,0.0,0.0
2016-11-01,17.3700008392334,17.549999237060547,17.31999969482422,17.40999984741211,12900400,0.0,0.0,0.0
2016-11-02,17.6200008392334,17.790000915527344,17.549999237060547,17.559999465942383,10936900,0.0,0.0,0.0
2016-11-03,17.260000228881836,17.5,17.239999771118164,17.420000076293945,7919800,0.0,0.0,0.0
2016-11-04,17.469999313354492,17.540000915527344,17.399999618530273,17.459999084472656,5672600,0.0,0.0,0.0
2016-11-07,17.309999465942383,17.31999969482422,17.09000015258789,17.290000915527344,7077200,0.0,0.0,0.0
2016-11-08,17.3700008392334,17.780000686645508,17.34000015258789,17.399999618530273,11208500,0.0,0.0,0.0
2016-11-09,17.860000610351562,17.8700008392334,17.399999618530273,17.450000762939453,16732900,0.0,0.0,0.0
2016-11-10,17.649999618530273,17.799999237060547,17.479999542236328,17.559999465942383,17505800,0.0,0.0,0.0
2016-11-11,17.489999771118164,17.5,16.309999465942383,16.469999313354492,50069500,0.0,0.0,0.0
2016-11-14,16.190000534057617,16.229999542236328,15.779999732971191,16.0,28808400,0.0,0.0,0.0
2016-11-15,16.040000915527344,16.260000228881836,16.010000228881836,16.190000534057617,10305500,0.0,0.0,0.0
2016-11-16,16.200000762939453,16.209999084472656,16.0,16.09000015258789,7007800,0.0,0.0,0.0
2016-11-17,16.110000610351562,16.170000076293945,15.729999542236328,15.84000015258789,20976100,0.0,0.0,0.0
2016-11-18,15.779999732971191,15.850000381469728,15.600000381469728,15.729999542236328,9995800,0.0,0.0,0.0
2016-11-21,15.760000228881836,15.859999656677246,15.670000076293944,15.720000267028809,8420000,0.0,0.0,0.0
2016-11-22,15.880000114440918,15.899999618530272,15.6899995803833,15.800000190734863,6669200,0.0,0.0,0.0
2016-11-23,15.5,15.619999885559082,15.34000015258789,15.520000457763672,12236300,0.0,0.0,0.0
2016-11-25,15.699999809265137,15.720000267028809,15.600000381469728,15.630000114440918,4894600,0.0,0.0,0.0
2016-11-28,15.720000267028809,15.84000015258789,15.630000114440918,15.770000457763672,6830100,0.0,0.0,0.0
2016-11-29,15.59000015258789,15.869999885559082,15.579999923706056,15.779999732971191,4756500,0.0,0.0,0.0
2016-11-30,15.779999732971191,15.8100004196167,15.56999969482422,15.65999984741211,8677100,0.0,0.0,0.0
2016-12-01,15.510000228881836,15.81999969482422,15.449999809265137,15.65999984741211,8477800,0.0,0.0,0.0
2016-12-02,15.699999809265137,15.9399995803833,15.68000030517578,15.829999923706056,8086300,0.0,0.0,0.0
2016-12-05,15.75,16.0,15.670000076293944,15.880000114440918,7198300,0.0,0.0,0.0
2016-12-06,15.859999656677246,16.010000228881836,15.829999923706056,15.850000381469728,4646700,0.0,0.0,0.0
2016-12-07,16.170000076293945,16.34000015258789,16.15999984741211,16.229999542236328,10080600,0.0,0.0,0.0
2016-12-08,16.139999389648438,16.200000762939453,16.079999923706055,16.139999389648438,5842600,0.0,0.0,0.0
2016-12-09,16.149999618530273,16.18000030517578,15.920000076293944,15.970000267028809,7902300,0.0,0.0,0.0
2016-12-12,16.239999771118164,16.290000915527344,16.15999984741211,16.190000534057617,7346200,0.0,0.0,0.0
2016-12-13,16.18000030517578,16.239999771118164,15.899999618530272,16.040000915527344,8206300,0.0,0.0,0.0
2016-12-14,16.239999771118164,16.329999923706055,15.869999885559082,15.93000030517578,15846200,0.0,0.0,0.0
2016-12-15,15.25,15.300000190734863,15.0600004196167,15.18000030517578,22111100,0.0,0.0,0.0
2016-12-16,15.220000267028809,15.420000076293944,15.119999885559082,15.270000457763672,8583300,0.0,0.0,0.0
2016-12-19,15.239999771118164,15.260000228881836,15.09000015258789,15.170000076293944,6794500,0.0,0.0,0.0
2016-12-20,14.869999885559082,15.260000228881836,14.850000381469728,15.239999771118164,10749200,0.0,0.0,0.0
2016-12-21,15.260000228881836,15.300000190734863,15.06999969482422,15.119999885559082,6061400,0.0,0.0,0.0
2016-12-22,15.050000190734863,15.199999809265137,14.949999809265137,14.979999542236328,7322400,0.0,0.0,0.0
2016-12-23,14.949999809265137,14.989999771118164,14.880000114440918,14.90999984741211,7895700,0.0,0.0,0.0
2016-12-27,14.989999771118164,15.149999618530272,14.970000267028809,15.130000114440918,5560400,0.0,0.0,0.0
2016-12-28,15.079999923706056,15.220000267028809,15.039999961853027,15.199999809265137,5798200,0.0,0.0,0.0
2016-12-29,15.210000038146973,15.399999618530272,15.170000076293944,15.31999969482422,8179000,0.0,0.0,0.0
2016-12-30,15.369999885559082,15.40999984741211,15.020000457763672,15.109999656677246,8564200,0.0,0.0,0.0
2017-01-03,15.25,15.640000343322754,15.1899995803833,15.4399995803833,11033700,0.0,0.0,0.0
2017-01-04,15.579999923706056,15.65999984741211,15.489999771118164,15.579999923706056,6142900,0.0,0.0,0.0
2017-01-05,15.729999542236328,15.850000381469728,15.65999984741211,15.760000228881836,7785600,0.0,0.0,0.0
2017-01-06,15.56999969482422,15.699999809265137,15.550000190734863,15.640000343322754,6097900,0.0,0.0,0.0
2017-01-09,15.6899995803833,15.829999923706056,15.649999618530272,15.699999809265137,7288900,0.0,0.0,0.0
2017-01-10,15.800000190734863,16.030000686645508,15.800000190734863,15.90999984741211,7865100,0.0,0.0,0.0
2017-01-11,15.770000457763672,16.0,15.670000076293944,15.869999885559082,7950600,0.0,0.0,0.0
2017-01-12,15.979999542236328,16.06999969482422,15.859999656677246,15.90999984741211,6089600,0.0,0.0,0.0
2017-01-13,15.81999969482422,15.949999809265137,15.729999542236328,15.9399995803833,5281200,0.0,0.0,0.0
2017-01-17,16.209999084472656,16.31999969482422,16.170000076293945,16.280000686645508,7882800,0.0,0.0,0.0
2017-01-18,16.280000686645508,16.43000030517578,16.149999618530273,16.190000534057617,8199400,0.0,0.0,0.0
2017-01-19,15.949999809265137,16.170000076293945,15.869999885559082,16.1200008392334,7699100,0.0,0.0,0.0
2017-01-20,16.1200008392334,16.270000457763672,16.020000457763672,16.190000534057617,8462400,0.0,0.0,0.0
2017-01-23,16.229999542236328,16.309999465942383,16.18000030517578,16.290000915527344,4206900,0.0,0.0,0.0
2017-01-24,16.280000686645508,16.389999389648438,16.139999389648438,16.219999313354492,7348500,0.0,0.0,0.0
2017-01-25,15.960000038146973,16.1299991607666,15.90999984741211,16.100000381469727,8319500,0.0,0.0,0.0
2017-01-26,15.9399995803833,16.020000457763672,15.84000015258789,15.93000030517578,5941800,0.0,0.0,0.0
2017-01-27,15.899999618530272,16.350000381469727,15.850000381469728,16.219999313354492,8214100,0.0,0.0,0.0
2017-01-30,16.280000686645508,16.3700008392334,16.18000030517578,16.229999542236328,6467700,0.0,0.0,0.0
2017-01-31,16.559999465942383,16.690000534057617,16.5,16.6299991607666,11082300,0.0,0.0,0.0
2017-02-01,16.540000915527344,16.719999313354492,16.450000762939453,16.610000610351562,7615200,0.0,0.0,0.0
2017-02-02,16.729999542236328,16.760000228881836,16.5,16.559999465942383,5407900,0.0,0.0,0.0
2017-02-03,16.489999771118164,16.6299991607666,16.469999313354492,16.56999969482422,5402500,0.0,0.0,0.0
2017-02-06,16.709999084472656,16.829999923706055,16.65999984741211,16.81999969482422,6729300,0.0,0.0,0.0
2017-02-07,16.760000228881836,16.8700008392334,16.75,16.790000915527344,4528500,0.0,0.0,0.0
2017-02-08,16.8799991607666,16.940000534057617,16.760000228881836,16.84000015258789,4534400,0.0,0.0,0.0
2017-02-09,16.84000015258789,16.920000076293945,16.690000534057617,16.75,4814700,0.0,0.0,0.0
2017-02-10,16.75,17.06999969482422,16.75,17.020000457763672,8820800,0.0,0.0,0.0
2017-02-13,16.959999084472656,16.979999542236328,16.829999923706055,16.889999389648438,5948000,0.0,0.0,0.0
2017-02-14,17.110000610351562,17.1200008392334,16.809999465942383,17.010000228881836,8069300,0.0,0.0,0.0
2017-02-15,16.90999984741211,17.049999237060547,16.889999389648438,17.040000915527344,4081600,0.0,0.0,0.0
2017-02-16,17.110000610351562,17.190000534057617,17.079999923706055,17.149999618530273,4991800,0.0,0.0,0.0
2017-02-17,17.059999465942383,17.1299991607666,17.040000915527344,17.059999465942383,4638800,0.0,0.0,0.0
2017-02-21,16.959999084472656,17.139999389648438,16.899999618530273,17.030000686645508,4800200,0.0,0.0,0.0
2017-02-22,17.059999465942383,17.110000610351562,16.989999771118164,17.110000610351562,4657300,0.0,0.0,0.0
2017-02-23,17.229999542236328,17.270000457763672,17.110000610351562,17.239999771118164,4873900,0.0,0.0,0.0
2017-02-24,17.3700008392334,17.450000762939453,17.290000915527344,17.399999618530273,8025900,0.0,0.0,0.0
2017-02-27,17.40999984741211,17.530000686645508,17.270000457763672,17.270000457763672,8487000,0.0,0.0,0.0
2017-02-28,17.420000076293945,17.5,17.34000015258789,17.3700008392334,6983100,0.0,0.0,0.0
2017-03-01,17.34000015258789,17.489999771118164,17.329999923706055,17.440000534057617,6245900,0.0,0.0,0.0
2017-03-02,17.34000015258789,17.399999618530273,16.75,16.799999237060547,15848300,0.0,0.0,0.0
2017-03-03,16.809999465942383,17.040000915527344,16.729999542236328,16.979999542236328,8780300,0.0,0.0,0.0
2017-03-06,16.93000030517578,16.93000030517578,16.770000457763672,16.829999923706055,5618700,0.0,0.0,0.0
2017-03-07,16.6299991607666,16.690000534057617,16.549999237060547,16.549999237060547,6595500,0.0,0.0,0.0
2017-03-08,16.40999984741211,16.440000534057617,16.309999465942383,16.31999969482422,6856500,0.0,0.0,0.0
2017-03-09,16.31999969482422,16.34000015258789,16.040000915527344,16.059999465942383,8481500,0.0,0.0,0.0
2017-03-10,16.06999969482422,16.15999984741211,16.0,16.149999618530273,6809200,0.0,0.0,0.0
2017-03-13,16.079999923706055,16.1299991607666,16.059999465942383,16.06999969482422,4252900,0.0,0.0,0.0
2017-03-14,16.049999237060547,16.1200008392334,15.970000267028809,15.989999771118164,4760900,0.0,0.0,0.0
2017-03-15,16.030000686645508,16.450000762939453,15.9399995803833,16.43000030517578,9718000,0.0,0.0,0.0
2017-03-16,16.43000030517578,16.56999969482422,16.34000015258789,16.399999618530273,5720700,0.0,0.0,0.0
2017-03-17,16.40999984741211,16.5,16.399999618530273,16.469999313354492,3079600,0.0,0.0,0.0
2017-03-20,16.489999771118164,16.530000686645508,16.440000534057617,16.5,2600600,0.0,0.0,0.0
2017-03-21,16.600000381469727,16.68000030517578,16.56999969482422,16.610000610351562,5533200,0.0,0.0,0.0
2017-03-22,16.610000610351562,16.65999984741211,16.559999465942383,16.6200008392334,3137800,0.0,0.0,0.0
2017-03-23,16.729999542236328,16.75,16.6200008392334,16.670000076293945,3978600,0.0,0.0,0.0
2017-03-24,16.709999084472656,16.850000381469727,16.690000534057617,16.809999465942383,5578100,0.0,0.0,0.0
2017-03-27,17.110000610351562,17.170000076293945,17.049999237060547,17.149999618530273,9630000,0.0,0.0,0.0
2017-03-28,17.200000762939453,17.270000457763672,17.110000610351562,17.18000030517578,7429500,0.0,0.0,0.0
2017-03-29,17.139999389648438,17.280000686645508,17.1299991607666,17.25,4464600,0.0,0.0,0.0
2017-03-30,17.18000030517578,17.329999923706055,17.139999389648438,17.149999618530273,6001800,0.0,0.0,0.0
2017-03-31,17.229999542236328,17.299999237060547,17.200000762939453,17.25,4732300,0.0,0.0,0.0
2017-04-03,17.209999084472656,17.299999237060547,17.200000762939453,17.239999771118164,4050400,0.0,0.0,0.0
2017-04-04,17.329999923706055,17.389999389648438,17.229999542236328,17.329999923706055,4374600,0.0,0.0,0.0
2017-04-05,17.229999542236328,17.34000015258789,17.170000076293945,17.31999969482422,5676200,0.0,0.0,0.0
2017-04-06,17.219999313354492,17.309999465942383,17.190000534057617,17.260000228881836,3934600,0.0,0.0,0.0
2017-04-07,17.399999618530273,17.420000076293945,16.920000076293945,17.030000686645508,10876000,0.0,0.0,0.0
2017-04-10,16.93000030517578,17.030000686645508,16.799999237060547,17.0,5560300,0.0,0.0,0.0
2017-04-11,17.100000381469727,17.350000381469727,17.09000015258789,17.309999465942383,7559500,0.0,0.0,0.0
2017-04-12,17.3700008392334,17.469999313354492,17.280000686645508,17.459999084472656,6480400,0.0,0.0,0.0
2017-04-13,17.56999969482422,17.59000015258789,17.43000030517578,17.530000686645508,8297400,0.0,0.0,0.0
2017-04-17,17.530000686645508,17.579999923706055,17.3799991607666,17.43000030517578,5066100,0.0,0.0,0.0
2017-04-18,17.420000076293945,17.440000534057617,17.110000610351562,17.34000015258789,11434000,0.0,0.0,0.0
2017-04-19,17.270000457763672,17.290000915527344,17.139999389648438,17.18000030517578,7431500,0.0,0.0,0.0
2017-04-20,17.110000610351562,17.190000534057617,16.920000076293945,17.059999465942383,10709900,0.0,0.0,0.0
2017-04-21,16.969999313354492,17.020000457763672,16.860000610351562,17.020000457763672,10720600,0.0,0.0,0.0
2017-04-24,16.84000015258789,16.989999771118164,16.790000915527344,16.979999542236328,6885100,0.0,0.0,0.0
2017-04-25,16.739999771118164,16.799999237060547,16.6200008392334,16.68000030517578,8458000,0.0,0.0,0.0
2017-04-26,16.56999969482422,16.600000381469727,16.399999618530273,16.56999969482422,9668600,0.0,0.0,0.0
2017-04-27,16.489999771118164,16.489999771118164,16.350000381469727,16.3700008392334,9606700,0.0,0.0,0.0
2017-04-28,16.309999465942383,16.389999389648438,16.25,16.299999237060547,7524100,0.0,0.0,0.0
2017-05-01,16.219999313354492,16.280000686645508,15.899999618530272,15.989999771118164,13640200,0.0,0.0,0.0
2017-05-02,15.970000267028809,15.979999542236328,15.890000343322754,15.93000030517578,7183600,0.0,0.0,0.0
2017-05-03,15.789999961853027,15.800000190734863,15.579999923706056,15.59000015258789,10586800,0.0,0.0,0.0
2017-05-04,15.479999542236328,15.56999969482422,15.350000381469728,15.43000030517578,12118200,0.0,0.0,0.0
2017-05-05,15.43000030517578,15.510000228881836,15.359999656677246,15.5,8476600,0.0,0.0,0.0
2017-05-08,15.43000030517578,15.470000267028809,15.380000114440918,15.40999984741211,6149600,0.0,0.0,0.0
2017-05-09,15.350000381469728,15.350000381469728,15.210000038146973,15.300000190734863,7632300,0.0,0.0,0.0
2017-05-10,15.380000114440918,15.399999618530272,15.31999969482422,15.350000381469728,6780400,0.0,0.0,0.0
2017-05-11,15.369999885559082,15.470000267028809,15.350000381469728,15.449999809265137,7017900,0.0,0.0,0.0
2017-05-12,15.56999969482422,15.609999656677246,15.529999732971191,15.56999969482422,6334500,0.0,0.0,0.0
2017-05-15,15.869999885559082,15.880000114440918,15.720000267028809,15.75,6766100,0.0,0.0,0.0
2017-05-16,15.81999969482422,15.979999542236328,15.800000190734863,15.93000030517578,6901800,0.0,0.0,0.0
2017-05-17,16.079999923706055,16.1299991607666,15.869999885559082,16.0,11164100,0.0,0.0,0.0
2017-05-18,15.880000114440918,15.890000343322754,15.5600004196167,15.710000038146973,9208000,0.0,0.0,0.0
2017-05-19,15.9399995803833,15.960000038146973,15.850000381469728,15.9399995803833,6136100,0.0,0.0,0.0
2017-05-22,16.100000381469727,16.290000915527344,16.09000015258789,16.229999542236328,6458000,0.0,0.0,0.0
2017-05-23,16.34000015258789,16.3799991607666,16.110000610351562,16.149999618530273,8053600,0.0,0.0,0.0
2017-05-24,16.149999618530273,16.280000686645508,16.100000381469727,16.280000686645508,6465000,0.0,0.0,0.0
2017-05-25,16.290000915527344,16.31999969482422,16.209999084472656,16.229999542236328,4171600,0.0,0.0,0.0
2017-05-26,16.3799991607666,16.450000762939453,16.309999465942383,16.399999618530273,5724900,0.0,0.0,0.0
2017-05-30,16.389999389648438,16.520000457763672,16.389999389648438,16.469999313354492,6493000,0.0,0.0,0.0
2017-05-31,16.350000381469727,16.5,16.329999923706055,16.389999389648438,5178600,0.0,0.0,0.0
2017-06-01,16.15999984741211,16.40999984741211,16.139999389648438,16.3799991607666,5242100,0.0,0.0,0.0
2017-06-02,16.450000762939453,16.639999389648438,16.440000534057617,16.59000015258789,6868000,0.0,0.0,0.0
2017-06-05,16.639999389648438,16.709999084472656,16.600000381469727,16.6299991607666,4483200,0.0,0.0,0.0
2017-06-06,16.729999542236328,16.799999237060547,16.690000534057617,16.760000228881836,5424100,0.0,0.0,0.0
2017-06-07,16.700000762939453,16.780000686645508,16.56999969482422,16.649999618530273,4312700,0.0,0.0,0.0
2017-06-08,16.68000030517578,16.68000030517578,16.3700008392334,16.489999771118164,7440400,0.0,0.0,0.0
2017-06-09,16.31999969482422,16.350000381469727,16.25,16.280000686645508,5441100,0.0,0.0,0.0
2017-06-12,16.110000610351562,16.18000030517578,16.040000915527344,16.040000915527344,5966800,0.0,0.0,0.0
2017-06-13,15.850000381469728,16.0,15.81999969482422,15.949999809265137,9314000,0.0,0.0,0.0
2017-06-14,16.299999237060547,16.3700008392334,15.9399995803833,15.949999809265137,13651500,0.0,0.0,0.0
2017-06-15,15.81999969482422,15.9399995803833,15.789999961853027,15.880000114440918,6266500,0.0,0.0,0.0
2017-06-16,15.8100004196167,15.81999969482422,15.75,15.789999961853027,4806700,0.0,0.0,0.0
2017-06-19,15.68000030517578,15.699999809265137,15.600000381469728,15.609999656677246,7444900,0.0,0.0,0.0
2017-06-20,15.56999969482422,15.609999656677246,15.510000228881836,15.59000015258789,6194300,0.0,0.0,0.0
2017-06-21,15.520000457763672,15.59000015258789,15.5,15.539999961853027,6018900,0.0,0.0,0.0
2017-06-22,15.68000030517578,15.729999542236328,15.630000114440918,15.68000030517578,5295700,0.0,0.0,0.0
2017-06-23,15.829999923706056,15.850000381469728,15.760000228881836,15.789999961853027,5237700,0.0,0.0,0.0
2017-06-26,15.710000038146973,15.739999771118164,15.649999618530272,15.68000030517578,3805400,0.0,0.0,0.0
2017-06-27,15.729999542236328,15.850000381469728,15.68000030517578,15.789999961853027,4350100,0.0,0.0,0.0
2017-06-28,15.890000343322754,15.920000076293944,15.81999969482422,15.920000076293944,4788000,0.0,0.0,0.0
2017-06-29,15.739999771118164,15.850000381469728,15.710000038146973,15.729999542236328,5030000,0.0,0.0,0.0
2017-06-30,15.720000267028809,15.779999732971191,15.699999809265137,15.710000038146973,3820300,0.0,0.0,0.0
2017-07-03,15.369999885559082,15.43000030517578,15.229999542236328,15.300000190734863,7903600,0.0,0.0,0.0
2017-07-05,15.06999969482422,15.1899995803833,15.039999961853027,15.18000030517578,9527500,0.0,0.0,0.0
2017-07-06,15.149999618530272,15.170000076293944,15.079999923706056,15.149999618530272,5154500,0.0,0.0,0.0
2017-07-07,14.949999809265137,14.960000038146973,14.529999732971191,14.729999542236328,19192400,0.0,0.0,0.0
2017-07-10,14.460000038146973,14.899999618530272,14.4399995803833,14.829999923706056,14637900,0.0,0.0,0.0
2017-07-11,14.850000381469728,15.0,14.760000228881836,14.989999771118164,7774400,0.0,0.0,0.0
2017-07-12,15.09000015258789,15.119999885559082,15.020000457763672,15.050000190734863,8272900,0.0,0.0,0.0
2017-07-13,15.039999961853027,15.050000190734863,14.84000015258789,14.869999885559082,7214900,0.0,0.0,0.0
2017-07-14,15.140000343322754,15.220000267028809,15.010000228881836,15.079999923706056,7841800,0.0,0.0,0.0
2017-07-17,15.270000457763672,15.31999969482422,15.220000267028809,15.220000267028809,7567200,0.0,0.0,0.0
2017-07-18,15.369999885559082,15.449999809265137,15.31999969482422,15.380000114440918,7794600,0.0,0.0,0.0
2017-07-19,15.43000030517578,15.479999542236328,15.329999923706056,15.399999618530272,5131300,0.0,0.0,0.0
2017-07-20,15.380000114440918,15.529999732971191,15.300000190734863,15.420000076293944,7564100,0.0,0.0,0.0
2017-07-21,15.56999969482422,15.630000114440918,15.520000457763672,15.600000381469728,7450400,0.0,0.0,0.0
2017-07-24,15.65999984741211,15.670000076293944,15.539999961853027,15.579999923706056,5812700,0.0,0.0,0.0
2017-07-25,15.619999885559082,15.720000267028809,15.5600004196167,15.59000015258789,6720400,0.0,0.0,0.0
2017-07-26,15.5600004196167,15.789999961853027,15.520000457763672,15.75,9831200,0.0,0.0,0.0
2017-07-27,15.899999618530272,15.899999618530272,15.649999618530272,15.68000030517578,7377200,0.0,0.0,0.0
2017-07-28,15.760000228881836,15.84000015258789,15.739999771118164,15.8100004196167,5841000,0.0,0.0,0.0
2017-07-31,15.899999618530272,15.960000038146973,15.859999656677246,15.899999618530272,5672200,0.0,0.0,0.0
2017-08-01,15.829999923706056,15.920000076293944,15.789999961853027,15.789999961853027,6443600,0.0,0.0,0.0
2017-08-02,15.6899995803833,15.859999656677246,15.65999984741211,15.670000076293944,6322200,0.0,0.0,0.0
2017-08-03,15.720000267028809,15.789999961853027,15.699999809265137,15.720000267028809,5365400,0.0,0.0,0.0
2017-08-04,15.539999961853027,15.5600004196167,15.3100004196167,15.380000114440918,12170800,0.0,0.0,0.0
2017-08-07,15.270000457763672,15.40999984741211,15.270000457763672,15.329999923706056,4191900,0.0,0.0,0.0
2017-08-08,15.510000228881836,15.579999923706056,15.359999656677246,15.5600004196167,7409400,0.0,0.0,0.0
2017-08-09,15.859999656677246,16.010000228881836,15.829999923706056,15.979999542236328,12546200,0.0,0.0,0.0
2017-08-10,16.260000228881836,16.280000686645508,16.100000381469727,16.18000030517578,10522600,0.0,0.0,0.0
2017-08-11,16.09000015258789,16.18000030517578,16.030000686645508,16.170000076293945,6302200,0.0,0.0,0.0
2017-08-14,16.139999389648438,16.219999313354492,16.079999923706055,16.1299991607666,5294900,0.0,0.0,0.0
2017-08-15,15.710000038146973,15.84000015258789,15.68000030517578,15.739999771118164,8834000,0.0,0.0,0.0
2017-08-16,15.770000457763672,16.18000030517578,15.770000457763672,16.149999618530273,9820000,0.0,0.0,0.0
2017-08-17,16.18000030517578,16.229999542236328,16.040000915527344,16.1200008392334,6398700,0.0,0.0,0.0
2017-08-18,16.209999084472656,16.239999771118164,16.040000915527344,16.100000381469727,8798700,0.0,0.0,0.0
2017-08-21,16.1200008392334,16.190000534057617,16.049999237060547,16.06999969482422,4983000,0.0,0.0,0.0
2017-08-22,16.139999389648438,16.15999984741211,15.949999809265137,16.06999969482422,5127300,0.0,0.0,0.0
2017-08-23,16.1200008392334,16.15999984741211,16.040000915527344,16.149999618530273,3175400,0.0,0.0,0.0
2017-08-24,16.040000915527344,16.079999923706055,15.949999809265137,16.030000686645508,4151400,0.0,0.0,0.0
2017-08-25,16.18000030517578,16.209999084472656,15.8100004196167,16.110000610351562,11920100,0.0,0.0,0.0
2017-08-28,16.239999771118164,16.520000457763672,16.209999084472656,16.5,11081500,0.0,0.0,0.0
2017-08-29,16.670000076293945,16.68000030517578,16.31999969482422,16.420000076293945,12355700,0.0,0.0,0.0
2017-08-30,16.440000534057617,16.5,16.420000076293945,16.459999084472656,3300500,0.0,0.0,0.0
2017-08-31,16.459999084472656,16.65999984741211,16.459999084472656,16.649999618530273,6445900,0.0,0.0,0.0
2017-09-01,16.709999084472656,16.770000457763672,16.549999237060547,16.729999542236328,7278900,0.0,0.0,0.0
2017-09-05,16.940000534057617,17.010000228881836,16.829999923706055,16.90999984741211,10761400,0.0,0.0,0.0
2017-09-06,16.989999771118164,17.0,16.829999923706055,16.8700008392334,8542000,0.0,0.0,0.0
2017-09-07,16.989999771118164,17.139999389648438,16.969999313354492,17.100000381469727,9221600,0.0,0.0,0.0
2017-09-08,17.1200008392334,17.1299991607666,16.920000076293945,17.020000457763672,7804500,0.0,0.0,0.0
2017-09-11,16.850000381469727,16.93000030517578,16.760000228881836,16.770000457763672,7282200,0.0,0.0,0.0
2017-09-12,16.829999923706055,16.920000076293945,16.799999237060547,16.889999389648438,4304100,0.0,0.0,0.0
2017-09-13,16.809999465942383,16.829999923706055,16.690000534057617,16.760000228881836,6739200,0.0,0.0,0.0
2017-09-14,16.709999084472656,16.809999465942383,16.700000762939453,16.770000457763672,4091800,0.0,0.0,0.0
2017-09-15,16.719999313354492,16.719999313354492,16.610000610351562,16.6200008392334,4176100,0.0,0.0,0.0
2017-09-18,16.389999389648438,16.40999984741211,16.1200008392334,16.270000457763672,11597600,0.0,0.0,0.0
2017-09-19,16.270000457763672,16.3799991607666,16.25,16.360000610351562,4238800,0.0,0.0,0.0
2017-09-20,16.309999465942383,16.43000030517578,16.030000686645508,16.190000534057617,10542100,0.0,0.0,0.0
2017-09-21,15.960000038146973,16.110000610351562,15.9399995803833,16.030000686645508,7150200,0.0,0.0,0.0
2017-09-22,16.010000228881836,16.09000015258789,15.979999542236328,16.049999237060547,3621200,0.0,0.0,0.0
2017-09-25,15.949999809265137,16.219999313354492,15.90999984741211,16.209999084472656,8925900,0.0,0.0,0.0
2017-09-26,16.020000457763672,16.020000457763672,15.850000381469728,15.90999984741211,7685300,0.0,0.0,0.0
2017-09-27,15.81999969482422,15.979999542236328,15.81999969482422,15.829999923706056,9022100,0.0,0.0,0.0
2017-09-28,15.880000114440918,15.960000038146973,15.800000190734863,15.920000076293944,4344000,0.0,0.0,0.0
2017-09-29,15.869999885559082,15.899999618530272,15.710000038146973,15.739999771118164,6330500,0.0,0.0,0.0
2017-10-02,15.75,15.8100004196167,15.65999984741211,15.670000076293944,5121000,0.0,0.0,0.0
2017-10-03,15.6899995803833,15.75,15.68000030517578,15.710000038146973,3838600,0.0,0.0,0.0
2017-10-04,15.720000267028809,15.760000228881836,15.619999885559082,15.6899995803833,6719300,0.0,0.0,0.0
2017-10-05,15.760000228881836,15.8100004196167,15.65999984741211,15.6899995803833,4530600,0.0,0.0,0.0
2017-10-06,15.670000076293944,15.93000030517578,15.420000076293944,15.850000381469728,12122400,0.0,0.0,0.0
2017-10-09,15.949999809265137,16.040000915527344,15.9399995803833,16.020000457763672,5576200,0.0,0.0,0.0
2017-10-10,16.229999542236328,16.290000915527344,16.149999618530273,16.149999618530273,8355200,0.0,0.0,0.0
2017-10-11,16.200000762939453,16.280000686645508,16.110000610351562,16.25,6933500,0.0,0.0,0.0
2017-10-12,16.219999313354492,16.299999237060547,16.15999984741211,16.260000228881836,4340300,0.0,0.0,0.0
2017-10-13,16.3799991607666,16.43000030517578,16.309999465942383,16.40999984741211,6616900,0.0,0.0,0.0
2017-10-16,16.43000030517578,16.489999771118164,16.149999618530273,16.25,7914300,0.0,0.0,0.0
2017-10-17,16.110000610351562,16.170000076293945,16.020000457763672,16.09000015258789,7724400,0.0,0.0,0.0
2017-10-18,16.059999465942383,16.09000015258789,16.010000228881836,16.059999465942383,4124900,0.0,0.0,0.0
2017-10-19,16.059999465942383,16.309999465942383,16.049999237060547,16.270000457763672,7656600,0.0,0.0,0.0
2017-10-20,16.170000076293945,16.260000228881836,15.979999542236328,16.079999923706055,8794400,0.0,0.0,0.0
2017-10-23,15.970000267028809,16.15999984741211,15.920000076293944,16.139999389648438,6320400,0.0,0.0,0.0
2017-10-24,16.020000457763672,16.100000381469727,15.9399995803833,16.020000457763672,6171700,0.0,0.0,0.0
2017-10-25,16.040000915527344,16.049999237060547,15.9399995803833,16.010000228881836,4316500,0.0,0.0,0.0
2017-10-26,15.970000267028809,16.0,15.81999969482422,15.850000381469728,6618000,0.0,0.0,0.0
2017-10-27,15.739999771118164,15.93000030517578,15.699999809265137,15.90999984741211,7225600,0.0,0.0,0.0
2017-10-30,15.739999771118164,15.960000038146973,15.739999771118164,15.90999984741211,3854300,0.0,0.0,0.0
2017-10-31,15.81999969482422,15.850000381469728,15.710000038146973,15.789999961853027,10656700,0.0,0.0,0.0
2017-11-01,15.949999809265137,16.239999771118164,15.93000030517578,16.18000030517578,10689100,0.0,0.0,0.0
2017-11-02,16.18000030517578,16.280000686645508,16.09000015258789,16.170000076293945,5499600,0.0,0.0,0.0
2017-11-03,16.200000762939453,16.219999313354492,15.84000015258789,15.920000076293944,6779700,0.0,0.0,0.0
2017-11-06,15.9399995803833,16.299999237060547,15.9399995803833,16.270000457763672,9806100,0.0,0.0,0.0
2017-11-07,16.209999084472656,16.229999542236328,15.970000267028809,16.010000228881836,6467600,0.0,0.0,0.0
2017-11-08,16.139999389648438,16.290000915527344,16.049999237060547,16.059999465942383,6397500,0.0,0.0,0.0
2017-11-09,16.020000457763672,16.100000381469727,15.989999771118164,16.06999969482422,4291500,0.0,0.0,0.0
2017-11-10,16.100000381469727,16.149999618530273,15.850000381469728,15.949999809265137,7895200,0.0,0.0,0.0
2017-11-13,16.040000915527344,16.1200008392334,15.989999771118164,16.09000015258789,5959400,0.0,0.0,0.0
2017-11-14,16.010000228881836,16.139999389648438,15.93000030517578,16.079999923706055,6728600,0.0,0.0,0.0
2017-11-15,16.190000534057617,16.209999084472656,16.0,16.030000686645508,6371300,0.0,0.0,0.0
2017-11-16,16.100000381469727,16.170000076293945,16.09000015258789,16.1200008392334,4404900,0.0,0.0,0.0
2017-11-17,16.139999389648438,16.40999984741211,16.100000381469727,16.309999465942383,9025200,0.0,0.0,0.0
2017-11-20,16.139999389648438,16.170000076293945,15.899999618530272,15.979999542236328,12877700,0.0,0.0,0.0
2017-11-21,16.040000915527344,16.110000610351562,15.989999771118164,16.010000228881836,5835800,0.0,0.0,0.0
2017-11-22,16.149999618530273,16.200000762939453,16.1299991607666,16.170000076293945,5600400,0.0,0.0,0.0
2017-11-24,16.100000381469727,16.18000030517578,16.049999237060547,16.079999923706055,2423800,0.0,0.0,0.0
2017-11-27,16.200000762939453,16.209999084472656,16.059999465942383,16.100000381469727,4960300,0.0,0.0,0.0
2017-11-28,16.110000610351562,16.1200008392334,15.81999969482422,15.90999984741211,13159700,0.0,0.0,0.0
2017-11-29,15.760000228881836,15.789999961853027,15.59000015258789,15.640000343322754,9101700,0.0,0.0,0.0
2017-11-30,15.470000267028809,15.5600004196167,15.399999618530272,15.510000228881836,11035900,0.0,0.0,0.0
2017-12-01,15.420000076293944,15.630000114440918,15.329999923706056,15.529999732971191,14631900,0.0,0.0,0.0
2017-12-04,15.449999809265137,15.449999809265137,15.34000015258789,15.4399995803833,6857300,0.0,0.0,0.0
2017-12-05,15.289999961853027,15.289999961853027,15.130000114440918,15.229999542236328,10124000,0.0,0.0,0.0
2017-12-06,15.109999656677246,15.18000030517578,15.020000457763672,15.100000381469728,8124700,0.0,0.0,0.0
2017-12-07,14.920000076293944,14.970000267028809,14.770000457763672,14.869999885559082,11107000,0.0,0.0,0.0
2017-12-08,14.93000030517578,15.010000228881836,14.890000343322754,14.960000038146973,6584400,0.0,0.0,0.0
2017-12-11,14.880000114440918,14.9399995803833,14.8100004196167,14.850000381469728,6204400,0.0,0.0,0.0
2017-12-12,14.779999732971191,14.880000114440918,14.739999771118164,14.859999656677246,7053000,0.0,0.0,0.0
2017-12-13,14.859999656677246,15.25,14.800000190734863,15.149999618530272,15271600,0.0,0.0,0.0
2017-12-14,15.050000190734863,15.050000190734863,14.9399995803833,15.020000457763672,7594400,0.0,0.0,0.0
2017-12-15,15.140000343322754,15.170000076293944,15.079999923706056,15.149999618530272,7127000,0.0,0.0,0.0
2017-12-18,15.199999809265137,15.260000228881836,15.18000030517578,15.220000267028809,4684300,0.0,0.0,0.0
2017-12-19,15.199999809265137,15.239999771118164,15.140000343322754,15.220000267028809,5053000,0.0,0.0,0.0
2017-12-20,15.289999961853027,15.329999923706056,15.239999771118164,15.25,4520100,0.0,0.0,0.0
2017-12-21,15.220000267028809,15.31999969482422,15.199999809265137,15.220000267028809,3910000,0.0,0.0,0.0
2017-12-22,15.34000015258789,15.489999771118164,15.3100004196167,15.399999618530272,8326700,0.0,0.0,0.0
2017-12-26,15.550000190734863,15.630000114440918,15.529999732971191,15.59000015258789,6380400,0.0,0.0,0.0
2017-12-27,15.670000076293944,15.779999732971191,15.649999618530272,15.729999542236328,6516600,0.0,0.0,0.0
2017-12-28,15.850000381469728,15.920000076293944,15.81999969482422,15.880000114440918,10101800,0.0,0.0,0.0
2017-12-29,16.020000457763672,16.149999618530273,15.93000030517578,15.989999771118164,13888400,0.0,0.0,0.0
2018-01-02,16.1299991607666,16.229999542236328,16.1200008392334,16.209999084472656,8943200,0.0,0.0,0.0
2018-01-03,16.190000534057617,16.260000228881836,16.09000015258789,16.170000076293945,9149500,0.0,0.0,0.0
2018-01-04,16.209999084472656,16.299999237060547,16.190000534057617,16.229999542236328,7466300,0.0,0.0,0.0
2018-01-05,16.18000030517578,16.290000915527344,16.15999984741211,16.219999313354492,5651500,0.0,0.0,0.0
2018-01-08,16.170000076293945,16.190000534057617,16.06999969482422,16.149999618530273,6707000,0.0,0.0,0.0
2018-01-09,16.010000228881836,16.06999969482422,15.949999809265137,16.030000686645508,6975400,0.0,0.0,0.0
2018-01-10,16.06999969482422,16.100000381469727,16.0,16.020000457763672,8167800,0.0,0.0,0.0
2018-01-11,16.010000228881836,16.06999969482422,15.90999984741211,16.010000228881836,5981900,0.0,0.0,0.0
2018-01-12,16.100000381469727,16.309999465942383,16.079999923706055,16.270000457763672,9850100,0.0,0.0,0.0
2018-01-16,16.1299991607666,16.25,16.09000015258789,16.25,8985900,0.0,0.0,0.0
2018-01-17,16.18000030517578,16.229999542236328,16.020000457763672,16.059999465942383,10718200,0.0,0.0,0.0
2018-01-18,16.079999923706055,16.15999984741211,15.949999809265137,15.970000267028809,8512300,0.0,0.0,0.0
2018-01-19,16.049999237060547,16.1200008392334,16.020000457763672,16.049999237060547,7674700,0.0,0.0,0.0
2018-01-22,16.06999969482422,16.09000015258789,16.0,16.040000915527344,4588100,0.0,0.0,0.0
2018-01-23,15.859999656677246,16.09000015258789,15.789999961853027,16.079999923706055,9722800,0.0,0.0,0.0
2018-01-24,16.3799991607666,16.6200008392334,16.350000381469727,16.559999465942383,17237400,0.0,0.0,0.0
2018-01-25,16.540000915527344,16.639999389648438,16.15999984741211,16.309999465942383,17380100,0.0,0.0,0.0
2018-01-26,16.3799991607666,16.5,16.360000610351562,16.40999984741211,7151800,0.0,0.0,0.0
2018-01-29,16.290000915527344,16.290000915527344,16.1299991607666,16.209999084472656,7179700,0.0,0.0,0.0
2018-01-30,16.309999465942383,16.31999969482422,16.100000381469727,16.149999618530273,8425000,0.0,0.0,0.0
2018-01-31,16.260000228881836,16.40999984741211,16.170000076293945,16.350000381469727,12327100,0.0,0.0,0.0
2018-02-01,16.15999984741211,16.270000457763672,16.1299991607666,16.25,6985200,0.0,0.0,0.0
2018-02-02,16.020000457763672,16.020000457763672,15.630000114440918,15.65999984741211,17895900,0.0,0.0,0.0
2018-02-05,15.90999984741211,15.93000030517578,15.720000267028809,15.739999771118164,11728100,0.0,0.0,0.0
2018-02-06,15.75,15.760000228881836,15.630000114440918,15.649999618530272,10021200,0.0,0.0,0.0
2018-02-07,15.529999732971191,15.579999923706056,15.34000015258789,15.40999984741211,11937300,0.0,0.0,0.0
2018-02-08,15.520000457763672,15.539999961853027,15.40999984741211,15.460000038146973,8688900,0.0,0.0,0.0
2018-02-09,15.399999618530272,15.399999618530272,15.260000228881836,15.390000343322754,8531200,0.0,0.0,0.0
2018-02-12,15.510000228881836,15.68000030517578,15.489999771118164,15.56999969482422,10638800,0.0,0.0,0.0
2018-02-13,15.59000015258789,15.65999984741211,15.510000228881836,15.619999885559082,5358900,0.0,0.0,0.0
2018-02-14,15.65999984741211,15.970000267028809,15.640000343322754,15.90999984741211,14553100,0.0,0.0,0.0
2018-02-15,15.90999984741211,15.9399995803833,15.6899995803833,15.90999984741211,9021600,0.0,0.0,0.0
2018-02-16,15.829999923706056,15.880000114440918,15.670000076293944,15.729999542236328,7210100,0.0,0.0,0.0
2018-02-20,15.6899995803833,15.729999542236328,15.489999771118164,15.539999961853027,8763800,0.0,0.0,0.0
2018-02-21,15.630000114440918,15.8100004196167,15.520000457763672,15.539999961853027,10420800,0.0,0.0,0.0
2018-02-22,15.630000114440918,15.739999771118164,15.600000381469728,15.65999984741211,5645700,0.0,0.0,0.0
2018-02-23,15.619999885559082,15.630000114440918,15.5600004196167,15.59000015258789,4306900,0.0,0.0,0.0
2018-02-26,15.670000076293944,15.6899995803833,15.550000190734863,15.68000030517578,4902400,0.0,0.0,0.0
2018-02-27,15.640000343322754,15.649999618530272,15.390000343322754,15.479999542236328,7695400,0.0,0.0,0.0
2018-02-28,15.510000228881836,15.56999969482422,15.4399995803833,15.460000038146973,4056400,0.0,0.0,0.0
2018-03-01,15.329999923706056,15.609999656677246,15.229999542236328,15.539999961853027,10568600,0.0,0.0,0.0
2018-03-02,15.609999656677246,15.630000114440918,15.489999771118164,15.5600004196167,6299000,0.0,0.0,0.0
2018-03-05,15.489999771118164,15.510000228881836,15.420000076293944,15.489999771118164,4056400,0.0,0.0,0.0
2018-03-06,15.6899995803833,15.899999618530272,15.68000030517578,15.779999732971191,11502800,0.0,0.0,0.0
2018-03-07,15.649999618530272,15.649999618530272,15.489999771118164,15.529999732971191,8255500,0.0,0.0,0.0
2018-03-08,15.550000190734863,15.56999969482422,15.489999771118164,15.550000190734863,6899900,0.0,0.0,0.0
2018-03-09,15.5,15.739999771118164,15.470000267028809,15.630000114440918,7958800,0.0,0.0,0.0
2018-03-12,15.539999961853027,15.619999885559082,15.510000228881836,15.609999656677246,4990100,0.0,0.0,0.0
2018-03-13,15.630000114440918,15.68000030517578,15.529999732971191,15.609999656677246,6471100,0.0,0.0,0.0
2018-03-14,15.609999656677246,15.630000114440918,15.5600004196167,15.609999656677246,4070000,0.0,0.0,0.0
2018-03-15,15.520000457763672,15.520000457763672,15.43000030517578,15.449999809265137,5760300,0.0,0.0,0.0
2018-03-16,15.460000038146973,15.479999542236328,15.279999732971191,15.390000343322754,6681600,0.0,0.0,0.0
2018-03-19,15.359999656677246,15.420000076293944,15.3100004196167,15.390000343322754,4884300,0.0,0.0,0.0
2018-03-20,15.329999923706056,15.329999923706056,15.1899995803833,15.279999732971191,7426400,0.0,0.0,0.0
2018-03-21,15.510000228881836,15.710000038146973,15.420000076293944,15.649999618530272,12896700,0.0,0.0,0.0
2018-03-22,15.520000457763672,15.539999961853027,15.399999618530272,15.4399995803833,10591500,0.0,0.0,0.0
2018-03-23,15.68000030517578,15.710000038146973,15.579999923706056,15.579999923706056,9556200,0.0,0.0,0.0
2018-03-26,15.729999542236328,15.81999969482422,15.710000038146973,15.720000267028809,8509300,0.0,0.0,0.0
2018-03-27,15.619999885559082,15.630000114440918,15.520000457763672,15.56999969482422,9363400,0.0,0.0,0.0
2018-03-28,15.43000030517578,15.43000030517578,15.31999969482422,15.359999656677246,10915100,0.0,0.0,0.0
2018-03-29,15.3100004196167,15.43000030517578,15.300000190734863,15.40999984741211,6888300,0.0,0.0,0.0
2018-04-02,15.619999885559082,15.720000267028809,15.579999923706056,15.649999618530272,9473100,0.0,0.0,0.0
2018-04-03,15.510000228881836,15.529999732971191,15.40999984741211,15.460000038146973,5832800,0.0,0.0,0.0
2018-04-04,15.380000114440918,15.449999809265137,15.31999969482422,15.380000114440918,8229100,0.0,0.0,0.0
2018-04-05,15.279999732971191,15.479999542236328,15.270000457763672,15.449999809265137,6121500,0.0,0.0,0.0
2018-04-06,15.520000457763672,15.550000190734863,15.390000343322754,15.43000030517578,6906700,0.0,0.0,0.0
2018-04-09,15.470000267028809,15.600000381469728,15.43000030517578,15.5600004196167,6558300,0.0,0.0,0.0
2018-04-10,15.65999984741211,15.6899995803833,15.56999969482422,15.619999885559082,7250900,0.0,0.0,0.0
2018-04-11,15.670000076293944,15.899999618530272,15.649999618530272,15.6899995803833,13825000,0.0,0.0,0.0
2018-04-12,15.579999923706056,15.59000015258789,15.5,15.520000457763672,7487100,0.0,0.0,0.0
2018-04-13,15.640000343322754,15.729999542236328,15.640000343322754,15.68000030517578,6159000,0.0,0.0,0.0
2018-04-16,15.770000457763672,15.8100004196167,15.6899995803833,15.720000267028809,5231200,0.0,0.0,0.0
2018-04-17,15.720000267028809,15.829999923706056,15.6899995803833,15.800000190734863,6926400,0.0,0.0,0.0
2018-04-18,16.149999618530273,16.260000228881836,16.09000015258789,16.18000030517578,19800200,0.0,0.0,0.0
2018-04-19,16.270000457763672,16.350000381469727,16.100000381469727,16.260000228881836,17017000,0.0,0.0,0.0
2018-04-20,16.149999618530273,16.219999313354492,16.110000610351562,16.1299991607666,8050500,0.0,0.0,0.0
2018-04-23,15.789999961853027,15.8100004196167,15.630000114440918,15.670000076293944,15510900,0.0,0.0,0.0
2018-04-24,15.6899995803833,15.789999961853027,15.670000076293944,15.760000228881836,7465500,0.0,0.0,0.0
2018-04-25,15.619999885559082,15.640000343322754,15.550000190734863,15.609999656677246,6278600,0.0,0.0,0.0
2018-04-26,15.630000114440918,15.640000343322754,15.470000267028809,15.579999923706056,8415300,0.0,0.0,0.0
2018-04-27,15.539999961853027,15.59000015258789,15.489999771118164,15.56999969482422,5690900,0.0,0.0,0.0
2018-04-30,15.3100004196167,15.5,15.260000228881836,15.380000114440918,13944300,0.0,0.0,0.0
2018-05-01,15.300000190734863,15.31999969482422,15.119999885559082,15.239999771118164,14157600,0.0,0.0,0.0
2018-05-02,15.4399995803833,15.56999969482422,15.380000114440918,15.420000076293944,10561200,0.0,0.0,0.0
2018-05-03,15.5600004196167,15.59000015258789,15.4399995803833,15.460000038146973,6541700,0.0,0.0,0.0
2018-05-04,15.43000030517578,15.550000190734863,15.40999984741211,15.539999961853027,4829700,0.0,0.0,0.0
2018-05-07,15.5,15.550000190734863,15.470000267028809,15.520000457763672,3331600,0.0,0.0,0.0
2018-05-08,15.489999771118164,15.5600004196167,15.359999656677246,15.510000228881836,9529700,0.0,0.0,0.0
2018-05-09,15.550000190734863,15.649999618530272,15.520000457763672,15.529999732971191,6852100,0.0,0.0,0.0
2018-05-10,15.729999542236328,15.779999732971191,15.68000030517578,15.739999771118164,8470600,0.0,0.0,0.0
2018-05-11,15.829999923706056,15.850000381469728,15.68000030517578,15.699999809265137,6681200,0.0,0.0,0.0
2018-05-14,15.68000030517578,15.710000038146973,15.539999961853027,15.5600004196167,7360100,0.0,0.0,0.0
2018-05-15,15.31999969482422,15.359999656677246,15.260000228881836,15.329999923706056,10317400,0.0,0.0,0.0
2018-05-16,15.350000381469728,15.470000267028809,15.31999969482422,15.40999984741211,7638200,0.0,0.0,0.0
2018-05-17,15.5,15.529999732971191,15.460000038146973,15.470000267028809,4987300,0.0,0.0,0.0
2018-05-18,15.43000030517578,15.510000228881836,15.420000076293944,15.479999542236328,3883000,0.0,0.0,0.0
2018-05-21,15.529999732971191,15.5600004196167,15.460000038146973,15.539999961853027,4405100,0.0,0.0,0.0
2018-05-22,15.65999984741211,15.6899995803833,15.550000190734863,15.579999923706056,5562600,0.0,0.0,0.0
2018-05-23,15.399999618530272,15.529999732971191,15.369999885559082,15.5,7300100,0.0,0.0,0.0
2018-05-24,15.609999656677246,15.720000267028809,15.59000015258789,15.6899995803833,7046000,0.0,0.0,0.0
2018-05-25,15.649999618530272,15.670000076293944,15.520000457763672,15.529999732971191,5169600,0.0,0.0,0.0
2018-05-29,15.420000076293944,15.510000228881836,15.390000343322754,15.4399995803833,9718200,0.0,0.0,0.0
2018-05-30,15.479999542236328,15.59000015258789,15.470000267028809,15.550000190734863,4684300,0.0,0.0,0.0
2018-05-31,15.529999732971191,15.600000381469728,15.449999809265137,15.460000038146973,5554400,0.0,0.0,0.0
2018-06-01,15.460000038146973,15.539999961853027,15.40999984741211,15.4399995803833,6197200,0.0,0.0,0.0
2018-06-04,15.529999732971191,15.5600004196167,15.4399995803833,15.449999809265137,3993300,0.0,0.0,0.0
2018-06-05,15.470000267028809,15.56999969482422,15.4399995803833,15.520000457763672,6568400,0.0,0.0,0.0
2018-06-06,15.699999809265137,15.760000228881836,15.649999618530272,15.699999809265137,8717300,0.0,0.0,0.0
2018-06-07,15.81999969482422,15.90999984741211,15.68000030517578,15.720000267028809,8920000,0.0,0.0,0.0
2018-06-08,15.81999969482422,15.829999923706056,15.720000267028809,15.779999732971191,4128900,0.0,0.0,0.0
2018-06-11,15.880000114440918,15.960000038146973,15.880000114440918,15.9399995803833,10123500,0.0,0.0,0.0
2018-06-12,15.880000114440918,15.960000038146973,15.829999923706056,15.869999885559082,6500900,0.0,0.0,0.0
2018-06-13,15.970000267028809,16.110000610351562,15.829999923706056,16.079999923706055,12232500,0.0,0.0,0.0
2018-06-14,16.15999984741211,16.280000686645508,16.139999389648438,16.170000076293945,13476500,0.0,0.0,0.0
2018-06-15,15.960000038146973,15.960000038146973,15.489999771118164,15.600000381469728,24728300,0.0,0.0,0.0
2018-06-18,15.5600004196167,15.59000015258789,15.449999809265137,15.510000228881836,8991600,0.0,0.0,0.0
2018-06-19,15.369999885559082,15.420000076293944,15.329999923706056,15.359999656677246,10823300,0.0,0.0,0.0
2018-06-20,15.359999656677246,15.390000343322754,15.3100004196167,15.34000015258789,7787300,0.0,0.0,0.0
2018-06-21,15.369999885559082,15.399999618530272,15.3100004196167,15.359999656677246,7075700,0.0,0.0,0.0
2018-06-22,15.420000076293944,15.520000457763672,15.380000114440918,15.5,7685700,0.0,0.0,0.0
2018-06-25,15.390000343322754,15.399999618530272,15.329999923706056,15.369999885559082,5508700,0.0,0.0,0.0
2018-06-26,15.329999923706056,15.369999885559082,15.289999961853027,15.329999923706056,6086000,0.0,0.0,0.0
2018-06-27,15.239999771118164,15.3100004196167,15.029999732971191,15.119999885559082,12641200,0.0,0.0,0.0
2018-06-28,15.100000381469728,15.109999656677246,14.989999771118164,15.06999969482422,8801000,0.0,0.0,0.0
2018-06-29,15.079999923706056,15.220000267028809,15.039999961853027,15.149999618530272,7990000,0.0,0.0,0.0
2018-07-02,14.960000038146973,15.0,14.84000015258789,14.90999984741211,9148800,0.0,0.0,0.0
2018-07-03,15.050000190734863,15.100000381469728,15.029999732971191,15.029999732971191,4606000,0.0,0.0,0.0
2018-07-05,15.06999969482422,15.149999618530272,15.039999961853027,15.100000381469728,7141100,0.0,0.0,0.0
2018-07-06,15.0600004196167,15.100000381469728,15.029999732971191,15.079999923706056,4791300,0.0,0.0,0.0
2018-07-09,15.210000038146973,15.25,15.130000114440918,15.170000076293944,6847500,0.0,0.0,0.0
2018-07-10,15.140000343322754,15.15999984741211,15.079999923706056,15.119999885559082,4298000,0.0,0.0,0.0
2018-07-11,14.979999542236328,15.0,14.850000381469728,14.859999656677246,10390800,0.0,0.0,0.0
2018-07-12,14.979999542236328,15.0600004196167,14.9399995803833,15.0,6969000,0.0,0.0,0.0
2018-07-13,14.880000114440918,14.949999809265137,14.81999969482422,14.880000114440918,8575500,0.0,0.0,0.0
2018-07-16,14.850000381469728,14.880000114440918,14.8100004196167,14.850000381469728,4576500,0.0,0.0,0.0
2018-07-17,14.68000030517578,14.760000228881836,14.619999885559082,14.670000076293944,18090700,0.0,0.0,0.0
2018-07-18,14.550000190734863,14.65999984741211,14.5,14.630000114440918,8067500,0.0,0.0,0.0
2018-07-19,14.359999656677246,14.550000190734863,14.350000381469728,14.420000076293944,16130700,0.0,0.0,0.0
2018-07-20,14.520000457763672,14.619999885559082,14.489999771118164,14.59000015258789,10571800,0.0,0.0,0.0
2018-07-23,14.520000457763672,14.539999961853027,14.43000030517578,14.470000267028809,6381600,0.0,0.0,0.0
2018-07-24,14.59000015258789,14.68000030517578,14.539999961853027,14.579999923706056,7540200,0.0,0.0,0.0
2018-07-25,14.68000030517578,14.699999809265137,14.600000381469728,14.68000030517578,7227800,0.0,0.0,0.0
2018-07-26,14.56999969482422,14.640000343322754,14.479999542236328,14.489999771118164,8336100,0.0,0.0,0.0
2018-07-27,14.5600004196167,14.619999885559082,14.539999961853027,14.56999969482422,5958200,0.0,0.0,0.0
2018-07-30,14.5600004196167,14.630000114440918,14.550000190734863,14.579999923706056,3655800,0.0,0.0,0.0
2018-07-31,14.579999923706056,14.6899995803833,14.529999732971191,14.609999656677246,6939100,0.0,0.0,0.0
2018-08-01,14.550000190734863,14.5600004196167,14.470000267028809,14.479999542236328,5023800,0.0,0.0,0.0
2018-08-02,14.479999542236328,14.510000228881836,14.380000114440918,14.43000030517578,8213900,0.0,0.0,0.0
2018-08-03,14.529999732971191,14.640000343322754,14.479999542236328,14.5,7564700,0.0,0.0,0.0
2018-08-06,14.43000030517578,14.449999809265137,14.380000114440918,14.399999618530272,3546000,0.0,0.0,0.0
2018-08-07,14.5,14.5,14.43000030517578,14.43000030517578,4175600,0.0,0.0,0.0
2018-08-08,14.489999771118164,14.529999732971191,14.43000030517578,14.5,5084900,0.0,0.0,0.0
2018-08-09,14.529999732971191,14.59000015258789,14.5,14.520000457763672,4021400,0.0,0.0,0.0
2018-08-10,14.420000076293944,14.510000228881836,14.380000114440918,14.40999984741211,6275400,0.0,0.0,0.0
2018-08-13,14.350000381469728,14.350000381469728,14.09000015258789,14.100000381469728,12229400,0.0,0.0,0.0
2018-08-14,14.140000343322754,14.210000038146973,14.109999656677246,14.170000076293944,5688600,0.0,0.0,0.0
2018-08-15,13.880000114440918,13.880000114440918,13.510000228881836,13.56999969482422,25279400,0.0,0.0,0.0
2018-08-16,13.789999961853027,13.949999809265137,13.770000457763672,13.770000457763672,12662800,0.0,0.0,0.0
2018-08-17,13.81999969482422,13.9399995803833,13.75,13.920000076293944,7177900,0.0,0.0,0.0
2018-08-20,13.859999656677246,13.899999618530272,13.779999732971191,13.880000114440918,6988000,0.0,0.0,0.0
2018-08-21,13.890000343322754,13.920000076293944,13.850000381469728,13.890000343322754,4004600,0.0,0.0,0.0
2018-08-22,13.890000343322754,13.90999984741211,13.81999969482422,13.880000114440918,5324500,0.0,0.0,0.0
2018-08-23,13.739999771118164,13.779999732971191,13.619999885559082,13.649999618530272,6917500,0.0,0.0,0.0
2018-08-24,13.850000381469728,13.989999771118164,13.829999923706056,13.920000076293944,8723600,0.0,0.0,0.0
2018-08-27,13.93000030517578,14.029999732971191,13.93000030517578,13.989999771118164,11768800,0.0,0.0,0.0
2018-08-28,14.020000457763672,14.050000190734863,13.789999961853027,13.84000015258789,10736800,0.0,0.0,0.0
2018-08-29,13.880000114440918,13.90999984741211,13.81999969482422,13.869999885559082,7312200,0.0,0.0,0.0
2018-08-30,13.770000457763672,13.770000457763672,13.649999618530272,13.699999809265137,9431000,0.0,0.0,0.0
2018-08-31,13.68000030517578,13.739999771118164,13.619999885559082,13.649999618530272,6536400,0.0,0.0,0.0
2018-09-04,13.229999542236328,13.329999923706056,13.170000076293944,13.3100004196167,15857200,0.0,0.0,0.0
2018-09-05,13.369999885559082,13.390000343322754,13.31999969482422,13.350000381469728,6813100,0.0,0.0,0.0
2018-09-06,13.359999656677246,13.4399995803833,13.270000457763672,13.3100004196167,9360100,0.0,0.0,0.0
2018-09-07,13.31999969482422,13.40999984741211,13.270000457763672,13.31999969482422,7207200,0.0,0.0,0.0
2018-09-10,13.369999885559082,13.380000114440918,13.289999961853027,13.3100004196167,4393500,0.0,0.0,0.0
2018-09-11,13.210000038146973,13.3100004196167,13.109999656677246,13.279999732971191,8083200,0.0,0.0,0.0
2018-09-12,13.25,13.43000030517578,13.229999542236328,13.390000343322754,9092600,0.0,0.0,0.0
2018-09-13,13.449999809265137,13.5,13.329999923706056,13.350000381469728,10771000,0.0,0.0,0.0
2018-09-14,13.350000381469728,13.380000114440918,13.220000267028809,13.229999542236328,7632600,0.0,0.0,0.0
2018-09-17,13.329999923706056,13.399999618530272,13.300000190734863,13.3100004196167,6851400,0.0,0.0,0.0
2018-09-18,13.34000015258789,13.369999885559082,13.25,13.3100004196167,5837200,0.0,0.0,0.0
2018-09-19,13.369999885559082,13.489999771118164,13.34000015258789,13.399999618530272,14142000,0.0,0.0,0.0
2018-09-20,13.40999984741211,13.460000038146973,13.359999656677246,13.449999809265137,9186700,0.0,0.0,0.0
2018-09-21,13.34000015258789,13.539999961853027,13.31999969482422,13.4399995803833,11081500,0.0,0.0,0.0
2018-09-24,13.4399995803833,13.529999732971191,13.40999984741211,13.40999984741211,9673700,0.0,0.0,0.0
2018-09-25,13.56999969482422,13.6899995803833,13.56999969482422,13.59000015258789,11303700,0.0,0.0,0.0
2018-09-26,13.520000457763672,13.600000381469728,13.449999809265137,13.489999771118164,10004300,0.0,0.0,0.0
2018-09-27,13.359999656677246,13.449999809265137,13.329999923706056,13.40999984741211,6534900,0.0,0.0,0.0
2018-09-28,13.630000114440918,13.84000015258789,13.619999885559082,13.729999542236328,15282500,0.0,0.0,0.0
2018-10-01,13.529999732971191,13.649999618530272,13.510000228881836,13.619999885559082,9288000,0.0,0.0,0.0
2018-10-02,13.899999618530272,14.020000457763672,13.760000228881836,13.789999961853027,20937700,0.0,0.0,0.0
2018-10-03,13.84000015258789,13.890000343322754,13.739999771118164,13.779999732971191,8549200,0.0,0.0,0.0
2018-10-04,13.850000381469728,13.869999885559082,13.65999984741211,13.710000038146973,9243500,0.0,0.0,0.0
2018-10-05,13.8100004196167,13.829999923706056,13.699999809265137,13.75,7016000,0.0,0.0,0.0
2018-10-08,13.460000038146973,13.529999732971191,13.399999618530272,13.529999732971191,9290300,0.0,0.0,0.0
2018-10-09,13.479999542236328,13.550000190734863,13.40999984741211,13.529999732971191,6392900,0.0,0.0,0.0
2018-10-10,13.489999771118164,13.5,13.390000343322754,13.449999809265137,8632800,0.0,0.0,0.0
2018-10-11,13.59000015258789,13.75,13.5600004196167,13.670000076293944,15833000,0.0,0.0,0.0
2018-10-12,13.779999732971191,13.8100004196167,13.670000076293944,13.739999771118164,8082000,0.0,0.0,0.0
2018-10-15,13.829999923706056,13.880000114440918,13.770000457763672,13.800000190734863,6605800,0.0,0.0,0.0
2018-10-16,13.90999984741211,13.93000030517578,13.760000228881836,13.779999732971191,7548800,0.0,0.0,0.0
2018-10-17,13.789999961853027,13.850000381469728,13.720000267028809,13.739999771118164,7074500,0.0,0.0,0.0
2018-10-18,13.699999809265137,13.779999732971191,13.649999618530272,13.699999809265137,6018300,0.0,0.0,0.0
2018-10-19,13.800000190734863,13.829999923706056,13.720000267028809,13.739999771118164,4864500,0.0,0.0,0.0
2018-10-22,13.6899995803833,13.699999809265137,13.640000343322754,13.68000030517578,4819900,0.0,0.0,0.0
2018-10-23,13.890000343322754,13.920000076293944,13.81999969482422,13.829999923706056,8088400,0.0,0.0,0.0
2018-10-24,13.850000381469728,13.880000114440918,13.760000228881836,13.789999961853027,6600700,0.0,0.0,0.0
2018-10-25,13.770000457763672,13.789999961853027,13.710000038146973,13.739999771118164,6665100,0.0,0.0,0.0
2018-10-26,13.800000190734863,13.880000114440918,13.770000457763672,13.8100004196167,7874600,0.0,0.0,0.0
2018-10-29,13.800000190734863,13.800000190734863,13.529999732971191,13.59000015258789,9774000,0.0,0.0,0.0
2018-10-30,13.56999969482422,13.630000114440918,13.5600004196167,13.609999656677246,5980400,0.0,0.0,0.0
2018-10-31,13.4399995803833,13.470000267028809,13.390000343322754,13.40999984741211,9383800,0.0,0.0,0.0
2018-11-01,13.720000267028809,13.920000076293944,13.6899995803833,13.829999923706056,11926200,0.0,0.0,0.0
2018-11-02,13.90999984741211,14.010000228881836,13.81999969482422,13.859999656677246,9784100,0.0,0.0,0.0
2018-11-05,13.770000457763672,13.829999923706056,13.720000267028809,13.760000228881836,5178600,0.0,0.0,0.0
2018-11-06,13.710000038146973,13.729999542236328,13.609999656677246,13.649999618530272,5159700,0.0,0.0,0.0
2018-11-07,13.75,13.770000457763672,13.670000076293944,13.670000076293944,4207800,0.0,0.0,0.0
2018-11-08,13.5600004196167,13.619999885559082,13.510000228881836,13.5600004196167,5517700,0.0,0.0,0.0
2018-11-09,13.369999885559082,13.369999885559082,13.25,13.31999969482422,12229900,0.0,0.0,0.0
2018-11-12,13.220000267028809,13.220000267028809,13.149999618530272,13.170000076293944,6019000,0.0,0.0,0.0
2018-11-13,13.15999984741211,13.239999771118164,13.109999656677246,13.149999618530272,10762200,0.0,0.0,0.0
2018-11-14,13.15999984741211,13.34000015258789,13.140000343322754,13.279999732971191,11375200,0.0,0.0,0.0
2018-11-15,13.3100004196167,13.479999542236328,13.300000190734863,13.420000076293944,7407400,0.0,0.0,0.0
2018-11-16,13.520000457763672,13.550000190734863,13.470000267028809,13.529999732971191,8750900,0.0,0.0,0.0
2018-11-19,13.529999732971191,13.56999969482422,13.489999771118164,13.550000190734863,6232000,0.0,0.0,0.0
2018-11-20,13.529999732971191,13.539999961853027,13.359999656677246,13.449999809265137,6923900,0.0,0.0,0.0
2018-11-21,13.579999923706056,13.670000076293944,13.579999923706056,13.600000381469728,5733300,0.0,0.0,0.0
2018-11-23,13.43000030517578,13.449999809265137,13.399999618530272,13.420000076293944,3310600,0.0,0.0,0.0
2018-11-26,13.43000030517578,13.460000038146973,13.359999656677246,13.390000343322754,5100000,0.0,0.0,0.0
2018-11-27,13.399999618530272,13.420000076293944,13.229999542236328,13.289999961853027,7165200,0.0,0.0,0.0
2018-11-28,13.3100004196167,13.529999732971191,13.260000228881836,13.43000030517578,8932300,0.0,0.0,0.0
2018-11-29,13.470000267028809,13.520000457763672,13.399999618530272,13.43000030517578,6868200,0.0,0.0,0.0
2018-11-30,13.300000190734863,13.31999969482422,13.199999809265137,13.31999969482422,7261100,0.0,0.0,0.0
2018-12-03,13.630000114440918,13.649999618530272,13.479999542236328,13.489999771118164,11951200,0.0,0.0,0.0
2018-12-04,13.739999771118164,13.770000457763672,13.619999885559082,13.619999885559082,10209800,0.0,0.0,0.0
2018-12-06,13.539999961853027,13.609999656677246,13.520000457763672,13.600000381469728,6372500,0.0,0.0,0.0
2018-12-07,13.640000343322754,13.760000228881836,13.630000114440918,13.729999542236328,8447800,0.0,0.0,0.0
2018-12-10,13.630000114440918,13.710000038146973,13.600000381469728,13.649999618530272,6420800,0.0,0.0,0.0
2018-12-11,13.760000228881836,13.81999969482422,13.630000114440918,13.65999984741211,6799500,0.0,0.0,0.0
2018-12-12,13.800000190734863,13.890000343322754,13.789999961853027,13.81999969482422,7022100,0.0,0.0,0.0
2018-12-13,13.84000015258789,13.880000114440918,13.800000190734863,13.859999656677246,4870500,0.0,0.0,0.0
2018-12-14,13.619999885559082,13.739999771118164,13.600000381469728,13.699999809265137,8673700,0.0,0.0,0.0
2018-12-17,13.710000038146973,13.8100004196167,13.68000030517578,13.770000457763672,6517300,0.0,0.0,0.0
2018-12-18,13.75,13.81999969482422,13.720000267028809,13.75,6808500,0.0,0.0,0.0
2018-12-19,13.8100004196167,13.93000030517578,13.649999618530272,13.6899995803833,16736200,0.0,0.0,0.0
2018-12-20,13.880000114440918,13.9399995803833,13.800000190734863,13.850000381469728,13577600,0.0,0.0,0.0
2018-12-21,13.81999969482422,13.84000015258789,13.710000038146973,13.739999771118164,7224400,0.0,0.0,0.0
2018-12-24,13.789999961853027,13.90999984741211,13.789999961853027,13.869999885559082,6303900,0.0,0.0,0.0
2018-12-26,14.100000381469728,14.239999771118164,14.050000190734863,14.109999656677246,15133000,0.0,0.0,0.0
2018-12-27,14.25,14.34000015258789,14.210000038146973,14.300000190734863,13958600,0.0,0.0,0.0
2018-12-28,14.399999618530272,14.449999809265137,14.329999923706056,14.420000076293944,11445300,0.0,0.0,0.0
2018-12-31,14.420000076293944,14.5600004196167,14.40999984741211,14.520000457763672,10897200,0.0,0.0,0.0
2019-01-02,14.460000038146973,14.65999984741211,14.449999809265137,14.5600004196167,12310400,0.0,0.0,0.0
2019-01-03,14.6899995803833,14.789999961853027,14.630000114440918,14.75,12933200,0.0,0.0,0.0
2019-01-04,14.729999542236328,14.789999961853027,14.630000114440918,14.729999542236328,17854300,0.0,0.0,0.0
2019-01-07,14.760000228881836,14.779999732971191,14.65999984741211,14.670000076293944,7432300,0.0,0.0,0.0
2019-01-08,14.649999618530272,14.729999542236328,14.640000343322754,14.6899995803833,6776400,0.0,0.0,0.0
2019-01-09,14.68000030517578,14.8100004196167,14.65999984741211,14.779999732971191,11011300,0.0,0.0,0.0
2019-01-10,14.68000030517578,14.720000267028809,14.59000015258789,14.600000381469728,8700300,0.0,0.0,0.0
2019-01-11,14.619999885559082,14.699999809265137,14.600000381469728,14.640000343322754,4941900,0.0,0.0,0.0
2019-01-14,14.670000076293944,14.699999809265137,14.619999885559082,14.65999984741211,4370100,0.0,0.0,0.0
2019-01-15,14.710000038146973,14.739999771118164,14.59000015258789,14.600000381469728,15520800,0.0,0.0,0.0
2019-01-16,14.649999618530272,14.6899995803833,14.609999656677246,14.630000114440918,6583500,0.0,0.0,0.0
2019-01-17,14.550000190734863,14.600000381469728,14.510000228881836,14.56999969482422,7610100,0.0,0.0,0.0
2019-01-18,14.449999809265137,14.5,14.369999885559082,14.369999885559082,9390900,0.0,0.0,0.0
2019-01-22,14.329999923706056,14.40999984741211,14.300000190734863,14.390000343322754,8544400,0.0,0.0,0.0
2019-01-23,14.350000381469728,14.43000030517578,14.31999969482422,14.420000076293944,5687200,0.0,0.0,0.0
2019-01-24,14.399999618530272,14.420000076293944,14.329999923706056,14.359999656677246,3809100,0.0,0.0,0.0
2019-01-25,14.579999923706056,14.760000228881836,14.579999923706056,14.739999771118164,10686800,0.0,0.0,0.0
2019-01-28,14.65999984741211,14.800000190734863,14.649999618530272,14.789999961853027,7751300,0.0,0.0,0.0
2019-01-29,14.880000114440918,14.90999984741211,14.84000015258789,14.880000114440918,6481700,0.0,0.0,0.0
2019-01-30,14.920000076293944,15.119999885559082,14.880000114440918,15.050000190734863,12468900,0.0,0.0,0.0
2019-01-31,15.170000076293944,15.1899995803833,15.029999732971191,15.050000190734863,8510800,0.0,0.0,0.0
2019-02-01,15.050000190734863,15.079999923706056,14.90999984741211,14.920000076293944,6654200,0.0,0.0,0.0
2019-02-04,14.829999923706056,14.93000030517578,14.81999969482422,14.880000114440918,5917700,0.0,0.0,0.0
2019-02-05,14.90999984741211,14.93000030517578,14.84000015258789,14.869999885559082,5944400,0.0,0.0,0.0
2019-02-06,14.850000381469728,14.859999656677246,14.670000076293944,14.68000030517578,7820600,0.0,0.0,0.0
2019-02-07,14.699999809265137,14.779999732971191,14.6899995803833,14.770000457763672,7336300,0.0,0.0,0.0
2019-02-08,14.789999961853027,14.869999885559082,14.760000228881836,14.829999923706056,5287500,0.0,0.0,0.0
2019-02-11,14.720000267028809,14.800000190734863,14.710000038146973,14.720000267028809,3485500,0.0,0.0,0.0
2019-02-12,14.75,14.760000228881836,14.699999809265137,14.729999542236328,4314000,0.0,0.0,0.0
2019-02-13,14.739999771118164,14.84000015258789,14.579999923706056,14.59000015258789,7914500,0.0,0.0,0.0
2019-02-14,14.56999969482422,14.670000076293944,14.550000190734863,14.649999618530272,6544000,0.0,0.0,0.0
2019-02-15,14.699999809265137,14.829999923706056,14.630000114440918,14.81999969482422,6509700,0.0,0.0,0.0
2019-02-19,14.84000015258789,15.020000457763672,14.84000015258789,15.020000457763672,7941300,0.0,0.0,0.0
2019-02-20,15.06999969482422,15.210000038146973,15.029999732971191,15.06999969482422,9502300,0.0,0.0,0.0
2019-02-21,14.949999809265137,14.970000267028809,14.829999923706056,14.829999923706056,7577900,0.0,0.0,0.0
2019-02-22,14.920000076293944,14.989999771118164,14.899999618530272,14.949999809265137,4114000,0.0,0.0,0.0
2019-02-25,14.970000267028809,14.989999771118164,14.859999656677246,14.899999618530272,5508200,0.0,0.0,0.0
2019-02-26,14.9399995803833,14.949999809265137,14.829999923706056,14.9399995803833,4878700,0.0,0.0,0.0
2019-02-27,14.869999885559082,14.869999885559082,14.729999542236328,14.75,6797800,0.0,0.0,0.0
2019-02-28,14.75,14.75,14.609999656677246,14.630000114440918,5919700,0.0,0.0,0.0
2019-03-01,14.489999771118164,14.550000190734863,14.199999809265137,14.199999809265137,17580500,0.0,0.0,0.0
2019-03-04,14.15999984741211,14.1899995803833,14.119999885559082,14.149999618530272,9028900,0.0,0.0,0.0
2019-03-05,14.149999618530272,14.210000038146973,14.109999656677246,14.199999809265137,7148400,0.0,0.0,0.0
2019-03-06,14.170000076293944,14.170000076293944,14.109999656677246,14.149999618530272,6302700,0.0,0.0,0.0
2019-03-07,14.06999969482422,14.140000343322754,14.050000190734863,14.09000015258789,6009600,0.0,0.0,0.0
2019-03-08,14.31999969482422,14.420000076293944,14.300000190734863,14.40999984741211,8970900,0.0,0.0,0.0
2019-03-11,14.359999656677246,14.369999885559082,14.260000228881836,14.369999885559082,6610200,0.0,0.0,0.0
2019-03-12,14.460000038146973,14.510000228881836,14.40999984741211,14.479999542236328,7795500,0.0,0.0,0.0
2019-03-13,14.510000228881836,14.550000190734863,14.479999542236328,14.510000228881836,4718600,0.0,0.0,0.0
2019-03-14,14.25,14.270000457763672,14.199999809265137,14.239999771118164,7676200,0.0,0.0,0.0
2019-03-15,14.390000343322754,14.43000030517578,14.329999923706056,14.329999923706056,5630100,0.0,0.0,0.0
2019-03-18,14.40999984741211,14.470000267028809,14.359999656677246,14.390000343322754,4620400,0.0,0.0,0.0
2019-03-19,14.460000038146973,14.479999542236328,14.390000343322754,14.399999618530272,4290600,0.0,0.0,0.0
2019-03-20,14.449999809265137,14.59000015258789,14.31999969482422,14.539999961853027,13562700,0.0,0.0,0.0
2019-03-21,14.5600004196167,14.5600004196167,14.420000076293944,14.5,8086100,0.0,0.0,0.0
2019-03-22,14.449999809265137,14.489999771118164,14.40999984741211,14.449999809265137,4447000,0.0,0.0,0.0
2019-03-25,14.539999961853027,14.609999656677246,14.520000457763672,14.5600004196167,7324600,0.0,0.0,0.0
2019-03-26,14.539999961853027,14.539999961853027,14.43000030517578,14.470000267028809,4877600,0.0,0.0,0.0
2019-03-27,14.420000076293944,14.4399995803833,14.3100004196167,14.31999969482422,8431500,0.0,0.0,0.0
2019-03-28,14.170000076293944,14.170000076293944,14.039999961853027,14.06999969482422,15698100,0.0,0.0,0.0
2019-03-29,14.239999771118164,14.25,14.170000076293944,14.18000030517578,8460300,0.0,0.0,0.0
2019-04-01,14.239999771118164,14.25,14.140000343322754,14.149999618530272,7036700,0.0,0.0,0.0
2019-04-02,14.06999969482422,14.170000076293944,14.050000190734863,14.15999984741211,5549900,0.0,0.0,0.0
2019-04-03,14.100000381469728,14.220000267028809,14.100000381469728,14.199999809265137,7056000,0.0,0.0,0.0
2019-04-04,14.020000457763672,14.229999542236328,13.970000267028809,14.220000267028809,12111900,0.0,0.0,0.0
2019-04-05,14.210000038146973,14.239999771118164,14.130000114440918,14.170000076293944,6309000,0.0,0.0,0.0
2019-04-08,14.300000190734863,14.3100004196167,14.25,14.3100004196167,7111000,0.0,0.0,0.0
2019-04-09,14.350000381469728,14.350000381469728,14.260000228881836,14.279999732971191,5532200,0.0,0.0,0.0
2019-04-10,14.25,14.34000015258789,14.25,14.279999732971191,4843400,0.0,0.0,0.0
2019-04-11,14.119999885559082,14.170000076293944,13.970000267028809,14.020000457763672,13575400,0.0,0.0,0.0
2019-04-12,14.09000015258789,14.170000076293944,14.039999961853027,14.050000190734863,7310300,0.0,0.0,0.0
2019-04-15,13.960000038146973,14.100000381469728,13.920000076293944,14.0600004196167,10212400,0.0,0.0,0.0
2019-04-16,13.989999771118164,14.079999923706056,13.970000267028809,14.06999969482422,11775600,0.0,0.0,0.0
2019-04-17,14.100000381469728,14.109999656677246,13.989999771118164,14.050000190734863,6225500,0.0,0.0,0.0
2019-04-18,14.029999732971191,14.079999923706056,14.029999732971191,14.0600004196167,5079900,0.0,0.0,0.0
2019-04-22,14.079999923706056,14.100000381469728,14.039999961853027,14.079999923706056,5204700,0.0,0.0,0.0
2019-04-23,13.859999656677246,13.93000030517578,13.829999923706056,13.90999984741211,7054100,0.0,0.0,0.0
2019-04-24,13.920000076293944,14.050000190734863,13.920000076293944,14.0,4857000,0.0,0.0,0.0
2019-04-25,14.020000457763672,14.079999923706056,13.979999542236328,14.0,4324500,0.0,0.0,0.0
2019-04-26,14.09000015258789,14.140000343322754,14.039999961853027,14.100000381469728,6323600,0.0,0.0,0.0
2019-04-29,14.010000228881836,14.010000228881836,13.949999809265137,13.989999771118164,3615300,0.0,0.0,0.0
2019-04-30,13.9399995803833,14.039999961853027,13.90999984741211,14.020000457763672,6561500,0.0,0.0,0.0
2019-05-01,13.890000343322754,13.93000030517578,13.6899995803833,13.75,21701200,0.0,0.0,0.0
2019-05-02,13.720000267028809,13.75,13.649999618530272,13.710000038146973,6896100,0.0,0.0,0.0
2019-05-03,13.869999885559082,14.029999732971191,13.859999656677246,13.960000038146973,11477000,0.0,0.0,0.0
2019-05-06,13.869999885559082,13.989999771118164,13.859999656677246,13.979999542236328,5917700,0.0,0.0,0.0
2019-05-07,13.949999809265137,13.979999542236328,13.920000076293944,13.979999542236328,4725300,0.0,0.0,0.0
2019-05-08,13.960000038146973,13.979999542236328,13.890000343322754,13.890000343322754,4686900,0.0,0.0,0.0
2019-05-09,13.779999732971191,13.880000114440918,13.770000457763672,13.829999923706056,4295000,0.0,0.0,0.0
2019-05-10,13.829999923706056,13.869999885559082,13.8100004196167,13.84000015258789,3084100,0.0,0.0,0.0
2019-05-13,13.859999656677246,13.869999885559082,13.800000190734863,13.84000015258789,5973300,0.0,0.0,0.0
2019-05-14,13.869999885559082,13.920000076293944,13.829999923706056,13.859999656677246,7100100,0.0,0.0,0.0
2019-05-15,13.880000114440918,13.890000343322754,13.829999923706056,13.850000381469728,5351000,0.0,0.0,0.0
2019-05-16,13.8100004196167,13.81999969482422,13.600000381469728,13.649999618530272,11341600,0.0,0.0,0.0
2019-05-17,13.529999732971191,13.539999961853027,13.489999771118164,13.520000457763672,7504700,0.0,0.0,0.0
2019-05-20,13.520000457763672,13.56999969482422,13.5,13.550000190734863,4386500,0.0,0.0,0.0
2019-05-21,13.510000228881836,13.5600004196167,13.470000267028809,13.529999732971191,3969700,0.0,0.0,0.0
2019-05-22,13.550000190734863,13.579999923706056,13.520000457763672,13.539999961853027,4528100,0.0,0.0,0.0
2019-05-23,13.609999656677246,13.720000267028809,13.600000381469728,13.68000030517578,6396000,0.0,0.0,0.0
2019-05-24,13.65999984741211,13.670000076293944,13.609999656677246,13.649999618530272,3010600,0.0,0.0,0.0
2019-05-28,13.449999809265137,13.460000038146973,13.390000343322754,13.460000038146973,9200700,0.0,0.0,0.0
2019-05-29,13.550000190734863,13.56999969482422,13.489999771118164,13.520000457763672,5309000,0.0,0.0,0.0
2019-05-30,13.550000190734863,13.65999984741211,13.529999732971191,13.600000381469728,4695300,0.0,0.0,0.0
2019-05-31,13.609999656677246,13.760000228881836,13.600000381469728,13.649999618530272,8236000,0.0,0.0,0.0
2019-06-03,13.770000457763672,13.899999618530272,13.75,13.869999885559082,13206800,0.0,0.0,0.0
2019-06-04,13.829999923706056,13.920000076293944,13.789999961853027,13.890000343322754,9326000,0.0,0.0,0.0
2019-06-05,14.010000228881836,14.029999732971191,13.829999923706056,13.880000114440918,16061100,0.0,0.0,0.0
2019-06-06,14.0,14.010000228881836,13.920000076293944,13.920000076293944,7343800,0.0,0.0,0.0
2019-06-07,14.0600004196167,14.199999809265137,14.039999961853027,14.0600004196167,15937400,0.0,0.0,0.0
2019-06-10,13.829999923706056,13.850000381469728,13.720000267028809,13.779999732971191,11276100,0.0,0.0,0.0
2019-06-11,13.779999732971191,13.869999885559082,13.770000457763672,13.8100004196167,5760700,0.0,0.0,0.0
2019-06-12,13.84000015258789,13.899999618530272,13.81999969482422,13.84000015258789,5578300,0.0,0.0,0.0
2019-06-13,13.880000114440918,13.989999771118164,13.859999656677246,13.960000038146973,6789200,0.0,0.0,0.0
2019-06-14,14.010000228881836,14.050000190734863,13.850000381469728,13.90999984741211,9711100,0.0,0.0,0.0
2019-06-17,13.970000267028809,13.970000267028809,13.880000114440918,13.899999618530272,3905800,0.0,0.0,0.0
2019-06-18,14.010000228881836,14.140000343322754,13.9399995803833,14.050000190734863,12976700,0.0,0.0,0.0
2019-06-19,14.020000457763672,14.170000076293944,14.0,14.170000076293944,13454000,0.0,0.0,0.0
2019-06-20,14.390000343322754,14.539999961853027,14.350000381469728,14.449999809265137,21668700,0.0,0.0,0.0
2019-06-21,14.359999656677246,14.399999618530272,14.25,14.359999656677246,12708800,0.0,0.0,0.0
2019-06-24,14.350000381469728,14.489999771118164,14.350000381469728,14.460000038146973,14157600,0.0,0.0,0.0
2019-06-25,14.43000030517578,14.510000228881836,14.300000190734863,14.380000114440918,24459400,0.0,0.0,0.0
2019-06-26,14.3100004196167,14.380000114440918,14.260000228881836,14.31999969482422,9171200,0.0,0.0,0.0
2019-06-27,14.220000267028809,14.289999961853027,14.199999809265137,14.279999732971191,10633600,0.0,0.0,0.0
2019-06-28,14.279999732971191,14.359999656677246,14.25,14.329999923706056,15532400,0.0,0.0,0.0
2019-07-01,14.239999771118164,14.329999923706056,14.170000076293944,14.18000030517578,10278000,0.0,0.0,0.0
2019-07-02,14.140000343322754,14.31999969482422,14.119999885559082,14.289999961853027,13887100,0.0,0.0,0.0
2019-07-03,14.34000015258789,14.359999656677246,14.289999961853027,14.31999969482422,8250800,0.0,0.0,0.0
2019-07-05,14.09000015258789,14.100000381469728,13.949999809265137,14.0600004196167,17275100,0.0,0.0,0.0
2019-07-08,14.119999885559082,14.130000114440918,14.039999961853027,14.050000190734863,9461900,0.0,0.0,0.0
2019-07-09,14.09000015258789,14.170000076293944,14.050000190734863,14.140000343322754,8468400,0.0,0.0,0.0
2019-07-10,14.270000457763672,14.289999961853027,14.149999618530272,14.260000228881836,14062800,0.0,0.0,0.0
2019-07-11,14.229999542236328,14.279999732971191,14.140000343322754,14.170000076293944,8932500,0.0,0.0,0.0
2019-07-12,14.18000030517578,14.289999961853027,14.140000343322754,14.260000228881836,7983500,0.0,0.0,0.0
2019-07-15,14.289999961853027,14.43000030517578,14.279999732971191,14.420000076293944,17348900,0.0,0.0,0.0
2019-07-16,14.510000228881836,14.699999809265137,14.5,14.539999961853027,39105500,0.0,0.0,0.0
2019-07-17,14.75,14.979999542236328,14.739999771118164,14.9399995803833,27911800,0.0,0.0,0.0
2019-07-18,15.06999969482422,15.31999969482422,15.010000228881836,15.289999961853027,38277100,0.0,0.0,0.0
2019-07-19,15.399999618530272,15.539999961853027,15.029999732971191,15.170000076293944,41873600,0.0,0.0,0.0
2019-07-22,15.300000190734863,15.390000343322754,15.279999732971191,15.350000381469728,18109200,0.0,0.0,0.0
2019-07-23,15.40999984741211,15.489999771118164,15.329999923706056,15.34000015258789,23827100,0.0,0.0,0.0
2019-07-24,15.539999961853027,15.59000015258789,15.479999542236328,15.520000457763672,15739900,0.0,0.0,0.0
2019-07-25,15.470000267028809,15.479999542236328,15.270000457763672,15.359999656677246,19998700,0.0,0.0,0.0
2019-07-26,15.420000076293944,15.43000030517578,15.289999961853027,15.3100004196167,10282900,0.0,0.0,0.0
2019-07-29,15.359999656677246,15.43000030517578,15.300000190734863,15.399999618530272,10652800,0.0,0.0,0.0
2019-07-30,15.449999809265137,15.550000190734863,15.390000343322754,15.5,9505400,0.0,0.0,0.0
2019-07-31,15.390000343322754,15.43000030517578,15.15999984741211,15.210000038146973,28741400,0.0,0.0,0.0
2019-08-01,15.0,15.34000015258789,14.979999542236328,15.34000015258789,28690700,0.0,0.0,0.0
2019-08-02,15.09000015258789,15.270000457763672,15.079999923706056,15.1899995803833,20157500,0.0,0.0,0.0
2019-08-05,15.369999885559082,15.489999771118164,15.220000267028809,15.329999923706056,31227100,0.0,0.0,0.0
2019-08-06,15.399999618530272,15.43000030517578,15.31999969482422,15.380000114440918,12926200,0.0,0.0,0.0
2019-08-07,15.850000381469728,16.149999618530273,15.829999923706056,15.970000267028809,49867900,0.0,0.0,0.0
2019-08-08,15.779999732971191,15.989999771118164,15.739999771118164,15.890000343322754,23338200,0.0,0.0,0.0
2019-08-09,15.850000381469728,15.970000267028809,15.779999732971191,15.890000343322754,14846700,0.0,0.0,0.0
2019-08-12,15.859999656677246,16.06999969482422,15.84000015258789,15.979999542236328,20240600,0.0,0.0,0.0
2019-08-13,16.18000030517578,16.190000534057617,15.470000267028809,15.869999885559082,37868000,0.0,0.0,0.0
2019-08-14,16.1200008392334,16.219999313354492,15.979999542236328,16.079999923706055,36647600,0.0,0.0,0.0
2019-08-15,16.1299991607666,16.18000030517578,16.059999465942383,16.1299991607666,17036100,0.0,0.0,0.0
2019-08-16,16.100000381469727,16.139999389648438,15.970000267028809,16.020000457763672,16397500,0.0,0.0,0.0
2019-08-19,15.869999885559082,15.9399995803833,15.779999732971191,15.789999961853027,14617900,0.0,0.0,0.0
2019-08-20,15.90999984741211,16.09000015258789,15.90999984741211,16.049999237060547,12223200,0.0,0.0,0.0
2019-08-21,15.989999771118164,16.100000381469727,15.949999809265137,16.049999237060547,12414200,0.0,0.0,0.0
2019-08-22,15.979999542236328,16.049999237060547,15.949999809265137,15.970000267028809,7001000,0.0,0.0,0.0
2019-08-23,16.040000915527344,16.360000610351562,15.979999542236328,16.350000381469727,25967100,0.0,0.0,0.0
2019-08-26,16.5,16.6299991607666,16.450000762939453,16.520000457763672,22948400,0.0,0.0,0.0
2019-08-27,16.84000015258789,17.040000915527344,16.770000457763672,17.030000686645508,38834200,0.0,0.0,0.0
2019-08-28,17.149999618530273,17.25,17.010000228881836,17.170000076293945,30866900,0.0,0.0,0.0
2019-08-29,17.360000610351562,17.40999984741211,16.8799991607666,17.06999969482422,52495100,0.0,0.0,0.0
2019-08-30,17.09000015258789,17.260000228881836,17.0,17.149999618530273,28392700,0.0,0.0,0.0
2019-09-03,17.59000015258789,17.940000534057617,17.520000457763672,17.889999389648438,40436900,0.0,0.0,0.0
2019-09-04,18.07999992370605,18.350000381469727,18.049999237060547,18.34000015258789,34319900,0.0,0.0,0.0
2019-09-05,17.979999542236328,17.979999542236328,17.290000915527344,17.40999984741211,53305900,0.0,0.0,0.0
2019-09-06,17.489999771118164,17.59000015258789,16.799999237060547,16.8700008392334,68358100,0.0,0.0,0.0
2019-09-09,16.93000030517578,17.010000228881836,16.799999237060547,16.829999923706055,26030000,0.0,0.0,0.0
2019-09-10,16.959999084472656,17.010000228881836,16.850000381469727,16.850000381469727,22611900,0.0,0.0,0.0
2019-09-11,16.799999237060547,16.979999542236328,16.790000915527344,16.950000762939453,16979400,0.0,0.0,0.0
2019-09-12,16.979999542236328,17.110000610351562,16.850000381469727,16.920000076293945,29348700,0.0,0.0,0.0
2019-09-13,16.899999618530273,16.940000534057617,16.280000686645508,16.309999465942383,42317000,0.0,0.0,0.0
2019-09-16,16.709999084472656,16.84000015258789,16.600000381469727,16.739999771118164,21190000,0.0,0.0,0.0
2019-09-17,16.729999542236328,16.920000076293945,16.65999984741211,16.860000610351562,12763400,0.0,0.0,0.0
2019-09-18,16.75,16.84000015258789,16.3799991607666,16.549999237060547,28967300,0.0,0.0,0.0
2019-09-19,16.719999313354492,16.75,16.610000610351562,16.6200008392334,10522200,0.0,0.0,0.0
2019-09-20,16.649999618530273,16.799999237060547,16.610000610351562,16.799999237060547,14256300,0.0,0.0,0.0
2019-09-23,17.290000915527344,17.510000228881836,17.260000228881836,17.510000228881836,24136900,0.0,0.0,0.0
2019-09-24,17.200000762939453,17.459999084472656,17.06999969482422,17.440000534057617,27612500,0.0,0.0,0.0
2019-09-25,17.290000915527344,17.350000381469727,16.670000076293945,16.709999084472656,29406000,0.0,0.0,0.0
2019-09-26,16.760000228881836,16.889999389648438,16.6299991607666,16.670000076293945,20319100,0.0,0.0,0.0
2019-09-27,16.260000228881836,16.489999771118164,16.190000534057617,16.360000610351562,25234800,0.0,0.0,0.0
2019-09-30,16.030000686645508,16.100000381469727,15.829999923706056,15.920000076293944,29218300,0.0,0.0,0.0
2019-10-01,15.960000038146973,16.209999084472656,15.90999984741211,16.149999618530273,23278100,0.0,0.0,0.0
2019-10-02,16.329999923706055,16.540000915527344,16.270000457763672,16.43000030517578,21300800,0.0,0.0,0.0
2019-10-03,16.3799991607666,16.649999618530273,16.3700008392334,16.43000030517578,24412700,0.0,0.0,0.0
2019-10-04,16.299999237060547,16.459999084472656,16.25,16.40999984741211,17200800,0.0,0.0,0.0
2019-10-07,16.3799991607666,16.459999084472656,16.280000686645508,16.299999237060547,8379500,0.0,0.0,0.0
2019-10-08,16.600000381469727,16.65999984741211,16.489999771118164,16.610000610351562,19817200,0.0,0.0,0.0
2019-10-09,16.68000030517578,16.68000030517578,16.540000915527344,16.600000381469727,15428500,0.0,0.0,0.0
2019-10-10,16.469999313354492,16.489999771118164,16.290000915527344,16.3700008392334,15056500,0.0,0.0,0.0
2019-10-11,16.3799991607666,16.420000076293945,16.209999084472656,16.3700008392334,28111900,0.0,0.0,0.0
2019-10-14,16.43000030517578,16.549999237060547,16.399999618530273,16.489999771118164,10405900,0.0,0.0,0.0
2019-10-15,16.389999389648438,16.389999389648438,16.209999084472656,16.270000457763672,19735000,0.0,0.0,0.0
2019-10-16,16.25,16.290000915527344,16.149999618530273,16.260000228881836,15305800,0.0,0.0,0.0
2019-10-17,16.399999618530273,16.5,16.360000610351562,16.399999618530273,14232300,0.0,0.0,0.0
2019-10-18,16.3799991607666,16.450000762939453,16.350000381469727,16.40999984741211,15861600,0.0,0.0,0.0
2019-10-21,16.649999618530273,16.68000030517578,16.3799991607666,16.40999984741211,17748700,0.0,0.0,0.0
2019-10-22,16.399999618530273,16.459999084472656,16.290000915527344,16.3700008392334,12066000,0.0,0.0,0.0
2019-10-23,16.43000030517578,16.469999313354492,16.3799991607666,16.389999389648438,8500100,0.0,0.0,0.0
2019-10-24,16.610000610351562,16.690000534057617,16.56999969482422,16.649999618530273,14917400,0.0,0.0,0.0
2019-10-25,17.079999923706055,17.110000610351562,16.68000030517578,16.889999389648438,25824800,0.0,0.0,0.0
2019-10-28,16.799999237060547,16.809999465942383,16.6200008392334,16.68000030517578,13873300,0.0,0.0,0.0
2019-10-29,16.530000686645508,16.739999771118164,16.5,16.649999618530273,13722400,0.0,0.0,0.0
2019-10-30,16.68000030517578,16.729999542236328,16.440000534057617,16.729999542236328,15563700,0.0,0.0,0.0
2019-10-31,16.860000610351562,17.0,16.809999465942383,16.920000076293945,15539200,0.0,0.0,0.0
2019-11-01,16.860000610351562,16.93000030517578,16.81999969482422,16.920000076293945,13063200,0.0,0.0,0.0
2019-11-04,16.940000534057617,16.969999313354492,16.790000915527344,16.850000381469727,12990100,0.0,0.0,0.0
2019-11-05,16.59000015258789,16.6299991607666,16.389999389648438,16.440000534057617,22623300,0.0,0.0,0.0
2019-11-06,16.43000030517578,16.5,16.389999389648438,16.469999313354492,11238000,0.0,0.0,0.0
2019-11-07,16.440000534057617,16.459999084472656,15.84000015258789,16.0,31701700,0.0,0.0,0.0
2019-11-08,15.770000457763672,15.880000114440918,15.699999809265137,15.699999809265137,20152000,0.0,0.0,0.0
2019-11-11,15.739999771118164,15.800000190734863,15.56999969482422,15.75,14980600,0.0,0.0,0.0
2019-11-12,15.6899995803833,15.729999542236328,15.550000190734863,15.720000267028809,13814100,0.0,0.0,0.0
2019-11-13,15.81999969482422,15.899999618530272,15.760000228881836,15.829999923706056,12072600,0.0,0.0,0.0
2019-11-14,15.869999885559082,15.970000267028809,15.770000457763672,15.899999618530272,9138200,0.0,0.0,0.0
2019-11-15,15.8100004196167,15.899999618530272,15.789999961853027,15.850000381469728,9714200,0.0,0.0,0.0
2019-11-18,15.880000114440918,15.9399995803833,15.84000015258789,15.920000076293944,7973100,0.0,0.0,0.0
2019-11-19,15.880000114440918,16.059999465942383,15.869999885559082,16.020000457763672,8924100,0.0,0.0,0.0
2019-11-20,15.970000267028809,16.049999237060547,15.920000076293944,16.040000915527344,11728200,0.0,0.0,0.0
2019-11-21,16.0,16.059999465942383,15.949999809265137,15.989999771118164,8195400,0.0,0.0,0.0
2019-11-22,15.979999542236328,16.010000228881836,15.880000114440918,15.899999618530272,7817900,0.0,0.0,0.0
2019-11-25,15.8100004196167,15.890000343322754,15.770000457763672,15.779999732971191,8820900,0.0,0.0,0.0
2019-11-26,15.81999969482422,15.989999771118164,15.720000267028809,15.989999771118164,11241900,0.0,0.0,0.0
2019-11-27,15.850000381469728,15.899999618530272,15.81999969482422,15.84000015258789,14422300,0.0,0.0,0.0
2019-11-29,15.789999961853027,15.93000030517578,15.760000228881836,15.920000076293944,6371700,0.0,0.0,0.0
2019-12-02,15.800000190734863,15.869999885559082,15.770000457763672,15.800000190734863,9176400,0.0,0.0,0.0
2019-12-03,16.020000457763672,16.079999923706055,16.0,16.049999237060547,13075000,0.0,0.0,0.0
2019-12-04,15.949999809265137,15.949999809265137,15.699999809265137,15.760000228881836,15133700,0.0,0.0,0.0
2019-12-05,15.739999771118164,15.899999618530272,15.739999771118164,15.850000381469728,9086900,0.0,0.0,0.0
2019-12-06,15.609999656677246,15.609999656677246,15.4399995803833,15.479999542236328,19251900,0.0,0.0,0.0
2019-12-09,15.5,15.539999961853027,15.479999542236328,15.5,6661200,0.0,0.0,0.0
2019-12-10,15.59000015258789,15.619999885559082,15.520000457763672,15.56999969482422,5864300,0.0,0.0,0.0
2019-12-11,15.59000015258789,15.850000381469728,15.5600004196167,15.75,12812500,0.0,0.0,0.0
2019-12-12,15.960000038146973,15.960000038146973,15.670000076293944,15.850000381469728,15770000,0.0,0.0,0.0
2019-12-13,15.779999732971191,15.859999656677246,15.739999771118164,15.84000015258789,11151500,0.0,0.0,0.0
2019-12-16,15.890000343322754,15.949999809265137,15.850000381469728,15.90999984741211,9578700,0.0,0.0,0.0
2019-12-17,15.899999618530272,15.93000030517578,15.84000015258789,15.880000114440918,5861100,0.0,0.0,0.0
2019-12-18,15.81999969482422,15.899999618530272,15.81999969482422,15.899999618530272,4444100,0.0,0.0,0.0
2019-12-19,15.869999885559082,16.0,15.84000015258789,15.9399995803833,8032800,0.0,0.0,0.0
2019-12-20,16.06999969482422,16.1200008392334,15.960000038146973,16.040000915527344,11676700,0.0,0.0,0.0
2019-12-23,16.15999984741211,16.299999237060547,16.15999984741211,16.280000686645508,12807100,0.0,0.0,0.0
2019-12-24,16.459999084472656,16.610000610351562,16.450000762939453,16.579999923706055,11735300,0.0,0.0,0.0
2019-12-26,16.780000686645508,16.860000610351562,16.579999923706055,16.729999542236328,16455000,0.0,0.0,0.0
2019-12-27,16.700000762939453,16.790000915527344,16.56999969482422,16.579999923706055,12694400,0.0,0.0,0.0
2019-12-30,16.700000762939453,16.780000686645508,16.670000076293945,16.739999771118164,10850400,0.0,0.0,0.0
2019-12-31,16.770000457763672,16.809999465942383,16.639999389648438,16.68000030517578,11183800,0.0,0.0,0.0
2020-01-02,16.84000015258789,16.899999618530273,16.75,16.809999465942383,13485100,0.0,0.0,0.0
2020-01-03,16.920000076293945,16.950000762939453,16.799999237060547,16.84000015258789,13524500,0.0,0.0,0.0
2020-01-06,17.170000076293945,17.18000030517578,16.81999969482422,16.940000534057617,18059200,0.0,0.0,0.0
2020-01-07,16.979999542236328,17.209999084472656,16.93000030517578,17.170000076293945,15375800,0.0,0.0,0.0
2020-01-08,17.15999984741211,17.190000534057617,16.860000610351562,16.93000030517578,29922400,0.0,0.0,0.0
2020-01-09,16.719999313354492,16.760000228881836,16.6200008392334,16.719999313354492,14782900,0.0,0.0,0.0
2020-01-10,16.799999237060547,16.959999084472656,16.780000686645508,16.889999389648438,9397800,0.0,0.0,0.0
2020-01-13,16.84000015258789,16.850000381469727,16.729999542236328,16.780000686645508,10629200,0.0,0.0,0.0
2020-01-14,16.600000381469727,16.68000030517578,16.540000915527344,16.6200008392334,12168600,0.0,0.0,0.0
2020-01-15,16.729999542236328,16.850000381469727,16.700000762939453,16.809999465942383,10948900,0.0,0.0,0.0
2020-01-16,16.780000686645508,16.829999923706055,16.719999313354492,16.770000457763672,8376500,0.0,0.0,0.0
2020-01-17,16.829999923706055,16.889999389648438,16.739999771118164,16.81999969482422,12339200,0.0,0.0,0.0
2020-01-21,16.5,16.709999084472656,16.459999084472656,16.639999389648438,13645100,0.0,0.0,0.0
2020-01-22,16.709999084472656,16.75,16.6200008392334,16.65999984741211,7441800,0.0,0.0,0.0
2020-01-23,16.579999923706055,16.690000534057617,16.559999465942383,16.610000610351562,10803400,0.0,0.0,0.0
2020-01-24,16.690000534057617,16.950000762939453,16.68000030517578,16.90999984741211,16075000,0.0,0.0,0.0
2020-01-27,17.040000915527344,17.059999465942383,16.84000015258789,16.889999389648438,11885600,0.0,0.0,0.0
2020-01-28,16.579999923706055,16.610000610351562,16.280000686645508,16.31999969482422,27626300,0.0,0.0,0.0
2020-01-29,16.280000686645508,16.43000030517578,16.270000457763672,16.40999984741211,9593700,0.0,0.0,0.0
2020-01-30,16.729999542236328,16.850000381469727,16.59000015258789,16.68000030517578,22673800,0.0,0.0,0.0
2020-01-31,16.690000534057617,16.899999618530273,16.68000030517578,16.81999969482422,17223400,0.0,0.0,0.0
2020-02-03,16.610000610351562,16.6200008392334,16.43000030517578,16.5,17729200,0.0,0.0,0.0
2020-02-04,16.520000457763672,16.540000915527344,16.360000610351562,16.450000762939453,13522300,0.0,0.0,0.0
2020-02-05,16.450000762939453,16.479999542236328,16.389999389648438,16.459999084472656,8713900,0.0,0.0,0.0
2020-02-06,16.649999618530273,16.65999984741211,16.549999237060547,16.6299991607666,10583500,0.0,0.0,0.0
2020-02-07,16.610000610351562,16.639999389648438,16.469999313354492,16.540000915527344,11066400,0.0,0.0,0.0
2020-02-10,16.59000015258789,16.65999984741211,16.540000915527344,16.610000610351562,7382700,0.0,0.0,0.0
2020-02-11,16.540000915527344,16.549999237060547,16.399999618530273,16.479999542236328,10832400,0.0,0.0,0.0
2020-02-12,16.350000381469727,16.399999618530273,16.299999237060547,16.329999923706055,10358700,0.0,0.0,0.0
2020-02-13,16.530000686645508,16.549999237060547,16.450000762939453,16.459999084472656,7589200,0.0,0.0,0.0
2020-02-14,16.610000610351562,16.6200008392334,16.540000915527344,16.559999465942383,8611200,0.0,0.0,0.0
2020-02-18,16.780000686645508,17.020000457763672,16.729999542236328,17.010000228881836,18474100,0.0,0.0,0.0
2020-02-19,17.040000915527344,17.239999771118164,16.989999771118164,17.229999542236328,16491200,0.0,0.0,0.0
2020-02-20,17.09000015258789,17.200000762939453,17.06999969482422,17.139999389648438,13454300,0.0,0.0,0.0
2020-02-21,17.270000457763672,17.40999984741211,17.239999771118164,17.280000686645508,18315900,0.0,0.0,0.0
2020-02-24,17.559999465942383,17.690000534057617,17.299999237060547,17.399999618530273,29339000,0.0,0.0,0.0
2020-02-25,17.1299991607666,17.200000762939453,16.670000076293945,16.709999084472656,42614700,0.0,0.0,0.0
2020-02-26,16.700000762939453,16.81999969482422,16.600000381469727,16.68000030517578,22335000,0.0,0.0,0.0
2020-02-27,16.790000915527344,16.84000015258789,16.450000762939453,16.469999313354492,40098600,0.0,0.0,0.0
2020-02-28,15.890000343322754,15.890000343322754,15.279999732971191,15.529999732971191,68662300,0.0,0.0,0.0
2020-03-02,15.609999656677246,15.710000038146973,15.529999732971191,15.5600004196167,29297900,0.0,0.0,0.0
2020-03-03,15.729999542236328,16.309999465942383,15.699999809265137,16.020000457763672,51453100,0.0,0.0,0.0
2020-03-04,16.010000228881836,16.110000610351562,15.9399995803833,16.09000015258789,15904600,0.0,0.0,0.0
2020-03-05,16.1200008392334,16.299999237060547,16.100000381469727,16.299999237060547,16084000,0.0,0.0,0.0
2020-03-06,16.239999771118164,16.260000228881836,15.890000343322754,16.18000030517578,27540500,0.0,0.0,0.0
2020-03-09,15.779999732971191,15.949999809265137,15.630000114440918,15.880000114440918,34389000,0.0,0.0,0.0
2020-03-10,15.880000114440918,15.890000343322754,15.6899995803833,15.729999542236328,26387300,0.0,0.0,0.0
2020-03-11,15.800000190734863,15.859999656677246,15.550000190734863,15.630000114440918,26548100,0.0,0.0,0.0
2020-03-12,15.0,15.130000114440918,14.479999542236328,14.619999885559082,60548700,0.0,0.0,0.0
2020-03-13,14.670000076293944,14.6899995803833,13.470000267028809,13.6899995803833,66736000,0.0,0.0,0.0
2020-03-16,11.829999923706056,12.40999984741211,11.68000030517578,12.0,56056800,0.0,0.0,0.0
2020-03-17,11.640000343322754,12.380000114440918,11.520000457763672,11.880000114440918,55691200,0.0,0.0,0.0
2020-03-18,11.4399995803833,11.619999885559082,10.859999656677246,11.210000038146973,63234600,0.0,0.0,0.0
2020-03-19,11.34000015258789,11.4399995803833,11.039999961853027,11.31999969482422,52642200,0.0,0.0,0.0
2020-03-20,11.720000267028809,11.93000030517578,11.520000457763672,11.619999885559082,41231800,0.0,0.0,0.0
2020-03-23,11.970000267028809,12.390000343322754,11.869999885559082,12.3100004196167,47133100,0.0,0.0,0.0
2020-03-24,13.229999542236328,13.380000114440918,12.869999885559082,13.289999961853027,41209400,0.0,0.0,0.0
2020-03-25,13.260000228881836,13.649999618530272,13.1899995803833,13.510000228881836,40503400,0.0,0.0,0.0
2020-03-26,13.59000015258789,13.710000038146973,13.350000381469728,13.529999732971191,35076400,0.0,0.0,0.0
2020-03-27,13.510000228881836,13.529999732971191,13.289999961853027,13.4399995803833,19555600,0.0,0.0,0.0
2020-03-30,13.0600004196167,13.270000457763672,12.880000114440918,13.15999984741211,26617500,0.0,0.0,0.0
2020-03-31,13.119999885559082,13.31999969482422,12.949999809265137,13.050000190734863,23214800,0.0,0.0,0.0
2020-04-01,13.0,13.140000343322754,12.869999885559082,13.020000457763672,17824200,0.0,0.0,0.0
2020-04-02,13.420000076293944,13.59000015258789,13.350000381469728,13.529999732971191,20635400,0.0,0.0,0.0
2020-04-03,13.479999542236328,13.539999961853027,13.329999923706056,13.460000038146973,15810600,0.0,0.0,0.0
2020-04-06,13.56999969482422,14.09000015258789,13.470000267028809,14.029999732971191,33922500,0.0,0.0,0.0
2020-04-07,14.210000038146973,14.229999542236328,13.869999885559082,13.989999771118164,22812200,0.0,0.0,0.0
2020-04-08,14.029999732971191,14.079999923706056,13.869999885559082,13.9399995803833,14213700,0.0,0.0,0.0
2020-04-09,14.3100004196167,14.520000457763672,14.1899995803833,14.34000015258789,30312900,0.0,0.0,0.0
2020-04-13,14.1899995803833,14.489999771118164,14.130000114440918,14.399999618530272,19793700,0.0,0.0,0.0
2020-04-14,14.579999923706056,14.800000190734863,14.460000038146973,14.649999618530272,25722500,0.0,0.0,0.0
2020-04-15,14.489999771118164,14.5,14.25,14.489999771118164,18239700,0.0,0.0,0.0
2020-04-16,14.369999885559082,14.510000228881836,14.18000030517578,14.510000228881836,19663900,0.0,0.0,0.0
2020-04-17,14.270000457763672,14.3100004196167,14.06999969482422,14.149999618530272,17462400,0.0,0.0,0.0
2020-04-20,14.199999809265137,14.399999618530272,14.1899995803833,14.260000228881836,18226800,0.0,0.0,0.0
2020-04-21,13.65999984741211,13.920000076293944,13.550000190734863,13.880000114440918,24274300,0.0,0.0,0.0
2020-04-22,14.010000228881836,14.140000343322754,13.93000030517578,14.09000015258789,19255100,0.0,0.0,0.0
2020-04-23,14.25,14.40999984741211,14.09000015258789,14.210000038146973,21764500,0.0,0.0,0.0
2020-04-24,14.279999732971191,14.329999923706056,14.010000228881836,14.210000038146973,15127500,0.0,0.0,0.0
2020-04-27,14.210000038146973,14.229999542236328,14.010000228881836,14.210000038146973,11423500,0.0,0.0,0.0
2020-04-28,14.1899995803833,14.1899995803833,13.970000267028809,14.100000381469728,11221300,0.0,0.0,0.0
2020-04-29,14.18000030517578,14.359999656677246,14.06999969482422,14.279999732971191,16889500,0.0,0.0,0.0
2020-04-30,14.06999969482422,14.170000076293944,13.760000228881836,13.979999542236328,26829100,0.0,0.0,0.0
2020-05-01,13.899999618530272,14.020000457763672,13.75,13.920000076293944,16724400,0.0,0.0,0.0
2020-05-04,13.8100004196167,13.880000114440918,13.729999542236328,13.770000457763672,17912800,0.0,0.0,0.0
2020-05-05,13.920000076293944,14.029999732971191,13.81999969482422,13.93000030517578,16678400,0.0,0.0,0.0
2020-05-06,13.949999809265137,14.0,13.880000114440918,13.920000076293944,10596000,0.0,0.0,0.0
2020-05-07,14.0600004196167,14.399999618530272,14.029999732971191,14.260000228881836,37394800,0.0,0.0,0.0
2020-05-08,14.359999656677246,14.600000381469728,14.350000381469728,14.4399995803833,31528200,0.0,0.0,0.0
2020-05-11,14.5,14.520000457763672,14.3100004196167,14.4399995803833,18529400,0.0,0.0,0.0
2020-05-12,14.510000228881836,14.579999923706056,14.390000343322754,14.420000076293944,19816600,0.0,0.0,0.0
2020-05-13,14.449999809265137,14.56999969482422,14.380000114440918,14.550000190734863,19797900,0.0,0.0,0.0
2020-05-14,14.489999771118164,14.829999923706056,14.470000267028809,14.8100004196167,33095800,0.0,0.0,0.0
2020-05-15,15.420000076293944,15.609999656677246,15.239999771118164,15.510000228881836,54736200,0.0,0.0,0.0
2020-05-18,15.949999809265137,16.040000915527344,15.739999771118164,15.789999961853027,48078100,0.0,0.0,0.0
2020-05-19,16.149999618530273,16.31999969482422,16.079999923706055,16.170000076293945,48516900,0.0,0.0,0.0
2020-05-20,16.270000457763672,16.450000762939453,16.209999084472656,16.360000610351562,39047900,0.0,0.0,0.0
2020-05-21,16.1299991607666,16.149999618530273,15.710000038146973,15.960000038146973,37580300,0.0,0.0,0.0
2020-05-22,15.960000038146973,16.09000015258789,15.920000076293944,16.040000915527344,25203400,0.0,0.0,0.0
2020-05-26,16.280000686645508,16.280000686645508,15.859999656677246,15.970000267028809,30607200,0.0,0.0,0.0
2020-05-27,15.75,16.200000762939453,15.720000267028809,16.149999618530273,36109000,0.0,0.0,0.0
2020-05-28,16.239999771118164,16.34000015258789,16.100000381469727,16.190000534057617,30242900,0.0,0.0,0.0
2020-05-29,16.549999237060547,16.700000762939453,16.489999771118164,16.65999984741211,42236400,0.0,0.0,0.0
2020-06-01,16.860000610351562,17.100000381469727,16.829999923706055,17.100000381469727,31234900,0.0,0.0,0.0
2020-06-02,17.059999465942383,17.06999969482422,16.56999969482422,16.84000015258789,32202600,0.0,0.0,0.0
2020-06-03,16.5,16.559999465942383,16.270000457763672,16.479999542236328,36302900,0.0,0.0,0.0
2020-06-04,16.540000915527344,16.639999389648438,16.360000610351562,16.540000915527344,20272500,0.0,0.0,0.0
2020-06-05,16.18000030517578,16.229999542236328,16.040000915527344,16.200000762939453,27360400,0.0,0.0,0.0
2020-06-08,16.350000381469727,16.600000381469727,16.270000457763672,16.59000015258789,25594800,0.0,0.0,0.0
2020-06-09,16.43000030517578,16.56999969482422,16.360000610351562,16.420000076293945,18582700,0.0,0.0,0.0
2020-06-10,16.700000762939453,16.959999084472656,16.360000610351562,16.959999084472656,40557000,0.0,0.0,0.0
2020-06-11,16.75,16.8799991607666,16.280000686645508,16.440000534057617,41000100,0.0,0.0,0.0
2020-06-12,16.440000534057617,16.549999237060547,16.209999084472656,16.280000686645508,31220600,0.0,0.0,0.0
2020-06-15,15.869999885559082,16.280000686645508,15.789999961853027,16.229999542236328,28946300,0.0,0.0,0.0
2020-06-16,16.200000762939453,16.3799991607666,16.18000030517578,16.260000228881836,23368000,0.0,0.0,0.0
2020-06-17,16.34000015258789,16.40999984741211,16.25,16.329999923706055,13485700,0.0,0.0,0.0
2020-06-18,16.200000762939453,16.260000228881836,16.1200008392334,16.209999084472656,15444900,0.0,0.0,0.0
2020-06-19,16.43000030517578,16.600000381469727,16.360000610351562,16.489999771118164,26968800,0.0,0.0,0.0
2020-06-22,16.719999313354492,16.809999465942383,16.459999084472656,16.5,26625400,0.0,0.0,0.0
2020-06-23,16.729999542236328,16.770000457763672,16.639999389648438,16.760000228881836,25742500,0.0,0.0,0.0
2020-06-24,16.360000610351562,16.6200008392334,16.239999771118164,16.280000686645508,25976500,0.0,0.0,0.0
2020-06-25,16.5,16.610000610351562,16.40999984741211,16.59000015258789,16699800,0.0,0.0,0.0
2020-06-26,16.489999771118164,16.739999771118164,16.290000915527344,16.6299991607666,26029200,0.0,0.0,0.0
2020-06-29,16.579999923706055,16.65999984741211,16.489999771118164,16.649999618530273,13861900,0.0,0.0,0.0
2020-06-30,16.649999618530273,17.010000228881836,16.649999618530273,17.010000228881836,37872900,0.0,0.0,0.0
2020-07-01,17.010000228881836,17.030000686645508,16.610000610351562,16.81999969482422,36577100,0.0,0.0,0.0
2020-07-02,16.700000762939453,16.889999389648438,16.670000076293945,16.709999084472656,18564100,0.0,0.0,0.0
2020-07-06,17.079999923706055,17.15999984741211,16.950000762939453,17.049999237060547,24977600,0.0,0.0,0.0
2020-07-07,16.93000030517578,17.1200008392334,16.920000076293945,17.010000228881836,25945200,0.0,0.0,0.0
2020-07-08,17.329999923706055,17.489999771118164,17.299999237060547,17.489999771118164,37782400,0.0,0.0,0.0
2020-07-09,17.700000762939453,17.739999771118164,17.219999313354492,17.3799991607666,40376200,0.0,0.0,0.0
2020-07-10,17.489999771118164,17.530000686645508,17.299999237060547,17.43000030517578,20454500,0.0,0.0,0.0
2020-07-13,17.989999771118164,18.07999992370605,17.709999084472656,17.729999542236328,49876300,0.0,0.0,0.0
2020-07-14,17.709999084472656,18.0,17.670000076293945,17.969999313354492,35495200,0.0,0.0,0.0
2020-07-15,17.889999389648438,18.170000076293945,17.829999923706055,18.170000076293945,36148500,0.0,0.0,0.0
2020-07-16,17.979999542236328,18.059999465942383,17.780000686645508,17.780000686645508,29567000,0.0,0.0,0.0
2020-07-17,17.979999542236328,18.06999969482422,17.889999389648438,18.010000228881836,34200100,0.0,0.0,0.0
2020-07-20,18.36000061035156,18.56999969482422,18.229999542236328,18.530000686645508,41717100,0.0,0.0,0.0
2020-07-21,19.520000457763672,19.8799991607666,19.420000076293945,19.670000076293945,75095800,0.0,0.0,0.0
2020-07-22,20.64999961853028,21.450000762939453,20.51000022888184,21.440000534057617,125780300,0.0,0.0,0.0
2020-07-23,21.100000381469727,21.51000022888184,20.71999931335449,21.030000686645508,95257100,0.0,0.0,0.0
2020-07-24,21.34000015258789,21.36000061035156,20.93000030517578,21.209999084472656,49831700,0.0,0.0,0.0
2020-07-27,22.559999465942383,22.850000381469727,22.420000076293945,22.82999992370605,94894600,0.0,0.0,0.0
2020-07-28,22.309999465942383,22.96999931335449,22.06999969482422,22.770000457763672,94721800,0.0,0.0,0.0
2020-07-29,22.68000030517578,23.25,21.709999084472656,22.56999969482422,83963400,0.0,0.0,0.0
2020-07-30,21.700000762939453,22.01000022888184,21.39999961853028,21.76000022888184,60066500,0.0,0.0,0.0
2020-07-31,22.209999084472656,22.670000076293945,22.11000061035156,22.64999961853028,49107700,0.0,0.0,0.0
2020-08-03,22.59000015258789,22.780000686645508,22.3799991607666,22.739999771118164,40947500,0.0,0.0,0.0
2020-08-04,22.700000762939453,24.25,22.6200008392334,24.25,75735400,0.0,0.0,0.0
2020-08-05,25.1200008392334,25.280000686645508,24.61000061035156,25.049999237060547,92505800,0.0,0.0,0.0
2020-08-06,26.309999465942383,26.89999961853028,25.8799991607666,26.8799991607666,108854600,0.0,0.0,0.0
2020-08-07,26.280000686645508,26.3799991607666,25.479999542236328,26.190000534057617,123705200,0.0,0.0,0.0
2020-08-10,26.59000015258789,27.38999938964844,26.56999969482422,27.0,81732500,0.0,0.0,0.0
2020-08-11,25.229999542236328,25.520000457763672,23.059999465942383,23.32999992370605,165630300,0.0,0.0,0.0
2020-08-12,24.14999961853028,24.420000076293945,23.38999938964844,23.420000076293945,80515000,0.0,0.0,0.0
2020-08-13,24.64999961853028,25.809999465942383,24.56999969482422,25.450000762939453,95485000,0.0,0.0,0.0
2020-08-14,25.11000061035156,25.229999542236328,23.979999542236328,24.57999992370605,73263600,0.0,0.0,0.0
2020-08-17,25.479999542236328,25.670000076293945,25.239999771118164,25.6200008392334,49360400,0.0,0.0,0.0
2020-08-18,26.420000076293945,26.489999771118164,25.229999542236328,25.8799991607666,58275800,0.0,0.0,0.0
2020-08-19,25.940000534057617,26.049999237060547,24.700000762939453,24.8799991607666,72926400,0.0,0.0,0.0
2020-08-20,24.93000030517578,25.63999938964844,24.8799991607666,25.61000061035156,43984000,0.0,0.0,0.0
2020-08-21,24.8700008392334,25.020000457763672,24.420000076293945,24.89999961853028,55295500,0.0,0.0,0.0
2020-08-24,25.07999992370605,25.100000381469727,24.520000457763672,24.600000381469727,37090400,0.0,0.0,0.0
2020-08-25,24.729999542236328,24.770000457763672,24.26000022888184,24.76000022888184,34800100,0.0,0.0,0.0
2020-08-26,24.6299991607666,25.56999969482422,24.61000061035156,25.56999969482422,55145500,0.0,0.0,0.0
2020-08-27,25.88999938964844,25.89999961853028,24.68000030517578,25.15999984741211,63820700,0.0,0.0,0.0
2020-08-28,25.61000061035156,25.809999465942383,25.46999931335449,25.61000061035156,35855800,0.0,0.0,0.0
2020-08-31,26.040000915527344,26.420000076293945,25.950000762939453,26.229999542236328,36721100,0.0,0.0,0.0
2020-09-01,26.729999542236328,26.75,25.670000076293945,26.13999938964844,48967200,0.0,0.0,0.0
2020-09-02,25.71999931335449,25.729999542236328,25.200000762939453,25.549999237060547,43041000,0.0,0.0,0.0
2020-09-03,25.38999938964844,25.51000022888184,24.63999938964844,24.739999771118164,64081600,0.0,0.0,0.0
2020-09-04,24.850000381469727,25.13999938964844,24.46999931335449,25.059999465942383,48439300,0.0,0.0,0.0
2020-09-08,24.440000534057617,25.09000015258789,24.049999237060547,24.75,44508500,0.0,0.0,0.0
2020-09-09,24.979999542236328,25.25,24.8799991607666,25.18000030517578,28197200,0.0,0.0,0.0
2020-09-10,25.530000686645508,25.56999969482422,24.84000015258789,24.86000061035156,47518600,0.0,0.0,0.0
2020-09-11,25.030000686645508,25.170000076293945,24.729999542236328,24.89999961853028,27839300,0.0,0.0,0.0
2020-09-14,25.1299991607666,25.420000076293945,25.1299991607666,25.290000915527344,26044300,0.0,0.0,0.0
2020-09-15,25.440000534057617,25.5,25.13999938964844,25.229999542236328,26323700,0.0,0.0,0.0
2020-09-16,25.459999084472656,25.540000915527344,25.0,25.229999542236328,36289000,0.0,0.0,0.0
2020-09-17,24.64999961853028,25.239999771118164,24.51000022888184,25.229999542236328,28618600,0.0,0.0,0.0
2020-09-18,24.979999542236328,25.26000022888184,24.920000076293945,24.93000030517578,23915500,0.0,0.0,0.0
2020-09-21,24.200000762939453,24.34000015258789,22.059999465942383,23.030000686645508,99141400,0.0,0.0,0.0
2020-09-22,22.809999465942383,22.979999542236328,22.459999084472656,22.790000915527344,32002300,0.0,0.0,0.0
2020-09-23,21.93000030517578,22.06999969482422,21.020000457763672,21.170000076293945,98246400,0.0,0.0,0.0
2020-09-24,20.57999992370605,21.729999542236328,20.450000762939453,21.559999465942383,72093000,0.0,0.0,0.0
2020-09-25,21.15999984741211,21.540000915527344,21.11000061035156,21.299999237060547,34913100,0.0,0.0,0.0
2020-09-28,21.729999542236328,22.07999992370605,21.5,22.020000457763672,31756800,0.0,0.0,0.0
2020-09-29,22.239999771118164,22.709999084472656,22.170000076293945,22.5,33327200,0.0,0.0,0.0
2020-09-30,22.270000457763672,22.3799991607666,21.530000686645508,21.63999938964844,43717700,0.0,0.0,0.0
2020-10-01,22.01000022888184,22.5,21.76000022888184,22.09000015258789,35290700,0.0,0.0,0.0
2020-10-02,22.25,22.520000457763672,22.040000915527344,22.1299991607666,25735100,0.0,0.0,0.0
2020-10-05,22.31999969482422,22.809999465942383,22.299999237060547,22.6200008392334,22288100,0.0,0.0,0.0
2020-10-06,22.6200008392334,22.729999542236328,21.6200008392334,21.729999542236328,31902000,0.0,0.0,0.0
2020-10-07,21.979999542236328,22.31999969482422,21.88999938964844,22.09000015258789,18967300,0.0,0.0,0.0
2020-10-08,22.38999938964844,22.530000686645508,22.01000022888184,22.18000030517578,20342200,0.0,0.0,0.0
2020-10-09,22.799999237060547,23.420000076293945,22.770000457763672,23.40999984741211,39187400,0.0,0.0,0.0
2020-10-12,23.34000015258789,23.5,23.059999465942383,23.32999992370605,25221700,0.0,0.0,0.0
2020-10-13,22.700000762939453,22.700000762939453,22.270000457763672,22.489999771118164,42797000,0.0,0.0,0.0
2020-10-14,22.799999237060547,22.920000076293945,22.46999931335449,22.540000915527344,26307900,0.0,0.0,0.0
2020-10-15,22.049999237060547,22.6200008392334,22.0,22.59000015258789,24000900,0.0,0.0,0.0
2020-10-16,22.76000022888184,22.809999465942383,22.420000076293945,22.420000076293945,19144100,0.0,0.0,0.0
2020-10-19,23.040000915527344,23.06999969482422,22.520000457763672,22.57999992370605,25444600,0.0,0.0,0.0
2020-10-20,22.86000061035156,23.190000534057617,22.809999465942383,23.020000457763672,26084700,0.0,0.0,0.0
2020-10-21,23.309999465942383,23.530000686645508,23.170000076293945,23.290000915527344,23803600,0.0,0.0,0.0
2020-10-22,23.049999237060547,23.09000015258789,22.670000076293945,22.959999084472656,19961800,0.0,0.0,0.0
2020-10-23,23.020000457763672,23.030000686645508,22.700000762939453,22.940000534057617,18614000,0.0,0.0,0.0
2020-10-26,22.65999984741211,22.809999465942383,22.520000457763672,22.61000061035156,17609200,0.0,0.0,0.0
2020-10-27,22.61000061035156,22.799999237060547,22.51000022888184,22.729999542236328,15354700,0.0,0.0,0.0
2020-10-28,21.81999969482422,21.8799991607666,21.420000076293945,21.780000686645508,38142200,0.0,0.0,0.0
2020-10-29,21.290000915527344,21.940000534057617,21.270000457763672,21.709999084472656,23123500,0.0,0.0,0.0
2020-10-30,22.040000915527344,22.1200008392334,21.780000686645508,21.989999771118164,22088900,0.0,0.0,0.0
2020-11-02,22.270000457763672,22.440000534057617,22.09000015258789,22.40999984741211,18599000,0.0,0.0,0.0
2020-11-03,22.6299991607666,22.64999961853028,22.3799991607666,22.440000534057617,18196000,0.0,0.0,0.0
2020-11-04,22.350000381469727,22.5,22.100000381469727,22.239999771118164,31130600,0.0,0.0,0.0
2020-11-05,23.020000457763672,23.65999984741211,23.0,23.61000061035156,57395800,0.0,0.0,0.0
2020-11-06,23.920000076293945,23.959999084472656,23.479999542236328,23.790000915527344,32804500,0.0,0.0,0.0
2020-11-09,22.780000686645508,22.790000915527344,21.920000076293945,22.5,70212000,0.0,0.0,0.0
2020-11-10,22.6200008392334,22.780000686645508,22.39999961853028,22.43000030517578,25237900,0.0,0.0,0.0
2020-11-11,22.229999542236328,22.57999992370605,22.200000762939453,22.520000457763672,17925600,0.0,0.0,0.0
2020-11-12,22.540000915527344,22.700000762939453,22.5,22.549999237060547,14122400,0.0,0.0,0.0
2020-11-13,23.040000915527344,23.09000015258789,22.8799991607666,22.89999961853028,15632800,0.0,0.0,0.0
2020-11-16,22.8700008392334,23.100000381469727,22.81999969482422,23.020000457763672,19862900,0.0,0.0,0.0
2020-11-17,22.850000381469727,22.89999961853028,22.64999961853028,22.739999771118164,15381500,0.0,0.0,0.0
2020-11-18,22.71999931335449,22.979999542236328,22.540000915527344,22.549999237060547,16177200,0.0,0.0,0.0
2020-11-19,22.1200008392334,22.450000762939453,22.07999992370605,22.420000076293945,14985300,0.0,0.0,0.0
2020-11-20,22.709999084472656,22.809999465942383,22.46999931335449,22.489999771118164,15523500,0.0,0.0,0.0
2020-11-23,22.36000061035156,22.3700008392334,21.780000686645508,21.93000030517578,30528400,0.0,0.0,0.0
2020-11-24,21.5,21.690000534057617,21.40999984741211,21.6299991607666,31397000,0.0,0.0,0.0
2020-11-25,21.71999931335449,21.850000381469727,21.63999938964844,21.71999931335449,13571300,0.0,0.0,0.0
2020-11-27,20.950000762939453,21.170000076293945,20.90999984741211,21.049999237060547,19804400,0.0,0.0,0.0
2020-11-30,20.670000076293945,21.09000015258789,20.600000381469727,21.049999237060547,20580000,0.0,0.0,0.0
2020-12-01,21.93000030517578,22.3700008392334,21.850000381469727,22.299999237060547,32621000,0.0,0.0,0.0
2020-12-02,22.100000381469727,22.38999938964844,21.979999542236328,22.32999992370605,19383700,0.0,0.0,0.0
2020-12-03,22.34000015258789,22.440000534057617,22.06999969482422,22.43000030517578,18680400,0.0,0.0,0.0
2020-12-04,22.40999984741211,22.59000015258789,22.25,22.479999542236328,20904000,0.0,0.0,0.0
2020-12-07,22.26000022888184,23.040000915527344,22.25,22.81999969482422,28112500,0.0,0.0,0.0
2020-12-08,22.920000076293945,23.1200008392334,22.729999542236328,22.81999969482422,16554600,0.0,0.0,0.0
2020-12-09,22.540000915527344,22.56999969482422,21.93000030517578,22.229999542236328,31349900,0.0,0.0,0.0
2020-12-10,22.3799991607666,22.57999992370605,22.190000534057617,22.31999969482422,13565700,0.0,0.0,0.0
2020-12-11,22.229999542236328,22.43000030517578,22.190000534057617,22.26000022888184,10762000,0.0,0.0,0.0
2020-12-14,22.350000381469727,22.530000686645508,22.1200008392334,22.15999984741211,16111100,0.0,0.0,0.0
2020-12-15,22.65999984741211,22.82999992370605,22.600000381469727,22.799999237060547,17245200,0.0,0.0,0.0
2020-12-16,23.21999931335449,23.64999961853028,22.959999084472656,23.6200008392334,45978800,0.0,0.0,0.0
2020-12-17,24.09000015258789,24.270000457763672,23.950000762939453,24.14999961853028,39546200,0.0,0.0,0.0
2020-12-18,24.020000457763672,24.1299991607666,23.8700008392334,23.959999084472656,29676300,0.0,0.0,0.0
2020-12-21,24.1200008392334,24.5,24.100000381469727,24.3799991607666,44728900,0.0,0.0,0.0
2020-12-22,24.020000457763672,24.1299991607666,23.309999465942383,23.43000030517578,41845300,0.0,0.0,0.0
2020-12-23,23.700000762939453,23.979999542236328,23.68000030517578,23.799999237060547,24702500,0.0,0.0,0.0
2020-12-24,23.71999931335449,24.030000686645508,23.68000030517578,23.959999084472656,10558600,0.0,0.0,0.0
2020-12-28,24.670000076293945,24.84000015258789,24.3700008392334,24.43000030517578,29575600,0.0,0.0,0.0
2020-12-29,24.36000061035156,24.530000686645508,24.11000061035156,24.38999938964844,23871500,0.0,0.0,0.0
2020-12-30,24.420000076293945,24.770000457763672,24.3700008392334,24.76000022888184,18836200,0.0,0.0,0.0
2020-12-31,24.61000061035156,24.729999542236328,24.3700008392334,24.56999969482422,24639700,0.0,0.0,0.0
2021-01-04,25.540000915527344,25.61000061035156,24.8700008392334,25.350000381469727,54026000,0.0,0.0,0.0
2021-01-05,25.459999084472656,25.739999771118164,25.280000686645508,25.670000076293945,32882000,0.0,0.0,0.0
2021-01-06,25.34000015258789,25.39999961853028,24.71999931335449,25.34000015258789,54978700,0.0,0.0,0.0
2021-01-07,25.21999931335449,25.3700008392334,25.049999237060547,25.26000022888184,27335800,0.0,0.0,0.0
2021-01-08,24.729999542236328,24.76000022888184,22.739999771118164,23.51000022888184,107226800,0.0,0.0,0.0
2021-01-11,22.950000762939453,23.489999771118164,22.920000076293945,23.209999084472656,42339700,0.0,0.0,0.0
2021-01-12,23.549999237060547,23.82999992370605,23.3799991607666,23.71999931335449,28423100,0.0,0.0,0.0
2021-01-13,23.57999992370605,23.739999771118164,23.3799991607666,23.440000534057617,23619500,0.0,0.0,0.0
2021-01-14,23.61000061035156,24.06999969482422,23.59000015258789,23.709999084472656,35838300,0.0,0.0,0.0
2021-01-15,23.170000076293945,23.36000061035156,22.84000015258789,22.950000762939453,41576400,0.0,0.0,0.0
2021-01-19,23.479999542236328,23.520000457763672,23.21999931335449,23.3799991607666,26077100,0.0,0.0,0.0
2021-01-20,23.64999961853028,24.049999237060547,23.6200008392334,24.01000022888184,26653500,0.0,0.0,0.0
2021-01-21,24.01000022888184,24.209999084472656,23.84000015258789,24.14999961853028,19571500,0.0,0.0,0.0
2021-01-22,23.520000457763672,23.780000686645508,23.3799991607666,23.65999984741211,19320600,0.0,0.0,0.0
2021-01-25,23.84000015258789,23.88999938964844,23.3700008392334,23.549999237060547,22030500,0.0,0.0,0.0
2021-01-26,23.64999961853028,23.82999992370605,23.549999237060547,23.64999961853028,13923900,0.0,0.0,0.0
2021-01-27,23.34000015258789,23.6200008392334,22.940000534057617,23.420000076293945,36774400,0.0,0.0,0.0
2021-01-28,24.530000686645508,25.100000381469727,23.82999992370605,24.71999931335449,152066900,0.0,0.0,0.0
2021-01-29,25.309999465942383,25.479999542236328,24.780000686645508,24.989999771118164,113552000,0.0,0.0,0.0
2021-02-01,27.76000022888184,27.979999542236328,26.100000381469727,26.76000022888184,280615000,0.0,0.0,0.0
2021-02-02,25.540000915527344,25.549999237060547,24.40999984741211,24.540000915527344,124327400,0.0,0.0,0.0
2021-02-03,25.0,25.100000381469727,24.790000915527344,24.93000030517578,54593300,0.0,0.0,0.0
2021-02-04,24.3799991607666,24.540000915527344,24.059999465942383,24.479999542236328,51529200,0.0,0.0,0.0
2021-02-05,24.739999771118164,25.13999938964844,24.64999961853028,24.950000762939453,33704000,0.0,0.0,0.0
2021-02-08,25.51000022888184,25.6299991607666,25.3700008392334,25.38999938964844,40683200,0.0,0.0,0.0
2021-02-09,25.559999465942383,25.6200008392334,25.13999938964844,25.280000686645508,31182500,0.0,0.0,0.0
2021-02-10,25.440000534057617,25.459999084472656,24.90999984741211,25.06999969482422,36120100,0.0,0.0,0.0
2021-02-11,25.26000022888184,25.34000015258789,24.90999984741211,25.09000015258789,29925500,0.0,0.0,0.0
2021-02-12,25.1299991607666,25.489999771118164,25.049999237060547,25.309999465942383,24872400,0.0,0.0,0.0
2021-02-16,25.15999984741211,25.700000762939453,25.049999237060547,25.26000022888184,45946600,0.0,0.0,0.0
2021-02-17,25.15999984741211,25.440000534057617,24.93000030517578,25.39999961853028,32220600,0.0,0.0,0.0
2021-02-18,25.229999542236328,25.3799991607666,24.950000762939453,25.059999465942383,22250900,0.0,0.0,0.0
2021-02-19,25.420000076293945,25.6200008392334,25.200000762939453,25.26000022888184,39603400,0.0,0.0,0.0
2021-02-22,25.489999771118164,26.280000686645508,25.43000030517578,26.270000457763672,55307700,0.0,0.0,0.0
2021-02-23,25.82999992370605,25.850000381469727,25.290000915527344,25.709999084472656,40191400,0.0,0.0,0.0
2021-02-24,25.479999542236328,25.96999931335449,25.3700008392334,25.940000534057617,24093100,0.0,0.0,0.0
2021-02-25,25.809999465942383,26.020000457763672,25.39999961853028,25.39999961853028,38674000,0.0,0.0,0.0
2021-02-26,25.0,25.01000022888184,24.270000457763672,24.65999984741211,54587100,0.0,0.0,0.0
2021-03-01,24.959999084472656,25.040000915527344,24.549999237060547,24.600000381469727,35637500,0.0,0.0,0.0
2021-03-02,24.5,24.989999771118164,24.440000534057617,24.799999237060547,29101900,0.0,0.0,0.0
2021-03-03,24.309999465942383,24.61000061035156,23.989999771118164,24.280000686645508,41733400,0.0,0.0,0.0
2021-03-04,24.11000061035156,24.43000030517578,23.270000457763672,23.559999465942383,63992600,0.0,0.0,0.0
2021-03-05,23.59000015258789,23.59000015258789,23.049999237060547,23.36000061035156,30560500,0.0,0.0,0.0
2021-03-08,23.43000030517578,23.56999969482422,23.280000686645508,23.31999969482422,18703100,0.0,0.0,0.0
2021-03-09,24.040000915527344,24.270000457763672,24.01000022888184,24.049999237060547,29024000,0.0,0.0,0.0
2021-03-10,24.18000030517578,24.350000381469727,24.030000686645508,24.31999969482422,20388800,0.0,0.0,0.0
2021-03-11,24.18000030517578,24.32999992370605,23.979999542236328,24.25,23587800,0.0,0.0,0.0
2021-03-12,23.63999938964844,24.07999992370605,23.56999969482422,24.030000686645508,23409800,0.0,0.0,0.0
2021-03-15,24.270000457763672,24.40999984741211,24.1299991607666,24.32999992370605,21915600,0.0,0.0,0.0
2021-03-16,24.06999969482422,24.280000686645508,23.979999542236328,24.100000381469727,19951200,0.0,0.0,0.0
2021-03-17,24.1200008392334,24.6299991607666,24.040000915527344,24.420000076293945,45692600,0.0,0.0,0.0
2021-03-18,24.0,24.46999931335449,23.989999771118164,24.100000381469727,40297600,0.0,0.0,0.0
2021-03-19,24.26000022888184,24.3799991607666,24.1200008392334,24.309999465942383,22871500,0.0,0.0,0.0
2021-03-22,23.790000915527344,23.959999084472656,23.709999084472656,23.940000534057617,23781000,0.0,0.0,0.0
2021-03-23,23.489999771118164,23.540000915527344,23.209999084472656,23.21999931335449,28806800,0.0,0.0,0.0
2021-03-24,23.46999931335449,23.51000022888184,23.21999931335449,23.239999771118164,18289600,0.0,0.0,0.0
2021-03-25,23.07999992370605,23.3799991607666,23.030000686645508,23.290000915527344,29613100,0.0,0.0,0.0
2021-03-26,23.200000762939453,23.309999465942383,23.09000015258789,23.229999542236328,14587600,0.0,0.0,0.0
2021-03-29,23.09000015258789,23.13999938964844,22.700000762939453,22.90999984741211,27664900,0.0,0.0,0.0
2021-03-30,22.440000534057617,22.489999771118164,22.1299991607666,22.26000022888184,31973600,0.0,0.0,0.0
2021-03-31,22.309999465942383,22.76000022888184,22.26000022888184,22.700000762939453,24331300,0.0,0.0,0.0
2021-04-01,22.8700008392334,23.14999961853028,22.799999237060547,23.14999961853028,21555400,0.0,0.0,0.0
2021-04-05,23.040000915527344,23.200000762939453,22.88999938964844,23.09000015258789,13959600,0.0,0.0,0.0
2021-04-06,23.280000686645508,23.479999542236328,23.25,23.34000015258789,18963100,0.0,0.0,0.0
2021-04-07,23.25,23.46999931335449,23.200000762939453,23.32999992370605,12932700,0.0,0.0,0.0
2021-04-08,23.68000030517578,23.780000686645508,23.57999992370605,23.6200008392334,16756100,0.0,0.0,0.0
2021-04-09,23.290000915527344,23.489999771118164,23.25,23.40999984741211,15692800,0.0,0.0,0.0
2021-04-12,23.280000686645508,23.31999969482422,22.93000030517578,23.040000915527344,22788400,0.0,0.0,0.0
2021-04-13,23.51000022888184,23.65999984741211,23.46999931335449,23.51000022888184,18876600,0.0,0.0,0.0
2021-04-14,23.43000030517578,23.64999961853028,23.43000030517578,23.59000015258789,11107100,0.0,0.0,0.0
2021-04-15,23.780000686645508,24.1299991607666,23.76000022888184,24.030000686645508,29376600,0.0,0.0,0.0
2021-04-16,24.200000762939453,24.21999931335449,24.059999465942383,24.09000015258789,20854500,0.0,0.0,0.0
2021-04-19,23.93000030517578,24.049999237060547,23.790000915527344,23.979999542236328,16333300,0.0,0.0,0.0
2021-04-20,23.89999961853028,24.21999931335449,23.89999961853028,23.959999084472656,20911600,0.0,0.0,0.0
2021-04-21,24.14999961853028,24.739999771118164,24.1200008392334,24.700000762939453,32992900,0.0,0.0,0.0
2021-04-22,24.43000030517578,24.46999931335449,24.11000061035156,24.209999084472656,25916400,0.0,0.0,0.0
2021-04-23,24.32999992370605,24.38999938964844,23.979999542236328,24.13999938964844,18439900,0.0,0.0,0.0
2021-04-26,24.32999992370605,24.32999992370605,24.18000030517578,24.299999237060547,11054500,0.0,0.0,0.0
2021-04-27,24.450000762939453,24.530000686645508,24.350000381469727,24.38999938964844,12866200,0.0,0.0,0.0
2021-04-28,24.100000381469727,24.39999961853028,23.96999931335449,24.39999961853028,20534500,0.0,0.0,0.0
2021-04-29,24.21999931335449,24.270000457763672,23.86000061035156,24.25,23251500,0.0,0.0,0.0
2021-04-30,24.209999084472656,24.270000457763672,23.950000762939453,24.01000022888184,16806800,0.0,0.0,0.0
2021-05-03,24.61000061035156,25.049999237060547,24.51000022888184,24.959999084472656,36331500,0.0,0.0,0.0
2021-05-04,25.0,25.15999984741211,24.209999084472656,24.56999969482422,37719400,0.0,0.0,0.0
2021-05-05,24.5,24.600000381469727,24.46999931335449,24.56999969482422,7161100,0.0,0.0,0.0
2021-05-06,24.89999961853028,25.479999542236328,24.89999961853028,25.3700008392334,32473600,0.0,0.0,0.0
2021-05-07,25.280000686645508,25.5,25.170000076293945,25.46999931335449,25364400,0.0,0.0,0.0
2021-05-10,25.799999237060547,25.8700008392334,25.26000022888184,25.350000381469727,28424200,0.0,0.0,0.0
2021-05-11,25.229999542236328,25.670000076293945,25.190000534057617,25.670000076293945,23444100,0.0,0.0,0.0
2021-05-12,25.39999961853028,25.56999969482422,25.049999237060547,25.09000015258789,35338100,0.0,0.0,0.0
2021-05-13,24.96999931335449,25.190000534057617,24.920000076293945,25.15999984741211,25131000,0.0,0.0,0.0
2021-05-14,25.38999938964844,25.5,25.290000915527344,25.459999084472656,22955700,0.0,0.0,0.0
2021-05-17,25.559999465942383,26.25,25.549999237060547,26.190000534057617,41874700,0.0,0.0,0.0
2021-05-18,26.3700008392334,26.38999938964844,25.979999542236328,26.14999961853028,28338900,0.0,0.0,0.0
2021-05-19,25.690000534057617,26.200000762939453,25.489999771118164,25.729999542236328,43585700,0.0,0.0,0.0
2021-05-20,25.809999465942383,25.979999542236328,25.64999961853028,25.790000915527344,20364600,0.0,0.0,0.0
2021-05-21,25.979999542236328,25.989999771118164,25.229999542236328,25.530000686645508,31146300,0.0,0.0,0.0
2021-05-24,25.729999542236328,25.88999938964844,25.64999961853028,25.75,15601800,0.0,0.0,0.0
2021-05-25,25.530000686645508,26.01000022888184,25.51000022888184,25.989999771118164,24282100,0.0,0.0,0.0
2021-05-26,25.8700008392334,25.959999084472656,25.600000381469727,25.670000076293945,23720300,0.0,0.0,0.0
2021-05-27,25.670000076293945,25.8700008392334,25.530000686645508,25.850000381469727,18584800,0.0,0.0,0.0
2021-05-28,25.6299991607666,25.950000762939453,25.6200008392334,25.89999961853028,22529800,0.0,0.0,0.0
2021-06-01,26.3799991607666,26.43000030517578,25.82999992370605,25.84000015258789,26118400,0.0,0.0,0.0
2021-06-02,25.959999084472656,26.14999961853028,25.88999938964844,26.14999961853028,14522800,0.0,0.0,0.0
2021-06-03,25.440000534057617,25.489999771118164,25.06999969482422,25.459999084472656,31455700,0.0,0.0,0.0
2021-06-04,25.71999931335449,25.82999992370605,25.700000762939453,25.780000686645508,19065400,0.0,0.0,0.0
2021-06-07,25.799999237060547,25.93000030517578,25.71999931335449,25.89999961853028,17188700,0.0,0.0,0.0
2021-06-08,25.71999931335449,25.799999237060547,25.51000022888184,25.61000061035156,23460100,0.0,0.0,0.0
2021-06-09,25.82999992370605,25.96999931335449,25.71999931335449,25.780000686645508,21620900,0.0,0.0,0.0
2021-06-10,25.739999771118164,26.01000022888184,25.65999984741211,25.96999931335449,24057200,0.0,0.0,0.0
2021-06-11,26.13999938964844,26.209999084472656,25.8700008392334,25.8700008392334,24834400,0.0,0.0,0.0
2021-06-14,25.59000015258789,25.989999771118164,25.559999465942383,25.84000015258789,22004400,0.0,0.0,0.0
2021-06-15,25.68000030517578,25.709999084472656,25.40999984741211,25.64999961853028,18546700,0.0,0.0,0.0
2021-06-16,25.71999931335449,25.809999465942383,25.25,25.26000022888184,41137100,0.0,0.0,0.0
2021-06-17,24.36000061035156,24.46999931335449,23.88999938964844,24.049999237060547,74182600,0.0,0.0,0.0
2021-06-18,24.09000015258789,24.21999931335449,23.8700008392334,23.8799991607666,34088200,0.0,0.0,0.0
2021-06-21,24.07999992370605,24.13999938964844,23.950000762939453,24.07999992370605,20624800,0.0,0.0,0.0
2021-06-22,23.959999084472656,24.0,23.84000015258789,23.850000381469727,17654500,0.0,0.0,0.0
2021-06-23,24.049999237060547,24.3799991607666,23.90999984741211,23.93000030517578,18042000,0.0,0.0,0.0
2021-06-24,24.200000762939453,24.270000457763672,23.979999542236328,24.040000915527344,20312400,0.0,0.0,0.0
2021-06-25,24.32999992370605,24.32999992370605,24.07999992370605,24.18000030517578,12456400,0.0,0.0,0.0
2021-06-28,24.229999542236328,24.309999465942383,24.15999984741211,24.209999084472656,13712200,0.0,0.0,0.0
2021-06-29,23.850000381469727,23.96999931335449,23.75,23.88999938964844,19437900,0.0,0.0,0.0
2021-06-30,23.989999771118164,24.25,23.950000762939453,24.21999931335449,19309700,0.0,0.0,0.0
2021-07-01,24.34000015258789,24.36000061035156,24.059999465942383,24.11000061035156,14288000,0.0,0.0,0.0
2021-07-02,24.479999542236328,24.6299991607666,24.299999237060547,24.549999237060547,21322000,0.0,0.0,0.0
2021-07-06,24.64999961853028,24.690000534057617,24.11000061035156,24.229999542236328,23825300,0.0,0.0,0.0
2021-07-07,24.38999938964844,24.440000534057617,24.07999992370605,24.239999771118164,24910700,0.0,0.0,0.0
2021-07-08,24.239999771118164,24.26000022888184,23.920000076293945,24.01000022888184,22355000,0.0,0.0,0.0
2021-07-09,24.06999969482422,24.290000915527344,24.049999237060547,24.190000534057617,11456600,0.0,0.0,0.0
2021-07-12,24.200000762939453,24.34000015258789,24.049999237060547,24.280000686645508,13849900,0.0,0.0,0.0
2021-07-13,24.14999961853028,24.309999465942383,24.049999237060547,24.07999992370605,16394600,0.0,0.0,0.0
2021-07-14,24.51000022888184,24.530000686645508,24.14999961853028,24.32999992370605,26679000,0.0,0.0,0.0
2021-07-15,24.3799991607666,24.440000534057617,24.280000686645508,24.3799991607666,13954900,0.0,0.0,0.0
2021-07-16,24.15999984741211,24.229999542236328,23.71999931335449,23.770000457763672,32457000,0.0,0.0,0.0
2021-07-19,23.46999931335449,23.51000022888184,23.18000030517578,23.290000915527344,36393400,0.0,0.0,0.0
2021-07-20,23.239999771118164,23.350000381469727,23.0,23.13999938964844,25553500,0.0,0.0,0.0
2021-07-21,23.190000534057617,23.459999084472656,23.18000030517578,23.420000076293945,17069000,0.0,0.0,0.0
2021-07-22,23.31999969482422,23.600000381469727,23.18000030517578,23.559999465942383,14275000,0.0,0.0,0.0
2021-07-23,23.350000381469727,23.40999984741211,23.170000076293945,23.350000381469727,13999100,0.0,0.0,0.0
2021-07-26,23.350000381469727,23.450000762939453,23.31999969482422,23.36000061035156,11047700,0.0,0.0,0.0
2021-07-27,23.299999237060547,23.309999465942383,22.690000534057617,22.959999084472656,27749000,0.0,0.0,0.0
2021-07-28,22.89999961853028,23.18000030517578,22.809999465942383,23.170000076293945,19356600,0.0,0.0,0.0
2021-07-29,23.63999938964844,23.90999984741211,23.63999938964844,23.71999931335449,28655100,0.0,0.0,0.0
2021-07-30,23.670000076293945,23.739999771118164,23.489999771118164,23.6299991607666,13908400,0.0,0.0,0.0
2021-08-02,23.46999931335449,23.670000076293945,23.46999931335449,23.530000686645508,14364300,0.0,0.0,0.0
2021-08-03,23.65999984741211,23.71999931335449,23.559999465942383,23.68000030517578,11872500,0.0,0.0,0.0
2021-08-04,24.020000457763672,24.06999969482422,23.459999084472656,23.540000915527344,23504500,0.0,0.0,0.0
2021-08-05,23.549999237060547,23.56999969482422,23.239999771118164,23.299999237060547,14401700,0.0,0.0,0.0
2021-08-06,22.670000076293945,22.690000534057617,22.420000076293945,22.520000457763672,35763900,0.0,0.0,0.0
2021-08-09,22.09000015258789,22.15999984741211,21.530000686645508,21.75,44597700,0.0,0.0,0.0
2021-08-10,21.600000381469727,21.76000022888184,21.549999237060547,21.6200008392334,17390800,0.0,0.0,0.0
2021-08-11,21.770000457763672,21.86000061035156,21.6299991607666,21.84000015258789,15281500,0.0,0.0,0.0
2021-08-12,21.6299991607666,21.6299991607666,21.31999969482422,21.5,17854300,0.0,0.0,0.0
2021-08-13,21.76000022888184,22.09000015258789,21.700000762939453,21.96999931335449,20165300,0.0,0.0,0.0
2021-08-16,22.0,22.14999961853028,21.88999938964844,22.100000381469727,13542400,0.0,0.0,0.0
2021-08-17,22.030000686645508,22.14999961853028,21.84000015258789,21.89999961853028,17660400,0.0,0.0,0.0
2021-08-18,21.8799991607666,21.8799991607666,21.57999992370605,21.76000022888184,19311700,0.0,0.0,0.0
2021-08-19,21.670000076293945,21.690000534057617,21.43000030517578,21.51000022888184,16659700,0.0,0.0,0.0
2021-08-20,21.450000762939453,21.540000915527344,21.200000762939453,21.350000381469727,16170000,0.0,0.0,0.0
2021-08-23,21.850000381469727,21.950000762939453,21.71999931335449,21.8799991607666,17623900,0.0,0.0,0.0
2021-08-24,22.100000381469727,22.200000762939453,21.979999542236328,22.07999992370605,17851300,0.0,0.0,0.0
2021-08-25,22.07999992370605,22.1299991607666,21.84000015258789,22.09000015258789,15318900,0.0,0.0,0.0
2021-08-26,21.89999961853028,21.979999542236328,21.709999084472656,21.850000381469727,15730700,0.0,0.0,0.0
2021-08-27,21.709999084472656,22.350000381469727,21.6200008392334,22.32999992370605,38222000,0.0,0.0,0.0
2021-08-30,22.350000381469727,22.3799991607666,22.14999961853028,22.26000022888184,12848400,0.0,0.0,0.0
2021-08-31,22.309999465942383,22.3799991607666,22.049999237060547,22.13999938964844,17200000,0.0,0.0,0.0
2021-09-01,22.36000061035156,22.479999542236328,22.309999465942383,22.3700008392334,17441700,0.0,0.0,0.0
2021-09-02,22.270000457763672,22.270000457763672,22.040000915527344,22.13999938964844,16640000,0.0,0.0,0.0
2021-09-03,22.600000381469727,23.040000915527344,22.540000915527344,22.8799991607666,28096100,0.0,0.0,0.0
2021-09-07,22.670000076293945,22.75,22.3799991607666,22.51000022888184,22419700,0.0,0.0,0.0
2021-09-08,22.46999931335449,22.489999771118164,22.13999938964844,22.170000076293945,23791200,0.0,0.0,0.0
2021-09-09,22.440000534057617,22.450000762939453,22.170000076293945,22.270000457763672,18791200,0.0,0.0,0.0
2021-09-10,22.309999465942383,22.3799991607666,21.989999771118164,21.989999771118164,17930300,0.0,0.0,0.0
2021-09-13,21.799999237060547,22.100000381469727,21.770000457763672,21.989999771118164,18019700,0.0,0.0,0.0
2021-09-14,22.040000915527344,22.190000534057617,21.8700008392334,22.100000381469727,19070100,0.0,0.0,0.0
2021-09-15,22.059999465942383,22.14999961853028,21.950000762939453,22.06999969482422,13448200,0.0,0.0,0.0
2021-09-16,21.34000015258789,21.350000381469727,20.93000030517578,21.25,52910400,0.0,0.0,0.0
2021-09-17,20.989999771118164,21.01000022888184,20.68000030517578,20.739999771118164,44713900,0.0,0.0,0.0
2021-09-20,20.63999938964844,20.850000381469727,20.520000457763672,20.59000015258789,24491900,0.0,0.0,0.0
2021-09-21,20.8700008392334,21.049999237060547,20.71999931335449,20.84000015258789,23205400,0.0,0.0,0.0
2021-09-22,21.09000015258789,21.440000534057617,20.920000076293945,20.989999771118164,46929100,0.0,0.0,0.0
2021-09-23,20.940000534057617,21.049999237060547,20.8799991607666,20.90999984741211,22303100,0.0,0.0,0.0
2021-09-24,20.51000022888184,20.82999992370605,20.479999542236328,20.709999084472656,23093600,0.0,0.0,0.0
2021-09-27,20.96999931335449,21.15999984741211,20.8799991607666,20.940000534057617,17405500,0.0,0.0,0.0
2021-09-28,20.82999992370605,20.8799991607666,20.59000015258789,20.780000686645508,29154800,0.0,0.0,0.0
2021-09-29,20.14999961853028,20.229999542236328,19.82999992370605,19.950000762939453,56579700,0.0,0.0,0.0
2021-09-30,20.190000534057617,20.59000015258789,20.13999938964844,20.520000457763672,61442900,0.0,0.0,0.0
2021-10-01,20.809999465942383,20.920000076293945,20.68000030517578,20.82999992370605,29866000,0.0,0.0,0.0
2021-10-04,20.76000022888184,21.030000686645508,20.700000762939453,20.979999542236328,25183900,0.0,0.0,0.0
2021-10-05,20.84000015258789,20.979999542236328,20.709999084472656,20.920000076293945,21548900,0.0,0.0,0.0
2021-10-06,20.75,21.01000022888184,20.64999961853028,20.959999084472656,22553300,0.0,0.0,0.0
2021-10-07,20.790000915527344,21.100000381469727,20.780000686645508,20.89999961853028,19484300,0.0,0.0,0.0
2021-10-08,21.38999938964844,21.440000534057617,20.940000534057617,20.950000762939453,33300400,0.0,0.0,0.0
2021-10-11,20.96999931335449,21.1299991607666,20.8799991607666,20.8799991607666,15152000,0.0,0.0,0.0
2021-10-12,20.850000381469727,21.09000015258789,20.799999237060547,20.93000030517578,23052100,0.0,0.0,0.0
2021-10-13,21.09000015258789,21.530000686645508,21.07999992370605,21.32999992370605,37984700,0.0,0.0,0.0
2021-10-14,21.6200008392334,21.84000015258789,21.489999771118164,21.799999237060547,28993800,0.0,0.0,0.0
2021-10-15,21.59000015258789,21.700000762939453,21.46999931335449,21.57999992370605,23904000,0.0,0.0,0.0
2021-10-18,21.56999969482422,21.57999992370605,21.299999237060547,21.489999771118164,16090900,0.0,0.0,0.0
2021-10-19,22.229999542236328,22.309999465942383,21.850000381469727,21.88999938964844,39515000,0.0,0.0,0.0
2021-10-20,22.200000762939453,22.61000061035156,22.1200008392334,22.530000686645508,31563900,0.0,0.0,0.0
2021-10-21,22.3700008392334,22.440000534057617,22.21999931335449,22.350000381469727,15172900,0.0,0.0,0.0
2021-10-22,22.59000015258789,22.979999542236328,22.38999938964844,22.540000915527344,39030000,0.0,0.0,0.0
2021-10-25,22.64999961853028,22.790000915527344,22.549999237060547,22.739999771118164,14958300,0.0,0.0,0.0
2021-10-26,22.3799991607666,22.39999961853028,22.100000381469727,22.3700008392334,21431500,0.0,0.0,0.0
2021-10-27,22.350000381469727,22.459999084472656,22.170000076293945,22.290000915527344,19097700,0.0,0.0,0.0
2021-10-28,22.3700008392334,22.450000762939453,22.170000076293945,22.270000457763672,12812500,0.0,0.0,0.0
2021-10-29,22.06999969482422,22.14999961853028,21.88999938964844,22.09000015258789,19160400,0.0,0.0,0.0
2021-11-01,22.239999771118164,22.309999465942383,22.13999938964844,22.229999542236328,17311100,0.0,0.0,0.0
2021-11-02,21.93000030517578,21.950000762939453,21.63999938964844,21.799999237060547,24915000,0.0,0.0,0.0
2021-11-03,21.40999984741211,21.84000015258789,21.309999465942383,21.809999465942383,37161000,0.0,0.0,0.0
2021-11-04,22.100000381469727,22.26000022888184,21.979999542236328,22.0,27818200,0.0,0.0,0.0
2021-11-05,22.25,22.36000061035156,22.030000686645508,22.350000381469727,22311000,0.0,0.0,0.0
2021-11-08,22.540000915527344,22.690000534057617,22.459999084472656,22.64999961853028,16458800,0.0,0.0,0.0
2021-11-09,22.520000457763672,22.6299991607666,22.229999542236328,22.530000686645508,18973700,0.0,0.0,0.0
2021-11-10,23.14999961853028,23.26000022888184,22.690000534057617,22.8700008392334,46183400,0.0,0.0,0.0
2021-11-11,23.21999931335449,23.3799991607666,23.170000076293945,23.350000381469727,23239900,0.0,0.0,0.0
2021-11-12,23.18000030517578,23.5,23.1299991607666,23.420000076293945,24315800,0.0,0.0,0.0
2021-11-15,23.190000534057617,23.309999465942383,23.049999237060547,23.239999771118164,20072200,0.0,0.0,0.0
2021-11-16,23.14999961853028,23.290000915527344,22.90999984741211,22.959999084472656,21687300,0.0,0.0,0.0
2021-11-17,23.21999931335449,23.32999992370605,23.09000015258789,23.170000076293945,15596200,0.0,0.0,0.0
2021-11-18,23.020000457763672,23.11000061035156,22.920000076293945,22.959999084472656,12880600,0.0,0.0,0.0
2021-11-19,23.0,23.1200008392334,22.71999931335449,22.75,23754300,0.0,0.0,0.0
2021-11-22,22.670000076293945,22.770000457763672,22.299999237060547,22.34000015258789,26721800,0.0,0.0,0.0
2021-11-23,21.709999084472656,21.93000030517578,21.530000686645508,21.920000076293945,32566000,0.0,0.0,0.0
2021-11-24,21.729999542236328,21.82999992370605,21.670000076293945,21.790000915527344,20225400,0.0,0.0,0.0
2021-11-26,21.790000915527344,21.790000915527344,21.200000762939453,21.3700008392334,23137100,0.0,0.0,0.0
2021-11-29,21.309999465942383,21.3700008392334,21.049999237060547,21.15999984741211,22115700,0.0,0.0,0.0
2021-11-30,21.200000762939453,21.56999969482422,20.989999771118164,21.059999465942383,29616200,0.0,0.0,0.0
2021-12-01,20.979999542236328,21.07999992370605,20.520000457763672,20.56999969482422,41829500,0.0,0.0,0.0
2021-12-02,20.739999771118164,20.76000022888184,20.549999237060547,20.690000534057617,25783200,0.0,0.0,0.0
2021-12-03,20.709999084472656,20.8700008392334,20.3799991607666,20.850000381469727,22835100,0.0,0.0,0.0
2021-12-06,20.540000915527344,20.76000022888184,20.46999931335449,20.709999084472656,18193200,0.0,0.0,0.0
2021-12-07,20.68000030517578,20.90999984741211,20.670000076293945,20.809999465942383,18763300,0.0,0.0,0.0
2021-12-08,20.700000762939453,20.799999237060547,20.6299991607666,20.76000022888184,14075400,0.0,0.0,0.0
2021-12-09,20.459999084472656,20.489999771118164,20.270000457763672,20.299999237060547,23767500,0.0,0.0,0.0
2021-12-10,20.520000457763672,20.540000915527344,20.39999961853028,20.5,17760800,0.0,0.0,0.0
2021-12-13,20.64999961853028,20.739999771118164,20.59000015258789,20.61000061035156,16422300,0.0,0.0,0.0
2021-12-14,20.1299991607666,20.350000381469727,20.09000015258789,20.309999465942383,19912400,0.0,0.0,0.0
2021-12-15,20.170000076293945,20.46999931335449,19.799999237060547,20.40999984741211,44633700,0.0,0.0,0.0
2021-12-16,20.61000061035156,20.84000015258789,20.600000381469727,20.790000915527344,26368200,0.0,0.0,0.0
2021-12-17,20.850000381469727,20.90999984741211,20.68000030517578,20.68000030517578,19873600,0.0,0.0,0.0
2021-12-20,20.600000381469727,20.65999984741211,20.520000457763672,20.56999969482422,12493200,0.0,0.0,0.0
2021-12-21,20.8799991607666,20.93000030517578,20.739999771118164,20.770000457763672,11231500,0.0,0.0,0.0
2021-12-22,20.979999542236328,21.1200008392334,20.86000061035156,21.100000381469727,16909900,0.0,0.0,0.0
2021-12-23,21.100000381469727,21.209999084472656,20.950000762939453,21.15999984741211,12824500,0.0,0.0,0.0
2021-12-27,21.190000534057617,21.3799991607666,21.15999984741211,21.32999992370605,15165500,0.0,0.0,0.0
2021-12-28,21.40999984741211,21.51000022888184,21.25,21.270000457763672,14845500,0.0,0.0,0.0
2021-12-29,20.89999961853028,21.14999961853028,20.88999938964844,21.11000061035156,11755700,0.0,0.0,0.0
2021-12-30,21.209999084472656,21.3700008392334,21.200000762939453,21.34000015258789,11646600,0.0,0.0,0.0
2021-12-31,21.5,21.59000015258789,21.3700008392334,21.51000022888184,15618500,0.0,0.0,0.0
2022-01-03,21.040000915527344,21.25,20.96999931335449,21.18000030517578,18043600,0.0,0.0,0.0
2022-01-04,21.229999542236328,21.3700008392334,21.190000534057617,21.31999969482422,12946900,0.0,0.0,0.0
2022-01-05,21.38999938964844,21.51000022888184,21.0,21.0,22571400,0.0,0.0,0.0
2022-01-06,20.3799991607666,20.6299991607666,20.350000381469727,20.51000022888184,27161100,0.0,0.0,0.0
2022-01-07,20.520000457763672,20.75,20.3700008392334,20.6200008392334,23522200,0.0,0.0,0.0
2022-01-10,20.600000381469727,20.82999992370605,20.56999969482422,20.76000022888184,17015100,0.0,0.0,0.0
2022-01-11,20.84000015258789,21.09000015258789,20.770000457763672,21.049999237060547,23681500,0.0,0.0,0.0
2022-01-12,21.18000030517578,21.479999542236328,21.170000076293945,21.450000762939453,23394800,0.0,0.0,0.0
2022-01-13,21.450000762939453,21.479999542236328,21.26000022888184,21.32999992370605,25395100,0.0,0.0,0.0
2022-01-14,21.239999771118164,21.32999992370605,21.100000381469727,21.200000762939453,22448800,0.0,0.0,0.0
2022-01-18,21.6299991607666,21.850000381469727,21.530000686645508,21.690000534057617,33206300,0.0,0.0,0.0
2022-01-19,22.01000022888184,22.38999938964844,21.950000762939453,22.3700008392334,43721600,0.0,0.0,0.0
2022-01-20,22.65999984741211,22.84000015258789,22.559999465942383,22.6200008392334,44986900,0.0,0.0,0.0
2022-01-21,22.690000534057617,22.709999084472656,22.34000015258789,22.3799991607666,40713800,0.0,0.0,0.0
2022-01-24,22.020000457763672,22.14999961853028,21.780000686645508,22.11000061035156,37822400,0.0,0.0,0.0
2022-01-25,21.82999992370605,22.170000076293945,21.809999465942383,22.020000457763672,30586800,0.0,0.0,0.0
2022-01-26,21.8799991607666,22.1200008392334,21.65999984741211,21.71999931335449,42075700,0.0,0.0,0.0
2022-01-27,21.06999969482422,21.299999237060547,20.8700008392334,21.020000457763672,45559800,0.0,0.0,0.0
2022-01-28,20.780000686645508,20.89999961853028,20.479999542236328,20.709999084472656,29449400,0.0,0.0,0.0
2022-01-31,20.75,20.850000381469727,20.65999984741211,20.799999237060547,19718300,0.0,0.0,0.0
2022-02-01,21.170000076293945,21.25,20.81999969482422,20.940000534057617,34540500,0.0,0.0,0.0
2022-02-02,20.959999084472656,21.100000381469727,20.770000457763672,20.93000030517578,19816500,0.0,0.0,0.0
2022-02-03,20.700000762939453,20.81999969482422,20.34000015258789,20.709999084472656,28800600,0.0,0.0,0.0
2022-02-04,20.65999984741211,20.959999084472656,20.65999984741211,20.790000915527344,24572200,0.0,0.0,0.0
2022-02-07,21.13999938964844,21.36000061035156,21.09000015258789,21.270000457763672,22888000,0.0,0.0,0.0
2022-02-08,21.270000457763672,21.5,21.229999542236328,21.450000762939453,16005800,0.0,0.0,0.0
2022-02-09,21.440000534057617,21.59000015258789,21.36000061035156,21.530000686645508,17908300,0.0,0.0,0.0
2022-02-10,21.530000686645508,21.920000076293945,21.40999984741211,21.420000076293945,36468000,0.0,0.0,0.0
2022-02-11,21.299999237060547,21.89999961853028,21.280000686645508,21.82999992370605,47248800,0.0,0.0,0.0
2022-02-14,22.049999237060547,22.1299991607666,21.920000076293945,22.049999237060547,27999300,0.0,0.0,0.0
2022-02-15,21.40999984741211,21.64999961853028,21.31999969482422,21.61000061035156,26993200,0.0,0.0,0.0
2022-02-16,21.61000061035156,21.8799991607666,21.61000061035156,21.8700008392334,24804900,0.0,0.0,0.0
2022-02-17,21.88999938964844,22.11000061035156,21.84000015258789,22.040000915527344,33941000,0.0,0.0,0.0
2022-02-18,22.14999961853028,22.239999771118164,22.059999465942383,22.1200008392334,23016900,0.0,0.0,0.0
2022-02-22,22.38999938964844,22.520000457763672,22.290000915527344,22.309999465942383,38336300,0.0,0.0,0.0
2022-02-23,22.39999961853028,22.729999542236328,22.38999938964844,22.729999542236328,35427200,0.0,0.0,0.0
2022-02-24,23.38999938964844,23.39999961853028,22.030000686645508,22.309999465942383,85973300,0.0,0.0,0.0
2022-02-25,22.18000030517578,22.420000076293945,22.059999465942383,22.39999961853028,37032300,0.0,0.0,0.0
2022-02-28,22.709999084472656,22.71999931335449,22.36000061035156,22.6200008392334,42783700,0.0,0.0,0.0
2022-03-01,22.84000015258789,23.61000061035156,22.84000015258789,23.540000915527344,60537600,0.0,0.0,0.0
2022-03-02,23.209999084472656,23.459999084472656,23.040000915527344,23.3700008392334,56523200,0.0,0.0,0.0
2022-03-03,23.299999237060547,23.34000015258789,23.06999969482422,23.290000915527344,44272400,0.0,0.0,0.0
2022-03-04,23.38999938964844,23.790000915527344,23.350000381469727,23.63999938964844,61566100,0.0,0.0,0.0
2022-03-07,23.540000915527344,23.770000457763672,23.43000030517578,23.700000762939453,51534300,0.0,0.0,0.0
2022-03-08,24.270000457763672,24.89999961853028,24.0,24.450000762939453,114432100,0.0,0.0,0.0
2022-03-09,23.950000762939453,24.170000076293945,23.479999542236328,23.799999237060547,58012900,0.0,0.0,0.0
2022-03-10,24.0,24.09000015258789,23.71999931335449,24.01000022888184,37767600,0.0,0.0,0.0
2022-03-11,23.75,24.030000686645508,23.68000030517578,23.8700008392334,32083100,0.0,0.0,0.0
2022-03-14,23.3700008392334,23.3700008392334,23.030000686645508,23.15999984741211,31301100,0.0,0.0,0.0
2022-03-15,22.8700008392334,23.14999961853028,22.75,23.0,25150000,0.0,0.0,0.0
2022-03-16,22.96999931335449,23.14999961853028,22.600000381469727,23.11000061035156,32895300,0.0,0.0,0.0
2022-03-17,23.34000015258789,23.600000381469727,23.32999992370605,23.32999992370605,24339600,0.0,0.0,0.0
2022-03-18,23.1299991607666,23.26000022888184,22.940000534057617,23.020000457763672,23821900,0.0,0.0,0.0
2022-03-21,23.059999465942383,23.3799991607666,23.049999237060547,23.280000686645508,26595700,0.0,0.0,0.0
2022-03-22,22.950000762939453,22.979999542236328,22.700000762939453,22.8799991607666,18807000,0.0,0.0,0.0
2022-03-23,23.1200008392334,23.290000915527344,22.959999084472656,23.239999771118164,20826700,0.0,0.0,0.0
2022-03-24,23.57999992370605,23.88999938964844,23.549999237060547,23.61000061035156,32930600,0.0,0.0,0.0
2022-03-25,23.479999542236328,23.56999969482422,23.31999969482422,23.479999542236328,17899400,0.0,0.0,0.0
2022-03-28,23.1299991607666,23.229999542236328,22.89999961853028,22.93000030517578,21405200,0.0,0.0,0.0
2022-03-29,22.350000381469727,22.940000534057617,22.209999084472656,22.90999984741211,30815100,0.0,0.0,0.0
2022-03-30,22.979999542236328,23.15999984741211,22.90999984741211,22.940000534057617,25616600,0.0,0.0,0.0
2022-03-31,23.11000061035156,23.190000534057617,22.86000061035156,22.8799991607666,27145300,0.0,0.0,0.0
2022-04-01,22.59000015258789,22.920000076293945,22.56999969482422,22.739999771118164,47311800,0.0,0.0,0.0
2022-04-04,22.670000076293945,22.81999969482422,22.43000030517578,22.6299991607666,34757100,0.0,0.0,0.0
2022-04-05,22.89999961853028,23.040000915527344,22.36000061035156,22.36000061035156,42303300,0.0,0.0,0.0
2022-04-06,22.530000686645508,22.700000762939453,22.3799991607666,22.56999969482422,32631200,0.0,0.0,0.0
2022-04-07,22.440000534057617,22.790000915527344,22.38999938964844,22.700000762939453,33647600,0.0,0.0,0.0
2022-04-08,22.56999969482422,22.920000076293945,22.559999465942383,22.81999969482422,30242700,0.0,0.0,0.0
2022-04-11,23.39999961853028,23.40999984741211,22.90999984741211,23.14999961853028,40735800,0.0,0.0,0.0
2022-04-12,23.39999961853028,23.65999984741211,23.229999542236328,23.46999931335449,40646600,0.0,0.0,0.0
2022-04-13,23.670000076293945,23.86000061035156,23.59000015258789,23.75,32672500,0.0,0.0,0.0
2022-04-14,23.600000381469727,23.68000030517578,23.3700008392334,23.63999938964844,31607200,0.0,0.0,0.0
2022-04-18,24.040000915527344,24.15999984741211,23.81999969482422,23.8700008392334,45390300,0.0,0.0,0.0
2022-04-19,23.57999992370605,23.6299991607666,23.13999938964844,23.239999771118164,35867300,0.0,0.0,0.0
2022-04-20,23.100000381469727,23.299999237060547,23.07999992370605,23.280000686645508,23415500,0.0,0.0,0.0
2022-04-21,22.93000030517578,22.940000534057617,22.549999237060547,22.790000915527344,37513500,0.0,0.0,0.0
2022-04-22,22.36000061035156,22.530000686645508,22.270000457763672,22.309999465942383,32779500,0.0,0.0,0.0
2022-04-25,21.809999465942383,21.920000076293945,21.64999961853028,21.82999992370605,38780900,0.0,0.0,0.0
2022-04-26,21.84000015258789,21.940000534057617,21.600000381469727,21.64999961853028,30841200,0.0,0.0,0.0
2022-04-27,21.76000022888184,21.81999969482422,21.459999084472656,21.489999771118164,30704200,0.0,0.0,0.0
2022-04-28,21.229999542236328,21.450000762939453,21.190000534057617,21.420000076293945,28124600,0.0,0.0,0.0
2022-04-29,21.31999969482422,21.440000534057617,20.989999771118164,21.040000915527344,32119200,0.0,0.0,0.0
2022-05-02,20.6299991607666,21.020000457763672,20.420000076293945,20.8700008392334,38907800,0.0,0.0,0.0
2022-05-03,20.850000381469727,21.09000015258789,20.770000457763672,20.82999992370605,29437700,0.0,0.0,0.0
2022-05-04,20.709999084472656,21.299999237060547,20.51000022888184,21.280000686645508,53388000,0.0,0.0,0.0
2022-05-05,21.31999969482422,21.32999992370605,20.600000381469727,20.780000686645508,38950600,0.0,0.0,0.0
2022-05-06,20.709999084472656,20.850000381469727,20.559999465942383,20.65999984741211,36791400,0.0,0.0,0.0
2022-05-09,20.3799991607666,20.39999961853028,20.01000022888184,20.030000686645508,40850900,0.0,0.0,0.0
2022-05-10,20.290000915527344,20.32999992370605,19.540000915527344,19.549999237060547,48854500,0.0,0.0,0.0
2022-05-11,20.07999992370605,20.280000686645508,19.850000381469727,19.8700008392334,35527500,0.0,0.0,0.0
2022-05-12,19.5,19.530000686645508,19.020000457763672,19.1200008392334,35998000,0.0,0.0,0.0
2022-05-13,19.059999465942383,19.46999931335449,19.01000022888184,19.420000076293945,32770800,0.0,0.0,0.0
2022-05-16,19.6299991607666,20.020000457763672,19.6200008392334,19.93000030517578,36114000,0.0,0.0,0.0
2022-05-17,20.01000022888184,20.100000381469727,19.86000061035156,19.920000076293945,23772600,0.0,0.0,0.0
2022-05-18,19.93000030517578,19.96999931335449,19.71999931335449,19.729999542236328,22132300,0.0,0.0,0.0
2022-05-19,20.11000061035156,20.299999237060547,20.100000381469727,20.270000457763672,24877300,0.0,0.0,0.0
2022-05-20,20.15999984741211,20.209999084472656,19.940000534057617,20.06999969482422,19639300,0.0,0.0,0.0
2022-05-23,20.209999084472656,20.25,20.0,20.100000381469727,17547600,0.0,0.0,0.0
2022-05-24,20.280000686645508,20.5,20.239999771118164,20.38999938964844,22182500,0.0,0.0,0.0
2022-05-25,20.209999084472656,20.36000061035156,20.1299991607666,20.34000015258789,18273500,0.0,0.0,0.0
2022-05-26,20.13999938964844,20.3799991607666,20.1299991607666,20.309999465942383,14581000,0.0,0.0,0.0
2022-05-27,20.6200008392334,20.64999961853028,20.32999992370605,20.36000061035156,22191600,0.0,0.0,0.0
2022-05-31,20.15999984741211,20.280000686645508,19.84000015258789,19.84000015258789,29473000,0.0,0.0,0.0
2022-06-01,20.190000534057617,20.280000686645508,19.989999771118164,20.1299991607666,25934500,0.0,0.0,0.0
2022-06-02,20.350000381469727,20.600000381469727,20.350000381469727,20.59000015258789,21958300,0.0,0.0,0.0
2022-06-03,20.530000686645508,20.57999992370605,20.14999961853028,20.229999542236328,21579000,0.0,0.0,0.0
2022-06-06,20.61000061035156,20.63999938964844,20.31999969482422,20.3700008392334,18624300,0.0,0.0,0.0
2022-06-07,20.270000457763672,20.56999969482422,20.229999542236328,20.520000457763672,17528900,0.0,0.0,0.0
2022-06-08,20.36000061035156,20.5,20.280000686645508,20.350000381469727,15871300,0.0,0.0,0.0
2022-06-09,20.280000686645508,20.299999237060547,19.8799991607666,19.96999931335449,22778300,0.0,0.0,0.0
2022-06-10,19.790000915527344,20.299999237060547,19.65999984741211,20.190000534057617,32953700,0.0,0.0,0.0
2022-06-13,19.690000534057617,19.709999084472656,19.34000015258789,19.5,44676100,0.0,0.0,0.0
2022-06-14,19.559999465942383,19.59000015258789,19.280000686645508,19.3700008392334,23906600,0.0,0.0,0.0
2022-06-15,19.89999961853028,20.15999984741211,19.670000076293945,19.959999084472656,42638700,0.0,0.0,0.0
2022-06-16,19.93000030517578,20.270000457763672,19.81999969482422,20.239999771118164,27706400,0.0,0.0,0.0
2022-06-17,20.100000381469727,20.13999938964844,19.89999961853028,19.979999542236328,20090000,0.0,0.0,0.0
2022-06-21,20.09000015258789,20.25,19.959999084472656,19.979999542236328,19273900,0.0,0.0,0.0
2022-06-22,19.81999969482422,19.93000030517578,19.700000762939453,19.76000022888184,21420700,0.0,0.0,0.0
2022-06-23,19.739999771118164,19.84000015258789,19.290000915527344,19.3700008392334,29995400,0.0,0.0,0.0
2022-06-24,19.270000457763672,19.57999992370605,19.14999961853028,19.51000022888184,16678500,0.0,0.0,0.0
2022-06-27,19.690000534057617,19.700000762939453,19.46999931335449,19.489999771118164,15467000,0.0,0.0,0.0
2022-06-28,19.520000457763672,19.530000686645508,19.18000030517578,19.190000534057617,18319400,0.0,0.0,0.0
2022-06-29,19.26000022888184,19.290000915527344,19.030000686645508,19.13999938964844,15636300,0.0,0.0,0.0
2022-06-30,18.989999771118164,19.07999992370605,18.63999938964844,18.63999938964844,33205700,0.0,0.0,0.0
2022-07-01,18.100000381469727,18.3799991607666,17.989999771118164,18.309999465942383,42504300,0.0,0.0,0.0
2022-07-05,18.030000686645508,18.09000015258789,17.59000015258789,17.729999542236328,35121200,0.0,0.0,0.0
2022-07-06,17.799999237060547,17.850000381469727,17.479999542236328,17.690000534057617,27849900,0.0,0.0,0.0
2022-07-07,17.809999465942383,17.979999542236328,17.700000762939453,17.75,17741800,0.0,0.0,0.0
2022-07-08,17.799999237060547,17.940000534057617,17.6299991607666,17.790000915527344,14195800,0.0,0.0,0.0
2022-07-11,17.709999084472656,17.829999923706055,17.579999923706055,17.579999923706055,20437900,0.0,0.0,0.0
2022-07-12,17.5,17.649999618530273,17.40999984741211,17.440000534057617,17349300,0.0,0.0,0.0
2022-07-13,17.5,17.899999618530273,17.420000076293945,17.690000534057617,27337000,0.0,0.0,0.0
2022-07-14,16.90999984741211,17.059999465942383,16.729999542236328,17.0,33596000,0.0,0.0,0.0
2022-07-15,17.149999618530273,17.260000228881836,16.989999771118164,17.190000534057617,20381300,0.0,0.0,0.0
2022-07-18,17.440000534057617,17.540000915527344,17.190000534057617,17.219999313354492,20458800,0.0,0.0,0.0
2022-07-19,17.299999237060547,17.389999389648438,17.270000457763672,17.290000915527344,24751100,0.0,0.0,0.0
2022-07-20,17.579999923706055,17.6200008392334,17.190000534057617,17.190000534057617,18738600,0.0,0.0,0.0
2022-07-21,17.06999969482422,17.399999618530273,17.059999465942383,17.399999618530273,20773900,0.0,0.0,0.0
2022-07-22,17.280000686645508,17.479999542236328,17.06999969482422,17.139999389648438,24517600,0.0,0.0,0.0
2022-07-25,17.059999465942383,17.079999923706055,16.8799991607666,16.979999542236328,25644400,0.0,0.0,0.0
2022-07-26,17.15999984741211,17.260000228881836,17.110000610351562,17.15999984741211,28040100,0.0,0.0,0.0
2022-07-27,17.170000076293945,17.649999618530273,17.010000228881836,17.600000381469727,37994300,0.0,0.0,0.0
2022-07-28,18.15999984741211,18.440000534057617,18.059999465942383,18.43000030517578,31578200,0.0,0.0,0.0
2022-07-29,18.43000030517578,18.729999542236328,18.34000015258789,18.700000762939453,17388900,0.0,0.0,0.0
2022-08-01,18.71999931335449,18.850000381469727,18.64999961853028,18.790000915527344,25229200,0.0,0.0,0.0
2022-08-02,18.729999542236328,18.82999992370605,18.39999961853028,18.40999984741211,27922100,0.0,0.0,0.0
2022-08-03,18.450000762939453,18.540000915527344,18.299999237060547,18.489999771118164,15163900,0.0,0.0,0.0
2022-08-04,18.46999931335449,18.690000534057617,18.39999961853028,18.63999938964844,14091100,0.0,0.0,0.0
2022-08-05,18.15999984741211,18.440000534057617,18.11000061035156,18.32999992370605,15896200,0.0,0.0,0.0
2022-08-08,18.770000457763672,19.11000061035156,18.739999771118164,19.030000686645508,20739800,0.0,0.0,0.0
2022-08-09,19.020000457763672,19.06999969482422,18.82999992370605,18.93000030517578,20591600,0.0,0.0,0.0
2022-08-10,19.0,19.21999931335449,18.90999984741211,18.950000762939453,27189100,0.0,0.0,0.0
2022-08-11,18.8700008392334,18.989999771118164,18.65999984741211,18.670000076293945,16253800,0.0,0.0,0.0
2022-08-12,18.81999969482422,19.209999084472656,18.809999465942383,19.170000076293945,16767400,0.0,0.0,0.0
2022-08-15,18.670000076293945,18.799999237060547,18.549999237060547,18.68000030517578,19897300,0.0,0.0,0.0
2022-08-16,18.5,18.63999938964844,18.489999771118164,18.56999969482422,20876800,0.0,0.0,0.0
2022-08-17,18.36000061035156,18.420000076293945,18.14999961853028,18.25,23675400,0.0,0.0,0.0
2022-08-18,18.290000915527344,18.350000381469727,17.959999084472656,18.040000915527344,20007500,0.0,0.0,0.0
2022-08-19,17.760000228881836,17.780000686645508,17.530000686645508,17.549999237060547,19196700,0.0,0.0,0.0
2022-08-22,17.469999313354492,17.600000381469727,17.31999969482422,17.5,21747500,0.0,0.0,0.0
2022-08-23,17.399999618530273,17.770000457763672,17.399999618530273,17.6200008392334,20127000,0.0,0.0,0.0
2022-08-24,17.510000228881836,17.729999542236328,17.469999313354492,17.6299991607666,16954800,0.0,0.0,0.0
2022-08-25,17.719999313354492,17.770000457763672,17.610000610351562,17.729999542236328,16618700,0.0,0.0,0.0
2022-08-26,17.81999969482422,17.90999984741211,17.350000381469727,17.360000610351562,19412700,0.0,0.0,0.0
2022-08-29,17.239999771118164,17.43000030517578,17.219999313354492,17.290000915527344,18893500,0.0,0.0,0.0
2022-08-30,17.219999313354492,17.229999542236328,16.920000076293945,16.959999084472656,21271900,0.0,0.0,0.0
2022-08-31,16.700000762939453,16.81999969482422,16.579999923706055,16.579999923706055,18799800,0.0,0.0,0.0
2022-09-01,16.389999389648438,16.479999542236328,16.190000534057617,16.3799991607666,18413800,0.0,0.0,0.0
2022-09-02,16.6299991607666,16.860000610351562,16.479999542236328,16.56999969482422,15875200,0.0,0.0,0.0
2022-09-06,16.81999969482422,16.860000610351562,16.530000686645508,16.540000915527344,10812400,0.0,0.0,0.0
2022-09-07,16.639999389648438,17.020000457763672,16.610000610351562,17.0,15468400,0.0,0.0,0.0
2022-09-08,17.059999465942383,17.1299991607666,16.8799991607666,17.030000686645508,13095400,0.0,0.0,0.0
2022-09-09,17.1299991607666,17.389999389648438,17.110000610351562,17.31999969482422,9813500,0.0,0.0,0.0
2022-09-12,18.170000076293945,18.43000030517578,17.989999771118164,18.170000076293945,30176800,0.0,0.0,0.0
2022-09-13,18.040000915527344,18.200000762939453,17.81999969482422,17.829999923706055,20777200,0.0,0.0,0.0
2022-09-14,18.059999465942383,18.14999961853028,17.920000076293945,18.0,16309300,0.0,0.0,0.0
2022-09-15,17.860000610351562,18.049999237060547,17.610000610351562,17.6299991607666,17477300,0.0,0.0,0.0
2022-09-16,17.56999969482422,18.07999992370605,17.450000762939453,17.989999771118164,21175800,0.0,0.0,0.0
2022-09-19,17.719999313354492,18.0,17.700000762939453,17.989999771118164,16756500,0.0,0.0,0.0
2022-09-20,17.65999984741211,17.780000686645508,17.559999465942383,17.729999542236328,10478800,0.0,0.0,0.0
2022-09-21,18.020000457763672,18.36000061035156,17.81999969482422,18.059999465942383,36671600,0.0,0.0,0.0
2022-09-22,18.1299991607666,18.18000030517578,17.899999618530273,18.09000015258789,12553400,0.0,0.0,0.0
2022-09-23,17.639999389648438,17.649999618530273,17.299999237060547,17.360000610351562,23917100,0.0,0.0,0.0
2022-09-26,17.3700008392334,17.540000915527344,16.889999389648438,16.920000076293945,19179200,0.0,0.0,0.0
2022-09-27,17.15999984741211,17.299999237060547,16.8700008392334,16.899999618530273,18080200,0.0,0.0,0.0
2022-09-28,16.989999771118164,17.489999771118164,16.989999771118164,17.450000762939453,22513400,0.0,0.0,0.0
2022-09-29,17.280000686645508,17.3799991607666,17.030000686645508,17.3700008392334,16727300,0.0,0.0,0.0
2022-09-30,17.40999984741211,17.770000457763672,17.399999618530273,17.5,14446100,0.0,0.0,0.0
2022-10-03,18.46999931335449,19.100000381469727,18.39999961853028,19.100000381469727,40558200,0.0,0.0,0.0
2022-10-04,19.299999237060547,19.559999465942383,19.209999084472656,19.36000061035156,22227800,0.0,0.0,0.0
2022-10-05,18.690000534057617,19.11000061035156,18.3700008392334,18.989999771118164,23878400,0.0,0.0,0.0
2022-10-06,18.86000061035156,19.059999465942383,18.75,19.040000915527344,11261200,0.0,0.0,0.0
2022-10-07,18.790000915527344,18.8799991607666,18.420000076293945,18.5,24621100,0.0,0.0,0.0
2022-10-10,18.209999084472656,18.239999771118164,17.979999542236328,18.09000015258789,17979100,0.0,0.0,0.0
2022-10-11,17.889999389648438,18.07999992370605,17.559999465942383,17.68000030517578,23821900,0.0,0.0,0.0
2022-10-12,17.530000686645508,17.68000030517578,17.3700008392334,17.59000015258789,21216900,0.0,0.0,0.0
2022-10-13,17.139999389648438,17.520000457763672,17.040000915527344,17.389999389648438,26705300,0.0,0.0,0.0
2022-10-14,17.18000030517578,17.200000762939453,16.65999984741211,16.809999465942383,24627300,0.0,0.0,0.0
2022-10-17,17.329999923706055,17.450000762939453,17.110000610351562,17.1200008392334,17937400,0.0,0.0,0.0
2022-10-18,17.360000610351562,17.40999984741211,17.079999923706055,17.229999542236328,11236300,0.0,0.0,0.0
2022-10-19,16.989999771118164,17.079999923706055,16.90999984741211,17.010000228881836,9941300,0.0,0.0,0.0
2022-10-20,17.059999465942383,17.5,17.030000686645508,17.170000076293945,17615600,0.0,0.0,0.0
2022-10-21,17.209999084472656,17.780000686645508,17.1299991607666,17.760000228881836,28680300,0.0,0.0,0.0
2022-10-24,17.65999984741211,17.770000457763672,17.510000228881836,17.68000030517578,12953800,0.0,0.0,0.0
2022-10-25,17.709999084472656,17.899999618530273,17.700000762939453,17.860000610351562,13857100,0.0,0.0,0.0
2022-10-26,17.899999618530273,18.1200008392334,17.899999618530273,17.979999542236328,17092700,0.0,0.0,0.0
2022-10-27,18.020000457763672,18.100000381469727,17.889999389648438,17.979999542236328,14108100,0.0,0.0,0.0
2022-10-28,17.700000762939453,17.850000381469727,17.489999771118164,17.739999771118164,10708900,0.0,0.0,0.0
2022-10-31,17.459999084472656,17.719999313354492,17.40999984741211,17.6200008392334,10005000,0.0,0.0,0.0
2022-11-01,18.31999969482422,18.3700008392334,17.940000534057617,18.049999237060547,20107600,0.0,0.0,0.0
2022-11-02,18.239999771118164,18.489999771118164,17.729999542236328,17.729999542236328,24802300,0.0,0.0,0.0
2022-11-03,17.459999084472656,18.0,17.440000534057617,17.940000534057617,19125300,0.0,0.0,0.0
2022-11-04,18.739999771118164,19.26000022888184,18.670000076293945,19.26000022888184,34818900,0.0,0.0,0.0
2022-11-07,19.21999931335449,19.34000015258789,19.1299991607666,19.14999961853028,12869700,0.0,0.0,0.0
2022-11-08,19.26000022888184,19.90999984741211,19.209999084472656,19.700000762939453,31329600,0.0,0.0,0.0
2022-11-09,19.65999984741211,19.89999961853028,19.32999992370605,19.36000061035156,17422800,0.0,0.0,0.0
2022-11-10,19.979999542236328,20.06999969482422,19.76000022888184,19.96999931335449,21968300,0.0,0.0,0.0
2022-11-11,19.76000022888184,19.950000762939453,19.65999984741211,19.950000762939453,12472200,0.0,0.0,0.0
2022-11-14,19.950000762939453,20.32999992370605,19.93000030517578,20.239999771118164,14503000,0.0,0.0,0.0
2022-11-15,20.07999992370605,20.11000061035156,19.700000762939453,19.8799991607666,23955400,0.0,0.0,0.0
2022-11-16,19.950000762939453,20.0,19.700000762939453,19.739999771118164,10180600,0.0,0.0,0.0
2022-11-17,19.25,19.32999992370605,19.1299991607666,19.290000915527344,12895400,0.0,0.0,0.0
2022-11-18,19.309999465942383,19.459999084472656,19.18000030517578,19.25,15315800,0.0,0.0,0.0
2022-11-21,19.209999084472656,19.25,19.020000457763672,19.200000762939453,10468100,0.0,0.0,0.0
2022-11-22,19.43000030517578,19.520000457763672,19.25,19.43000030517578,10140100,0.0,0.0,0.0
2022-11-23,19.530000686645508,19.8799991607666,19.5,19.809999465942383,12773600,0.0,0.0,0.0
2022-11-25,19.59000015258789,19.76000022888184,19.559999465942383,19.71999931335449,7784800,0.0,0.0,0.0
2022-11-28,19.65999984741211,19.690000534057617,19.200000762939453,19.26000022888184,20269200,0.0,0.0,0.0
2022-11-29,19.5,19.75,19.5,19.559999465942383,11253000,0.0,0.0,0.0
2022-11-30,20.1200008392334,20.43000030517578,19.809999465942383,20.43000030517578,26502100,0.0,0.0,0.0
2022-12-01,20.6299991607666,20.979999542236328,20.59000015258789,20.979999542236328,24949600,0.0,0.0,0.0
2022-12-02,20.729999542236328,21.38999938964844,20.670000076293945,21.290000915527344,23150100,0.0,0.0,0.0
2022-12-05,20.90999984741211,20.950000762939453,20.39999961853028,20.440000534057617,24402700,0.0,0.0,0.0
2022-12-06,20.6200008392334,20.75,20.270000457763672,20.440000534057617,16489600,0.0,0.0,0.0
2022-12-07,20.670000076293945,21.01000022888184,20.65999984741211,20.920000076293945,22573400,0.0,0.0,0.0
2022-12-08,21.31999969482422,21.3700008392334,21.13999938964844,21.209999084472656,17948300,0.0,0.0,0.0
2022-12-09,21.450000762939453,21.799999237060547,21.26000022888184,21.559999465942383,18975700,0.0,0.0,0.0
2022-12-12,21.57999992370605,21.6200008392334,21.26000022888184,21.459999084472656,20222300,0.0,0.0,0.0
2022-12-13,22.09000015258789,22.200000762939453,21.690000534057617,21.82999992370605,24657100,0.0,0.0,0.0
2022-12-14,21.93000030517578,22.13999938964844,21.520000457763672,21.989999771118164,24341100,0.0,0.0,0.0
2022-12-15,21.450000762939453,21.56999969482422,21.14999961853028,21.239999771118164,19921900,0.0,0.0,0.0
2022-12-16,21.15999984741211,21.39999961853028,21.1299991607666,21.3700008392334,15976000,0.0,0.0,0.0
2022-12-19,21.350000381469727,21.3799991607666,21.01000022888184,21.1200008392334,12704600,0.0,0.0,0.0
2022-12-20,21.950000762939453,22.31999969482422,21.86000061035156,22.229999542236328,28496700,0.0,0.0,0.0
2022-12-21,22.09000015258789,22.270000457763672,22.01000022888184,22.06999969482422,11637000,0.0,0.0,0.0
2022-12-22,21.64999961853028,21.790000915527344,21.520000457763672,21.690000534057617,15133500,0.0,0.0,0.0
2022-12-23,21.780000686645508,21.950000762939453,21.690000534057617,21.850000381469727,10922300,0.0,0.0,0.0
2022-12-27,21.959999084472656,22.350000381469727,21.920000076293945,22.11000061035156,12346900,0.0,0.0,0.0
2022-12-28,21.93000030517578,21.96999931335449,21.600000381469727,21.600000381469727,10915100,0.0,0.0,0.0
2022-12-29,22.059999465942383,22.13999938964844,21.950000762939453,21.96999931335449,11896400,0.0,0.0,0.0
2022-12-30,21.920000076293945,22.030000686645508,21.63999938964844,22.020000457763672,14251000,0.0,0.0,0.0
2023-01-03,22.450000762939453,22.540000915527344,22.030000686645508,22.049999237060547,18122100,0.0,0.0,0.0
2023-01-04,22.280000686645508,22.36000061035156,21.700000762939453,21.88999938964844,17246400,0.0,0.0,0.0
2023-01-05,21.5,21.530000686645508,21.270000457763672,21.38999938964844,16539900,0.0,0.0,0.0
2023-01-06,21.709999084472656,22.0,21.61000061035156,21.920000076293945,17021400,0.0,0.0,0.0
2023-01-09,22.0,22.13999938964844,21.690000534057617,21.739999771118164,15588200,0.0,0.0,0.0
2023-01-10,21.739999771118164,21.8700008392334,21.63999938964844,21.729999542236328,10051200,0.0,0.0,0.0
2023-01-11,21.86000061035156,21.8799991607666,21.36000061035156,21.549999237060547,13848000,0.0,0.0,0.0
2023-01-12,22.0,22.06999969482422,21.690000534057617,21.8799991607666,18514100,0.0,0.0,0.0
2023-01-13,21.8799991607666,22.350000381469727,21.86000061035156,22.32999992370605,18425400,0.0,0.0,0.0
2023-01-17,22.200000762939453,22.209999084472656,21.920000076293945,22.01000022888184,23059400,0.0,0.0,0.0
2023-01-18,22.299999237060547,22.39999961853028,21.549999237060547,21.56999969482422,24553500,0.0,0.0,0.0
2023-01-19,21.64999961853028,22.030000686645508,21.56999969482422,21.959999084472656,15361200,0.0,0.0,0.0
2023-01-20,22.01000022888184,22.06999969482422,21.809999465942383,22.020000457763672,14299700,0.0,0.0,0.0
2023-01-23,21.18000030517578,21.6200008392334,20.93000030517578,21.57999992370605,30123300,0.0,0.0,0.0
2023-01-24,21.5,21.82999992370605,21.350000381469727,21.76000022888184,15461600,0.0,0.0,0.0
2023-01-25,21.6299991607666,22.020000457763672,21.57999992370605,21.96999931335449,12824900,0.0,0.0,0.0
2023-01-26,22.190000534057617,22.21999931335449,21.809999465942383,21.989999771118164,18177800,0.0,0.0,0.0
2023-01-27,21.709999084472656,21.790000915527344,21.43000030517578,21.68000030517578,15244100,0.0,0.0,0.0
2023-01-30,21.799999237060547,21.81999969482422,21.64999961853028,21.65999984741211,8337100,0.0,0.0,0.0
2023-01-31,21.57999992370605,21.86000061035156,21.540000915527344,21.82999992370605,10471400,0.0,0.0,0.0
2023-02-01,21.799999237060547,22.11000061035156,21.489999771118164,22.07999992370605,23818200,0.0,0.0,0.0
2023-02-02,22.5,22.520000457763672,21.540000915527344,21.56999969482422,22808400,0.0,0.0,0.0
2023-02-03,20.86000061035156,21.059999465942383,20.5,20.56999969482422,36695700,0.0,0.0,0.0
2023-02-06,20.549999237060547,20.64999961853028,20.3700008392334,20.479999542236328,15824800,0.0,0.0,0.0
2023-02-07,20.40999984741211,20.63999938964844,20.270000457763672,20.3799991607666,16209500,0.0,0.0,0.0
2023-02-08,20.59000015258789,20.63999938964844,20.420000076293945,20.479999542236328,10688500,0.0,0.0,0.0
2023-02-09,20.65999984741211,20.68000030517578,20.14999961853028,20.18000030517578,19233500,0.0,0.0,0.0
2023-02-10,20.40999984741211,20.450000762939453,20.14999961853028,20.239999771118164,11028700,0.0,0.0,0.0
2023-02-13,20.14999961853028,20.25,20.040000915527344,20.200000762939453,12376300,0.0,0.0,0.0
2023-02-14,19.950000762939453,20.21999931335449,19.8700008392334,20.1200008392334,14586500,0.0,0.0,0.0
2023-02-15,19.780000686645508,19.950000762939453,19.770000457763672,19.88999938964844,13249500,0.0,0.0,0.0
2023-02-16,19.739999771118164,20.020000457763672,19.709999084472656,19.84000015258789,16692900,0.0,0.0,0.0
2023-02-17,19.59000015258789,20.059999465942383,19.549999237060547,20.01000022888184,15129100,0.0,0.0,0.0
2023-02-21,20.1299991607666,20.209999084472656,20.0,20.06999969482422,11158700,0.0,0.0,0.0
2023-02-22,20.030000686645508,20.049999237060547,19.709999084472656,19.75,15142700,0.0,0.0,0.0
2023-02-23,19.84000015258789,19.88999938964844,19.549999237060547,19.6299991607666,13610700,0.0,0.0,0.0
2023-02-24,19.270000457763672,19.36000061035156,19.059999465942383,19.09000015258789,24859800,0.0,0.0,0.0
2023-02-27,19.09000015258789,19.13999938964844,18.88999938964844,18.93000030517578,26063800,0.0,0.0,0.0
2023-02-28,18.979999542236328,19.309999465942383,18.89999961853028,19.21999931335449,14396100,0.0,0.0,0.0
2023-03-01,19.280000686645508,19.46999931335449,19.21999931335449,19.290000915527344,14873100,0.0,0.0,0.0
2023-03-02,19.049999237060547,19.25,19.020000457763672,19.239999771118164,8914300,0.0,0.0,0.0
2023-03-03,19.299999237060547,19.559999465942383,19.14999961853028,19.549999237060547,12419200,0.0,0.0,0.0
2023-03-06,19.459999084472656,19.489999771118164,19.280000686645508,19.31999969482422,7902900,0.0,0.0,0.0
2023-03-07,18.979999542236328,18.989999771118164,18.40999984741211,18.450000762939453,26097500,0.0,0.0,0.0
2023-03-08,18.43000030517578,18.600000381469727,18.38999938964844,18.39999961853028,13896600,0.0,0.0,0.0
2023-03-09,18.489999771118164,18.65999984741211,18.3799991607666,18.440000534057617,11895500,0.0,0.0,0.0
2023-03-10,18.88999938964844,19.11000061035156,18.75,18.86000061035156,21470100,0.0,0.0,0.0
2023-03-13,19.709999084472656,20.15999984741211,19.68000030517578,20.0,37152300,0.0,0.0,0.0
2023-03-14,20.049999237060547,20.209999084472656,19.8700008392334,19.88999938964844,29462900,0.0,0.0,0.0
2023-03-15,20.38999938964844,20.440000534057617,19.8700008392334,20.0,50880500,0.0,0.0,0.0
2023-03-16,20.14999961853028,20.18000030517578,19.71999931335449,19.920000076293945,27757800,0.0,0.0,0.0
2023-03-17,20.18000030517578,20.780000686645508,20.14999961853028,20.6299991607666,29318300,0.0,0.0,0.0
2023-03-20,20.57999992370605,20.75,20.450000762939453,20.690000534057617,14306300,0.0,0.0,0.0
2023-03-21,20.690000534057617,20.700000762939453,20.36000061035156,20.540000915527344,15198000,0.0,0.0,0.0
2023-03-22,20.520000457763672,21.209999084472656,20.51000022888184,21.100000381469727,25323500,0.0,0.0,0.0
2023-03-23,21.11000061035156,21.350000381469727,21.020000457763672,21.280000686645508,19286800,0.0,0.0,0.0
2023-03-24,21.520000457763672,21.57999992370605,21.200000762939453,21.21999931335449,15746900,0.0,0.0,0.0
2023-03-27,21.07999992370605,21.239999771118164,21.0,21.21999931335449,11703600,0.0,0.0,0.0
2023-03-28,21.13999938964844,21.489999771118164,21.1200008392334,21.43000030517578,11221300,0.0,0.0,0.0
2023-03-29,21.31999969482422,21.530000686645508,21.299999237060547,21.440000534057617,11804300,0.0,0.0,0.0
2023-03-30,21.68000030517578,21.959999084472656,21.559999465942383,21.940000534057617,14724400,0.0,0.0,0.0
2023-03-31,22.030000686645508,22.200000762939453,21.989999771118164,22.1200008392334,18212400,0.0,0.0,0.0
2023-04-03,21.959999084472656,22.239999771118164,21.920000076293945,22.059999465942383,18134900,0.0,0.0,0.0
2023-04-04,22.1299991607666,23.0,22.100000381469727,22.96999931335449,35724700,0.0,0.0,0.0
2023-04-05,22.81999969482422,22.979999542236328,22.63999938964844,22.940000534057617,20676800,0.0,0.0,0.0
2023-04-06,22.790000915527344,22.979999542236328,22.57999992370605,22.88999938964844,13297400,0.0,0.0,0.0
2023-04-10,22.81999969482422,22.88999938964844,22.71999931335449,22.8799991607666,12751600,0.0,0.0,0.0
2023-04-11,22.89999961853028,23.100000381469727,22.850000381469727,23.040000915527344,14526500,0.0,0.0,0.0
2023-04-12,23.3700008392334,23.46999931335449,23.049999237060547,23.43000030517578,21592400,0.0,0.0,0.0
2023-04-13,23.690000534057617,23.86000061035156,23.559999465942383,23.739999771118164,30298700,0.0,0.0,0.0
2023-04-14,23.84000015258789,23.88999938964844,23.100000381469727,23.309999465942383,34948600,0.0,0.0,0.0
2023-04-17,23.290000915527344,23.32999992370605,22.790000915527344,23.020000457763672,24471600,0.0,0.0,0.0
2023-04-18,22.93000030517578,23.270000457763672,22.89999961853028,23.14999961853028,14353800,0.0,0.0,0.0
2023-04-19,23.07999992370605,23.31999969482422,23.059999465942383,23.229999542236328,18571300,0.0,0.0,0.0
2023-04-20,23.229999542236328,23.420000076293945,23.049999237060547,23.170000076293945,15332300,0.0,0.0,0.0
2023-04-21,23.18000030517578,23.31999969482422,22.8799991607666,22.979999542236328,17623900,0.0,0.0,0.0
2023-04-24,22.93000030517578,23.18000030517578,22.84000015258789,23.07999992370605,13576600,0.0,0.0,0.0
2023-04-25,22.93000030517578,23.030000686645508,22.6299991607666,22.989999771118164,22711400,0.0,0.0,0.0
2023-04-26,23.1200008392334,23.1200008392334,22.709999084472656,22.82999992370605,20916800,0.0,0.0,0.0
2023-04-27,22.59000015258789,22.93000030517578,22.520000457763672,22.88999938964844,16054200,0.0,0.0,0.0
2023-04-28,22.8799991607666,23.030000686645508,22.75,23.0,14213300,0.0,0.0,0.0
2023-05-01,23.690000534057617,23.709999084472656,22.86000061035156,22.88999938964844,30354800,0.0,0.0,0.0
2023-05-02,22.670000076293945,23.40999984741211,22.63999938964844,23.350000381469727,27235300,0.0,0.0,0.0
2023-05-03,23.290000915527344,23.530000686645508,23.15999984741211,23.43000030517578,20545300,0.0,0.0,0.0
2023-05-04,23.420000076293945,23.940000534057617,23.420000076293945,23.940000534057617,31012600,0.0,0.0,0.0
2023-05-05,23.3799991607666,23.59000015258789,23.1200008392334,23.56999969482422,26200200,0.0,0.0,0.0
2023-05-08,23.5,23.600000381469727,23.43000030517578,23.489999771118164,11445900,0.0,0.0,0.0
2023-05-09,23.39999961853028,23.57999992370605,23.3700008392334,23.479999542236328,11470300,0.0,0.0,0.0
2023-05-10,23.600000381469727,23.65999984741211,23.170000076293945,23.309999465942383,18265600,0.0,0.0,0.0
2023-05-11,22.6299991607666,22.71999931335449,22.170000076293945,22.200000762939453,29635300,0.0,0.0,0.0
2023-05-12,22.059999465942383,22.190000534057617,21.90999984741211,22.020000457763672,18629900,0.0,0.0,0.0
2023-05-15,22.13999938964844,22.239999771118164,22.020000457763672,22.100000381469727,11308600,0.0,0.0,0.0
2023-05-16,22.0,22.11000061035156,21.700000762939453,21.809999465942383,17266300,0.0,0.0,0.0
2023-05-17,21.920000076293945,21.920000076293945,21.6200008392334,21.81999969482422,14587600,0.0,0.0,0.0
2023-05-18,21.61000061035156,21.6299991607666,21.420000076293945,21.559999465942383,17283500,0.0,0.0,0.0
2023-05-19,21.700000762939453,22.059999465942383,21.57999992370605,21.86000061035156,20547900,0.0,0.0,0.0
2023-05-22,21.86000061035156,21.950000762939453,21.670000076293945,21.670000076293945,12665500,0.0,0.0,0.0
2023-05-23,21.559999465942383,21.709999084472656,21.46999931335449,21.51000022888184,15236300,0.0,0.0,0.0
2023-05-24,21.40999984741211,21.440000534057617,21.13999938964844,21.15999984741211,19508500,0.0,0.0,0.0
2023-05-25,21.18000030517578,21.190000534057617,20.84000015258789,20.86000061035156,14846600,0.0,0.0,0.0
2023-05-26,21.26000022888184,21.43000030517578,21.13999938964844,21.3799991607666,13685100,0.0,0.0,0.0
2023-05-30,21.25,21.3700008392334,21.1299991607666,21.299999237060547,9121100,0.0,0.0,0.0
2023-05-31,21.39999961853028,21.690000534057617,21.190000534057617,21.61000061035156,18058500,0.0,0.0,0.0
2023-06-01,21.59000015258789,21.96999931335449,21.57999992370605,21.950000762939453,17940600,0.0,0.0,0.0
2023-06-02,21.96999931335449,22.0,21.64999961853028,21.690000534057617,13007000,0.0,0.0,0.0
2023-06-05,21.520000457763672,21.75,21.459999084472656,21.63999938964844,10411300,0.0,0.0,0.0
2023-06-06,21.6299991607666,21.709999084472656,21.43000030517578,21.64999961853028,9406900,0.0,0.0,0.0
2023-06-07,21.700000762939453,22.09000015258789,21.5,21.51000022888184,16744500,0.0,0.0,0.0
2023-06-08,22.01000022888184,22.36000061035156,22.01000022888184,22.299999237060547,20397100,0.0,0.0,0.0
2023-06-09,22.26000022888184,22.520000457763672,22.209999084472656,22.270000457763672,10972800,0.0,0.0,0.0
2023-06-12,22.059999465942383,22.1200008392334,21.920000076293945,22.07999992370605,12277700,0.0,0.0,0.0
2023-06-13,22.11000061035156,22.209999084472656,21.65999984741211,21.739999771118164,14921900,0.0,0.0,0.0
2023-06-14,21.959999084472656,22.11000061035156,21.88999938964844,21.96999931335449,11298600,0.0,0.0,0.0
2023-06-15,21.670000076293945,21.950000762939453,21.670000076293945,21.940000534057617,11361000,0.0,0.0,0.0
2023-06-16,22.07999992370605,22.21999931335449,21.920000076293945,22.18000030517578,10974100,0.0,0.0,0.0
2023-06-20,21.40999984741211,21.450000762939453,21.170000076293945,21.26000022888184,24042200,0.0,0.0,0.0
2023-06-21,20.950000762939453,20.96999931335449,20.64999961853028,20.84000015258789,19678000,0.0,0.0,0.0
2023-06-22,20.6299991607666,20.709999084472656,20.459999084472656,20.530000686645508,17066500,0.0,0.0,0.0
2023-06-23,20.64999961853028,20.82999992370605,20.459999084472656,20.57999992370605,13003800,0.0,0.0,0.0
2023-06-26,20.850000381469727,21.0,20.739999771118164,20.89999961853028,12880100,0.0,0.0,0.0
2023-06-27,21.170000076293945,21.200000762939453,20.88999938964844,20.979999542236328,14341700,0.0,0.0,0.0
2023-06-28,20.86000061035156,20.989999771118164,20.709999084472656,20.84000015258789,8188400,0.0,0.0,0.0
2023-06-29,20.559999465942383,20.81999969482422,20.450000762939453,20.71999931335449,13780900,0.0,0.0,0.0
2023-06-30,20.64999961853028,20.96999931335449,20.56999969482422,20.88999938964844,10504600,0.0,0.0,0.0
2023-07-03,21.049999237060547,21.18000030517578,21.0,21.01000022888184,9135000,0.0,0.0,0.0
2023-07-05,21.31999969482422,21.350000381469727,21.100000381469727,21.209999084472656,13299400,0.0,0.0,0.0
2023-07-06,21.020000457763672,21.030000686645508,20.670000076293945,20.82999992370605,12544400,0.0,0.0,0.0
2023-07-07,20.920000076293945,21.239999771118164,20.920000076293945,21.18000030517578,10657900,0.0,0.0,0.0
2023-07-10,21.049999237060547,21.25,21.049999237060547,21.239999771118164,8670800,0.0,0.0,0.0
2023-07-11,21.25,21.299999237060547,21.1200008392334,21.200000762939453,6763100,0.0,0.0,0.0
2023-07-12,21.90999984741211,22.15999984741211,21.8799991607666,22.14999961853028,24114700,0.0,0.0,0.0
2023-07-13,22.489999771118164,22.780000686645508,22.40999984741211,22.780000686645508,22406700,0.0,0.0,0.0
2023-07-14,22.790000915527344,22.959999084472656,22.709999084472656,22.86000061035156,16802400,0.0,0.0,0.0
2023-07-17,22.690000534057617,22.81999969482422,22.56999969482422,22.790000915527344,9095900,0.0,0.0,0.0
2023-07-18,22.809999465942383,23.100000381469727,22.729999542236328,22.989999771118164,14763800,0.0,0.0,0.0
2023-07-19,23.0,23.15999984741211,22.920000076293945,23.100000381469727,12889300,0.0,0.0,0.0
2023-07-20,23.100000381469727,23.1299991607666,22.670000076293945,22.68000030517578,16215100,0.0,0.0,0.0
2023-07-21,22.68000030517578,22.709999084472656,22.559999465942383,22.56999969482422,11279000,0.0,0.0,0.0
2023-07-24,22.39999961853028,22.459999084472656,22.26000022888184,22.32999992370605,15105400,0.0,0.0,0.0
2023-07-25,22.56999969482422,22.690000534057617,22.459999084472656,22.6200008392334,10753400,0.0,0.0,0.0
2023-07-26,22.57999992370605,22.96999931335449,22.5,22.90999984741211,24549800,0.0,0.0,0.0
2023-07-27,22.5,22.520000457763672,22.059999465942383,22.11000061035156,27325200,0.0,0.0,0.0
2023-07-28,22.26000022888184,22.38999938964844,22.190000534057617,22.31999969482422,10628300,0.0,0.0,0.0
2023-07-31,22.479999542236328,22.790000915527344,22.479999542236328,22.690000534057617,14038900,0.0,0.0,0.0
2023-08-01,22.309999465942383,22.440000534057617,22.13999938964844,22.290000915527344,11580400,0.0,0.0,0.0
2023-08-02,22.190000534057617,22.21999931335449,21.700000762939453,21.75,16396700,0.0,0.0,0.0
2023-08-03,21.64999961853028,21.75,21.57999992370605,21.6299991607666,16330500,0.0,0.0,0.0
2023-08-04,21.68000030517578,21.82999992370605,21.59000015258789,21.65999984741211,12397000,0.0,0.0,0.0
2023-08-07,21.59000015258789,21.600000381469727,21.15999984741211,21.209999084472656,11803100,0.0,0.0,0.0
2023-08-08,20.8700008392334,20.989999771118164,20.799999237060547,20.89999961853028,16557900,0.0,0.0,0.0
2023-08-09,20.850000381469727,21.0,20.75,20.799999237060547,11966200,0.0,0.0,0.0
2023-08-10,20.8799991607666,21.100000381469727,20.770000457763672,20.82999992370605,13574900,0.0,0.0,0.0
2023-08-11,20.81999969482422,20.959999084472656,20.76000022888184,20.799999237060547,8428800,0.0,0.0,0.0
2023-08-14,20.700000762939453,20.809999465942383,20.520000457763672,20.71999931335449,10036200,0.0,0.0,0.0
2023-08-15,20.6299991607666,20.82999992370605,20.520000457763672,20.670000076293945,11894800,0.0,0.0,0.0
2023-08-16,20.739999771118164,20.84000015258789,20.549999237060547,20.559999465942383,13151800,0.0,0.0,0.0
2023-08-17,21.059999465942383,21.07999992370605,20.709999084472656,20.799999237060547,16299600,0.0,0.0,0.0
2023-08-18,20.84000015258789,20.940000534057617,20.780000686645508,20.8700008392334,10430300,0.0,0.0,0.0
2023-08-21,21.309999465942383,21.3799991607666,21.01000022888184,21.36000061035156,12346300,0.0,0.0,0.0
2023-08-22,21.3700008392334,21.489999771118164,21.280000686645508,21.459999084472656,12962900,0.0,0.0,0.0
2023-08-23,22.049999237060547,22.34000015258789,22.030000686645508,22.290000915527344,25176900,0.0,0.0,0.0
2023-08-24,22.200000762939453,22.309999465942383,22.059999465942383,22.11000061035156,13804100,0.0,0.0,0.0
2023-08-25,22.11000061035156,22.36000061035156,21.93000030517578,22.21999931335449,22742100,0.0,0.0,0.0
2023-08-28,22.07999992370605,22.34000015258789,22.040000915527344,22.21999931335449,7536600,0.0,0.0,0.0
2023-08-29,22.239999771118164,22.739999771118164,22.190000534057617,22.709999084472656,19726900,0.0,0.0,0.0
2023-08-30,22.850000381469727,22.940000534057617,22.549999237060547,22.56999969482422,13091200,0.0,0.0,0.0
2023-08-31,22.530000686645508,22.6200008392334,22.34000015258789,22.38999938964844,10536600,0.0,0.0,0.0
2023-09-01,22.61000061035156,22.700000762939453,22.14999961853028,22.170000076293945,12818500,0.0,0.0,0.0
2023-09-05,21.81999969482422,21.88999938964844,21.559999465942383,21.59000015258789,15054100,0.0,0.0,0.0
2023-09-06,21.15999984741211,21.40999984741211,21.100000381469727,21.239999771118164,14534100,0.0,0.0,0.0
2023-09-07,21.07999992370605,21.170000076293945,21.01000022888184,21.049999237060547,10926900,0.0,0.0,0.0
2023-09-08,21.059999465942383,21.239999771118164,20.959999084472656,21.01000022888184,11661200,0.0,0.0,0.0
2023-09-11,21.239999771118164,21.270000457763672,21.040000915527344,21.15999984741211,8858900,0.0,0.0,0.0
2023-09-12,21.0,21.21999931335449,20.96999931335449,21.1299991607666,8738500,0.0,0.0,0.0
2023-09-13,21.01000022888184,21.11000061035156,20.90999984741211,20.93000030517578,11886100,0.0,0.0,0.0
2023-09-14,20.600000381469727,20.86000061035156,20.450000762939453,20.729999542236328,26204900,0.0,0.0,0.0
2023-09-15,21.190000534057617,21.350000381469727,21.100000381469727,21.11000061035156,22811300,0.0,0.0,0.0
2023-09-18,21.21999931335449,21.31999969482422,21.049999237060547,21.299999237060547,11481300,0.0,0.0,0.0
2023-09-19,21.3700008392334,21.39999961853028,21.170000076293945,21.270000457763672,10111200,0.0,0.0,0.0
2023-09-20,21.31999969482422,21.6299991607666,21.299999237060547,21.34000015258789,17354000,0.0,0.0,0.0
2023-09-21,21.040000915527344,21.520000457763672,21.0,21.440000534057617,12395300,0.0,0.0,0.0
2023-09-22,21.64999961853028,21.75,21.559999465942383,21.57999992370605,11348500,0.0,0.0,0.0
2023-09-25,21.479999542236328,21.559999465942383,21.1299991607666,21.200000762939453,14549100,0.0,0.0,0.0
2023-09-26,21.0,21.15999984741211,20.940000534057617,20.959999084472656,18268200,0.0,0.0,0.0
2023-09-27,20.709999084472656,20.799999237060547,20.540000915527344,20.700000762939453,15643800,0.0,0.0,0.0
2023-09-28,20.63999938964844,20.84000015258789,20.530000686645508,20.739999771118164,14007700,0.0,0.0,0.0
2023-09-29,21.38999938964844,21.43000030517578,20.270000457763672,20.34000015258789,36658600,0.0,0.0,0.0
2023-10-02,19.690000534057617,19.739999771118164,19.39999961853028,19.420000076293945,41002700,0.0,0.0,0.0
2023-10-03,19.26000022888184,19.6200008392334,19.209999084472656,19.440000534057617,32235800,0.0,0.0,0.0
2023-10-04,19.40999984741211,19.420000076293945,18.96999931335449,19.309999465942383,25141000,0.0,0.0,0.0
2023-10-05,19.31999969482422,19.39999961853028,18.979999542236328,19.25,16430500,0.0,0.0,0.0
2023-10-06,19.65999984741211,19.81999969482422,19.26000022888184,19.729999542236328,28298500,0.0,0.0,0.0
2023-10-09,19.84000015258789,20.07999992370605,19.799999237060547,20.059999465942383,13077400,0.0,0.0,0.0
2023-10-10,19.96999931335449,20.07999992370605,19.8799991607666,19.979999542236328,12115000,0.0,0.0,0.0
2023-10-11,20.190000534057617,20.270000457763672,20.06999969482422,20.18000030517578,20080500,0.0,0.0,0.0
2023-10-12,20.239999771118164,20.31999969482422,19.93000030517578,19.959999084472656,16915500,0.0,0.0,0.0
2023-10-13,20.489999771118164,20.90999984741211,20.46999931335449,20.780000686645508,28957500,0.0,0.0,0.0
2023-10-16,20.71999931335449,20.82999992370605,20.65999984741211,20.68000030517578,11982500,0.0,0.0,0.0
2023-10-17,20.790000915527344,21.09000015258789,20.729999542236328,20.920000076293945,16482000,0.0,0.0,0.0
2023-10-18,21.209999084472656,21.32999992370605,20.780000686645508,20.950000762939453,20065700,0.0,0.0,0.0
2023-10-19,20.940000534057617,21.15999984741211,20.75,21.11000061035156,20356700,0.0,0.0,0.0
2023-10-20,21.15999984741211,21.71999931335449,21.15999984741211,21.39999961853028,35245700,0.0,0.0,0.0
2023-10-23,21.200000762939453,21.270000457763672,21.0,21.049999237060547,14074100,0.0,0.0,0.0
2023-10-24,20.920000076293945,21.09000015258789,20.86000061035156,21.020000457763672,11491700,0.0,0.0,0.0
2023-10-25,20.90999984741211,21.07999992370605,20.670000076293945,20.940000534057617,17639800,0.0,0.0,0.0
2023-10-26,20.90999984741211,20.96999931335449,20.56999969482422,20.850000381469727,14326600,0.0,0.0,0.0
2023-10-27,20.920000076293945,21.190000534057617,20.76000022888184,21.18000030517578,18630000,0.0,0.0,0.0
2023-10-30,21.59000015258789,21.61000061035156,21.229999542236328,21.34000015258789,15304600,0.0,0.0,0.0
2023-10-31,21.13999938964844,21.36000061035156,20.84000015258789,20.979999542236328,17624900,0.0,0.0,0.0
2023-11-01,20.81999969482422,21.09000015258789,20.65999984741211,20.96999931335449,25224400,0.0,0.0,0.0
2023-11-02,21.06999969482422,21.100000381469727,20.770000457763672,20.8700008392334,12232500,0.0,0.0,0.0
2023-11-03,21.030000686645508,21.350000381469727,20.989999771118164,21.21999931335449,21259900,0.0,0.0,0.0
2023-11-06,21.21999931335449,21.229999542236328,21.06999969482422,21.07999992370605,10278200,0.0,0.0,0.0
2023-11-07,20.729999542236328,20.76000022888184,20.56999969482422,20.729999542236328,16082200,0.0,0.0,0.0
2023-11-08,20.809999465942383,20.940000534057617,20.6200008392334,20.64999961853028,14361200,0.0,0.0,0.0
2023-11-09,20.75,21.06999969482422,20.64999961853028,20.690000534057617,18732000,0.0,0.0,0.0
2023-11-10,20.549999237060547,20.600000381469727,20.34000015258789,20.34000015258789,14049800,0.0,0.0,0.0
2023-11-13,20.18000030517578,20.489999771118164,20.100000381469727,20.43000030517578,11091100,0.0,0.0,0.0
2023-11-14,20.920000076293945,21.239999771118164,20.8700008392334,21.170000076293945,21723900,0.0,0.0,0.0
2023-11-15,21.36000061035156,21.520000457763672,21.239999771118164,21.450000762939453,18585600,0.0,0.0,0.0
2023-11-16,21.8799991607666,22.059999465942383,21.729999542236328,21.76000022888184,20259200,0.0,0.0,0.0
2023-11-17,21.790000915527344,21.86000061035156,21.68000030517578,21.75,12296000,0.0,0.0,0.0
2023-11-20,21.420000076293945,21.61000061035156,21.3799991607666,21.479999542236328,9559600,0.0,0.0,0.0
2023-11-21,21.8799991607666,22.0,21.739999771118164,21.770000457763672,15213000,0.0,0.0,0.0
2023-11-22,21.700000762939453,21.81999969482422,21.56999969482422,21.670000076293945,11143900,0.0,0.0,0.0
2023-11-24,22.020000457763672,22.290000915527344,22.0,22.270000457763672,10803300,0.0,0.0,0.0
2023-11-27,22.670000076293945,22.709999084472656,22.5,22.559999465942383,19785600,0.0,0.0,0.0
2023-11-28,22.68000030517578,22.920000076293945,22.59000015258789,22.920000076293945,17064400,0.0,0.0,0.0
2023-11-29,22.959999084472656,23.1299991607666,22.81999969482422,22.8799991607666,16675200,0.0,0.0,0.0
2023-11-30,22.96999931335449,23.14999961853028,22.850000381469727,23.1299991607666,14364300,0.0,0.0,0.0
2023-12-01,23.09000015258789,23.3700008392334,23.049999237060547,23.32999992370605,22107800,0.0,0.0,0.0
2023-12-04,22.75,22.920000076293945,22.36000061035156,22.459999084472656,30668300,0.0,0.0,0.0
2023-12-05,22.280000686645508,22.3799991607666,21.950000762939453,22.1200008392334,27205100,0.0,0.0,0.0
2023-12-06,22.170000076293945,22.200000762939453,21.8700008392334,21.93000030517578,13374500,0.0,0.0,0.0
2023-12-07,21.88999938964844,21.90999984741211,21.600000381469727,21.790000915527344,16758500,0.0,0.0,0.0
2023-12-08,21.350000381469727,21.559999465942383,21.020000457763672,21.100000381469727,28746500,0.0,0.0,0.0
2023-12-11,20.96999931335449,21.0,20.809999465942383,20.90999984741211,22883700,0.0,0.0,0.0
2023-12-12,20.96999931335449,20.979999542236328,20.780000686645508,20.84000015258789,12118700,0.0,0.0,0.0
2023-12-13,20.75,21.780000686645508,20.61000061035156,21.770000457763672,35068000,0.0,0.0,0.0
2023-12-14,21.989999771118164,22.18000030517578,21.989999771118164,22.14999961853028,21384100,0.0,0.0,0.0
2023-12-15,21.979999542236328,22.030000686645508,21.75,21.82999992370605,13078000,0.0,0.0,0.0
2023-12-18,21.8799991607666,21.8799991607666,21.65999984741211,21.799999237060547,12927400,0.0,0.0,0.0
2023-12-19,21.90999984741211,22.1299991607666,21.88999938964844,22.030000686645508,12752700,0.0,0.0,0.0
2023-12-20,22.26000022888184,22.309999465942383,22.040000915527344,22.040000915527344,12523600,0.0,0.0,0.0
2023-12-21,22.280000686645508,22.420000076293945,22.200000762939453,22.309999465942383,17063600,0.0,0.0,0.0
2023-12-22,22.40999984741211,22.530000686645508,22.049999237060547,22.1200008392334,17235800,0.0,0.0,0.0
2023-12-26,22.209999084472656,22.21999931335449,22.040000915527344,22.200000762939453,11861700,0.0,0.0,0.0
2023-12-27,22.100000381469727,22.39999961853028,22.09000015258789,22.229999542236328,13898400,0.0,0.0,0.0
2023-12-28,22.170000076293945,22.25,21.959999084472656,21.989999771118164,11257800,0.0,0.0,0.0
2023-12-29,21.6200008392334,21.950000762939453,21.559999465942383,21.780000686645508,13161200,0.0,0.0,0.0
2024-01-02,21.88999938964844,21.989999771118164,21.63999938964844,21.64999961853028,13277800,0.0,0.0,0.0
2024-01-03,21.07999992370605,21.21999931335449,20.90999984741211,21.059999465942383,26373800,0.0,0.0,0.0
2024-01-04,20.920000076293945,21.100000381469727,20.770000457763672,21.07999992370605,11972000,0.0,0.0,0.0
2024-01-05,21.14999961853028,21.530000686645508,21.030000686645508,21.209999084472656,21401800,0.0,0.0,0.0
2024-01-08,21.06999969482422,21.25,21.0,21.1299991607666,9527900,0.0,0.0,0.0
2024-01-09,21.21999931335449,21.25,20.959999084472656,21.0,10772300,0.0,0.0,0.0
2024-01-10,20.93000030517578,21.020000457763672,20.850000381469727,20.940000534057617,12093700,0.0,0.0,0.0
2024-01-11,20.96999931335449,21.06999969482422,20.56999969482422,20.81999969482422,21816100,0.0,0.0,0.0
2024-01-12,21.38999938964844,21.540000915527344,21.11000061035156,21.190000534057617,18914500,0.0,0.0,0.0
2024-01-16,21.13999938964844,21.170000076293945,20.920000076293945,20.959999084472656,16953000,0.0,0.0,0.0
2024-01-17,20.780000686645508,20.799999237060547,20.61000061035156,20.64999961853028,18249100,0.0,0.0,0.0
2024-01-18,20.559999465942383,20.84000015258789,20.540000915527344,20.809999465942383,10585900,0.0,0.0,0.0
2024-01-19,20.770000457763672,20.770000457763672,20.559999465942383,20.670000076293945,12574500,0.0,0.0,0.0
2024-01-22,20.1200008392334,20.40999984741211,20.06999969482422,20.21999931335449,18292200,0.0,0.0,0.0
2024-01-23,20.440000534057617,20.559999465942383,20.39999961853028,20.530000686645508,13096700,0.0,0.0,0.0
2024-01-24,20.979999542236328,21.0,20.700000762939453,20.709999084472656,24238800,0.0,0.0,0.0
2024-01-25,20.950000762939453,21.06999969482422,20.790000915527344,20.940000534057617,15755400,0.0,0.0,0.0
2024-01-26,20.809999465942383,20.920000076293945,20.770000457763672,20.86000061035156,7980600,0.0,0.0,0.0
2024-01-29,21.030000686645508,21.25,20.84000015258789,21.209999084472656,14309400,0.0,0.0,0.0
2024-01-30,21.290000915527344,21.32999992370605,20.989999771118164,21.190000534057617,10734400,0.0,0.0,0.0
2024-01-31,21.200000762939453,21.350000381469727,20.84000015258789,20.90999984741211,19870400,0.0,0.0,0.0
2024-02-01,20.940000534057617,21.280000686645508,20.8799991607666,21.209999084472656,28714400,0.0,0.0,0.0
2024-02-02,20.61000061035156,20.790000915527344,20.5,20.75,24324400,0.0,0.0,0.0
2024-02-05,20.440000534057617,20.549999237060547,20.3799991607666,20.46999931335449,16531700,0.0,0.0,0.0
2024-02-06,20.43000030517578,20.57999992370605,20.38999938964844,20.51000022888184,9007500,0.0,0.0,0.0
2024-02-07,20.43000030517578,20.540000915527344,20.31999969482422,20.32999992370605,12084100,0.0,0.0,0.0
2024-02-08,20.440000534057617,20.709999084472656,20.3799991607666,20.64999961853028,16547600,0.0,0.0,0.0
2024-02-09,20.559999465942383,20.71999931335449,20.459999084472656,20.68000030517578,10620900,0.0,0.0,0.0
2024-02-12,20.6299991607666,20.84000015258789,20.600000381469727,20.76000022888184,11006500,0.0,0.0,0.0
2024-02-13,20.43000030517578,20.440000534057617,20.11000061035156,20.200000762939453,22824200,0.0,0.0,0.0
2024-02-14,20.229999542236328,20.549999237060547,20.209999084472656,20.440000534057617,13085100,0.0,0.0,0.0
2024-02-15,20.84000015258789,21.07999992370605,20.82999992370605,20.940000534057617,26720400,0.0,0.0,0.0
2024-02-16,21.06999969482422,21.5,20.90999984741211,21.38999938964844,20251800,0.0,0.0,0.0
2024-02-20,21.170000076293945,21.190000534057617,21.030000686645508,21.06999969482422,9047200,0.0,0.0,0.0
2024-02-21,21.09000015258789,21.100000381469727,20.81999969482422,20.959999084472656,9408700,0.0,0.0,0.0
2024-02-22,20.920000076293945,20.96999931335449,20.799999237060547,20.81999969482422,16728600,0.0,0.0,0.0
2024-02-23,20.799999237060547,21.040000915527344,20.690000534057617,20.989999771118164,15186500,0.0,0.0,0.0
2024-02-26,20.61000061035156,20.690000534057617,20.540000915527344,20.6200008392334,14409300,0.0,0.0,0.0
2024-02-27,20.71999931335449,20.739999771118164,20.51000022888184,20.56999969482422,10175100,0.0,0.0,0.0
2024-02-28,20.51000022888184,20.559999465942383,20.450000762939453,20.549999237060547,8303800,0.0,0.0,0.0
2024-02-29,20.75,20.790000915527344,20.6200008392334,20.729999542236328,10459600,0.0,0.0,0.0
2024-03-01,20.799999237060547,21.280000686645508,20.63999938964844,21.170000076293945,23570200,0.0,0.0,0.0
2024-03-04,21.43000030517578,21.89999961853028,21.38999938964844,21.86000061035156,26016600,0.0,0.0,0.0
2024-03-05,21.959999084472656,22.059999465942383,21.63999938964844,21.670000076293945,22277000,0.0,0.0,0.0
2024-03-06,21.86000061035156,22.229999542236328,21.86000061035156,22.100000381469727,31037700,0.0,0.0,0.0
2024-03-07,22.13999938964844,22.40999984741211,22.1200008392334,22.239999771118164,18890500,0.0,0.0,0.0
2024-03-08,22.229999542236328,22.450000762939453,22.1200008392334,22.229999542236328,27245900,0.0,0.0,0.0
2024-03-11,22.32999992370605,22.440000534057617,22.239999771118164,22.350000381469727,15364500,0.0,0.0,0.0
2024-03-12,22.209999084472656,22.21999931335449,21.96999931335449,22.09000015258789,16339600,0.0,0.0,0.0
2024-03-13,22.309999465942383,22.8799991607666,22.26000022888184,22.790000915527344,27121500,0.0,0.0,0.0
2024-03-14,22.90999984741211,22.940000534057617,22.6200008392334,22.729999542236328,14705300,0.0,0.0,0.0
2024-03-15,23.049999237060547,23.280000686645508,22.96999931335449,23.030000686645508,28077900,0.0,0.0,0.0
2024-03-18,23.1299991607666,23.1299991607666,22.850000381469727,22.90999984741211,11920400,0.0,0.0,0.0
2024-03-19,22.790000915527344,22.84000015258789,22.6200008392334,22.790000915527344,13406900,0.0,0.0,0.0
2024-03-20,22.709999084472656,23.450000762939453,22.700000762939453,23.290000915527344,31945100,0.0,0.0,0.0
2024-03-21,23.13999938964844,23.15999984741211,22.530000686645508,22.64999961853028,31163600,0.0,0.0,0.0
2024-03-22,22.64999961853028,22.81999969482422,22.520000457763672,22.559999465942383,17183600,0.0,0.0,0.0
2024-03-25,22.600000381469727,22.729999542236328,22.549999237060547,22.57999992370605,10066700,0.0,0.0,0.0
2024-03-26,22.61000061035156,22.6200008392334,22.290000915527344,22.34000015258789,18183600,0.0,0.0,0.0
2024-03-27,22.34000015258789,22.559999465942383,22.34000015258789,22.51000022888184,12551800,0.0,0.0,0.0
2024-03-28,22.479999542236328,22.799999237060547,22.420000076293945,22.75,29105400,0.0,0.0,0.0
2024-04-01,23.190000534057617,23.200000762939453,22.6299991607666,22.86000061035156,22490700,0.0,0.0,0.0
2024-04-02,23.32999992370605,23.89999961853028,23.239999771118164,23.84000015258789,58416700,0.0,0.0,0.0
2024-04-03,24.270000457763672,24.76000022888184,24.170000076293945,24.729999542236328,61360100,0.0,0.0,0.0
2024-04-04,24.56999969482422,24.950000762939453,24.38999938964844,24.489999771118164,54231400,0.0,0.0,0.0
2024-04-05,24.489999771118164,25.13999938964844,24.38999938964844,25.030000686645508,43238200,0.0,0.0,0.0
2024-04-08,25.36000061035156,25.489999771118164,24.89999961853028,25.39999961853028,40708900,0.0,0.0,0.0
2024-04-09,25.75,25.89999961853028,25.26000022888184,25.71999931335449,40950600,0.0,0.0,0.0
2024-04-10,25.32999992370605,26.07999992370605,25.170000076293945,25.450000762939453,50614100,0.0,0.0,0.0
2024-04-11,25.690000534057617,26.040000915527344,25.3799991607666,26.01000022888184,28595200,0.0,0.0,0.0
2024-04-12,26.799999237060547,27.239999771118164,25.520000457763672,25.6299991607666,117678300,0.0,0.0,0.0
2024-04-15,26.209999084472656,26.420000076293945,25.690000534057617,26.40999984741211,51965100,0.0,0.0,0.0
2024-04-16,26.06999969482422,26.06999969482422,25.549999237060547,25.799999237060547,56256200,0.0,0.0,0.0
2024-04-17,26.1299991607666,26.34000015258789,25.709999084472656,25.850000381469727,46667300,0.0,0.0,0.0
2024-04-18,26.11000061035156,26.15999984741211,25.739999771118164,25.86000061035156,26818200,0.0,0.0,0.0
2024-04-19,25.93000030517578,26.31999969482422,25.89999961853028,26.200000762939453,29321200,0.0,0.0,0.0
2024-04-22,24.950000762939453,25.190000534057617,24.790000915527344,24.93000030517578,37156900,0.0,0.0,0.0
2024-04-23,24.65999984741211,25.040000915527344,24.6299991607666,24.989999771118164,37046800,0.0,0.0,0.0
2024-04-24,24.8799991607666,25.049999237060547,24.780000686645508,24.89999961853028,19783600,0.0,0.0,0.0
2024-04-25,24.86000061035156,25.21999931335449,24.809999465942383,25.059999465942383,32678400,0.0,0.0,0.0
2024-04-26,25.190000534057617,25.21999931335449,24.75,24.88999938964844,26821300,0.0,0.0,0.0
2024-04-29,24.8700008392334,25.07999992370605,24.68000030517578,24.82999992370605,23922200,0.0,0.0,0.0
2024-04-30,24.239999771118164,24.3700008392334,24.020000457763672,24.049999237060547,32400100,0.0,0.0,0.0
2024-05-01,24.18000030517578,24.64999961853028,24.09000015258789,24.270000457763672,42815400,0.0,0.0,0.0
2024-05-02,23.950000762939453,24.46999931335449,23.920000076293945,24.36000061035156,24968800,0.0,0.0,0.0
2024-05-03,24.209999084472656,24.299999237060547,23.8700008392334,24.21999931335449,26859100,0.0,0.0,0.0
2024-05-06,24.989999771118164,25.1299991607666,24.82999992370605,25.06999969482422,27627400,0.0,0.0,0.0
2024-05-07,25.030000686645508,25.100000381469727,24.8799991607666,24.920000076293945,14811500,0.0,0.0,0.0
2024-05-08,24.88999938964844,25.1200008392334,24.81999969482422,24.950000762939453,16967400,0.0,0.0,0.0
2024-05-09,25.31999969482422,25.8799991607666,25.299999237060547,25.86000061035156,32734900,0.0,0.0,0.0
2024-05-10,25.979999542236328,26.049999237060547,25.6200008392334,25.770000457763672,24489700,0.0,0.0,0.0
2024-05-13,25.82999992370605,25.93000030517578,25.64999961853028,25.799999237060547,15222900,0.0,0.0,0.0
2024-05-14,26.0,26.270000457763672,25.86000061035156,26.1299991607666,20065000,0.0,0.0,0.0
2024-05-15,26.57999992370605,27.18000030517578,26.06999969482422,27.1200008392334,39872400,0.0,0.0,0.0
2024-05-16,26.979999542236328,27.170000076293945,26.790000915527344,27.059999465942383,19821300,0.0,0.0,0.0
2024-05-17,27.86000061035156,28.84000015258789,27.549999237060547,28.790000915527344,52708100,0.0,0.0,0.0
2024-05-20,28.93000030517578,29.559999465942383,28.40999984741211,28.979999542236328,58184700,0.0,0.0,0.0
2024-05-21,29.100000381469727,29.51000022888184,28.81999969482422,29.270000457763672,30700300,0.0,0.0,0.0
2024-05-22,29.059999465942383,29.059999465942383,28.11000061035156,28.21999931335449,48609700,0.0,0.0,0.0
2024-05-23,28.11000061035156,28.280000686645508,27.46999931335449,27.549999237060547,39911200,0.0,0.0,0.0
2024-05-24,27.93000030517578,27.989999771118164,27.61000061035156,27.739999771118164,14534600,0.0,0.0,0.0
2024-05-28,29.299999237060547,29.34000015258789,28.690000534057617,29.239999771118164,31041700,0.0,0.0,0.0
2024-05-29,29.06999969482422,29.46999931335449,28.979999542236328,29.170000076293945,20708400,0.0,0.0,0.0
2024-05-30,28.82999992370605,29.049999237060547,28.31999969482422,28.420000076293945,22224700,0.0,0.0,0.0
2024-05-31,28.770000457763672,28.86000061035156,27.57999992370605,27.76000022888184,31957600,0.0,0.0,0.0
2024-06-03,27.81999969482422,28.14999961853028,27.559999465942383,27.88999938964844,18156000,0.0,0.0,0.0
2024-06-04,27.309999465942383,27.309999465942383,26.84000015258789,27.020000457763672,28858400,0.0,0.0,0.0
2024-06-05,27.1200008392334,27.459999084472656,26.89999961853028,27.39999961853028,18175300,0.0,0.0,0.0
2024-06-06,27.81999969482422,28.6299991607666,27.690000534057617,28.530000686645508,27650000,0.0,0.0,0.0
2024-06-07,27.290000915527344,27.299999237060547,26.61000061035156,26.670000076293945,43868900,0.0,0.0,0.0
2024-06-10,27.06999969482422,27.239999771118164,26.850000381469727,27.1200008392334,17066900,0.0,0.0,0.0
2024-06-11,26.729999542236328,26.809999465942383,26.559999465942383,26.709999084472656,13338900,0.0,0.0,0.0
2024-06-12,27.5,27.56999969482422,26.940000534057617,27.030000686645508,27934800,0.0,0.0,0.0
2024-06-13,26.790000915527344,26.93000030517578,26.170000076293945,26.43000030517578,21680300,0.0,0.0,0.0
2024-06-14,26.6299991607666,27.030000686645508,26.5,27.01000022888184,25973300,0.0,0.0,0.0
2024-06-17,26.89999961853028,26.940000534057617,26.559999465942383,26.920000076293945,15016000,0.0,0.0,0.0
2024-06-18,26.64999961853028,27.01000022888184,26.64999961853028,26.959999084472656,12033500,0.0,0.0,0.0
2024-06-20,27.51000022888184,28.1200008392334,27.40999984741211,28.0,22898000,0.0,0.0,0.0
2024-06-21,27.549999237060547,27.56999969482422,26.90999984741211,26.979999542236328,26827500,0.0,0.0,0.0
2024-06-24,27.059999465942383,27.13999938964844,26.8799991607666,27.0,12836300,0.0,0.0,0.0
2024-06-25,26.780000686645508,26.790000915527344,26.34000015258789,26.39999961853028,14711300,0.0,0.0,0.0
2024-06-26,26.15999984741211,26.450000762939453,26.09000015258789,26.309999465942383,13855700,0.0,0.0,0.0
2024-06-27,26.559999465942383,26.65999984741211,26.350000381469727,26.450000762939453,11124600,0.0,0.0,0.0
2024-06-28,26.8799991607666,26.88999938964844,26.540000915527344,26.56999969482422,10426500,0.0,0.0,0.0
2024-07-01,26.71999931335449,26.920000076293945,26.600000381469727,26.850000381469727,12587300,0.0,0.0,0.0
2024-07-02,26.850000381469727,27.229999542236328,26.780000686645508,26.96999931335449,12172000,0.0,0.0,0.0
2024-07-03,27.709999084472656,28.01000022888184,27.68000030517578,27.84000015258789,16834200,0.0,0.0,0.0
2024-07-05,28.15999984741211,28.75,28.07999992370605,28.479999542236328,23018600,0.0,0.0,0.0
2024-07-08,28.350000381469727,28.51000022888184,27.790000915527344,28.1299991607666,19742900,0.0,0.0,0.0
2024-07-09,28.31999969482422,28.43000030517578,27.8700008392334,28.1200008392334,14005300,0.0,0.0,0.0
2024-07-10,28.290000915527344,28.459999084472656,27.989999771118164,28.15999984741211,13142600,0.0,0.0,0.0
2024-07-11,28.75,28.90999984741211,28.479999542236328,28.68000030517578,20141500,0.0,0.0,0.0
2024-07-12,28.0,28.309999465942383,27.940000534057617,28.1200008392334,15380000,0.0,0.0,0.0
2024-07-15,28.09000015258789,28.38999938964844,27.8700008392334,28.030000686645508,13426700,0.0,0.0,0.0
2024-07-16,28.030000686645508,28.68000030517578,27.979999542236328,28.61000061035156,17280200,0.0,0.0,0.0
2024-07-17,28.25,28.36000061035156,27.43000030517578,27.670000076293945,34443400,0.0,0.0,0.0
2024-07-18,27.76000022888184,27.790000915527344,27.13999938964844,27.200000762939453,15566200,0.0,0.0,0.0
2024-07-19,26.39999961853028,26.739999771118164,26.3700008392334,26.690000534057617,20111200,0.0,0.0,0.0
2024-07-22,26.440000534057617,26.65999984741211,26.309999465942383,26.6299991607666,12069800,0.0,0.0,0.0
2024-07-23,26.489999771118164,26.68000030517578,26.420000076293945,26.68000030517578,10184500,0.0,0.0,0.0
2024-07-24,26.729999542236328,26.88999938964844,26.40999984741211,26.43000030517578,12474500,0.0,0.0,0.0
2024-07-25,25.239999771118164,25.540000915527344,25.170000076293945,25.40999984741211,31711400,0.0,0.0,0.0
2024-07-26,25.38999938964844,25.530000686645508,25.209999084472656,25.479999542236328,12442400,0.0,0.0,0.0
2024-07-29,25.540000915527344,25.57999992370605,24.93000030517578,25.440000534057617,16616700,0.0,0.0,0.0
2024-07-30,25.56999969482422,25.940000534057617,25.32999992370605,25.82999992370605,14896300,0.0,0.0,0.0
2024-07-31,26.229999542236328,26.5,26.059999465942383,26.38999938964844,23227900,0.0,0.0,0.0
2024-08-01,26.530000686645508,26.559999465942383,25.75,26.030000686645508,19796800,0.0,0.0,0.0
2024-08-02,26.440000534057617,26.5,25.5,26.040000915527344,25325000,0.0,0.0,0.0
2024-08-05,24.6299991607666,25.040000915527344,24.540000915527344,24.86000061035156,36392900,0.0,0.0,0.0
2024-08-06,24.530000686645508,24.88999938964844,24.479999542236328,24.63999938964844,18308000,0.0,0.0,0.0
2024-08-07,24.68000030517578,24.770000457763672,24.25,24.32999992370605,12709900,0.0,0.0,0.0
2024-08-08,24.71999931335449,25.18000030517578,24.63999938964844,25.01000022888184,17704400,0.0,0.0,0.0
2024-08-09,25.100000381469727,25.25,24.8799991607666,25.0,15934000,0.0,0.0,0.0
2024-08-12,25.3799991607666,25.600000381469727,25.1200008392334,25.489999771118164,15323100,0.0,0.0,0.0
2024-08-13,25.209999084472656,25.440000534057617,25.11000061035156,25.420000076293945,11860500,0.0,0.0,0.0
2024-08-14,25.26000022888184,25.40999984741211,24.799999237060547,25.1299991607666,14114400,0.0,0.0,0.0
2024-08-15,25.799999237060547,26.020000457763672,25.459999084472656,25.86000061035156,17206000,0.0,0.0,0.0
2024-08-16,25.86000061035156,26.440000534057617,25.770000457763672,26.43000030517578,19315700,0.0,0.0,0.0
2024-08-19,26.450000762939453,26.89999961853028,26.3700008392334,26.82999992370605,20102800,0.0,0.0,0.0
2024-08-20,27.299999237060547,27.36000061035156,26.729999542236328,26.8700008392334,20454500,0.0,0.0,0.0
2024-08-21,26.920000076293945,27.13999938964844,26.65999984741211,26.950000762939453,18449500,0.0,0.0,0.0
2024-08-22,26.920000076293945,26.93000030517578,26.26000022888184,26.38999938964844,23972700,0.0,0.0,0.0
2024-08-23,26.709999084472656,27.270000457763672,26.6299991607666,27.200000762939453,21713300,0.0,0.0,0.0
2024-08-26,27.39999961853028,27.420000076293945,27.1299991607666,27.31999969482422,8812400,0.0,0.0,0.0
2024-08-27,27.25,27.459999084472656,27.100000381469727,27.36000061035156,10591700,0.0,0.0,0.0
2024-08-28,26.86000061035156,26.86000061035156,26.530000686645508,26.690000534057617,11564200,0.0,0.0,0.0
2024-08-29,26.709999084472656,27.049999237060547,26.6299991607666,26.809999465942383,11793800,0.0,0.0,0.0
2024-08-30,26.68000030517578,26.799999237060547,26.190000534057617,26.350000381469727,15762100,0.0,0.0,0.0
2024-09-03,25.82999992370605,25.850000381469727,25.270000457763672,25.57999992370605,17149100,0.0,0.0,0.0
2024-09-04,25.6200008392334,25.8799991607666,25.57999992370605,25.68000030517578,11322400,0.0,0.0,0.0
2024-09-05,26.3799991607666,26.61000061035156,26.14999961853028,26.229999542236328,14573600,0.0,0.0,0.0
2024-09-06,26.25,26.350000381469727,25.270000457763672,25.479999542236328,23805400,0.0,0.0,0.0
2024-09-09,25.71999931335449,25.8799991607666,25.59000015258789,25.850000381469727,8774800,0.0,0.0,0.0
2024-09-10,25.959999084472656,25.959999084472656,25.57999992370605,25.940000534057617,9395400,0.0,0.0,0.0
2024-09-11,26.049999237060547,26.21999931335449,25.6200008392334,26.1200008392334,11052200,0.0,0.0,0.0
2024-09-12,26.63999938964844,27.280000686645508,26.56999969482422,27.270000457763672,22524200,0.0,0.0,0.0
2024-09-13,27.8700008392334,28.209999084472656,27.76000022888184,28.020000457763672,28629400,0.0,0.0,0.0
2024-09-16,28.270000457763672,28.290000915527344,27.89999961853028,28.06999969482422,14701600,0.0,0.0,0.0
2024-09-17,28.020000457763672,28.270000457763672,27.84000015258789,27.959999084472656,15504300,0.0,0.0,0.0
2024-09-18,27.950000762939453,28.5,27.09000015258789,27.239999771118164,35165900,0.0,0.0,0.0
2024-09-19,28.25,28.38999938964844,27.920000076293945,28.09000015258789,18852800,0.0,0.0,0.0
2024-09-20,28.39999961853028,28.600000381469727,28.18000030517578,28.40999984741211,21649400,0.0,0.0,0.0
2024-09-23,28.229999542236328,28.299999237060547,27.93000030517578,27.979999542236328,24206300,0.0,0.0,0.0
2024-09-24,28.270000457763672,29.440000534057617,28.170000076293945,29.3799991607666,41629900,0.0,0.0,0.0
2024-09-25,29.100000381469727,29.420000076293945,28.799999237060547,29.059999465942383,26627000,0.0,0.0,0.0
2024-09-26,29.31999969482422,29.459999084472656,28.940000534057617,29.26000022888184,23692000,0.0,0.0,0.0
2024-09-27,29.34000015258789,29.46999931335449,28.59000015258789,28.86000061035156,27109600,0.0,0.0,0.0
2024-09-30,28.51000022888184,28.540000915527344,28.170000076293945,28.40999984741211,16578100,0.0,0.0,0.0
2024-10-01,28.780000686645508,29.059999465942383,28.549999237060547,28.57999992370605,23796400,0.0,0.0,0.0
2024-10-02,29.1299991607666,29.459999084472656,28.68000030517578,29.0,21103100,0.0,0.0,0.0
2024-10-03,28.90999984741211,29.3700008392334,28.790000915527344,29.229999542236328,18907400,0.0,0.0,0.0
2024-10-04,29.229999542236328,30.06999969482422,28.979999542236328,29.36000061035156,39083200,0.0,0.0,0.0
2024-10-07,29.01000022888184,29.07999992370605,28.709999084472656,28.93000030517578,20872000,0.0,0.0,0.0
2024-10-08,28.40999984741211,28.530000686645508,27.46999931335449,28.01000022888184,39037200,0.0,0.0,0.0
2024-10-09,27.6200008392334,27.989999771118164,27.559999465942383,27.86000061035156,20157900,0.0,0.0,0.0
2024-10-10,27.96999931335449,28.43000030517578,27.920000076293945,28.3799991607666,18329100,0.0,0.0,0.0
2024-10-11,28.600000381469727,28.8700008392334,28.59000015258789,28.799999237060547,17096600,0.0,0.0,0.0
2024-10-14,28.46999931335449,28.76000022888184,28.299999237060547,28.540000915527344,13515700,0.0,0.0,0.0
2024-10-15,28.520000457763672,28.89999961853028,28.420000076293945,28.709999084472656,16871700,0.0,0.0,0.0
2024-10-16,29.1200008392334,29.350000381469727,28.770000457763672,28.90999984741211,17789700,0.0,0.0,0.0
2024-10-17,28.920000076293945,29.200000762939453,28.549999237060547,28.88999938964844,15369500,0.0,0.0,0.0
2024-10-18,29.46999931335449,30.71999931335449,29.420000076293945,30.63999938964844,45090400,0.0,0.0,0.0
2024-10-21,31.1299991607666,31.229999542236328,30.51000022888184,30.850000381469727,36669700,0.0,0.0,0.0
2024-10-22,31.39999961853028,31.799999237060547,31.239999771118164,31.739999771118164,37066100,0.0,0.0,0.0
2024-10-23,31.100000381469727,31.11000061035156,30.479999542236328,30.709999084472656,37351700,0.0,0.0,0.0
2024-10-24,31.190000534057617,31.229999542236328,30.299999237060547,30.690000534057617,29251500,0.0,0.0,0.0
2024-10-25,30.57999992370605,31.020000457763672,30.46999931335449,30.6299991607666,19517500,0.0,0.0,0.0
2024-10-28,30.709999084472656,30.989999771118164,30.6200008392334,30.729999542236328,16296900,0.0,0.0,0.0
2024-10-29,31.170000076293945,31.51000022888184,31.059999465942383,31.38999938964844,22508800,0.0,0.0,0.0
2024-10-30,30.739999771118164,30.979999542236328,30.450000762939453,30.809999465942383,20900100,0.0,0.0,0.0
2024-10-31,30.34000015258789,30.36000061035156,29.6200008392334,29.809999465942383,33075000,0.0,0.0,0.0
2024-11-01,30.059999465942383,30.190000534057617,29.479999542236328,29.540000915527344,22164900,0.0,0.0,0.0
2024-11-04,29.799999237060547,29.88999938964844,29.43000030517578,29.6299991607666,13044500,0.0,0.0,0.0
2024-11-05,29.950000762939453,30.020000457763672,29.690000534057617,29.75,12188500,0.0,0.0,0.0
2024-11-06,28.190000534057617,28.64999961853028,28.11000061035156,28.43000030517578,33038000,0.0,0.0,0.0
2024-11-07,28.920000076293945,29.299999237060547,28.790000915527344,29.11000061035156,21432200,0.0,0.0,0.0
2024-11-08,28.96999931335449,29.030000686645508,28.43000030517578,28.479999542236328,20235200,0.0,0.0,0.0
2024-11-11,27.96999931335449,28.020000457763672,27.71999931335449,27.96999931335449,24582600,0.0,0.0,0.0
2024-11-12,28.0,28.09000015258789,27.790000915527344,28.06999969482422,16561200,0.0,0.0,0.0
2024-11-13,28.25,28.280000686645508,27.600000381469727,27.61000061035156,16530500,0.0,0.0,0.0
2024-11-14,27.59000015258789,27.940000534057617,27.51000022888184,27.809999465942383,18059900,0.0,0.0,0.0
2024-11-15,28.040000915527344,28.07999992370605,27.5,27.56999969482422,18838400,0.0,0.0,0.0
2024-11-18,28.18000030517578,28.5,28.15999984741211,28.3799991607666,15731300,0.0,0.0,0.0
2024-11-19,28.459999084472656,28.530000686645508,28.290000915527344,28.5,12751100,0.0,0.0,0.0
2024-11-20,28.38999938964844,28.450000762939453,28.049999237060547,28.100000381469727,11137900,0.0,0.0,0.0
2024-11-21,28.270000457763672,28.299999237060547,27.920000076293945,28.040000915527344,11030500,0.0,0.0,0.0
2024-11-22,28.270000457763672,28.549999237060547,28.200000762939453,28.46999931335449,13173900,0.0,0.0,0.0
2024-11-25,27.71999931335449,27.739999771118164,27.39999961853028,27.6299991607666,22478400,0.0,0.0,0.0
2024-11-26,27.799999237060547,27.82999992370605,27.600000381469727,27.799999237060547,10484700,0.0,0.0,0.0
2024-11-27,27.75,27.84000015258789,27.31999969482422,27.450000762939453,22858600,0.0,0.0,0.0
2024-11-29,27.96999931335449,28.020000457763672,27.81999969482422,27.920000076293945,9663900,0.0,0.0,0.0
2024-12-02,27.850000381469727,27.8700008392334,27.61000061035156,27.790000915527344,9925400,0.0,0.0,0.0
2024-12-03,28.229999542236328,28.32999992370605,27.989999771118164,28.280000686645508,14543600,0.0,0.0,0.0
2024-12-04,28.36000061035156,28.690000534057617,28.299999237060547,28.530000686645508,22762400,0.0,0.0,0.0
2024-12-05,28.489999771118164,28.59000015258789,28.26000022888184,28.559999465942383,16123000,0.0,0.0,0.0
2024-12-06,28.31999969482422,28.5,28.07999992370605,28.25,13195500,0.0,0.0,0.0
2024-12-09,29.209999084472656,29.43000030517578,28.950000762939453,28.979999542236328,37481100,0.0,0.0,0.0
2024-12-10,29.170000076293945,29.25,28.96999931335449,28.989999771118164,43997000,0.0,0.0,0.0
2024-12-11,28.950000762939453,29.34000015258789,28.89999961853028,29.040000915527344,23582300,0.0,0.0,0.0
2024-12-12,28.6200008392334,28.63999938964844,28.1200008392334,28.200000762939453,34794100,0.0,0.0,0.0
2024-12-13,27.84000015258789,27.8700008392334,27.59000015258789,27.75,20326700,0.0,0.0,0.0
2024-12-16,27.90999984741211,27.90999984741211,27.76000022888184,27.799999237060547,9124900,0.0,0.0,0.0
2024-12-17,27.709999084472656,27.84000015258789,27.46999931335449,27.809999465942383,17504700,0.0,0.0,0.0
2024-12-18,27.559999465942383,27.63999938964844,26.770000457763672,26.850000381469727,27794500,0.0,0.0,0.0
2024-12-19,26.56999969482422,26.64999961853028,26.190000534057617,26.520000457763672,31083900,0.0,0.0,0.0
2024-12-20,26.61000061035156,27.059999465942383,26.57999992370605,26.920000076293945,17487600,0.0,0.0,0.0
2024-12-23,26.93000030517578,27.06999969482422,26.790000915527344,26.989999771118164,14473900,0.0,0.0,0.0
2024-12-24,27.0,27.049999237060547,26.8799991607666,27.020000457763672,3967700,0.0,0.0,0.0
2024-12-26,27.1200008392334,27.209999084472656,26.93000030517578,27.13999938964844,8244000,0.0,0.0,0.0
2024-12-27,26.88999938964844,26.959999084472656,26.71999931335449,26.76000022888184,9643500,0.0,0.0,0.0
2024-12-30,26.600000381469727,26.61000061035156,26.239999771118164,26.43000030517578,18853900,0.0,0.0,0.0
2024-12-31,26.229999542236328,26.440000534057617,26.21999931335449,26.32999992370605,8008400,0.0,0.0,0.0
2025-01-02,26.71999931335449,26.959999084472656,26.700000762939453,26.93000030517578,12368000,0.0,0.0,0.0
2025-01-03,27.190000534057617,27.229999542236328,26.90999984741211,26.979999542236328,8637600,0.0,0.0,0.0
2025-01-06,27.1299991607666,27.489999771118164,27.06999969482422,27.239999771118164,13037000,0.0,0.0,0.0
2025-01-07,27.63999938964844,27.68000030517578,27.309999465942383,27.32999992370605,17407700,0.0,0.0,0.0
2025-01-08,27.61000061035156,27.64999961853028,27.14999961853028,27.39999961853028,12926300,0.0,0.0,0.0
2025-01-10,27.93000030517578,27.940000534057617,27.549999237060547,27.61000061035156,24079100,0.0,0.0,0.0
2025-01-13,27.0,27.190000534057617,26.8700008392334,26.959999084472656,16965400,0.0,0.0,0.0
2025-01-14,27.030000686645508,27.309999465942383,27.01000022888184,27.200000762939453,11798000,0.0,0.0,0.0
2025-01-15,27.690000534057617,27.979999542236328,27.46999931335449,27.959999084472656,19890700,0.0,0.0,0.0
2025-01-16,27.979999542236328,28.200000762939453,27.8799991607666,28.040000915527344,20900100,0.0,0.0,0.0
2025-01-17,27.5,27.76000022888184,27.440000534057617,27.61000061035156,18974600,0.0,0.0,0.0
2025-01-21,27.940000534057617,28.06999969482422,27.850000381469727,28.040000915527344,15214400,0.0,0.0,0.0
2025-01-22,27.959999084472656,28.15999984741211,27.81999969482422,28.049999237060547,21195100,0.0,0.0,0.0
2025-01-23,27.520000457763672,27.780000686645508,27.40999984741211,27.770000457763672,23481100,0.0,0.0,0.0
2025-01-24,27.940000534057617,28.07999992370605,27.809999465942383,27.90999984741211,13750100,0.0,0.0,0.0
2025-01-27,27.5,27.739999771118164,27.049999237060547,27.459999084472656,22691500,0.0,0.0,0.0
2025-01-28,27.530000686645508,27.76000022888184,27.38999938964844,27.6299991607666,15636500,0.0,0.0,0.0
2025-01-29,28.059999465942383,28.209999084472656,27.850000381469727,28.0,28857800,0.0,0.0,0.0
2025-01-30,28.64999961853028,28.89999961853028,28.530000686645508,28.71999931335449,38787700,0.0,0.0,0.0
2025-01-31,28.770000457763672,28.850000381469727,28.38999938964844,28.51000022888184,26107000,0.0,0.0,0.0
2025-02-03,28.549999237060547,28.850000381469727,28.200000762939453,28.670000076293945,31728900,0.0,0.0,0.0
2025-02-04,29.11000061035156,29.479999542236328,29.020000457763672,29.21999931335449,41977300,0.0,0.0,0.0
2025-02-05,29.36000061035156,29.6299991607666,29.309999465942383,29.350000381469727,34873700,0.0,0.0,0.0
2025-02-06,29.239999771118164,29.40999984741211,28.90999984741211,29.3799991607666,17723200,0.0,0.0,0.0
2025-02-07,29.56999969482422,29.739999771118164,28.940000534057617,29.030000686645508,26954000,0.0,0.0,0.0
2025-02-10,29.14999961853028,29.36000061035156,29.07999992370605,29.200000762939453,14171300,0.0,0.0,0.0
2025-02-11,28.86000061035156,29.11000061035156,28.81999969482422,29.0,13779100,0.0,0.0,0.0
2025-02-12,29.200000762939453,29.46999931335449,29.06999969482422,29.34000015258789,16716600,0.0,0.0,0.0
2025-02-13,29.190000534057617,29.479999542236328,29.1200008392334,29.459999084472656,17030700,0.0,0.0,0.0
2025-02-14,30.239999771118164,30.280000686645508,29.200000762939453,29.309999465942383,34965900,0.0,0.0,0.0
2025-02-18,29.6200008392334,29.959999084472656,29.56999969482422,29.90999984741211,20511100,0.0,0.0,0.0
2025-02-19,29.75,29.84000015258789,29.530000686645508,29.809999465942383,13660600,0.0,0.0,0.0
2025-02-20,29.979999542236328,30.1299991607666,29.8799991607666,29.950000762939453,15420400,0.0,0.0,0.0
2025-02-21,30.020000457763672,30.030000686645508,29.57999992370605,29.59000015258789,15515800,0.0,0.0,0.0
2025-02-24,29.56999969482422,29.6200008392334,29.209999084472656,29.440000534057617,13995200,0.0,0.0,0.0
2025-02-25,29.170000076293945,29.299999237060547,28.46999931335449,28.82999992370605,22142400,0.0,0.0,0.0
2025-02-26,28.780000686645508,29.100000381469727,28.65999984741211,28.940000534057617,10231000,0.0,0.0,0.0
2025-02-27,28.940000534057617,28.940000534057617,28.3799991607666,28.39999961853028,16680000,0.0,0.0,0.0
2025-02-28,28.18000030517578,28.39999961853028,28.040000915527344,28.309999465942383,13692000,0.0,0.0,0.0
2025-03-03,28.86000061035156,28.989999771118164,28.65999984741211,28.75,16522000,0.0,0.0,0.0
2025-03-04,29.040000915527344,29.13999938964844,28.63999938964844,29.0,13767900,0.0,0.0,0.0
2025-03-05,29.229999542236328,29.780000686645508,29.209999084472656,29.770000457763672,25486300,0.0,0.0,0.0
2025-03-06,29.5,29.82999992370605,29.46999931335449,29.690000534057617,16888500,0.0,0.0,0.0
2025-03-07,29.38999938964844,29.68000030517578,29.21999931335449,29.59000015258789,18786400,0.0,0.0,0.0
2025-03-10,29.559999465942383,29.57999992370605,29.059999465942383,29.11000061035156,15889000,0.0,0.0,0.0
2025-03-11,29.59000015258789,30.020000457763672,29.57999992370605,29.959999084472656,23227800,0.0,0.0,0.0
2025-03-12,30.020000457763672,30.34000015258789,29.940000534057617,30.21999931335449,18764800,0.0,0.0,0.0
2025-03-13,30.200000762939453,30.89999961853028,30.1299991607666,30.739999771118164,37624000,0.0,0.0,0.0
2025-03-14,30.90999984741211,30.93000030517578,30.51000022888184,30.709999084472656,23520700,0.0,0.0,0.0
2025-03-17,30.420000076293945,30.850000381469727,30.420000076293945,30.809999465942383,20973700,0.0,0.0,0.0
2025-03-18,31.100000381469727,31.14999961853028,30.81999969482422,30.850000381469727,20424600,0.0,0.0,0.0
2025-03-19,30.68000030517578,30.8799991607666,30.450000762939453,30.75,23258500,0.0,0.0,0.0
2025-03-20,30.270000457763672,30.540000915527344,30.229999542236328,30.5,12842100,0.0,0.0,0.0
2025-03-21,30.209999084472656,30.25,29.71999931335449,30.020000457763672,17198900,0.0,0.0,0.0
2025-03-24,30.1299991607666,30.239999771118164,29.920000076293945,29.959999084472656,17493700,0.0,0.0,0.0
2025-03-25,30.549999237060547,30.76000022888184,30.520000457763672,30.57999992370605,19168000,0.0,0.0,0.0
2025-03-26,30.709999084472656,30.76000022888184,30.479999542236328,30.530000686645508,13616800,0.0,0.0,0.0
2025-03-27,30.770000457763672,31.3799991607666,30.68000030517578,31.31999969482422,34298400,0.0,0.0,0.0
2025-03-28,31.38999938964844,31.40999984741211,30.86000061035156,31.0,25160200,0.0,0.0,0.0
2025-03-31,30.770000457763672,31.020000457763672,30.479999542236328,30.989999771118164,18403300,0.0,0.0,0.0
2025-04-01,30.8700008392334,30.90999984741211,30.440000534057617,30.6299991607666,22261800,0.0,0.0,0.0
2025-04-02,30.739999771118164,30.96999931335449,30.63999938964844,30.76000022888184,20976600,0.0,0.0,0.0
2025-04-03,28.950000762939453,29.51000022888184,28.86000061035156,28.88999938964844,46008100,0.0,0.0,0.0
2025-04-04,27.959999084472656,28.020000457763672,26.56999969482422,27.07999992370605,73174500,0.0,0.0,0.0
2025-04-07,27.299999237060547,27.84000015258789,26.920000076293945,27.13999938964844,37531600,0.0,0.0,0.0
2025-04-08,27.6299991607666,27.780000686645508,26.959999084472656,27.13999938964844,19629400,0.0,0.0,0.0
2025-04-09,27.61000061035156,28.239999771118164,27.450000762939453,28.059999465942383,38180100,0.0,0.0,0.0
2025-04-10,28.11000061035156,28.420000076293945,27.809999465942383,28.280000686645508,23059800,0.0,0.0,0.0
2025-04-11,28.790000915527344,29.3700008392334,28.68000030517578,29.190000534057617,36908500,0.0,0.0,0.0
2025-04-14,29.100000381469727,29.459999084472656,28.8799991607666,29.3799991607666,29268900,0.0,0.0,0.0
2025-04-15,29.36000061035156,29.459999084472656,29.200000762939453,29.40999984741211,24273700,0.0,0.0,0.0
2025-04-16,29.850000381469727,30.020000457763672,29.700000762939453,29.76000022888184,21282500,0.0,0.0,0.0
2025-04-17,29.540000915527344,29.690000534057617,29.170000076293945,29.549999237060547,13649400,0.0,0.0,0.0
2025-04-21,29.950000762939453,30.01000022888184,29.549999237060547,29.790000915527344,17295400,0.0,0.0,0.0
2025-04-22,29.790000915527344,30.14999961853028,29.5,29.5,27253600,0.0,0.0,0.0
2025-04-23,29.809999465942383,30.6200008392334,29.709999084472656,30.559999465942383,31975000,0.0,0.0,0.0
2025-04-24,30.309999465942383,30.59000015258789,30.1299991607666,30.559999465942383,15405500,0.0,0.0,0.0
2025-04-25,29.959999084472656,30.100000381469727,29.790000915527344,30.049999237060547,19326000,0.0,0.0,0.0
2025-04-28,30.07999992370605,30.200000762939453,29.82999992370605,30.190000534057617,18288000,0.0,0.0,0.0
2025-04-29,30.450000762939453,30.5,29.81999969482422,29.82999992370605,24967300,0.0,0.0,0.0
2025-04-30,29.68000030517578,29.809999465942383,29.440000534057617,29.600000381469727,22126700,0.0,0.0,0.0
2025-05-01,29.40999984741211,29.549999237060547,29.170000076293945,29.38999938964844,14830500,0.0,0.0,0.0
2025-05-02,29.6200008392334,29.64999961853028,29.040000915527344,29.1200008392334,14040900,0.0,0.0,0.0
2025-05-05,29.549999237060547,29.559999465942383,29.25,29.479999542236328,10052300,0.0,0.0,0.0
2025-05-06,30.200000762939453,30.239999771118164,30.0,30.21999931335449,17870800,0.0,0.0,0.0
2025-05-07,29.770000457763672,29.8700008392334,29.31999969482422,29.489999771118164,14080800,0.0,0.0,0.0
2025-05-08,29.600000381469727,29.780000686645508,29.36000061035156,29.459999084472656,13209300,0.0,0.0,0.0
2025-05-09,29.700000762939453,29.88999938964844,29.64999961853028,29.799999237060547,8963000,0.0,0.0,0.0
2025-05-12,29.670000076293945,29.739999771118164,29.43000030517578,29.6299991607666,14642000,0.0,0.0,0.0
2025-05-13,29.690000534057617,30.01000022888184,29.61000061035156,29.93000030517578,13094100,0.0,0.0,0.0
2025-05-14,29.43000030517578,29.51000022888184,29.15999984741211,29.25,14048500,0.0,0.0,0.0
2025-05-15,29.25,29.6200008392334,29.18000030517578,29.61000061035156,10062200,0.0,0.0,0.0
2025-05-16,29.200000762939453,29.3799991607666,29.100000381469727,29.299999237060547,9275600,0.0,0.0,0.0
2025-05-19,29.43000030517578,29.530000686645508,29.309999465942383,29.420000076293945,11078100,0.0,0.0,0.0
2025-05-20,29.530000686645508,30.1299991607666,29.5,30.1299991607666,14474100,0.0,0.0,0.0
2025-05-21,30.18000030517578,30.530000686645508,30.100000381469727,30.51000022888184,19504900,0.0,0.0,0.0
2025-05-22,30.01000022888184,30.11000061035156,29.780000686645508,30.030000686645508,15320500,0.0,0.0,0.0
2025-05-23,30.190000534057617,30.5,30.020000457763672,30.450000762939453,15098100,0.0,0.0,0.0
2025-05-27,30.040000915527344,30.25,29.979999542236328,30.229999542236328,12301000,0.0,0.0,0.0
2025-05-28,30.14999961853028,30.229999542236328,29.959999084472656,29.979999542236328,11211700,0.0,0.0,0.0
2025-05-29,30.290000915527344,30.31999969482422,30.049999237060547,30.299999237060547,12160600,0.0,0.0,0.0
2025-05-30,30.1200008392334,30.190000534057617,29.780000686645508,30.0,14305400,0.0,0.0,0.0
2025-06-02,30.850000381469727,31.600000381469727,30.71999931335449,31.59000015258789,37873300,0.0,0.0,0.0
2025-06-03,31.270000457763672,31.46999931335449,31.06999969482422,31.440000534057617,23158800,0.0,0.0,0.0
2025-06-04,31.31999969482422,31.43000030517578,31.229999542236328,31.34000015258789,19730500,0.0,0.0,0.0
2025-06-05,32.630001068115234,32.779998779296875,32.09000015258789,32.45000076293945,51807500,0.0,0.0,0.0
2025-06-06,32.91999816894531,32.97999954223633,32.54999923706055,32.689998626708984,30260200,0.0,0.0,0.0
2025-06-09,33.099998474121094,33.540000915527344,33.0,33.38999938964844,33931400,0.0,0.0,0.0
2025-06-10,33.310001373291016,33.36000061035156,33.0099983215332,33.22999954223633,29120900,0.0,0.0,0.0
2025-06-11,32.91999816894531,33.040000915527344,32.75,32.95000076293945,34712100,0.0,0.0,0.0
2025-06-12,32.849998474121094,33.060001373291016,32.790000915527344,33.060001373291016,21111600,0.0,0.0,0.0
2025-06-13,33.02000045776367,33.060001373291016,32.790000915527344,32.970001220703125,21713100,0.0,0.0,0.0
2025-06-16,33.099998474121094,33.150001525878906,32.900001525878906,33.029998779296875,14883300,0.0,0.0,0.0
2025-06-17,33.630001068115234,33.869998931884766,33.45000076293945,33.7400016784668,26824900,0.0,0.0,0.0
2025-06-18,33.7400016784668,33.75,33.209999084472656,33.27000045776367,21945600,0.0,0.0,0.0
2025-06-20,32.779998779296875,32.790000915527344,32.56999969482422,32.720001220703125,25415200,0.0,0.0,0.0
2025-06-23,32.810001373291016,33.04999923706055,32.779998779296875,32.959999084472656,18661900,0.0,0.0,0.0
2025-06-24,32.54999923706055,32.630001068115234,32.060001373291016,32.61000061035156,20982400,0.0,0.0,0.0
2025-06-25,32.529998779296875,33.0099983215332,32.4900016784668,33.0099983215332,12254300,0.0,0.0,0.0
2025-06-26,33.130001068115234,33.369998931884766,33.0,33.34000015258789,15255200,0.0,0.0,0.0
2025-06-27,32.560001373291016,32.900001525878906,32.529998779296875,32.619998931884766,17596300,0.0,0.0,0.0
2025-06-30,32.720001220703125,32.81999969482422,32.619998931884766,32.810001373291016,10565300,0.0,0.0,0.0
2025-07-01,32.93000030517578,33.119998931884766,32.709999084472656,32.72999954223633,13436400,0.0,0.0,0.0
2025-07-02,33.029998779296875,33.2400016784668,32.93000030517578,33.2400016784668,13673500,0.0,0.0,0.0
2025-07-03,33.41999816894531,33.54999923706055,33.290000915527344,33.5099983215332,10356200,0.0,0.0,0.0
2025-07-07,33.060001373291016,33.439998626708984,33.02000045776367,33.43000030517578,12133000,0.0,0.0,0.0
2025-07-08,33.33000183105469,33.36000061035156,32.970001220703125,33.290000915527344,17473100,0.0,0.0,0.0
2025-07-09,33.09000015258789,33.13999938964844,32.959999084472656,33.0,17764100,0.0,0.0,0.0
2025-07-10,33.310001373291016,33.7599983215332,33.11000061035156,33.75,44301500,0.0,0.0,0.0
2025-07-11,34.20000076293945,35.06999969482422,34.150001525878906,35.029998779296875,57917800,0.0,0.0,0.0
2025-07-14,35.220001220703125,35.290000915527344,34.61000061035156,34.630001068115234,40685400,0.0,0.0,0.0
2025-07-15,34.689998626708984,34.720001220703125,34.130001068115234,34.2599983215332,34082300,0.0,0.0,0.0
2025-07-16,34.38999938964844,34.56999969482422,34.04999923706055,34.40999984741211,26483200,0.0,0.0,0.0
2025-07-17,34.29999923706055,34.68000030517578,34.16999816894531,34.650001525878906,14813500,0.0,0.0,0.0
2025-07-18,34.790000915527344,34.86000061035156,34.599998474121094,34.61000061035156,18305300,0.0,0.0,0.0
2025-07-21,35.11000061035156,35.4900016784668,35.09000015258789,35.349998474121094,28710500,0.0,0.0,0.0
2025-07-22,35.54999923706055,35.720001220703125,35.16999816894531,35.720001220703125,25205300,0.0,0.0,0.0
2025-07-23,35.7599983215332,35.90999984741211,35.470001220703125,35.689998626708984,21882800,0.0,0.0,0.0
2025-07-24,35.36000061035156,35.54999923706055,35.2400016784668,35.4900016784668,11319800,0.0,0.0,0.0
2025-07-25,35.279998779296875,35.38999938964844,34.47999954223633,34.65999984741211,24958300,0.0,0.0,0.0
2025-07-28,34.650001525878906,34.689998626708984,34.43000030517578,34.63999938964844,16543400,0.0,0.0,0.0
2025-07-29,34.63999938964844,34.779998779296875,34.47999954223633,34.65999984741211,10705700,0.0,0.0,0.0
2025-07-30,34.119998931884766,34.29999923706055,33.400001525878906,33.5099983215332,35325600,0.0,0.0,0.0
2025-07-31,33.29999923706055,33.349998474121094,33.099998474121094,33.31999969482422,15454400,0.0,0.0,0.0
2025-08-01,33.7599983215332,33.77000045776367,33.38999938964844,33.59000015258789,16787200,0.0,0.0,0.0
2025-08-04,33.93000030517578,34.04999923706055,33.849998474121094,33.97999954223633,9725800,0.0,0.0,0.0
2025-08-05,34.0099983215332,34.40999984741211,33.9900016784668,34.349998474121094,16451200,0.0,0.0,0.0
2025-08-06,34.38999938964844,34.470001220703125,34.290000915527344,34.349998474121094,8747600,0.0,0.0,0.0
2025-08-07,34.849998474121094,34.9900016784668,34.52000045776367,34.7599983215332,21996100,0.0,0.0,0.0
2025-08-08,34.779998779296875,34.88999938964844,34.5099983215332,34.880001068115234,15786100,0.0,0.0,0.0
2025-08-11,34.34000015258789,34.43000030517578,34.18000030517578,34.18000030517578,10749300,0.0,0.0,0.0
2025-08-12,34.2400016784668,34.529998779296875,34.11000061035156,34.40999984741211,12098000,0.0,0.0,0.0
2025-08-13,34.869998931884766,35.040000915527344,34.849998474121094,35.0,13185600,0.0,0.0,0.0
2025-08-14,34.650001525878906,34.75,34.349998474121094,34.5,15819700,0.0,0.0,0.0
2025-08-15,34.34000015258789,34.52000045776367,34.220001220703125,34.5,13881700,0.0,0.0,0.0
2025-08-18,34.65999984741211,34.68000030517578,34.470001220703125,34.54999923706055,8670800,0.0,0.0,0.0
2025-08-19,34.470001220703125,34.540000915527344,33.849998474121094,33.869998931884766,18812900,0.0,0.0,0.0
2025-08-20,34.209999084472656,34.45000076293945,34.20000076293945,34.43000030517578,10903400,0.0,0.0,0.0
2025-08-21,34.47999954223633,34.689998626708984,34.45000076293945,34.61000061035156,10597900,0.0,0.0,0.0
2025-08-22,34.459999084472656,35.470001220703125,34.400001525878906,35.34000015258789,26003300,0.0,0.0,0.0
2025-08-25,35.06999969482422,35.349998474121094,35.02000045776367,35.02000045776367,10286400,0.0,0.0,0.0
2025-08-26,34.900001525878906,35.099998474121094,34.880001068115234,35.02000045776367,13836600,0.0,0.0,0.0
2025-08-27,34.72999954223633,35.08000183105469,34.61000061035156,34.9900016784668,10084200,0.0,0.0,0.0
2025-08-28,35.40999984741211,35.52000045776367,35.22999954223633,35.52000045776367,21079100,0.0,0.0,0.0
2025-08-29,35.349998474121094,36.290000915527344,35.31999969482422,36.18999862670898,28952900,0.0,0.0,0.0
2025-09-02,36.630001068115234,37.16999816894531,36.43000030517578,37.150001525878906,35875300,0.0,0.0,0.0
2025-09-03,37.33000183105469,37.63999938964844,37.18000030517578,37.34000015258789,27291200,0.0,0.0,0.0
2025-09-04,37.20000076293945,37.220001220703125,36.630001068115234,36.93000030517578,45258500,0.0,0.0,0.0
2025-09-05,37.40999984741211,37.59999847412109,36.970001220703125,37.209999084472656,25435500,0.0,0.0,0.0
2025-09-08,37.56999969482422,37.83000183105469,37.36000061035156,37.5099983215332,25019700,0.0,0.0,0.0
2025-09-09,37.43000030517578,37.58000183105469,37.0099983215332,37.18000030517578,24001200,0.0,0.0,0.0
2025-09-10,37.34999847412109,37.4900016784668,37.2400016784668,37.40999984741211,17743600,0.0,0.0,0.0
2025-09-11,37.369998931884766,37.91999816894531,37.33000183105469,37.790000915527344,19051500,0.0,0.0,0.0
2025-09-12,38.2400016784668,38.45000076293945,38.150001525878906,38.34000015258789,19902300,0.0,0.0,0.0
2025-09-15,38.29999923706055,38.790000915527344,38.25,38.7599983215332,22225100,0.0,0.0,0.0
2025-09-16,39.0,39.0099983215332,38.34000015258789,38.59999847412109,25319700,0.0,0.0,0.0
2025-09-17,38.040000915527344,38.34000015258789,37.34999847412109,37.790000915527344,31045500,0.0,0.0,0.0
2025-09-18,37.84999847412109,38.0,37.61000061035156,37.9900016784668,13289200,0.0,0.0,0.0
2025-09-19,38.2599983215332,39.119998931884766,38.18999862670898,39.040000915527344,36776300,0.0,0.0,0.0
2025-09-22,39.5,40.04999923706055,39.34000015258789,40.040000915527344,32055400,0.0,0.0,0.0
2025-09-23,40.310001373291016,40.36000061035156,39.790000915527344,39.959999084472656,28492600,0.0,0.0,0.0
2025-09-24,40.130001068115234,40.15999984741211,39.63999938964844,39.81999969482422,31533200,0.0,0.0,0.0
2025-09-25,40.459999084472656,41.060001373291016,40.119998931884766,41.02999877929688,36395800,0.0,0.0,0.0
2025-09-26,41.22999954223633,42.33000183105469,41.09000015258789,41.86000061035156,44578500,0.0,0.0,0.0
2025-09-29,42.459999084472656,42.75,42.18000030517578,42.5,41290300,0.0,0.0,0.0
2025-09-30,41.790000915527344,42.459999084472656,41.70000076293945,42.369998931884766,34884200,0.0,0.0,0.0
2025-10-01,43.02999877929688,43.400001525878906,42.869998931884766,42.90999984741211,44341800,0.0,0.0,0.0
2025-10-02,43.56999969482422,43.59000015258789,41.65999984741211,42.52999877929688,58242300,0.0,0.0,0.0
2025-10-03,43.33000183105469,43.95000076293945,43.04999923706055,43.52000045776367,47523500,0.0,0.0,0.0
2025-10-06,44.0099983215332,44.2599983215332,43.88999938964844,44.060001373291016,34114000,0.0,0.0,0.0
2025-10-07,43.970001220703125,43.9900016784668,42.95000076293945,43.38999938964844,42769100,0.0,0.0,0.0
2025-10-08,44.43000030517578,45.0099983215332,44.27999877929688,44.560001373291016,59455700,0.0,0.0,0.0
2025-10-09,46.27000045776367,46.34999847412109,42.810001373291016,44.709999084472656,110701700,0.0,0.0,0.0
2025-10-10,45.47999954223633,46.0,44.880001068115234,45.43000030517578,67017000,0.0,0.0,0.0
2025-10-13,46.93999862670898,47.43999862670898,46.58000183105469,47.2599983215332,57830400,0.0,0.0,0.0
2025-10-14,45.9900016784668,47.2599983215332,45.77000045776367,46.79999923706055,57821500,0.0,0.0,0.0
2025-10-15,47.75,48.40999984741211,47.41999816894531,48.33000183105469,41672900,0.0,0.0,0.0
2025-10-16,48.09999847412109,49.25,48.0,49.16999816894531,48853000,0.0,0.0,0.0
2025-10-17,48.459999084472656,48.59000015258789,45.880001068115234,46.9900016784668,86492600,0.0,0.0,0.0
2025-10-20,47.7599983215332,47.83000183105469,47.060001373291016,47.720001220703125,35933500,0.0,0.0,0.0
2025-10-21,45.18999862670898,45.380001068115234,43.310001373291016,43.790000915527344,81395300,0.0,0.0,0.0
2025-10-22,43.7400016784668,44.130001068115234,43.27999877929688,43.880001068115234,43270000,0.0,0.0,0.0
2025-10-23,44.720001220703125,44.869998931884766,44.16999816894531,44.18000030517578,24565600,0.0,0.0,0.0
2025-10-24,44.08000183105469,44.38999938964844,43.84000015258789,43.9900016784668,24014000,0.0,0.0,0.0
2025-10-27,42.970001220703125,43.060001373291016,41.70000076293945,42.400001525878906,42914100,0.0,0.0,0.0
2025-10-28,42.36000061035156,42.90999984741211,42.22999954223633,42.70000076293945,27782000,0.0,0.0,0.0
2025-10-29,43.84000015258789,43.93999862670898,42.83000183105469,43.22999954223633,27351700,0.0,0.0,0.0
2025-10-30,43.68000030517578,44.43999862670898,43.540000915527344,44.34000015258789,30333200,0.0,0.0,0.0
2025-10-31,44.47999954223633,44.52000045776367,43.88999938964844,44.0099983215332,21310900,0.0,0.0,0.0
2025-11-03,44.25,44.36000061035156,43.560001373291016,43.7599983215332,17946700,0.0,0.0,0.0
2025-11-04,43.040000915527344,43.43999862670898,42.5099983215332,42.7400016784668,26679100,0.0,0.0,0.0
2025-11-05,43.4900016784668,43.790000915527344,43.34999847412109,43.650001525878906,16178500,0.0,0.0,0.0
2025-11-06,43.65999984741211,43.900001525878906,43.2400016784668,43.54999923706055,15957900,0.0,0.0,0.0
2025-11-07,44.02000045776367,44.22999954223633,43.5099983215332,43.91999816894531,16493100,0.0,0.0,0.0
2025-11-10,45.16999816894531,45.869998931884766,45.0099983215332,45.790000915527344,20763800,0.0,0.0,0.0
2025-11-11,46.27999877929688,46.47999954223633,45.59999847412109,46.45000076293945,19693700,0.0,0.0,0.0
2025-11-12,47.09999847412109,48.70000076293945,46.88999938964844,48.31999969482422,51559700,0.0,0.0,0.0
2025-11-13,48.290000915527344,48.41999816894531,47.209999084472656,47.41999816894531,39328400,0.0,0.0,0.0
2025-11-14,45.77000045776367,46.709999084472656,45.400001525878906,45.959999084472656,31793500,0.0,0.0,0.0
2025-11-17,45.810001373291016,46.2599983215332,44.95000076293945,45.470001220703125,23582000,0.0,0.0,0.0
2025-11-18,45.869998931884766,46.43999862670898,45.59000015258789,46.09999847412109,20909400,0.0,0.0,0.0
2025-11-19,46.79999923706055,47.5,45.68999862670898,46.45000076293945,30797100,0.0,0.0,0.0
2025-11-20,46.2599983215332,46.63999938964844,45.540000915527344,45.77999877929688,28460400,0.0,0.0,0.0
2025-11-21,44.900001525878906,45.95000076293945,44.7599983215332,45.29999923706055,26351900,0.0,0.0,0.0
2025-11-24,45.40999984741211,46.63999938964844,45.36000061035156,46.630001068115234,21486800,0.0,0.0,0.0
2025-11-25,46.54999923706055,46.77000045776367,45.970001220703125,46.66999816894531,24006600,0.0,0.0,0.0
2025-11-26,47.310001373291016,48.45000076293945,47.150001525878906,48.400001525878906,26280300,0.0,0.0,0.0
2025-11-28,49.66999816894531,51.27000045776367,49.58000183105469,51.209999084472656,41350000,0.0,0.0,0.0
2025-12-01,51.9900016784668,53.36000061035156,51.61000061035156,52.52000045776367,66064100,0.0,0.0,0.0
2025-12-02,52.83000183105469,53.20000076293945,51.77000045776367,53.130001068115234,43952700,0.0,0.0,0.0
2025-12-03,52.9900016784668,53.38999938964844,52.41999816894531,53.06999969482422,33817700,0.0,0.0,0.0
2025-12-04,52.27999877929688,52.36000061035156,51.13999938964844,51.7599983215332,48740300,0.0,0.0,0.0
2025-12-05,52.709999084472656,53.81999969482422,52.52999877929688,52.95000076293945,43566000,0.0,0.0,0.0
2025-12-08,52.88999938964844,52.970001220703125,52.2599983215332,52.709999084472656,19711200,0.0,0.0,0.0
2025-12-09,53.38999938964844,55.18999862670898,53.36000061035156,55.16999816894531,59738900,0.0,0.0,0.0
2025-12-10,55.130001068115234,56.220001220703125,54.47999954223633,56.06999969482422,54915000,0.0,0.0,0.0
2025-12-11,56.77000045776367,58.29999923706055,56.470001220703125,57.619998931884766,67910900,0.0,0.0,0.0
2025-12-12,58.52999877929688,58.560001373291016,55.130001068115234,56.09999847412109,78667400,0.0,0.0,0.0
2025-12-15,57.84000015258789,58.20000076293945,57.02000045776367,58.11000061035156,43227800,0.0,0.0,0.0
2025-12-16,57.61000061035156,57.9900016784668,57.09999847412109,57.72999954223633,32461300,0.0,0.0,0.0
2025-12-17,59.27000045776367,60.63999938964844,59.04999923706055,60.2599983215332,65128000,0.0,0.0,0.0
2025-12-18,59.81999969482422,60.02999877929688,58.58000183105469,59.31999969482422,47603400,0.0,0.0,0.0
2025-12-19,59.790000915527344,61.15999984741211,59.68999862670898,60.93000030517578,42610000,0.0,0.0,0.0
2025-12-22,62.59999847412109,62.81999969482422,61.7400016784668,62.470001220703125,50621700,0.0,0.0,0.0
2025-12-23,63.68000030517578,64.87999725341797,62.369998931884766,64.83999633789062,75680000,0.0,0.0,0.0
2025-12-24,65.08000183105469,65.52999877929688,63.61000061035156,65.22000122070312,58826000,0.0,0.0,0.0
2025-12-26,67.83000183105469,71.2300033569336,67.3499984741211,71.12000274658203,139161200,0.0,0.0,0.0
2025-12-29,65.66000366210938,66.48999786376953,63.91999816894531,66.01000213623047,153207900,0.0,0.0,0.0
2025-12-30,69.11000061035156,70.76000213623047,68.02999877929688,68.9800033569336,117759200,0.0,0.0,0.0
2025-12-31,65.54000091552734,66.87999725341797,63.52999877929688,64.41999816894531,114745300,0.0,0.0,0.0
2026-01-02,67.30000305175781,67.36000061035156,64.75,65.75,75553300,0.0,0.0,0.0
2026-01-05,69.44999694824219,70.5999984741211,68.5199966430664,69.08000183105469,103313300,0.0,0.0,0.0
2026-01-06,71.43000030517578,73.83999633789062,71.3499984741211,73.70999908447266,105539100,0.0,0.0,0.0
2026-01-07,69.81999969482422,71.55000305175781,69.22000122070312,70.95999908447266,93679500,0.0,0.0,0.0
2026-01-08,67.23999786376953,69.7699966430664,66.91999816894531,69.70999908447266,77918300,0.0,0.0,0.0
2026-01-09,71.30999755859375,72.98999786376953,70.87000274658203,72.37999725341797,90650100,0.0,0.0,0.0
2026-01-12,76.11000061035156,78.18000030517578,76.0,77.2300033569336,105429600,0.0,0.0,0.0
2026-01-13,80.02999877929688,80.80000305175781,77.86000061035156,78.5999984741211,140656900,0.0,0.0,0.0
2026-01-14,83.33999633789062,84.77999877929688,81.27999877929688,84.55999755859375,177419400,0.0,0.0,0.0
2026-01-15,80.73999786376953,84.33000183105469,80.54000091552734,83.31999969482422,160702100,0.0,0.0,0.0
2026-01-16,80.33000183105469,81.5199966430664,78.75,81.0199966430664,132767200,0.0,0.0,0.0
2026-01-20,86.19000244140625,86.33000183105469,84.37999725341797,85.38999938964844,101272300,0.0,0.0,0.0
2026-01-21,85.5999984741211,85.9000015258789,81.88999938964844,83.95999908447266,141683900,0.0,0.0,0.0
2026-01-22,84.79000091552734,87.5199966430664,84.70999908447266,87.12999725341797,86965000,0.0,0.0,0.0
2026-01-23,90.19000244140624,92.9800033569336,89.66999816894531,92.91000366210938,143739100,0.0,0.0,0.0
2026-01-26,99.37000274658205,106.6999969482422,96.51000213623048,98.33999633789062,393030300,0.0,0.0,0.0
2026-01-27,97.9800033569336,101.73999786376952,95.06999969482422,101.58999633789062,215489700,0.0,0.0,0.0
2026-01-28,102.77999877929688,106.4499969482422,100.0,105.5999984741211,184566000,0.0,0.0,0.0
2026-01-29,109.52999877929688,109.83000183105467,96.73999786376952,105.56999969482422,246351300,0.0,0.0,0.0
2026-01-30,89.33000183105469,92.13999938964844,69.12000274658203,75.44000244140625,510687700,0.0,0.0,0.0
2026-02-02,73.80000305175781,74.91999816894531,68.26000213623047,72.44000244140625,220063200,0.0,0.0,0.0
2026-02-03,79.05000305175781,80.72000122070312,74.91000366210938,76.95999908447266,175508800,0.0,0.0,0.0
2026-02-04,82.5999984741211,82.80000305175781,75.76000213623047,79.18000030517578,130805800,0.0,0.0,0.0
2026-02-05,68.2300033569336,70.5199966430664,65.51000213623047,66.69000244140625,170928000,0.0,0.0,0.0
2026-02-06,67.72000122070312,70.83999633789062,67.45999908447266,70.19000244140625,71262700,0.0,0.0,0.0
2026-02-09,72.87999725341797,76.16000366210938,72.55000305175781,76.04000091552734,88229100,0.0,0.0,0.0
2026-02-10,74.72000122070312,75.25,72.45999908447266,73.41000366210938,68588500,0.0,0.0,0.0
2026-02-11,76.91999816894531,76.98999786376953,74.80000305175781,76.55999755859375,75806900,0.0,0.0,0.0
2026-02-12,75.19000244140625,75.66999816894531,67.36000061035156,67.7300033569336,128437700,0.0,0.0,0.0
2026-02-13,71.20999908447266,71.31999969482422,68.86000061035156,69.72000122070312,69570800,0.0,0.0,0.0
2026-02-17,67.2699966430664,67.69999694824219,65.13999938964844,66.37000274658203,82561700,0.0,0.0,0.0
2026-02-18,69.66000366210938,70.97000122070312,69.06999969482422,70.08999633789062,63749400,0.0,0.0,0.0
2026-02-19,70.68000030517578,71.66999816894531,69.8499984741211,71.01000213623047,49022500,0.0,0.0,0.0
2026-02-20,73.11000061035156,76.68000030517578,72.25,76.62000274658203,86636800,0.0,0.0,0.0
2026-02-23,78.4000015258789,80.69999694824219,77.91000366210938,80.56999969482422,94752100,0.0,0.0,0.0
2026-02-24,78.2300033569336,79.94000244140625,77.94000244140625,79.08000183105469,56012600,0.0,0.0,0.0
2026-02-25,81.86000061035156,82.7300033569336,79.87999725341797,80.04000091552734,64933100,0.0,0.0,0.0
2026-02-26,78.76000213623047,80.56999969482422,72.5199966430664,80.44999694824219,52050400,0.0,0.0,0.0
2026-02-27,83.25,85.2699966430664,82.36000061035156,84.98999786376953,69525200,0.0,0.0,0.0
2026-03-02,81.16999816894531,82.37000274658203,78.33999633789062,81.56999969482422,96957600,0.0,0.0,0.0
2026-03-03,74.20999908447266,76.13999938964844,71.68000030517578,74.68000030517578,89651700,0.0,0.0,0.0
2026-03-04,76.33999633789062,77.05999755859375,74.41000366210938,75.33999633789062,39022500,0.0,0.0,0.0
2026-03-05,74.94000244140625,75.5199966430664,73.01000213623047,74.2699966430664,49446300,0.0,0.0,0.0
2026-03-06,75.08999633789062,76.97000122070312,74.58000183105469,75.94000244140625,40550700,0.0,0.0,0.0
2026-03-09,76.43000030517578,78.55999755859375,75.23999786376953,78.26000213623047,34865500,0.0,0.0,0.0
2026-03-10,80.88999938964844,81.27999877929688,78.7300033569336,80.08999633789062,37263700,0.0,0.0,0.0
2026-03-11,78.02999877929688,78.05999755859375,76.44999694824219,77.91000366210938,30665400,0.0,0.0,0.0
2026-03-12,78.52999877929688,78.54000091552734,76.36000061035156,76.4800033569336,29762300,0.0,0.0,0.0
2026-03-13,76.06999969482422,76.27999877929688,71.91999816894531,72.69000244140625,46251900,0.0,0.0,0.0
2026-03-16,73.26000213623047,73.95999908447266,72.01000213623047,73.22000122070312,37193100,0.0,0.0,0.0
2026-03-17,73.16000366210938,73.72000122070312,70.83999633789062,71.66000366210938,32991800,0.0,0.0,0.0
2026-03-18,69.51000213623047,70.55000305175781,68.66000366210938,68.69999694824219,46745900,0.0,0.0,0.0
2026-03-19,61.900001525878906,65.73999786376953,60.84999847412109,65.68000030517578,96191600,0.0,0.0,0.0
2026-03-20,64.68000030517578,64.95999908447266,61.25,61.52000045776367,56912300,0.0,0.0,0.0
2026-03-23,61.29999923706055,64.11000061035156,60.97999954223633,62.470001220703125,72440000,0.0,0.0,0.0
2026-03-24,61.619998931884766,63.68999862670898,61.27000045776367,62.95000076293945,48268000,0.0,0.0,0.0
2026-03-25,66.04000091552734,66.4000015258789,64.4800033569336,65.20999908447266,38165900,0.0,0.0,0.0
2026-03-26,62.09999847412109,63.13999938964844,60.369998931884766,60.77000045776367,56080500,0.0,0.0,0.0
2026-03-27,61.43000030517578,64.87999725341797,61.220001220703125,63.43999862670898,52470800,0.0,0.0,0.0
2026-03-30,64.45999908447266,64.62999725341797,63.02000045776367,63.52000045776367,30512000,0.0,0.0,0.0
2026-03-31,65.83999633789062,68.19999694824219,65.69000244140625,68.13999938964844,42141600,0.0,0.0,0.0
2026-04-01,67.95999908447266,68.91000366210938,67.37999725341797,68.13999938964844,38360700,0.0,0.0,0.0
2026-04-02,63.54999923706055,66.2300033569336,63.4900016784668,65.79000091552734,37002900,0.0,0.0,0.0
2026-04-06,65.8499984741211,66.29000091552734,65.22000122070312,66.08999633789062,18134500,0.0,0.0,0.0
2026-04-07,65.27999877929688,66.19000244140625,63.20000076293945,65.94000244140625,30458600,0.0,0.0,0.0
2026-04-08,69.7300033569336,69.93000030517578,66.5199966430664,67.47000122070312,31631900,0.0,0.0,0.0
2026-04-09,67.62000274658203,69.33999633789062,67.16999816894531,68.38999938964844,27210000,0.0,0.0,0.0
2026-04-10,69.0999984741211,69.55000305175781,68.55999755859375,69.08000183105469,20820600,0.0,0.0,0.0
2026-04-13,67.16999816894531,68.68000030517578,66.58000183105469,68.27999877929688,25330600,0.0,0.0,0.0
2026-04-14,70.33000183105469,72.06999969482422,70.2699966430664,72.04000091552734,33053300,0.0,0.0,0.0
2026-04-15,71.91999816894531,72.9000015258789,71.3499984741211,71.83999633789062,23587700,0.0,0.0,0.0
2026-04-16,71.91999816894531,72.22000122070312,70.66000366210938,71.23999786376953,21529700,0.0,0.0,0.0
2026-04-17,73.88999938964844,75.16000366210938,73.41999816894531,73.62999725341797,35188600,0.0,0.0,0.0
2026-04-20,72.6500015258789,72.81999969482422,71.80999755859375,72.1500015258789,20811500,0.0,0.0,0.0
2026-04-21,70.98999786376953,71.55999755859375,68.3499984741211,68.48999786376953,31487000,0.0,0.0,0.0
2026-04-22,70.55000305175781,70.95999908447266,70.2300033569336,70.37000274658203,14416100,0.0,0.0,0.0
2026-04-23,68.7699966430664,69.23999786376953,67.5199966430664,68.37999725341797,21937400,0.0,0.0,0.0
2026-04-24,68.29000091552734,69.41999816894531,68.0999984741211,68.79000091552734,16377900,0.0,0.0,0.0
2026-04-27,68.30000305175781,68.55000305175781,67.55000305175781,68.33000183105469,13347200,0.0,0.0,0.0
2026-04-28,65.79000091552734,66.54000091552734,65.37000274658203,66.19999694824219,21555800,0.0,0.0,0.0
2026-04-29,64.95999908447266,65.2699966430664,64.12999725341797,64.83999633789062,18681700,0.0,0.0,0.0
2026-04-30,66.69999694824219,66.80999755859375,65.87999725341797,66.66000366210938,16140700,0.0,0.0,0.0
2026-05-01,67.58000183105469,69.6500015258789,67.51000213623047,68.29000091552734,20237200,0.0,0.0,0.0
2026-05-04,66.38999938964844,67.58000183105469,65.61000061035156,65.94000244140625,20986400,0.0,0.0,0.0
2026-05-05,66.7699966430664,66.94999694824219,65.8499984741211,65.91000366210938,12632100,0.0,0.0,0.0
2026-05-06,69.55999755859375,70.38999938964844,69.44000244140625,70.12999725341797,24490800,0.0,0.0,0.0
2026-05-07,73.27999877929688,74.33000183105469,71.16000366210938,71.5999984741211,33453100,0.0,0.0,0.0
2026-05-08,73.29000091552734,73.83000183105469,72.27999877929688,73.01000213623047,19126000,0.0,0.0,0.0
2026-05-11,77.05000305175781,78.0,76.13999938964844,78.0,38320800,0.0,0.0,0.0
2026-05-12,76.5,78.62000274658203,75.1500015258789,78.55000305175781,30999500,0.0,0.0,0.0
2026-05-13,78.66000366210938,80.86000061035156,78.2699966430664,79.3499984741211,31013600,0.0,0.0,0.0
2026-05-14,77.29000091552734,77.29000091552734,75.38999938964844,75.51000213623047,27151500,0.0,0.0,0.0
2026-05-15,69.73999786376953,70.05999755859375,68.55000305175781,69.04000091552734,45770100,0.0,0.0,0.0
2026-05-18,70.2300033569336,70.7699966430664,68.87999725341797,69.94000244140625,22926600,0.0,0.0,0.0
2026-05-19,66.68000030517578,67.80000305175781,66.11000061035156,66.9000015258789,23057300,0.0,0.0,0.0
2026-05-20,67.81999969482422,69.33000183105469,67.33000183105469,68.7300033569336,22463200,0.0,0.0,0.0
2026-05-21,67.68000030517578,69.75,67.30999755859375,69.44999694824219,17099100,0.0,0.0,0.0
2026-05-22,68.86000061035156,69.05999755859375,67.80000305175781,68.36000061035156,14406300,0.0,0.0,0.0
2026-05-26,69.0199966430664,69.7300033569336,68.58999633789062,69.72000122070312,15492500,0.0,0.0,0.0
2026-05-27,66.87999725341797,67.91999816894531,66.87999725341797,67.5,15831700,0.0,0.0,0.0
2026-05-28,66.55000305175781,68.76000213623047,66.16000366210938,68.36000061035156,18945000,0.0,0.0,0.0
2026-05-29,68.55999755859375,69.3499984741211,67.4800033569336,68.33000183105469,16549300,0.0,0.0,0.0
2026-06-01,67.48999786376953,68.23999786376953,66.80000305175781,67.66999816894531,16531500,0.0,0.0,0.0
2026-06-02,68.69000244140625,69.02999877929688,67.62999725341797,67.98999786376953,11642600,0.0,0.0,0.0
2026-06-03,67.0,67.13999938964844,66.0999984741211,66.20999908447266,13716200,0.0,0.0,0.0
2026-06-04,67.5,67.72000122070312,66.19999694824219,66.9800033569336,11803600,0.0,0.0,0.0
2026-06-05,64.05999755859375,64.25,61.36000061035156,61.56999969482422,37795100,0.0,0.0,0.0
2026-06-08,62.02999877929688,62.29999923706055,61.2400016784668,61.58000183105469,22342200,0.0,0.0,0.0
2026-06-09,61.81999969482422,62.43000030517578,58.220001220703125,59.0099983215332,34115100,0.0,0.0,0.0
2026-06-10,58.18999862670898,59.470001220703125,57.630001068115234,57.65999984741211,28661800,0.0,0.0,0.0
2026-06-11,57.45000076293945,61.09999847412109,57.29999923706055,60.81999969482422,30766100,0.0,0.0,0.0
2026-06-12,60.52999877929688,61.83000183105469,59.869998931884766,61.290000915527344,21271700,0.0,0.0,0.0
2026-06-15,64.27999877929688,64.5,63.2400016784668,63.470001220703125,19878900,0.0,0.0,0.0
2026-06-16,63.70000076293945,63.84999847412109,62.7599983215332,63.38999938964844,16353800,0.0,0.0,0.0
2026-06-17,63.540000915527344,64.69000244140625,60.38999938964844,60.61000061035156,33399800,0.0,0.0,0.0
2026-06-18,60.7400016784668,61.119998931884766,58.84999847412109,59.5099983215332,28928200,0.0,0.0,0.0
2026-06-22,60.09000015258789,60.33000183105469,58.75,58.90999984741211,16469800,0.0,0.0,0.0
2026-06-23,56.15999984741211,56.5099983215332,55.470001220703125,55.72999954223633,20777800,0.0,0.0,0.0
2026-06-24,52.93999862670898,53.900001525878906,50.310001373291016,51.77999877929688,51913700,0.0,0.0,0.0
2026-06-25,52.709999084472656,53.20000076293945,51.5,52.36000061035156,24606600,0.0,0.0,0.0
2026-06-26,52.869998931884766,53.869998931884766,52.459999084472656,53.27999877929688,15469200,0.0,0.0,0.0
2026-06-29,52.77999877929688,52.93000030517578,51.93000030517578,52.68000030517578,14264300,0.0,0.0,0.0
2026-06-30,53.33000183105469,54.650001525878906,53.18999862670898,53.470001220703125,15720000,0.0,0.0,0.0
2026-07-01,53.33000183105469,55.15999984741211,53.22999954223633,53.58000183105469,16209100,0.0,0.0,0.0
2026-07-02,55.11000061035156,56.130001068115234,54.56999969482422,55.02000045776367,16907700,0.0,0.0,0.0
2026-07-06,55.7400016784668,56.369998931884766,55.61000061035156,56.11000061035156,13649000,0.0,0.0,0.0
2026-07-07,55.38999938964844,55.93999862670898,53.75,54.459999084472656,14497800,0.0,0.0,0.0
2026-07-08,52.7599983215332,53.09000015258789,51.720001220703125,52.83000183105469,20091200,0.0,0.0,0.0
2026-07-09,54.11000061035156,54.77999877929688,53.9900016784668,54.13999938964844,11833000,0.0,0.0,0.0
2026-07-10,53.68999862670898,54.290000915527344,53.22999954223633,53.95000076293945,11734300,0.0,0.0,0.0
2026-07-13,52.95000076293945,53.0,51.77999877929688,52.15999984741211,17653100,0.0,0.0,0.0
2026-07-14,53.52999877929688,53.93999862670898,52.86000061035156,53.16999816894531,13208700,0.0,0.0,0.0
2026-07-15,52.709999084472656,52.900001525878906,51.18999862670898,52.209999084472656,16315300,0.0,0.0,0.0
2026-07-16,50.90999984741211,51.08000183105469,50.02000045776367,50.38999938964844,19377900,0.0,0.0,0.0
2026-07-17,49.70000076293945,50.81999969482422,49.61000061035156,50.77999877929688,15482000,0.0,0.0,0.0
2026-07-20,51.20000076293945,51.70000076293945,50.95000076293945,50.97999954223633,12897600,0.0,0.0,0.0
2026-07-21,52.86000061035156,53.52000045776367,52.65999984741211,53.08000183105469,12776300,0.0,0.0,0.0
2026-07-22,53.77999877929688,55.08000183105469,53.77999877929688,53.91999816894531,13925300,0.0,0.0,0.0
2026-07-23,52.09000015258789,52.459999084472656,51.77000045776367,52.060001373291016,13725000,0.0,0.0,0.0
2026-07-24,52.34000015258789,53.33000183105469,52.29999923706055,52.59000015258789,11134400,0.0,0.0,0.0
2026-07-27,53.040000915527344,53.33000183105469,52.56999969482422,52.93000030517578,13115200,0.0,0.0,0.0
2026-07-28,51.61000061035156,52.0099983215332,51.18999862670898,51.70000076293945,10764300,0.0,0.0,0.0
2026-07-29,51.720001220703125,53.560001373291016,51.27000045776367,51.77000045776367,20374100,0.0,0.0,0.0
2026-07-30,52.34999847412109,53.54999923706055,52.209999084472656,53.5,16206600,0.0,0.0,0.0
2026-07-31,51.95000076293945,52.41999816894531,51.540000915527344,52.36000061035156,11609700,0.0,0.0,0.0
2026-08-03,51.25,52.619998931884766,51.119998931884766,52.459999084472656,11966300,0.0,0.0,0.0
2026-08-04,53.970001220703125,54.27999877929688,53.58000183105469,53.84000015258789,14035800,0.0,0.0,0.0
2026-08-05,56.09999847412109,56.75,55.79999923706055,56.06999969482422,21619200,0.0,0.0,0.0
2026-08-06,55.459999084472656,55.880001068115234,55.0,55.84999847412109,13389000,0.0,0.0,0.0
2026-08-07,58.0,58.18000030517578,56.9900016784668,57.5,20302100,0.0,0.0,0.0
2026-08-10,57.79999923706055,59.720001220703125,57.52000045776367,59.40999984741211,21772600,0.0,0.0,0.0
2026-08-11,58.66999816894531,58.9900016784668,58.15999984741211,58.54999923706055,13408900,0.0,0.0,0.0
2026-08-12,59.58000183105469,59.959999084472656,58.790000915527344,59.060001373291016,18592000,0.0,0.0,0.0
2026-08-13,58.810001373291016,58.880001068115234,58.0099983215332,58.15999984741211,11660000,0.0,0.0,0.0
2026-08-14,58.83000183105469,59.36009979248047,58.41999816894531,58.47999954223633,10206386,0.0,0.0,0.0
