Date,Open,High,Low,Close,Volume,Dividends,Stock Splits,Capital Gains
2014-01-02,149.05727724911557,149.13020302275123,147.84200427886944,148.198486328125,119636900,0.0,0.0,0.0
2014-01-03,148.4496226911046,148.74939839369858,147.9635209796238,148.17416381835938,81390600,0.0,0.0,0.0
2014-01-06,148.66029105731053,148.71699736559427,147.51793153621463,147.74478149414062,108028200,0.0,0.0,0.0
2014-01-07,148.33617499485302,148.90329975255247,148.22275004331314,148.6521453857422,86144200,0.0,0.0,0.0
2014-01-08,148.62786690440757,148.93573998200495,148.17416701893444,148.68458557128906,96582300,0.0,0.0,0.0
2014-01-09,149.16261638306318,149.17882348538907,148.10127988505937,148.78182983398438,90683400,0.0,0.0,0.0
2014-01-10,149.03301408671206,149.25176674345968,148.27144083628653,149.18695068359375,102026400,0.0,0.0,0.0
2014-01-13,148.80609133435902,149.21927960637308,146.91836623642428,147.20193481445312,149892000,0.0,0.0,0.0
2014-01-14,147.68806674499515,148.8871449686092,147.4126078405416,148.80612182617188,105016100,0.0,0.0,0.0
2014-01-15,149.15451537714114,149.8350653094763,148.8385448826715,149.60821533203125,98525800,0.0,0.0,0.0
2014-01-16,149.30031709578466,149.60819016870454,148.9357377192395,149.4137420654297,72290600,0.0,0.0,0.0
2014-01-17,149.15451901309868,149.43807531061898,148.52257800875446,148.78182983398438,107848700,0.0,0.0,0.0
2014-01-21,149.640612675958,149.69733134981286,148.3038173231638,149.2193145751953,88621200,0.0,0.0,0.0
2014-01-22,149.4704190374655,149.53523505381034,149.0005121907585,149.3164825439453,61270900,0.0,0.0,0.0
2014-01-23,148.56306192712782,148.5873663969162,147.30728978007647,148.09315490722656,132496900,0.0,0.0,0.0
2014-01-24,147.12911702400362,147.17772598613362,144.88490849392468,144.9335174560547,208677100,0.0,0.0,0.0
2014-01-27,145.07121374920715,145.4439029775294,143.4994584007847,144.22052001953125,180843100,0.0,0.0,0.0
2014-01-28,144.32577868279253,145.26559249430284,144.309571586072,145.07925415039062,110463200,0.0,0.0,0.0
2014-01-29,143.87205303212266,144.6579301896136,143.30492837269375,143.6857147216797,216597300,0.0,0.0,0.0
2014-01-30,144.88480979510462,145.67878448129093,144.423000244662,145.20887756347656,118938100,0.0,0.0,0.0
2014-01-31,143.4103494005094,145.25756386138025,143.33743596814858,144.35826110839844,194677900,0.0,0.0,0.0
2014-02-03,144.18805299082595,144.51212075925156,140.83390090180987,141.10935974121094,254837100,0.0,0.0,0.0
2014-02-04,141.7413268091277,142.4623882355272,141.0607769518868,142.09780883789062,165012400,0.0,0.0,0.0
2014-02-05,141.60358523152996,142.235526096595,140.7366970653076,141.9195556640625,164230500,0.0,0.0,0.0
2014-02-06,142.251690746167,143.79103088378906,141.9600248676039,143.79103088378906,132877600,0.0,0.0,0.0
2014-02-07,144.46358644384895,145.7274687008382,143.99367928325563,145.5735321044922,170787200,0.0,0.0,0.0
2014-02-10,145.5896659342998,145.88944160455856,145.1926847671033,145.8408203125,92218800,0.0,0.0,0.0
2014-02-11,145.96236510941324,147.80957873900942,145.8651348809544,147.4368896484375,117814100,0.0,0.0,0.0
2014-02-12,147.65565347037497,148.12556046284902,147.2181606773239,147.50982666015625,94717700,0.0,0.0,0.0
2014-02-13,146.51328441295342,148.4253140946679,146.5051870448254,148.27137756347656,100542200,0.0,0.0,0.0
2014-02-14,148.13359419420522,149.36507363294947,147.9958648118125,149.08961486816406,96498400,0.0,0.0,0.0
2014-02-18,149.2193077750331,149.4704745675776,148.78991232431488,149.26792907714844,80460900,0.0,0.0,0.0
2014-02-19,148.87900661461964,149.84312495724913,148.15794529017805,148.27947998046875,126524300,0.0,0.0,0.0
2014-02-20,148.48204276747998,149.49477015948366,147.93922236885342,149.1544952392578,104998100,0.0,0.0,0.0
2014-02-21,149.43809027015683,149.79457238263095,148.91147683461884,148.98439025878906,118116400,0.0,0.0,0.0
2014-02-24,149.30034186875469,150.81537829234057,149.23552582357502,149.81076049804688,114063900,0.0,0.0,0.0
2014-02-25,149.9322693378867,150.36166478138946,149.2598168374741,149.7540283203125,117085000,0.0,0.0,0.0
2014-02-26,149.97277358306116,150.36976716870453,149.3408326833969,149.7621307373047,98677200,0.0,0.0,0.0
2014-02-27,149.54338931718624,150.5885186177119,149.37324566424704,150.5480194091797,93880800,0.0,0.0,0.0
2014-02-28,150.52371148178065,151.62555951927064,149.9241847012029,150.92880249023438,150842000,0.0,0.0,0.0
2014-03-03,149.60010061603631,150.2482486853138,148.87094176459675,149.86746215820312,167748500,0.0,0.0,0.0
2014-03-04,151.3338872982066,152.29800583680787,151.30148545831236,151.97393798828125,167545900,0.0,0.0,0.0
2014-03-05,152.1035969651313,152.37095855051444,151.86863722537117,152.1116943359375,88376900,0.0,0.0,0.0
2014-03-06,152.4843845864031,152.8084524944207,152.13599984100586,152.46006774902344,82516500,0.0,0.0,0.0
2014-03-07,153.09199384873963,153.09199384873963,151.852404034045,152.5248565673828,114513500,0.0,0.0,0.0
2014-03-10,152.28991109870154,152.50055396764373,151.56884961523474,152.44384765625,74939200,0.0,0.0,0.0
2014-03-11,152.67067893018606,152.88943150424993,151.34198111115174,151.6903533935547,99009100,0.0,0.0,0.0
2014-03-12,150.95308259567648,151.78756888106017,150.6127953524619,151.73085021972656,104824400,0.0,0.0,0.0
2014-03-13,152.18453586952128,152.30607054859146,149.60816385681258,150.02944946289062,155014300,0.0,0.0,0.0
2014-03-14,149.76215189438253,150.53182234374228,149.42997429798206,149.60821533203125,153919600,0.0,0.0,0.0
2014-03-17,150.36170342962035,151.31772480255808,150.29688737362468,150.96124267578125,98359500,0.0,0.0,0.0
2014-03-18,151.26905653240894,152.24127226630128,151.1070102747654,152.03872680664062,101804600,0.0,0.0,0.0
2014-03-19,152.0548920391494,152.26554718825489,150.264397446101,151.228515625,176267300,0.0,0.0,0.0
2014-03-20,150.8964211455039,152.22511933921538,150.62905956012074,152.1116943359375,117241000,0.0,0.0,0.0
2014-03-21,152.75044944260213,153.8164699459679,151.38333017408104,151.52166748046875,163128000,0.0,0.0,0.0
2014-03-24,152.0424511250663,152.2296242937265,150.23590844837983,150.89505004882812,121411000,0.0,0.0,0.0
2014-03-25,151.66004479720488,152.12389272654238,150.76491862261412,151.61122131347656,103852000,0.0,0.0,0.0
2014-03-26,152.2051775256929,152.44930722730808,150.48001582366322,150.5207061767578,119843000,0.0,0.0,0.0
2014-03-27,150.34172170607778,150.82183572631462,149.65002275580326,150.20338439941406,142383000,0.0,0.0,0.0
2014-03-28,150.6347072707036,151.70072800493435,150.54519341577802,150.94393920898438,101642000,0.0,0.0,0.0
2014-03-31,151.9041267929693,152.4167980445773,150.96831053767258,152.18080139160156,99745000,0.0,0.0,0.0
2014-04-01,152.67714823804212,153.27933314006285,152.17262266040007,153.1898193359375,89193000,0.0,0.0,0.0
2014-04-02,153.3851954141977,153.90599985255164,153.1003752485691,153.7025604248047,78774000,0.0,0.0,0.0
2014-04-03,153.93856927845192,153.9792596538902,153.0271644700387,153.4991455078125,77435000,0.0,0.0,0.0
2014-04-04,154.3372289763308,154.36977380834713,151.4402546657391,151.6843719482422,169381000,0.0,0.0,0.0
2014-04-07,151.31823751450284,151.57050040759265,149.69886768455598,150.00808715820312,140803000,0.0,0.0,0.0
2014-04-08,149.94296010724932,150.87064320776088,149.39774404454954,150.62652587890625,112660000,0.0,0.0,0.0
2014-04-09,151.03346514541337,152.2947799062254,150.59402894355145,152.24595642089844,100254000,0.0,0.0,0.0
2014-04-10,152.23779559035867,152.31103080501325,148.8606936056731,149.04786682128906,172959000,0.0,0.0,0.0
2014-04-11,148.21781042732383,149.25941917363315,147.54239012172462,147.70513916015625,167251000,0.0,0.0,0.0
2014-04-14,148.86065940946747,149.21871471035846,147.6481686333057,148.86880493164062,132382000,0.0,0.0,0.0
2014-04-15,149.17803633871435,149.9999269737949,147.70512477938016,149.89413452148438,157093000,0.0,0.0,0.0
2014-04-16,150.92762342355442,151.47283952681371,150.26033622983206,151.46470642089844,105197000,0.0,0.0,0.0
2014-04-17,151.26127286711665,152.0994422361472,151.00086446429438,151.67628479003906,105255000,0.0,0.0,0.0
2014-04-21,151.7169531363145,152.25403607647112,151.52979238454628,152.2052001953125,68329000,0.0,0.0,0.0
2014-04-22,152.35981343158943,153.31190821770062,152.27844513166394,152.8968963623047,85790000,0.0,0.0,0.0
2014-04-23,152.83999347797013,152.92136180647563,152.41683595208283,152.5388946533203,73869000,0.0,0.0,0.0
2014-04-24,153.2875224162851,153.30380104580553,152.11570942993745,152.8480987548828,88170000,0.0,0.0,0.0
2014-04-25,152.35171075183123,152.44122459149332,151.253132939338,151.59490966796875,100380000,0.0,0.0,0.0
2014-04-28,152.21339531603945,152.73419979884733,150.5126445349748,152.07505798339844,135121000,0.0,0.0,0.0
2014-04-29,152.56333242044022,153.01903487207957,152.23783421697226,152.78305053710938,84098000,0.0,0.0,0.0
2014-04-30,152.5307280914862,153.3933091695997,152.3191431664696,153.2386932373047,101508000,0.0,0.0,0.0
2014-05-01,153.1654452803039,153.66997098203467,152.7666996153187,153.2549591064453,93019000,0.0,0.0,0.0
2014-05-02,153.23870247587024,153.91412282153638,152.80741191081154,153.03526306152344,98122000,0.0,0.0,0.0
2014-05-05,152.28660774301932,153.4340090217849,151.8634502837737,153.32821655273438,75883000,0.0,0.0,0.0
2014-05-06,152.98642230818965,153.09221476512624,151.9610922458024,151.99363708496094,85454000,0.0,0.0,0.0
2014-05-07,152.50631162910932,152.96201388893328,151.36704356259412,152.88877868652344,106500000,0.0,0.0,0.0
2014-05-08,152.75048311772537,153.84091559691004,152.23781172688774,152.72605895996094,93618000,0.0,0.0,0.0
2014-05-09,152.75047901114706,153.01900815279083,152.03436818820805,152.95391845703125,83679000,0.0,0.0,0.0
2014-05-12,153.63745727644346,154.51631708838772,152.98644862867468,154.4430694580078,86940000,0.0,0.0,0.0
2014-05-13,154.64648005824205,154.9557119021067,154.42677445892704,154.58139038085938,66454000,0.0,0.0,0.0
2014-05-14,154.44305387051818,154.5163014935054,153.6292962471767,153.84901428222656,72367000,0.0,0.0,0.0
2014-05-15,153.53983912976125,153.57239640021692,151.7495741804748,152.49822998046875,154956000,0.0,0.0,0.0
2014-05-16,152.58772446791798,153.09226276021317,151.9448612531172,153.02716064453125,97458000,0.0,0.0,0.0
2014-05-19,152.73420538036694,153.7107122691974,152.59586804267053,153.58865356445312,63839000,0.0,0.0,0.0
2014-05-20,153.51539585772022,153.5316744896049,152.2296695288642,152.62026977539062,111644000,0.0,0.0,0.0
2014-05-21,153.05973637806778,153.97928687430206,153.03532463188117,153.9060516357422,89093000,0.0,0.0,0.0
2014-05-22,153.94664512553845,154.59765363952744,153.68624917011562,154.28028869628906,61549000,0.0,0.0,0.0
2014-05-23,154.41864674437025,155.00455324402114,154.28030943430772,154.89877319335938,61092800,0.0,0.0,0.0
2014-05-27,155.47654185461843,155.8996993290503,155.38702801227626,155.8508758544922,72010000,0.0,0.0,0.0
2014-05-28,155.850864047553,156.0949938188057,155.476530076038,155.7369384765625,66723000,0.0,0.0,0.0
2014-05-29,156.0949999841699,156.5669684990892,155.69625426147576,156.5425567626953,64377000,0.0,0.0,0.0
2014-05-30,156.39606654941716,156.8924591548588,156.26586236049198,156.7947998046875,76316000,0.0,0.0,0.0
2014-06-02,157.0145520643685,157.04710932717757,156.2170729629523,156.97386169433594,64656000,0.0,0.0,0.0
2014-06-03,156.59137255113365,156.9738396251444,156.44490213995806,156.89247131347656,65047000,0.0,0.0,0.0
2014-06-04,156.6239779847239,157.2993985057916,156.46122889437305,157.2098846435547,55529000,0.0,0.0,0.0
2014-06-05,157.38889634078993,158.39794804838715,156.81112284937666,158.23519897460938,92103000,0.0,0.0,0.0
2014-06-06,158.57696474691588,159.03266708864416,158.5037295313433,158.9919891357422,78696000,0.0,0.0,0.0
2014-06-09,158.96754809579812,159.5371759179628,158.82106527469563,159.1547088623047,65119000,0.0,0.0,0.0
2014-06-10,158.95940506942534,159.20353483045977,158.61762837075932,159.17098999023438,57129000,0.0,0.0,0.0
2014-06-11,158.60129034723238,158.78031794381616,158.259513776559,158.61756896972656,68772000,0.0,0.0,0.0
2014-06-12,158.4304882267996,158.5200020702672,157.14474957379113,157.49465942382812,106350000,0.0,0.0,0.0
2014-06-13,157.80386740872933,158.12937788880913,157.29934168579962,157.97476196289062,82017000,0.0,0.0,0.0
2014-06-16,157.77946712321838,158.4386088198935,157.5923063441892,158.10496520996094,87424000,0.0,0.0,0.0
2014-06-17,157.88530695810687,158.65837445877474,157.71441234027344,158.54444885253906,84834000,0.0,0.0,0.0
2014-06-18,158.54440139067302,159.79758268411314,158.19447915108483,159.70806884765625,105267000,0.0,0.0,0.0
2014-06-19,159.84644036348794,159.98479011785662,159.33378138766497,159.8871307373047,85929000,0.0,0.0,0.0
2014-06-20,160.2853323660032,160.34257435600642,160.01550400554115,160.2117462158203,100587000,0.0,0.0,0.0
2014-06-23,160.25255565925482,160.3016130694721,159.86825597728316,160.16261291503906,70611000,0.0,0.0,0.0
2014-06-24,159.87648707044283,160.66961543227083,159.0179446453607,159.1978302001953,96237000,0.0,0.0,0.0
2014-06-25,158.86255871792852,160.08087202961417,158.8298579305172,159.91734313964844,82782000,0.0,0.0,0.0
2014-06-26,159.94188715648718,159.95824378998552,158.73175828318043,159.80288696289062,84312000,0.0,0.0,0.0
2014-06-27,159.4267755074071,160.1626743724009,159.35318936384482,160.11361694335938,71445100,0.0,0.0,0.0
2014-06-30,160.01551897218388,160.39981887213872,159.87651873890692,160.03187561035156,70201200,0.0,0.0,0.0
2014-07-01,160.42430946520486,161.5935655253552,160.36707995990795,161.10296630859375,90470000,0.0,0.0,0.0
2014-07-02,161.11929198252415,161.4708784550265,161.045705857087,161.26646423339844,52475000,0.0,0.0,0.0
2014-07-03,161.72435849484407,162.13318695933793,161.60171494607775,162.05960083007812,52938800,0.0,0.0,0.0
2014-07-07,161.7489676331364,161.87978331462568,161.25836827905704,161.4954833984375,61696000,0.0,0.0,0.0
2014-07-08,161.20102839890504,161.2582703619225,160.06448597931546,160.45697021484375,108143000,0.0,0.0,0.0
2014-07-09,160.85765845783487,161.3237289375223,160.51424401428102,161.17654418945312,72992000,0.0,0.0,0.0
2014-07-10,159.62297039085314,160.9639271185345,159.49214230121268,160.5387420654297,99040000,0.0,0.0,0.0
2014-07-11,160.44057488256,160.8739318711873,160.08080399167338,160.75946044921875,64243000,0.0,0.0,0.0
2014-07-14,161.57723335944644,161.7816476513097,161.43823313815443,161.56906127929688,58658000,0.0,0.0,0.0
2014-07-15,161.66712059931285,161.97783420865275,160.55510673459807,161.26646423339844,111307000,0.0,0.0,0.0
2014-07-16,161.98607743415388,162.10872103041714,161.42189193842407,161.86343383789062,79986400,0.0,0.0,0.0
2014-07-17,161.3646080550795,161.9778507827125,159.7946956930584,160.02365112304688,145398000,0.0,0.0,0.0
2014-07-18,160.54695207906775,161.82249496421016,160.45700931273308,161.65896606445312,124330000,0.0,0.0,0.0
2014-07-21,161.15200056340612,161.48724289744106,160.61234399785548,161.35641479492188,67592000,0.0,0.0,0.0
2014-07-22,161.90424401733773,162.3539578235719,161.78977254633764,162.05960083007812,67678000,0.0,0.0,0.0
2014-07-23,162.30493158318157,162.59111655388585,161.97787373933983,162.41940307617188,65612000,0.0,0.0,0.0
2014-07-24,162.5747360111355,162.76279361986664,162.2640223716583,162.42755126953125,56888000,0.0,0.0,0.0
2014-07-25,161.96968916351875,162.10868937095717,161.34827426971347,161.6671600341797,76837000,0.0,0.0,0.0
2014-07-28,161.69986119256254,161.96968952871265,160.76773261152442,161.73257446289062,69259000,0.0,0.0,0.0
2014-07-29,162.03506376233148,162.26400669252246,161.01299265381664,161.0375213623047,80466000,0.0,0.0,0.0
2014-07-30,161.60985551598026,161.82245426099925,160.39155491424245,161.06202697753906,104222000,0.0,0.0,0.0
2014-07-31,159.9418771902756,160.08087737521083,157.78326333186325,157.88137817382812,183479000,0.0,0.0,0.0
2014-08-01,157.44807477172515,158.42926095591787,156.63860209608427,157.39901733398438,189261000,0.0,0.0,0.0
2014-08-04,157.70147843246164,158.87073425846435,157.03100627870552,158.53549194335938,91340000,0.0,0.0,0.0
2014-08-05,157.8895464854533,158.29837492018888,156.42593370228596,156.998291015625,152690000,0.0,0.0,0.0
2014-08-06,156.26243755010094,157.71786608445714,156.237908836996,157.04739379882812,94818000,0.0,0.0,0.0
2014-08-07,157.7587648177936,157.91412166494467,155.80456482372696,156.19703674316406,135733000,0.0,0.0,0.0
2014-08-08,156.5485546405228,158.11026942917218,156.13154174560285,158.0039825439453,117014000,0.0,0.0,0.0
2014-08-11,158.60096005866026,159.16514549435212,158.38837368893994,158.4619598388672,74544000,0.0,0.0,0.0
2014-08-12,158.30660975137374,158.74813914627433,157.7587809288388,158.24119567871094,73632000,0.0,0.0,0.0
2014-08-13,158.86252688595036,159.49212608644018,158.5927111336211,159.31224060058594,69047000,0.0,0.0,0.0
2014-08-14,159.57395791809583,160.06454467773438,159.42677315668448,160.06454467773438,57371000,0.0,0.0,0.0
2014-08-15,160.64511853881658,160.79229085294773,158.87897591048707,160.03187561035156,139951000,0.0,0.0,0.0
2014-08-18,160.91491676317918,161.44638887764782,160.82497398480447,161.372802734375,75424000,0.0,0.0,0.0
2014-08-19,161.7652672078942,162.337624645587,161.43820937962872,162.21498107910156,59135000,0.0,0.0,0.0
2014-08-20,161.99420258616487,162.84457286210682,161.9615017954544,162.64833068847656,72763000,0.0,0.0,0.0
2014-08-21,162.787316255925,163.33514490540614,162.65648815192674,163.12255859375,67791000,0.0,0.0,0.0
2014-08-22,162.9917384043023,163.2779233361382,162.501151705169,162.8690948486328,76107000,0.0,0.0,0.0
2014-08-25,163.64587360586935,164.01381676535593,162.8363886738342,163.69493103027344,63855000,0.0,0.0,0.0
2014-08-26,163.80120849609375,164.20186486916006,163.76032315574753,163.80120849609375,47298000,0.0,0.0,0.0
2014-08-27,163.88295104803888,163.99743498065573,163.48230718969182,163.73577880859375,47874000,0.0,0.0,0.0
2014-08-28,163.1960840868768,163.7520970840513,163.03255525586667,163.6457977294922,58330000,0.0,0.0,0.0
2014-08-29,163.89935491516508,164.12829789347623,163.38423945219327,164.11195373535156,65907000,0.0,0.0,0.0
2014-09-02,164.32452363670265,164.34905234789187,163.41692389333517,164.03016662597656,72426000,0.0,0.0,0.0
2014-09-03,164.65977348809938,164.6843022004053,163.71128835741598,163.9402313232422,57462000,0.0,0.0,0.0
2014-09-04,164.21824046232354,164.82331117650244,163.25341112300598,163.703125,85236000,0.0,0.0,0.0
2014-09-05,163.67041099316566,164.50442468160844,163.04899612368357,164.4390106201172,102177000,0.0,0.0,0.0
2014-09-08,164.28362221844833,164.52074970534989,163.53137937051844,164.0137939453125,64146000,0.0,0.0,0.0
2014-09-09,163.86666132961986,163.98113282381013,162.64017568767133,162.9754180908203,88591000,0.0,0.0,0.0
2014-09-10,163.06532586001646,163.69492522928775,162.52568173423936,163.58863830566406,67251000,0.0,0.0,0.0
2014-09-11,162.93450197175642,163.80121633216064,162.81184594485,163.7766876220703,66774400,0.0,0.0,0.0
2014-09-12,163.6131507745798,163.6294949295422,162.35395216104206,162.8200225830078,117409300,0.0,0.0,0.0
2014-09-15,162.84457244427148,162.9754005596893,162.20680097717937,162.6973876953125,76401000,0.0,0.0,0.0
2014-09-16,162.3949046342375,164.21827678264677,162.30496183894596,163.92391967773438,116201000,0.0,0.0,0.0
2014-09-17,164.16099469446382,164.9050530611049,163.32698108487824,164.14463806152344,151266000,0.0,0.0,0.0
2014-09-18,164.64335789221403,165.04401417715454,164.43077163620865,165.0194854736328,94990000,0.0,0.0,0.0
2014-09-19,165.5444378325091,165.85659130292137,164.53400972144078,164.87081909179688,121649000,0.0,0.0,0.0
2014-09-22,164.58334968694203,164.60799305820626,163.25254496478962,163.59756469726562,125553000,0.0,0.0,0.0
2014-09-23,163.00610678568628,163.68793600555767,162.61180029116483,162.6610870361328,111393000,0.0,0.0,0.0
2014-09-24,162.68572017026568,164.04116824547012,162.2585600509073,163.9343719482422,107276000,0.0,0.0,0.0
2014-09-25,163.50715990461782,163.51538271613242,161.23167230478964,161.28916931152344,150300000,0.0,0.0,0.0
2014-09-26,161.58495197959894,162.97325379747792,161.35493881229354,162.5707244873047,103547000,0.0,0.0,0.0
2014-09-29,161.17419963346188,162.56250134145887,161.05098278029266,162.2749786376953,95112000,0.0,0.0,0.0
2014-09-30,162.39816768571174,162.8992703220862,161.51096895894517,161.8477783203125,131302000,0.0,0.0,0.0
2014-10-01,161.584933044978,161.64244259745408,159.29301191976143,159.6544647216797,177798000,0.0,0.0,0.0
2014-10-02,159.5147408497553,160.23764617534533,158.011445737777,159.67904663085938,157285000,0.0,0.0,0.0
2014-10-03,160.7470511855175,161.78212304707858,160.2541711638594,161.43710327148438,121569000,0.0,0.0,0.0
2014-10-06,162.11070939110465,162.32430201467963,160.6649104485573,161.24815368652344,104778000,0.0,0.0,0.0
2014-10-07,160.41843977568934,160.7798925900539,158.7261948127793,158.75904846191406,147913000,0.0,0.0,0.0
2014-10-08,158.84941945588642,161.76567294959213,158.01973002569693,161.53565979003906,186461000,0.0,0.0,0.0
2014-10-09,161.28101656749686,161.5028194663607,158.20046949630316,158.3319091796875,210705000,0.0,0.0,0.0
2014-10-10,158.29078447139358,159.07939726180734,156.48353324735658,156.52459716796875,221909000,0.0,0.0,0.0
2014-10-13,156.45888238181726,157.0256923137955,153.86300595701567,153.953369140625,230939000,0.0,0.0,0.0
2014-10-14,154.78305517519755,155.93313317345851,153.64941026492173,154.19158935546875,215847000,0.0,0.0,0.0
2014-10-15,152.10507649247734,154.18341765817033,149.44347963772088,153.14834594726562,380715000,0.0,0.0,0.0
2014-10-16,150.37996845823096,154.09305765843254,150.24031850944425,153.0169219970703,270391000,0.0,0.0,0.0
2014-10-17,154.78309651008732,155.8756652595581,154.12591069768982,154.8241729736328,214625000,0.0,0.0,0.0
2014-10-20,154.54484571703,156.450670447327,154.49555898341168,156.32745361328125,130011000,0.0,0.0,0.0
2014-10-21,157.4611368097179,159.53126803190665,157.29684346647912,159.4244842529297,154949000,0.0,0.0,0.0
2014-10-22,159.70371619727962,160.1144556478967,158.22505166810348,158.290771484375,151822000,0.0,0.0,0.0
2014-10-23,159.8762638860313,161.17420241249158,159.58053089854948,160.13092041015625,154944000,0.0,0.0,0.0
2014-10-24,160.39380453756925,161.41244319926489,159.76948489414252,161.36314392089844,117927000,0.0,0.0,0.0
2014-10-27,160.78805395839686,161.3795197411156,160.21302126263492,161.14129638671875,82954000,0.0,0.0,0.0
2014-10-28,161.68352105068703,162.9978800782127,161.6095784059101,162.9896697998047,106736000,0.0,0.0,0.0
2014-10-29,163.1046932001109,163.5729298132031,161.6671046394812,162.7432403564453,142557000,0.0,0.0,0.0
2014-10-30,162.3078039661506,164.25470496481606,162.15993124479303,163.78646850585938,113330000,0.0,0.0,0.0
2014-10-31,165.75801254444386,165.79087872013602,164.92832336243012,165.65943908691406,146903000,0.0,0.0,0.0
2014-11-03,165.8730642675814,166.30844720328497,165.3719614973672,165.74984741210938,93600000,0.0,0.0,0.0
2014-11-04,165.30623181391417,165.61018759726343,164.34510279416602,165.1748046875,93343000,0.0,0.0,0.0
2014-11-05,166.38234137910518,166.4234178336492,165.486932330006,166.21804809570312,91709000,0.0,0.0,0.0
2014-11-06,166.25919465022704,166.97387762848402,165.6430851766181,166.88351440429688,107089000,0.0,0.0,0.0
2014-11-07,166.89988559774514,167.25312808301717,166.4398593669697,167.03953552246094,89540000,0.0,0.0,0.0
2014-11-10,167.07239723756584,167.6145638323363,166.86702749468742,167.56527709960938,66319000,0.0,0.0,0.0
2014-11-11,167.63104076657606,167.83641056317038,167.29423129181475,167.7296142578125,54499400,0.0,0.0,0.0
2014-11-12,167.04777117544438,167.7788870344358,167.01490499370564,167.5488739013672,90120300,0.0,0.0,0.0
2014-11-13,167.71318011551497,168.26356962163666,166.93277745861934,167.73782348632812,85357900,0.0,0.0,0.0
2014-11-14,167.66386307430284,167.98423937175338,167.3516970540474,167.77886962890625,80417500,0.0,0.0,0.0
2014-11-17,167.4584753816791,168.05815145677695,167.29416957719377,167.88563537597656,80441000,0.0,0.0,0.0
2014-11-18,167.94312326561052,169.1589083464873,167.94312326561052,168.85496520996094,76068100,0.0,0.0,0.0
2014-11-19,168.65789923879782,168.85505876714114,167.82820972639567,168.58396911621094,82373000,0.0,0.0,0.0
2014-11-20,167.79532595812685,168.98648074842,167.72960612223105,168.8796844482422,72840300,0.0,0.0,0.0
2014-11-21,170.57192013045926,170.73621344380052,169.2082618136518,169.78329467773438,142327300,0.0,0.0,0.0
2014-11-24,170.18578975270128,170.36651612149424,169.9722097417522,170.2597198486328,65880800,0.0,0.0,0.0
2014-11-25,170.4897656382271,170.69513541170875,169.8818791309782,170.13653564453125,79108300,0.0,0.0,0.0
2014-11-26,170.28437674955342,170.67047288313998,170.07079672162726,170.5718994140625,62167800,0.0,0.0,0.0
2014-11-28,170.44866987217276,170.76082334590794,169.972210582523,170.21043395996094,57890100,0.0,0.0,0.0
2014-12-01,169.55331887117373,169.668325469317,168.7154190281779,169.02757263183594,103968400,0.0,0.0,0.0
2014-12-02,169.06857936617251,170.32544114701997,169.043936000648,170.1200714111328,74507200,0.0,0.0,0.0
2014-12-03,170.2926130737235,170.99086275971644,170.1283197673002,170.77728271484375,68952000,0.0,0.0,0.0
2014-12-04,170.48971662572723,171.08940521693367,169.79967739354814,170.5883026123047,91316600,0.0,0.0,0.0
2014-12-05,170.76086422350582,171.2537567196929,170.4979974177091,170.86766052246094,91025500,0.0,0.0,0.0
2014-12-08,170.47330258163194,170.96618239424504,169.16714162149046,169.7257537841797,108588200,0.0,0.0,0.0
2014-12-09,167.88569801362604,169.71760563197813,167.50782460578156,169.61080932617188,125180100,0.0,0.0,0.0
2014-12-10,169.1507451227983,169.20824213513163,166.7027286600397,166.8916778564453,159856400,0.0,0.0,0.0
2014-12-11,167.48316696474103,169.38078172601433,167.3435170185409,167.73782348632812,159012800,0.0,0.0,0.0
2014-12-12,166.46453554338706,167.43388746481128,164.9940933705714,165.02694702148438,202330200,0.0,0.0,0.0
2014-12-15,165.9223033812234,166.37411927955355,163.2935734292659,163.89324951171875,189965800,0.0,0.0,0.0
2014-12-16,163.12933852595322,166.26738250350382,162.5378725082869,162.57894897460938,259543800,0.0,0.0,0.0
2014-12-17,163.01430333652465,166.21806659106207,162.8910739591806,165.76625061035156,253910100,0.0,0.0,0.0
2014-12-18,168.18960592590847,174.9503742225222,167.5159871654493,169.86541748046875,257633900,0.0,0.0,0.0
2014-12-19,170.5138298050776,171.2572489465312,169.83650580930632,170.5881805419922,245084600,0.0,0.0,0.0
2014-12-22,170.77820961900173,171.37294006347656,170.53867136406922,171.37294006347656,148318900,0.0,0.0,0.0
2014-12-23,171.95118737965487,172.00074616108745,171.31515360869037,171.60426330566406,122167900,0.0,0.0,0.0
2014-12-24,171.8272002383737,172.09151780193486,171.5793938573153,171.62069702148438,42963400,0.0,0.0,0.0
2014-12-26,172.0667323397411,172.51278633066443,172.01717358607308,172.1741180419922,57326700,0.0,0.0,0.0
2014-12-29,171.9924804343198,172.6119903736604,171.92639786164804,172.40548706054688,79643900,0.0,0.0,0.0
2014-12-30,171.98423054334367,172.11638308910827,171.40601116427862,171.48036193847656,73540800,0.0,0.0,0.0
2014-12-31,171.80241277812058,171.9676128230689,169.65477438192607,169.77867126464844,130333800,0.0,0.0,0.0
2015-01-02,170.47252742690722,170.88553383109766,168.6552891653052,169.68780517578125,121465900,0.0,0.0,0.0
2015-01-05,168.6470660413276,168.8122661140158,166.3177160273211,166.6233367919922,169632600,0.0,0.0,0.0
2015-01-06,166.92893414109756,167.4493262708284,164.2609161597577,165.05389404296875,209151400,0.0,0.0,0.0
2015-01-07,166.3755210016873,167.44934031956146,165.9294795701786,167.1106719970703,125346700,0.0,0.0,0.0
2015-01-08,168.51485570199495,170.29079066750828,168.49834452192908,170.07601928710938,147217800,0.0,0.0,0.0
2015-01-09,170.48910371663968,170.50562750822505,168.10192629293343,168.7131805419922,158567300,0.0,0.0,0.0
2015-01-12,168.84533157044453,169.0022760675028,166.78855452639888,167.39154052734375,144396100,0.0,0.0,0.0
2015-01-13,168.60576096190292,169.72913908899594,165.62385367921945,166.9207000732422,214553300,0.0,0.0,0.0
2015-01-14,164.91352813914077,166.11125734633688,164.02144498652336,165.9130096435547,192991100,0.0,0.0,0.0
2015-01-15,166.54896025835984,166.86283654292797,164.27742512162916,164.39306640625,176613900,0.0,0.0,0.0
2015-01-16,164.18664354580645,166.70598626909864,164.00491963763713,166.54904174804688,211879600,0.0,0.0,0.0
2015-01-20,167.1850467519091,167.44937699436866,165.34304106412313,166.90420532226562,130991100,0.0,0.0,0.0
2015-01-21,166.44169302529534,168.2258849184086,165.97912755759123,167.74679565429688,122942700,0.0,0.0,0.0
2015-01-22,168.49835395998116,170.3733939227786,167.12716970045457,170.24124145507812,174356000,0.0,0.0,0.0
2015-01-23,169.9851546972276,170.24122923165683,169.17566574838096,169.30783081054688,117516800,0.0,0.0,0.0
2015-01-26,169.09310423115286,169.795207625169,168.3827326417059,169.704345703125,92009700,0.0,0.0,0.0
2015-01-27,167.6558760859974,168.60578608771726,166.63988352531177,167.4658966064453,134044600,0.0,0.0,0.0
2015-01-28,168.64703747352567,168.74615497955716,165.12822736589715,165.31820678710938,168514300,0.0,0.0,0.0
2015-01-29,165.51646277051452,167.1024059669704,164.11223080965064,166.84634399414062,173585400,0.0,0.0,0.0
2015-01-30,165.67346483912053,166.99507832706456,164.48400387719852,164.74832153320312,197729700,0.0,0.0,0.0
2015-02-02,165.24390342208943,166.87940563546837,163.4349329327051,166.78854370117188,163107000,0.0,0.0,0.0
2015-02-03,167.68063958790245,169.20876868484345,167.30893625739083,169.20050048828125,124212900,0.0,0.0,0.0
2015-02-04,168.44057206127013,169.64655660572535,168.10190370106497,168.55621337890625,134306700,0.0,0.0,0.0
2015-02-05,169.2170557191821,170.40651668099608,169.14271756005886,170.25782775878906,97953200,0.0,0.0,0.0
2015-02-06,170.62122529181084,171.18292062670562,169.26656461865574,169.78695678710938,125672000,0.0,0.0,0.0
2015-02-09,169.14272569388106,169.86135314121785,168.62233334707244,169.02708435058594,87219000,0.0,0.0,0.0
2015-02-10,170.05960307410575,171.08385138415224,169.06837714263187,170.82778930664062,96164200,0.0,0.0,0.0
2015-02-11,170.6625165467923,171.35636432033186,170.0182275279404,170.9268341064453,91087800,0.0,0.0,0.0
2015-02-12,171.7198861110306,172.6285056856697,170.95995546858762,172.5706787109375,97545900,0.0,0.0,0.0
2015-02-13,172.69454368851316,173.3305646226638,172.43846907159076,173.281005859375,93670400,0.0,0.0,0.0
2015-02-17,172.96714451626255,173.7270876879443,172.71935066023605,173.55361938476562,76968200,0.0,0.0,0.0
2015-02-18,173.1818717963169,173.64443701478808,172.91754161207228,173.57009887695312,80652900,0.0,0.0,0.0
2015-02-19,172.9753766774431,173.80964522816615,172.83495598696246,173.44619750976562,91462500,0.0,0.0,0.0
2015-02-20,173.0332236230692,174.56135292583096,172.41371378745657,174.4870147705078,140896400,0.0,0.0,0.0
2015-02-23,174.2391921889939,174.46221923828125,173.85922064591023,174.46221923828125,74411100,0.0,0.0,0.0
2015-02-24,174.38787367741764,175.15607237940614,174.09050847083483,174.95782470703125,72472300,0.0,0.0,0.0
2015-02-25,174.83389192729734,175.31298091762983,174.47044423780673,174.80911254882812,73061700,0.0,0.0,0.0
2015-02-26,174.71828719907174,174.87523169819997,173.99964726116664,174.60264587402344,72697900,0.0,0.0,0.0
2015-02-27,174.5034583905861,174.76778853466683,173.95829952534078,174.0078582763672,108076000,0.0,0.0,0.0
2015-03-02,174.1070098663145,175.16430544173227,174.05745110558516,175.1064910888672,87491400,0.0,0.0,0.0
2015-03-03,174.67694218695533,175.15603116282256,173.52878480470744,174.38783264160156,110325800,0.0,0.0,0.0
2015-03-04,173.79316120112242,173.86751196341103,172.68630660836746,173.65274047851562,114497200,0.0,0.0,0.0
2015-03-05,173.97481910043814,174.12350796464634,173.33879829297229,173.84266662597656,76873000,0.0,0.0,0.0
2015-03-06,172.98364859577046,173.41317890386983,171.06730490510006,171.397705078125,188128000,0.0,0.0,0.0
2015-03-09,171.5959387365701,172.46324227095045,171.43899425580943,172.10806274414062,89818900,0.0,0.0,0.0
2015-03-10,170.74512768789077,170.8277214133803,169.27481316828494,169.3161163330078,157121300,0.0,0.0,0.0
2015-03-11,169.57217657973325,169.7456448282181,168.8370256294043,168.9196319580078,110145700,0.0,0.0,0.0
2015-03-12,169.5474329380123,171.13337647061587,169.497874171987,171.0673065185547,93993500,0.0,0.0,0.0
2015-03-13,170.79470371277253,171.7528691698583,168.9857333090318,170.01824951171875,162410900,0.0,0.0,0.0
2015-03-16,170.74515462838175,172.3806568570192,170.0430385291803,172.289794921875,136099200,0.0,0.0,0.0
2015-03-17,171.55463715174756,172.15762309564545,170.96816239253445,171.7776641845703,94510400,0.0,0.0,0.0
2015-03-18,171.30680117516405,174.51173500502452,170.6707677637426,173.84266662597656,228808500,0.0,0.0,0.0
2015-03-19,173.42966934545456,173.850931375652,172.66147081514595,173.04969787597656,117917300,0.0,0.0,0.0
2015-03-20,173.9964219067773,175.08332706439776,173.813886863184,174.57720947265625,177715100,0.0,0.0,0.0
2015-03-23,174.5854872808226,175.15798235498923,174.2370147705078,174.2370147705078,71784500,0.0,0.0,0.0
2015-03-24,174.11257043384242,174.5688953590549,173.191602819688,173.2579803466797,77805300,0.0,0.0,0.0
2015-03-25,173.46540362154204,173.69771863356073,170.67761081709924,170.71908569335938,159521700,0.0,0.0,0.0
2015-03-26,170.05534076691788,171.22520830472868,169.35838305008411,170.3125457763672,153067200,0.0,0.0,0.0
2015-03-27,170.19641226043072,170.87675986583287,170.00557209213895,170.70252990722656,118939000,0.0,0.0,0.0
2015-03-30,171.7313419103126,173.08375727229875,171.71475702185867,172.78506469726562,96180400,0.0,0.0,0.0
2015-03-31,171.9636618523457,172.66061965410185,171.21693672358907,171.27500915527344,126768700,0.0,0.0,0.0
2015-04-01,171.24183724971087,171.2667272448523,169.68199669966828,170.66934204101562,137303600,0.0,0.0,0.0
2015-04-02,170.6029041065504,171.7312965743181,170.42036909998382,171.28326416015625,86900900,0.0,0.0,0.0
2015-04-06,170.39551652393973,172.9509945167097,170.262774121107,172.43658447265625,114368200,0.0,0.0,0.0
2015-04-07,172.4614980599821,173.20822323643148,171.947087945549,171.9802703857422,81236300,0.0,0.0,0.0
2015-04-08,172.2042701655457,173.0007752267654,171.81431007882907,172.56103515625,89351900,0.0,0.0,0.0
2015-04-09,172.3951263173616,173.5567016665092,171.9056061816652,173.3243865966797,85548900,0.0,0.0,0.0
2015-04-10,173.57324239659198,174.3116749111512,173.37412249347702,174.2701873779297,72722900,0.0,0.0,0.0
2015-04-13,174.12915970810909,174.7597399003102,173.4322146474628,173.48199462890625,74436600,0.0,0.0,0.0
2015-04-14,173.28286574935842,173.99640832035578,172.66059069303114,173.81387329101562,75099900,0.0,0.0,0.0
2015-04-15,174.27850309836572,175.09989806919253,174.19552802686758,174.59378051757812,99529300,0.0,0.0,0.0
2015-04-16,174.26188088326768,175.05009331004587,174.0627483359927,174.54397583007812,68934900,0.0,0.0,0.0
2015-04-17,173.35754046703426,173.5981479249098,171.7562126949012,172.5361328125,191113200,0.0,0.0,0.0
2015-04-20,173.4571243470922,174.4444696253035,173.37416192199962,174.1125946044922,92189500,0.0,0.0,0.0
2015-04-21,174.7929085814658,174.95055361711223,173.60644358302048,173.90513610839844,72559800,0.0,0.0,0.0
2015-04-22,174.24531243943684,174.94227014118775,173.3243448273341,174.75973510742188,78264600,0.0,0.0,0.0
2015-04-23,174.36147293633184,175.8466432219657,174.24531542741792,175.19947814941406,102585900,0.0,0.0,0.0
2015-04-24,175.6143231698028,175.87152817072322,175.1579855906446,175.60601806640625,61327400,0.0,0.0,0.0
2015-04-27,176.17023044811464,176.29468040375724,174.68506012294367,174.8759002685547,79358100,0.0,0.0,0.0
2015-04-28,174.8509904598969,175.48155793071655,173.68111036857317,175.43177795410156,86863500,0.0,0.0,0.0
2015-04-29,174.5440107847622,175.30733337852325,173.90515080555448,174.7099609375,125684900,0.0,0.0,0.0
2015-04-30,174.1374314558223,174.52739144939122,172.2623014458399,172.95925903320312,161304900,0.0,0.0,0.0
2015-05-01,173.73917105110024,174.87586863463142,173.63961110459596,174.83438110351562,103399700,0.0,0.0,0.0
2015-05-04,175.25750122730196,175.9129712189305,175.14964885239016,175.33218383789062,70927200,0.0,0.0,0.0
2015-05-05,175.09165227666028,175.4484299868982,173.1833390657276,173.3243865966797,113326200,0.0,0.0,0.0
2015-05-06,173.87197243782254,174.17895746152567,171.54880933841025,172.61082458496094,135060200,0.0,0.0,0.0
2015-05-07,172.5112411819484,173.722608883763,172.17936621005825,173.29945373535156,88244900,0.0,0.0,0.0
2015-05-08,174.96716101043745,175.78026356297747,174.884185936411,175.5811309814453,155877300,0.0,0.0,0.0
2015-05-11,175.53971250189247,175.805210035682,174.66852458559572,174.74319458007812,75708100,0.0,0.0,0.0
2015-05-12,173.91342824033026,174.75972583742453,173.09202063195485,174.2204132080078,119727600,0.0,0.0,0.0
2015-05-13,174.6269635497374,175.24923856234108,174.0212860823308,174.25360107421875,94667900,0.0,0.0,0.0
2015-05-14,175.26585334388207,176.1619309693813,174.99205079218353,176.07066345214844,95934000,0.0,0.0,0.0
2015-05-15,176.26148986816406,176.40253736481634,175.7802622947641,176.26148986816406,76510100,0.0,0.0,0.0
2015-05-18,176.09553949672417,177.05798191288406,176.02916197488247,176.80908203125,74549700,0.0,0.0,0.0
2015-05-19,176.92520384593013,177.19900632072304,176.46886638794197,176.75096130371094,72114600,0.0,0.0,0.0
2015-05-20,176.85061213628197,177.3733273713964,176.3113120106909,176.62660217285156,76857500,0.0,0.0,0.0
2015-05-21,176.48554883127272,177.34843153585038,176.31959865019664,177.14100646972656,64764600,0.0,0.0,0.0
2015-05-22,176.75929408842902,177.17414411579225,176.6514416902629,176.7178192138672,57433500,0.0,0.0,0.0
2015-05-26,176.228297708819,176.65145286603982,174.4029600049852,174.81781005859375,124308600,0.0,0.0,0.0
2015-05-27,175.27412563801573,176.70950309837983,174.8675680788576,176.47718811035156,93214000,0.0,0.0,0.0
2015-05-28,176.17022636479442,176.3859438363147,175.58943881822523,176.27809143066406,74974600,0.0,0.0,0.0
2015-05-29,176.2117246051281,176.2531994850872,174.91739437695398,175.18289184570312,124919600,0.0,0.0,0.0
2015-06-01,175.84662729540608,176.17850224503937,174.7514171732241,175.53964233398438,93338800,0.0,0.0,0.0
2015-06-02,175.0833224787473,176.0540700977669,174.46104739012816,175.36541748046875,91531000,0.0,0.0,0.0
2015-06-03,175.8964251361335,176.45232269634687,175.3405275759201,175.83004760742188,87820900,0.0,0.0,0.0
2015-06-04,175.12484522024155,175.78030287485055,174.0296347672078,174.3449249267578,151882800,0.0,0.0,0.0
2015-06-05,174.1955130192715,174.71822807219536,173.39070300390694,174.04617309570312,121704700,0.0,0.0,0.0
2015-06-08,173.9383617105217,174.0877143403882,172.90123638724768,172.9759063720703,89063300,0.0,0.0,0.0
2015-06-09,172.9510040283203,173.49031675404825,172.32043643447227,172.9510040283203,105034700,0.0,0.0,0.0
2015-06-10,173.71426489286685,175.40685978717306,173.65619248288448,175.0251922607422,134551300,0.0,0.0,0.0
2015-06-11,175.46496915471943,175.971086709297,175.2326541454266,175.5894317626953,73876400,0.0,0.0,0.0
2015-06-12,174.7680612814801,175.46500645752488,173.9715434658424,174.24534606933594,135382400,0.0,0.0,0.0
2015-06-15,173.10860566512972,173.78066063239635,172.403355608492,173.49856567382812,124384200,0.0,0.0,0.0
2015-06-16,173.34926288666625,174.52744835364663,173.17503292818068,174.44447326660156,85308200,0.0,0.0,0.0
2015-06-17,174.7265625,175.33225276281615,173.70603479640596,174.7265625,126708600,0.0,0.0,0.0
2015-06-18,175.3239341446082,177.00822441202155,174.75974412764305,176.54359436035156,165867900,0.0,0.0,0.0
2015-06-19,176.30179312772805,176.37682630299184,175.38467857961558,175.75985717773438,130478700,0.0,0.0,0.0
2015-06-22,176.67698711889116,177.24392145490066,176.45187485168697,176.66030883789062,70696000,0.0,0.0,0.0
2015-06-23,176.8687638249379,177.1188871824413,176.39354089530357,176.78538513183594,68476800,0.0,0.0,0.0
2015-06-24,176.51860864780568,176.89378734958865,175.47643851962894,175.50144958496094,92307300,0.0,0.0,0.0
2015-06-25,176.00170237269924,176.12675770364896,174.89283179166455,174.96786499023438,97107400,0.0,0.0,0.0
2015-06-26,175.3263229424074,175.56811348606794,174.38420999329747,174.93447875976562,104174800,0.0,0.0,0.0
2015-06-29,173.45878205663925,174.9428311592116,171.19101905728778,171.26605224609375,202621300,0.0,0.0,0.0
2015-06-30,172.80005411145086,172.8500889390393,171.14926101134824,171.62449645996094,182925100,0.0,0.0,0.0
2015-07-01,173.1919998852783,173.44212326454112,172.2165301557765,173.000244140625,135979900,0.0,0.0,0.0
2015-07-02,173.47545965044043,173.6422043099479,172.4249441241193,172.84181213378906,104373700,0.0,0.0,0.0
2015-07-06,171.55789823748768,173.12531361343667,171.35779697336875,172.34994506835938,117975400,0.0,0.0,0.0
2015-07-07,172.5499731339721,173.55878636499753,170.17382092755489,173.43373107910156,173820200,0.0,0.0,0.0
2015-07-08,172.09976241238823,172.3832295642684,170.29055704167047,170.5240020751953,164020100,0.0,0.0,0.0
2015-07-09,172.616606325594,172.87507503786884,170.7240357467547,170.83241271972656,144113100,0.0,0.0,0.0
2015-07-10,172.82512389656327,173.4004037522597,170.87418477691543,172.98353576660156,129456900,0.0,0.0,0.0
2015-07-13,174.24244832829405,175.00113823296545,174.20075899419595,174.89276123046875,106069400,0.0,0.0,0.0
2015-07-14,174.85110984533196,175.95998021965312,174.79274222056702,175.6514892578125,81709600,0.0,0.0,0.0
2015-07-15,175.693199165046,176.15175654972325,175.11791923897846,175.59315490722656,97914100,0.0,0.0,0.0
2015-07-16,176.6436231738465,177.00213623046875,176.4018453575481,177.00213623046875,106683300,0.0,0.0,0.0
2015-07-17,176.99379455908894,177.21057404232326,176.58527209631774,177.15220642089844,89030000,0.0,0.0,0.0
2015-07-20,177.37734308080402,177.73584347269255,176.92713121534828,177.2439422607422,70446800,0.0,0.0,0.0
2015-07-21,177.1104981066195,177.36896690292505,176.24341843197277,176.54356384277344,77965000,0.0,0.0,0.0
2015-07-22,175.8599302436575,176.56027815967445,175.82658640089568,176.22677612304688,88667900,0.0,0.0,0.0
2015-07-23,176.36019849648346,176.4602427588005,174.87614923703148,175.23464965820312,90509100,0.0,0.0,0.0
2015-07-24,175.33470989252405,175.3930648060229,173.08362489603817,173.4171142578125,117755000,0.0,0.0,0.0
2015-07-27,172.53331692506055,173.04189635575844,171.96636987227896,172.4082489013672,132361100,0.0,0.0,0.0
2015-07-28,173.24197951304296,174.6676735197943,172.41658910232414,174.52593994140625,123544800,0.0,0.0,0.0
2015-07-29,174.65099030361242,175.95161625375798,174.5092567292299,175.7265167236328,105791300,0.0,0.0,0.0
2015-07-30,175.21798063623257,175.93499418622278,174.60101134658413,175.76824951171875,91304400,0.0,0.0,0.0
2015-07-31,176.2684852726826,176.29349633801456,175.21798236332967,175.50144958496094,103266900,0.0,0.0,0.0
2015-08-03,175.46809922643948,175.52645413611395,173.95902625052986,174.90948486328125,113965700,0.0,0.0,0.0
2015-08-04,174.83441582600307,175.29297311573126,174.08405860412074,174.567626953125,81820800,0.0,0.0,0.0
2015-08-05,175.45974010894733,176.1767535837583,174.85944916623106,175.14292907714844,85786800,0.0,0.0,0.0
2015-08-06,175.32634530357268,175.43473505916185,173.1252826787766,173.7089080810547,116030800,0.0,0.0,0.0
2015-08-07,173.55045633576466,173.70052268121708,172.47492997282495,173.3753662109375,117858000,0.0,0.0,0.0
2015-08-10,174.4842877735788,175.64318042898392,174.4842877735788,175.559814453125,80270700,0.0,0.0,0.0
2015-08-11,174.22578553646764,174.64265347090495,173.2169595375375,173.9756622314453,126081400,0.0,0.0,0.0
2015-08-12,172.6750827731882,174.36756602465627,171.21604461007414,174.18414306640625,172123700,0.0,0.0,0.0
2015-08-13,174.0257163564138,174.7093860011013,173.4254254026694,173.9673614501953,89383300,0.0,0.0,0.0
2015-08-14,173.7755946750251,174.67603111429312,173.63386107650172,174.6009979248047,72786500,0.0,0.0,0.0
2015-08-17,174.00903163484438,175.57644653320312,173.5504743287551,175.57644653320312,79072600,0.0,0.0,0.0
2015-08-18,175.30131614183904,175.6514837139726,174.83442604566096,175.06787109375,71692700,0.0,0.0,0.0
2015-08-19,174.3258205748909,175.09285600718206,172.87512838151815,173.68385314941406,172946000,0.0,0.0,0.0
2015-08-20,172.1748281472573,173.65887730749114,169.99877653472075,170.05714416503906,194327900,0.0,0.0,0.0
2015-08-21,168.18955347177467,170.0321155609395,164.67953216633668,164.93798828125,346588500,0.0,0.0,0.0
2015-08-24,156.31716098493249,164.64617515076566,152.07343524562975,157.9929656982422,507244300,0.0,0.0,0.0
2015-08-25,162.9370352578318,162.95371354145988,155.8419458295441,156.13375854492188,369833100,0.0,0.0,0.0
2015-08-26,160.14395508139316,162.40337170840206,157.05079003103154,162.1282501220703,339257000,0.0,0.0,0.0
2015-08-27,164.26267427664732,166.26363563658603,162.75361411543824,166.13858032226562,274143900,0.0,0.0,0.0
2015-08-28,165.49656815069264,166.61377114946035,165.01299982544998,166.14688110351562,160414400,0.0,0.0,0.0
2015-08-31,165.1714418279935,166.02185612224434,164.2543271261738,164.80459594726562,163298800,0.0,0.0,0.0
2015-09-01,161.01106433624992,162.3867361308454,159.0184361505627,159.88552856445312,256000400,0.0,0.0,0.0
2015-09-02,162.26167538279665,162.96202320130396,160.42745896303018,162.9203338623047,160269300,0.0,0.0,0.0
2015-09-03,163.62896304194732,165.12135706130815,162.54511681508288,163.03701782226562,152087800,0.0,0.0,0.0
2015-09-04,160.78599337005926,161.62806215377893,159.75215614582967,160.5692138671875,207081000,0.0,0.0,0.0
2015-09-08,163.36221854722507,164.75455600996594,162.7202383253575,164.60447692871094,116025700,0.0,0.0,0.0
2015-09-09,166.18023161757117,166.3052869032578,162.03656352783142,162.4033966064453,149347700,0.0,0.0,0.0
2015-09-10,162.21165920366735,164.42939981290357,161.9532031029294,163.2871856689453,158611100,0.0,0.0,0.0
2015-09-11,162.895369450869,164.0959515157723,162.1866886503402,164.0292510986328,119691200,0.0,0.0,0.0
2015-09-14,164.20432249066465,164.2543446212188,162.93704005547906,163.4206085205078,79452000,0.0,0.0,0.0
2015-09-15,163.92084010360617,165.90513591068714,163.3789167770044,165.4632568359375,113806200,0.0,0.0,0.0
2015-09-16,165.7633483866192,167.08898517960765,165.4215136749285,166.897216796875,99581600,0.0,0.0,0.0
2015-09-17,166.76390058189295,169.1567191508858,166.14693127954274,166.52210998535156,276046600,0.0,0.0,0.0
2015-09-18,164.01876403278732,166.5078213622885,163.3902112311698,163.8008575439453,223657500,0.0,0.0,0.0
2015-09-21,164.63055861904252,165.66975777619078,163.5997355626022,164.64732360839844,105726200,0.0,0.0,0.0
2015-09-22,162.48512807068556,162.97121054142366,161.37886876736252,162.51026916503906,153890900,0.0,0.0,0.0
2015-09-23,162.67783852718148,163.14715588396928,161.67215665007348,162.25042724609375,92790600,0.0,0.0,0.0
2015-09-24,161.03525019150445,162.12474445816738,159.70272109335767,161.66380310058594,159378800,0.0,0.0,0.0
2015-09-25,163.12202764694086,163.42373351263564,160.7502868003842,161.62188720703125,155054800,0.0,0.0,0.0
2015-09-28,160.72509511724047,160.83404833075986,157.25548514789057,157.56556701660156,178515900,0.0,0.0,0.0
2015-09-29,157.78355517661606,159.0155199795745,156.66053085567307,157.6578369140625,159045600,0.0,0.0,0.0
2015-09-30,159.54349491300738,160.7670836071366,158.7640953986758,160.59947204589844,163452000,0.0,0.0,0.0
2015-10-01,160.97655705897594,161.32016897733686,159.082522639908,161.01846313476562,131079000,0.0,0.0,0.0
2015-10-02,159.04063173097632,163.44887766254922,158.495878269638,163.42373657226562,211003300,0.0,0.0,0.0
2015-10-05,164.64730088545105,166.5581001942391,164.53834765158405,166.33181762695312,126320800,0.0,0.0,0.0
2015-10-06,166.19776314261216,166.75926885770076,165.09989280505525,165.761962890625,110274500,0.0,0.0,0.0
2015-10-07,166.69220479911124,167.4716169552266,165.50214631315984,167.11962890625,124307300,0.0,0.0,0.0
2015-10-08,166.73409610650796,168.91308416476795,166.4323902644095,168.62814331054688,153055200,0.0,0.0,0.0
2015-10-09,168.77068111686847,169.20646867215115,168.10022200142993,168.72877502441406,107069200,0.0,0.0,0.0
2015-10-12,168.80412730347533,169.0890681515825,168.37671603131454,168.887939453125,56395600,0.0,0.0,0.0
2015-10-13,168.1588314648313,169.4243260345395,167.6559968652406,167.8236083984375,88038700,0.0,0.0,0.0
2015-10-14,167.76492510688843,168.34319572404036,166.72572600400844,167.01904296875,99106200,0.0,0.0,0.0
2015-10-15,167.68117892937616,169.59197900820092,167.31242579347253,169.58360290527344,134142200,0.0,0.0,0.0
2015-10-16,169.98584592238217,170.37135120218616,169.22319867641423,170.35459899902344,114580100,0.0,0.0,0.0
2015-10-19,169.7092526096829,170.43836975097656,169.3991706600181,170.43836975097656,76523900,0.0,0.0,0.0
2015-10-20,170.00259578875122,170.83227734943787,169.75117209632427,170.22048950195312,78448500,0.0,0.0,0.0
2015-10-21,170.6395042149771,170.79035073953665,168.99688070478732,169.1645050048828,102038000,0.0,0.0,0.0
2015-10-22,170.1115543212638,172.23187176059804,169.1645433085749,172.02235412597656,174911700,0.0,0.0,0.0
2015-10-23,173.69006531550164,174.27671195318962,172.89390110807238,173.907958984375,144442300,0.0,0.0,0.0
2015-10-26,173.73195340040317,173.7906116641302,173.11177685451898,173.48052978515625,69033000,0.0,0.0,0.0
2015-10-27,172.81011938125604,173.48057828002285,172.46650743729634,173.14535522460938,77905800,0.0,0.0,0.0
2015-10-28,173.48060264294352,175.1399787397741,172.8185325397445,175.11483764648438,135906700,0.0,0.0,0.0
2015-10-29,174.6119662542559,175.38298945811434,174.49463691427613,175.0142364501953,90525500,0.0,0.0,0.0
2015-10-30,175.20704895599116,175.52551989679264,174.10080234195664,174.26002502441406,131076900,0.0,0.0,0.0
2015-11-02,174.5868408471371,176.51439263594077,174.46112260790636,176.32164001464844,86270800,0.0,0.0,0.0
2015-11-03,175.96961336301297,177.3859541472577,175.74333081238626,176.83282470703125,95246100,0.0,0.0,0.0
2015-11-04,177.1262031778266,177.2519086361511,175.76014418697665,176.2965087890625,96224500,0.0,0.0,0.0
2015-11-05,176.35512680022677,176.8160680220549,175.23211566918215,176.12046813964844,78408700,0.0,0.0,0.0
2015-11-06,175.77684844755572,176.26293069837328,174.70411961400538,176.02825927734375,110471500,0.0,0.0,0.0
2015-11-09,175.4165348072266,175.56739414738445,173.43868791009058,174.38571166992188,131008700,0.0,0.0,0.0
2015-11-10,173.90801773697598,174.82152436849697,173.6398418068349,174.78799438476562,75874600,0.0,0.0,0.0
2015-11-11,175.05618423722112,175.10646642520203,174.0337371218026,174.1007843017578,67846000,0.0,0.0,0.0
2015-11-12,173.06156452946777,173.53088198042622,171.65361217659247,171.6703643798828,121315200,0.0,0.0,0.0
2015-11-13,171.25967005237672,171.5278458972901,169.6589527183827,169.7427520751953,153577100,0.0,0.0,0.0
2015-11-16,169.55836844755993,172.38266092018162,169.4410263435248,172.32398986816406,117645200,0.0,0.0,0.0
2015-11-17,172.63416454297757,173.51412842756272,171.7039056813815,172.1983642578125,121123700,0.0,0.0,0.0
2015-11-18,172.6760839534294,175.07296670237272,172.63419064816546,174.9304962158203,121342500,0.0,0.0,0.0
2015-11-19,174.81310398174264,175.19862199754098,174.48625703293217,174.7795867919922,88220500,0.0,0.0,0.0
2015-11-20,175.53381797540212,176.0953235296875,175.03935957821705,175.41648864746094,94011500,0.0,0.0,0.0
2015-11-23,175.47517757537733,175.9780121229308,174.75443654807228,175.2153778076172,64931200,0.0,0.0,0.0
2015-11-24,174.2096893297508,175.85231293454058,173.82418410838238,175.45004272460938,98874400,0.0,0.0,0.0
2015-11-25,175.57572749693176,175.77686897218496,175.1650684470999,175.4248809814453,51980100,0.0,0.0,0.0
2015-11-27,175.51711484805486,175.8272096574253,175.0394212687719,175.62606811523438,37317800,0.0,0.0,0.0
2015-11-30,175.78526418784404,175.9025935308499,174.78795837832422,174.89691162109375,112822700,0.0,0.0,0.0
2015-12-01,175.52546763035855,176.6820088811428,175.2489028622171,176.56466674804688,97858400,0.0,0.0,0.0
2015-12-02,176.51433519343627,176.83280595032042,174.5113479977439,174.7627716064453,108441300,0.0,0.0,0.0
2015-12-03,175.014230831383,175.2824066907532,171.59490230582782,172.31564331054688,166224200,0.0,0.0,0.0
2015-12-04,172.3156725330037,175.96966035065273,172.3156725330037,175.67633056640625,192913900,0.0,0.0,0.0
2015-12-07,175.34949288008443,175.76852814381505,173.6482107323735,174.61199951171875,102027100,0.0,0.0,0.0
2015-12-08,173.05316968576795,174.56168624677528,172.45813404692703,173.4386749267578,103372400,0.0,0.0,0.0
2015-12-09,172.801735673859,174.88852275963552,171.1172060065192,172.08937072753906,162401500,0.0,0.0,0.0
2015-12-10,172.1564097185433,173.84092651795578,171.92175104363824,172.53353881835938,116128900,0.0,0.0,0.0
2015-12-11,170.4216620739042,171.08373222295276,168.8796024470076,169.189697265625,211173300,0.0,0.0,0.0
2015-12-14,169.34889219017325,170.17019760312135,167.5721742429756,170.0444793701172,182385200,0.0,0.0,0.0
2015-12-15,171.55302505022993,172.73470749855906,170.01935453413182,171.82958984375,154069600,0.0,0.0,0.0
2015-12-16,172.95259575159645,174.645501651764,171.6368317866301,174.3437957763672,197017000,0.0,0.0,0.0
2015-12-17,174.6539444837443,174.72099168033185,171.6704145692965,171.6871795654297,173092500,0.0,0.0,0.0
2015-12-18,170.9469351054431,171.0818146567759,168.4683416450139,168.62852478027344,251393500,0.0,0.0,0.0
2015-12-21,169.8003255285047,170.19656384250655,168.6874827238922,170.01951599121094,99094300,0.0,0.0,0.0
2015-12-22,170.90476303100496,171.85742293411286,169.9183864593483,171.56234741210938,111026200,0.0,0.0,0.0
2015-12-23,172.56557498754754,173.7289993524299,172.47283807637507,173.6868438720703,110987200,0.0,0.0,0.0
2015-12-24,173.43393705200427,173.94820307781427,173.18101701464653,173.40020751953125,48539600,0.0,0.0,0.0
2015-12-28,172.7089070220809,173.0461251635995,171.93329500535015,173.0039825439453,65899900,0.0,0.0,0.0
2015-12-29,174.09991383300613,175.17902711134462,174.06619717107773,174.85023498535156,92640700,0.0,0.0,0.0
2015-12-30,174.60577723904296,174.69008820124438,173.46764356955748,173.6109619140625,63317700,0.0,0.0,0.0
2015-12-31,172.9365444743356,173.57726411896667,171.87428283691406,171.87428283691406,114877900,0.0,0.0,0.0
2016-01-04,169.02472259585497,169.47996830831684,167.42290449220576,169.47154235839844,222353500,0.0,0.0,0.0
2016-01-05,169.79192589823398,170.2134550219774,168.6538049825555,169.75820922851562,110845800,0.0,0.0,0.0
2016-01-06,167.2121593520333,168.66222047693086,166.58830452056264,167.61683654785156,152112600,0.0,0.0,0.0
2016-01-07,164.67455717559412,166.45341046435007,163.2076312994672,163.59544372558594,213436100,0.0,0.0,0.0
2016-01-08,164.55648575645847,165.1129070990716,161.51304599731174,161.7996826171875,209817200,0.0,0.0,0.0
2016-01-11,162.7186317529785,163.05586269586863,160.02928734368356,161.9598846435547,187941300,0.0,0.0,0.0
2016-01-12,163.40150918986092,164.01693793340905,161.14210704043757,163.26661682128906,172330500,0.0,0.0,0.0
2016-01-13,163.93265430613445,164.2783112341863,158.81529803706786,159.19467163085938,221168900,0.0,0.0,0.0
2016-01-14,159.8016965822818,162.92943553919108,158.208316977203,161.80816650390625,240795600,0.0,0.0,0.0
2016-01-15,157.45800285707142,159.13568064709096,156.4041799782958,158.33477783203125,324846400,0.0,0.0,0.0
2016-01-19,160.14733520491595,160.27378878445893,156.9774282612069,158.54551696777344,195244400,0.0,0.0,0.0
2016-01-20,155.99101058300857,158.0733647369332,152.61035285355692,156.51370239257812,286547800,0.0,0.0,0.0
2016-01-21,156.98585390384602,159.22837866520982,155.66224651680315,157.39051818847656,195772900,0.0,0.0,0.0
2016-01-22,159.99556292576025,160.82175625014105,159.23681579211092,160.6194305419922,168319600,0.0,0.0,0.0
2016-01-25,160.11360839355606,160.3075081734972,157.997536987637,158.19143676757812,130371700,0.0,0.0,0.0
2016-01-26,158.84901269600596,160.62786588037858,158.51179458668403,160.3496551513672,141036800,0.0,0.0,0.0
2016-01-27,159.82695436366987,161.49620578116728,157.70244437337146,158.60452270507812,185681700,0.0,0.0,0.0
2016-01-28,160.14734498842466,160.3496707280536,157.7867794017223,159.4307403564453,143798800,0.0,0.0,0.0
2016-01-29,160.1978876241089,163.4520920768119,160.0798600165619,163.31719970703125,210529300,0.0,0.0,0.0
2016-02-01,162.31397302549723,164.04224468266708,161.7322608851968,163.25819396972656,136061600,0.0,0.0,0.0
2016-02-02,161.83348660747848,161.84191255992488,159.79327407909,160.31597900390625,182564900,0.0,0.0,0.0
2016-02-03,161.36980602725322,161.68173350831097,157.73622650318634,161.27706909179688,205054900,0.0,0.0,0.0
2016-02-04,160.77964692255767,162.4994801181011,160.14735322560009,161.52996826171875,139531800,0.0,0.0,0.0
2016-02-05,161.01574000687484,161.58901358528777,157.8205412376135,158.4528350830078,180788300,0.0,0.0,0.0
2016-02-08,156.6149455486678,156.91000823816955,154.1110613436716,156.3198699951172,191526700,0.0,0.0,0.0
2016-02-09,154.58310851845235,157.60125756788543,154.448216157082,156.32823181152344,184513100,0.0,0.0,0.0
2016-02-10,157.15444498113396,158.7815407475706,156.06689295648195,156.193359375,148214100,0.0,0.0,0.0
2016-02-11,153.72319680234816,155.20698715558402,152.66937427376337,154.16159057617188,219058900,0.0,0.0,0.0
2016-02-12,155.9320298374662,157.35678720240546,155.0889717482724,157.33993530273438,127632400,0.0,0.0,0.0
2016-02-16,159.14407567169118,160.02085040539032,158.18298998527018,159.9955596923828,120250700,0.0,0.0,0.0
2016-02-17,161.15897844483845,162.97998690347998,161.03251202007326,162.60903930664062,136009500,0.0,0.0,0.0
2016-02-18,162.87884935997835,162.93786961150855,161.63112676698148,161.94305419921875,102343000,0.0,0.0,0.0
2016-02-19,161.16735643672533,162.0188401749765,160.5603537977998,161.86709594726562,114793000,0.0,0.0,0.0
2016-02-22,163.4436752219077,164.35417954418443,163.37622902795616,164.2108612060547,103640300,0.0,0.0,0.0
2016-02-23,163.55327913205167,163.82306391154782,162.01890714277164,162.13694763183594,111455300,0.0,0.0,0.0
2016-02-24,160.71220733876964,163.15707125544148,159.60780302749964,162.8788604736328,150812200,0.0,0.0,0.0
2016-02-25,163.3256446324791,164.86001657290862,162.5668974763839,164.85157775878906,110728300,0.0,0.0,0.0
2016-02-26,165.71994908705076,165.81267313539044,164.312030636082,164.4722137451172,129833700,0.0,0.0,0.0
2016-02-29,164.48908530726592,165.43330637127323,162.98844274594833,163.18234252929688,125918100,0.0,0.0,0.0
2016-03-01,164.40474909828157,167.10254520529068,163.93263863876854,167.0182342529297,141799700,0.0,0.0,0.0
2016-03-02,166.70638196910355,167.81921243002574,166.2932786989452,167.7686309814453,102415000,0.0,0.0,0.0
2016-03-03,167.59153048775184,168.44302748531464,167.0182570982276,168.42616271972656,95172200,0.0,0.0,0.0
2016-03-04,168.6200991588591,169.74980714601884,167.79390556208236,168.97418212890625,129293600,0.0,0.0,0.0
2016-03-07,168.05517107764842,169.51367061419285,167.97929894842989,169.10899353027344,100219000,0.0,0.0,0.0
2016-03-08,168.038381279782,168.54420852554634,167.1025860814623,167.26275634765625,123974900,0.0,0.0,0.0
2016-03-09,168.07210923048493,168.43461813774294,167.2880582940595,168.08897399902344,94801200,0.0,0.0,0.0
2016-03-10,168.5779422396233,169.51373746114254,166.40285029598266,168.22384643554688,156838700,0.0,0.0,0.0
2016-03-11,169.67388925834564,170.98063204544795,168.20697621851687,170.9384765625,137964500,0.0,0.0,0.0
2016-03-14,170.43264735941028,171.17452982159008,170.10385517875008,170.7192840576172,73612000,0.0,0.0,0.0
2016-03-15,169.75818029203575,170.7445567297748,169.49683433811077,170.44105529785156,93169100,0.0,0.0,0.0
2016-03-16,169.96051635333183,171.83210634515947,169.91836087595732,171.42742919921875,129303200,0.0,0.0,0.0
2016-03-17,171.3431490346913,173.02082657892635,170.94691066119776,172.51499938964844,134278500,0.0,0.0,0.0
2016-03-18,173.01492535802336,173.53184366636853,172.7013891962115,173.19288635253906,138372400,0.0,0.0,0.0
2016-03-21,172.9302388198123,173.66747828660118,172.70143545996896,173.4386749267578,72926700,0.0,0.0,0.0
2016-03-22,172.667500849292,173.913189128969,172.5065045158591,173.34542846679688,97471900,0.0,0.0,0.0
2016-03-23,172.96410706036843,173.15053748796785,172.0319549223713,172.20144653320312,81052500,0.0,0.0,0.0
2016-03-24,171.17606172988638,172.1590560787583,170.95574076081914,172.12515258789062,84360900,0.0,0.0,0.0
2016-03-28,172.54043445422136,172.75228607488955,171.77777379197454,172.22689819335938,62408200,0.0,0.0,0.0
2016-03-29,171.8201124967345,173.93015903226305,171.51504568353033,173.8199920654297,92922900,0.0,0.0,0.0
2016-03-30,174.81994487938724,175.3029598090337,174.21828063922183,174.58267211914062,86365300,0.0,0.0,0.0
2016-03-31,174.48946932930417,174.91317256427578,173.99797202508952,174.1589813232422,94584100,0.0,0.0,0.0
2016-04-01,173.1675392516827,175.5317979130874,172.85399002539597,175.34536743164062,114423500,0.0,0.0,0.0
2016-04-04,175.26906990288444,175.4724520968894,174.47250580602636,174.77757263183594,63497000,0.0,0.0,0.0
2016-04-05,173.43868814815048,174.78606139030236,172.7777121074572,173.0319366455078,99662200,0.0,0.0,0.0
2016-04-06,173.03187289015037,174.9809097231996,172.85391189996736,174.9215850830078,91839800,0.0,0.0,0.0
2016-04-07,173.83695269721892,174.1928618424129,172.09976694798488,172.8285369873047,113859000,0.0,0.0,0.0
2016-04-08,174.00641968290486,174.4386052040037,172.7607312933758,173.2946014404297,95040600,0.0,0.0,0.0
2016-04-11,173.93020014726278,174.62507974786493,172.79467843595503,172.8878936767578,83757500,0.0,0.0,0.0
2016-04-12,173.0573365069002,174.7775704690855,172.6166815572068,174.4979248046875,115350600,0.0,0.0,0.0
2016-04-13,175.41309180626502,176.3452438430932,175.27750370447308,176.260498046875,96336400,0.0,0.0,0.0
2016-04-14,176.3198524369293,176.76897678579215,175.92157040221767,176.2689971923828,65212900,0.0,0.0,0.0
2016-04-15,176.26898125098356,176.40456936338802,175.75206288653632,176.07408142089844,75761600,0.0,0.0,0.0
2016-04-18,176.07407569837335,177.34518511746666,175.41309983487633,177.31129455566406,82531000,0.0,0.0,0.0
2016-04-19,177.73501501914237,178.12481470463754,177.0570873434698,177.87059020996094,88316100,0.0,0.0,0.0
2016-04-20,177.91293562839186,178.7349207069673,177.438390207852,178.04005432128906,81100300,0.0,0.0,0.0
2016-04-21,178.05701639332952,178.16718335548487,176.81132803650763,177.08250427246094,85695000,0.0,0.0,0.0
2016-04-22,176.7265951605682,177.3536675780196,176.18425561905624,177.08250427246094,99251700,0.0,0.0,0.0
2016-04-25,176.48083791459973,176.81980820538138,175.87070432158723,176.77743530273438,66166500,0.0,0.0,0.0
2016-04-26,177.14179997053336,177.54856428767246,176.56556991684317,177.0401153564453,75864200,0.0,0.0,0.0
2016-04-27,176.65884960996,177.794371316427,176.30294040033888,177.40457153320312,77329400,0.0,0.0,0.0
2016-04-28,176.65035289468423,177.75197092687552,175.37924322948243,175.79446411132812,97216200,0.0,0.0,0.0
2016-04-29,175.17582484152928,175.52326451487454,173.7437061790421,174.8453369140625,142424100,0.0,0.0,0.0
2016-05-02,175.34534331077683,176.41307079640367,174.91317067072708,176.23512268066406,62188000,0.0,0.0,0.0
2016-05-03,175.00634545912317,175.24361817887922,173.95555703563667,174.70127868652344,106422100,0.0,0.0,0.0
2016-05-04,173.70982204814575,174.4385919831778,173.22679425067844,173.7267608642578,92243800,0.0,0.0,0.0
2016-05-05,174.19283770960945,174.54874680549554,173.26916794192456,173.69287109375,67619200,0.0,0.0,0.0
2016-05-06,172.9217477089527,174.37081834059887,172.76922076372438,174.3284454345703,89315000,0.0,0.0,0.0
2016-05-09,174.20135557223787,174.90469156894966,174.02339452280697,174.47251892089844,74374900,0.0,0.0,0.0
2016-05-10,175.1758515148401,176.65881271037375,175.1080574513968,176.64186096191406,77472200,0.0,0.0,0.0
2016-05-11,176.1842718141911,176.71812906590588,174.9894256591797,174.9894256591797,81727000,0.0,0.0,0.0
2016-05-12,175.65885569735008,175.82834731079288,174.03183706537783,175.04025268554688,89586300,0.0,0.0,0.0
2016-05-13,174.74371877301226,175.2945278848564,173.19296316024688,173.5149688720703,96474600,0.0,0.0,0.0
2016-05-16,173.68442685674904,175.70124535905617,173.62510220030677,175.22669982910156,77486800,0.0,0.0,0.0
2016-05-17,174.95552656862571,175.24364163397829,173.0658010349655,173.59120178222656,114924900,0.0,0.0,0.0
2016-05-18,173.24374681139082,174.81992305361686,172.557349774201,173.64202880859375,120062100,0.0,0.0,0.0
2016-05-19,172.92172313528684,173.32847452848824,171.83704413315402,173.0403594970703,115430500,0.0,0.0,0.0
2016-05-20,173.65050185323304,174.65044803642593,173.59965954280523,174.13352966308594,104990400,0.0,0.0,0.0
2016-05-23,174.1504823243016,174.4301279842803,173.70984031196735,173.89627075195312,58682600,0.0,0.0,0.0
2016-05-24,174.70968104321818,176.4638175450531,174.68425989945726,176.1502685546875,93537800,0.0,0.0,0.0
2016-05-25,176.8282659808313,177.7604180561647,176.15033837426097,177.34518432617188,76621400,0.0,0.0,0.0
2016-05-26,177.48080294319328,177.7096062974516,177.08252089075677,177.39605712890625,55280700,0.0,0.0,0.0
2016-05-27,177.55705770486466,178.16719133268288,177.5062153909457,178.15872192382812,64211200,0.0,0.0,0.0
2016-05-31,178.42986622882066,178.5400331841697,177.26044141171204,177.81973266601562,109879400,0.0,0.0,0.0
2016-06-01,177.20969384826694,178.36216753524653,177.0147939180103,178.18421936035156,69936200,0.0,0.0,0.0
2016-06-02,177.78586458863467,178.74342502410155,177.31131907541297,178.7264862060547,63044700,0.0,0.0,0.0
2016-06-03,178.1671905374899,178.54005141175855,176.98929619217486,178.19261169433594,101757100,0.0,0.0,0.0
2016-06-06,178.54851283883448,179.45524382712608,178.38750356574386,179.09933471679688,64887000,0.0,0.0,0.0
2016-06-07,179.25184625873365,179.9382432647417,179.22642510520694,179.3789520263672,60974800,0.0,0.0,0.0
2016-06-08,179.51455974679448,180.0908027939479,179.38745396527267,179.96368408203125,66170900,0.0,0.0,0.0
2016-06-09,179.23491345533657,179.8365776566402,178.96375014559598,179.7179412841797,73786900,0.0,0.0,0.0
2016-06-10,178.3451058045161,178.6840630957541,177.47226556531416,178.01461791992188,113829200,0.0,0.0,0.0
2016-06-13,177.41300388688646,178.26887969336636,176.55712808040656,176.64186096191406,117751200,0.0,0.0,0.0
2016-06-14,176.26052776899468,176.8876131477305,175.34532732316208,176.29441833496094,125059300,0.0,0.0,0.0
2016-06-15,176.29440241797562,177.41298494979887,175.86222985634978,176.0486602783203,109124500,0.0,0.0,0.0
2016-06-16,176.04866312222205,176.74354251177266,174.21826236624872,176.5740509033203,149533100,0.0,0.0,0.0
2016-06-17,176.47014679380524,176.49570015111058,175.2605735566787,175.91647338867188,117055700,0.0,0.0,0.0
2016-06-20,177.8756526087873,178.54857937058586,176.96420617446128,177.0493927001953,82789600,0.0,0.0,0.0
2016-06-21,177.4326570958626,177.9607770162531,176.98971068005758,177.55191040039062,72461700,0.0,0.0,0.0
2016-06-22,177.73080065636066,178.45484700076446,177.11749417578338,177.26231384277344,95560500,0.0,0.0,0.0
2016-06-23,178.71888098149378,179.62180066939897,178.25890768680736,179.57069396972656,102731400,0.0,0.0,0.0
2016-06-24,173.45476529696333,179.60485903143808,172.67961199025197,173.12255859375,333444400,0.0,0.0,0.0
2016-06-27,171.71702689879322,171.7255533496306,169.21269390864185,170.0219268798828,230775800,0.0,0.0,0.0
2016-06-28,171.6233504543078,173.11402381972314,171.31669712780246,173.08847045898438,159382400,0.0,0.0,0.0
2016-06-29,174.48545991975706,176.26574686941075,174.38324646738008,176.0357666015625,137328600,0.0,0.0,0.0
2016-06-30,176.5041987902838,178.48891188233904,175.950512474756,178.43780517578125,165021900,0.0,0.0,0.0
2016-07-01,178.4378526432485,179.2981924246243,178.27600603100393,178.81265258789062,106055300,0.0,0.0,0.0
2016-07-05,177.98638642688363,178.09712631512292,176.93014625342386,177.5264129638672,109803700,0.0,0.0,0.0
2016-07-06,177.03233631305994,178.71040933220064,176.3764365193641,178.59115600585938,96021500,0.0,0.0,0.0
2016-07-07,178.77005163259213,179.43446496128354,177.71381146782082,178.48043823242188,85593800,0.0,0.0,0.0
2016-07-08,179.77513799123625,181.38506405692823,179.54514483967023,181.1380310058593,133971000,0.0,0.0,0.0
2016-07-11,181.5980887568401,182.3476886582677,181.39364887527617,181.77696228027344,73633900,0.0,0.0,0.0
2016-07-12,182.7394995083198,183.39539936460767,181.8024997136228,183.0972595214844,101275600,0.0,0.0,0.0
2016-07-13,183.51464757652928,183.52316102982908,182.58617425894235,183.0717010498047,87324100,0.0,0.0,0.0
2016-07-14,184.3323634575898,184.5623566511672,183.7020300348304,184.09385681152344,91230900,0.0,0.0,0.0
2016-07-15,184.65605216198605,184.8519655456037,183.4038858015429,183.84683227539065,107155400,0.0,0.0,0.0
2016-07-18,183.96612717664067,184.50277373745143,183.71058057636697,184.34092712402344,58725900,0.0,0.0,0.0
2016-07-19,183.9234797281342,184.187539704826,183.67645965247817,184.15347290039065,54345700,0.0,0.0,0.0
2016-07-20,184.1535391624378,185.15867272540063,184.1535391624378,184.920166015625,58159500,0.0,0.0,0.0
2016-07-21,184.80943298769503,185.0308997829632,183.7787330993233,184.2216796875,67777300,0.0,0.0,0.0
2016-07-22,184.3409060500352,185.09901931234043,184.07684602574125,185.04791259765625,62787500,0.0,0.0,0.0
2016-07-25,184.84344312947383,184.8945498359708,183.96607667424624,184.54530334472656,55873100,0.0,0.0,0.0
2016-07-26,184.44310848175783,184.9882684019475,183.78720868792976,184.6305084228516,70080500,0.0,0.0,0.0
2016-07-27,185.0052988180312,185.07344542926504,183.66794594313563,184.43458557128903,84083900,0.0,0.0,0.0
2016-07-28,184.2386727926425,184.93716586113345,183.7786993798992,184.6475524902344,65035700,0.0,0.0,0.0
2016-07-29,184.38349187444857,185.3034386969352,184.1023919573851,184.9456787109375,79519400,0.0,0.0,0.0
2016-08-01,185.0053422520029,185.39716911154125,184.3409288835336,184.7923889160156,73311400,0.0,0.0,0.0
2016-08-02,184.54533945808527,184.698672605218,182.7735792971761,183.6083526611328,92295500,0.0,0.0,0.0
2016-08-03,183.54872231596235,184.20462218226243,183.2505954659272,184.14498901367188,53993600,0.0,0.0,0.0
2016-08-04,184.25574059138555,184.65609389903167,182.5010071992208,184.34092712402344,46585500,0.0,0.0,0.0
2016-08-05,184.34085684724045,185.8911497686357,184.34085684724045,185.8485565185547,71892200,0.0,0.0,0.0
2016-08-08,186.0360266481112,186.1382530864224,185.47383972677943,185.73789978027344,39906500,0.0,0.0,0.0
2016-08-09,185.8059762661088,186.34260962469725,185.5248764127361,185.8485565185547,51251700,0.0,0.0,0.0
2016-08-10,185.9593853056552,186.0360453938832,185.0394252539951,185.388671875,57941100,0.0,0.0,0.0
2016-08-11,185.91674052230485,186.49598024514216,185.65268051536748,186.2489471435547,72504300,0.0,0.0,0.0
2016-08-12,185.9422927486997,186.3000657210769,185.6867591936269,186.0871124267578,61313500,0.0,0.0,0.0
2016-08-15,186.4534039855917,186.9730105941644,186.4448905321406,186.623764038086,49813500,0.0,0.0,0.0
2016-08-16,186.20635372599983,186.27448733786065,185.66119384765625,185.66119384765625,53213600,0.0,0.0,0.0
2016-08-17,185.69527029935367,186.14673023779343,184.86049703551163,186.01043701171875,75134300,0.0,0.0,0.0
2016-08-18,185.98486422928968,186.4618774730868,185.8741373676028,186.4278106689453,52989300,0.0,0.0,0.0
2016-08-19,185.95932953177365,186.3341294031093,185.47380278764328,186.15524291992188,75443000,0.0,0.0,0.0
2016-08-22,185.91676580332864,186.37675226307763,185.5504923239354,186.14675903320312,61368800,0.0,0.0,0.0
2016-08-23,186.76005207653185,187.0581919083206,186.4619122447431,186.52154541015625,53399200,0.0,0.0,0.0
2016-08-24,186.3766941467396,186.4703941002381,185.1500813000796,185.5674743652344,71728900,0.0,0.0,0.0
2016-08-25,185.18416599040268,185.85710562988723,185.0308458685778,185.4397125244141,69224800,0.0,0.0,0.0
2016-08-26,185.627115791674,186.64928894848688,184.20458942381688,185.0904693603516,122506300,0.0,0.0,0.0
2016-08-29,185.21828644695944,186.26601316896983,185.1842066362049,186.001953125,70502200,0.0,0.0,0.0
2016-08-30,185.9167487404989,186.1978486628494,185.14160858841032,185.69528198242188,58114500,0.0,0.0,0.0
2016-08-31,185.3630887083761,185.48234204788133,184.3920220873651,185.16717529296875,85269500,0.0,0.0,0.0
2016-09-01,185.15864979220905,185.4653030950309,184.01722310856505,185.1756896972656,97844200,0.0,0.0,0.0
2016-09-02,186.02747691438745,186.4363435949741,185.43972374987305,186.01043701171875,79293900,0.0,0.0,0.0
2016-09-06,186.29151670298387,186.64927663438348,185.57599684018467,186.57261657714844,56702100,0.0,0.0,0.0
2016-09-07,186.4107963440116,186.73448951712933,185.95082293799388,186.5556030273437,76554900,0.0,0.0,0.0
2016-09-08,186.22344547938243,186.4960320122964,185.82309213269093,186.12974548339844,74102900,0.0,0.0,0.0
2016-09-09,184.81787478821167,184.868981490564,181.64912926601133,181.6746826171875,221589100,0.0,0.0,0.0
2016-09-12,180.91659072552463,184.68160321216067,180.84844411519543,184.28125,168110900,0.0,0.0,0.0
2016-09-13,183.00351488487263,183.2675748541307,181.01027544179323,181.6320953369141,182828800,0.0,0.0,0.0
2016-09-14,181.68324870057552,182.8843085443352,181.01032192860217,181.56399536132807,134185500,0.0,0.0,0.0
2016-09-15,181.40214184170569,183.7616550090452,181.2232553536533,183.3783416748047,134427900,0.0,0.0,0.0
2016-09-16,182.76366792581595,182.94345806111463,181.98461217497623,182.66949462890625,155236400,0.0,0.0,0.0
2016-09-19,183.32013997282112,183.96222703135763,182.3784070616497,182.7037353515625,80250500,0.0,0.0,0.0
2016-09-20,183.5599011582625,183.713995823676,182.6781024040457,182.7123413085937,69665300,0.0,0.0,0.0
2016-09-21,183.4143028791124,184.94674482420385,182.72940744279296,184.7669677734375,110284400,0.0,0.0,0.0
2016-09-22,185.7771797979753,186.23092025195749,185.52891189540333,185.9312744140625,76678700,0.0,0.0,0.0
2016-09-23,185.5374977686876,185.67447949134527,184.81836331967853,184.9125366210937,73630900,0.0,0.0,0.0
2016-09-26,184.08210674101107,184.2618838253767,183.21742102902653,183.41433715820312,89827300,0.0,0.0,0.0
2016-09-27,183.2516479102736,184.6471082252483,182.8835112062276,184.55294799804688,78494800,0.0,0.0,0.0
2016-09-28,184.775542179436,185.623101833831,183.81669631342595,185.468994140625,87411000,0.0,0.0,0.0
2016-09-29,185.2635057405692,185.6658813242369,183.2430713646201,183.79098510742188,128070600,0.0,0.0,0.0
2016-09-30,184.62143417016583,185.87992589879707,184.37316624574723,185.17791748046875,117202900,0.0,0.0,0.0
2016-10-03,184.76693322463703,184.95526669769765,184.09915082820336,184.7326812744141,83512100,0.0,0.0,0.0
2016-10-04,184.8440172416814,185.0666027091873,183.2002760132762,183.79098510742188,119948100,0.0,0.0,0.0
2016-10-05,184.4159777481273,185.0323824036144,184.3474868904848,184.6043243408203,72816000,0.0,0.0,0.0
2016-10-06,184.38167063273147,184.95526669769765,183.84232651798823,184.7326812744141,62927400,0.0,0.0,0.0
2016-10-07,185.0066914120333,185.1779120165763,183.37150655256383,184.0991973876953,89788300,0.0,0.0,0.0
2016-10-10,185.0580444335937,185.52034134257795,184.9125062758896,185.0580444335937,51855000,0.0,0.0,0.0
2016-10-11,184.62998863208392,184.6984794829944,181.99314965685423,182.7208404541016,130367400,0.0,0.0,0.0
2016-10-12,182.85779797705703,183.4827720102409,182.36124917108424,182.9605407714844,73866100,0.0,0.0,0.0
2016-10-13,181.633561119414,182.8578006442703,180.82025358838365,182.3612518310547,101357000,0.0,0.0,0.0
2016-10-14,183.3372581352872,183.79956814610816,182.37841228068805,182.45545959472656,93346200,0.0,0.0,0.0
2016-10-17,182.429765008528,182.68660243484825,181.6421398142282,181.82192993164065,58275700,0.0,0.0,0.0
2016-10-18,183.41428116838685,183.47420249045143,182.5838476729331,182.9605407714844,76869700,0.0,0.0,0.0
2016-10-19,183.22597713186872,183.75676495027773,182.866409926176,183.4485626220703,66519200,0.0,0.0,0.0
2016-10-20,183.09755535598893,183.6625951456612,182.44691178997869,183.1061248779297,73639800,0.0,0.0,0.0
2016-10-21,183.106107657494,183.2773282573629,182.14724878429809,183.19171142578125,89089100,0.0,0.0,0.0
2016-10-24,184.0649374413789,184.3389008279515,183.61975346984508,183.97076416015625,60146600,0.0,0.0,0.0
2016-10-25,183.7910304787407,184.0478679666784,183.19175171575088,183.3544158935547,66542300,0.0,0.0,0.0
2016-10-26,182.532511363168,183.56840448294915,182.29278684752947,182.9862518310547,75705500,0.0,0.0,0.0
2016-10-27,183.7054026478436,183.73964154554864,182.421228439528,182.498275756836,77220200,0.0,0.0,0.0
2016-10-28,182.4725982624079,183.148924282598,181.24835842102084,181.9589233398437,140623200,0.0,0.0,0.0
2016-10-31,182.2927529041506,182.51535139937488,181.80477363248968,181.96743774414065,61272500,0.0,0.0,0.0
2016-11-01,182.29271215589128,182.34409007173747,179.44185833265698,180.6489715576172,122781800,0.0,0.0,0.0
2016-11-02,180.34083850479635,180.7261011732268,179.12515529623803,179.56178283691406,103330800,0.0,0.0,0.0
2016-11-03,179.77578944949215,179.98981843271363,178.46593311724016,178.73988342285156,88939300,0.0,0.0,0.0
2016-11-04,178.85120155849046,179.690191603582,178.3974611112159,178.54299926757812,109122100,0.0,0.0,0.0
2016-11-07,178.54301394389404,182.51539209591,178.54301394389404,182.48114013671875,109794900,0.0,0.0,0.0
2016-11-08,182.08728033009285,183.86800284714064,181.82188650948365,183.302963256836,106772100,0.0,0.0,0.0
2016-11-09,181.8133351814696,185.86277292051915,181.7876527487308,185.24636840820312,258429000,0.0,0.0,0.0
2016-11-10,186.03396159949187,186.8986338344741,184.25323920956563,185.7086334228516,172113300,0.0,0.0,0.0
2016-11-11,184.9895937873476,185.5203816617772,184.33895016503715,185.2806701660156,100552700,0.0,0.0,0.0
2016-11-14,185.8028711425152,186.0083437037772,184.6813611717949,185.4261779785156,94580000,0.0,0.0,0.0
2016-11-15,185.8113973742892,186.8729858398437,185.60593790974423,186.8729858398437,91652600,0.0,0.0,0.0
2016-11-16,186.25659404633944,186.7531428917392,186.1367383294012,186.52198791503903,65617700,0.0,0.0,0.0
2016-11-17,186.67612946469208,187.5408020750015,186.56483018473205,187.4808807373047,69797200,0.0,0.0,0.0
2016-11-18,187.54936330481613,187.7205839149028,186.88158071787657,187.0613708496093,86265800,0.0,0.0,0.0
2016-11-21,187.63494794012425,188.49962042401,187.48940978323023,188.47393798828125,72402600,0.0,0.0,0.0
2016-11-22,188.7821066340774,189.02181803368472,188.11433729755825,188.842041015625,67429000,0.0,0.0,0.0
2016-11-23,188.32837394303928,188.99614330677943,188.1314709417549,188.9447784423828,56620200,0.0,0.0,0.0
2016-11-25,189.2872681456414,189.6810742220705,189.21020777130136,189.64683532714844,37872300,0.0,0.0,0.0
2016-11-28,189.3386354540789,189.6125858068613,188.6537399771809,188.7564697265625,76572500,0.0,0.0,0.0
2016-11-29,188.79068806458108,189.57831315059707,188.4910422645208,189.12457275390625,69886700,0.0,0.0,0.0
2016-11-30,189.74098234075743,189.90364646152315,188.61090301541208,188.6708374023437,113291800,0.0,0.0,0.0
2016-12-01,188.97051707232507,188.97051707232507,187.6178519666809,187.97743225097656,79040500,0.0,0.0,0.0
2016-12-02,188.0629920050704,188.55954083115392,187.71198132508653,188.0715484619141,74840300,0.0,0.0,0.0
2016-12-05,188.90202952729857,189.54411666106003,188.70512646400127,189.20167541503903,67837800,0.0,0.0,0.0
2016-12-06,189.3899865481813,189.8351705352663,188.91056366822536,189.8009185791016,59877400,0.0,0.0,0.0
2016-12-07,189.6468220127813,192.34358221640227,189.5269662940269,192.28366088867188,110738100,0.0,0.0,0.0
2016-12-08,192.25801124482192,193.22541361716267,191.9926042635398,192.75454711914065,99714400,0.0,0.0,0.0
2016-12-09,192.97707314582468,193.9359186989992,192.94282119704508,193.9187927246093,88005800,0.0,0.0,0.0
2016-12-12,193.82460965296428,194.3040454685832,193.27669606983287,193.6961975097656,102016100,0.0,0.0,0.0
2016-12-13,194.3554352313701,195.48550142620047,194.33830925565232,194.98895263671875,110477500,0.0,0.0,0.0
2016-12-14,194.68932715558245,195.3913354266373,192.942843339538,193.3794708251953,142501800,0.0,0.0,0.0
2016-12-15,193.6192042449696,195.0317904674374,193.3880492594279,194.17567443847656,124972600,0.0,0.0,0.0
2016-12-16,194.6312726357613,194.69156029974823,193.47731839077315,193.7959442138672,156420200,0.0,0.0,0.0
2016-12-19,193.9767711609224,194.639869685016,193.830375174617,194.2178955078125,90341100,0.0,0.0,0.0
2016-12-20,194.7517810332149,195.11348063664968,194.519276754236,194.96707153320312,89838800,0.0,0.0,0.0
2016-12-21,194.8379299446076,195.01015974080977,194.4245758056641,194.4245758056641,67909000,0.0,0.0,0.0
2016-12-22,194.2782171302688,194.3987793247917,193.6926199423763,194.08876037597656,56219100,0.0,0.0,0.0
2016-12-23,194.1318025408908,194.3815469555965,193.9423589321981,194.37294006347656,36697800,0.0,0.0,0.0
2016-12-27,194.6398425526218,195.25126022547312,194.6226156330192,194.85513305664065,42672500,0.0,0.0,0.0
2016-12-28,195.11348411321208,195.1306978925096,193.1328088499708,193.2447509765625,64095000,0.0,0.0,0.0
2016-12-29,193.31367859594343,193.6667582363065,192.76253533744887,193.2017364501953,48696100,0.0,0.0,0.0
2016-12-30,193.5289669064038,193.61508837779465,191.80664260092,192.49557495117188,108998300,0.0,0.0,0.0
2017-01-03,193.7958814856051,194.47620679182577,192.79694359971245,193.96812438964844,91366500,0.0,0.0,0.0
2017-01-04,194.2954250544434,195.26854261392927,194.286818162342,195.1221466064453,78744400,0.0,0.0,0.0
2017-01-05,194.855129408606,195.12208752614507,194.1748040700812,194.96707153320312,78379000,0.0,0.0,0.0
2017-01-06,195.07903007244784,196.12964878124785,194.53649379847863,195.6646270751953,71559900,0.0,0.0,0.0
2017-01-09,195.40625803608063,195.54404709949904,194.98428395697,195.01873779296875,46939700,0.0,0.0,0.0
2017-01-10,195.0359515706798,195.87127969975725,194.6312044095685,195.01873779296875,63771900,0.0,0.0,0.0
2017-01-11,194.93265109478256,195.5699157714844,194.2695526066204,195.5699157714844,74650000,0.0,0.0,0.0
2017-01-12,195.05316094644505,195.26845141106585,193.7269774661073,195.07899475097656,72113200,0.0,0.0,0.0
2017-01-13,195.2513077667452,195.82828488116763,195.21686705944367,195.52688598632807,62717900,0.0,0.0,0.0
2017-01-17,194.88954297656923,195.2942901114259,194.45035514823616,194.8378753662109,61240800,0.0,0.0,0.0
2017-01-18,195.08767433052773,195.3115849069483,194.5365310613489,195.26852416992188,54793300,0.0,0.0,0.0
2017-01-19,195.3460252749172,195.48381437704683,194.1145696678997,194.545150756836,66608800,0.0,0.0,0.0
2017-01-20,195.225418598698,195.7507279330802,194.5967740314172,195.25987243652344,129168600,0.0,0.0,0.0
2017-01-23,195.25986555738928,195.32014006102685,193.9939564378257,194.75177001953125,75061600,0.0,0.0,0.0
2017-01-24,194.967083306671,196.4138423869076,194.855141175314,196.00048828125,95555300,0.0,0.0,0.0
2017-01-25,196.94777099923576,197.69699096679688,196.7841480966616,197.69699096679688,84437700,0.0,0.0,0.0
2017-01-26,197.55055465753608,197.81752591147847,197.2147020080547,197.4902801513672,59970700,0.0,0.0,0.0
2017-01-27,197.56778761210305,197.71418357760163,196.99941752937465,197.1802673339844,59711100,0.0,0.0,0.0
2017-01-30,196.49137484772928,196.5172086621444,194.9757341274424,195.9574584960937,79737300,0.0,0.0,0.0
2017-01-31,195.4665286047977,196.00045792972628,194.89817172513992,195.940170288086,75880800,0.0,0.0,0.0
2017-02-01,195.940244523312,196.8530744004239,195.43216195251097,196.0177459716797,79117700,0.0,0.0,0.0
2017-02-02,196.01766841614327,196.4310355911392,195.3287494050592,196.1468505859375,69657600,0.0,0.0,0.0
2017-02-03,197.0510761138709,197.6797206338681,196.74105729820448,197.4988708496093,80563200,0.0,0.0,0.0
2017-02-06,197.09416062482688,197.4903009625108,196.80997556219745,197.1458282470703,57790100,0.0,0.0,0.0
2017-02-07,197.5333475938928,197.77447190734355,196.964977509206,197.1544342041016,57931200,0.0,0.0,0.0
2017-02-08,197.15442953477168,197.5419498050477,196.61189327221177,197.41278076171875,51566200,0.0,0.0,0.0
2017-02-09,197.4127882313204,198.88536794214565,197.4127882313204,198.5839691162109,65955200,0.0,0.0,0.0
2017-02-10,198.92841162072384,199.5915100054071,198.60116587290565,199.3675994873047,66015900,0.0,0.0,0.0
2017-02-13,199.85849382600333,200.711049001728,199.83266001525024,200.45269775390625,55182100,0.0,0.0,0.0
2017-02-14,200.27186151936576,201.26220584645884,199.9274019257716,201.2535858154297,71109000,0.0,0.0,0.0
2017-02-15,201.0382898788773,202.4936559322201,200.9866222552565,202.30419921875,86785800,0.0,0.0,0.0
2017-02-16,202.3300216006002,202.51087141334727,201.3827512270533,202.1319580078125,84722400,0.0,0.0,0.0
2017-02-17,201.4688526018663,202.45057678222656,201.4516256821296,202.45057678222656,77204100,0.0,0.0,0.0
2017-02-21,202.82086084394624,203.828418722286,202.8122408148868,203.6561889648437,88946100,0.0,0.0,0.0
2017-02-22,203.251490149344,203.6992849971404,203.08786724175664,203.4753875732422,62115200,0.0,0.0,0.0
2017-02-23,203.9920878749946,204.0093016564428,202.8553475654405,203.61317443847656,74615900,0.0,0.0,0.0
2017-02-24,202.76924973175792,203.91458385102231,202.72618899532657,203.8715362548828,82381600,0.0,0.0,0.0
2017-02-27,203.7854077732879,204.36238482880697,203.535676535042,204.19015502929688,56515400,0.0,0.0,0.0
2017-02-28,203.81122209260744,204.05234641691743,203.2514720126643,203.6389923095703,96961900,0.0,0.0,0.0
2017-03-01,205.29242616150023,206.95447579618843,205.2751992407501,206.48944091796875,149158200,0.0,0.0,0.0
2017-03-02,206.2999648439958,206.30858487370685,205.1374040381639,205.18907165527344,70246000,0.0,0.0,0.0
2017-03-03,205.1029468100965,205.4818601830229,204.72403343717016,205.3182373046875,81974300,0.0,0.0,0.0
2017-03-06,204.5260135674901,205.05992990327823,204.1040393774143,204.7068634033203,55391500,0.0,0.0,0.0
2017-03-07,204.4054015188621,204.7584810729663,203.88869909137853,204.0953826904297,65103700,0.0,0.0,0.0
2017-03-08,204.38822766273705,204.64657894355068,203.57873311499068,203.71652221679688,78168800,0.0,0.0,0.0
2017-03-09,203.83706442731705,204.30209931528373,203.01035617805067,203.974853515625,90683900,0.0,0.0,0.0
2017-03-10,204.9306842006,204.9737449206752,203.7422766560177,204.68955993652344,81991700,0.0,0.0,0.0
2017-03-13,204.62933059248675,204.83601422355267,204.30209793532904,204.7929534912109,57256800,0.0,0.0,0.0
2017-03-14,204.2504016582,204.3020824172589,203.3978596679268,204.00927734375,59880800,0.0,0.0,0.0
2017-03-15,204.57767388337365,206.196662895698,204.3451564285568,205.77468872070312,96081800,0.0,0.0,0.0
2017-03-16,205.9124551112304,205.9899565408601,205.0426861847088,205.3699188232422,78344000,0.0,0.0,0.0
2017-03-17,205.63199726496683,205.8222781920496,205.0092620849609,205.0092620849609,89002100,0.0,0.0,0.0
2017-03-20,205.0092647739321,205.29468616829985,204.3951871173024,204.78439331054688,52537000,0.0,0.0,0.0
2017-03-21,205.389837855364,205.5109245264884,202.02534406755785,202.1550750732422,131809300,0.0,0.0,0.0
2017-03-22,202.1896540008086,202.9161739384226,201.56691885500925,202.63075256347656,97569200,0.0,0.0,0.0
2017-03-23,202.63077792289533,203.5475788918785,202.04264643239952,202.41455078125,100410300,0.0,0.0,0.0
2017-03-24,202.7172273597793,203.28805685215687,201.4890590618544,202.26747131347656,112504900,0.0,0.0,0.0
2017-03-27,200.59826922085048,202.31944229149656,200.3215052984744,202.0599670410156,87454500,0.0,0.0,0.0
2017-03-28,201.757208382742,203.9540701538015,201.6447660551732,203.5302734375,93483900,0.0,0.0,0.0
2017-03-29,203.2448766239609,203.9540948131394,203.01999194163344,203.72056579589844,61950400,0.0,0.0,0.0
2017-03-30,203.66002924668305,204.56818591683856,203.4870501660482,204.36924743652344,56737900,0.0,0.0,0.0
2017-03-31,204.03193003110584,204.55952479613487,203.841649086508,203.8935546875,73733100,0.0,0.0,0.0
2017-04-03,203.945402655714,204.1443278917401,202.31072631325307,203.5388946533203,85546500,0.0,0.0,0.0
2017-04-04,203.2534725441906,203.7551209962921,202.8729107393236,203.6686248779297,56466200,0.0,0.0,0.0
2017-04-05,204.3432780515104,205.32062888253068,202.85563437139967,203.063217163086,108800600,0.0,0.0,0.0
2017-04-06,203.20156378227185,204.15295502034064,202.7604520905961,203.634017944336,69135800,0.0,0.0,0.0
2017-04-07,203.3832350884037,204.1184126162161,202.94213649019045,203.42648315429688,74412300,0.0,0.0,0.0
2017-04-10,203.56487877074764,204.343291194087,203.0199821559357,203.54757690429688,67615300,0.0,0.0,0.0
2017-04-11,203.1669856288412,203.40915893428013,201.81773058497976,203.3053741455078,88045300,0.0,0.0,0.0
2017-04-12,203.02864167040403,203.21892261084847,202.18967930502347,202.41455078125,81864400,0.0,0.0,0.0
2017-04-13,202.07717359496428,202.8123509249832,201.09982299804688,201.09982299804688,92880400,0.0,0.0,0.0
2017-04-17,201.61886508004835,202.8816375732422,201.41993977680835,202.8816375732422,68405400,0.0,0.0,0.0
2017-04-18,202.1464378130178,202.81242112623795,201.59289684029733,202.2761688232422,83225800,0.0,0.0,0.0
2017-04-19,202.8382772558789,203.2101814516796,201.6792902235504,201.9041748046875,68699900,0.0,0.0,0.0
2017-04-20,202.51833360852208,203.9886887153188,202.1983216651981,203.54757690429688,92572200,0.0,0.0,0.0
2017-04-21,203.46972277708795,203.52161517502364,202.50102948907167,202.8988800048828,110389800,0.0,0.0,0.0
2017-04-24,205.13898490980165,205.3379233603899,202.87292893794245,205.13034057617188,119209900,0.0,0.0,0.0
2017-04-25,205.770357475763,206.6698563911759,205.6838613580992,206.3238983154297,76698300,0.0,0.0,0.0
2017-04-26,206.28930854770627,207.17151885724385,206.1509332265176,206.1941680908203,84702500,0.0,0.0,0.0
2017-04-27,206.5142203713662,206.6698975772396,205.83093521903567,206.3671875,57410300,0.0,0.0,0.0
2017-04-28,206.6266528597332,206.65259906113272,205.7876904879276,205.9174346923828,63532800,0.0,0.0,0.0
2017-05-01,206.4363555908203,206.8601655092565,206.02120320380425,206.4363555908203,66882500,0.0,0.0,0.0
2017-05-02,206.57478845463555,206.69587514339725,206.1077435686861,206.5142517089844,57375700,0.0,0.0,0.0
2017-05-03,206.5142280989218,206.60936857189023,205.588769571187,206.26339721679688,73137700,0.0,0.0,0.0
2017-05-04,206.5661193938708,206.64395799930224,205.6579627381305,206.5055694580078,61462700,0.0,0.0,0.0
2017-05-05,206.87747439671105,207.335874864018,206.4363625979184,207.31857299804688,62001300,0.0,0.0,0.0
2017-05-08,207.3618351880175,207.50886806514407,206.8601866203432,207.28399658203125,48385700,0.0,0.0,0.0
2017-05-09,207.5434909463867,207.742416245856,206.74776335359152,207.0937347412109,51363200,0.0,0.0,0.0
2017-05-10,207.05045428669604,207.46560668945312,206.842871486589,207.46560668945312,54293800,0.0,0.0,0.0
2017-05-11,207.0158781386859,207.2061590859768,205.9606885936942,207.0418243408203,62358300,0.0,0.0,0.0
2017-05-12,206.7909564966798,207.0850221999492,206.4276965342667,206.69581604003903,53912700,0.0,0.0,0.0
2017-05-15,207.11964874350585,207.9586110815385,207.1023468774501,207.8375244140625,61918900,0.0,0.0,0.0
2017-05-16,208.1315939933016,208.15754019413583,207.2580411044825,207.64724731445312,51241800,0.0,0.0,0.0
2017-05-17,207.64721259393744,207.64721259393744,203.9021575960711,203.96270751953125,172174100,0.0,0.0,0.0
2017-05-18,203.8848810620928,205.631999962106,203.6254058674442,204.78439331054688,107047700,0.0,0.0,0.0
2017-05-19,205.26874160827177,206.78233152544607,205.2168492084189,206.1163482666016,115011400,0.0,0.0,0.0
2017-05-22,206.6266353290807,207.32722229980183,206.5574542628564,207.1628875732422,61010600,0.0,0.0,0.0
2017-05-23,207.534780731156,207.78561157318967,207.15421890010865,207.62127685546875,48341700,0.0,0.0,0.0
2017-05-24,207.8548494170872,208.2094519272308,207.5175223800084,208.1056671142578,46927700,0.0,0.0,0.0
2017-05-25,208.61594932157783,209.37707310415792,208.408379706298,209.1002960205078,64071700,0.0,0.0,0.0
2017-05-26,208.90999129615253,209.2213588810894,208.8321526992825,209.0570373535156,46629900,0.0,0.0,0.0
2017-05-30,208.7370082051156,209.12621437940425,208.58133101438253,208.8753967285156,35201900,0.0,0.0,0.0
2017-05-31,209.1694444093428,209.20404813593743,208.13155696823463,208.823486328125,91796000,0.0,0.0,0.0
2017-06-01,209.28187824173105,210.5014022043929,208.9964568974408,210.48410034179688,68962000,0.0,0.0,0.0
2017-06-02,210.5360110522851,211.340382764816,210.2419453498353,211.1846923828125,88666100,0.0,0.0,0.0
2017-06-05,211.01176612473392,211.2971875652669,210.83012949986428,211.0290679931641,44698800,0.0,0.0,0.0
2017-06-06,210.4668297647165,211.0203706729839,210.2765488402381,210.3544006347656,50375400,0.0,0.0,0.0
2017-06-07,210.69174467946053,210.96850857461544,210.02576134813623,210.7436370849609,54144300,0.0,0.0,0.0
2017-06-08,210.83875251651543,211.32309917359729,210.3198021282382,210.847396850586,65950700,0.0,0.0,0.0
2017-06-09,211.11545978931707,211.91117382658288,209.2645565901992,210.5273284912109,132256400,0.0,0.0,0.0
2017-06-12,210.2851751130325,210.5359927321307,209.6364938389512,210.48410034179688,86108100,0.0,0.0,0.0
2017-06-13,211.0203777650746,211.56527435779927,210.67441963482645,211.5133819580078,60067000,0.0,0.0,0.0
2017-06-14,211.7815088551648,211.79015318961183,210.42359609192093,211.24526977539065,78602300,0.0,0.0,0.0
2017-06-15,209.89598483832128,210.95983177720848,209.61922098575457,210.8387451171875,66464900,0.0,0.0,0.0
2017-06-16,210.9978173345952,211.04996279608503,210.00701378083883,210.88482666015625,84553100,0.0,0.0,0.0
2017-06-19,211.7104248197681,212.7012280493965,211.61482041770697,212.6403961181641,65123800,0.0,0.0,0.0
2017-06-20,212.2841118334075,212.2927983226885,211.18901740229745,211.2063903808593,56906400,0.0,0.0,0.0
2017-06-21,211.59748345778647,211.7104608526788,210.68489823948383,211.1542205810547,55977600,0.0,0.0,0.0
2017-06-22,211.1629437063401,211.65833882940308,210.8848169088331,211.0586395263672,44148100,0.0,0.0,0.0
2017-06-23,211.11949059974816,211.6409584668328,210.7370728734632,211.31069946289065,66986800,0.0,0.0,0.0
2017-06-26,211.97992043403343,212.3971106482016,211.2411709623493,211.4497528076172,56700500,0.0,0.0,0.0
2017-06-27,211.23249094792288,211.5280040260247,209.7289058715889,209.7462921142578,82247700,0.0,0.0,0.0
2017-06-28,210.7630802800037,211.8234151881305,210.5284125185496,211.6235198974609,70042600,0.0,0.0,0.0
2017-06-29,211.7713672369868,211.823512705358,208.55560182319115,209.76368713378903,106949700,0.0,0.0,0.0
2017-06-30,210.5719621526262,210.94569343453097,209.96357627003223,210.15478515625,86820700,0.0,0.0,0.0
2017-07-03,211.09336028333647,211.52792335159967,210.51104736328125,210.51104736328125,39153800,0.0,0.0,0.0
2017-07-05,210.8761255787128,211.20638456590143,210.06783119610185,210.997802734375,54427600,0.0,0.0,0.0
2017-07-06,210.2329855748634,210.3546627410907,208.88583699475083,209.068359375,65400800,0.0,0.0,0.0
2017-07-07,209.64195547243423,210.5719136942868,209.07701543431983,210.4241638183593,57972300,0.0,0.0,0.0
2017-07-10,210.4241631681272,211.0238624203301,210.119963666866,210.650131225586,36663300,0.0,0.0,0.0
2017-07-11,210.65014975664388,210.8065993961972,209.3290872496961,210.49371337890625,50354600,0.0,0.0,0.0
2017-07-12,211.45842825121,212.2406366046796,211.45842825121,212.07550048828125,59610400,0.0,0.0,0.0
2017-07-13,212.0841937898011,212.54482964689768,211.85821247452137,212.4318389892578,39471600,0.0,0.0,0.0
2017-07-14,212.4318497416446,213.77899816590127,212.3362453176828,213.4226531982422,60262700,0.0,0.0,0.0
2017-07-17,213.34443047246788,213.7268481601751,213.22275332290783,213.3965759277344,33531900,0.0,0.0,0.0
2017-07-18,212.9881166258476,213.56174324120423,212.64915785528527,213.5095977783203,42742500,0.0,0.0,0.0
2017-07-19,213.8224433044374,214.6741833144012,213.813743554394,214.66549682617188,51034300,0.0,0.0,0.0
2017-07-20,214.9175905723724,215.039267746642,214.213600259683,214.7611541748047,47135200,0.0,0.0,0.0
2017-07-21,214.1874980587312,214.59598850082523,213.96151672202305,214.5699157714844,82340800,0.0,0.0,0.0
2017-07-24,214.4916752404168,214.6568113604609,214.0484255985733,214.51776123046875,46622300,0.0,0.0,0.0
2017-07-25,215.26522896300705,215.3695331531979,214.81329276550863,215.0392608642578,54915600,0.0,0.0,0.0
2017-07-26,215.3260088204104,215.36076803204548,214.7871548382828,215.04788208007807,47575400,0.0,0.0,0.0
2017-07-27,215.50861286514385,215.54337208995847,213.5269922434443,214.8480682373047,70766600,0.0,0.0,0.0
2017-07-28,214.370011700502,214.72635669145512,213.91807554115323,214.5959930419922,50088400,0.0,0.0,0.0
2017-07-31,214.9957873263703,215.09139175817583,214.2657243535732,214.4743194580078,65838700,0.0,0.0,0.0
2017-08-01,215.0739934319725,215.10875264770704,214.43083521545947,214.9523162841797,55050400,0.0,0.0,0.0
2017-08-02,215.0827286169467,215.19571930184148,214.1266841951081,215.05665588378903,47211200,0.0,0.0,0.0
2017-08-03,214.9436516202599,214.96972435177045,214.3613385134965,214.63946533203125,40856000,0.0,0.0,0.0
2017-08-04,215.12615252230128,215.360807082466,214.6481303893106,215.03054809570312,60191800,0.0,0.0,0.0
2017-08-07,215.1000846337351,215.4303436279297,214.9957804539439,215.4303436279297,31995000,0.0,0.0,0.0
2017-08-08,215.1174585899336,216.33424343971365,214.52645903629823,214.90017700195312,61719400,0.0,0.0,0.0
2017-08-09,214.2135620334,214.9436249487381,213.8572170645511,214.8914794921875,62632600,0.0,0.0,0.0
2017-08-10,214.0571499911809,214.18752691726704,211.8061156426909,211.85826110839844,120479500,0.0,0.0,0.0
2017-08-11,212.0842226385577,212.762140152982,211.84955480300584,212.171127319336,74869900,0.0,0.0,0.0
2017-08-14,213.4487314454998,214.491680385441,213.4139722276217,214.2743988037109,73291900,0.0,0.0,0.0
2017-08-15,214.65681195914163,214.6741981986198,213.9441352823184,214.24832153320312,55242700,0.0,0.0,0.0
2017-08-16,214.76980493632897,215.16960887774223,214.19617838370715,214.6220550537109,56715500,0.0,0.0,0.0
2017-08-17,214.013680686834,214.3265667084069,211.2759246826172,211.2759246826172,128490400,0.0,0.0,0.0
2017-08-18,211.1108015904025,212.23198209604297,210.50241575027263,210.9456787109375,136748000,0.0,0.0,0.0
2017-08-21,210.8848259810489,211.3715346358088,210.18083572957025,211.1107940673828,65469700,0.0,0.0,0.0
2017-08-22,211.693127736705,213.47482628195309,211.6757414950578,213.31838989257807,63140100,0.0,0.0,0.0
2017-08-23,212.3536629833121,212.9794350760676,212.2059130811083,212.5535583496093,50203800,0.0,0.0,0.0
2017-08-24,212.93597944081628,213.0924158355496,211.8495713824448,212.05816650390625,50741700,0.0,0.0,0.0
2017-08-25,212.84905815401697,213.46614375669583,212.4058084474056,212.5535583496093,64445900,0.0,0.0,0.0
2017-08-28,213.08370846040347,213.10978119030355,212.1450503985529,212.562240600586,40565600,0.0,0.0,0.0
2017-08-29,211.24982905988216,213.06629978130863,211.136838401004,212.8055725097656,51135700,0.0,0.0,0.0
2017-08-30,212.7882037622832,214.0832067852587,212.6056813953853,213.8137664794922,62030800,0.0,0.0,0.0
2017-08-31,214.4308666144872,215.34345198746985,213.84855351750988,215.10009765625,103803900,0.0,0.0,0.0
2017-09-01,215.47373700035348,215.8300818773744,215.25645547950828,215.4042053222656,62007000,0.0,0.0,0.0
2017-09-05,214.90012645902428,215.1261077449369,212.8924471801666,213.857177734375,91398800,0.0,0.0,0.0
2017-09-06,214.5351500718967,214.91756779673688,214.00498245551665,214.58729553222656,57916900,0.0,0.0,0.0
2017-09-07,214.89147523696337,214.90886147607424,214.15271258561896,214.5612030029297,58034700,0.0,0.0,0.0
2017-09-08,214.2743705912912,214.76977889807915,214.06578878785504,214.30914306640625,63832800,0.0,0.0,0.0
2017-09-11,215.5780660762442,216.67317362286173,215.56069310000328,216.594955444336,71364800,0.0,0.0,0.0
2017-09-12,216.96005695479656,217.3598477265002,216.77753455079755,217.32508850097656,56896000,0.0,0.0,0.0
2017-09-13,217.0382323442261,217.46410902833395,216.9252416753817,217.4293365478516,59228000,0.0,0.0,0.0
2017-09-14,217.1077309615932,217.5596803062893,216.93390837111423,217.3597717285156,95446300,0.0,0.0,0.0
2017-09-15,217.21570023594435,217.739756008967,217.110891746866,217.6524200439453,95432400,0.0,0.0,0.0
2017-09-18,218.01929280014025,218.4647422670704,217.73105608825625,218.1153717041016,46235200,0.0,0.0,0.0
2017-09-19,218.3599118400072,218.4210590125854,218.0105413121157,218.33370971679688,47108100,0.0,0.0,0.0
2017-09-20,218.4210506650813,218.525859153917,217.41658711242653,218.4123077392578,59574100,0.0,0.0,0.0
2017-09-21,218.25510815450247,218.3424441245835,217.65243265212848,217.82711791992188,48211400,0.0,0.0,0.0
2017-09-22,217.5301019388002,218.03669842901505,217.50389982099844,217.8707427978516,51214000,0.0,0.0,0.0
2017-09-25,217.61746600132773,217.9668498298664,216.68289258120123,217.42530822753903,57064400,0.0,0.0,0.0
2017-09-26,217.85330171224217,218.0978637321004,217.32050302734456,217.55633544921875,54082000,0.0,0.0,0.0
2017-09-27,218.2551118242006,218.78791056288927,217.37292921641887,218.40359497070312,81001400,0.0,0.0,0.0
2017-09-28,218.1240163736612,218.74416420824468,218.0366804307409,218.66555786132807,44778800,0.0,0.0,0.0
2017-09-29,218.6568130622354,219.51279325785404,218.47339825433664,219.4341735839844,85578000,0.0,0.0,0.0
2017-10-02,219.6613502279669,220.3863067626953,219.4866516296174,220.3863067626953,59023000,0.0,0.0,0.0
2017-10-03,220.3863043740284,220.88415805655924,220.3076846745705,220.8579559326172,66810200,0.0,0.0,0.0
2017-10-04,220.7094164748382,221.36449606151285,220.59586508164023,221.11993408203125,55953600,0.0,0.0,0.0
2017-10-05,221.45186859770155,222.447589200853,221.15490233464223,222.4301300048828,63522800,0.0,0.0,0.0
2017-10-06,221.9846305851287,222.4650249475023,221.72260941258705,222.17678833007807,80646000,0.0,0.0,0.0
2017-10-09,222.4039128546295,222.46504669165515,221.5479325152339,221.8099670410156,35803100,0.0,0.0,0.0
2017-10-10,222.37771292417835,222.77075805290576,221.8361713448633,222.39517211914065,43057400,0.0,0.0,0.0
2017-10-11,222.29910515071512,222.7445678710937,222.13316282390105,222.7445678710937,47674300,0.0,0.0,0.0
2017-10-12,222.43010069512647,222.7794711553205,222.17679578300127,222.41262817382807,47065100,0.0,0.0,0.0
2017-10-13,222.84941210196223,222.9629635316653,222.4126922371134,222.68345642089844,54800400,0.0,0.0,0.0
2017-10-16,222.9105137614728,223.17253496477068,222.56987286955564,222.9803771972656,38221700,0.0,0.0,0.0
2017-10-17,222.92798871346952,223.1812936647346,222.70962881020068,223.1376190185547,31561000,0.0,0.0,0.0
2017-10-18,223.513185018462,223.55685966334508,223.1638145146575,223.35597229003903,40888300,0.0,0.0,0.0
2017-10-19,222.5786196871285,223.4520593060424,222.15937240178653,223.4171142578125,61903800,0.0,0.0,0.0
2017-10-20,224.2119358358132,224.59625135770185,223.399630150434,224.5700225830078,89176400,0.0,0.0,0.0
2017-10-23,224.89325951379504,224.919461638114,223.6180183829025,223.6966247558593,63915300,0.0,0.0,0.0
2017-10-24,224.1246056918486,224.32547973958583,223.7315472114965,224.08966064453125,66935900,0.0,0.0,0.0
2017-10-25,223.7577378648525,223.8712892713681,221.85364604019503,222.9803771972656,103715300,0.0,0.0,0.0
2017-10-26,223.5917974221529,223.86254822529017,223.1463347175475,223.26861572265625,69798000,0.0,0.0,0.0
2017-10-27,224.01107480102056,225.25137086942868,223.2773886717104,225.09413146972656,85562500,0.0,0.0,0.0
2017-10-30,224.0110379726896,224.9980289092833,223.9586337331588,224.255599975586,54285700,0.0,0.0,0.0
2017-10-31,224.63118258968325,224.858285407945,224.30801421308635,224.60498046875,60304800,0.0,0.0,0.0
2017-11-01,225.3823547795757,225.722982352158,224.5351173279343,224.9019470214844,54202700,0.0,0.0,0.0
2017-11-02,224.8320756098468,225.1290418553702,223.7664783028467,224.98928833007807,56449500,0.0,0.0,0.0
2017-11-03,225.1465345397593,225.78415509588623,224.73601682791988,225.7404937744141,59589700,0.0,0.0,0.0
2017-11-06,225.60942075481384,226.2208390901341,225.53955732047456,226.0898284912109,49652600,0.0,0.0,0.0
2017-11-07,226.19465366347248,226.5265649754122,225.4260225527196,225.93263244628903,57502200,0.0,0.0,0.0
2017-11-08,225.7579527790393,226.41303253214264,225.47844568711864,226.3169403076172,50469600,0.0,0.0,0.0
2017-11-09,225.11156462700183,225.6880378769288,223.91493016041056,225.49588012695312,95085500,0.0,0.0,0.0
2017-11-10,225.1115846885405,225.6007087038398,224.79713258998552,225.426010131836,59984700,0.0,0.0,0.0
2017-11-13,224.74476699576223,225.8627687451596,224.7098219443005,225.6356658935547,50228600,0.0,0.0,0.0
2017-11-14,224.83209570763373,225.2164112727262,224.0547216515681,225.11160278320312,61315200,0.0,0.0,0.0
2017-11-15,224.14207601909385,224.66614513383567,223.2773793056904,223.98486328125,80811500,0.0,0.0,0.0
2017-11-16,224.92817282988813,226.25581817943672,224.8845115087638,225.8889617919922,67777000,0.0,0.0,0.0
2017-11-17,225.53956501844647,225.8627333919068,225.1465065530022,225.22511291503903,75756800,0.0,0.0,0.0
2017-11-20,225.46967865833645,225.8015632681072,225.22509001652008,225.60940551757807,48075500,0.0,0.0,0.0
2017-11-21,226.3781177112362,227.26904335379507,225.5745680337416,227.08560180664065,69176800,0.0,0.0,0.0
2017-11-22,227.0943368606652,227.22534749318547,226.7187641623518,226.8847198486328,45033400,0.0,0.0,0.0
2017-11-24,227.37383404443744,227.51358759810745,227.2340804907674,227.40875244140625,27856500,0.0,0.0,0.0
2017-11-27,227.4523939944793,227.749360239689,227.09428058415776,227.2951812744141,52274900,0.0,0.0,0.0
2017-11-28,227.7580688250894,229.62721529965407,227.66197662936463,229.6010131835937,98971700,0.0,0.0,0.0
2017-11-29,229.73200674009183,230.26481860084243,229.01580673576407,229.46124267578125,77512100,0.0,0.0,0.0
2017-11-30,230.3784913819879,232.37864934265127,230.29988499820908,231.4702911376953,127894400,0.0,0.0,0.0
2017-12-01,231.2518855292772,231.73226666483723,227.75812700080465,230.9898376464844,164390900,0.0,0.0,0.0
2017-12-04,232.60570674441112,233.0336836352884,230.65792676514644,230.7103576660156,94040600,0.0,0.0,0.0
2017-12-05,229.8805389404297,231.5924728582551,229.74952834944312,229.8805389404297,77994500,0.0,0.0,0.0
2017-12-06,229.97662909551727,230.3522283702102,229.4613029456601,229.9242248535156,75898600,0.0,0.0,0.0
2017-12-07,230.6492156982422,230.9636411789777,229.66222462493985,230.6492156982422,77218600,0.0,0.0,0.0
2017-12-08,231.60119700357745,231.91562239645032,230.6142062060786,231.9069061279297,76563900,0.0,0.0,0.0
2017-12-11,232.6056671142578,232.6668142754687,231.88072407003264,232.6056671142578,83077500,0.0,0.0,0.0
2017-12-12,233.39179273103937,233.48788494970145,232.6406474545075,233.01622009277344,85195800,0.0,0.0,0.0
2017-12-13,233.2607390746272,233.6974588027913,232.9026256989017,232.989974975586,102905400,0.0,0.0,0.0
2017-12-14,233.28699142018425,233.4005428387963,231.9855748797345,232.03797912597656,100666700,0.0,0.0,0.0
2017-12-15,233.0396690986028,234.4355334926908,232.98699699252464,233.97024536132807,144610300,0.0,0.0,0.0
2017-12-18,235.36612267824435,235.8050747806687,235.26077846030407,235.45391845703125,83653600,0.0,0.0,0.0
2017-12-19,235.69970433667527,235.74358882543072,234.4794047677921,234.5496520996093,82382900,0.0,0.0,0.0
2017-12-20,235.51538110817063,235.5680532237872,234.12830407774675,234.42678833007807,76751500,0.0,0.0,0.0
2017-12-21,235.0500900961936,235.62074932777256,234.6638100585924,234.9096221923828,67032300,0.0,0.0,0.0
2017-12-22,234.927167952612,234.96229162203664,234.31262429947589,234.84815979003903,78720900,0.0,0.0,0.0
2017-12-26,234.44426502174645,234.78666045998,234.30382395075893,234.5671844482422,45244400,0.0,0.0,0.0
2017-12-27,234.73399229080823,235.0412640706872,234.40917207463843,234.6813201904297,57751000,0.0,0.0,0.0
2017-12-28,235.1817598001916,235.2080958535012,234.7954798239778,235.1641845703125,45116100,0.0,0.0,0.0
2017-12-29,235.74360810502137,235.76115654365725,234.084383138368,234.27749633789065,96007400,0.0,0.0,0.0
2018-01-02,235.13788587053,235.9894541181648,234.7516058329525,235.954330444336,86655700,0.0,0.0,0.0
2018-01-03,236.1210574080609,237.595956521271,236.1210574080609,237.4467010498047,90070400,0.0,0.0,0.0
2018-01-04,238.0875469689368,238.9303272062629,237.5081271834311,238.4474639892578,80636400,0.0,0.0,0.0
2018-01-05,239.2376944978411,240.1594832389474,238.74607026371623,240.03659057617188,83524000,0.0,0.0,0.0
2018-01-08,239.9399894206728,240.63354122486592,239.6502928293821,240.4755249023437,57319200,0.0,0.0,0.0
2018-01-09,240.8969017218228,241.6431256333976,240.6159659541577,241.0198211669922,57254000,0.0,0.0,0.0
2018-01-10,240.2648125419697,240.9144798614797,239.5976235750946,240.65109252929688,69574300,0.0,0.0,0.0
2018-01-11,241.20421201328483,242.4069366455078,241.03740804909924,242.4069366455078,62361500,0.0,0.0,0.0
2018-01-12,242.67031094880144,244.15394452208943,242.37179991942867,243.98716735839844,90816100,0.0,0.0,0.0
2018-01-16,245.2424612349641,245.89210155142328,242.45949406768443,243.15304565429688,106555100,0.0,0.0,0.0
2018-01-17,244.08371774989664,245.8570746913624,243.1531413874777,245.4707946777344,113258800,0.0,0.0,0.0
2018-01-18,245.35668124153543,245.77805812089665,244.56654600971189,245.0581970214844,100728000,0.0,0.0,0.0
2018-01-19,245.63763639023136,246.1731719970703,245.0582430722316,246.1731719970703,140920100,0.0,0.0,0.0
2018-01-22,245.96244980743063,248.1747589111328,245.90975090331943,248.1747589111328,91322400,0.0,0.0,0.0
2018-01-23,248.2185984585905,248.99115835882745,247.8937782258789,248.7014617919922,97084700,0.0,0.0,0.0
2018-01-24,249.3422792693904,249.9392743385653,247.42845501900035,248.60484313964844,134816100,0.0,0.0,0.0
2018-01-25,249.46520118283064,249.5617577618745,247.9200815861,248.710189819336,84587300,0.0,0.0,0.0
2018-01-26,249.5443230492065,251.63373978565417,249.28972327428647,251.5898284912109,107743100,0.0,0.0,0.0
2018-01-29,251.01910249168148,251.4580545235104,249.7637061106124,249.9217224121093,90118300,0.0,0.0,0.0
2018-01-30,248.09566670894165,249.97436726883348,246.88415494649124,247.3582305908203,131796400,0.0,0.0,0.0
2018-01-31,248.2098154832068,248.71020041762685,246.4100961508907,247.48114013671875,108364800,0.0,0.0,0.0
2018-02-01,246.7524367994708,248.49945685406087,246.41004144464227,247.2001495361328,90102500,0.0,0.0,0.0
2018-02-02,245.8834306076889,246.01513768914108,241.78363242902748,241.8187561035156,173174800,0.0,0.0,0.0
2018-02-05,240.06291099027115,242.1698756837403,231.1609496616137,231.7052459716797,294681800,0.0,0.0,0.0
2018-02-06,228.2024137021041,236.7707670349998,227.1138210969117,236.2703552246093,355026800,0.0,0.0,0.0
2018-02-07,235.7172196853932,239.105916203444,234.9095362319154,234.9885711669922,167376100,0.0,0.0,0.0
2018-02-08,235.2870873577438,235.4275552292879,226.1393148107997,226.1744384765625,246449500,0.0,0.0,0.0
2018-02-09,228.95735588832176,231.42426402168795,222.03948137455444,229.5718994140625,283565300,0.0,0.0,0.0
2018-02-12,231.61744087262767,234.4091964404118,229.71240386406905,232.94308471679688,143736000,0.0,0.0,0.0
2018-02-13,231.7403623395533,234.06680300678445,231.16094237859048,233.5225067138672,81223600,0.0,0.0,0.0
2018-02-14,232.0388312280291,237.0341077154266,232.03004361372035,236.6741638183593,120735700,0.0,0.0,0.0
2018-02-15,238.41246589270904,239.7029862242665,235.95431789418856,239.69419860839844,111200300,0.0,0.0,0.0
2018-02-16,239.07092490955327,241.7046380244136,239.0270136160631,239.7644500732422,160420100,0.0,0.0,0.0
2018-02-20,238.81629808944345,240.2560739557444,237.47310562466865,238.26321411132807,86369700,0.0,0.0,0.0
2018-02-21,238.70214631468968,241.177842585468,236.9814615865256,237.07801818847656,98883700,0.0,0.0,0.0
2018-02-22,237.99985866174583,239.71175595438413,236.7181258984376,237.38531494140625,110511300,0.0,0.0,0.0
2018-02-23,238.60552651042548,241.1689910888672,238.1314508669865,241.1689910888672,92766400,0.0,0.0,0.0
2018-02-26,242.24010161368724,244.0661573690469,241.65192079774243,243.9695739746093,86491400,0.0,0.0,0.0
2018-02-27,244.15391392223984,244.8650409424878,240.86177331085185,240.92323303222656,99099200,0.0,0.0,0.0
2018-02-28,242.02060331721685,242.4683429952986,238.166618131019,238.482650756836,121907800,0.0,0.0,0.0
2018-03-01,238.2720014755822,239.81712156627023,233.5225361531255,235.0149841308593,176855100,0.0,0.0,0.0
2018-03-02,233.34688570066712,236.78828136385687,232.4865568784988,236.2264099121093,139083200,0.0,0.0,0.0
2018-03-05,235.04126616716488,239.571254380669,234.93589517396205,238.9567108154297,97307400,0.0,0.0,0.0
2018-03-06,239.93118947481383,240.0102244235225,238.0700369945111,239.5624847412109,79213200,0.0,0.0,0.0
2018-03-07,237.4028750515469,239.8258725222724,237.2097350481584,239.47471618652344,87063500,0.0,0.0,0.0
2018-03-08,240.1506510839523,240.75640704428025,239.15864197545773,240.63351440429688,66901200,0.0,0.0,0.0
2018-03-09,242.0381499475418,244.8210906982422,241.72209056756208,244.8210906982422,113625300,0.0,0.0,0.0
2018-03-12,245.11081957380023,245.73412394284,244.1275445405689,244.51382446289065,71924800,0.0,0.0,0.0
2018-03-13,245.67264991853585,246.1730616239616,242.32783785216952,242.93359375,91968900,0.0,0.0,0.0
2018-03-14,243.89059059498044,244.0749429957183,241.1339850341145,241.68704223632807,105895100,0.0,0.0,0.0
2018-03-15,242.1961896626177,242.83704251505435,240.92321798909447,241.4236297607422,83433000,0.0,0.0,0.0
2018-03-16,241.9498553754007,242.734332298794,241.63255700109173,241.68544006347656,100343700,0.0,0.0,0.0
2018-03-19,240.93625086908648,241.8617314494688,236.76712305431,238.4153747558593,109208400,0.0,0.0,0.0
2018-03-20,238.81200848856804,239.4554549648832,238.14212048028443,238.82083129882807,59757300,0.0,0.0,0.0
2018-03-21,238.77671055837496,240.86567198647185,238.1509097906093,238.3624420166016,78709600,0.0,0.0,0.0
2018-03-22,236.14128090528047,236.9874367365729,232.13080299363773,232.4040679931641,148785900,0.0,0.0,0.0
2018-03-23,232.844799765795,233.1709209551684,227.25657169813343,227.4504852294922,183534800,0.0,0.0,0.0
2018-03-26,231.04672437365164,233.9554008160121,228.6492599070533,233.67333984375,141956100,0.0,0.0,0.0
2018-03-27,234.6076840686176,235.13651479940432,228.1468573530697,229.6981658935547,129941400,0.0,0.0,0.0
2018-03-28,229.8303123233447,231.496209377788,227.9176186940368,229.01939392089844,146452300,0.0,0.0,0.0
2018-03-29,230.1564425245714,233.80553513065988,229.0282257239141,231.9457244873047,111601600,0.0,0.0,0.0
2018-04-02,231.41682631878385,231.9280650176336,224.47124538181424,226.9392242431641,186286300,0.0,0.0,0.0
2018-04-03,228.17325309173245,230.3239206279813,226.38397108152984,229.8479461669922,119956900,0.0,0.0,0.0
2018-04-04,226.3045697109445,233.0121625463561,226.1723620996372,232.3070373535156,123715300,0.0,0.0,0.0
2018-04-05,234.06112092397936,235.0218926029717,232.9769913044568,234.1404724121093,82652600,0.0,0.0,0.0
2018-04-06,232.18373580132868,233.67331128789823,227.40642617564995,228.92247009277344,179521200,0.0,0.0,0.0
2018-04-09,230.3768261726803,233.4353557781252,229.1164015629276,230.0507049560547,105442900,0.0,0.0,0.0
2018-04-10,232.9329182689304,234.49304931652253,231.79590552096968,233.7085723876953,103529000,0.0,0.0,0.0
2018-04-11,232.22777905016653,234.1404727021837,232.1572772702864,232.4833984375,91140200,0.0,0.0,0.0
2018-04-12,233.80555112463333,235.33921379794384,233.6292563098291,234.3960876464844,68890500,0.0,0.0,0.0
2018-04-13,235.7005907473589,235.81517968292337,232.70376729661248,233.7085723876953,85079200,0.0,0.0,0.0
2018-04-16,235.33917858817293,236.39689352112617,234.51946430947865,235.63003540039065,63405300,0.0,0.0,0.0
2018-04-17,237.39285890695663,238.7502533652304,236.88164709474785,238.15089416503903,64682000,0.0,0.0,0.0
2018-04-18,238.5916247605768,239.12927814561803,237.8688537751826,238.32720947265625,57303900,0.0,0.0,0.0
2018-04-19,237.6749728150779,237.8777091627883,235.9738381325913,237.005111694336,77655900,0.0,0.0,0.0
2018-04-20,236.9345267583543,237.1548817757553,234.1139717760991,234.99539184570312,99953100,0.0,0.0,0.0
2018-04-23,235.56834131435096,236.1236402735713,233.884825718501,234.9601593017578,65558000,0.0,0.0,0.0
2018-04-24,235.98264446982623,236.2029995241592,230.2974733085117,231.7958984375,112885500,0.0,0.0,0.0
2018-04-25,231.73416611286592,232.8094997312081,229.91844282434167,232.3687896728516,103840900,0.0,0.0,0.0
2018-04-26,233.3912386640193,235.55952460486205,232.9505286086313,234.73098754882807,67731900,0.0,0.0,0.0
2018-04-27,235.3391972855658,235.6388769306565,234.0170669637368,234.9513702392578,57053600,0.0,0.0,0.0
2018-04-30,235.56842206396763,236.12372121353687,233.0739872966668,233.1445159912109,82182300,0.0,0.0,0.0
2018-05-01,232.5803102933891,233.6644666664448,231.0290023577268,233.55870056152344,74203400,0.0,0.0,0.0
2018-05-02,233.36482048739748,234.17571200711808,231.60198008945383,231.98980712890625,86368900,0.0,0.0,0.0
2018-05-03,231.16124781281792,232.1307884196233,228.33186987842024,231.47854614257807,136311500,0.0,0.0,0.0
2018-05-04,230.50904174879244,235.15414423876828,230.18292052098005,234.4754333496093,91222100,0.0,0.0,0.0
2018-05-07,235.2422504865093,236.23823271919028,234.55471690649136,235.2686920166016,55304900,0.0,0.0,0.0
2018-05-08,234.8984836965004,235.63005062825889,233.70856104472983,235.2686920166016,67499200,0.0,0.0,0.0
2018-05-09,235.93856383142008,237.8688763125569,235.4185291166989,237.54275512695312,59666100,0.0,0.0,0.0
2018-05-10,238.28316684656053,240.0900946476544,238.17740071163087,239.76394653320312,72063900,0.0,0.0,0.0
2018-05-11,239.8873622488972,240.75995977528183,239.3761233898816,240.4955444335937,59871500,0.0,0.0,0.0
2018-05-14,240.92734468202264,241.579586888239,240.0635433801328,240.61004638671875,54790600,0.0,0.0,0.0
2018-05-15,239.38492075905984,239.40253948036187,238.00990733079024,238.9530334472656,87036100,0.0,0.0,0.0
2018-05-16,238.98829921102725,240.4161957105122,238.9618307807,239.9578399658203,53942600,0.0,0.0,0.0
2018-05-17,239.69342108090297,240.8304607167784,238.97947284179327,239.755126953125,56536400,0.0,0.0,0.0
2018-05-18,239.4113658661193,239.7727513992917,238.80318373697688,239.1557464599609,64368000,0.0,0.0,0.0
2018-05-21,240.6365437940962,241.4915224867325,240.24871674390167,240.953842163086,58025900,0.0,0.0,0.0
2018-05-22,241.47388880461108,241.7295082136968,239.957844869488,240.28396606445312,52966400,0.0,0.0,0.0
2018-05-23,239.0147067417322,240.9714604919917,238.8560306763974,240.9449920654297,64694200,0.0,0.0,0.0
2018-05-24,240.54840148842243,240.8216396115561,238.67097206902508,240.4514312744141,76043800,0.0,0.0,0.0
2018-05-25,239.8785400390625,240.50434094850192,239.3761239897821,239.8785400390625,56374800,0.0,0.0,0.0
2018-05-29,238.2566683826817,239.01470366657188,236.0090578560398,237.11962890625,115908600,0.0,0.0,0.0
2018-05-30,238.42418221259783,240.7246761979329,238.3536804267183,240.28396606445312,69678400,0.0,0.0,0.0
2018-05-31,239.87852272098635,240.1782023869531,238.21265238681653,238.81201171875,93519900,0.0,0.0,0.0
2018-06-01,240.1076782519081,241.45625007264383,240.03714957306167,241.1565704345703,71258400,0.0,0.0,0.0
2018-06-04,241.9762622852021,242.55800278701213,241.7382885385191,242.3023834228516,45385200,0.0,0.0,0.0
2018-06-05,242.4346268378648,242.8577182376583,241.66779553102288,242.4787139892578,51135000,0.0,0.0,0.0
2018-06-06,243.0868621885617,244.61170177943265,242.4698573456426,244.5059356689453,62732200,0.0,0.0,0.0
2018-06-07,244.99083795072647,245.2816948793156,243.57173696288075,244.47959899902344,72969400,0.0,0.0,0.0
2018-06-08,244.0212314911111,245.25521461254337,243.8537594711865,245.20233154296875,72139700,0.0,0.0,0.0
2018-06-11,245.42261523927425,246.2423294780415,245.30802632225817,245.52838134765625,58892500,0.0,0.0,0.0
2018-06-12,245.9427227474188,246.2071380967235,245.2023328705508,245.8457794189453,72329000,0.0,0.0,0.0
2018-06-13,246.08377601657364,246.33939547711083,244.85858868746203,245.0613250732422,79070600,0.0,0.0,0.0
2018-06-14,245.92500392262767,246.20703788081565,245.0876441593097,245.6782073974609,77097600,0.0,0.0,0.0
2018-06-15,244.8955883333687,245.7012856482646,243.78886570624715,245.3648376464844,120041600,0.0,0.0,0.0
2018-06-18,243.912883391393,244.9842106946697,243.43479851613,244.86024475097656,52917600,0.0,0.0,0.0
2018-06-19,242.59365495796,244.1430669878009,242.17752607487577,243.9217224121093,97531500,0.0,0.0,0.0
2018-06-20,244.6033711477353,245.00180205689944,244.001320590432,244.3377685546875,53785500,0.0,0.0,0.0
2018-06-21,244.328973491891,244.346698349376,242.3103121693889,242.80612182617188,71061400,0.0,0.0,0.0
2018-06-22,244.06329313713783,244.17839659575208,243.0273890292008,243.2487335205078,54898500,0.0,0.0,0.0
2018-06-25,242.09780964362213,242.2571712299645,238.2552716174245,239.9374847412109,137854200,0.0,0.0,0.0
2018-06-26,240.5041116530932,241.31864434566987,239.7515348904601,240.4686889648437,68547400,0.0,0.0,0.0
2018-06-27,241.05307733908927,242.4785232714504,238.32609735255744,238.47662353515625,105110700,0.0,0.0,0.0
2018-06-28,238.42347751836468,240.6015000917025,237.7151588224368,239.840087890625,76650500,0.0,0.0,0.0
2018-06-29,240.92901688809027,242.2925063463622,240.07019929042124,240.185302734375,97592500,0.0,0.0,0.0
2018-07-02,238.6182509606356,240.858256384454,238.379181590529,240.6988677978516,63554800,0.0,0.0,0.0
2018-07-03,241.5930725641536,241.69047818709527,239.42391283727807,239.848876953125,42187100,0.0,0.0,0.0
2018-07-05,240.9733116355928,241.8675249290411,239.9019849371421,241.8055419921875,56925900,0.0,0.0,0.0
2018-07-06,241.8321843733216,244.22268900358912,241.45145125988475,243.8508453369141,66493700,0.0,0.0,0.0
2018-07-09,244.8513343486122,246.0997208730852,244.80707624573824,246.04660034179688,50550400,0.0,0.0,0.0
2018-07-10,246.4980734836629,247.0293056471973,246.2058836349034,246.9319000244141,51966800,0.0,0.0,0.0
2018-07-11,245.3825454236245,246.1705449354682,244.82475287382,245.1257781982422,77054700,0.0,0.0,0.0
2018-07-12,246.3829789803804,247.40115823605083,245.78092844897768,247.34803771972656,60124700,0.0,0.0,0.0
2018-07-13,247.17100302827427,247.8438719754581,246.71945157482145,247.5428466796875,48216000,0.0,0.0,0.0
2018-07-16,247.58710176349595,247.72873845760168,246.87878319501408,247.32147216796875,48201000,0.0,0.0,0.0
2018-07-17,246.55124995828604,248.71157476595965,246.4981294318348,248.322006225586,52315500,0.0,0.0,0.0
2018-07-18,248.40162561778985,248.95055560183823,247.95893666038435,248.8443145751953,44593500,0.0,0.0,0.0
2018-07-19,248.1803030289277,248.5610090811737,247.4277263310422,247.9058380126953,61412100,0.0,0.0,0.0
2018-07-20,247.70219359511609,248.3308314298879,247.4631512619163,247.6225128173828,82337700,0.0,0.0,0.0
2018-07-23,247.41889800487505,248.2865511702104,247.07358760835703,248.0829315185547,47047600,0.0,0.0,0.0
2018-07-24,249.4906721429212,250.17240347028664,248.4636304289784,249.331283569336,68026900,0.0,0.0,0.0
2018-07-25,249.08335865317733,251.7749150987928,249.0391005649585,251.4561920166016,78882900,0.0,0.0,0.0
2018-07-26,250.73911347212268,251.54478384538663,250.64170782132047,250.8630523681641,57919500,0.0,0.0,0.0
2018-07-27,251.1906128472391,251.2880184882975,248.24231566683144,249.16311645507807,76768700,0.0,0.0,0.0
2018-07-30,249.24282110559668,249.4021826939374,247.3392363952235,247.86163330078125,63742500,0.0,0.0,0.0
2018-07-31,248.6229567419392,249.69425639583147,248.2422507437213,249.0833435058593,68570500,0.0,0.0,0.0
2018-08-01,249.28701169662585,249.79168360929737,248.0209277216841,248.667236328125,53853300,0.0,0.0,0.0
2018-08-02,247.3657473721429,250.1900780484802,247.16210072568543,250.0218811035156,63426400,0.0,0.0,0.0
2018-08-03,250.145824558501,251.14630593884127,249.9687381653188,251.0931854248047,53935400,0.0,0.0,0.0
2018-08-06,251.12862956597405,252.3238682535204,250.7390610833572,252.0140075683593,39400900,0.0,0.0,0.0
2018-08-07,252.67804022075435,253.2269702572532,252.5452119051692,252.8462371826172,43196600,0.0,0.0,0.0
2018-08-08,252.67812584104703,253.1385128296892,252.2796947984672,252.7400817871093,42114600,0.0,0.0,0.0
2018-08-09,252.80201123908088,253.1915797699293,252.2619435601657,252.39474487304688,35717000,0.0,0.0,0.0
2018-08-10,250.9604568137881,251.5005245360856,249.99537081693893,250.7036895751953,77076000,0.0,0.0,0.0
2018-08-13,250.97805424486992,251.58896710839204,249.4729011278703,249.7650909423828,65732900,0.0,0.0,0.0
2018-08-14,250.49123330231163,251.59795614540195,250.1016646999758,251.35888671875,43842000,0.0,0.0,0.0
2018-08-15,250.0131813483761,250.1548451485732,248.047640027504,249.48194885253903,102925400,0.0,0.0,0.0
2018-08-16,250.91613552227457,252.3681685026852,250.8807128345686,251.50048828125,69967900,0.0,0.0,0.0
2018-08-17,251.2968547244236,252.82856856746483,250.88958836311608,252.3858795166016,65618500,0.0,0.0,0.0
2018-08-20,252.83746690516844,253.1916127922392,252.38591536288368,252.926010131836,39807500,0.0,0.0,0.0
2018-08-21,253.439484251431,254.37798288744068,252.9613725060463,253.5191650390625,67272000,0.0,0.0,0.0
2018-08-22,253.11194611312737,253.89108331990417,252.8463164183076,253.36871337890625,44993300,0.0,0.0,0.0
2018-08-23,253.1915270696309,254.05034474029875,252.71341542317927,253.0321655273437,49204900,0.0,0.0,0.0
2018-08-24,253.6077231096326,254.6967479769129,253.55460258143327,254.5550842285156,57487400,0.0,0.0,0.0
2018-08-27,255.7503510015252,256.6711519566475,255.5909893995617,256.5649108886719,57072400,0.0,0.0,0.0
2018-08-28,257.0252026557289,257.1314707039436,256.22836792145466,256.68878173828125,46943500,0.0,0.0,0.0
2018-08-29,256.90130179728936,258.3001872470909,256.6622594475241,258.07000732421875,61485500,0.0,0.0,0.0
2018-08-30,257.59198471514225,257.9638284989663,256.43214121387564,257.0253295898437,61229500,0.0,0.0,0.0
2018-08-31,256.61792892076545,257.4767465699944,256.1309818805136,257.0340576171875,66140800,0.0,0.0,0.0
2018-09-04,256.61799092686505,256.94557650796173,255.59094906584016,256.5914306640625,57594400,0.0,0.0,0.0
2018-09-05,256.23729641245575,256.44094311621893,254.89153133691727,255.90084838867188,72452400,0.0,0.0,0.0
2018-09-06,256.0070545527005,256.3080798435855,254.1034971729196,255.1305389404297,65909900,0.0,0.0,0.0
2018-09-07,254.0858507118014,255.6087023274441,253.846781300414,254.63478088378903,73524800,0.0,0.0,0.0
2018-09-10,255.64400512276245,255.90963470339696,254.8825931013729,255.077377319336,50210900,0.0,0.0,0.0
2018-09-11,254.4310590664336,256.3611765271306,254.085775713545,255.91848754882807,50530500,0.0,0.0,0.0
2018-09-12,255.9273329789096,256.5825039770192,255.19248121234787,255.9804534912109,59810800,0.0,0.0,0.0
2018-09-13,257.04295190384914,257.68042515569164,256.75962445423187,257.4944763183594,51034200,0.0,0.0,0.0
2018-09-14,257.69811887974004,257.8840406945149,256.75962035999163,257.53875732421875,55079900,0.0,0.0,0.0
2018-09-17,257.4857542882548,257.52114997034784,255.9009193774372,256.1753845214844,68244000,0.0,0.0,0.0
2018-09-18,256.38773979012984,258.15849572409456,256.36117953190404,257.5653076171875,61930400,0.0,0.0,0.0
2018-09-19,257.6184687058169,258.2559420232231,257.4945028015122,257.8398132324219,49080600,0.0,0.0,0.0
2018-09-20,259.097029795445,260.2480103827484,257.8574789850048,259.92926025390625,100360600,0.0,0.0,0.0
2018-09-21,260.670163615046,260.78578814845525,259.53175051533134,259.6918334960937,105479700,0.0,0.0,0.0
2018-09-24,259.1136810427981,259.2559860417361,258.2509756467944,258.8290710449219,53409600,0.0,0.0,0.0
2018-09-25,259.2827398777616,259.3894618716786,258.3488952890775,258.5890197753906,44370000,0.0,0.0,0.0
2018-09-26,258.7312519258059,259.914123214366,257.3971730938539,257.815185546875,79739700,0.0,0.0,0.0
2018-09-27,258.2866175118633,259.62069664612955,258.0109099954677,258.53564453125,59249500,0.0,0.0,0.0
2018-09-28,257.9129944166309,259.0603097649122,257.87743852473693,258.562255859375,70091400,0.0,0.0,0.0
2018-10-01,259.7985457060066,260.5278487801344,258.7935622699914,259.4606018066406,62078900,0.0,0.0,0.0
2018-10-02,259.3093566894531,260.02085456876165,258.93582980248266,259.3093566894531,47258200,0.0,0.0,0.0
2018-10-03,260.3588240182784,260.7768364839188,259.0959112187038,259.45166015625,64694600,0.0,0.0,0.0
2018-10-04,258.971473535749,259.02483453770105,255.8408438062701,257.4239501953125,111545900,0.0,0.0,0.0
2018-10-05,257.64631758210425,258.1621496899849,254.5601460574228,255.9831695556641,105951700,0.0,0.0,0.0
2018-10-08,255.2983247387188,256.33891864474543,253.91978684031,255.9831695556641,87742200,0.0,0.0,0.0
2018-10-09,255.6005606349493,256.90793151314534,255.04911872055987,255.60943603515625,74339000,0.0,0.0,0.0
2018-10-10,255.102574785934,255.1737408654989,247.14258636020767,247.51611328125,214731000,0.0,0.0,0.0
2018-10-11,246.43110159758783,248.049790898722,240.45442560578684,242.06423950195312,274840500,0.0,0.0,0.0
2018-10-12,246.1554082566764,246.44001835410387,242.2421144137428,245.42613220214844,183186500,0.0,0.0,0.0
2018-10-15,245.0703043529026,246.39550796513305,243.95857183970327,244.04751586914065,102263700,0.0,0.0,0.0
2018-10-16,246.00408850410736,249.7572972202228,245.5327151717423,249.3837432861328,118255800,0.0,0.0,0.0
2018-10-17,249.4193811470977,250.05083752922465,246.857945441356,249.42828369140625,110626000,0.0,0.0,0.0
2018-10-18,248.4944211939006,249.09032170411564,244.55444807325216,245.8262634277344,134557500,0.0,0.0,0.0
2018-10-19,246.47553508012004,248.40548741105457,244.9991511316321,245.69287109375,139901600,0.0,0.0,0.0
2018-10-22,246.3599422317725,246.6801081899501,244.0564355596308,244.590072631836,82415800,0.0,0.0,0.0
2018-10-23,240.9791968267312,244.46557546007915,238.8980092763392,243.34494018554688,146352700,0.0,0.0,0.0
2018-10-24,243.09584079161823,243.47829736383903,235.4204631258308,235.9718780517578,177806700,0.0,0.0,0.0
2018-10-25,237.8040420361195,241.74401565139752,236.78125352573443,240.2053680419922,138061500,0.0,0.0,0.0
2018-10-26,236.50562730362188,241.02369796509976,233.2771505490579,235.9808654785156,201574600,0.0,0.0,0.0
2018-10-29,239.06693924966632,240.35655977032127,231.10695105768,234.67337036132807,160749100,0.0,0.0,0.0
2018-10-30,234.50443305323765,238.46218471265607,234.01525443786565,238.15089416503903,157116000,0.0,0.0,0.0
2018-10-31,240.71240380993004,243.00703573149767,240.2410301426183,240.6946258544922,128296300,0.0,0.0,0.0
2018-11-01,241.55725087311623,243.4516474573432,240.4721988322022,243.2559814453125,99495000,0.0,0.0,0.0
2018-11-02,244.35886287316657,244.78577802798284,239.7696267410668,241.8152313232422,122634100,0.0,0.0,0.0
2018-11-05,242.3043795007196,243.70072235454933,241.3349517957428,243.14930725097656,65622500,0.0,0.0,0.0
2018-11-06,243.0869823054269,244.8479491731073,243.02471877283665,244.6878662109375,60085900,0.0,0.0,0.0
2018-11-07,246.85796861882704,250.006402564566,246.43105358048592,249.9263610839844,102752100,0.0,0.0,0.0
2018-11-08,249.12595045751823,250.11318323351344,248.3344108691877,249.4728240966797,65584900,0.0,0.0,0.0
2018-11-09,248.165399233387,248.3521627122712,245.6306434523214,247.035888671875,98812600,0.0,0.0,0.0
2018-11-12,246.528911435274,246.7690358880096,241.9040933048996,242.41995239257807,99673600,0.0,0.0,0.0
2018-11-13,242.88242086967105,244.8746368356352,241.2459538773567,241.9663543701172,98176600,0.0,0.0,0.0
2018-11-14,243.834110608874,244.23431809199508,238.75572328236524,240.3121490478516,125335900,0.0,0.0,0.0
2018-11-15,239.0492019396125,243.2826885861832,237.47499826716003,242.8201904296875,135101400,0.0,0.0,0.0
2018-11-16,241.72629445079983,244.3588701288856,241.2104352306737,243.4517059326172,126668000,0.0,0.0,0.0
2018-11-19,242.84687550829725,243.1403881349804,238.41774988663545,239.3338165283203,103061700,0.0,0.0,0.0
2018-11-20,236.00744722346693,237.4660532377612,234.0419118357269,234.9046173095703,136021300,0.0,0.0,0.0
2018-11-21,236.4521438330722,237.5994593480656,235.6961874628989,235.7050628662109,75563700,0.0,0.0,0.0
2018-11-23,234.06861109703647,235.527217228284,233.97079166091788,234.13087463378903,42807900,0.0,0.0,0.0
2018-11-26,236.3809911999364,238.13308256630583,235.9896592196982,237.9107360839844,79981400,0.0,0.0,0.0
2018-11-27,236.8790184862919,238.71115112304688,236.2742426365071,238.71115112304688,75502400,0.0,0.0,0.0
2018-11-28,239.7784709180536,244.2075958251953,238.64893332775296,244.2075958251953,127629600,0.0,0.0,0.0
2018-11-29,243.4339053460856,245.0703728055817,242.29549202026584,243.674057006836,82346400,0.0,0.0,0.0
2018-11-30,243.52280408525465,245.71958882183424,243.2026381197173,245.1592712402344,98204200,0.0,0.0,0.0
2018-12-03,249.2771103822685,249.38383236101384,246.8135208998721,248.405502319336,103176300,0.0,0.0,0.0
2018-12-04,247.57839310389085,248.0053081836476,240.04529209231487,240.3565826416016,177986000,0.0,0.0,0.0
2018-12-06,236.5055499894933,240.1075526296109,233.4104767692345,239.991928100586,204185400,0.0,0.0,0.0
2018-12-07,239.65393555098828,241.21926354147223,233.5794413265767,234.4154663085937,161018900,0.0,0.0,0.0
2018-12-10,234.23754174280137,235.82954997849484,230.01295904960872,234.8601226806641,151445900,0.0,0.0,0.0
2018-12-11,238.0530908610672,238.23985434553188,233.44607729820376,234.9135589599609,121504400,0.0,0.0,0.0
2018-12-12,237.8841103617398,239.24487006116965,236.01639405183923,236.096435546875,97976700,0.0,0.0,0.0
2018-12-13,237.03919186366127,237.90189753280507,234.90467048758845,236.0164031982422,96662700,0.0,0.0,0.0
2018-12-14,233.8729950302333,234.82464480872093,231.1070168879108,231.658432006836,116961100,0.0,0.0,0.0
2018-12-17,230.7067150296598,231.81844749138887,225.48602373208445,227.1136016845703,165492300,0.0,0.0,0.0
2018-12-18,228.7501319167229,229.41717153878733,225.26372621629173,226.8646240234375,134515100,0.0,0.0,0.0
2018-12-19,226.9446197617869,230.70671867180351,221.76840039515483,223.4671173095703,214992800,0.0,0.0,0.0
2018-12-20,222.22199466662704,223.7873091985889,217.58828746517864,219.8295440673828,252053400,0.0,0.0,0.0
2018-12-21,220.7286329967756,223.38553619386457,214.68126458714568,215.3253631591797,255345600,0.0,0.0,0.0
2018-12-24,213.84032507460728,215.4505712615808,209.57318974188104,209.63580322265625,147311600,0.0,0.0,0.0
2018-12-26,211.0939646217861,220.2276153564453,209.11693755623705,220.2276153564453,218485400,0.0,0.0,0.0
2018-12-27,216.99822249418887,222.1152062471228,213.7687889616164,221.9184112548828,186267300,0.0,0.0,0.0
2018-12-28,223.269177638779,224.8973054085378,220.4691391298284,221.6320953369141,153100200,0.0,0.0,0.0
2018-12-31,223.2513150093296,223.81490460672552,221.3816466515664,223.5733642578125,144299400,0.0,0.0,0.0
2019-01-02,220.04875178700223,224.7274143179528,220.02191548301792,223.8059844970703,126925200,0.0,0.0,0.0
2019-01-03,222.06154839494693,222.36571591269447,217.98226653551384,218.46534729003903,144140700,0.0,0.0,0.0
2019-01-04,221.4890038398222,226.4270880337829,221.1132819712888,225.78298950195312,142628800,0.0,0.0,0.0
2019-01-07,226.05137509532184,228.96770037116784,225.15679528246304,227.563217163086,103139100,0.0,0.0,0.0
2019-01-08,229.74594775444223,230.1842830382069,227.2232266388744,229.70120239257807,102512600,0.0,0.0,0.0
2019-01-09,230.4079230619201,231.6156110001885,229.18235335952744,230.7747039794922,95006600,0.0,0.0,0.0
2019-01-10,229.24505692792303,231.8393332119918,228.5651674588411,231.5888519287109,96823900,0.0,0.0,0.0
2019-01-11,230.5152680383381,231.7050742114028,229.9337967501892,231.67823791503903,73858100,0.0,0.0,0.0
2019-01-14,229.7817660410097,231.0699632027312,229.3792214907282,230.2648468017578,70908200,0.0,0.0,0.0
2019-01-15,230.640553477254,233.2169474781809,230.6315989437874,232.90383911132807,85208300,0.0,0.0,0.0
2019-01-16,233.3332441885954,234.3530782952415,233.1275083007143,233.4674530029297,77636700,0.0,0.0,0.0
2019-01-17,232.5996388944274,236.0974482314692,232.55489353642443,235.23863220214844,96118400,0.0,0.0,0.0
2019-01-18,237.0457750313044,238.83493470526588,235.2744971259349,238.36973571777344,127900300,0.0,0.0,0.0
2019-01-22,236.9026577503023,237.11734819205563,233.539028560635,235.1492614746093,115531200,0.0,0.0,0.0
2019-01-23,236.1780497905634,236.87582102543777,233.1812016444753,235.64129638671875,86030300,0.0,0.0,0.0
2019-01-24,235.462340895824,236.3479934597773,234.451461356412,235.76649475097656,59204100,0.0,0.0,0.0
2019-01-25,237.60930774993875,238.5844236749442,235.86489366572147,237.7613983154297,96883400,0.0,0.0,0.0
2019-01-28,235.62334035140552,236.0169302697309,234.1920074924276,235.954330444336,85613700,0.0,0.0,0.0
2019-01-29,236.0975408750485,236.6611032836526,234.80934362598623,235.64129638671875,66136300,0.0,0.0,0.0
2019-01-30,237.15310270701,240.2125502350187,236.3927044417232,239.37164306640625,92473700,0.0,0.0,0.0
2019-01-31,239.30905486704737,241.957003473344,239.09433714733024,241.4739227294922,104012100,0.0,0.0,0.0
2019-02-01,241.67073412788216,242.6100593238502,240.8029906061033,241.59022521972656,85782500,0.0,0.0,0.0
2019-02-04,241.63495404193893,243.3525593935762,240.96401914371376,243.28993225097656,60744800,0.0,0.0,0.0
2019-02-05,243.71931224094328,244.61389200183345,243.21834975887745,244.3097381591797,79552800,0.0,0.0,0.0
2019-02-06,244.032385742754,244.52439362076777,243.25410583006848,243.9876403808593,58347800,0.0,0.0,0.0
2019-02-07,242.37741121874424,242.92309169804167,240.006780619395,241.6617584228516,95482000,0.0,0.0,0.0
2019-02-08,240.41835270069905,242.05542193667483,239.59532716485373,241.95703125,75788900,0.0,0.0,0.0
2019-02-11,242.6100733987666,242.8694819066253,241.56340293120223,242.09120178222656,68021400,0.0,0.0,0.0
2019-02-12,243.7013974255774,245.57999282836457,243.629815766185,245.20428466796875,72270200,0.0,0.0,0.0
2019-02-13,246.03635542209204,246.84147202455705,245.6159016974112,246.0005645751953,65277200,0.0,0.0,0.0
2019-02-14,244.9180349153441,246.581967392561,244.103964093212,245.4547882080078,83234400,0.0,0.0,0.0
2019-02-15,247.2261041778368,248.16542951432376,247.0203682596874,248.129638671875,97088700,0.0,0.0,0.0
2019-02-19,247.33340539822623,249.212000928768,247.32445086509225,248.55897521972656,59120800,0.0,0.0,0.0
2019-02-20,248.5232746010028,249.516272625128,248.02231197095583,249.06002807617188,76610800,0.0,0.0,0.0
2019-02-21,248.4247976342912,248.7826240600063,247.2171095596472,248.17431640625,64214700,0.0,0.0,0.0
2019-02-22,248.79155411176745,249.90977876755096,248.15641015139627,249.71299743652344,78114600,0.0,0.0,0.0
2019-02-25,251.13543991453847,251.6542842748501,249.9724695959429,250.052978515625,69030700,0.0,0.0,0.0
2019-02-26,249.70406634861823,250.7507094364764,249.498303164488,249.87403869628903,56844100,0.0,0.0,0.0
2019-02-27,249.15838854121603,250.11559560406909,248.2280450842568,249.7667236328125,56921600,0.0,0.0,0.0
2019-02-28,249.5520102196407,249.99037295065955,248.9794932592997,249.3015289306641,69268300,0.0,0.0,0.0
2019-03-01,250.87599029042724,251.2696076319513,249.4267752150031,250.8581085205078,78880500,0.0,0.0,0.0
2019-03-04,251.9137351265447,252.15526189999304,247.65552556224296,249.9456481933593,106494600,0.0,0.0,0.0
2019-03-05,250.0708049730212,250.2676135895861,249.05992559250143,249.6056060791016,59114600,0.0,0.0,0.0
2019-03-06,249.72201430564232,249.73096884223287,247.7718363580493,248.0938720703125,75039800,0.0,0.0,0.0
2019-03-07,247.646501244507,247.78963728117097,245.17747968817417,246.0183868408203,94885100,0.0,0.0,0.0
2019-03-08,244.1665701806032,245.69629372749952,243.7013985939388,245.5263214111328,85795800,0.0,0.0,0.0
2019-03-11,246.2420650601554,249.24784033512216,246.21522875592933,249.0868225097656,65098900,0.0,0.0,0.0
2019-03-12,249.6413993075936,250.5449335060128,249.453545221924,250.02606201171875,79667500,0.0,0.0,0.0
2019-03-13,250.91179616735096,252.6114926255672,250.7507510267766,251.68112182617188,80639200,0.0,0.0,0.0
2019-03-14,251.70782780447044,252.1282812585758,251.0816385390452,251.5199737548828,67518400,0.0,0.0,0.0
2019-03-15,252.0707990334898,253.571312021704,251.88209009768903,252.7626495361328,81309000,0.0,0.0,0.0
2019-03-18,252.9783545506864,253.9757262440812,252.75372449783703,253.67919921875,62199800,0.0,0.0,0.0
2019-03-19,254.73945229726,255.50317247562955,252.85255452926685,253.74208068847656,90268100,0.0,0.0,0.0
2019-03-20,253.5264746431924,254.7304884763756,251.87320068923955,252.9783630371093,84609200,0.0,0.0,0.0
2019-03-21,252.16059824880145,256.23985821051974,252.11565580847733,255.8355407714844,79550400,0.0,0.0,0.0
2019-03-22,254.4789155595248,255.00004525839176,250.8488859396825,250.9117889404297,122659300,0.0,0.0,0.0
2019-03-25,250.5702772490077,251.75633027368409,249.46511515748887,250.72303771972656,85575200,0.0,0.0,0.0
2019-03-26,252.47515272202327,253.54439382873687,251.190275567118,252.5919647216797,68125900,0.0,0.0,0.0
2019-03-27,252.582980392671,253.1670404132589,249.72569296237504,251.27114868164065,72224700,0.0,0.0,0.0
2019-03-28,251.90016341812145,252.6728776891381,250.7500585682545,252.2236175537109,56238500,0.0,0.0,0.0
2019-03-29,253.73320810363904,254.1375258618111,252.6100575187134,253.81407165527344,82186800,0.0,0.0,0.0
2019-04-01,255.80866998313056,257.12050158234626,255.53909751491528,256.823974609375,77617900,0.0,0.0,0.0
2019-04-02,257.0126405229433,257.1833614980266,256.1590356475268,256.9497375488281,40070400,0.0,0.0,0.0
2019-04-03,258.16284976811403,258.5582008793584,256.7521663675677,257.35418701171875,68243200,0.0,0.0,0.0
2019-04-04,257.6775542854916,258.2885412803072,256.9857037843611,258.0369567871094,48997500,0.0,0.0,0.0
2019-04-05,258.70191713096256,259.3398587189356,258.41438412036786,259.28594970703125,58621700,0.0,0.0,0.0
2019-04-08,258.86363103444137,259.59143007888594,258.2077015286709,259.4836120605469,53566300,0.0,0.0,0.0
2019-04-09,258.5221134430669,258.84556740351337,257.60563313448773,258.1537170410156,66142300,0.0,0.0,0.0
2019-04-10,258.5671452624204,259.1242508136989,258.1538336527132,259.0343933105469,52601500,0.0,0.0,0.0
2019-04-11,259.5196026050741,259.5285965825624,258.3964522455626,258.9625244140625,55093100,0.0,0.0,0.0
2019-04-12,260.5708025998839,260.99310810092373,259.0073865588941,260.7145690917969,69727800,0.0,0.0,0.0
2019-04-15,260.7865053880093,260.8853568730416,259.74421862030886,260.5439147949219,49596700,0.0,0.0,0.0
2019-04-16,261.4244075766626,261.4783165835482,260.12154259540137,260.7145690917969,52153200,0.0,0.0,0.0
2019-04-17,261.8288193872547,261.8557739004012,259.66338209560803,260.07672119140625,58268300,0.0,0.0,0.0
2019-04-18,260.6606725944999,260.8583481027852,259.36680152584245,260.5887756347656,68708500,0.0,0.0,0.0
2019-04-22,259.8250045652705,260.9661149361686,259.7351470935552,260.8133544921875,40160100,0.0,0.0,0.0
2019-04-23,261.1818444505832,263.39222387949684,260.9482478452623,263.1585998535156,52246600,0.0,0.0,0.0
2019-04-24,263.07769295982763,263.4101409908237,262.4307574273886,262.57452392578125,50392900,0.0,0.0,0.0
2019-04-25,262.47577532352403,263.0688020790497,261.2268462240683,262.4128723144531,57770900,0.0,0.0,0.0
2019-04-26,262.4576154338933,263.7065435847097,261.68487421672967,263.6346740722656,50916400,0.0,0.0,0.0
2019-04-29,263.7247025915081,264.5693138689672,263.6348450771833,264.04815673828125,57197700,0.0,0.0,0.0
2019-04-30,263.7066772500253,264.47042488251304,262.2960214157048,264.1828918457031,81111700,0.0,0.0,0.0
2019-05-01,264.8118711118755,265.0185406267152,262.18818009576734,262.1971740722656,71671900,0.0,0.0,0.0
2019-05-02,262.0803330426567,262.99684108288136,260.1395263594633,261.6310729980469,65030200,0.0,0.0,0.0
2019-05-03,263.1046927620058,264.4704336008856,261.7389245024655,264.19189453125,56543700,0.0,0.0,0.0
2019-05-06,259.89692165063803,263.54491082051743,259.58243415240935,263.1046447753906,107198100,0.0,0.0,0.0
2019-05-07,260.70562286447625,261.29864946948265,256.806048601852,258.7109069824219,144729900,0.0,0.0,0.0
2019-05-08,258.3514709472656,260.0586535717971,257.7584444190409,258.3514709472656,91568300,0.0,0.0,0.0
2019-05-09,256.2850075426471,258.17187862265826,254.55084216868408,257.56988525390625,103471100,0.0,0.0,0.0
2019-05-10,256.6353077314568,259.6184010578606,253.652214405053,258.8636474609375,112429300,0.0,0.0,0.0
2019-05-13,253.76006930266527,254.7214650101081,251.52273551419995,252.3583526611328,127290500,0.0,0.0,0.0
2019-05-14,253.3736019185407,256.1680128908346,253.24782339917624,254.64051818847656,77003200,0.0,0.0,0.0
2019-05-15,253.01424507953,256.7700521218785,252.80757560681195,256.1321105957031,73956400,0.0,0.0,0.0
2019-05-16,256.8330409507783,259.86104999438817,256.7611713913975,258.5043029785156,76749600,0.0,0.0,0.0
2019-05-17,256.2040905747572,259.3129631236966,256.18610261959776,256.8330383300781,100353000,0.0,0.0,0.0
2019-05-20,255.2336965162362,256.9408797512074,254.3890851668155,255.13487243652344,62877600,0.0,0.0,0.0
2019-05-21,256.8240135080661,257.8123911999107,256.57242895202023,257.4350280761719,46847100,0.0,0.0,0.0
2019-05-22,256.482621077497,257.59677743350494,256.1681335000444,256.64434814453125,49482500,0.0,0.0,0.0
2019-05-23,254.4249798663409,254.46989490750192,252.09781586860328,253.5084991455078,98733800,0.0,0.0,0.0
2019-05-24,254.94608296590505,255.35942195245423,253.4635302933725,254.08351135253903,55268100,0.0,0.0,0.0
2019-05-28,254.3620646286992,255.31449378901283,251.70245267654,251.7204132080078,70029400,0.0,0.0,0.0
2019-05-29,250.60623972127644,251.01055730636347,248.62948456977267,250.0311737060547,104972900,0.0,0.0,0.0
2019-05-30,250.78595035873343,251.6215949527759,249.61788511125124,250.71408081054688,62523800,0.0,0.0,0.0
2019-05-31,248.17130752581056,248.99793081192303,247.3087083307424,247.33566284179688,86862800,0.0,0.0,0.0
2019-06-03,247.3715458239888,248.485701880086,245.3768302721876,246.70664978027344,96428000,0.0,0.0,0.0
2019-06-04,248.9978568779765,252.1965858697472,248.5485968800239,252.0618133544922,77231900,0.0,0.0,0.0
2019-06-05,253.67916720875505,254.2721937639268,251.87316045778283,254.2452392578125,71169700,0.0,0.0,0.0
2019-06-06,254.54178226538463,256.5724191686605,253.89484665726928,255.8985290527344,69430400,0.0,0.0,0.0
2019-06-07,256.9138946222919,259.5375858798903,256.7431735770717,258.4593505859375,74272200,0.0,0.0,0.0
2019-06-10,260.0047577816279,261.3076228990596,259.5554977301904,259.6453552246094,60799100,0.0,0.0,0.0
2019-06-11,261.46036226590786,261.8287588074491,258.93552290959707,259.5824584960937,58641300,0.0,0.0,0.0
2019-06-12,259.348806008108,259.90588397794284,258.61201308383846,259.1241760253906,47096300,0.0,0.0,0.0
2019-06-13,260.0317238829631,260.55288092143763,259.3308792682955,260.1934509277344,48945200,0.0,0.0,0.0
2019-06-14,259.9059143066406,260.50790737500523,259.14216679214854,259.9059143066406,52324700,0.0,0.0,0.0
2019-06-17,260.13956380841864,260.76853892968074,259.8340702245848,260.0047912597656,39205700,0.0,0.0,0.0
2019-06-18,261.81977777473696,263.7785449569694,261.4603478082686,262.7272644042969,85434800,0.0,0.0,0.0
2019-06-19,262.8621193786363,263.85049725511794,261.891729458514,263.32037353515625,78674400,0.0,0.0,0.0
2019-06-20,265.9978139768675,266.24040445572706,263.3831180221202,265.8360595703125,116570000,0.0,0.0,0.0
2019-06-21,265.5670871606895,266.8220901549572,265.2330222101439,265.44970703125,83309500,0.0,0.0,0.0
2019-06-24,265.6574579000981,265.9734475035229,264.9712523643733,265.124755859375,47582700,0.0,0.0,0.0
2019-06-25,265.1789756197128,265.2060612350793,262.41613263619007,262.52447509765625,82028700,0.0,0.0,0.0
2019-06-26,263.41811858138806,263.9237347023647,262.15407827894643,262.2624206542969,51584900,0.0,0.0,0.0
2019-06-27,263.0209840306274,263.6981517889475,262.6417855162231,263.1925354003906,40355200,0.0,0.0,0.0
2019-06-28,264.1675879780534,265.0433925257633,263.65296153358025,264.5468139648437,59350900,0.0,0.0,0.0
2019-07-01,267.86945491993043,268.08616730223594,265.7476574629136,266.9485168457031,78705600,0.0,0.0,0.0
2019-07-02,266.9033307761512,267.6978784773819,266.0636495912675,267.6437072753906,61504500,0.0,0.0,0.0
2019-07-03,268.3208916824014,269.80164477374774,268.1764259500246,269.7835693359375,40898900,0.0,0.0,0.0
2019-07-05,268.5556549615941,269.6391341895929,267.2645286286108,269.4765930175781,51677300,0.0,0.0,0.0
2019-07-08,268.16743147205943,269.2960442403786,267.4541404873554,267.9958801269531,45841800,0.0,0.0,0.0
2019-07-09,266.84019265047795,268.6278977139199,266.7860214397084,268.3299560546875,41101300,0.0,0.0,0.0
2019-07-10,269.39534519807506,270.5600812739369,268.8626432853066,269.6120300292969,58448500,0.0,0.0,0.0
2019-07-11,270.25326990266063,270.4880027643881,269.2420366563408,270.2442321777344,50826100,0.0,0.0,0.0
2019-07-12,270.73164779402924,271.5261956250817,270.42466841458145,271.4539489746094,40326000,0.0,0.0,0.0
2019-07-15,271.88738375791934,271.88738375791934,271.0386645988323,271.5442810058594,33900000,0.0,0.0,0.0
2019-07-16,271.45393658906914,271.6616112571717,270.3614471482306,270.6684265136719,36650100,0.0,0.0,0.0
2019-07-17,270.64135633183906,270.80386996621183,268.8265380859375,268.8265380859375,36036300,0.0,0.0,0.0
2019-07-18,268.32988263092403,270.1898338357982,267.887475346022,269.81060791015625,51392600,0.0,0.0,0.0
2019-07-19,270.90321089510843,270.9302965017042,268.1403688062337,268.3119201660156,58678600,0.0,0.0,0.0
2019-07-22,268.70907094143195,269.5126562412444,268.1944445992088,268.9709167480469,43638100,0.0,0.0,0.0
2019-07-23,270.0905766044497,270.8941345214844,269.25990553066293,270.8941345214844,44564500,0.0,0.0,0.0
2019-07-24,270.1357029970052,272.1672058105469,270.04540847226593,272.1672058105469,47213200,0.0,0.0,0.0
2019-07-25,271.71581505222247,271.76998626708985,270.06351033668966,270.8670959472656,55394100,0.0,0.0,0.0
2019-07-26,271.55321120558057,272.8804606370098,271.4267933768651,272.68182373046875,45084100,0.0,0.0,0.0
2019-07-29,272.5645287849981,272.68190893290586,271.6345528760698,272.185302734375,38126500,0.0,0.0,0.0
2019-07-30,270.78584243281495,271.923493066979,270.40661637008486,271.5171813964844,45849000,0.0,0.0,0.0
2019-07-31,271.7607942989306,271.9504209973628,266.5330821532242,268.5465087890625,104245200,0.0,0.0,0.0
2019-08-01,268.70017713336995,271.6526186964665,265.4136429910856,266.20819091796875,142646600,0.0,0.0,0.0
2019-08-02,265.3142389649611,265.5580093519048,262.65070237354064,264.20367431640625,116749700,0.0,0.0,0.0
2019-08-05,260.113601003053,260.2219434044942,254.36219557639544,256.2582702636719,178745400,0.0,0.0,0.0
2019-08-06,258.14529773750104,260.06845795439847,256.6735825460155,259.85174560546875,120711700,0.0,0.0,0.0
2019-08-07,256.7819852077057,260.7727722927134,254.6511774136103,260.0053100585937,140572300,0.0,0.0,0.0
2019-08-08,261.4950674503696,265.10662841796875,260.94431762874206,265.10662841796875,87713900,0.0,0.0,0.0
2019-08-09,264.1676091836573,264.76352003700896,261.5221474446139,263.30084228515625,93730000,0.0,0.0,0.0
2019-08-12,261.80205988649254,263.2918233491414,259.1475602385619,260.0956115722656,65527600,0.0,0.0,0.0
2019-08-13,259.79757348733773,265.5851019991185,259.4544708605961,264.1404724121094,94299800,0.0,0.0,0.0
2019-08-14,260.09563131231886,260.7005524202266,256.20417608457865,256.33056640625,135622100,0.0,0.0,0.0
2019-08-15,257.2153345533102,257.901539842479,254.96714703508584,257.0076599121094,99556600,0.0,0.0,0.0
2019-08-16,258.66008067881546,261.2332965637675,257.0619468572622,260.7999267578125,83018300,0.0,0.0,0.0
2019-08-19,263.8154737214388,264.6190316225491,263.1383061125616,263.9418640136719,53571800,0.0,0.0,0.0
2019-08-20,263.43631331987183,263.96901533165703,261.79307378762985,261.9194641113281,51596400,0.0,0.0,0.0
2019-08-21,264.0774090977041,264.42048432378965,263.39120353747325,264.0503234863281,49524700,0.0,0.0,0.0
2019-08-22,264.75453184479977,265.3865385206094,262.1993368727227,263.968994140625,51666400,0.0,0.0,0.0
2019-08-23,262.66887506036954,264.33019001252563,255.9423308719856,257.1883239746094,149161500,0.0,0.0,0.0
2019-08-26,259.37328982123614,260.03240966796875,257.84740299073746,260.03240966796875,72423800,0.0,0.0,0.0
2019-08-27,261.422875314346,261.7930636581838,258.2537214211673,259.0121459960937,66668900,0.0,0.0,0.0
2019-08-28,258.3529896937288,260.9984511070822,257.5494042686789,260.8359375,59696700,0.0,0.0,0.0
2019-08-29,263.3911606210267,264.6913248632864,262.3889380553566,264.1676330566406,57899400,0.0,0.0,0.0
2019-08-30,265.6484296655696,265.6664775551436,263.1203474237136,264.0503234863281,62901200,0.0,0.0,0.0
2019-09-03,262.3528717175835,263.2647722903244,261.1790976581127,262.50634765625,69101400,0.0,0.0,0.0
2019-09-04,264.6732746057014,265.5039182477998,263.9238602297381,265.4858703613281,46887300,0.0,0.0,0.0
2019-09-05,267.96879736456265,269.8106735830968,265.44972592383255,268.8987731933594,83258100,0.0,0.0,0.0
2019-09-06,269.2147542351201,269.7474560896053,268.537586657619,269.1063842773437,49584300,0.0,0.0,0.0
2019-09-09,270.09057074583126,270.1808377169626,268.3028383422982,269.2418518066406,51260300,0.0,0.0,0.0
2019-09-10,268.48343727792104,269.24188935174453,267.2284341315708,269.1786804199219,57947100,0.0,0.0,0.0
2019-09-11,269.4856603743414,271.1740607730114,268.83557827685104,271.0928039550781,68821100,0.0,0.0,0.0
2019-09-12,271.9956759928493,273.08816543274827,271.23725152228974,272.03179931640625,72908700,0.0,0.0,0.0
2019-09-13,272.4742232943265,272.8263637238987,271.4810384912023,271.8512268066406,62104800,0.0,0.0,0.0
2019-09-16,270.72254318691955,271.8963167578884,270.3704304034408,271.011474609375,58191200,0.0,0.0,0.0
2019-09-17,270.8128506801717,271.7879598351725,270.6412993619928,271.6976928710937,41475500,0.0,0.0,0.0
2019-09-18,271.30948262871954,271.9686024312111,269.27797956454594,271.8602600097656,73375800,0.0,0.0,0.0
2019-09-19,272.24856637784467,273.2417514204653,271.5081895684337,271.8422546386719,76560500,0.0,0.0,0.0
2019-09-20,272.44450325727587,272.7257172981861,269.7686931121249,270.5578308105469,89565000,0.0,0.0,0.0
2019-09-23,269.89556952748023,271.2108170035137,269.64159394991134,270.4942321777344,43476800,0.0,0.0,0.0
2019-09-24,271.5827026529989,271.97273161522907,267.4102231949548,268.3717041015625,94869400,0.0,0.0,0.0
2019-09-25,268.45341435241266,270.40358741300247,266.97490242905855,269.9591369628906,71854000,0.0,0.0,0.0
2019-09-26,269.9681805505696,270.1767865637136,267.9907970655747,269.396728515625,56179700,0.0,0.0,0.0
2019-09-27,270.14967534254725,270.25854579792986,266.39446122946606,267.9455261230469,84746600,0.0,0.0,0.0
2019-09-30,268.4624127579998,269.8955546492936,268.41707085357206,269.18804931640625,51662400,0.0,0.0,0.0
2019-10-01,270.0679131700186,270.72099718134706,265.7684595761757,265.98614501953125,88242400,0.0,0.0,0.0
2019-10-02,264.4079159140389,264.4169953695027,259.9996188362365,261.2876281738281,122539500,0.0,0.0,0.0
2019-10-03,261.0609040257553,263.45555541593865,258.34880381994094,263.4283447265625,85278800,0.0,0.0,0.0
2019-10-04,264.08132758632775,267.2469565208113,264.02687854720455,266.99298095703125,65091200,0.0,0.0,0.0
2019-10-07,266.19483104942367,267.81847578384463,265.55987813972894,265.841064453125,59610500,0.0,0.0,0.0
2019-10-08,263.99065687623875,264.7253730021432,261.67763808472165,261.71392822265625,95708100,0.0,0.0,0.0
2019-10-09,263.7276491499932,265.13358083305707,263.1017756443016,264.1993103027344,62359400,0.0,0.0,0.0
2019-10-10,264.117604480698,266.865993928109,263.95434039818133,265.98614501953125,55296300,0.0,0.0,0.0
2019-10-11,268.7346034051052,270.9750422719158,268.6167088805522,268.7436828613281,98720400,0.0,0.0,0.0
2019-10-14,268.42611599601287,269.0973588612836,268.0995878571728,268.4442749023437,40394800,0.0,0.0,0.0
2019-10-15,269.48751570095226,271.845877098628,269.3695934788776,271.1020812988281,46754500,0.0,0.0,0.0
2019-10-16,270.6394458056109,271.35603084525394,270.2312854776649,270.6666564941406,48928200,0.0,0.0,0.0
2019-10-17,271.8276926759577,272.33564398394304,270.7754999147679,271.4648742675781,45736600,0.0,0.0,0.0
2019-10-18,270.9296954952778,271.5737002063706,269.4239728965291,270.276611328125,64304000,0.0,0.0,0.0
2019-10-21,271.59188362078226,272.3084410011963,271.15648490964367,272.10888671875,39048600,0.0,0.0,0.0
2019-10-22,272.6440336093649,272.93429940069217,271.12925918317654,271.219970703125,48594700,0.0,0.0,0.0
2019-10-23,270.965950615548,272.0634850874928,270.75731692201106,272.0090637207031,34352200,0.0,0.0,0.0
2019-10-24,272.9433722970273,273.08850518920275,271.62812449255955,272.4535522460937,35453100,0.0,0.0,0.0
2019-10-25,271.8820684135941,274.1134552290327,271.82764704553614,273.5692138671875,45205400,0.0,0.0,0.0
2019-10-28,274.7847083190437,275.61013608971376,274.75749763127527,275.1112365722656,42147000,0.0,0.0,0.0
2019-10-29,274.8391882309899,275.9548820296619,274.7121865401747,275.0296630859375,44284900,0.0,0.0,0.0
2019-10-30,275.2291365846121,276.24503908773704,273.9229683145181,275.8731689453125,49643900,0.0,0.0,0.0
2019-10-31,275.8640309626855,275.8640309626855,273.6870935348078,275.13836669921875,69053800,0.0,0.0,0.0
2019-11-01,276.5807027657832,277.7326588147076,276.41741095435447,277.68731689453125,71141500,0.0,0.0,0.0
2019-11-04,279.23837720396307,279.374430643672,278.43108065957426,278.802978515625,60606900,0.0,0.0,0.0
2019-11-05,279.00248856877056,279.3018337699568,278.2042716072942,278.4945373535156,42933200,0.0,0.0,0.0
2019-11-06,278.4945130993228,278.83012072860964,277.61466416358525,278.5580139160156,46487100,0.0,0.0,0.0
2019-11-07,279.89145582645773,280.87106825413883,279.06602806695554,279.5376892089844,54272300,0.0,0.0,0.0
2019-11-08,279.1930197495144,280.2815026770793,278.4945936077772,280.2270812988281,49032100,0.0,0.0,0.0
2019-11-11,278.848365987301,279.86426864392786,278.71228485760133,279.6919250488281,35797300,0.0,0.0,0.0
2019-11-12,280.0547901635031,281.1795357663944,279.5105485977804,280.28155517578125,46484600,0.0,0.0,0.0
2019-11-13,279.2927585959564,280.77127035209,279.0659936684823,280.3721618652344,53917700,0.0,0.0,0.0
2019-11-14,280.0910183287371,280.862024736105,279.4560653623706,280.7803649902344,51219900,0.0,0.0,0.0
2019-11-15,282.11374103249324,282.8575367436404,281.4243943784293,282.81219482421875,62023600,0.0,0.0,0.0
2019-11-18,282.5763015670428,283.25659632840035,282.1227717261377,283.020751953125,49228000,0.0,0.0,0.0
2019-11-19,283.61950395991727,283.6285834175987,282.29520415828483,282.939208984375,67804700,0.0,0.0,0.0
2019-11-20,282.3495416770167,282.86657234836355,280.3358680402715,281.8869323730469,79406200,0.0,0.0,0.0
2019-11-21,281.9958720828886,282.1047148443882,280.6352822016,281.4334716796875,54664700,0.0,0.0,0.0
2019-11-22,282.17718732194487,282.3132407351811,281.0524421975064,282.05926513671875,44850200,0.0,0.0,0.0
2019-11-25,282.9846232041064,284.24542236328125,282.9846232041064,284.24542236328125,48647200,0.0,0.0,0.0
2019-11-26,284.28162866852205,285.0707663027961,283.9641521872716,284.88934326171875,37569000,0.0,0.0,0.0
2019-11-27,285.3700754304547,286.15924072265625,285.1523899326164,286.15924072265625,44444600,0.0,0.0,0.0
2019-11-29,285.5967720976461,285.84169590542126,284.87113549084046,285.097900390625,36592700,0.0,0.0,0.0
2019-12-02,285.351926627072,285.4154274537873,282.2497977488334,282.6761169433594,75767800,0.0,0.0,0.0
2019-12-03,279.9640166629559,280.862024736105,278.5852956586916,280.7803649902344,73941700,0.0,0.0,0.0
2019-12-04,281.82347080730165,283.1114801298138,281.4787836789131,282.5128173828125,49080000,0.0,0.0,0.0
2019-12-05,283.21125441681573,283.2293856451966,281.7145837968173,283.020751953125,40709000,0.0,0.0,0.0
2019-12-06,284.92557074598903,286.00497393609896,284.91649129155104,285.6058654785156,48927000,0.0,0.0,0.0
2019-12-09,285.21586750080536,285.88708285190785,284.6353359788933,284.7079162597656,34838500,0.0,0.0,0.0
2019-12-10,284.6534969724014,285.3156328729228,283.73735776823526,284.39044189453125,52649800,0.0,0.0,0.0
2019-12-11,284.84398729797243,285.4517295424743,284.30882533883084,285.19775390625,53429100,0.0,0.0,0.0
2019-12-12,285.2067506985952,288.4358807429049,284.97093401980595,287.65582275390625,96389600,0.0,0.0,0.0
2019-12-13,287.4199981041912,289.0527221467865,286.64899183529326,287.82818603515625,81503900,0.0,0.0,0.0
2019-12-16,289.5516273932872,290.39518635483904,287.7647184989822,289.8056030273437,82749700,0.0,0.0,0.0
2019-12-17,290.18655602615394,290.48587355216506,289.7874475372953,289.8690795898437,61097700,0.0,0.0,0.0
2019-12-18,290.2591048310666,290.4858697567159,289.8327856635954,289.88720703125,48133000,0.0,0.0,0.0
2019-12-19,290.07772911648044,291.1480807778321,289.823753465592,291.07550048828125,85310500,0.0,0.0,0.0
2019-12-20,292.1054650052227,293.4818680399589,291.13016050237536,292.3515930175781,147142100,0.0,0.0,0.0
2019-12-23,293.13550600154747,293.1901949374519,292.65240185614937,292.7982482910156,52990000,0.0,0.0,0.0
2019-12-24,293.026067710231,293.07163254163527,292.5064951089071,292.80731201171875,20270000,0.0,0.0,0.0
2019-12-26,293.1902210059652,294.3752129631039,293.18112472741444,294.3660888671875,30911200,0.0,0.0,0.0
2019-12-27,295.0952322086851,295.1499211381323,293.7644218965359,294.2930908203125,42528800,0.0,0.0,0.0
2019-12-30,294.37518834855865,294.511910689044,292.18751963133974,292.6706237792969,49729100,0.0,0.0,0.0
2019-12-31,292.1692833540794,293.6277198137139,291.82290156546304,293.381591796875,57077300,0.0,0.0,0.0
2020-01-02,294.9129966046256,296.1435533670269,293.9923531023892,296.12530517578125,59151200,0.0,0.0,0.0
2020-01-03,292.74356586892327,295.0041439336054,292.688876931802,293.8829650878906,77709700,0.0,0.0,0.0
2020-01-06,292.13287226263657,295.08621432416686,292.01437027823323,295.0041809082031,55653900,0.0,0.0,0.0
2020-01-07,294.43891159464124,294.9129193650481,293.72792775638845,294.1745910644531,40496400,0.0,0.0,0.0
2020-01-08,294.3660590478099,296.95477064555246,294.1199588392884,295.7424621582031,68296000,0.0,0.0,0.0
2020-01-09,297.3011671355,297.8207398631898,296.7177813744384,297.747802734375,48473300,0.0,0.0,0.0
2020-01-10,298.3312381801406,298.4861809242892,296.4261656787009,296.8910217285156,53029300,0.0,0.0,0.0
2020-01-13,297.51086261756024,298.94192708972656,297.0824473403548,298.9328308105469,47086800,0.0,0.0,0.0
2020-01-14,298.4951490779747,299.54339043837496,297.9208876167295,298.4769287109375,62832800,0.0,0.0,0.0
2020-01-15,298.3859382237636,299.90816033518473,298.30390480015734,299.151611328125,72056600,0.0,0.0,0.0
2020-01-16,300.52792945323296,301.6399841308594,300.30004962435345,301.6399841308594,54050300,0.0,0.0,0.0
2020-01-17,302.3509165966451,302.7884279904779,301.5761197469233,302.57879638671875,95846000,0.0,0.0,0.0
2020-01-21,301.62175645504635,302.7885001455664,301.5488471444855,301.9863586425781,77742400,0.0,0.0,0.0
2020-01-22,302.8432196250379,303.4904184768439,301.8679149339362,302.0228576660156,48914900,0.0,0.0,0.0
2020-01-23,301.3756793182393,302.77942705597485,300.2636244798141,302.3692321777344,51963000,0.0,0.0,0.0
2020-01-24,303.0255562651374,303.10758968515563,298.3950214522952,299.6802673339844,87578400,0.0,0.0,0.0
2020-01-27,294.44811064824233,296.3531828560224,294.1108529210448,294.87652587890625,84062500,0.0,0.0,0.0
2020-01-28,296.2985782503069,298.84172588882103,294.967767336487,297.9666748046875,63834000,0.0,0.0,0.0
2020-01-29,299.324680649757,299.55256045074896,297.5198626116515,297.72039794921875,53888900,0.0,0.0,0.0
2020-01-30,295.6604248833748,298.89633550564963,294.9130001022843,298.6866760253906,75491800,0.0,0.0,0.0
2020-01-31,298.06691244131224,298.2218830146405,292.35169450141586,293.2632141113281,113845600,0.0,0.0,0.0
2020-02-03,294.73979049796515,297.30115767312014,294.6212885304359,295.441650390625,69083000,0.0,0.0,0.0
2020-02-04,299.0422151737549,300.8105652654087,298.72317777873883,299.9446105957031,62573200,0.0,0.0,0.0
2020-02-05,302.870532103236,303.6179846653886,301.41212336008243,303.4083251953125,65951100,0.0,0.0,0.0
2020-02-06,304.3654472195234,304.6206715396904,303.35364621707834,304.42926025390625,50359700,0.0,0.0,0.0
2020-02-07,303.3719002853901,304.4383624299263,302.2598454793981,302.8067626953125,64139400,0.0,0.0,0.0
2020-02-10,301.9225359703313,305.13107376686384,301.88606741089336,305.0672607421875,42070000,0.0,0.0,0.0
2020-02-11,306.41630901268127,307.20020220152,305.06725053223005,305.595947265625,54864500,0.0,0.0,0.0
2020-02-12,307.0270289952676,307.77448148627434,306.6624268441835,307.5648498535156,43992700,0.0,0.0,0.0
2020-02-13,306.1428904532812,308.2029331861981,305.8694457619048,307.2367248535156,54501900,0.0,0.0,0.0
2020-02-14,307.64690946641167,307.8474448392001,306.4528213248784,307.7289428710937,64582200,0.0,0.0,0.0
2020-02-18,306.735347223604,307.79271287619065,305.550355525555,306.9358825683594,57226200,0.0,0.0,0.0
2020-02-19,307.9021788213364,309.07801894449966,307.61961000252654,308.40350341796875,48814700,0.0,0.0,0.0
2020-02-20,307.8565854998732,308.6769752996938,304.1558185736376,307.1365051269531,74163400,0.0,0.0,0.0
2020-02-21,305.7873948138732,306.09730805211063,303.1530905628107,303.9734802246094,113788200,0.0,0.0,0.0
2020-02-24,294.5483543223174,304.0463696689848,292.8164454315438,293.8920593261719,161088400,0.0,0.0,0.0
2020-02-25,295.27757219253857,295.8882745622072,284.1114604678439,284.98651123046875,218913200,0.0,0.0,0.0
2020-02-26,286.38118955607183,289.9634545114292,283.2091195022636,283.9383239746094,194773800,0.0,0.0,0.0
2020-02-27,278.43265741082325,283.99293030133657,271.18609619140625,271.18609619140625,284353500,0.0,0.0,0.0
2020-02-28,263.15566832306206,271.5325340386913,260.27526361074985,270.0467529296875,384975800,0.0,0.0,0.0
2020-03-02,271.82409267912834,281.805237571284,268.40589618419204,281.7414245605469,238703600,0.0,0.0,0.0
2020-03-03,282.11520716459734,286.07119736155244,271.24078921564694,273.6745300292969,300139100,0.0,0.0,0.0
2020-03-04,279.0343161033958,285.3967315712866,276.49116917188974,285.1779479980469,176613400,0.0,0.0,0.0
2020-03-05,277.9951357880224,281.1763288962732,273.46488424875696,275.6980895996094,186366800,0.0,0.0,0.0
2020-03-06,267.2119174164198,272.3437762979566,264.55029623787203,271.1405639648437,228667200,0.0,0.0,0.0
2020-03-09,250.94132346367903,259.04474569545937,249.25503453343848,249.9660186767578,309417300,0.0,0.0,0.0
2020-03-10,259.4549393740364,262.9916118792991,249.3005981834413,262.9004821777344,276444100,0.0,0.0,0.0
2020-03-11,255.86345261585788,256.99372753135424,246.91232732401264,250.0843963623047,255316300,0.0,0.0,0.0
2020-03-12,233.3489613279396,243.06576125881952,225.76511340861424,226.1570739746093,392220700,0.0,0.0,0.0
2020-03-13,239.81164146550884,247.4593027706441,226.5308107156286,245.49041748046875,329566100,0.0,0.0,0.0
2020-03-16,219.8402228844677,234.16930770515287,216.3582263151674,218.6279144287109,297240000,0.0,0.0,0.0
2020-03-17,223.35868442017195,233.50391264622428,216.0938883539165,230.4320831298828,262070500,0.0,0.0,0.0
2020-03-18,215.3464207649231,226.3940295191016,207.8446213031828,218.76461791992188,327597100,0.0,0.0,0.0
2020-03-19,218.0809829271714,225.49163896080336,211.67300364288351,219.2294921875,289322000,0.0,0.0,0.0
2020-03-20,222.3707472149836,224.1494953890888,209.50693107809147,209.7819976806641,347158800,0.0,0.0,0.0
2020-03-23,209.2227117415833,210.58885308857097,200.1180920586079,204.4182586669922,326025200,0.0,0.0,0.0
2020-03-24,214.93484144271503,223.81024024329707,214.3663807599711,222.939193725586,235494500,0.0,0.0,0.0
2020-03-25,224.516204945191,235.0419882211125,219.82178792403363,226.276611328125,299430300,0.0,0.0,0.0
2020-03-26,228.7796900489612,240.95583008444927,228.3487557280492,239.4888458251953,257632800,0.0,0.0,0.0
2020-03-27,232.21807974740867,239.1313451664376,230.1826060955269,232.3556060791016,224341200,0.0,0.0,0.0
2020-03-30,234.4461043648532,240.61669998294,232.45647736735623,239.9015350341797,171369500,0.0,0.0,0.0
2020-03-31,238.9020663927464,241.4418119617208,234.92281361805345,236.3256378173828,194881100,0.0,0.0,0.0
2020-04-01,227.3677253962696,236.24312431481496,223.6268561651936,225.68983459472656,189554600,0.0,0.0,0.0
2020-04-02,224.80964222485147,231.67705936295383,224.25950903784965,230.8977203369141,177660400,0.0,0.0,0.0
2020-04-03,229.9166755402143,232.2638985790031,224.8371697706924,227.560302734375,135561200,0.0,0.0,0.0
2020-04-06,236.4081376209245,244.8067547366427,227.54191713385043,242.84461975097656,188061200,0.0,0.0,0.0
2020-04-07,251.4174446618337,252.16929234238347,242.8721515432312,243.0921936035156,201427200,0.0,0.0,0.0
2020-04-08,245.68700700539043,253.05872554058368,243.202271556666,251.25247192382807,153774500,0.0,0.0,0.0
2020-04-09,254.5073779529067,257.8265049685233,252.5727758010134,255.07586669921875,189999200,0.0,0.0,0.0
2020-04-13,254.1039396634669,254.443180523553,248.8502112627236,252.7469482421875,114839100,0.0,0.0,0.0
2020-04-14,257.6247736197147,261.21892505517496,252.60944238232008,260.2012023925781,134143400,0.0,0.0,0.0
2020-04-15,254.49821499657008,260.3387321420968,252.5635849639978,254.67242431640625,121775000,0.0,0.0,0.0
2020-04-16,255.9468642691427,256.7537225719264,252.83865783107493,255.90103149414065,131798300,0.0,0.0,0.0
2020-04-17,261.6590236451904,263.4194162623719,258.9267132107058,262.8143005371094,146684800,0.0,0.0,0.0
2020-04-20,259.11925837284326,262.95183530213035,257.9640094246756,258.1840515136719,100109300,0.0,0.0,0.0
2020-04-21,253.7280288107553,254.929138502849,249.4095069904513,250.34474182128903,126385700,0.0,0.0,0.0
2020-04-22,255.2133719834869,257.6430966582761,253.89306348455668,255.90103149414065,92951600,0.0,0.0,0.0
2020-04-23,257.1754017250468,260.3386457130344,255.58004109506803,255.88259887695312,104709700,0.0,0.0,0.0
2020-04-24,257.39557038512345,260.11870338954105,255.35091919954365,259.4493713378906,85063200,0.0,0.0,0.0
2020-04-27,261.4206455682229,264.3088100325091,260.9622058760842,263.1902160644531,77896600,0.0,0.0,0.0
2020-04-28,266.83015946053325,267.17857801356905,261.6773031279873,261.9798889160156,105270000,0.0,0.0,0.0
2020-04-29,267.29775412605306,270.36930460637325,266.2708540447239,268.8381042480469,118745600,0.0,0.0,0.0
2020-04-30,267.462857175173,268.9390474225819,264.60219818898923,266.3351135253906,122901700,0.0,0.0,0.0
2020-05-01,261.594889070107,266.50020001311435,258.11990791498647,259.28436279296875,125180000,0.0,0.0,0.0
2020-05-04,257.40472721224256,260.3020696248995,255.9285647321888,259.99951171875,80873200,0.0,0.0,0.0
2020-05-05,262.8143403454592,265.20738229155137,260.1278622774751,262.4017333984375,79569900,0.0,0.0,0.0
2020-05-06,264.09796681903833,264.48304052192884,260.1920513755059,260.6229858398437,73632600,0.0,0.0,0.0
2020-05-07,263.8320410550969,265.6933050734505,263.2635803176103,263.7678527832031,75250400,0.0,0.0,0.0
2020-05-08,266.89443979354115,268.5998501465137,265.76666797978606,268.1322326660156,76452400,0.0,0.0,0.0
2020-05-11,266.2067321816507,269.56251377203523,265.7849755389823,268.18719482421875,79514200,0.0,0.0,0.0
2020-05-12,269.37000418111256,269.7825831185984,262.7042730991444,262.8418273925781,95870800,0.0,0.0,0.0
2020-05-13,262.2824804769914,263.31855852406073,255.77263209509584,258.1932067871094,144721100,0.0,0.0,0.0
2020-05-14,255.76353778728304,261.4114906647709,250.29891603317049,261.2831420898437,121977900,0.0,0.0,0.0
2020-05-15,258.8991906512392,262.53002466488874,257.95480613821377,262.48419189453125,111146300,0.0,0.0,0.0
2020-05-18,268.6915050760796,272.0839701507051,268.3706196611589,270.4794311523437,119703800,0.0,0.0,0.0
2020-05-19,269.8834407453673,271.58882289589167,267.6829359139752,267.7012634277344,95189300,0.0,0.0,0.0
2020-05-20,271.2313006225374,273.11089240666524,271.0020807473539,272.2490234375,85861700,0.0,0.0,0.0
2020-05-21,272.1206276660374,272.92748596370774,269.278296110494,270.369384765625,78293900,0.0,0.0,0.0
2020-05-22,270.08516244349306,271.0570523361643,268.8473696991475,270.8828430175781,63958200,0.0,0.0,0.0
2020-05-26,276.8333877387792,277.07178533427884,270.9011769612808,274.22027587890625,88951400,0.0,0.0,0.0
2020-05-27,277.007581296367,278.3370675296901,272.19396476879547,278.3003845214844,104817400,0.0,0.0,0.0
2020-05-28,279.32730748503195,281.3352756373356,277.1176247426951,277.7869567871094,90405200,0.0,0.0,0.0
2020-05-29,277.3192788350179,279.6114768667384,274.57781894297864,279.0246887207031,119090800,0.0,0.0,0.0
2020-06-01,278.38295609279857,280.7576706979194,277.8695057987693,280.15252685546875,55758300,0.0,0.0,0.0
2020-06-02,281.06928299945145,282.51796767814466,279.7398250642185,282.4721069335937,74267200,0.0,0.0,0.0
2020-06-03,284.45263612777273,287.18494662104723,284.1775835194625,286.2313842773437,92567600,0.0,0.0,0.0
2020-06-04,285.2503028822557,286.98321817364206,283.3890390401753,285.4795227050781,75794400,0.0,0.0,0.0
2020-06-05,290.86163222663976,294.56580447547407,290.7974439598148,292.7962341308594,150524700,0.0,0.0,0.0
2020-06-08,293.60307791418927,296.5279249936356,293.0621225082108,296.3353881835937,73641200,0.0,0.0,0.0
2020-06-09,293.6764120455833,296.408722278723,292.8145433136846,294.1257019042969,77479200,0.0,0.0,0.0
2020-06-10,294.70338803982554,295.5927621739855,291.7693627776029,292.4845275878906,95000800,0.0,0.0,0.0
2020-06-11,285.5712235543959,286.20387252008595,275.0729721884442,275.6230773925781,209243600,0.0,0.0,0.0
2020-06-12,282.61878853050194,283.3889635723717,273.7800890663436,278.9237670898437,194678900,0.0,0.0,0.0
2020-06-15,273.24841147874247,282.6556038603408,272.0748068682089,281.52783203125,135782700,0.0,0.0,0.0
2020-06-16,289.25717919909346,289.403883289215,282.0963519368916,286.9466247558594,137627500,0.0,0.0,0.0
2020-06-17,287.9643213952654,288.25772952024136,285.02111835943526,285.754638671875,83398900,0.0,0.0,0.0
2020-06-18,284.2418487856552,286.341482886705,283.78340899366174,285.8647155761719,80828700,0.0,0.0,0.0
2020-06-19,289.32351796858586,289.5169020088502,282.28772263184885,284.2308654785156,135549600,0.0,0.0,0.0
2020-06-22,283.6322825514577,286.4502770307113,282.4903582303145,286.0542907714844,74649400,0.0,0.0,0.0
2020-06-23,288.69736494870455,289.6274972240298,286.9660418676936,287.3712463378906,68471200,0.0,0.0,0.0
2020-06-24,285.3359654871181,285.9529901790608,278.20810074244577,280.04071044921875,132813500,0.0,0.0,0.0
2020-06-25,279.469847494696,283.31007226818923,277.4530430466422,283.0429992675781,89468000,0.0,0.0,0.0
2020-06-26,281.94708210428337,282.1589024781775,275.7401296700566,276.3202819824219,127961000,0.0,0.0,0.0
2020-06-29,277.5727234684733,280.51963173893165,275.2888463730119,280.3815002441406,79773300,0.0,0.0,0.0
2020-06-30,279.9486629348006,285.667559621828,279.7921232790596,283.9730529785156,113394800,0.0,0.0,0.0
2020-07-01,285.08742860608777,287.22395639224413,284.62697148514405,285.9622802734375,72396500,0.0,0.0,0.0
2020-07-02,289.38815889744933,290.7327142810645,286.87408033893,287.5371398925781,69344200,0.0,0.0,0.0
2020-07-06,291.3496151795207,292.55601050927066,290.6036769406393,291.975830078125,61713800,0.0,0.0,0.0
2020-07-07,290.4379459868934,292.4086879039096,288.5868993171508,288.9644775390625,82910000,0.0,0.0,0.0
2020-07-08,289.7288100254336,291.28515730964824,287.9698885921955,291.1746520996094,54638600,0.0,0.0,0.0
2020-07-09,291.7824085004592,292.0218551502653,286.1095744969354,289.5169677734375,83354200,0.0,0.0,0.0
2020-07-10,289.45251680342045,292.74018697945144,288.025111149212,292.4731140136719,57550400,0.0,0.0,0.0
2020-07-13,294.8122566026346,297.18820278628755,289.2867716039281,289.94061279296875,102997500,0.0,0.0,0.0
2020-07-14,288.522406144319,294.4715320808562,287.32522893206374,293.6979675292969,93657000,0.0,0.0,0.0
2020-07-15,296.9119193662305,297.4920997478603,294.02023559241456,296.3962097167969,87196500,0.0,0.0,0.0
2020-07-16,294.49912983927373,295.87128286396967,293.85447872341933,295.4200439453125,54622500,0.0,0.0,0.0
2020-07-17,296.42389995374253,297.059333070297,294.4531298579768,296.27655029296875,62774900,0.0,0.0,0.0
2020-07-20,296.0094429242622,299.4168366870497,295.26350467471246,298.6708984375,56308800,0.0,0.0,0.0
2020-07-21,300.632423503006,301.0744442907489,298.3209200855165,299.3063049316406,57292200,0.0,0.0,0.0
2020-07-22,298.94714058873586,301.32311478404205,298.83663538971115,301.0099792480469,57792900,0.0,0.0,0.0
2020-07-23,300.6507516311429,301.3506551641714,296.0554004228012,297.4183349609375,75738000,0.0,0.0,0.0
2020-07-24,295.5674004213925,296.5251308789289,294.00183516323403,295.5029296875,73766600,0.0,0.0,0.0
2020-07-27,296.19361733148213,297.83284336537673,295.4016165623497,297.6578674316406,48293000,0.0,0.0,0.0
2020-07-28,296.9302910125808,298.04461717526414,295.4752592743561,295.7699584960937,57495000,0.0,0.0,0.0
2020-07-29,296.64488066256155,299.9693955729184,296.60803622504216,299.4076232910156,48454200,0.0,0.0,0.0
2020-07-30,296.4422441472383,298.7537475391664,294.36099738513786,298.3393249511719,61861700,0.0,0.0,0.0
2020-07-31,300.12590663768805,300.7981840639859,295.9173223565921,300.6968688964844,84986800,0.0,0.0,0.0
2020-08-03,302.3544922923563,303.5516692549566,301.811156402926,302.7873229980469,53077900,0.0,0.0,0.0
2020-08-04,301.9309475225113,303.9569702148437,301.9309475225113,303.9569702148437,41917900,0.0,0.0,0.0
2020-08-05,305.2554171505095,306.10267054186585,304.9883441754852,305.84478759765625,42697700,0.0,0.0,0.0
2020-08-06,305.26457778295924,308.008883470918,304.94225226748324,307.88916015625,43679400,0.0,0.0,0.0
2020-08-07,306.9223032635199,308.39577169944573,306.019797171798,308.1102905273437,57308300,0.0,0.0,0.0
2020-08-10,308.56148325207386,309.21532440909493,306.62755797641967,309.0311584472656,44282100,0.0,0.0,0.0
2020-08-11,310.20997475019243,310.8454078392464,305.75275309496504,306.4802551269531,69601100,0.0,0.0,0.0
2020-08-12,308.91143712616207,311.526829875344,308.8838108265044,310.7532653808594,53774400,0.0,0.0,0.0
2020-08-13,309.98880407457887,311.49911631027487,309.2704923806422,310.19140625,41816100,0.0,0.0,0.0
2020-08-14,309.80469729931406,310.73482947821054,309.0771673345119,310.20068359375,47260400,0.0,0.0,0.0
2020-08-17,311.2137530113555,311.58211307766084,310.2099598864431,311.1861267089844,35481000,0.0,0.0,0.0
2020-08-18,311.5821682959095,312.282072218776,309.9889762993076,311.85845947265625,38733900,0.0,0.0,0.0
2020-08-19,312.23591780968894,312.7516274630557,309.9981032669653,310.55987548828125,68054200,0.0,0.0,0.0
2020-08-20,308.8377736301808,312.0057207368476,308.7088602558769,311.52685546875,42207800,0.0,0.0,0.0
2020-08-21,311.19527337116966,312.8529073408649,310.8545115814278,312.63189697265625,55106600,0.0,0.0,0.0
2020-08-24,315.06311760311377,315.8735264825769,312.6042927708127,315.79986572265625,48588700,0.0,0.0,0.0
2020-08-25,316.36163229349035,316.9878471615432,315.2012714878101,316.90496826171875,38463400,0.0,0.0,0.0
2020-08-26,317.49438668215004,320.3491982017806,316.95105067989545,320.0821533203125,50790200,0.0,0.0,0.0
2020-08-27,320.947737778554,322.2277935871301,319.1243179942383,320.7819519042969,58034100,0.0,0.0,0.0
2020-08-28,321.80426786042483,322.9830369399693,320.616280645361,322.8540954589844,48588900,0.0,0.0,0.0
2020-08-31,322.6422984405211,323.5171500758055,321.4543112428884,321.6845397949219,66099200,0.0,0.0,0.0
2020-09-01,322.5132963995055,324.81558148751446,321.6200086611954,324.7142944335937,54908700,0.0,0.0,0.0
2020-09-02,326.62058140555735,330.3778981673585,325.47862893248646,329.41094970703125,69540000,0.0,0.0,0.0
2020-09-03,327.7256853866652,328.1953605553692,315.4959476689743,318.07452392578125,148011100,0.0,0.0,0.0
2020-09-04,318.75605256613443,320.3215899223895,308.38654915956926,315.47760009765625,139156300,0.0,0.0,0.0
2020-09-08,310.08104920352173,315.5420924165605,306.553959764829,306.8578491210937,114465300,0.0,0.0,0.0
2020-09-09,310.8545526760322,315.37624441716423,309.98889114735533,312.9174194335937,91462300,0.0,0.0,0.0
2020-09-10,314.78688177765224,315.4407229555937,306.5262807206502,307.4840393066406,90569500,0.0,0.0,0.0
2020-09-11,309.261320427787,310.3203658186332,304.8225085730772,307.6405029296875,84680200,0.0,0.0,0.0
2020-09-14,310.79930858274395,313.46076397555305,307.78792941912315,311.6925964355469,65605700,0.0,0.0,0.0
2020-09-15,314.14224664496544,314.97106380213984,311.70182964170226,313.26739501953125,52920900,0.0,0.0,0.0
2020-09-16,314.50143147881846,315.92883731092843,311.74787878709503,312.024169921875,82096000,0.0,0.0,0.0
2020-09-17,307.1800415307334,310.99263860758003,306.65511385712773,309.2797241210937,91523300,0.0,0.0,0.0
2020-09-18,310.0833240814501,310.1942716478776,303.2412847248806,305.7192077636719,105877900,0.0,0.0,0.0
2020-09-21,301.14235702314835,302.4645288032245,297.4716923618668,302.31658935546875,99450800,0.0,0.0,0.0
2020-09-22,303.79599750028683,305.95030428150574,301.29030979270976,305.3955383300781,63612100,0.0,0.0,0.0
2020-09-23,305.9502597775032,306.22765682115056,297.8137877286705,298.3130798339844,93112200,0.0,0.0,0.0
2020-09-24,297.0001276478436,302.15938522189947,295.68718272630684,299.10821533203125,76681300,0.0,0.0,0.0
2020-09-25,298.257653382287,304.729857674503,297.3885547651494,303.9439697265625,71069400,0.0,0.0,0.0
2020-09-28,308.0954153354496,309.70421136202526,307.106085914168,308.9922790527344,64584600,0.0,0.0,0.0
2020-09-29,308.78884527571864,309.52851442541044,306.616028350716,307.3094787597656,51304000,0.0,0.0,0.0
2020-09-30,307.9752282610911,312.7831629454949,307.7810700245136,309.6395263671875,104081100,0.0,0.0,0.0
2020-10-01,312.22836509125534,313.1991843917802,309.7504423645945,311.6273803710937,88698700,0.0,0.0,0.0
2020-10-02,306.68994901464,311.5995746419569,306.2183938043288,308.6685791015625,89431100,0.0,0.0,0.0
2020-10-05,310.72111909297945,314.3270539759616,310.67490037285484,314.14215087890625,45713100,0.0,0.0,0.0
2020-10-06,314.28097349200937,316.37057974539914,309.16793362544905,309.67645263671875,90128900,0.0,0.0,0.0
2020-10-07,312.62593551915137,315.87129250041943,312.5981986311307,315.06689453125,56999600,0.0,0.0,0.0
2020-10-08,316.9993505468978,317.9239512320476,316.0839766813295,317.8592224121094,45242500,0.0,0.0,0.0
2020-10-09,319.5049503113114,321.15999312657567,318.8854837702439,320.6976928710937,59528600,0.0,0.0,0.0
2020-10-12,323.2311019429976,327.32707559553944,322.7410647815939,325.8569641113281,80388500,0.0,0.0,0.0
2020-10-13,325.71829333157706,325.8939697002557,322.76881520469266,323.7304077148437,73255500,0.0,0.0,0.0
2020-10-14,324.30360807019053,325.39462982999737,320.96581398724754,321.6962280273437,57727900,0.0,0.0,0.0
2020-10-15,317.7944920914556,321.77951876830656,317.2582361118935,321.2987365722656,60357700,0.0,0.0,0.0
2020-10-16,322.6486204375523,324.30366342738694,320.9288768497177,321.10455322265625,89501900,0.0,0.0,0.0
2020-10-19,322.3620205940744,322.99074228284945,315.325822981665,316.2226867675781,68425600,0.0,0.0,0.0
2020-10-20,317.5632134217448,320.7253588857788,316.80506261487807,317.4892578125,60051900,0.0,0.0,0.0
2020-10-21,317.4430433315355,319.6066331009399,316.5831717303874,316.8883056640625,63575000,0.0,0.0,0.0
2020-10-22,317.1010319977672,319.2091203575822,314.9652067470299,318.6266174316406,55399300,0.0,0.0,0.0
2020-10-23,319.8470889921267,319.9025627725712,317.25821851614603,319.7084045410156,49143900,0.0,0.0,0.0
2020-10-26,316.33359795190205,317.1195140807674,310.31443920384794,313.8002014160156,91473000,0.0,0.0,0.0
2020-10-27,314.1421844971618,314.4750270374149,312.5056240245709,312.7182922363281,65994100,0.0,0.0,0.0
2020-10-28,307.05985871686283,312.7461466489848,301.5399921174108,302.030029296875,127094300,0.0,0.0,0.0
2020-10-29,302.26114022168764,308.2617881868608,300.57836060996675,305.09967041015625,90597700,0.0,0.0,0.0
2020-10-30,303.527801928198,304.8314918083679,298.2760787094245,301.91900634765625,120287300,0.0,0.0,0.0
2020-11-02,305.3030700683594,307.300182145621,302.56623250835605,305.3030700683594,86068300,0.0,0.0,0.0
2020-11-03,308.5299198245358,312.74609552911073,305.38628400502864,310.6934814453125,93294200,0.0,0.0,0.0
2020-11-04,315.15928696801785,321.70547377095147,313.9850545875487,317.6372375488281,126959700,0.0,0.0,0.0
2020-11-05,322.9074612913422,325.6350439828652,322.5561085957217,323.8320617675781,82039700,0.0,0.0,0.0
2020-11-06,323.54551039577217,325.0063952769409,321.4374219661164,323.7581787109375,74973000,0.0,0.0,0.0
2020-11-09,336.5268178489835,336.90590740925865,327.3640242503452,327.8263244628906,172304200,0.0,0.0,0.0
2020-11-10,326.83703383089585,328.39961099114294,324.0817422973662,327.3455810546875,85552000,0.0,0.0,0.0
2020-11-11,329.5276225136965,330.60016251209254,328.2886611922482,329.7772827148437,58649000,0.0,0.0,0.0
2020-11-12,328.7693621605395,329.8234200461745,324.77511031031923,326.5780639648437,67546200,0.0,0.0,0.0
2020-11-13,328.482791198854,331.83909534174575,327.9650172049905,331.09942626953125,62892200,0.0,0.0,0.0
2020-11-16,333.762310414162,335.42658008620566,332.4771021299016,335.232421875,74541100,0.0,0.0,0.0
2020-11-17,332.8283977244911,334.63137974023823,331.32129460037004,333.42938232421875,66111000,0.0,0.0,0.0
2020-11-18,333.69759212727365,334.2431030727179,329.3796950886092,329.41668701171875,70591300,0.0,0.0,0.0
2020-11-19,328.7879360767462,331.1733928980095,327.44725409515723,330.8035583496094,59940900,0.0,0.0,0.0
2020-11-20,330.5446951604477,330.7481084092092,328.46434393216515,328.5382995605469,70417300,0.0,0.0,0.0
2020-11-23,330.34129961206247,331.7651924296882,328.1130087910506,330.5077209472656,63230600,0.0,0.0,0.0
2020-11-24,333.0503176608031,336.3788848988005,332.1997010545498,335.8333740234375,62415900,0.0,0.0,0.0
2020-11-25,335.7502678177485,335.7780047110036,334.22468225557213,335.3157043457031,45330900,0.0,0.0,0.0
2020-11-27,336.40664748720786,336.7210082758483,335.24164181075275,336.2494812011719,28514100,0.0,0.0,0.0
2020-11-30,335.4727659225405,335.7409079513326,332.0887531357319,334.7608337402344,83872700,0.0,0.0,0.0
2020-12-01,338.00621842500254,339.95711197569057,337.4144605490259,338.4222717285156,74231400,0.0,0.0,0.0
2020-12-02,337.31269153585873,339.2913215247088,336.73944385887,339.1341552734375,45927000,0.0,0.0,0.0
2020-12-03,339.03249301288866,340.4286487496057,337.94147123204993,339.041748046875,62882000,0.0,0.0,0.0
2020-12-04,339.6242628374325,341.9635009765625,339.5317971440086,341.9635009765625,50749900,0.0,0.0,0.0
2020-12-07,341.1960744141505,341.75084037057263,339.99410502237635,341.26080322265625,48944300,0.0,0.0,0.0
2020-12-08,339.9941774018219,342.82345334365795,339.94795865251774,342.25946044921875,42458900,0.0,0.0,0.0
2020-12-09,342.9158669849853,343.0730332820125,338.3575929060704,339.1897277832031,74098300,0.0,0.0,0.0
2020-12-10,337.82129446332254,340.1235407764272,336.952167699225,339.0787658691406,57735400,0.0,0.0,0.0
2020-12-11,337.38671728522763,339.0879788216525,335.8703871356922,338.68115234375,57698600,0.0,0.0,0.0
2020-12-14,340.8447456280566,341.91725738932104,336.9891490851876,337.1648254394531,69216200,0.0,0.0,0.0
2020-12-15,339.6982062143582,341.7230834960937,338.32981558066564,341.7230834960937,63865300,0.0,0.0,0.0
2020-12-16,341.9358445543657,343.17480613140845,341.0574625849894,342.25946044921875,58420500,0.0,0.0,0.0
2020-12-17,343.8959099470601,344.3766920459077,343.0730019635639,344.1732788085937,64119500,0.0,0.0,0.0
2020-12-18,344.4612007715748,344.6283315180656,340.79344881476123,342.7991027832031,136542300,0.0,0.0,0.0
2020-12-21,338.8898932592316,351.4159127548199,336.15997816972384,341.5733642578125,96386700,0.0,0.0,0.0
2020-12-22,341.8983367429737,342.0097572148125,339.87412260631737,340.9976501464844,47949000,0.0,0.0,0.0
2020-12-23,341.96339496968784,343.20763766131074,340.9791428653168,341.3041381835937,46201400,0.0,0.0,0.0
2020-12-24,341.77759567483866,342.6597215709097,341.1926382423749,342.6318664550781,26457900,0.0,0.0,0.0
2020-12-28,345.1761449139129,345.9654111690172,344.5540377310399,345.575439453125,39000400,0.0,0.0,0.0
2020-12-29,347.0982780683886,347.2747033129557,344.3312127444676,344.91619873046875,53680500,0.0,0.0,0.0
2020-12-30,345.733259466037,346.4389603203097,345.0182924625775,345.40826416015625,49455300,0.0,0.0,0.0
2020-12-31,345.2132949330659,347.8875000497571,344.7026082398412,347.1632385253906,78520700,0.0,0.0,0.0
2021-01-04,348.4909711220461,348.6209805572402,338.7505780933009,342.4368896484375,110210800,0.0,0.0,0.0
2021-01-05,341.7962383123607,345.88181651795514,341.74979422078724,344.79541015625,66426200,0.0,0.0,0.0
2021-01-06,343.291214067815,350.04173174075373,342.743377753376,346.8568115234375,107997700,0.0,0.0,0.0
2021-01-07,349.224597819788,352.75304553896814,349.0481726001441,352.0102233886719,68766800,0.0,0.0,0.0
2021-01-08,353.3937336428552,354.22941562712896,350.1531317059406,354.015869140625,71677200,0.0,0.0,0.0
2021-01-11,350.84954484541544,353.3844459686813,350.72882987062206,351.6295166015625,51034700,0.0,0.0,0.0
2021-01-12,351.81515363311456,352.7158118155588,349.46591609355505,351.7037048339844,52547700,0.0,0.0,0.0
2021-01-13,351.62950774382404,353.64442764556827,350.8495360073249,352.6509094238281,45303600,0.0,0.0,0.0
2021-01-14,353.393722653548,353.89514316325904,351.0816626236897,351.4159240722656,49989100,0.0,0.0,0.0
2021-01-15,349.800282405299,350.59881478443,346.9960962553196,348.8531799316406,107160000,0.0,0.0,0.0
2021-01-19,351.30456148612353,352.13097743160114,349.8281831712378,351.5924072265625,51233300,0.0,0.0,0.0
2021-01-20,353.87657321374,357.2936287805517,353.4866015027723,356.4579467773437,61836100,0.0,0.0,0.0
2021-01-21,357.0149723281148,357.4421218924977,355.8635897422049,356.7828369140625,47840100,0.0,0.0,0.0
2021-01-22,354.9350947122526,356.68075778914084,354.55438918277406,355.52008056640625,52860500,0.0,0.0,0.0
2021-01-25,356.25368989697324,357.2750633365752,351.4159661050598,356.9222412109375,70402000,0.0,0.0,0.0
2021-01-26,357.8693456849632,358.2779063977357,356.1329768241054,356.3651123046875,42665300,0.0,0.0,0.0
2021-01-27,353.0500980152295,353.1429578451568,345.4267792034528,347.6552734375,123351100,0.0,0.0,0.0
2021-01-28,349.46599738570745,354.6379822958076,349.02960991918064,350.645263671875,94198100,0.0,0.0,0.0
2021-01-29,348.78814770996314,349.75383907984985,341.9540655846165,343.6254577636719,126765100,0.0,0.0,0.0
2021-02-01,347.0146573120808,350.37597423640665,343.9133309692816,349.3453063964844,75817600,0.0,0.0,0.0
2021-02-02,352.52087154806475,355.8357724135965,349.4288399727436,354.2850952148437,64450700,0.0,0.0,0.0
2021-02-03,355.11152644432576,356.2814981741382,353.2915924599428,354.5636901855469,52427100,0.0,0.0,0.0
2021-02-04,355.59436662167684,358.6399826506837,354.6751192898168,358.59356689453125,47142600,0.0,0.0,0.0
2021-02-05,360.4599180558391,360.71061412663744,358.54712432112404,360.0049133300781,48669800,0.0,0.0,0.0
2021-02-08,361.4534777465929,362.6513046740329,360.5992351085053,362.6048889160156,38365200,0.0,0.0,0.0
2021-02-09,361.7690925550701,362.9576530503986,361.3605603058533,362.3633728027344,35551100,0.0,0.0,0.0
2021-02-10,364.0997689015568,364.24833897480704,359.80991075751706,362.2055358886719,59154400,0.0,0.0,0.0
2021-02-11,363.28271443963257,363.70056961850463,360.3671076846263,362.7905883789063,42913300,0.0,0.0,0.0
2021-02-12,361.9919719175586,364.8240126465975,361.9176727161063,364.5826110839844,50593300,0.0,0.0,0.0
2021-02-16,365.8083506928999,366.0033648900088,363.55200072791945,364.2669677734375,50972400,0.0,0.0,0.0
2021-02-17,362.52129645099154,364.6012209832248,361.5091609681263,364.35052490234375,52290600,0.0,0.0,0.0
2021-02-18,361.7505784893111,363.5426572734349,360.0327705772848,362.7998352050781,59712800,0.0,0.0,0.0
2021-02-19,364.0533823346543,364.34122801938736,361.7134389144418,362.1591491699219,83241000,0.0,0.0,0.0
2021-02-22,359.4014513169295,361.7785164844223,359.1043110867799,359.37359619140625,67414200,0.0,0.0,0.0
2021-02-23,357.1728509983925,361.1563027953284,353.0315629822929,359.8099060058594,107284100,0.0,0.0,0.0
2021-02-24,358.7235712258007,364.2019909749651,357.7393191021612,363.77484130859375,72433900,0.0,0.0,0.0
2021-02-25,362.5120335653563,363.8769912428288,353.57017085547034,355.0093994140625,146670500,0.0,0.0,0.0
2021-02-26,356.8850154751008,358.0271036542426,351.20234468696304,353.1801147460937,152701600,0.0,0.0,0.0
2021-03-01,358.0363995657325,362.9855428178806,353.3751303176071,361.74127197265625,105348800,0.0,0.0,0.0
2021-03-02,361.9641644974679,362.19629994312015,358.41712808705853,358.9185485839844,79595300,0.0,0.0,0.0
2021-03-03,358.22212100889243,359.1877840030245,354.0622438681688,354.1643981933594,119940200,0.0,0.0,0.0
2021-03-04,353.9786447353223,356.5599893581393,345.30606922791776,349.7816467285156,183433000,0.0,0.0,0.0
2021-03-05,353.2730017544948,357.2657484566025,346.01182648724296,356.21649169921875,152039600,0.0,0.0,0.0
2021-03-08,357.17300070515097,359.9771875918575,354.16453342690585,354.4430847167969,123149200,0.0,0.0,0.0
2021-03-09,358.277918893154,362.0477969623382,357.7764983032908,359.50360107421875,113633600,0.0,0.0,0.0
2021-03-10,361.8434262973439,363.4312247093334,360.4320530796693,361.74127197265625,109899400,0.0,0.0,0.0
2021-03-11,364.2019341812967,367.3775310399198,363.7469294630154,365.4090270996094,86245000,0.0,0.0,0.0
2021-03-12,364.0533645809201,366.0404291572341,363.2455378059453,365.9011535644531,64653600,0.0,0.0,0.0
2021-03-15,366.151838816547,368.3432119800072,364.0162042253978,368.0832214355469,73427200,0.0,0.0,0.0
2021-03-16,368.6960999272851,369.4017724273784,366.84828247322,367.6189880371094,73722500,0.0,0.0,0.0
2021-03-17,366.33753812086064,369.6709992628649,365.1954216836132,368.8724670410156,97959300,0.0,0.0,0.0
2021-03-18,366.291148848804,368.37107323916246,362.8276780230335,363.5055236816406,115349100,0.0,0.0,0.0
2021-03-19,363.20560482975657,364.7799824618673,360.6623728633488,362.8329772949219,113624500,0.0,0.0,0.0
2021-03-22,363.3453740252096,367.1089779028957,363.2894813107104,365.730224609375,73778600,0.0,0.0,0.0
2021-03-23,365.0967115489634,366.5406538848724,362.0690666778284,362.8515930175781,90686600,0.0,0.0,0.0
2021-03-24,364.24899956726335,365.8792700256846,360.9605122940344,361.007080078125,97588600,0.0,0.0,0.0
2021-03-25,359.5724734221165,363.829786798647,357.634764555162,363.0379638671875,116128600,0.0,0.0,0.0
2021-03-26,364.183703317546,369.28878794295866,363.587505033435,368.8882141113281,114409100,0.0,0.0,0.0
2021-03-29,367.4162848468423,369.60551031662703,365.935071468474,368.7018737792969,108107600,0.0,0.0,0.0
2021-03-30,367.43505791818313,368.3945874761221,366.13081869564127,367.7238464355469,76262200,0.0,0.0,0.0
2021-03-31,368.29194499569184,370.769958683881,368.263998648555,369.2142028808594,112734200,0.0,0.0,0.0
2021-04-01,371.1427471412531,373.2574592341236,370.93779769678247,373.2015380859375,99682900,0.0,0.0,0.0
2021-04-05,375.8564594894642,379.0983784802134,375.7819453604423,378.55804443359375,91684800,0.0,0.0,0.0
2021-04-06,377.9991469225459,379.3778716395841,377.6637622416053,378.3345031738281,62021000,0.0,0.0,0.0
2021-04-07,378.1668460554301,379.11705058317233,377.7103794337197,378.7723693847656,55836300,0.0,0.0,0.0
2021-04-08,380.0206514166771,380.626174688792,379.089068404298,380.5702819824219,57863100,0.0,0.0,0.0
2021-04-09,380.44912161612,383.50471212941807,380.3280113007407,383.3370056152344,61104600,0.0,0.0,0.0
2021-04-12,382.7408481738949,383.7469452179368,382.1353249621328,383.476806640625,56704900,0.0,0.0,0.0
2021-04-13,383.3742885703342,385.2374542676468,382.9923361908269,384.61328125,56551000,0.0,0.0,0.0
2021-04-14,384.585426479011,385.6381198974038,382.7595316211662,383.29986572265625,61659900,0.0,0.0,0.0
2021-04-15,385.4331430857711,387.6875864651336,385.3865753074208,387.41741943359375,60229800,0.0,0.0,0.0
2021-04-16,388.70298586402646,389.317834022548,387.28699001478793,388.7123107910156,82037300,0.0,0.0,0.0
2021-04-19,387.7807304312993,388.2278720552796,385.4797193923822,386.8025512695313,78498500,0.0,0.0,0.0
2021-04-20,385.59152639170094,386.6907875184191,382.4986639809094,383.9705810546875,81851800,0.0,0.0,0.0
2021-04-21,383.3557132219947,387.80867863656937,383.2159530341772,387.6037292480469,66793000,0.0,0.0,0.0
2021-04-22,387.4360751101364,388.2651692129653,383.0017308457312,384.063720703125,97582800,0.0,0.0,0.0
2021-04-23,384.6227137075241,389.6346353832558,384.5481995678462,388.2279357910156,73209200,0.0,0.0,0.0
2021-04-26,388.8800074072831,389.6066410056365,388.2931055721406,389.0383605957031,52182400,0.0,0.0,0.0
2021-04-27,389.3364507074016,389.53210359386,387.8179659687333,388.9544982910156,51303100,0.0,0.0,0.0
2021-04-28,389.2246648182536,390.342575715046,388.3769209336228,388.84271240234375,51238900,0.0,0.0,0.0
2021-04-29,391.5628993426264,391.93552678623496,387.94835343735446,391.3206787109375,78544300,0.0,0.0,0.0
2021-04-30,389.057011063111,389.9047550008008,387.8552610382918,388.7495727539063,85527000,0.0,0.0,0.0
2021-05-03,390.7337803483799,391.1157327210051,389.09421389645087,389.58795166015625,68128300,0.0,0.0,0.0
2021-05-04,387.60376353614816,388.0975014117672,383.5048038327527,387.1845397949219,101591200,0.0,0.0,0.0
2021-05-05,388.8241183887439,389.0570141395226,386.7466780571217,387.3056335449219,60162200,0.0,0.0,0.0
2021-05-06,387.3801199711882,390.528874845266,385.3772223436678,390.3984680175781,74321400,0.0,0.0,0.0
2021-05-07,391.1624256128691,393.89195716185367,390.48235974282153,393.2398376464844,67733800,0.0,0.0,0.0
2021-05-10,393.5937799606252,393.8173507618117,389.2246538329622,389.34576416015625,81852400,0.0,0.0,0.0
2021-05-11,384.8368673639602,386.85838615611584,382.00484764015937,385.8709106445313,116888000,0.0,0.0,0.0
2021-05-12,383.0949159919616,384.3618553205323,376.3595601632733,377.673095703125,134811000,0.0,0.0,0.0
2021-05-13,379.2194353787123,384.1381916610696,379.1728391786905,382.2098083496094,106394000,0.0,0.0,0.0
2021-05-14,384.9394270681594,388.9266014154042,384.9114807136324,388.078857421875,82201600,0.0,0.0,0.0
2021-05-17,386.9703182241895,387.9019013257999,385.07917723544665,387.0914001464844,65129200,0.0,0.0,0.0
2021-05-18,387.3522140021612,387.59443468838975,383.5979355139091,383.7563171386719,59810200,0.0,0.0,0.0
2021-05-19,379.0798024141684,382.92721668401646,377.5985602871788,382.7502136230469,106467100,0.0,0.0,0.0
2021-05-20,383.6258484249689,388.12541000565056,383.50476652206805,386.8677673339844,78022200,0.0,0.0,0.0
2021-05-21,388.3490349514176,389.5880563714277,386.0946198129668,386.5510864257813,76578700,0.0,0.0,0.0
2021-05-24,388.78679507785904,391.56292229029447,388.5445744319748,390.4916076660156,51376700,0.0,0.0,0.0
2021-05-25,391.5722490957163,391.9262551656702,389.0476672600288,389.625244140625,57451400,0.0,0.0,0.0
2021-05-26,390.2121400584183,390.9015023339306,389.1780966451499,390.3984680175781,43088600,0.0,0.0,0.0
2021-05-27,391.42328278237954,391.9356421143981,390.3239931202354,390.6034851074219,56707700,0.0,0.0,0.0
2021-05-28,392.1685199593985,392.4293620777178,391.0692587771713,391.3021545410156,58520200,0.0,0.0,0.0
2021-06-01,393.6590742965092,393.7988060744791,390.5196438229263,390.9574890136719,54216600,0.0,0.0,0.0
2021-06-02,391.609506384416,392.41068247668926,390.6034093428114,391.5722351074219,49097100,0.0,0.0,0.0
2021-06-03,389.2619780804105,391.2555509981351,387.7993858877597,390.1190185546875,58138800,0.0,0.0,0.0
2021-06-04,391.963516582505,393.9850640433869,390.18418978016194,393.68695068359375,55938800,0.0,0.0,0.0
2021-06-07,393.6775590624108,393.8545620629477,392.3733488713357,393.304931640625,51555000,0.0,0.0,0.0
2021-06-08,394.162117490748,394.2552814880263,391.563021073544,393.388916015625,47134300,0.0,0.0,0.0
2021-06-09,394.22732293544,394.3018655028207,392.5784311103021,392.802001953125,48436300,0.0,0.0,0.0
2021-06-10,394.0223453765083,395.5781015257895,392.7088099094243,394.62786865234375,51020100,0.0,0.0,0.0
2021-06-11,395.1775688004502,395.39181472194224,393.8919795528562,395.280029296875,45570800,0.0,0.0,0.0
2021-06-14,395.3917482511852,396.2674385065436,394.1527554254345,396.16497802734375,42358500,0.0,0.0,0.0
2021-06-15,396.3139835994514,396.3512264436359,394.5626033146111,395.4382934570313,51508500,0.0,0.0,0.0
2021-06-16,395.5781066988787,395.8016775286566,391.1903585865381,393.2304992675781,80386100,0.0,0.0,0.0
2021-06-17,392.8205731235447,394.0781872921692,390.63134762723126,393.10003662109375,90949700,0.0,0.0,0.0
2021-06-18,389.8251297923295,390.5167474088944,387.5913771677302,387.7969970703125,118676300,0.0,0.0,0.0
2021-06-21,389.5540649639203,393.5356008794385,388.7409408172673,393.3486633300781,72822000,0.0,0.0,0.0
2021-06-22,393.339353041914,396.28343417143736,392.61966911686017,395.45159912109375,57700300,0.0,0.0,0.0
2021-06-23,395.5263737663793,396.3301424887815,394.8908317268986,394.9749450683594,49445400,0.0,0.0,0.0
2021-06-24,397.1152589733079,397.73209014648296,396.8628904252522,397.3115234375,45110300,0.0,0.0,0.0
2021-06-25,398.0592899281921,399.1715029679371,397.7321634125016,398.7228698730469,58129500,0.0,0.0,0.0
2021-06-28,399.24617251742296,399.6947769582962,398.0498464706564,399.5265502929688,53159600,0.0,0.0,0.0
2021-06-29,399.9098038354574,400.5453458904214,399.20883078354126,399.7415771484375,35970500,0.0,0.0,0.0
2021-06-30,399.2835916114196,400.7509687229313,399.2555538300446,400.0780334472656,64827900,0.0,0.0,0.0
2021-07-01,400.83506919032,402.4519905914438,400.7696381949914,402.2930908203125,53441000,0.0,0.0,0.0
2021-07-02,403.4520604017495,405.7232062337711,402.3772122424309,405.3680419921875,57697700,0.0,0.0,0.0
2021-07-06,405.4241415803903,405.6391169295271,401.9005937821132,404.6296997070313,68710400,0.0,0.0,0.0
2021-07-07,405.31199914635374,406.34009873848606,403.3025486160357,406.0596923828125,63549500,0.0,0.0,0.0
2021-07-08,400.7509143885333,403.50808611480505,399.5732706851184,402.75103759765625,97595200,0.0,0.0,0.0
2021-07-09,404.2558779418757,407.3495037546776,402.5548429598186,407.0504150390625,76238600,0.0,0.0,0.0
2021-07-12,406.9662573135737,408.7607608889364,406.5363351584208,408.5083923339844,52889600,0.0,0.0,0.0
2021-07-13,407.7233185057378,409.2187334442086,406.854118733952,407.1158142089844,52911300,0.0,0.0,0.0
2021-07-14,408.8075333770508,409.29355967985066,406.48031165768174,407.7233581542969,64130400,0.0,0.0,0.0
2021-07-15,406.3867945573869,407.0597298390084,404.43341971053184,406.3307189941406,55126400,0.0,0.0,0.0
2021-07-16,407.5083846304413,407.5551047614192,402.751117276548,403.1436462402344,75874700,0.0,0.0,0.0
2021-07-19,398.3302836206056,403.20905730096297,394.3861406949322,397.1900329589844,147987000,0.0,0.0,0.0
2021-07-20,397.8535190980429,404.15294829625935,397.0590774391509,402.8818359375,99608200,0.0,0.0,0.0
2021-07-21,404.0781816791962,406.28392468057024,402.8351355573222,406.1437072753906,64724400,0.0,0.0,0.0
2021-07-22,406.3213274734552,407.23727579624176,405.33997668113454,406.9942626953125,47878500,0.0,0.0,0.0
2021-07-23,408.9196688873081,411.51794144372303,408.2374066385629,411.1814880371094,63766600,0.0,0.0,0.0
2021-07-26,410.5926766830411,412.200242886932,410.54595654958047,412.1908874511719,43719200,0.0,0.0,0.0
2021-07-27,411.1534484123905,411.18148619614936,407.4896830394306,410.3122863769531,67397100,0.0,0.0,0.0
2021-07-28,410.93839316496434,411.5178595984417,408.7233231106305,410.1439514160156,52472400,0.0,0.0,0.0
2021-07-29,411.0693007705477,412.9198513896068,411.05994533585215,411.8450317382813,47435300,0.0,0.0,0.0
2021-07-30,409.2840950781723,411.2935451911804,409.15323310150086,409.8448791503906,68951200,0.0,0.0,0.0
2021-08-02,411.5553115323718,412.10674026622047,408.6299126466088,408.9850769042969,58783300,0.0,0.0,0.0
2021-08-03,409.77938475931984,412.43373186628816,407.59235288645135,412.3122253417969,58053900,0.0,0.0,0.0
2021-08-04,411.0319339569977,412.2843358119872,410.050583021591,410.28424072265625,46732200,0.0,0.0,0.0
2021-08-05,411.4431679198543,412.96662067268136,411.1253968736616,412.8825073242188,38969700,0.0,0.0,0.0
2021-08-06,413.2002061526581,413.9852924570962,412.9197998507896,413.564697265625,46930000,0.0,0.0,0.0
2021-08-09,413.5366565217107,413.8544275100853,412.4618370122482,413.2282409667969,41222600,0.0,0.0,0.0
2021-08-10,413.6769090889189,414.4526685963435,412.9946468851688,413.7423400878906,43339300,0.0,0.0,0.0
2021-08-11,414.80780947459465,414.8638850355054,413.6862412110491,414.7704162597656,44034300,0.0,0.0,0.0
2021-08-12,414.6208676326382,416.1536756754447,413.7236301446858,416.0134582519531,38909400,0.0,0.0,0.0
2021-08-13,416.4621247183911,416.7892511950456,415.9761269822574,416.77056884765625,39470300,0.0,0.0,0.0
2021-08-16,415.4713908619817,417.8827255582406,413.9199004513762,417.75189208984375,73740000,0.0,0.0,0.0
2021-08-17,415.2003978250957,415.8733331750015,412.032014089514,415.0134887695313,92673900,0.0,0.0,0.0
2021-08-18,414.004033503329,415.5648794226537,410.2281457688839,410.47113037109375,89351900,0.0,0.0,0.0
2021-08-19,407.7513077712783,412.30298304453,407.6111188768107,411.1066284179688,92812200,0.0,0.0,0.0
2021-08-20,411.452559017406,414.7050561972092,410.9665327094938,414.3779296875,72008700,0.0,0.0,0.0
2021-08-23,416.0602493564847,418.92957275106846,414.4526832434195,418.0229797363281,54973000,0.0,0.0,0.0
2021-08-24,418.6865539550781,419.2193003480419,418.17251843232447,418.6865539550781,38744700,0.0,0.0,0.0
2021-08-25,418.8735677672407,420.0792211631968,418.4996925669996,419.565185546875,40529700,0.0,0.0,0.0
2021-08-26,419.2846465858296,419.5183042507706,416.9948185830064,417.0882873535156,57829600,0.0,0.0,0.0
2021-08-27,417.8921060042868,421.1913514868922,417.8360304398082,420.8175048828125,77235100,0.0,0.0,0.0
2021-08-30,421.49038603704406,423.4531161096765,421.2473729404078,422.66802978515625,48357400,0.0,0.0,0.0
2021-08-31,422.574647060024,422.9111004721853,421.4437517278113,422.0419006347656,59300200,0.0,0.0,0.0
2021-09-01,422.9765334042328,423.4905689604895,422.0325471224732,422.2662048339844,48721400,0.0,0.0,0.0
2021-09-02,423.6868447034256,424.369106938718,422.3690118415017,423.5653381347656,42501000,0.0,0.0,0.0
2021-09-03,422.4343924309889,423.9765273755303,422.0324795543075,423.4624633789063,47170500,0.0,0.0,0.0
2021-09-07,423.1167444291313,423.2102132231523,421.2755204253354,421.9484558105469,51671500,0.0,0.0,0.0
2021-09-08,421.4157048587594,422.14471575872943,419.5183769090741,421.4343872070313,56181900,0.0,0.0,0.0
2021-09-09,421.23805907529504,422.985813884058,419.3874800599,419.6304931640625,57970400,0.0,0.0,0.0
2021-09-10,421.55580611377326,421.9763727824504,416.2003623513121,416.3218688964844,89948200,0.0,0.0,0.0
2021-09-13,419.3127250750678,419.5744205265016,415.07882068151736,417.3873596191406,83738600,0.0,0.0,0.0
2021-09-14,418.8266922544094,419.032312143196,414.2470076652523,415.1349182128906,78197100,0.0,0.0,0.0
2021-09-15,415.5555116773011,419.0977701394543,414.4526542585058,418.6024169921875,78792200,0.0,0.0,0.0
2021-09-16,418.0789706250188,419.0509659215077,414.9946725034793,417.9387817382813,77786700,0.0,0.0,0.0
2021-09-17,417.168134146106,417.59004823431,413.51137369740354,413.86767578125,118425000,0.0,0.0,0.0
2021-09-20,407.7543679302111,409.3295710757895,402.1098470708217,406.9667663574219,166445500,0.0,0.0,0.0
2021-09-21,409.3014739453589,410.59540113058426,406.0572991890718,406.5823669433594,92526100,0.0,0.0,0.0
2021-09-22,408.8513629815071,412.5831207202877,406.6948369631127,410.5484619140625,102350100,0.0,0.0,0.0
2021-09-23,412.4143728690153,417.1400110058016,412.17996661282217,415.5366516113281,76396000,0.0,0.0,0.0
2021-09-24,413.9051650553823,416.9337039803391,413.6895010133059,416.2210998535156,62094800,0.0,0.0,0.0
2021-09-27,415.18965363663966,416.3522992832183,414.33641159747526,415.0302734375,61371100,0.0,0.0,0.0
2021-09-28,412.2644018182025,412.5925763413833,405.9354320967594,406.6667785644531,130436300,0.0,0.0,0.0
2021-09-29,408.0450907778052,409.7797030258202,406.7886765121533,407.3512573242188,82329200,0.0,0.0,0.0
2021-09-30,408.82324196639286,409.5264607159928,402.0348461267485,402.3724060058594,140506000,0.0,0.0,0.0
2021-10-01,404.0976586371233,408.8326537442385,400.58156466232106,407.154296875,129240100,0.0,0.0,0.0
2021-10-04,405.9916570765266,406.89176913571015,399.76581284989487,401.9036254882813,128570000,0.0,0.0,0.0
2021-10-05,403.4037658375677,408.3262970264828,402.6068074886927,406.08538818359375,90682500,0.0,0.0,0.0
2021-10-06,402.4941781752029,407.9792888496401,400.8721056221493,407.7730102539063,113032200,0.0,0.0,0.0
2021-10-07,411.0454355366307,414.13020116989895,410.86728449835147,411.298583984375,72437500,0.0,0.0,0.0
2021-10-08,412.0674384245111,412.451868101781,409.9202691984104,410.5484619140625,74557400,0.0,0.0,0.0
2021-10-11,409.89216791478833,412.7988112757424,407.5105922896659,407.57623291015625,65233300,0.0,0.0,0.0
2021-10-12,408.4950853785661,408.89825725037673,405.7853354665387,406.5729370117188,71181200,0.0,0.0,0.0
2021-10-13,407.594929147859,408.8513431322092,404.6226741156243,408.0356140136719,72974000,0.0,0.0,0.0
2021-10-14,411.6924184380236,415.049132337177,411.2236058856092,414.8991088867188,70236800,0.0,0.0,0.0
2021-10-15,417.0087329506892,418.42455590539737,416.3898969959303,418.0588684082031,66260200,0.0,0.0,0.0
2021-10-18,416.2773855665458,419.6340705825797,415.6210366001597,419.2965393066406,62213200,0.0,0.0,0.0
2021-10-19,420.9186254165008,422.59695355572194,420.3091462784129,422.5313415527344,46996800,0.0,0.0,0.0
2021-10-20,422.99085044016186,424.4910564453274,422.8783399972331,424.1910095214844,49571600,0.0,0.0,0.0
2021-10-21,423.5908483463569,425.5223536137635,423.1595488456662,425.2973327636719,41305400,0.0,0.0,0.0
2021-10-22,424.8659833060559,426.3099336904653,422.9157074544305,424.8565979003906,58845100,0.0,0.0,0.0
2021-10-25,425.9443277467125,427.46327582498486,424.1722311934104,427.1351013183594,45214500,0.0,0.0,0.0
2021-10-26,428.68220582792407,429.8917216010357,427.1444869339798,427.51953125,56075100,0.0,0.0,0.0
2021-10-27,427.9789361517596,428.6446418796485,425.5504622585324,425.62548828125,72438000,0.0,0.0,0.0
2021-10-28,427.05070773419686,429.8073277379248,427.0413509410185,429.7323303222656,51437900,0.0,0.0,0.0
2021-10-29,427.435131798945,430.89497056169455,427.14447031928165,430.6043090820313,70162400,0.0,0.0,0.0
2021-11-01,431.5887947913139,431.9638676988326,429.6198050970678,431.3450317382813,48433600,0.0,0.0,0.0
2021-11-02,431.5137860979751,433.398421537022,431.3825048609663,433.0889892578125,48908400,0.0,0.0,0.0
2021-11-03,432.5264031559585,436.1362651463071,432.08571825925554,435.7330932617188,52509800,0.0,0.0,0.0
2021-11-04,436.3332239148404,437.8709428879913,435.9863071893012,437.78656005859375,52847100,0.0,0.0,0.0
2021-11-05,440.0087609052828,441.29330287495554,437.79597912682055,439.3055419921875,66390600,0.0,0.0,0.0
2021-11-08,440.4024705143944,440.89941061596096,438.9960330253521,439.6804809570313,50405200,0.0,0.0,0.0
2021-11-09,440.0461676231419,440.2805738708811,436.8207353651275,438.2271728515625,51149100,0.0,0.0,0.0
2021-11-10,436.53939698466087,438.2271390064617,433.2202253751318,434.70166015625,69429700,0.0,0.0,0.0
2021-11-11,436.1925897370025,436.2676157731652,434.82366502454624,434.8424072265625,34848500,0.0,0.0,0.0
2021-11-12,436.1081657875227,438.6772493099113,435.1611553150892,438.1240539550781,53466700,0.0,0.0,0.0
2021-11-15,439.4086558993386,439.568036148022,437.148975895969,438.2741088867188,46980500,0.0,0.0,0.0
2021-11-16,438.0114603688836,441.1431240587056,437.93646296807935,440.0086059570313,48857500,0.0,0.0,0.0
2021-11-17,439.74610202390977,439.9242530537252,438.32092239942926,438.9397583007813,47858300,0.0,0.0,0.0
2021-11-18,439.971177803996,440.6931674194312,437.2520708292828,440.4306335449219,50625600,0.0,0.0,0.0
2021-11-19,440.318067909882,441.5651251990252,439.27731788187225,439.64300537109375,57315600,0.0,0.0,0.0
2021-11-22,441.518225650883,444.0029260411322,438.1990253218852,438.4053039550781,72762000,0.0,0.0,0.0
2021-11-23,438.0771054886185,439.8398448730952,435.47989482517465,438.9866027832031,73206500,0.0,0.0,0.0
2021-11-24,436.98954456020806,440.2806177630515,436.17381531500166,440.1587219238281,61858800,0.0,0.0,0.0
2021-11-26,433.50155816840993,434.9642509437394,429.2166048622244,430.3417663574219,112669600,0.0,0.0,0.0
2021-11-29,435.12360436955294,437.45828126856935,432.9295654860119,435.62054443359375,86268800,0.0,0.0,0.0
2021-11-30,433.18271599479897,435.0860934508205,426.9006175423312,427.1444091796875,148559600,0.0,0.0,0.0
2021-12-01,432.8451797070104,435.686182056288,422.2031311937479,422.4000244140625,131939200,0.0,0.0,0.0
2021-12-02,422.6157168413784,430.435505728032,422.22190176024696,428.8696594238281,127637800,0.0,0.0,0.0
2021-12-03,430.5292213858788,431.58871344638754,420.9185665300391,425.1378784179688,137331600,0.0,0.0,0.0
2021-12-06,427.67879672433503,432.04813164553576,425.269094165353,430.1728820800781,98977500,0.0,0.0,0.0
2021-12-07,435.442440658666,439.63362565886325,430.0417113660508,439.071044921875,95484700,0.0,0.0,0.0
2021-12-08,439.4648423539088,440.68374339000826,437.7114595944113,440.2336730957031,72238800,0.0,0.0,0.0
2021-12-09,438.9491883572712,440.3368838174408,437.0645813487315,437.261474609375,61272600,0.0,0.0,0.0
2021-12-10,439.9618605069024,441.52767848734806,437.4115189481302,441.3776550292969,77159800,0.0,0.0,0.0
2021-12-13,440.8619411504924,441.2088578538092,437.1864382259011,437.4677429199219,87724700,0.0,0.0,0.0
2021-12-14,434.2047068054055,436.6894070406909,431.5418555519258,434.4578552246094,97264100,0.0,0.0,0.0
2021-12-15,434.5141670966672,441.49007040259744,432.00131048296834,441.2463073730469,116899300,0.0,0.0,0.0
2021-12-16,443.09342361388826,443.37469964954175,435.8080595359977,437.3551635742188,116568600,0.0,0.0,0.0
2021-12-17,434.28117656754216,437.2827106378424,430.9973782677285,432.700439453125,135511600,0.0,0.0,0.0
2021-12-20,427.62887521925904,428.4945046145701,424.4862092214544,428.0993347167969,107134800,0.0,0.0,0.0
2021-12-21,431.5149548202637,435.8431890265247,429.3508520744213,435.7020568847656,69806300,0.0,0.0,0.0
2021-12-22,435.4479132744812,440.1713163305176,435.2502996094357,440.0584106445313,58890200,0.0,0.0,0.0
2021-12-23,441.0558332086626,444.2925972471357,440.9523458894644,442.7965393066406,56439700,0.0,0.0,0.0
2021-12-27,444.17028879957417,449.11011430535285,444.1232543282057,449.0630798339844,56808600,0.0,0.0,0.0
2021-12-28,449.4958929694086,450.5214913868531,447.9339637503562,448.6961059570313,47274600,0.0,0.0,0.0
2021-12-29,448.7995905115579,450.2862300149204,447.8022185897107,449.2700500488281,54503000,0.0,0.0,0.0
2021-12-30,449.693431506238,450.7002217741406,447.56697399413,448.0280151367188,55329000,0.0,0.0,0.0
2021-12-31,447.53874202831184,448.686635681018,446.6260494189647,446.8988952636719,65237400,0.0,0.0,0.0
2022-01-03,448.1597204058946,449.6181621243115,445.8544860219246,449.4864196777344,72668200,0.0,0.0,0.0
2022-01-04,450.9072238974489,451.62233155714586,447.4822648058163,449.33587646484375,71178700,0.0,0.0,0.0
2022-01-05,448.9689091940095,449.7404696581306,440.61354395954817,440.7076416015625,104538900,0.0,0.0,0.0
2022-01-06,440.246697215396,443.0035835732876,437.9320153144519,440.2937316894531,86858900,0.0,0.0,0.0
2022-01-07,440.3030723284207,441.479221117935,437.1980222953608,438.5529479980469,85111600,0.0,0.0,0.0
2022-01-10,435.36328278709937,438.2236562011222,429.62367048499374,438.00726318359375,119362000,0.0,0.0,0.0
2022-01-11,437.7437605217472,442.0908017452963,434.7516162526011,441.9967041015625,74303100,0.0,0.0,0.0
2022-01-12,443.7279811040714,445.2428756029094,441.2345515344107,443.191650390625,67605400,0.0,0.0,0.0
2022-01-13,444.2926187440994,444.9418552591615,436.0595761258511,437.0851745605469,91173100,0.0,0.0,0.0
2022-01-14,433.9425030975037,437.6120820227763,432.7287093594842,437.2639465332031,95890900,0.0,0.0,0.0
2022-01-18,432.5781593461344,432.7851627070061,428.4098944174529,429.5201721191406,109709100,0.0,0.0,0.0
2022-01-19,431.0632487949444,432.455790611051,424.7873060995941,425.0601806640625,109357600,0.0,0.0,0.0
2022-01-20,426.942024252304,431.6372011815895,418.2385229314581,420.3555908203125,122379700,0.0,0.0,0.0
2022-01-21,419.2358828982697,421.58818048555,412.0755028255823,412.1037292480469,202271200,0.0,0.0,0.0
2022-01-24,406.50524550753806,414.3619251147175,395.901098425589,413.8538208007813,251783900,0.0,0.0,0.0
2022-01-25,407.4744480032651,413.7409730372485,401.9136123373261,408.8011474609375,167997300,0.0,0.0,0.0
2022-01-26,414.6818552495206,417.8057134652488,403.5225401054795,407.7755126953125,186391100,0.0,0.0,0.0
2022-01-27,412.36723366568094,415.5004817840375,404.07773829561154,405.761962890625,149878300,0.0,0.0,0.0
2022-01-28,407.1168346707988,415.886206828452,402.54398201671927,415.8391723632813,164457400,0.0,0.0,0.0
2022-01-31,415.171167102493,423.6770844746201,413.82565957531546,423.3289489746094,152251400,0.0,0.0,0.0
2022-02-01,424.0533351601826,426.8290574808643,420.5343075616041,426.1892395019531,123155400,0.0,0.0,0.0
2022-02-02,428.5886396673794,431.053843055328,426.2833764423959,430.329345703125,117361000,0.0,0.0,0.0
2022-02-03,424.30751219871513,426.208158589354,419.37707621036856,420.2145080566406,118024400,0.0,0.0,0.0
2022-02-04,419.9792639651472,426.0293671450485,417.6081293545503,422.1904296875,118454400,0.0,0.0,0.0
2022-02-07,422.9525170094482,424.3450587788941,419.5087499574974,420.83544921875,84472900,0.0,0.0,0.0
2022-02-08,420.3367433125656,425.2201150815416,418.9159464741092,424.2980041503906,81012000,0.0,0.0,0.0
2022-02-09,428.3252089130967,430.8280572528607,428.1276239352286,430.5081481933594,92589900,0.0,0.0,0.0
2022-02-10,424.6744807309833,430.6681316163466,420.7790900603745,422.7738342285156,140103700,0.0,0.0,0.0
2022-02-11,422.85840063128,424.9284051506269,413.00697779975184,414.4371643066406,153214600,0.0,0.0,0.0
2022-02-14,413.9291255162954,415.5098626456239,409.6197001412661,413.082275390625,123006300,0.0,0.0,0.0
2022-02-15,417.5139841588956,419.9133160423361,416.9964614975675,419.7439575195313,88482700,0.0,0.0,0.0
2022-02-16,417.7022412323989,421.5882420080019,415.8298212683436,420.2145080566406,84863600,0.0,0.0,0.0
2022-02-17,417.0341941741858,420.18627912524965,410.6359553270565,411.2381286621094,102259100,0.0,0.0,0.0
2022-02-18,411.492051459461,412.7434896813528,406.3076078267507,408.5752258300781,132642900,0.0,0.0,0.0
2022-02-22,406.3735519322751,409.7702560003978,400.6997823601273,404.1906127929688,124391800,0.0,0.0,0.0
2022-02-23,407.0981420623061,407.66269937728737,396.4563472260344,397.0209045410156,132578000,0.0,0.0,0.0
2022-02-24,386.7365552102814,403.42847944353576,386.3790300752348,402.9956359863281,213942900,0.0,0.0,0.0
2022-02-25,404.22823397331,411.97200837339045,402.581625575988,411.8873291015625,121804500,0.0,0.0,0.0
2022-02-28,406.5052626502716,412.3107459178309,405.2538529277807,410.83349609375,145615000,0.0,0.0,0.0
2022-03-01,409.3374644946176,411.3416268267393,401.8759540045587,404.576416015625,137785900,0.0,0.0,0.0
2022-03-02,406.825151607102,413.7409121389248,406.0724278778105,412.01904296875,117726500,0.0,0.0,0.0
2022-03-03,414.44664922565886,415.0488225356622,408.1707060110163,409.9678649902344,105501700,0.0,0.0,0.0
2022-03-04,406.2417947777143,407.76607902539786,402.600442693899,406.6369934082031,113978200,0.0,0.0,0.0
2022-03-07,406.0535921466829,406.7592814126414,394.5837869801388,394.649658203125,137896600,0.0,0.0,0.0
2022-03-08,394.8284856869652,401.9700585274636,390.59434954887394,391.6575927734375,164772700,0.0,0.0,0.0
2022-03-09,400.0223879907192,404.134200151545,397.8394486342406,402.15826416015625,116990800,0.0,0.0,0.0
2022-03-10,397.5571438333972,401.2361411085676,395.60004466085365,400.34228515625,93972700,0.0,0.0,0.0
2022-03-11,402.8262482347944,403.43783985789673,394.7437572588801,395.2518615722656,95636300,0.0,0.0,0.0
2022-03-14,396.0234396841189,399.4671781987032,391.2247467020312,392.3632507324219,95729200,0.0,0.0,0.0
2022-03-15,394.9695806826798,401.6218852812804,393.6993629323293,400.9914855957031,106219100,0.0,0.0,0.0
2022-03-16,404.49176069614015,409.9396620822366,399.7024567937387,409.8832092285156,144954800,0.0,0.0,0.0
2022-03-17,407.97305465049794,415.0111389160156,407.5966928036644,415.0111389160156,102676900,0.0,0.0,0.0
2022-03-18,413.4029213586048,419.8776656161691,412.6667255275147,419.5567626953125,106345500,0.0,0.0,0.0
2022-03-21,419.3868116069883,421.3877523283893,415.93234592986585,419.43402099609375,88349800,0.0,0.0,0.0
2022-03-22,420.82152925763495,425.2764662267554,420.82152925763495,424.3420715332031,74650400,0.0,0.0,0.0
2022-03-23,421.81246957458256,423.30372739490633,418.79216338171153,418.8771057128906,79426100,0.0,0.0,0.0
2022-03-24,420.8969665486931,425.200884406194,419.7832397355188,425.1914367675781,64736900,0.0,0.0,0.0
2022-03-25,425.8237756229709,427.5415750381884,423.2470765001447,427.2678527832031,77101300,0.0,0.0,0.0
2022-03-28,426.6733606985077,430.3071594238281,424.7856760415913,430.3071594238281,68529800,0.0,0.0,0.0
2022-03-29,434.1862023802521,436.1210958334144,431.5056944584846,435.6302795410156,86581500,0.0,0.0,0.0
2022-03-30,434.4882852945164,435.30000450918726,430.83562083793777,432.9403991699219,79666900,0.0,0.0,0.0
2022-03-31,432.1758994727404,432.9970375414447,425.823831381212,426.2768859863281,121699900,0.0,0.0,0.0
2022-04-01,427.8530688001301,427.99463935727147,423.9172632927216,427.4849853515625,89048800,0.0,0.0,0.0
2022-04-04,427.68314952394616,431.25087129409127,426.862011555196,431.1470336914063,59601000,0.0,0.0,0.0
2022-04-05,429.65578083151576,432.1191947658273,424.559039502361,425.7010803222656,74214500,0.0,0.0,0.0
2022-04-06,421.7936733149173,423.7190907497015,418.5657201739074,421.4444274902344,106898000,0.0,0.0,0.0
2022-04-07,420.5666126114327,425.3802132507673,418.6223001216418,423.5680236816406,78097200,0.0,0.0,0.0
2022-04-08,422.8129864370016,425.3236101154736,420.8969879460332,422.4354553222656,79272700,0.0,0.0,0.0
2022-04-11,419.1697295398988,420.0097628914947,414.7148221783834,415.2150573730469,89770500,0.0,0.0,0.0
2022-04-12,418.1975577653763,420.717628922996,412.1286597899485,413.6765747070313,84363600,0.0,0.0,0.0
2022-04-13,413.4311571589825,419.1697044984065,413.2518248542716,418.4146423339844,74070400,0.0,0.0,0.0
2022-04-14,418.6411619179989,419.7549175134308,413.1008132674667,413.2046508789063,97869500,0.0,0.0,0.0
2022-04-18,412.27962102654936,415.0545188062128,411.1469991069338,413.3744812011719,66002500,0.0,0.0,0.0
2022-04-19,413.2706773585074,420.7647857423862,413.1007926978209,420.0474853515625,77821000,0.0,0.0,0.0
2022-04-20,421.82193478222695,422.4354264021452,418.57511557097627,419.7360229492188,65224400,0.0,0.0,0.0
2022-04-21,423.35104208749806,424.7384914494255,412.5534836472507,413.4595642089844,85417300,0.0,0.0,0.0
2022-04-22,412.3740611145033,413.4783402567791,401.5481909244776,402.114501953125,132471800,0.0,0.0,0.0
2022-04-25,399.87766866932645,404.6157465127213,395.3188943584106,404.4458618164063,119647700,0.0,0.0,0.0
2022-04-26,401.9162615672227,402.1144891433886,392.7043824228615,392.7326965332031,103996300,0.0,0.0,0.0
2022-04-27,393.80869150273776,399.169736833569,391.70394193167726,393.8370056152344,122030000,0.0,0.0,0.0
2022-04-28,398.5751573273392,405.5124037214935,394.1485348093446,403.78515625,105449100,0.0,0.0,0.0
2022-04-29,399.8020720492202,401.95403088704296,388.11730223189977,388.8629455566406,145491100,0.0,0.0,0.0
2022-05-02,388.929072135393,392.56287045835074,382.2749671742883,391.2037353515625,158312500,0.0,0.0,0.0
2022-05-03,391.7039501067172,395.4037953011167,390.1465874755705,392.99700927734375,100028200,0.0,0.0,0.0
2022-05-04,393.6576359549688,405.5311852675608,390.47689280324255,404.9648742675781,144247900,0.0,0.0,0.0
2022-05-05,400.7081751004019,401.1329155913623,386.4467339742489,390.5713195800781,172929100,0.0,0.0,0.0
2022-05-06,388.0135688560758,391.5057680258936,382.9451403977338,388.2400817871094,151770800,0.0,0.0,0.0
2022-05-09,382.35045035687074,383.5868812355381,374.23340232624,375.80963134765625,155586100,0.0,0.0,0.0
2022-05-10,381.7747515433738,383.2754573000264,372.64781289944233,376.6780090332031,132497200,0.0,0.0,0.0
2022-05-11,375.71521640762944,381.3499546680365,369.9483264327751,370.6939697265625,142361000,0.0,0.0,0.0
2022-05-12,367.5038855005772,373.57278480387015,363.52086969331447,370.3070983886719,125090800,0.0,0.0,0.0
2022-05-13,374.4315896864937,380.5382491972758,373.39335762056186,379.1602478027344,104174400,0.0,0.0,0.0
2022-05-16,377.51804786382434,381.2839693671578,375.27169861489534,377.6218566894531,78622400,0.0,0.0,0.0
2022-05-17,383.70016285890136,385.625608984084,379.9719747013643,385.3896484375,83029700,0.0,0.0,0.0
2022-05-18,380.8403727574415,381.1235139294289,368.6176032998475,369.8540344238281,117674500,0.0,0.0,0.0
2022-05-19,366.79595164216687,372.005979027499,365.3707407010665,367.5887756347656,98510700,0.0,0.0,0.0
2022-05-20,371.1659719805041,374.7336946022532,359.1697448163897,367.749267578125,131432200,0.0,0.0,0.0
2022-05-23,370.7695124155736,375.3943621595535,368.4571163473613,374.6298522949219,76414900,0.0,0.0,0.0
2022-05-24,370.5146628553773,372.9592105064328,365.2291411864955,371.7699890136719,91448800,0.0,0.0,0.0
2022-05-25,370.278726265349,377.01777330975807,369.8823286767236,375.0545654296875,91472900,0.0,0.0,0.0
2022-05-26,376.2815483589209,384.1815022465309,376.0739019416365,382.5486450195313,82168300,0.0,0.0,0.0
2022-05-27,385.0026651402334,392.0531673410909,384.80446634850006,391.9399108886719,84768700,0.0,0.0,0.0
2022-05-31,390.3259307298854,393.0725149914447,387.0036165514885,389.7407531738281,95937000,0.0,0.0,0.0
2022-06-01,391.8550043373775,392.8648936661983,384.0777245169053,386.5883483886719,86585800,0.0,0.0,0.0
2022-06-02,386.4278338799512,393.9974369297573,384.1814851394755,393.95025634765625,79609600,0.0,0.0,0.0
2022-06-03,389.2405180200075,390.7884330558125,386.5128290364629,387.4849853515625,71874300,0.0,0.0,0.0
2022-06-06,391.48684319664267,393.2140616458855,387.4943805595861,388.6647644042969,57508900,0.0,0.0,0.0
2022-06-07,385.18203491181913,392.8460295110228,384.71953261443264,392.3929748535156,59272400,0.0,0.0,0.0
2022-06-08,390.68466633668567,392.4685422465297,387.3340374358183,388.1268615722656,64350000,0.0,0.0,0.0
2022-06-09,386.352312221375,388.6175274447086,378.8959655761719,378.8959655761719,86289800,0.0,0.0,0.0
2022-06-10,372.70437142833873,373.55382355387263,367.862456867888,367.9096374511719,132893900,0.0,0.0,0.0
2022-06-13,358.5184359528124,360.3683584476511,352.3362527688543,353.9407958984375,170004900,0.0,0.0,0.0
2022-06-14,355.68695837561785,356.7157429736958,349.77849666174114,352.8742980957031,104011800,0.0,0.0,0.0
2022-06-15,356.1682125540914,362.3409474596305,351.2224895627162,357.9049072265625,125666800,0.0,0.0,0.0
2022-06-16,349.70293778443306,350.1087829653544,343.63401132773026,346.0596923828125,134473300,0.0,0.0,0.0
2022-06-17,346.474006989018,350.14245020385545,343.30795986691686,346.8057556152344,111113900,0.0,0.0,0.0
2022-06-21,352.521725834006,356.92005638665404,352.4458760894664,355.5361022949219,76811900,0.0,0.0,0.0
2022-06-22,351.31777542093766,358.9959259866764,350.9006886988741,354.8914489746094,90059400,0.0,0.0,0.0
2022-06-23,357.0243625508475,359.1002793406204,353.46966494173824,358.3703918457031,79292100,0.0,0.0,0.0
2022-06-24,361.53641078181903,369.7738317116263,361.5079743602973,369.7643432617188,98050300,0.0,0.0,0.0
2022-06-27,370.683832618729,370.9776852889989,367.2618578134948,368.3519592285156,66009600,0.0,0.0,0.0
2022-06-28,369.9065529188097,372.68394948048416,360.7117242850401,360.8254699707031,86548900,0.0,0.0,0.0
2022-06-29,361.3752782573753,362.36109348225904,358.7116273894593,360.5316162109375,65676000,0.0,0.0,0.0
2022-06-30,356.64516179349505,360.834977987892,353.156825579061,357.6025695800781,112508300,0.0,0.0,0.0
2022-07-01,356.94850998659183,361.8208293565842,354.33224330989844,361.384765625,74839700,0.0,0.0,0.0
2022-07-05,356.3039239194396,362.0862376429184,353.4791138897527,362.0672607421875,81438000,0.0,0.0,0.0
2022-07-06,362.2094276989218,365.7736135029027,359.8301699411462,363.2900695800781,70426200,0.0,0.0,0.0
2022-07-07,365.06263643850446,369.5273277554807,363.3089801388069,368.7310791015625,64525900,0.0,0.0,0.0
2022-07-08,367.1006548819058,370.29516685698064,365.5745188691098,368.4277648925781,72397800,0.0,0.0,0.0
2022-07-11,365.7546798643806,366.7215471684093,363.52706364959664,364.2190551757813,58366900,0.0,0.0,0.0
2022-07-12,363.6692023712076,366.0484888665309,359.2518953418649,360.9960632324219,62219200,0.0,0.0,0.0
2022-07-13,355.56449960571507,362.0293155270296,355.1474128412304,359.1002197265625,84224600,0.0,0.0,0.0
2022-07-14,354.1521398256336,359.30882348190096,351.7160090447136,358.22821044921875,89704800,0.0,0.0,0.0
2022-07-15,362.6264957021304,365.1858892356065,360.7211976903377,365.0721435546875,79060400,0.0,0.0,0.0
2022-07-18,368.1528836213448,368.825898190188,360.8349458407432,362.0577697753906,63203600,0.0,0.0,0.0
2022-07-19,365.97264856832055,372.4090283274704,365.31861090466685,371.84027099609375,78506000,0.0,0.0,0.0
2022-07-20,372.02988023942527,375.62250240338216,370.6648741646818,374.2100830078125,71843800,0.0,0.0,0.0
2022-07-21,373.6318507302927,378.068105826219,371.2336162126565,378.0207214355469,64903900,0.0,0.0,0.0
2022-07-22,378.1439131775614,379.3382716136925,372.2952393998938,374.5133666992188,72197300,0.0,0.0,0.0
2022-07-25,375.1390328241593,375.8215358224329,372.7313098957775,374.9684143066406,53631500,0.0,0.0,0.0
2022-07-26,373.328540675696,373.5370840827539,369.64114957187473,370.5321960449219,52946400,0.0,0.0,0.0
2022-07-27,373.8214715482621,381.89776315262577,373.5276188557112,380.1535949707031,82342100,0.0,0.0,0.0
2022-07-28,380.9592441702565,385.61350177770953,377.4140068493156,384.9215393066406,73966600,0.0,0.0,0.0
2022-07-29,386.3529063740456,391.5190777399874,385.5850941133151,390.5332336425781,87003700,0.0,0.0,0.0
2022-08-01,387.8411758992656,391.8793213752261,387.1302364241008,389.3768005371094,69997500,0.0,0.0,0.0
2022-08-02,387.8127450392465,391.4906766053588,385.632542188754,386.8079528808594,63435400,0.0,0.0,0.0
2022-08-03,388.931285023342,394.0310955881913,388.6469207989162,392.86517333984375,67820600,0.0,0.0,0.0
2022-08-04,392.7893284721279,393.4718315474268,390.95985110646615,392.5997619628906,45656600,0.0,0.0,0.0
2022-08-05,388.3245873478551,392.5807353471059,388.26771450946586,391.9361572265625,56814900,0.0,0.0,0.0
2022-08-08,393.62347746477167,395.87004150956847,390.3815808280443,391.4811706542969,53886100,0.0,0.0,0.0
2022-08-09,390.7513209594565,391.2537170647009,388.8554822335221,389.9266357421875,44931800,0.0,0.0,0.0
2022-08-10,396.9696030117307,398.2587881715667,395.0168917661512,398.1165771484375,68665700,0.0,0.0,0.0
2022-08-11,400.9603347598482,402.818277227606,397.37720132659865,398.1165771484375,59489700,0.0,0.0,0.0
2022-08-12,400.0503656332881,404.9605804756404,399.10244636975136,404.8563232421875,61694500,0.0,0.0,0.0
2022-08-15,402.6476415005727,407.0460006197272,402.5907686609456,406.5246276855469,54048300,0.0,0.0,0.0
2022-08-16,405.4535207281274,409.2451978170758,404.64778356108576,407.3209228515625,59289000,0.0,0.0,0.0
2022-08-17,403.7282975362389,407.1313242254354,402.42965277199465,404.42974853515625,63563400,0.0,0.0,0.0
2022-08-18,404.6288399076743,406.2876987703884,403.3396834770453,405.605224609375,49023200,0.0,0.0,0.0
2022-08-19,402.8467196760706,403.1121358999802,399.2825341593999,400.1546325683594,68016900,0.0,0.0,0.0
2022-08-22,395.3296712046477,395.50031863762473,390.9218529286444,391.8223876953125,77695600,0.0,0.0,0.0
2022-08-23,391.3958862975145,393.7846615275958,390.3247328241149,390.8745422363281,49105200,0.0,0.0,0.0
2022-08-24,390.647043122878,393.4908012724624,389.9645689380533,392.1258239746094,49177800,0.0,0.0,0.0
2022-08-25,393.614017515164,397.7090360070508,392.5239160597197,397.6616516113281,50942300,0.0,0.0,0.0
2022-08-26,397.5478603350803,398.088152311537,384.1442685177949,384.2011413574219,103087000,0.0,0.0,0.0
2022-08-29,381.253229200124,384.7036410897511,380.30530971322975,381.6608276367188,65370800,0.0,0.0,0.0
2022-08-30,382.81725710753153,383.05423695854176,375.3760840001701,377.4709777832031,85652400,0.0,0.0,0.0
2022-08-31,379.1012790591029,380.3430507669573,374.465969698621,374.5986633300781,76029700,0.0,0.0,0.0
2022-09-01,372.42798580847113,376.1153764284115,369.7264103214383,375.7741394042969,78740100,0.0,0.0,0.0
2022-09-02,379.4331073038288,380.6464427581479,370.0012994170037,371.8118286132813,99632100,0.0,0.0,0.0
2022-09-06,372.6555609471726,373.5939919026862,368.1908686419599,370.4089965820313,76637400,0.0,0.0,0.0
2022-09-07,370.0961115930664,377.8311362647998,369.8781086762223,377.0633239746094,70964200,0.0,0.0,0.0
2022-09-08,374.79781566335777,379.98290632149366,373.59393967123,379.5279235839844,80821700,0.0,0.0,0.0
2022-09-09,381.7649972904449,386.28659071940456,381.4995810521483,385.4239807128906,76706900,0.0,0.0,0.0
2022-09-12,387.4904302585194,390.2868036201907,387.1870891554379,389.5663757324219,69256300,0.0,0.0,0.0
2022-09-13,380.90245439610015,382.1063305943667,371.5085982382981,372.6271362304688,122947100,0.0,0.0,0.0
2022-09-14,373.9257465690702,375.5656574561683,370.7502109658769,374.0489807128906,85023700,0.0,0.0,0.0
2022-09-15,372.4943947202488,375.3381528851013,368.53209861998994,369.8023071289063,87633800,0.0,0.0,0.0
2022-09-16,365.6295206827052,367.63783250475103,363.6973120856197,366.9810791015625,103084800,0.0,0.0,0.0
2022-09-19,363.8401119198844,369.8269958496094,363.7639505998914,369.8269958496094,73278500,0.0,0.0,0.0
2022-09-20,366.5051690967704,367.51408871168167,362.83118428153335,365.5819091796875,77274900,0.0,0.0,0.0
2022-09-21,367.50452437829694,370.55033777024784,359.1952150060502,359.2047424316406,106746600,0.0,0.0,0.0
2022-09-22,358.4337956869669,360.07091552367,355.44511739669144,356.1875305175781,89472600,0.0,0.0,0.0
2022-09-23,352.7228790149844,352.76095967141856,345.7841825636604,350.2196350097656,122346900,0.0,0.0,0.0
2022-09-26,348.75391014864755,352.3707890222306,345.5367765894628,346.7550964355469,92581200,0.0,0.0,0.0
2022-09-27,350.2862710344236,352.5515910179344,343.4808127042095,345.869873046875,108294100,0.0,0.0,0.0
2022-09-28,346.82164844241146,354.3599916328385,345.1274223526463,352.67529296875,110802200,0.0,0.0,0.0
2022-09-29,349.1345668445761,349.4200991606359,342.367189530678,345.30828857421875,112952300,0.0,0.0,0.0
2022-09-30,344.36596930372804,348.2779362644351,339.83535868204586,339.9685974121094,153711200,0.0,0.0,0.0
2022-10-03,343.6806581182504,350.79070306991537,341.9007722856018,348.9441833496094,89756500,0.0,0.0,0.0
2022-10-04,354.45525951637643,359.78541969158493,348.9062008769613,359.7568664550781,103602800,0.0,0.0,0.0
2022-10-05,355.3975589353477,361.1750432151708,353.0751323104993,358.91925048828125,88065700,0.0,0.0,0.0
2022-10-06,357.5200770483229,360.4707038397252,354.72174385776447,355.2167053222656,82333500,0.0,0.0,0.0
2022-10-07,351.19048666130027,355.3023262947486,343.5474284997668,345.30828857421875,107789500,0.0,0.0,0.0
2022-10-10,346.4218372860806,346.65979052642246,340.4349546729392,342.67169189453125,76042800,0.0,0.0,0.0
2022-10-11,340.9774934330555,345.5366860181765,338.5694076088321,340.5015869140625,92482800,0.0,0.0,0.0
2022-10-12,340.9110051762944,342.4814914166193,339.13108978708493,339.3785705566406,76991800,0.0,0.0,0.0
2022-10-13,332.38265512986965,349.8008528442018,331.3356548770357,348.3350524902344,147254500,0.0,0.0,0.0
2022-10-14,350.7907569397952,352.41837848921915,339.7592450066515,340.39697265625,123737000,0.0,0.0,0.0
2022-10-17,346.4695416802724,350.24824134925336,340.06382821256403,349.1441345214844,93168200,0.0,0.0,0.0
2022-10-18,357.0536821558411,357.3582693441276,349.81036876588746,353.2464294433594,97162900,0.0,0.0,0.0
2022-10-19,351.2095737934234,353.9317748856679,347.9353337780581,350.7431945800781,79746900,0.0,0.0,0.0
2022-10-20,350.2958396474553,354.71226720130164,347.0406254550052,347.8020935058594,88283100,0.0,0.0,0.0
2022-10-21,347.5260408349085,356.7395859020458,346.02218871676973,356.2541809082031,131038400,0.0,0.0,0.0
2022-10-24,357.77704931693273,361.7460937798273,355.1309809456278,360.6134338378906,85436900,0.0,0.0,0.0
2022-10-25,360.5373587338452,366.6860643599622,360.4231457883191,366.3719787597656,78846300,0.0,0.0,0.0
2022-10-26,363.23094435236135,368.9037428227225,362.97396524839513,363.6116638183594,104087300,0.0,0.0,0.0
2022-10-27,364.6111129190357,366.44810554176166,361.0513115703601,361.6700134277344,81971800,0.0,0.0,0.0
2022-10-28,361.5652980348159,370.75029017440346,361.3844511918501,370.2743835449219,100302000,0.0,0.0,0.0
2022-10-31,367.81868945232327,369.68423516133385,366.6955568655642,367.5997619628906,96631300,0.0,0.0,0.0
2022-11-01,371.3404256632253,371.5783789695517,364.8204992604764,365.9912109375,85407600,0.0,0.0,0.0
2022-11-02,365.4010855031739,369.90317244332704,356.7015278683844,356.80621337890625,126990400,0.0,0.0,0.0
2022-11-03,353.5700280593983,356.1684883869256,351.0191758170607,353.1322021484375,87100100,0.0,0.0,0.0
2022-11-04,358.8335775577456,360.61346359996287,352.170885136249,358.21490478515625,103505200,0.0,0.0,0.0
2022-11-07,359.50936758378657,362.2315685306912,357.43442171013305,361.6414489746094,68286900,0.0,0.0,0.0
2022-11-08,362.745493209243,366.5622732100706,359.5188617569453,363.5926208496094,84641100,0.0,0.0,0.0
2022-11-09,361.6223414792032,362.774056235681,355.60687575970667,356.1018371582031,78495500,0.0,0.0,0.0
2022-11-10,369.351119187772,376.0043135418382,367.0572748219786,375.6711730957031,141455800,0.0,0.0,0.0
2022-11-11,376.5277909851231,380.1066180137116,374.6431903387215,379.3070983886719,93839900,0.0,0.0,0.0
2022-11-14,377.5461223188323,380.8964933934233,375.8042883812814,376.080322265625,71903500,0.0,0.0,0.0
2022-11-15,381.8197900048712,382.9238966019307,375.48071175885616,379.2879638671875,93194500,0.0,0.0,0.0
2022-11-16,377.6604299906343,378.61224316456577,375.76633106956126,376.39453125,68508500,0.0,0.0,0.0
2022-11-17,371.6449756187588,375.9186366580597,371.3404174691277,375.2428283691406,74496300,0.0,0.0,0.0
2022-11-18,378.57412543802,378.640759324959,374.1006213867655,376.946533203125,92922500,0.0,0.0,0.0
2022-11-21,375.623596860498,376.746729530004,373.7389961588423,375.5759887695313,51243200,0.0,0.0,0.0
2022-11-22,377.5176776993283,380.7919174617573,376.1089836932025,380.6300964355469,60429000,0.0,0.0,0.0
2022-11-23,380.2969278986437,383.5140609545508,380.068502040436,383.0286560058594,68261600,0.0,0.0,0.0
2022-11-25,382.4670560829331,383.4950305265415,382.191051189936,382.9429626464844,30545400,0.0,0.0,0.0
2022-11-28,379.8591567063179,381.4962767023725,376.07092941217024,376.8323974609375,67881600,0.0,0.0,0.0
2022-11-29,376.9655843317997,378.1553507626501,374.348098183929,376.1851196289063,52310000,0.0,0.0,0.0
2022-11-30,376.4325818837763,388.0351867675781,374.5194571611336,388.0351867675781,144566700,0.0,0.0,0.0
2022-12-01,389.07263892248426,390.2433795179694,385.2463606338978,387.7496337890625,76398200,0.0,0.0,0.0
2022-12-02,382.8668240269508,388.20648163886,382.7621385272809,387.3022766113281,85342700,0.0,0.0,0.0
2022-12-05,384.48497335823737,385.4177317516839,378.9834939436765,380.3350524902344,77289800,0.0,0.0,0.0
2022-12-06,380.1732617355015,380.7157732131678,372.76815579992063,374.85260009765625,77972200,0.0,0.0,0.0
2022-12-07,374.005504706076,376.5754121268759,373.0822446819997,374.21490478515625,65927900,0.0,0.0,0.0
2022-12-08,376.0994521400108,378.212449392276,374.3195371968257,377.14642333984375,60737900,0.0,0.0,0.0
2022-12-09,375.9090843451082,378.45993659247966,374.205330689029,374.3290710449219,81447700,0.0,0.0,0.0
2022-12-12,375.11908962319546,379.7258911132813,374.45283780553007,379.7258911132813,75405800,0.0,0.0,0.0
2022-12-13,390.45276931962,390.70974839855415,379.84005911089247,382.6003112792969,123782500,0.0,0.0,0.0
2022-12-14,382.257673780074,385.9602409589763,377.21307559103866,380.1541748046875,108111300,0.0,0.0,0.0
2022-12-15,375.2999318308924,376.2041659865488,369.1988348015829,370.85498046875,117705900,0.0,0.0,0.0
2022-12-16,368.302907769073,369.6415593936089,364.34432159505855,366.4765930175781,119858000,0.0,0.0,0.0
2022-12-19,366.6678340994925,367.00250429400353,361.705237421516,363.3689880371094,79878100,0.0,0.0,0.0
2022-12-20,362.61367325179793,365.48222528681765,361.2941346468216,363.86627197265625,74427200,0.0,0.0,0.0
2022-12-21,366.4575070608886,370.4352358837999,365.92204637130624,369.3069458007813,78167400,0.0,0.0,0.0
2022-12-22,366.2662256920997,369.28777027212345,358.34902428686854,364.038330078125,100120900,0.0,0.0,0.0
2022-12-23,363.0152768784984,366.2758680636911,361.4662633516657,366.1324462890625,59857300,0.0,0.0,0.0
2022-12-27,366.01764723973866,366.3618594408892,363.0152157544233,364.68853759765625,51638200,0.0,0.0,0.0
2022-12-28,364.621643600066,366.5914095493633,359.92680568793685,360.1562805175781,70911500,0.0,0.0,0.0
2022-12-29,362.9960715854847,367.509260424504,362.4701529714114,366.6391296386719,66970900,0.0,0.0,0.0
2022-12-30,363.9618527124626,365.8168226274327,361.8486652893112,365.6734008789063,84022200,0.0,0.0,0.0
2023-01-03,367.52838265402187,369.4981190554035,361.2749320892196,364.1339416503906,74850700,0.0,0.0,0.0
2023-01-04,366.3905568832152,368.9722652057651,363.34989894273167,366.9451599121094,85934100,0.0,0.0,0.0
2023-01-05,364.9946084832628,365.1093459103761,362.1643116195798,362.7571411132813,76970500,0.0,0.0,0.0
2023-01-06,365.8455090657922,372.1945841873677,362.7857380848977,371.0758361816406,104189600,0.0,0.0,0.0
2023-01-09,373.2655401902277,376.4496492237872,370.6838609207569,370.8655090332031,73978100,0.0,0.0,0.0
2023-01-10,370.2821986713312,373.5332179494703,369.3451279864,373.4662780761719,65358100,0.0,0.0,0.0
2023-01-11,375.0439652697671,378.2662998599008,374.2312032407618,378.1897888183594,68881100,0.0,0.0,0.0
2023-01-12,379.289500125456,381.02973273660194,375.22571833967487,379.5667724609375,90157700,0.0,0.0,0.0
2023-01-13,376.3730941204777,381.61299228704434,376.1053638013344,381.0392761230469,63903900,0.0,0.0,0.0
2023-01-17,381.0201591163604,382.69348088927234,379.6623651812431,380.34124755859375,62677300,0.0,0.0,0.0
2023-01-18,381.52697849057256,382.5883286998047,374.1356658339176,374.3364562988281,99632300,0.0,0.0,0.0
2023-01-19,372.2997525257694,373.94439001524745,370.29178966269103,371.611328125,86958900,0.0,0.0,0.0
2023-01-20,373.00734634342695,378.68708106087394,371.3627088632837,378.5340881347656,91806400,0.0,0.0,0.0
2023-01-23,379.3372757234957,385.0074392135379,378.3810918291715,383.0759582519531,84178800,0.0,0.0,0.0
2023-01-24,381.40265563212273,383.57318267652687,380.2169968812223,382.6648254394531,59524900,0.0,0.0,0.0
2023-01-25,378.6009940622238,383.1428671935605,376.31570073269967,382.8081970214844,84800300,0.0,0.0,0.0
2023-01-26,385.4663982164665,387.1779754700334,382.5022224600164,387.0154113769531,72287400,0.0,0.0,0.0
2023-01-27,385.97315181927854,390.2759788703347,385.7627902184548,387.9046325683594,68346200,0.0,0.0,0.0
2023-01-30,385.1509087422322,387.3788338334304,382.7413355345612,383.0377502441406,74202000,0.0,0.0,0.0
2023-01-31,383.5540574493801,388.7174447402499,383.2098160670996,388.6696472167969,86811800,0.0,0.0,0.0
2023-02-01,387.4553193407529,395.5446571758706,384.7206470447407,392.8003845214844,101459200,0.0,0.0,0.0
2023-02-02,396.68239430758535,399.9812400651867,394.7891690731477,398.5182800292969,101654500,0.0,0.0,0.0
2023-02-03,393.5557615392747,398.7000360298581,393.0776695484089,394.282470703125,94736800,0.0,0.0,0.0
2023-02-06,391.8345763914126,393.2688521236934,390.21862339860974,391.872802734375,60295300,0.0,0.0,0.0
2023-02-07,390.95495684586416,398.2410744328294,389.7119292880348,396.998046875,90990700,0.0,0.0,0.0
2023-02-08,395.0281759104938,396.3668272519061,391.9683764040565,392.6568298339844,76227500,0.0,0.0,0.0
2023-02-09,396.252234432662,396.40522738183785,388.0290457920925,389.2529602050781,78694900,0.0,0.0,0.0
2023-02-10,388.0768126828916,390.5437836705012,387.2640796514173,390.1613159179688,70769700,0.0,0.0,0.0
2023-02-13,390.81146193268944,394.8752432701656,390.3524831825662,394.7413635253906,64913500,0.0,0.0,0.0
2023-02-14,393.221042148993,396.864100329501,390.6106788806823,394.5597229003906,88389300,0.0,0.0,0.0
2023-02-15,392.3701118499811,395.9175463340548,391.5286652576529,395.841064453125,61555700,0.0,0.0,0.0
2023-02-16,390.87847129038914,394.8179447595729,390.25695751731473,390.3908081054688,76431500,0.0,0.0,0.0
2023-02-17,388.26803395095567,389.6545122847336,386.3460949650578,389.41546630859375,89257800,0.0,0.0,0.0
2023-02-21,385.39953691428894,386.4513451946088,381.34532592151567,381.6034851074219,82655900,0.0,0.0,0.0
2023-02-22,382.01461731866567,383.5540887169433,379.62415734279705,381.07757568359375,83742300,0.0,0.0,0.0
2023-02-23,383.965204449082,384.577176151522,378.88787027584414,383.1046447753906,96242400,0.0,0.0,0.0
2023-02-24,378.0942481460913,379.84405183245593,376.3922419822525,379.0121765136719,108194400,0.0,0.0,0.0
2023-02-27,382.3492579579314,383.7070519585176,379.365968807818,380.3030395507813,80444700,0.0,0.0,0.0
2023-02-28,379.82499112745273,381.785156708453,378.7922960384065,378.8974914550781,96438600,0.0,0.0,0.0
2023-03-01,378.0847173960627,379.30863174384257,376.1436650512144,377.4440612792969,99706800,0.0,0.0,0.0
2023-03-02,375.4742885040699,381.2209631061389,375.1396183015111,380.3795166015625,85127800,0.0,0.0,0.0
2023-03-03,382.1962660076362,386.7285976253681,381.5460679461616,386.47998046875,90120000,0.0,0.0,0.0
2023-03-06,387.3022850157021,389.59714976739536,386.3078747490803,386.7477111816406,72795900,0.0,0.0,0.0
2023-03-07,386.699921017692,386.9389670021749,380.20742390861926,380.8193664550781,108310600,0.0,0.0,0.0
2023-03-08,380.93414163742426,382.1962822868647,379.21299300204765,381.44091796875,74746600,0.0,0.0,0.0
2023-03-09,382.2249589763906,383.88873887527785,373.418513056316,374.40338134765625,111945300,0.0,0.0,0.0
2023-03-10,373.8583785171061,375.9333106680976,367.4806474809918,369.0009765625,189253000,0.0,0.0,0.0
2023-03-13,365.0805347641921,373.28460811867615,363.9713580532645,368.4749755859375,157790000,0.0,0.0,0.0
2023-03-14,373.3898317252391,376.21058604424246,370.0909854321958,374.5659484863281,149752400,0.0,0.0,0.0
2023-03-15,368.9818486133687,372.42408758364206,366.8973453679593,372.2232971191406,172996900,0.0,0.0,0.0
2023-03-16,369.871070213234,379.0982391870772,369.3642939038433,378.7539978027344,143254200,0.0,0.0,0.0
2023-03-17,377.4256197444262,378.55821591341066,372.94318572096427,374.3253479003906,140553400,0.0,0.0,0.0
2023-03-20,375.1027709061093,378.3374331198012,374.4021114765073,377.9246826171875,93055800,0.0,0.0,0.0
2023-03-21,381.28408976671983,383.3669404738883,379.6907633119906,382.8870239257813,91524200,0.0,0.0,0.0
2023-03-22,382.7143506832372,386.3233040523079,376.3218572494295,376.3602294921875,111746600,0.0,0.0,0.0
2023-03-23,379.2204571484992,383.2517678978039,374.6708576136584,377.3775939941406,119351300,0.0,0.0,0.0
2023-03-24,376.10105243097433,379.94038538264834,373.7590569871103,379.85400390625,107682400,0.0,0.0,0.0
2023-03-27,382.1288028794633,382.8966870426311,379.6716321408978,380.5642700195313,74010400,0.0,0.0,0.0
2023-03-28,379.8731466835087,380.564227707631,377.8767066648121,379.7099914550781,62871700,0.0,0.0,0.0
2023-03-29,383.8660584843338,385.46899270747423,382.6662670661032,385.2290344238281,77497900,0.0,0.0,0.0
2023-03-30,387.8589998974814,388.10856590647154,385.6226013974357,387.4846801757813,69840000,0.0,0.0,0.0
2023-03-31,388.4061147934353,393.24368242982905,388.3005179073783,392.9461364746094,112062600,0.0,0.0,0.0
2023-04-03,392.4278257842298,394.8465950024576,392.03429064106433,394.4434814453125,67391100,0.0,0.0,0.0
2023-04-04,395.0865256835199,395.3744932102715,390.8824517022873,392.2550354003906,66601500,0.0,0.0,0.0
2023-04-05,391.5255427585898,392.2838191469049,389.577082640603,391.2279968261719,65200200,0.0,0.0,0.0
2023-04-06,390.4313714897771,393.0325407601975,389.3851567329968,392.7541809082031,63743300,0.0,0.0,0.0
2023-04-10,390.277787817443,393.2340906618624,389.6635097627265,393.15728759765625,63681000,0.0,0.0,0.0
2023-04-11,393.7812271299072,394.6642573806665,392.4950539964702,393.2629089355469,59297900,0.0,0.0,0.0
2023-04-12,395.3264818376402,395.61444936283374,391.0744279375137,391.659912109375,86420400,0.0,0.0,0.0
2023-04-13,392.7445207254535,397.2173467130726,391.6023169352439,396.8622131347656,85814800,0.0,0.0,0.0
2023-04-14,396.2287697684171,398.4171884519207,393.5892282764297,395.892822265625,78161500,0.0,0.0,0.0
2023-04-17,395.8064093482449,397.3325406110166,394.577824032139,397.3133544921875,66436400,0.0,0.0,0.0
2023-04-18,398.8874765900454,399.0218673008723,396.1999552913603,397.572509765625,63560000,0.0,0.0,0.0
2023-04-19,395.6624782963843,398.4075874340768,395.60489064257166,397.50537109375,55227300,0.0,0.0,0.0
2023-04-20,394.693049912546,397.0830547892666,393.79080425161,395.3361511230469,75840400,0.0,0.0,0.0
2023-04-21,395.63361128968654,396.1039201394264,393.6947589557848,395.6432189941406,73457400,0.0,0.0,0.0
2023-04-24,395.44169241406223,396.4783287303984,394.1075394245126,396.0559997558594,64332100,0.0,0.0,0.0
2023-04-25,394.088292257947,394.6450119030647,389.7114553215701,389.76904296875,97766700,0.0,0.0,0.0
2023-04-26,390.3833857943013,391.4583943618871,387.56147365849546,388.1181640625,80447000,0.0,0.0,0.0
2023-04-27,390.65211692803183,396.11357024267807,390.402550919768,395.8448181152344,92968400,0.0,0.0,0.0
2023-04-28,394.9617272106124,399.2329963765921,394.904139565875,399.223388671875,89433100,0.0,0.0,0.0
2023-05-01,398.781971998598,400.8456078888088,398.58999360759657,398.82037353515625,62122300,0.0,0.0,0.0
2023-05-02,398.1099666648256,398.1579758951747,391.4391441559721,394.33782958984375,103998500,0.0,0.0,0.0
2023-05-03,394.83697342513307,397.2461641447407,391.3911757317852,391.6311340332031,91531800,0.0,0.0,0.0
2023-05-04,390.584896203044,390.9112359586152,387.5230261150929,388.8572082519531,94901900,0.0,0.0,0.0
2023-05-05,392.48541888407567,397.102214486308,392.2262744508848,396.0559997558594,87891800,0.0,0.0,0.0
2023-05-08,396.3823322476967,396.6414766761157,394.76021173712985,396.16156005859375,50046800,0.0,0.0,0.0
2023-05-09,394.6162337304968,395.53766541370464,394.1939047732381,394.42425537109375,49220100,0.0,0.0,0.0
2023-05-10,397.2557473304781,397.8892407221348,392.44697389350114,396.2671203613281,96142900,0.0,0.0,0.0
2023-05-11,395.4032868637811,395.8639880395315,393.5028066384593,395.5760498046875,70157100,0.0,0.0,0.0
2023-05-12,396.8142503993596,397.0254148728848,392.63897016343816,395.0577392578125,70481500,0.0,0.0,0.0
2023-05-15,395.6624693691357,396.8238594172024,393.75241054660967,396.4207458496094,54289400,0.0,0.0,0.0
2023-05-16,395.31683206708055,396.2382928995072,393.76190718855895,393.7715148925781,57705500,0.0,0.0,0.0
2023-05-17,395.7871896224144,399.15618392738526,394.1458832024653,398.551513671875,87287000,0.0,0.0,0.0
2023-05-18,398.23477512417634,402.8131980774416,398.0140322425111,402.390869140625,97177200,0.0,0.0,0.0
2023-05-19,403.29314851307697,403.8210450825171,400.5864117249465,401.8053894042969,103793300,0.0,0.0,0.0
2023-05-22,401.8245672616326,403.50427528786696,400.586374286309,401.9685363769531,60745400,0.0,0.0,0.0
2023-05-23,400.3272283937197,401.9013689419868,397.0638012887145,397.4573364257813,86383500,0.0,0.0,0.0
2023-05-24,395.85444497777297,396.238372422446,393.4164603018304,394.5778503417969,89213700,0.0,0.0,0.0
2023-05-25,398.0812240048889,399.4442000783956,395.8448254698012,397.9948425292969,90961600,0.0,0.0,0.0
2023-05-26,398.6475192492727,403.86901432087706,398.5707454798897,403.1491394042969,93830000,0.0,0.0,0.0
2023-05-30,405.0783398182929,405.6062362776454,401.92048089068174,403.3026428222656,72216000,0.0,0.0,0.0
2023-05-31,401.4789748516719,402.3812202796991,399.5017210732584,401.0662536621094,110811800,0.0,0.0,0.0
2023-06-01,401.2966428186588,405.93265339027886,400.048871425913,404.8768310546875,88865000,0.0,0.0,0.0
2023-06-02,407.44919955900986,411.5188830151562,406.921303007744,410.7318420410156,91426200,0.0,0.0,0.0
2023-06-05,411.0773899248413,412.3635629860605,409.2441048720611,409.9447937011719,65460200,0.0,0.0,0.0
2023-06-06,409.53204325524,411.3652988856477,408.8793344192004,410.83740234375,64022200,0.0,0.0,0.0
2023-06-07,411.2309384070294,412.3635345526036,408.9945106484148,409.4168395996094,85373300,0.0,0.0,0.0
2023-06-08,409.4840283285931,412.344341762355,408.71617349799953,411.8932189941406,61952800,0.0,0.0,0.0
2023-06-09,412.689850828952,414.63831094166113,411.6436362158996,412.63226318359375,85742800,0.0,0.0,0.0
2023-06-12,413.6113457890231,416.4524439304632,412.89147087099775,416.3756408691406,76104300,0.0,0.0,0.0
2023-06-13,417.8345546921649,419.7637993166204,417.1722675057486,419.1207275390625,95899700,0.0,0.0,0.0
2023-06-14,419.4568093227502,421.4244561033135,416.1741661608515,419.6199645996094,100612100,0.0,0.0,0.0
2023-06-15,418.8040313332803,426.0699761048304,418.7080714411939,424.82220458984375,110303100,0.0,0.0,0.0
2023-06-16,426.80488011436864,427.3732818174655,422.9031271521805,423.3751831054688,114165800,0.0,0.0,0.0
2023-06-20,421.4387558395076,422.3250661429266,419.1073181445954,421.1786193847656,76160400,0.0,0.0,0.0
2023-06-21,420.1959468611093,420.9955547817965,418.4329109170005,419.0205993652344,76982300,0.0,0.0,0.0
2023-06-22,418.0668439684426,420.6391018260277,417.72964857046975,420.53314208984375,70637200,0.0,0.0,0.0
2023-06-23,417.0841009173784,419.1361444036858,416.6409458444642,417.3538513183594,92074500,0.0,0.0,0.0
2023-06-26,416.7855154988048,418.7026693868189,415.407862497876,415.6487121582031,72823600,0.0,0.0,0.0
2023-06-27,416.5253768197751,420.82212620155866,416.0725783167209,420.20556640625,72813700,0.0,0.0,0.0
2023-06-28,419.1265918933675,421.4291288943605,418.5100320148264,420.4175720214844,75636000,0.0,0.0,0.0
2023-06-29,420.0031925590313,422.2382840858477,419.5985816622902,422.0744934082031,67882300,0.0,0.0,0.0
2023-06-30,425.2827088718478,428.0380149404403,424.9647708481831,427.0553588867188,104964000,0.0,0.0,0.0
2023-07-03,426.7085093216887,427.82602579498047,426.4291155030701,427.5466613769531,32793400,0.0,0.0,0.0
2023-07-05,425.7354497315169,427.6429894132442,425.7258063379871,426.9107971191406,58418400,0.0,0.0,0.0
2023-07-06,423.3366648166022,423.9917688689175,421.063028622468,423.56787109375,80658300,0.0,0.0,0.0
2023-07-07,422.5755624788719,426.4388005460157,422.2576244540767,422.49847412109375,86134200,0.0,0.0,0.0
2023-07-10,422.1420304499508,423.74127580161087,421.5736287515659,423.56787109375,62443500,0.0,0.0,0.0
2023-07-11,424.3289390845196,426.7566930521444,423.3558970583311,426.2653503417969,64463800,0.0,0.0,0.0
2023-07-12,430.0515200243212,431.1016209821125,428.6256794960012,429.6950378417969,91924500,0.0,0.0,0.0
2023-07-13,431.50622355890425,433.8954626517325,431.0727118327768,433.10546875,72425200,0.0,0.0,0.0
2023-07-14,433.991813962652,434.83958003816,432.07463074719146,432.8357238769531,69815800,0.0,0.0,0.0
2023-07-17,432.6912196663996,435.3887239970372,432.6430320958501,434.338623046875,52680200,0.0,0.0,0.0
2023-07-18,434.01103608987984,438.2114395521847,433.5774949928172,437.5659790039063,80668200,0.0,0.0,0.0
2023-07-19,438.3559839057652,439.7239933832524,437.4889016897744,438.5390319824219,65891700,0.0,0.0,0.0
2023-07-20,437.5467302165197,438.442683807428,434.9166416038705,435.6295471191406,70591600,0.0,0.0,0.0
2023-07-21,437.3443953535996,437.5467302165197,435.6199331260899,435.6295471191406,71275600,0.0,0.0,0.0
2023-07-24,436.7760157789645,438.38490436691495,435.7451722274282,437.5756530761719,54023400,0.0,0.0,0.0
2023-07-25,437.3059692057472,440.0227313093904,437.25778162836633,438.7703247070313,55191200,0.0,0.0,0.0
2023-07-26,437.8357951870991,440.2635492538146,436.7856941637762,438.8377380371094,71052900,0.0,0.0,0.0
2023-07-27,442.2192452897237,442.6238856658941,435.0226560753175,435.9282531738281,92194400,0.0,0.0,0.0
2023-07-28,439.1941631701477,441.0246146496096,435.9282277689279,440.1961059570313,80011800,0.0,0.0,0.0
2023-07-31,440.6681445610236,441.3906934903752,439.35790721415856,441.03424072265625,62040400,0.0,0.0,0.0
2023-08-01,439.5698819163366,440.5140231570704,438.8184321616605,439.772216796875,55291500,0.0,0.0,0.0
2023-08-02,436.660370149276,436.92047716007846,432.90312187918494,433.6545715332031,93933400,0.0,0.0,0.0
2023-08-03,431.6410971149184,434.29044314301314,430.995607146359,432.4118041992188,64276100,0.0,0.0,0.0
2023-08-04,434.2230076857938,436.3232095269525,429.9358722590493,430.45611572265625,100128900,0.0,0.0,0.0
2023-08-07,432.28658168791264,434.36752621178806,431.59293351328745,434.21337890625,58357500,0.0,0.0,0.0
2023-08-08,431.6796442603791,434.2037733620173,428.9724964679823,432.32513427734375,71361300,0.0,0.0,0.0
2023-08-09,432.5948828332173,432.7586735355105,428.6738433785323,429.4349365234375,78789600,0.0,0.0,0.0
2023-08-10,431.7856591547792,435.167197948671,428.4234071509756,429.589111328125,93005500,0.0,0.0,0.0
2023-08-11,427.7200594884635,430.3501481391964,427.1227570858758,429.3385620117188,68690900,0.0,0.0,0.0
2023-08-14,428.4233633029166,431.7085266113281,428.1150686990038,431.7085266113281,47867400,0.0,0.0,0.0
2023-08-15,429.9358583347008,430.2923404930472,426.1111649328765,426.6795959472656,75707500,0.0,0.0,0.0
2023-08-16,426.2653457520146,427.9223925566891,423.4425948477228,423.548583984375,80107200,0.0,0.0,0.0
2023-08-17,425.012913286652,425.273020314269,419.8009235363625,420.3211669921875,95711300,0.0,0.0,0.0
2023-08-18,417.5080258452247,421.5543115245304,417.1612164787308,420.5234680175781,98852000,0.0,0.0,0.0
2023-08-21,421.5350602162778,424.00135836533855,419.3867000805202,423.2595520019531,68719000,0.0,0.0,0.0
2023-08-22,425.032225506542,425.032225506542,421.5543703601319,422.1131286621094,64994200,0.0,0.0,0.0
2023-08-23,423.17280782729074,427.431042301619,423.0283039267051,426.814453125,68441000,0.0,0.0,0.0
2023-08-24,428.413697258841,428.9242973068176,420.8702702588112,420.8992004394531,88517300,0.0,0.0,0.0
2023-08-25,422.6236931625658,425.1477928046301,419.0783933508206,423.8664855957031,102325100,0.0,0.0,0.0
2023-08-28,426.0533657437924,427.1709115909124,423.8664616174519,426.5543518066406,61595400,0.0,0.0,0.0
2023-08-29,426.4483889303442,432.999517120143,426.26534084235647,432.7201232910156,83081900,0.0,0.0,0.0
2023-08-30,433.057282576268,435.13822692888783,432.3539910652405,434.50238037109375,69053900,0.0,0.0,0.0
2023-08-31,435.11898360214246,436.2557869248091,433.6835290574293,433.8665771484375,66084600,0.0,0.0,0.0
2023-09-01,436.5833209067049,437.06502016743536,433.2210400744053,434.67578125,58944100,0.0,0.0,0.0
2023-09-05,434.232664090542,434.5505726941325,432.7297646178386,432.7971801757813,55166200,0.0,0.0,0.0
2023-09-06,431.9879277285903,432.093916863234,427.5659316686508,429.8877258300781,70758500,0.0,0.0,0.0
2023-09-07,426.8915071469469,429.2422019046553,426.5446977895423,428.5678405761719,70355400,0.0,0.0,0.0
2023-09-08,428.61607641541775,430.7451793135571,428.25962359995947,429.21337890625,61659700,0.0,0.0,0.0
2023-09-11,431.8337674259448,432.34436749416994,430.12856253408137,432.0361022949219,60180100,0.0,0.0,0.0
2023-09-12,430.59102153155527,432.11317840274216,429.0881220484013,429.6661376953125,67565400,0.0,0.0,0.0
2023-09-13,429.8876899365114,431.3231443270165,428.78940150844926,430.1670837402344,60199300,0.0,0.0,0.0
2023-09-14,432.6334271290332,434.5698383708397,431.332833106535,433.8761901855469,83430800,0.0,0.0,0.0
2023-09-15,432.2935551441486,432.6222625307114,428.2136712808251,428.6487121582031,111848900,0.0,0.0,0.0
2023-09-18,428.3393267614431,430.1955896700722,427.86560575276553,428.9000854492188,55752200,0.0,0.0,0.0
2023-09-19,427.9816479077142,428.5714093634932,425.3326338226848,428.0106506347656,66514600,0.0,0.0,0.0
2023-09-20,429.2675002876334,429.6832158729015,423.8727570723084,424.0758056640625,82562600,0.0,0.0,0.0
2023-09-21,421.233389771168,421.4944142931869,416.9118067697351,417.0664978027344,104095800,0.0,0.0,0.0
2023-09-22,418.0913196169548,419.6865285568745,415.712978065788,416.1287231445313,100829700,0.0,0.0,0.0
2023-09-25,414.92017485715184,417.9172211836111,414.485104517223,417.8785705566406,70874500,0.0,0.0,0.0
2023-09-26,414.8428197503268,415.54859200929735,410.90794984146544,411.7394104003906,96168400,0.0,0.0,0.0
2023-09-27,412.9092550416893,413.4700137261174,408.2686420542666,411.9037780761719,104705800,0.0,0.0,0.0
2023-09-28,411.3527373620953,415.964347748709,410.7629759370553,414.2917785644531,92258300,0.0,0.0,0.0
2023-09-29,417.3371969608053,417.5112133076614,411.7684378270295,413.2863159179688,115111300,0.0,0.0,0.0
2023-10-02,412.454856073705,414.3691244055631,410.36657139466814,413.1219482421875,83798600,0.0,0.0,0.0
2023-10-03,410.94664397430034,413.1799422139496,406.2286708865281,407.59185791015625,103760600,0.0,0.0,0.0
2023-10-04,408.0559363281981,411.30435944495287,406.5960637049735,410.5599365234375,87453000,0.0,0.0,0.0
2023-10-05,410.2699077129364,411.2463819980621,407.1858528256416,410.4052734375,70142700,0.0,0.0,0.0
2023-10-06,407.95932437186144,416.81518828263125,406.6348172249464,415.2779846191406,113273300,0.0,0.0,0.0
2023-10-09,413.3830108074734,418.5070521455923,412.8319589906931,417.9366455078125,80374400,0.0,0.0,0.0
2023-10-10,418.5650575162268,422.70294712015226,418.1686672417201,420.1119384765625,78607300,0.0,0.0,0.0
2023-10-11,421.17540990507433,422.0841718346621,418.797068320578,421.8328247070313,62451700,0.0,0.0,0.0
2023-10-12,422.4419089154139,422.8189443567332,416.91182957643576,419.2611389160156,81154200,0.0,0.0,0.0
2023-10-13,420.7596289275812,421.9584770278049,415.6066149426829,417.1728210449219,95143100,0.0,0.0,0.0
2023-10-16,419.4157827397426,422.6255551040407,419.1740835467255,421.5620727539063,75433200,0.0,0.0,0.0
2023-10-17,418.4393454760135,423.5923892481788,418.09131276942526,421.5427551269531,75324700,0.0,0.0,0.0
2023-10-18,419.77349041439385,420.7306097718711,414.8428210042976,415.9256286621094,93559800,0.0,0.0,0.0
2023-10-19,416.64111990263626,418.4490253157197,411.59443909771255,412.2711791992188,121323000,0.0,0.0,0.0
2023-10-20,411.8361348739324,412.3775387523352,407.0988066814596,407.2051696777344,123919900,0.0,0.0,0.0
2023-10-23,405.6776368923659,410.3569598965053,403.92773684712256,406.4994201660156,92035100,0.0,0.0,0.0
2023-10-24,408.6167373232907,410.7146997498694,406.77015155265934,409.564208984375,78564200,0.0,0.0,0.0
2023-10-25,407.8819596802007,407.9109624071266,403.173633977692,403.68603515625,94223200,0.0,0.0,0.0
2023-10-26,402.6225823087564,403.4733388003184,397.9336114254036,398.85205078125,115156800,0.0,0.0,0.0
2023-10-27,400.43756406837696,400.833954292058,395.6229054415524,397.0440979003906,107367700,0.0,0.0,0.0
2023-10-30,399.8284803456642,402.8448816266276,398.5329761803426,401.79107666015625,86562700,0.0,0.0,0.0
2023-10-31,402.361504611754,404.63348310254605,400.4569136434261,404.314453125,79665200,0.0,0.0,0.0
2023-11-01,405.2812038082296,409.4384179741357,404.7494479004914,408.6263122558594,98068100,0.0,0.0,0.0
2023-11-02,412.4161644286976,416.612088488878,412.3968391143164,416.4573974609375,94938900,0.0,0.0,0.0
2023-11-03,418.7583433483626,421.80374710012615,418.6326550547102,420.2568664550781,100167800,0.0,0.0,0.0
2023-11-06,421.0110278768362,421.66844265759465,419.28045324415575,421.2237243652344,67831700,0.0,0.0,0.0
2023-11-07,421.2237277176419,423.0606358569916,420.0829145000172,422.4225463867188,64256100,0.0,0.0,0.0
2023-11-08,423.02196085453033,423.5440394282341,420.4309523105621,422.73193359375,61746000,0.0,0.0,0.0
2023-11-09,423.8727442351021,423.91142437106953,419.00975716373983,419.4351501464844,83174400,0.0,0.0,0.0
2023-11-10,421.5040718428815,426.2896982135309,419.4254351571336,425.9803161621094,89462200,0.0,0.0,0.0
2023-11-13,424.64619358239656,426.6764433760795,423.86309048956497,425.5743103027344,52236100,0.0,0.0,0.0
2023-11-14,431.5007352713821,435.11654569788686,431.27836139592864,433.8307189941406,97176900,0.0,0.0,0.0
2023-11-15,435.1649221132853,436.3927730128096,433.8984205823122,434.7492065429688,77327600,0.0,0.0,0.0
2023-11-16,434.30444014118734,435.5999442544,433.2409578081633,435.2809143066406,66665800,0.0,0.0,0.0
2023-11-17,435.29057073108856,436.4314133493685,434.3721314970017,435.82232666015625,83133200,0.0,0.0,0.0
2023-11-20,435.5709613361329,440.01823251916,435.5612839267532,439.1771240234375,69936200,0.0,0.0,0.0
2023-11-21,438.1329625324768,439.05143128536895,436.95346926764,438.219970703125,49244600,0.0,0.0,0.0
2023-11-22,439.8732451207241,441.22675482120695,438.8194400859089,439.9118957519531,59394900,0.0,0.0,0.0
2023-11-24,439.9601812765508,440.3758967764509,439.63147393912095,440.1825256347656,29737400,0.0,0.0,0.0
2023-11-27,439.5541094227885,440.3662151022708,439.0030282281884,439.3897705078125,50506000,0.0,0.0,0.0
2023-11-28,439.0030764411284,441.1203637861366,438.44234728096177,439.8248596191406,62115000,0.0,0.0,0.0
2023-11-29,441.9711751961111,443.10234049536746,439.1191421839662,439.5155029296875,63146000,0.0,0.0,0.0
2023-11-30,440.35662667945024,441.5941254302393,438.287667320312,441.2460632324219,79752700,0.0,0.0,0.0
2023-12-01,440.6369952391435,444.3881717849613,440.0472633152973,443.8564453125,89183400,0.0,0.0,0.0
2023-12-04,440.4726537072012,443.8757680204174,439.2544802266773,441.5264587402344,72430900,0.0,0.0,0.0
2023-12-05,440.14388801429857,442.3965114095888,439.7668231281598,441.43939208984375,69793500,0.0,0.0,0.0
2023-12-06,443.57606849081975,443.6050712166776,439.225482586349,439.6605529785156,69124700,0.0,0.0,0.0
2023-12-07,441.7391409339485,443.6630571746833,441.1397316230239,443.0153198242188,66995400,0.0,0.0,0.0
2023-12-08,442.2708177730895,445.4515872323263,442.0291185939075,444.91986083984375,83194400,0.0,0.0,0.0
2023-12-11,444.4268611503367,446.8245280398024,444.2141646560752,446.6504821777344,65002200,0.0,0.0,0.0
2023-12-12,446.3024099023236,448.7870847504341,445.30661038207074,448.6903991699219,68327600,0.0,0.0,0.0
2023-12-13,449.0674710273743,455.1293063163757,448.7097609043121,454.8779296875,93278000,0.0,0.0,0.0
2023-12-14,456.8114895469167,458.0006602364905,453.6693999362765,456.3377685546875,119026000,0.0,0.0,0.0
2023-12-15,455.7417439978948,456.91633245678577,453.7420700974645,455.58642578125,141553700,0.0,0.0,0.0
2023-12-18,457.1881698520897,459.1296032853033,456.13009218585904,458.149169921875,70375300,0.0,0.0,0.0
2023-12-19,458.6927360266488,461.0127630324847,458.6150917294133,460.9350891113281,55761800,0.0,0.0,0.0
2023-12-20,460.0808885777092,461.9640813854923,454.1207033179656,454.5478210449219,102921000,0.0,0.0,0.0
2023-12-21,457.52788134560456,459.1295875723286,455.1108062836296,458.8577880859375,86667500,0.0,0.0,0.0
2023-12-22,459.98374941589714,461.45925759296136,457.8870276491879,459.7799072265625,67160400,0.0,0.0,0.0
2023-12-26,460.18759438735214,462.62407274345054,460.1099204752376,461.7213134765625,55387000,0.0,0.0,0.0
2023-12-27,461.51747852635486,462.7017539013479,460.98359627385656,462.55615234375,68000300,0.0,0.0,0.0
2023-12-28,462.91536504878167,463.5657286208665,462.3135254600746,462.7309265136719,77158100,0.0,0.0,0.0
2023-12-29,462.5367960308314,463.0609913493408,459.4402073535901,461.391357421875,122283100,0.0,0.0,0.0
2024-01-02,458.3335624378489,459.7993540123723,456.7124526493962,458.8092041015625,123623700,0.0,0.0,0.0
2024-01-03,456.65427697187073,457.39203118698566,454.4604772449057,455.0623168945313,103585900,0.0,0.0,0.0
2024-01-04,454.5865557790852,457.1686653982138,453.3731600721968,453.596435546875,84232200,0.0,0.0,0.0
2024-01-05,453.8002817612887,456.6639075045455,452.7713245626224,454.21771240234375,86118900,0.0,0.0,0.0
2024-01-08,454.71281340697016,460.8477500166702,454.5866154970485,460.7021484375,74879100,0.0,0.0,0.0
2024-01-09,458.052084815237,461.0224755494377,457.54732279549,460.0032348632813,65931400,0.0,0.0,0.0
2024-01-10,460.275022232607,463.4686883884697,459.9935061021224,462.604736328125,67310600,0.0,0.0,0.0
2024-01-11,463.6045580641455,464.119036700077,458.4306513904914,462.40087890625,77940700,0.0,0.0,0.0
2024-01-12,463.847256832393,464.5850109920546,461.31370050606375,462.7212219238281,58026400,0.0,0.0,0.0
2024-01-16,461.3427834891872,462.6532272077025,459.2071951071508,461.0224304199219,85014900,0.0,0.0,0.0
2024-01-17,458.0035093314712,458.9451056102245,456.1106001283949,458.4597473144531,68843900,0.0,0.0,0.0
2024-01-18,460.1294153145847,463.0900892897804,458.5859793739224,462.5367736816406,91856200,0.0,0.0,0.0
2024-01-19,463.662771314668,468.5843115147551,462.5852901238366,468.30279541015625,110834500,0.0,0.0,0.0
2024-01-22,469.83656769535,471.0111265282756,468.6425755704272,469.29296875,75844900,0.0,0.0,0.0
2024-01-23,469.8365966379768,470.9043613024555,468.74939868030367,470.6616821289063,49945300,0.0,0.0,0.0
2024-01-24,473.525295727068,474.4571754342008,470.6811029978881,471.1761779785156,81765000,0.0,0.0,0.0
2024-01-25,473.30196574868353,474.0105994997861,471.1761237432126,473.7388000488281,72525000,0.0,0.0,0.0
2024-01-26,473.3117152908374,474.79691054106985,472.29247468488353,473.1369934082031,76641600,0.0,0.0,0.0
2024-01-29,473.4475958586122,477.029542315143,472.9039969579279,476.8839111328125,61322800,0.0,0.0,0.0
2024-01-30,476.1947226231299,477.2236798269538,475.7578883130134,476.51507568359375,58618400,0.0,0.0,0.0
2024-01-31,474.31152767890586,474.7580490082776,468.7201907326481,468.7396240234375,126011100,0.0,0.0,0.0
2024-02-01,470.43842101293257,474.9037235864103,469.6327095934461,474.8746032714844,91891600,0.0,0.0,0.0
2024-02-02,475.311399216602,481.5239798187347,474.971642466127,479.873779296875,99228200,0.0,0.0,0.0
2024-02-05,479.2427820799248,479.9028622372628,475.8743943997294,478.1264343261719,75757100,0.0,0.0,0.0
2024-02-06,479.0680669349689,479.8446580236344,477.6411122849623,479.5146179199219,55918600,0.0,0.0,0.0
2024-02-07,481.75692144262655,483.93131701939416,480.8541325434168,483.513916015625,70556500,0.0,0.0,0.0
2024-02-08,483.513949705615,484.1060726186496,482.69855130751233,483.7275085449219,52343600,0.0,0.0,0.0
2024-02-09,484.2323170511552,486.96002861938376,483.8925602799828,486.5232238769531,63979400,0.0,0.0,0.0
2024-02-12,486.49406987855394,488.75582660767503,485.5912808921892,486.30963134765625,56502300,0.0,0.0,0.0
2024-02-13,480.0484370645988,482.5334689735337,476.3500095116949,479.6116027832031,113099200,0.0,0.0,0.0
2024-02-14,482.2423403647749,484.4555731763151,479.92231331563113,483.97021484375,68387800,0.0,0.0,0.0
2024-02-15,484.6691282661458,487.4939172946228,484.1934569596569,487.3094787597656,61683000,0.0,0.0,0.0
2024-02-16,487.0085622942672,488.1442842020213,484.144936285217,484.8826904296875,75532900,0.0,0.0,0.0
2024-02-20,483.14510603430045,483.8149029118612,479.9708731626724,482.2132263183594,71736700,0.0,0.0,0.0
2024-02-21,480.9124629140013,482.8053426352379,479.1069145137689,482.6500244140625,59293400,0.0,0.0,0.0
2024-02-22,489.25094105413393,493.5997329784438,488.2899113619232,492.63873291015625,76402500,0.0,0.0,0.0
2024-02-23,494.3568250348437,495.1916567031526,492.25038663284334,492.9784240722656,61321800,0.0,0.0,0.0
2024-02-26,493.4152350521733,493.8520693709636,491.0466841824756,491.1728820800781,50386700,0.0,0.0,0.0
2024-02-27,491.8620813041637,492.308602616629,489.9691722068436,492.0853271484375,48854500,0.0,0.0,0.0
2024-02-28,490.53220860244136,492.0174038220213,490.17304819868775,491.43499755859375,56506600,0.0,0.0,0.0
2024-02-29,493.19197313484807,494.8130532117829,490.55162288856457,493.20166015625,83924800,0.0,0.0,0.0
2024-03-01,494.0753617325155,498.2591184201671,493.6676477127876,497.8320007324219,76844800,0.0,0.0,0.0
2024-03-04,497.0360730146448,499.1425115484434,497.0069230762816,497.2981262207031,49799300,0.0,0.0,0.0
2024-03-05,495.2984852488147,495.7450362651965,490.1245782125844,492.3280944824219,72855600,0.0,0.0,0.0
2024-03-06,495.5994069813958,497.0749153474701,493.53180526259257,494.8228454589844,68382400,0.0,0.0,0.0
2024-03-07,498.113569398496,500.78304025779806,494.8810662776538,499.7346496582031,58652100,0.0,0.0,0.0
2024-03-08,500.36560770630734,503.04473579557066,496.1623881738849,496.735107421875,86532500,0.0,0.0,0.0
2024-03-11,495.5314524357439,496.8904498381802,493.6094227797772,496.3080139160156,62557200,0.0,0.0,0.0
2024-03-12,498.41440902025136,502.2293178339327,495.90022716452177,501.64691162109375,73114400,0.0,0.0,0.0
2024-03-13,501.9673185575223,502.1420404607562,499.424045441815,500.8606872558594,55104100,0.0,0.0,0.0
2024-03-14,501.8313823905043,501.986730240812,496.832226949847,499.8705749511719,110171800,0.0,0.0,0.0
2024-03-15,496.8081640582688,498.2590460217431,494.7730662340284,496.4381408691406,107646300,0.0,0.0,0.0
2024-03-18,500.4985887866016,501.9396941096388,498.9795682095847,499.3885192871094,88893300,0.0,0.0,0.0
2024-03-19,498.6971800566581,502.4460268329335,497.69420694089,502.1636657714844,60755300,0.0,0.0,0.0
2024-03-20,502.22213711517423,506.9447169695436,501.5502591703246,506.8083801269531,69594600,0.0,0.0,0.0
2024-03-21,509.6419290067136,510.34298796408666,508.2007643189091,508.4831848144531,60256100,0.0,0.0,0.0
2024-03-22,508.3954886770838,508.8823549532907,507.2854193036717,507.5191650390625,79070800,0.0,0.0,0.0
2024-03-25,506.146338064152,507.2661546465524,505.9613264400668,506.1171569824219,48512100,0.0,0.0,0.0
2024-03-26,507.5386367689601,507.87947884663447,504.7830162330491,505.1822204589844,65463700,0.0,0.0,0.0
2024-03-27,508.006122629369,509.4667217205324,505.8444050698442,509.427734375,82999800,0.0,0.0,0.0
2024-03-28,509.4667201458648,510.829910300913,509.04802220619024,509.3303833007813,96294900,0.0,0.0,0.0
2024-04-01,510.0703595668687,510.605900605306,507.2854391895369,508.4441833496094,62477500,0.0,0.0,0.0
2024-04-02,504.62724203503336,505.3477947483364,502.9134629158643,505.2115173339844,74230300,0.0,0.0,0.0
2024-04-03,504.1208688391064,507.266065898289,504.0721940901131,505.7664794921875,59155800,0.0,0.0,0.0
2024-04-04,509.7685667902679,510.1093494656175,499.2911933332161,499.5930480957031,96858100,0.0,0.0,0.0
2024-04-05,500.9465048519071,506.7694068986325,500.5083132867227,504.8121948242188,74546500,0.0,0.0,0.0
2024-04-08,505.5133007732254,506.516214442084,504.2863881936749,505.0945434570313,48401800,0.0,0.0,0.0
2024-04-09,506.8277997844284,507.0712329255352,500.8393207404325,505.6788024902344,68049200,0.0,0.0,0.0
2024-04-10,499.9922143304957,502.60181066009386,498.6387711363,500.6154174804688,82652800,0.0,0.0,0.0
2024-04-11,502.1345483814096,505.83472132078697,498.6291338981967,504.39361572265625,70099000,0.0,0.0,0.0
2024-04-12,500.85886371567153,502.2707879594682,495.70780962230026,497.4313354492188,92561100,0.0,0.0,0.0
2024-04-15,501.5989519571189,501.7644698822578,490.3523209615631,491.1994934082031,92101400,0.0,0.0,0.0
2024-04-16,491.6765860412786,493.19560665785394,489.0182851042901,490.3036193847656,73484000,0.0,0.0,0.0
2024-04-17,492.7573849272521,492.9229325491744,486.00942494137024,487.40185546875,75910300,0.0,0.0,0.0
2024-04-18,488.7943295112607,490.88784877913054,485.4641507516637,486.39892578125,74548100,0.0,0.0,0.0
2024-04-19,486.3210783246666,487.31427501412566,480.8876330360681,482.1535034179688,102212600,0.0,0.0,0.0
2024-04-22,484.7533807670464,489.1838827819534,482.41642801907807,486.59375,67961000,0.0,0.0,0.0
2024-04-23,488.5995792337359,492.7963646750655,486.4086807205422,492.367919921875,64633600,0.0,0.0,0.0
2024-04-24,493.2540640735244,494.0427852311199,489.9141678416356,492.13427734375,55928100,0.0,0.0,0.0
2024-04-25,486.0678630419317,491.02415872515365,484.4222524660216,490.2646484375,69122400,0.0,0.0,0.0
2024-04-26,493.0495906841402,496.4868661502573,492.4166703311319,494.909423828125,64306100,0.0,0.0,0.0
2024-04-29,496.6912896486231,497.33395677101214,493.9258924563797,496.6620788574219,46415400,0.0,0.0,0.0
2024-04-30,495.20149000874,496.1752226900087,488.7943420410156,488.7943420410156,77483600,0.0,0.0,0.0
2024-05-01,488.2100967940072,494.841213980312,486.7397509352648,487.2071533203125,80242800,0.0,0.0,0.0
2024-05-02,490.9073012018536,492.6016161908802,486.4281251448712,491.7641906738281,62550200,0.0,0.0,0.0
2024-05-03,497.73321224009646,499.0866852455328,495.2015012680421,497.85980224609375,72756700,0.0,0.0,0.0
2024-05-06,500.2551349869788,503.039996024656,499.8169434203136,503.0010681152344,47264700,0.0,0.0,0.0
2024-05-07,503.9651645293329,504.9486442034007,502.8843353443803,503.5562133789063,52561300,0.0,0.0,0.0
2024-05-08,501.7254700555243,504.14030789046143,501.6086268978288,503.6047668457031,42047200,0.0,0.0,0.0
2024-05-09,503.7897771689901,506.5454570669787,503.1373929681529,506.5064697265625,43643700,0.0,0.0,0.0
2024-05-10,508.103397108136,508.9116117935208,505.941739299708,507.1589050292969,52233200,0.0,0.0,0.0
2024-05-13,508.83382527628623,508.94092162392354,506.0878915638067,507.2271423339844,36716400,0.0,0.0,0.0
2024-05-14,507.4218746415022,510.07045870728615,506.8863334989738,509.5543518066406,57535900,0.0,0.0,0.0
2024-05-15,512.0178797101214,516.1562436643347,511.3849296855296,515.8641357421875,59504900,0.0,0.0,0.0
2024-05-16,515.9614786446474,517.558414507879,514.6566506998298,514.802734375,50244800,0.0,0.0,0.0
2024-05-17,514.9195824580145,515.6109540647997,513.4687302561026,515.5427856445312,59187600,0.0,0.0,0.0
2024-05-20,515.6595992673854,517.5973177042522,515.2700824401487,516.13671875,37764200,0.0,0.0,0.0
2024-05-21,515.3772666864285,517.5584184029028,515.1727614260365,517.402587890625,33437000,0.0,0.0,0.0
2024-05-22,516.7113097871478,517.4221156794935,513.7413773413039,515.912841796875,48390000,0.0,0.0,0.0
2024-05-23,518.9605990872589,519.0676954201629,510.93699174891134,512.1444702148438,57211200,0.0,0.0,0.0
2024-05-24,513.9848806494027,516.3413570270269,513.040388276308,515.5331420898438,41291100,0.0,0.0,0.0
2024-05-28,516.3413100648252,516.5749964273494,513.2642811397658,515.8933715820312,36269600,0.0,0.0,0.0
2024-05-29,511.8718716025252,513.4590608844294,511.57001679975457,512.2808227539062,45190300,0.0,0.0,0.0
2024-05-30,510.7424009672022,511.4045322089782,507.6361906313772,508.8825378417969,46377600,0.0,0.0,0.0
2024-05-31,509.8367164200918,513.6439850215788,504.7440541264526,513.5173950195312,90785800,0.0,0.0,0.0
2024-06-03,515.1240197883811,515.4063808363203,508.8726139393969,513.93603515625,46835700,0.0,0.0,0.0
2024-06-04,512.631323194632,515.2506664560023,511.17072418863216,514.5106201171875,34632700,0.0,0.0,0.0
2024-06-05,516.8282099211538,520.6452260973251,514.8417568472363,520.625732421875,47610400,0.0,0.0,0.0
2024-06-06,520.9273852180837,521.3558298882758,518.6878123914988,520.6157836914062,30808500,0.0,0.0,0.0
2024-06-07,519.6420681166458,522.787264555686,518.5514924537447,519.98291015625,43224500,0.0,0.0,0.0
2024-06-10,519.1747616812378,521.9109480214009,518.5807990347079,521.589599609375,35686100,0.0,0.0,0.0
2024-06-11,520.0413486344055,522.9041247005574,518.0743898707741,522.845703125,36383400,0.0,0.0,0.0
2024-06-12,527.4028804771598,529.8274655446977,526.1077992631506,527.1399536132812,63251300,0.0,0.0,0.0
2024-06-13,528.8829186945259,529.0581834417079,525.4164327979901,528.2012939453125,44760900,0.0,0.0,0.0
2024-06-14,526.6725282080745,528.5518251182958,525.6695550365463,528.5226440429688,40089900,0.0,0.0,0.0
2024-06-17,527.8410888070123,534.1216772051151,527.3834034899254,532.7291870117188,55839500,0.0,0.0,0.0
2024-06-18,532.7875604635906,534.2092316077063,532.3688625324717,534.0826416015625,41376400,0.0,0.0,0.0
2024-06-20,535.0076850141029,535.669816103357,530.8595742964317,532.6317749023438,70328200,0.0,0.0,0.0
2024-06-21,531.810221745453,533.0313142277637,530.4621308750893,531.9176635742188,64338600,0.0,0.0,0.0
2024-06-24,531.7418545665156,534.3012597413704,530.0713785197397,530.1885986328125,45528700,0.0,0.0,0.0
2024-06-25,531.4097461795637,532.5917853363576,529.8956032092343,532.2303466796875,37936200,0.0,0.0,0.0
2024-06-26,531.1166134619692,533.6076301716555,530.4719028733521,532.89453125,38550600,0.0,0.0,0.0
2024-06-27,532.7578061070262,534.3110621107577,532.0153722749866,533.7346801757812,35041500,0.0,0.0,0.0
2024-06-28,534.5064116818106,537.5543137581463,530.3938098387125,531.6343994140625,76144500,0.0,0.0,0.0
2024-07-01,533.0117876323043,533.2560061424955,529.9737236752046,532.728515625,40297800,0.0,0.0,0.0
2024-07-02,531.1264605772033,536.3136596679688,531.0776287968915,536.3136596679688,40434800,0.0,0.0,0.0
2024-07-03,536.0010708200014,539.068469909586,535.9620173191718,538.70703125,32789900,0.0,0.0,0.0
2024-07-05,539.009913325583,542.2140297978076,538.3749212261918,541.8135375976562,41488400,0.0,0.0,0.0
2024-07-08,542.5949332840256,543.3861988920726,541.3738407022457,542.4386596679688,36110500,0.0,0.0,0.0
2024-07-09,543.3959524424528,544.2946598471173,542.6730752067231,542.9661254882812,27289700,0.0,0.0,0.0
2024-07-10,544.1872742397521,548.6808713510104,543.8942239279161,548.3389892578125,38701200,0.0,0.0,0.0
2024-07-11,548.4561564855596,549.3255886798729,542.9759074999535,543.61083984375,53054200,0.0,0.0,0.0
2024-07-12,544.7343252522627,550.6346235261244,544.2654447499774,547.0397338867188,53084400,0.0,0.0,0.0
2024-07-15,549.0325043663784,551.7775178290722,546.6879829958002,548.5440673828125,40584300,0.0,0.0,0.0
2024-07-16,549.8530882979716,552.090108393895,549.1008762046278,551.7970581054688,36475300,0.0,0.0,0.0
2024-07-17,545.8772131422685,547.5476892504238,543.7378565645935,544.0602416992188,57119000,0.0,0.0,0.0
2024-07-18,545.5939606590898,546.5806130354061,537.7008012722223,539.8792114257812,56270400,0.0,0.0,0.0
2024-07-19,539.6447995873152,541.2664440605769,535.2390876445896,536.2941284179688,65509100,0.0,0.0,0.0
2024-07-22,540.2113760766848,542.4288993582354,538.277184442637,541.8232421875,43346700,0.0,0.0,0.0
2024-07-23,541.7157018138391,543.8648365993427,540.484890622907,540.9733276367188,34439600,0.0,0.0,0.0
2024-07-24,536.1670544374522,536.4698829953903,527.7952370228695,528.7135009765625,74515300,0.0,0.0,0.0
2024-07-25,528.8306910081631,534.7994361794972,525.0209183627663,525.9586791992188,61158300,0.0,0.0,0.0
2024-07-26,529.7392825093052,534.5357078065754,528.9675138593225,531.8493041992188,53763800,0.0,0.0,0.0
2024-07-29,533.3927359573876,534.3988851266782,530.169004207153,532.161865234375,39515800,0.0,0.0,0.0
2024-07-30,533.6271909452782,534.6822315404584,526.0661958644091,529.4656982421875,46853600,0.0,0.0,0.0
2024-07-31,536.2842643515584,540.6997538692295,534.9166765387299,538.0719604492188,65663400,0.0,0.0,0.0
2024-08-01,539.7913062018092,542.0381046138815,526.9551667505608,530.452392578125,76428700,0.0,0.0,0.0
2024-08-02,523.3601775288013,524.5714915916972,516.3755054864699,520.5761108398438,82789100,0.0,0.0,0.0
2024-08-05,499.80782241877216,511.4717002411795,498.4694800108966,505.4150695800781,146267400,0.0,0.0,0.0
2024-08-06,507.21253555376086,517.4990483238507,505.89377938390135,510.0748291015625,84826300,0.0,0.0,0.0
2024-08-07,516.2486605015515,519.2965627450678,506.0696484137689,506.66552734375,70698300,0.0,0.0,0.0
2024-08-08,511.79405372836936,519.0033889369354,509.77197692780607,518.3782348632812,63276600,0.0,0.0,0.0
2024-08-09,517.5576710131196,522.1489912653111,516.3365783728381,520.6641235351562,45619600,0.0,0.0,0.0
2024-08-12,521.8559471668351,523.3407552909962,518.6713279832952,520.9376831054688,42542100,0.0,0.0,0.0
2024-08-13,524.122235093717,529.739260585726,523.8780165940644,529.5047607421875,52333100,0.0,0.0,0.0
2024-08-14,530.2960824274743,532.3573320967027,527.6292352085552,531.17529296875,42446900,0.0,0.0,0.0
2024-08-15,536.7923373384469,540.5630571909627,536.1866801444643,540.27978515625,60846800,0.0,0.0,0.0
2024-08-16,538.6678476452682,542.1846298407453,538.5115740387317,541.4910278320312,44430700,0.0,0.0,0.0
2024-08-19,541.9013070349608,546.66845703125,541.0514314058853,546.66845703125,39121800,0.0,0.0,0.0
2024-08-20,546.2191462607274,547.8700657821756,544.4412283435015,545.779541015625,33732300,0.0,0.0,0.0
2024-08-21,546.8248931770081,549.1107454289771,541.9014090213768,547.6552124023438,41514600,0.0,0.0,0.0
2024-08-22,549.5502187339081,550.155875826028,542.1454973391976,543.3568115234375,56121500,0.0,0.0,0.0
2024-08-23,546.5903394303513,550.0680084955276,544.4020915801096,549.1301879882812,50639400,0.0,0.0,0.0
2024-08-26,550.1558489432847,550.8689478276912,546.1213548703539,547.8211059570312,35788600,0.0,0.0,0.0
2024-08-27,546.5512887213379,549.0618623501647,545.4083627021253,548.5734252929688,32693900,0.0,0.0,0.0
2024-08-28,548.2315922971716,548.6614193309421,542.2042355425785,545.3888549804688,41066000,0.0,0.0,0.0
2024-08-29,547.3522554939839,550.6443160255352,544.294635177053,545.4375610351562,38715200,0.0,0.0,0.0
2024-08-30,547.8017316610252,551.1524028130747,544.2556737558524,550.6444091796875,62700100,0.0,0.0,0.0
2024-09-03,547.508549729637,547.8407131286382,536.8020487007664,539.3126220703125,60600100,0.0,0.0,0.0
2024-09-04,537.4761456891545,541.6083040829072,536.7532683896355,538.2088012695312,47224900,0.0,0.0,0.0
2024-09-05,538.1501466111926,540.9928237930679,534.4477558926965,536.8997192382812,44264300,0.0,0.0,0.0
2024-09-06,537.2221796738046,538.8437645502386,526.9650009606123,527.8637084960938,68493800,0.0,0.0,0.0
2024-09-09,532.0544335310877,535.043665505135,530.1299607989381,533.773681640625,40445800,0.0,0.0,0.0
2024-09-10,535.678584169421,536.4503527479894,530.8137709847371,536.0986328125,36394600,0.0,0.0,0.0
2024-09-11,536.0108196239122,542.5167747623394,527.4729497044474,541.5985107421875,75248600,0.0,0.0,0.0
2024-09-12,542.1747991721596,546.4632899534062,539.957276313442,546.1604614257812,51819600,0.0,0.0,0.0
2024-09-13,546.7662628583907,550.0094922558702,546.5122660345418,549.0130615234375,39310500,0.0,0.0,0.0
2024-09-16,548.7491334077678,550.0874458768798,546.9517188263792,549.82373046875,36656100,0.0,0.0,0.0
2024-09-17,552.0314851715059,553.477299266029,547.8211605278194,550.0484619140625,49321000,0.0,0.0,0.0
2024-09-18,550.702966140304,555.5385046014119,547.8602888957543,548.4171142578125,59044900,0.0,0.0,0.0
2024-09-19,557.8048475354702,559.6315971955383,554.9426137920285,557.7755126953125,75315500,0.0,0.0,0.0
2024-09-20,556.4095588022268,557.8499393877719,553.7932621282835,556.811279296875,77503100,0.0,0.0,0.0
2024-09-23,557.8794446150124,558.8495067502496,556.6643550711399,558.2027587890625,44116900,0.0,0.0,0.0
2024-09-24,558.9964868304339,559.8587776289324,556.1744550910837,559.7999877929688,46805700,0.0,0.0,0.0
2024-09-25,559.6431398003925,560.3780425284191,557.4579883539482,558.5652465820312,38428600,0.0,0.0,0.0
2024-09-26,562.8179934718497,563.1413674659622,558.428192996937,560.7798461914062,48336000,0.0,0.0,0.0
2024-09-27,561.8479471107624,562.6611965458859,558.9377006949258,559.966552734375,42100900,0.0,0.0,0.0
2024-09-30,558.9376557740085,562.8179640810873,556.6447925339722,562.21044921875,63557400,0.0,0.0,0.0
2024-10-01,561.857759819067,562.5044480240527,554.6066943100618,557.1739501953125,72668800,0.0,0.0,0.0
2024-10-02,556.282242548741,558.4281611024765,553.8913563966638,557.4090576171875,38097800,0.0,0.0,0.0
2024-10-03,555.9391917508498,558.3300776437013,554.1068390984451,556.3899536132812,40846500,0.0,0.0,0.0
2024-10-04,560.8287218708198,561.818400406846,556.6642732473864,561.446044921875,42939100,0.0,0.0,0.0
2024-10-07,559.7999074826037,560.446655391967,555.2239297880301,556.370361328125,49964700,0.0,0.0,0.0
2024-10-08,558.9376805045769,562.2300906410503,558.0656412646009,561.63232421875,37398700,0.0,0.0,0.0
2024-10-09,561.6225357741174,566.0809942856702,561.0248291372598,565.5224609375,37912200,0.0,0.0,0.0
2024-10-10,564.1799758679994,565.9535388259317,562.9257131010544,564.53271484375,44138100,0.0,0.0,0.0
2024-10-11,564.4543586951436,568.6482329129351,564.3171624790748,567.913330078125,42268000,0.0,0.0,0.0
2024-10-14,569.520288010914,573.4888112745962,569.0401610478535,572.5579223632812,36217200,0.0,0.0,0.0
2024-10-15,572.8224268603595,573.1261842726946,566.8941634738084,568.1092529296875,54203600,0.0,0.0,0.0
2024-10-16,568.1093193754714,571.097912292803,567.3058184280349,570.5785522460938,30725400,0.0,0.0,0.0
2024-10-17,574.1157772582931,574.3215715502484,570.4412636582532,570.62744140625,34393700,0.0,0.0,0.0
2024-10-18,572.3128360166068,573.6062719503354,570.8528388827377,572.8223876953125,37416800,0.0,0.0,0.0
2024-10-21,572.0971955701107,573.0770657756304,568.9126174021713,571.8816528320312,36439000,0.0,0.0,0.0
2024-10-22,569.3536780068462,572.7342428128154,568.697181591541,571.5780029296875,34183800,0.0,0.0,0.0
2024-10-23,569.5594810059998,570.0004346494243,562.8571411229607,566.3552856445312,49314600,0.0,0.0,0.0
2024-10-24,568.3052337104026,568.3836400907534,564.9639018539431,567.5801391601562,34979900,0.0,0.0,0.0
2024-10-25,569.8044050522926,572.6950344865168,566.443456997856,567.3840942382812,47268200,0.0,0.0,0.0
2024-10-28,570.8528957024953,570.9802836348513,568.8343651367928,569.1381225585938,30174700,0.0,0.0,0.0
2024-10-29,568.1778099310847,571.1762108700161,566.7864107519835,570.0592041015625,42899700,0.0,0.0,0.0
2024-10-30,569.588797638648,571.5779630983764,567.6290569957021,568.3345947265625,41435800,0.0,0.0,0.0
2024-10-31,563.9742291931302,564.0428273008541,556.9975564307639,557.1935424804688,60182500,0.0,0.0,0.0
2024-11-01,559.8194363018112,563.9642680094805,559.1335152170938,559.5450439453125,45667500,0.0,0.0,0.0
2024-11-04,559.6823835212687,560.9758196621659,556.4586313456186,558.3399658203125,38217000,0.0,0.0,0.0
2024-11-05,559.251198693126,565.1304208425688,559.0356559214524,565.0912475585938,39478300,0.0,0.0,0.0
2024-11-06,577.3397109306703,580.014738259286,573.6064067155438,579.1426391601562,68182000,0.0,0.0,0.0
2024-11-07,581.1415036340469,584.6396478381987,581.0630972629532,583.6205444335938,47233200,0.0,0.0,0.0
2024-11-08,584.1693242787533,587.5695056932594,584.1693242787533,586.148681640625,46444900,0.0,0.0,0.0
2024-11-11,587.7359440369437,588.0886829564369,584.9825111589258,586.7070922851562,37586800,0.0,0.0,0.0
2024-11-12,586.6287817012992,587.2264882691159,582.4055428293386,584.8846435546875,43006100,0.0,0.0,0.0
2024-11-13,585.34525379598,587.1677986284395,582.9837921332622,585.1688842773438,47388600,0.0,0.0,0.0
2024-11-14,585.296183408181,585.7763103260314,580.7202054727688,581.4060668945312,38904100,0.0,0.0,0.0
2024-11-15,577.8492248081469,578.3196033347165,572.1071978105703,573.9591674804688,75988800,0.0,0.0,0.0
2024-11-18,574.4195885423085,577.6237838402152,573.5573576252949,576.310791015625,37001700,0.0,0.0,0.0
2024-11-19,572.9400384688264,579.142574989824,572.2737337790142,578.41748046875,49412000,0.0,0.0,0.0
2024-11-20,578.495884693383,578.8976052377521,572.8616299600318,578.6134643554688,50032600,0.0,0.0,0.0
2024-11-21,581.455141177832,583.1404896221547,575.6249001169805,581.7196655273438,46750300,0.0,0.0,0.0
2024-11-22,581.7098478799927,584.1497754660484,581.2101642027249,583.5226440429688,38226400,0.0,0.0,0.0
2024-11-25,587.4518855330788,588.7648782973704,583.2188384863542,585.501953125,42441400,0.0,0.0,0.0
2024-11-26,586.7463470552605,589.2254477201681,586.0310608458545,588.5591430664062,45621300,0.0,0.0,0.0
2024-11-27,588.3730114334577,588.755115442667,585.2570306878304,586.7758178710938,34000200,0.0,0.0,0.0
2024-11-29,587.5890586237147,591.2047827973582,587.3147260107087,590.4208984375,30177400,0.0,0.0,0.0
2024-12-02,590.8323780737772,592.1552388895445,590.3424429138348,591.4791259765625,31746000,0.0,0.0,0.0
2024-12-03,591.2439870884159,591.9984465923378,590.2151351783115,591.7534790039062,26906600,0.0,0.0,0.0
2024-12-04,593.438872844782,595.6729460981672,592.7725681970518,595.427978515625,42787600,0.0,0.0,0.0
2024-12-05,595.4279904670244,596.2314913306755,594.0953811448159,594.4481201171875,28762200,0.0,0.0,0.0
2024-12-06,595.212464951605,596.8096584526629,594.800936138575,595.5750122070312,31241500,0.0,0.0,0.0
2024-12-09,595.4573535867661,595.6239147831491,591.920036343941,592.5079345703125,34742700,0.0,0.0,0.0
2024-12-10,593.184106485161,593.6054435570935,590.0093361336401,590.6658325195312,37234500,0.0,0.0,0.0
2024-12-11,593.5858806768452,596.1825011825678,593.3114882757061,595.2320556640625,28677700,0.0,0.0,0.0
2024-12-12,594.369747252086,594.9380289691392,592.1650390625,592.1650390625,31543800,0.0,0.0,0.0
2024-12-13,594.1934650654297,594.9087513561514,590.6757038334936,592.0475463867188,35904700,0.0,0.0,0.0
2024-12-16,593.8014244521054,595.54562235978,593.0273484159295,594.5755004882812,43695200,0.0,0.0,0.0
2024-12-17,592.0279524011855,592.9882063411098,590.7541327283874,592.1259155273438,55773500,0.0,0.0,0.0
2024-12-18,591.822175937033,594.2032541174319,574.0963517696575,574.478515625,108248700,0.0,0.0,0.0
2024-12-19,579.456191269411,581.0631932062172,574.0570953688857,574.3020629882812,85919500,0.0,0.0,0.0
2024-12-20,571.9778279294948,585.7225012446567,571.132257605004,581.199951171875,125716700,0.0,0.0,0.0
2024-12-23,580.9443919924163,585.2801382457641,577.7687172457148,584.680419921875,57635800,0.0,0.0,0.0
2024-12-24,586.0272849416975,591.2184422848073,585.4471892507113,591.1790771484375,33160100,0.0,0.0,0.0
2024-12-26,589.4093887705021,592.3392110668057,588.0133066034633,591.2184448242188,41219100,0.0,0.0,0.0
2024-12-27,587.4823184826345,587.7183292627742,580.8164691334702,584.9949340820312,64969300,0.0,0.0,0.0
2024-12-30,577.9949335439408,581.7801081982007,574.5734664197146,578.3193359375,56578800,0.0,0.0,0.0
2024-12-31,579.9807622286955,580.6985158642835,574.583178079053,576.2152709960938,57052700,0.0,0.0,0.0
2025-01-02,579.4696102256324,581.1803135593343,570.7292291618253,574.799560546875,50204000,0.0,0.0,0.0
2025-01-03,577.64092396713,582.6255346471705,576.5594027877501,581.9865112304688,37888500,0.0,0.0,0.0
2025-01-06,586.2337670283534,589.6060270134918,583.608664526265,585.3390502929688,47679400,0.0,0.0,0.0
2025-01-07,587.3643167301589,587.6887790314382,576.903452910936,578.7222900390625,60393100,0.0,0.0,0.0
2025-01-08,578.7911897402016,580.6395509433228,575.350100693004,579.56787109375,47304700,0.0,0.0,0.0
2025-01-10,576.0186519228087,576.0874809051687,568.8120114375996,570.7193603515625,73105000,0.0,0.0,0.0
2025-01-13,566.0788468496604,571.9581742427216,565.6658729466735,571.604248046875,47910100,0.0,0.0,0.0
2025-01-14,574.5242667122994,575.1535088845837,568.6154150795988,572.3908081054688,48420600,0.0,0.0,0.0
2025-01-15,580.3937768602567,583.9430001285099,579.2827918470954,582.8025512695312,56900200,0.0,0.0,0.0
2025-01-16,584.1691475266347,584.346110636513,580.9836915331506,581.6817626953125,43319700,0.0,0.0,0.0
2025-01-17,586.9122299431212,589.27179809953,585.5849165977943,587.5217895507812,58070600,0.0,0.0,0.0
2025-01-21,590.5596519481012,592.9094384516549,588.5933154613438,592.8995971679688,42532900,0.0,0.0,0.0
2025-01-22,595.7213382459036,597.5893820777127,595.1707663809229,596.2326049804688,48196000,0.0,0.0,0.0
2025-01-23,595.6032899728609,599.48681640625,595.3280340779654,599.48681640625,41152100,0.0,0.0,0.0
2025-01-24,599.54587252364,600.4995770008244,596.5865262707722,597.73681640625,34604700,0.0,0.0,0.0
2025-01-27,584.7983708814467,589.5962372876534,584.6312490621345,589.2816162109375,70361100,0.0,0.0,0.0
2025-01-28,590.5105293609671,595.1805787054238,587.1972570477369,594.3449096679688,44433300,0.0,0.0,0.0
2025-01-29,593.5584283650862,593.9615610343399,589.1341703360996,591.6806030273438,37177400,0.0,0.0,0.0
2025-01-30,593.7943615542468,596.3898803192325,590.6088457833347,594.8561401367188,39281300,0.0,0.0,0.0
2025-01-31,597.2746959271392,599.6933113603776,590.9332488823969,591.6903076171875,66566900,0.0,0.0,0.0
2025-02-03,582.6943020815504,590.1860392450765,580.5510025263411,587.70849609375,65857200,0.0,0.0,0.0
2025-02-04,587.767535135661,592.1622687341741,587.2268045597665,591.6510620117188,33457800,0.0,0.0,0.0
2025-02-05,590.5302880913656,594.1974870575806,588.5049635673978,594.0499877929688,30653100,0.0,0.0,0.0
2025-02-06,595.7901616750784,596.242440705887,592.4867305159943,596.1146240234375,35771500,0.0,0.0,0.0
2025-02-07,596.6750050236558,597.8941240756534,589.9501076619601,590.6580200195312,50788500,0.0,0.0,0.0
2025-02-10,593.863227291288,595.30845601079,592.5949016719809,594.6693725585938,26048700,0.0,0.0,0.0
2025-02-11,592.408088766588,595.6623736678141,592.2901133629294,595.1216430664062,30056700,0.0,0.0,0.0
2025-02-12,589.1144530437037,594.3743794070193,588.4360645213627,593.2044067382812,45076100,0.0,0.0,0.0
2025-02-13,594.3055297285264,599.6736500230521,593.0471055616473,599.4671630859375,40921300,0.0,0.0,0.0
2025-02-14,599.6737559982794,600.7060708506282,598.8184042628043,599.4378051757812,26910400,0.0,0.0,0.0
2025-02-18,600.5978525430173,601.1975708007812,598.1399318067746,601.1975708007812,26749000,0.0,0.0,0.0
2025-02-19,599.81139736899,602.9083418402669,599.3001305958442,602.6134033203125,31011100,0.0,0.0,0.0
2025-02-20,601.2467110134413,601.3843689751305,596.8028311734677,600.1062622070312,36554000,0.0,0.0,0.0
2025-02-21,599.8899309928074,600.0275889538111,589.3798596850504,589.8419799804688,76519800,0.0,0.0,0.0
2025-02-24,591.8869960824046,592.8800056614799,586.4500466079941,587.157958984375,50737200,0.0,0.0,0.0
2025-02-25,587.098968367302,587.8265033006376,579.6366946428752,584.2379150390625,58266500,0.0,0.0,0.0
2025-02-26,585.8994552001853,589.488043359785,581.8979531727184,584.5328369140625,43321600,0.0,0.0,0.0
2025-02-27,586.8039490929929,587.9542991571739,574.809344386224,575.2025756835938,74196700,0.0,0.0,0.0
2025-02-28,575.7040488167072,584.7098443771037,572.6365684069419,584.178955078125,88744100,0.0,0.0,0.0
2025-03-03,586.1453068357338,587.2858157400013,570.1393571070072,573.9442138671875,74249200,0.0,0.0,0.0
2025-03-04,569.952455985737,575.5368441329807,562.6179996474549,567.150390625,109648200,0.0,0.0,0.0
2025-03-05,566.9832562516485,575.03540599116,563.4340335479696,573.2460327148438,71230500,0.0,0.0,0.0
2025-03-06,565.7936477589768,570.4047092717689,560.5238803180225,563.0703125,80094900,0.0,0.0,0.0
2025-03-07,561.2907328755356,567.6714847046253,556.1094174114145,566.2261962890625,81158800,0.0,0.0,0.0
2025-03-10,558.0364891964213,559.9536192631458,546.2384702857362,551.1444702148438,99326600,0.0,0.0,0.0
2025-03-11,549.9843938775969,554.5266268117218,542.728606721458,546.5629272460938,88102100,0.0,0.0,0.0
2025-03-12,552.7076387923001,553.6318192815521,544.3703918307585,549.4631958007812,69588200,0.0,0.0,0.0
2025-03-13,549.0896792735167,549.6992388466521,540.4279685563406,542.138671875,74079400,0.0,0.0,0.0
2025-03-14,546.7497351697265,554.3398260143258,542.2075022062043,553.3369750976562,62660300,0.0,0.0,0.0
2025-03-17,553.3172227764923,560.1207900872192,552.8846263579363,557.6038818359375,49008700,0.0,0.0,0.0
2025-03-18,555.2934322950165,555.5097605205915,549.6500559715837,551.5770874023438,66041400,0.0,0.0,0.0
2025-03-19,553.3566169353411,561.3399385264869,552.1768030039566,557.584228515625,66556000,0.0,0.0,0.0
2025-03-20,553.848245552193,560.966374832501,553.1304918485869,555.9718627929688,62958200,0.0,0.0,0.0
2025-03-21,551.5205297947124,557.0526817242638,550.2878724028328,556.1552734375,83763000,0.0,0.0,0.0
2025-03-24,562.8805908120635,567.1702741261835,562.2889394113844,566.1151123046875,58766800,0.0,0.0,0.0
2025-03-25,567.3182603575567,568.4128457426297,565.7306119858723,567.47607421875,38355700,0.0,0.0,0.0
2025-03-26,567.2097001365158,568.3338979913931,559.3206937528307,560.7012939453125,51848300,0.0,0.0,0.0
2025-03-27,559.3107466941577,562.9791654609203,557.1018348376846,559.212158203125,42164200,0.0,0.0,0.0
2025-03-28,557.6838014665011,558.4135249923543,547.3689030262066,547.95068359375,71662700,0.0,0.0,0.0
2025-03-31,542.201606334121,552.93066066187,539.2826520783074,551.6289672851562,95328200,0.0,0.0,0.0
2025-04-01,549.715889513425,555.1297110203275,545.9981756472096,553.18701171875,54609600,0.0,0.0,0.0
2025-04-02,547.3491017135567,559.547472787333,547.1124411566806,556.687744140625,76014500,0.0,0.0,0.0
2025-04-03,537.5470765410741,540.3673821784607,529.2537841796875,529.2537841796875,125986000,0.0,0.0,0.0
2025-04-04,516.4045547647906,518.574043873056,498.0527654446422,498.2697143554688,217965100,0.0,0.0,0.0
2025-04-07,482.40291724281104,515.9114550791749,475.115432610906,497.3821716308594,256611400,0.0,0.0,0.0
2025-04-08,514.6196468974629,517.6963548854247,482.3733480760591,489.591796875,165816600,0.0,0.0,0.0
2025-04-09,486.593999250198,541.0084228515625,486.2093956781114,541.0084228515625,241867300,0.0,0.0,0.0
2025-04-10,524.7866027854379,526.0981670837639,502.25365007002944,517.3019409179688,162331200,0.0,0.0,0.0
2025-04-11,515.7537548286505,528.9875485351057,512.8545420601603,526.5321044921875,97866300,0.0,0.0,0.0
2025-04-14,536.5017912856171,536.7286411738348,526.453165817952,531.6401977539062,68034000,0.0,0.0,0.0
2025-04-15,532.1825399641931,535.6931457102869,529.3622343758641,530.151123046875,56892900,0.0,0.0,0.0
2025-04-16,524.3034408726064,530.4273047249436,513.0714517926509,518.366943359375,83484800,0.0,0.0,0.0
2025-04-17,520.3194821276195,523.800475242003,516.6411916080497,519.1065063476562,79868100,0.0,0.0,0.0
2025-04-21,513.9293312369678,514.4618777265953,501.4055507612705,506.7503662109375,69368100,0.0,0.0,0.0
2025-04-22,512.9235950678715,521.956482797522,511.9867633247528,519.9349365234375,75948100,0.0,0.0,0.0
2025-04-23,532.9319549297188,537.8625838932508,526.4728430251603,527.991455078125,90590700,0.0,0.0,0.0
2025-04-24,529.2734571828396,539.8348871004667,528.0211182344198,539.1051635742188,64150400,0.0,0.0,0.0
2025-04-25,539.0657336001437,543.4046513367819,536.1467793425768,543.0003662109375,61119600,0.0,0.0,0.0
2025-04-28,543.7400050325934,545.8700106135369,537.4583875113086,543.2074584960938,47613800,0.0,0.0,0.0
2025-04-29,541.2943585019403,547.7436606136026,540.9393676118534,546.6293334960938,47775100,0.0,0.0,0.0
2025-04-30,539.9729835885655,548.7988227140515,534.0069337400583,546.8462524414062,93101500,0.0,0.0,0.0
2025-05-01,552.595342895286,556.2440206119321,550.1201573586014,550.7216796875,63186100,0.0,0.0,0.0
2025-05-02,556.8948640346016,560.4942476694231,554.5774922291787,558.896728515625,60717300,0.0,0.0,0.0
2025-05-05,554.7648117792631,558.7882219920989,553.9068871278389,555.6917724609375,38659200,0.0,0.0,0.0
2025-05-06,550.1892553966732,555.5340413030556,549.2327420958744,551.0471801757812,48264700,0.0,0.0,0.0
2025-05-07,552.3784371058738,555.9975022415719,548.3254139860352,553.3645629882812,55588000,0.0,0.0,0.0
2025-05-08,557.3978323656503,562.3974982446085,553.9069681077176,557.2203369140625,65130800,0.0,0.0,0.0
2025-05-09,558.6205786168767,559.6264462916283,554.9522191721212,556.5103149414062,37603400,0.0,0.0,0.0
2025-05-12,573.4026196086874,574.9114211824733,569.0340889310521,574.9015502929688,78993600,0.0,0.0,0.0
2025-05-13,575.3155948085854,580.9069711222367,574.7535560992819,578.6980590820312,67947200,0.0,0.0,0.0
2025-05-14,579.6546018902411,580.8083522191259,577.4160770724685,579.4376831054688,66283500,0.0,0.0,0.0
2025-05-15,577.4357820961777,582.7706958315019,576.9821425909696,582.267822265625,71268100,0.0,0.0,0.0
2025-05-16,583.0469103495059,586.2518193704545,581.1042713102905,585.9559936523438,76052100,0.0,0.0,0.0
2025-05-19,579.9406348417033,587.27741416191,579.9406348417033,586.5969848632812,68168500,0.0,0.0,0.0
2025-05-20,584.8614155899625,585.8080578995526,581.419785763877,584.6246948242188,60614500,0.0,0.0,0.0
2025-05-21,580.2759146876367,584.3584902721909,573.7477661832594,574.7733154296875,95197700,0.0,0.0,0.0
2025-05-22,574.5760350084579,578.4811148637216,573.3433777523152,575.0001220703125,70860400,0.0,0.0,0.0
2025-05-23,567.9887994120531,573.7379304924723,567.6140667399493,571.0753784179688,76029000,0.0,0.0,0.0
2025-05-27,577.938827709351,583.1061179228353,570.4048112020747,582.9483642578125,72588500,0.0,0.0,0.0
2025-05-28,583.3525621719901,584.5457960298348,578.8459601489828,579.57568359375,68445500,0.0,0.0,0.0
2025-05-29,584.8317737253767,584.9698457847473,577.9387639052553,581.863525390625,69973300,0.0,0.0,0.0
2025-05-30,580.7591899526665,582.928679235147,575.1481304892388,581.2128295898438,90601200,0.0,0.0,0.0
2025-06-02,579.6053591727813,584.5655410710423,576.9428072484826,584.4866943359375,61630500,0.0,0.0,0.0
2025-06-03,584.121791379625,588.7960181097066,583.6385391723649,587.8197631835938,63606200,0.0,0.0,0.0
2025-06-04,588.6777258495218,589.6539808386906,587.2280895107962,587.6619873046875,57314200,0.0,0.0,0.0
2025-06-05,589.3383724752952,590.6893600195378,582.8496477946317,584.8218994140625,92278700,0.0,0.0,0.0
2025-06-06,590.3540722792903,592.4940086999786,588.5790577947733,590.8274536132812,66588700,0.0,0.0,0.0
2025-06-09,591.3993476813894,592.9081490758875,590.1864321834666,591.3599243164062,53016400,0.0,0.0,0.0
2025-06-10,591.8925244948556,595.0974340255312,590.7782574774766,594.712890625,66247000,0.0,0.0,0.0
2025-06-11,595.8074157747775,596.6653405011278,590.9556931519085,593.0166625976562,73658200,0.0,0.0,0.0
2025-06-12,591.6853731206485,595.3734741210938,591.2021810906274,595.3734741210938,64129000,0.0,0.0,0.0
2025-06-13,590.1962907494013,593.4997881009825,587.2181715759101,588.7171020507812,89506000,0.0,0.0,0.0
2025-06-16,592.0700235861916,596.0638215052488,591.8924679557008,594.318359375,79984100,0.0,0.0,0.0
2025-06-17,591.8826171802143,593.4012293190596,588.4804709653109,589.2398071289062,82209400,0.0,0.0,0.0
2025-06-18,590.1371267775953,592.8785252065284,588.1944276516227,589.1510009765625,76605000,0.0,0.0,0.0
2025-06-20,591.8224395288368,592.8906208578056,586.3629131433069,587.7673950195312,94051400,0.0,0.0,0.0
2025-06-23,588.5190130228361,593.9587392448562,585.4035696790836,593.5730590820312,87426000,0.0,0.0,0.0
2025-06-24,597.7072083922786,601.1885919192599,596.7972471416377,600.13037109375,67735300,0.0,0.0,0.0
2025-06-25,601.247995602986,601.940336500435,598.903972841808,600.4666748046875,62114800,0.0,0.0,0.0
2025-06-26,602.3161684365299,605.5997923429508,601.7029677445283,605.1646118164062,78548400,0.0,0.0,0.0
2025-06-27,606.1635425121184,609.6350865938839,604.1360202356653,608.1712646484375,86258400,0.0,0.0,0.0
2025-06-30,610.6142811588834,612.4340832221852,608.2998981128763,611.0791015625,92502500,0.0,0.0,0.0
2025-07-01,609.6053849111585,612.0483479268365,608.7746241554748,610.8812866210938,70030100,0.0,0.0,0.0
2025-07-02,610.4757300098587,613.6901136433279,609.8526292762224,613.6505737304688,66510400,0.0,0.0,0.0
2025-07-03,615.628656191773,619.4167005776212,615.6088560521965,618.4869995117188,51065800,0.0,0.0,0.0
2025-07-07,616.5286747873084,617.1913758193931,611.0988485499288,613.8780517578125,74814500,0.0,0.0,0.0
2025-07-08,614.5406899285775,615.2923708557059,612.7307881009865,613.5418090820312,59024600,0.0,0.0,0.0
2025-07-09,615.945166968477,617.8737488887257,614.1055045789822,617.2210083007812,66113300,0.0,0.0,0.0
2025-07-10,617.3594891460615,620.0002120765442,616.1825277796053,618.9617309570312,57529000,0.0,0.0,0.0
2025-07-11,615.9154666088177,618.0122289852302,614.7187654701638,616.7858276367188,63670200,0.0,0.0,0.0
2025-07-14,616.3307657158283,618.3088477245484,614.985684437804,617.9627075195312,51898500,0.0,0.0,0.0
2025-07-15,620.6431287961128,620.9793689858044,615.242942324076,615.3220825195312,74317300,0.0,0.0,0.0
2025-07-16,616.9044910111767,617.8836320494379,611.276844692317,617.3792114257812,88987500,0.0,0.0,0.0
2025-07-17,617.5573456006476,621.5135103761386,617.3397251475282,621.1574096679688,68885700,0.0,0.0,0.0
2025-07-18,622.4035753929759,622.5716954836944,619.5947323692288,620.7024536132812,65621600,0.0,0.0,0.0
2025-07-21,621.87939453125,624.6189973413707,621.4541141003111,621.87939453125,63375000,0.0,0.0,0.0
2025-07-22,622.2057439990875,622.8288447335428,619.3276609031153,621.9683837890625,60046300,0.0,0.0,0.0
2025-07-23,624.6289433239532,627.2598266601562,622.8288811376781,627.2598266601562,70511000,0.0,0.0,0.0
2025-07-24,627.6454884244192,629.1785504969665,627.0421878119985,627.4674682617188,71307100,0.0,0.0,0.0
2025-07-25,628.1301809903662,630.5928838363332,627.8829206987424,630.1181030273438,56865400,0.0,0.0,0.0
2025-07-28,630.4939604147171,631.0478210681617,628.5752180855901,629.9598999023438,54917100,0.0,0.0,0.0
2025-07-29,631.3543207675477,631.6708211428117,627.3883169234746,628.2982177734375,60556300,0.0,0.0,0.0
2025-07-30,628.9510415464463,630.6917636576716,624.6190364089183,627.507080078125,80418900,0.0,0.0,0.0
2025-07-31,632.4523273568442,632.8380075585872,623.857556644127,625.1531982421875,103385200,0.0,0.0,0.0
2025-08-01,619.436379958757,619.475980234049,612.5031927364548,614.9065551757812,140103600,0.0,0.0,0.0
2025-08-04,618.813325728958,624.3024917393647,618.7243458354196,624.2530517578125,73218000,0.0,0.0,0.0
2025-08-05,624.8662177521945,625.6772386500149,620.168272806011,621.0880737304688,68051400,0.0,0.0,0.0
2025-08-06,622.1562946160922,626.4981995520814,621.2463937026511,625.845458984375,64357500,0.0,0.0,0.0
2025-08-07,629.2674923107387,629.9993730574174,622.2156245224251,625.3212280273438,74205800,0.0,0.0,0.0
2025-08-08,627.1114011688534,630.6620853000642,626.7949007710238,630.1972045898438,64051600,0.0,0.0,0.0
2025-08-11,630.4742118551501,631.947873553624,627.70484826023,628.9510498046875,58742300,0.0,0.0,0.0
2025-08-12,631.2951060550639,635.8051316570012,629.8115442075018,635.6469116210938,64730800,0.0,0.0,0.0
2025-08-13,637.8424936799373,639.10849531226,635.6369512596368,637.82275390625,60092800,0.0,0.0,0.0
2025-08-14,635.7457174616427,638.5447207235369,635.300697252298,637.882080078125,59327500,0.0,0.0,0.0
2025-08-15,638.9107148606824,639.0096552004113,635.4787708739423,636.388671875,68592500,0.0,0.0,0.0
2025-08-18,635.814941575414,636.942462907598,635.1424008771667,636.2501220703125,43804900,0.0,0.0,0.0
2025-08-19,636.0721245937336,637.0512656505922,631.4829592777961,632.7984008789062,69750700,0.0,0.0,0.0
2025-08-20,632.3929060531275,632.6500060324975,626.013578858981,631.1170043945312,88890300,0.0,0.0,0.0
2025-08-21,629.3071240874224,630.9785456585483,626.864161086776,628.5850830078125,54805800,0.0,0.0,0.0
2025-08-22,630.7709706915778,639.41518174206,630.2665499847296,638.2382202148438,84083200,0.0,0.0,0.0
2025-08-25,636.9820009718095,638.2183023325629,635.3105191174199,635.42919921875,51274300,0.0,0.0,0.0
2025-08-26,635.1622594491828,638.4359833484747,634.5391586749303,638.0897827148438,51581600,0.0,0.0,0.0
2025-08-27,637.5062179210042,640.2755208793137,637.3578376120881,639.5436401367188,48341100,0.0,0.0,0.0
2025-08-28,640.146950913372,642.3623933153343,638.267809046051,641.8085327148438,61519500,0.0,0.0,0.0
2025-08-29,640.374419619015,640.7404203673219,636.0919150690585,637.98095703125,74522200,0.0,0.0,0.0
2025-09-02,630.5136938017484,633.4709169972102,627.9619508913343,633.2533569335938,81983500,0.0,0.0,0.0
2025-09-03,635.6270215222661,637.1501834379544,633.4412793439511,636.685302734375,70820900,0.0,0.0,0.0
2025-09-04,637.3578424589464,642.0360478647699,636.4578416280056,642.00634765625,65219200,0.0,0.0,0.0
2025-09-05,644.3404973975818,645.0625384730564,636.2798483910566,640.14697265625,85178900,0.0,0.0,0.0
2025-09-08,641.5118230975241,642.718484610511,640.1370415028089,641.7195434570312,63133100,0.0,0.0,0.0
2025-09-09,641.8579832056892,643.7272854003053,640.1271612550325,643.203125,66133900,0.0,0.0,0.0
2025-09-10,646.4570825189741,647.3768835600082,643.4998590892842,645.0625610351562,78034500,0.0,0.0,0.0
2025-09-11,647.0109525903231,651.1154976382888,646.4274520986086,650.4231567382812,69934400,0.0,0.0,0.0
2025-09-12,650.3934256012134,651.8868873722256,649.7011451004063,650.2055053710938,72780100,0.0,0.0,0.0
2025-09-15,652.4110731340584,653.7956944276398,652.114372883025,653.6671142578125,63772400,0.0,0.0,0.0
2025-09-16,654.2210123755038,654.5276730798186,651.9858301119879,652.7671508789062,61169000,0.0,0.0,0.0
2025-09-17,652.7770978636573,654.4683196962441,647.1296508296768,651.9561767578125,101952200,0.0,0.0,0.0
2025-09-18,654.6364399867887,657.603563340362,653.0341982051615,655.0023803710938,90459200,0.0,0.0,0.0
2025-09-19,656.8877828567474,659.0895125014193,654.9438659954435,658.2465209960938,97945600,0.0,0.0,0.0
2025-09-22,656.7588293222589,661.8069717744121,656.7290467709187,661.3607177734375,69452200,0.0,0.0,0.0
2025-09-23,661.2417286303936,661.8566899635472,656.540685502851,657.7606201171875,81708900,0.0,0.0,0.0
2025-09-24,659.0498612769777,659.1490153831234,654.2496039734066,655.6678466796875,68082200,0.0,0.0,0.0
2025-09-25,652.5338627083877,653.9917550046746,649.0328388399253,652.6429443359375,89622100,0.0,0.0,0.0
2025-09-26,654.0910020825955,656.9274877414105,652.4743904900326,656.3820190429688,69179200,0.0,0.0,0.0
2025-09-29,658.9010899003678,659.8135740530697,656.4216318338509,658.2266845703125,73499000,0.0,0.0,0.0
2025-09-30,657.4828203674869,661.1722852976668,656.173659297658,660.7061157226562,86288000,0.0,0.0,0.0
2025-10-01,657.7208749627936,663.8699431635192,657.611793334362,662.95751953125,72545400,0.0,0.0,0.0
2025-10-02,664.9410037342527,665.0600128657511,661.3011766397112,663.7210693359375,56896000,0.0,0.0,0.0
2025-10-03,664.4848020775174,667.1527012490268,662.6698219114437,663.7112426757812,70494400,0.0,0.0,0.0
2025-10-06,666.1014192164715,666.9841207809839,663.9591941673339,666.0914916992188,54623300,0.0,0.0,0.0
2025-10-07,667.0138297258598,667.4601442579947,662.1838505424819,663.6219482421875,72020100,0.0,0.0,0.0
2025-10-08,664.7426772273783,667.6783772359653,663.919480237528,667.5791625976562,60702200,0.0,0.0,0.0
2025-10-09,667.9957845708525,668.4023890582872,663.7112737749407,665.6452026367188,66501900,0.0,0.0,0.0
2025-10-10,666.6071968358344,668.4122493878771,647.4757221413303,647.6542358398438,159422600,0.0,0.0,0.0
2025-10-13,655.2216030747315,659.664772492732,654.3488290056752,657.5919189453125,79560500,0.0,0.0,0.0
2025-10-14,651.7701536094826,660.3590300864076,647.8030207789583,656.78857421875,88779600,0.0,0.0,0.0
2025-10-15,661.3409343998026,664.7228887516702,653.5157497881946,659.7044677734375,81702600,0.0,0.0,0.0
2025-10-16,661.3408828539109,663.215367636124,651.7106461582608,655.211669921875,110563300,0.0,0.0,0.0
2025-10-17,654.0810128478913,660.2895852935891,652.7322022395391,658.9308471679688,96500900,0.0,0.0,0.0
2025-10-20,661.8367798071084,666.6866142382812,661.7872027532737,665.7840576171875,60493400,0.0,0.0,0.0
2025-10-21,665.9228395283285,667.4600912091562,664.4748144266518,665.7740478515625,56249000,0.0,0.0,0.0
2025-10-22,666.4783066993808,666.4783066993808,657.8497808005621,662.3128051757812,80564000,0.0,0.0,0.0
2025-10-23,662.6301900162397,667.1825015615415,662.3128121266341,666.2402954101562,65604500,0.0,0.0,0.0
2025-10-24,670.9016937183009,672.8951271271609,670.0983517375236,671.6851806640625,74356500,0.0,0.0,0.0
2025-10-27,677.1201116013259,679.9070199177999,676.5151383891614,679.6094970703125,63339800,0.0,0.0,0.0
2025-10-28,681.4046232640447,683.2493254549719,679.2028936555786,681.41455078125,61738100,0.0,0.0,0.0
2025-10-29,683.0608492697363,684.0328379014793,677.2589421639235,681.7418212890625,85657100,0.0,0.0,0.0
2025-10-30,678.2805222142791,680.303738053287,674.2439575195312,674.2439575195312,76335800,0.0,0.0,0.0
2025-10-31,679.4111219213156,679.4508319897004,673.6587916341136,676.4556274414062,87164100,0.0,0.0,0.0
2025-11-03,680.0359699637585,680.1649066224819,674.3530715971103,677.7251586914062,57315000,0.0,0.0,0.0
2025-11-04,670.5545580097922,674.3729598389511,669.0371611161902,669.6917114257812,78427000,0.0,0.0,0.0
2025-11-05,669.4337786331213,675.2654684624238,668.6304366940664,672.012451171875,74402400,0.0,0.0,0.0
2025-11-06,670.9115428502156,671.8140994484131,663.2252231578799,664.8021850585938,85035300,0.0,0.0,0.0
2025-11-07,662.4218719882706,665.5658682287408,655.7769731606511,665.4567260742188,100592400,0.0,0.0,0.0
2025-11-10,671.6752576501947,676.57466917413,669.4834554774103,675.8407592773438,75842900,0.0,0.0,0.0
2025-11-11,674.3629519753922,677.9532020666294,673.1529450781785,677.3878784179688,58953400,0.0,0.0,0.0
2025-11-12,679.1631581075335,679.3318048264125,675.3547447293747,677.7647705078125,62312500,0.0,0.0,0.0
2025-11-13,674.9084518036677,675.2654792192372,665.010475070097,666.5179443359375,103457800,0.0,0.0,0.0
2025-11-14,659.9127671356764,670.1082678298286,657.8201189320223,666.408935546875,96846700,0.0,0.0,0.0
2025-11-17,664.1972328051172,668.1742931923078,656.7290761218832,660.2003173828125,90456100,0.0,0.0,0.0
2025-11-18,656.6596720569411,659.6548768721069,650.4709542015795,654.6563110351562,114467500,0.0,0.0,0.0
2025-11-19,655.3505889035424,661.8566848395906,653.3372397764296,657.1853637695312,94703000,0.0,0.0,0.0
2025-11-20,667.3808213360044,670.0090710879778,646.5335791707308,647.1683349609375,165293500,0.0,0.0,0.0
2025-11-21,649.667590792559,659.0895314498267,645.5020891320908,653.6149291992188,123956200,0.0,0.0,0.0
2025-11-24,657.2447591605586,664.5541959227929,656.1538219404428,663.235107421875,80437900,0.0,0.0,0.0
2025-11-25,663.135941149376,670.6536740212097,659.020017057554,669.4734497070312,81077100,0.0,0.0,0.0
2025-11-26,672.0620713400136,676.0986363282427,671.1595147067713,674.09521484375,71879600,0.0,0.0,0.0
2025-11-28,675.2654787466182,678.0523870500939,674.9084513312986,677.7747192382812,49212000,0.0,0.0,0.0
2025-12-01,673.2323336611282,677.3779800628074,673.1629015749381,674.6803588867188,61201200,0.0,0.0,0.0
2025-12-02,676.316803165018,678.2012155152329,673.7481184984898,675.9300537109375,62953800,0.0,0.0,0.0
2025-12-03,674.9779023816353,679.2822075879724,674.105128319461,678.2706298828125,57238500,0.0,0.0,0.0
2025-12-04,679.6689755171525,679.7384076011712,675.7415530139849,678.7664794921875,61970300,0.0,0.0,0.0
2025-12-05,679.8375623637357,682.7336127271673,678.9549213715281,680.0557861328125,79241000,0.0,0.0,0.0
2025-12-08,680.9484564225444,680.9980334759979,675.9696853695019,678.0127563476562,55231500,0.0,0.0,0.0
2025-12-09,677.5366323782647,679.7582167824522,676.9812362772177,677.427490234375,58310100,0.0,0.0,0.0
2025-12-10,676.9515664343469,683.3088703732143,675.711837383319,681.92041015625,85671300,0.0,0.0,0.0
2025-12-11,679.51034738166,683.5865617528303,676.5647198382891,683.5072021484375,86173700,0.0,0.0,0.0
2025-12-12,682.5153843270051,683.2195721462687,673.5893360954813,676.1580810546875,113160300,0.0,0.0,0.0
2025-12-15,680.1053789946951,680.1252340287925,673.6687159286942,675.1365356445312,90811000,0.0,0.0,0.0
2025-12-16,673.6488975485244,675.4837328267965,669.4338188610296,673.2918701171875,122030600,0.0,0.0,0.0
2025-12-17,674.3034691132465,674.8489377460819,665.6848710067972,665.8832397460938,110625200,0.0,0.0,0.0
2025-12-18,672.0322187932205,675.1464323222394,669.3544527925658,670.9114990234375,108650100,0.0,0.0,0.0
2025-12-19,673.0134542661981,677.4896664833268,672.8940327515619,676.9923095703125,103599500,0.0,0.0,0.0
2025-12-22,680.3245900087294,681.7370666700199,676.9923229108747,681.2098999023438,69556700,0.0,0.0,0.0
2025-12-23,680.3046207584179,684.562024812114,680.2548972126992,684.3233032226562,64840000,0.0,0.0,0.0
2025-12-24,684.313382495532,687.1781631452748,684.164151137988,686.7305297851562,39445600,0.0,0.0,0.0
2025-12-26,686.989161229118,688.0037280321676,685.6264081645946,686.660888671875,41613300,0.0,0.0,0.0
2025-12-29,683.9055083361335,685.5567672531378,682.4433081832867,684.2138671875,62559500,0.0,0.0,0.0
2025-12-30,683.8160334465714,684.9201512250444,682.9506372729019,683.3783569335938,47160700,0.0,0.0,0.0
2025-12-31,683.5076844111845,683.726492314561,678.1063955310838,678.3152465820312,74144800,0.0,0.0,0.0
2026-01-02,682.0852055985325,683.2390468658663,676.2263268834449,679.55859375,89377200,0.0,0.0,0.0
2026-01-05,682.910778712987,685.7855161168121,682.7516512212146,684.0845336914062,71927200,0.0,0.0,0.0
2026-01-06,684.2934596862484,688.6602678554459,684.1442890432024,688.1529541015625,69273800,0.0,0.0,0.0
2026-01-07,688.5309418430683,690.2916046822218,685.6761181181482,685.9347534179688,75588300,0.0,0.0,0.0
2026-01-08,685.1787573638412,686.9692300361542,683.8557710289468,685.8651123046875,64019200,0.0,0.0,0.0
2026-01-09,686.9791831428475,691.6344363504869,685.5368360184962,690.4010009765625,80125500,0.0,0.0,0.0
2026-01-12,687.0289310253164,692.410366767912,686.979207477028,691.4852294921875,63976000,0.0,0.0,0.0
2026-01-13,691.813478661017,692.4103433578374,687.6953490317495,690.1026000976562,78309700,0.0,0.0,0.0
2026-01-14,687.3472637531122,688.0634285762314,682.4134612479594,686.7106323242188,94676700,0.0,0.0,0.0
2026-01-15,690.8983886882239,691.7737417111902,687.5959315038539,688.5806884765625,77862000,0.0,0.0,0.0
2026-01-16,689.9931507530615,690.5800586110835,686.4519720383781,688.0037231445312,79289200,0.0,0.0,0.0
2026-01-20,677.8874730475171,681.1501633341576,672.9934983300664,673.9981689453125,111623300,0.0,0.0,0.0
2026-01-21,676.0572511802958,685.0991655259935,674.5452667925615,681.77685546875,127844500,0.0,0.0,0.0
2026-01-22,686.2033478813381,687.476610793547,683.2888434897402,685.3379516601562,77112200,0.0,0.0,0.0
2026-01-23,684.5123006998919,687.3074439470811,683.5274830754288,685.5865478515625,63059600,0.0,0.0,0.0
2026-01-26,686.8399050563427,690.4606777697717,686.272910918868,689.0680541992188,60473800,0.0,0.0,0.0
2026-01-27,690.5104039402848,692.8480177488461,689.9036431059924,691.8134765625,55506100,0.0,0.0,0.0
2026-01-28,693.3652237572153,694.1510864943795,690.271678492269,691.7438354492188,61172200,0.0,0.0,0.0
2026-01-29,692.7087686795362,693.375209936545,681.2098793986574,690.3711547851562,97486200,0.0,0.0,0.0
2026-01-30,688.1330315570439,690.5402826440542,683.487735152998,688.3120727539062,101835100,0.0,0.0,0.0
2026-02-02,685.9348095869553,693.2459322689688,685.7756213682558,691.7339477539062,79286500,0.0,0.0,0.0
2026-02-03,692.529690413304,693.2757257351432,680.4140840721383,685.885009765625,107904600,0.0,0.0,0.0
2026-02-04,686.7006659106327,687.7948875474046,678.1561081391175,682.5626831054688,105204600,0.0,0.0,0.0
2026-02-05,677.3404209861714,680.0758839506523,672.2176206040476,674.0379638671875,113610800,0.0,0.0,0.0
2026-02-06,677.8576866055596,688.6503070282812,677.2508650473027,686.96923828125,89127600,0.0,0.0,0.0
2026-02-09,685.7755944360715,692.1915108078678,684.7013472083629,690.2816772460938,73885200,0.0,0.0,0.0
2026-02-10,691.276360737094,692.8579216647231,688.0037135108784,688.4613037109375,65185700,0.0,0.0,0.0
2026-02-11,692.7087599208829,693.4547952732178,685.5368515439336,688.3021850585938,76353900,0.0,0.0,0.0
2026-02-12,690.5701102294341,691.6742279947084,676.7734344520502,677.668701171875,118829000,0.0,0.0,0.0
2026-02-13,678.0864377658819,682.6522007204912,673.9384983110481,678.1461181640625,96267500,0.0,0.0,0.0
2026-02-17,676.5446598627462,681.31927396984,672.2077222570326,679.2402954101562,81354700,0.0,0.0,0.0
2026-02-18,680.4041503420104,685.507036973797,679.2204384959671,682.662109375,73570300,0.0,0.0,0.0
2026-02-19,680.225062656192,682.5526587813481,677.9471293624403,680.8616333007812,58649400,0.0,0.0,0.0
2026-02-20,678.7131823752115,686.4122580979458,678.126274472082,685.7855834960938,100034000,0.0,0.0,0.0
2026-02-23,684.1940214696967,686.3525334522094,676.7734345413753,678.7827758789062,90558100,0.0,0.0,0.0
2026-02-24,678.295350173768,684.7112054782021,676.4053697086953,683.7164916992188,73798700,0.0,0.0,0.0
2026-02-25,686.53156929616,690.0130676270821,686.4519751919497,689.4859008789062,56369500,0.0,0.0,0.0
2026-02-26,689.615191050754,689.6350440416309,680.7323436648176,685.6561889648438,71671000,0.0,0.0,0.0
2026-02-27,679.4790749097389,683.2291046432514,678.0367277603054,682.3637084960938,83308900,0.0,0.0,0.0
2026-03-02,675.1123137702438,684.9798583327654,674.4359156260907,682.751708984375,87477200,0.0,0.0,0.0
2026-03-03,671.4915420947397,679.0016196644848,666.1200629162043,676.7337036132812,105003100,0.0,0.0,0.0
2026-03-04,678.026741603972,683.4579005621853,676.0273572426378,681.5082397460938,79182200,0.0,0.0,0.0
2026-03-05,678.474445192334,681.9062201445739,672.0386149612469,677.70849609375,106606500,0.0,0.0,0.0
2026-03-06,669.8502072585248,672.5359467168151,666.2195382406165,668.82568359375,100687000,0.0,0.0,0.0
2026-03-09,662.8673651303956,676.3258117079225,658.888509802078,674.6845703125,102667700,0.0,0.0,0.0
2026-03-10,674.1374043547928,679.7476047325034,671.1930903760745,673.6002807617188,81505300,0.0,0.0,0.0
2026-03-11,673.9982140650914,676.4849986405864,669.7806371390539,672.7548217773438,68441700,0.0,0.0,0.0
2026-03-12,667.6120785283837,668.0995392824933,662.3500644519811,662.5390625,108882200,0.0,0.0,0.0
2026-03-13,665.7321452917186,668.7859240392634,657.863924887251,658.7890014648438,97200200,0.0,0.0,0.0
2026-03-16,664.8468199428278,668.5173163233716,663.5934708305671,665.493408203125,82023100,0.0,0.0,0.0
2026-03-17,668.8355969918504,670.8747480492216,666.1598145596139,667.2440185546875,87128000,0.0,0.0,0.0
2026-03-18,664.8268919718373,666.1796881508768,657.6948111200146,657.9335327148438,82062600,0.0,0.0,0.0
2026-03-19,653.4971375917409,659.4753776238247,651.7066647804095,656.3121948242188,111272500,0.0,0.0,0.0
2026-03-20,654.8230422006715,655.0025723674255,643.063298812559,646.9034423828125,163617500,0.0,0.0,0.0
2026-03-23,656.3790129905765,660.9173090129275,652.2596206790361,653.6959228515625,134802700,0.0,0.0,0.0
2026-03-24,649.6463809650626,655.3417305137531,648.2100787416998,651.5015869140625,96457500,0.0,0.0,0.0
2026-03-25,656.9774239230809,659.1917509309695,652.5588148295345,655.1322021484375,90653800,0.0,0.0,0.0
2026-03-26,650.3844333840033,653.1672421520028,643.1630473705688,643.432373046875,96494400,0.0,0.0,0.0
2026-03-27,640.8489947137006,641.0085567819559,631.4831091918358,632.4606323242188,103649400,0.0,0.0,0.0
2026-03-30,638.4651675144013,638.7245091624994,627.6630399662237,630.3460693359375,99275900,0.0,0.0,0.0
2026-03-31,637.2981538716512,649.865752001465,636.3405988140365,648.6688842773438,152534100,0.0,0.0,0.0
2026-04-01,652.219751792706,656.8278752918841,651.3220400966815,653.5562744140625,97841500,0.0,0.0,0.0
2026-04-02,644.7589215344626,656.5086804928782,643.4522901873171,654.144775390625,68358700,0.0,0.0,0.0
2026-04-06,654.1746977251443,658.0247645183308,653.8356054757206,657.23681640625,39105800,0.0,0.0,0.0
2026-04-07,654.9626585699763,657.9150134208243,649.386996170508,657.5260009765625,69980400,0.0,0.0,0.0
2026-04-08,674.6519776493207,675.3402070755335,669.734652974974,674.27294921875,93606100,0.0,0.0,0.0
2026-04-09,673.1059235004034,679.4096297331154,672.0386657215836,678.162841796875,57134400,0.0,0.0,0.0
2026-04-10,679.5692561407437,680.2774536083281,676.7066358948267,677.7140502929688,42253500,0.0,0.0,0.0
2026-04-13,675.669302461078,684.536473353906,674.8414790590384,684.3369750976562,54185800,0.0,0.0,0.0
2026-04-14,685.9229138241225,692.7952238870419,685.8929616905456,692.675537109375,63480500,0.0,0.0,0.0
2026-04-15,693.4734516118131,698.480571570673,692.4161778504387,698.1414184570312,58240400,0.0,0.0,0.0
2026-04-16,699.2585607342904,700.9741726960574,696.7350934539525,699.8569946289062,49972400,0.0,0.0,0.0
2026-04-17,704.3255249385737,710.5594650064761,703.9464965121796,708.3152465820312,70661900,0.0,0.0,0.0
2026-04-20,706.9587079747221,708.0857482546458,704.3254772575062,706.8988037109375,43546800,0.0,0.0,0.0
2026-04-21,708.4548936431559,709.4523240430285,700.8345107773317,702.2708129882812,58941400,0.0,0.0,0.0
2026-04-22,707.3278031045794,709.6218808832724,706.4001392457644,709.3825073242188,42518500,0.0,0.0,0.0
2026-04-23,707.6768673789517,710.5295037064266,700.4754491270062,706.6295776367188,56174000,0.0,0.0,0.0
2026-04-24,708.9236633096505,712.6340752101273,707.1881441382454,712.10546875,45182000,0.0,0.0,0.0
2026-04-27,711.3374146094498,713.7911152864904,710.4696550399041,713.332275390625,33135900,0.0,0.0,0.0
2026-04-28,709.9908768700561,711.0481506026886,707.4274735730012,709.8612060546875,43117400,0.0,0.0,0.0
2026-04-29,709.1729992133655,710.3699278433978,706.5497524472755,709.7515258789062,41859200,0.0,0.0,0.0
2026-04-30,712.7936806635566,717.9403946619685,708.6244289610544,716.8132934570312,67240900,0.0,0.0,0.0
2026-05-01,719.3966516418469,723.0073446973263,718.6186267345964,718.7982177734375,43049800,0.0,0.0,0.0
2026-05-04,718.2196821209096,720.2644021704073,713.152718877996,716.1649780273438,51950600,0.0,0.0,0.0
2026-05-05,719.9153564929043,723.1769124909786,719.6360467603954,721.9102172851562,36933200,0.0,0.0,0.0
2026-05-06,726.288861980811,732.7023927493656,725.9497697512824,731.9443359375,53288900,0.0,0.0,0.0
2026-05-07,733.161188473549,734.238430329629,727.8748196364371,729.7001342773438,51724600,0.0,0.0,0.0
2026-05-08,733.0415191543954,736.1834492768152,732.6824588199246,735.724609375,47227100,0.0,0.0,0.0
2026-05-11,734.5576163199453,738.8864300819614,734.5576163199453,737.4002685546875,44024000,0.0,0.0,0.0
2026-05-12,734.9964788307154,736.9414802248905,729.9494836014034,736.2831420898438,54185300,0.0,0.0,0.0
2026-05-13,736.5723674930287,741.9983910774667,733.5800764180441,740.4025268554688,44200200,0.0,0.0,0.0
2026-05-14,741.7391534739264,747.6040491923611,741.649357949993,746.2474975585938,45307600,0.0,0.0,0.0
2026-05-15,739.8838927249178,741.5496453663399,736.0637780312098,737.2706298828125,60410800,0.0,0.0,0.0
2026-05-18,737.9289136337939,739.5147938000424,731.5054597381557,736.751953125,47843900,0.0,0.0,0.0
2026-05-19,732.8919551385734,735.7545755811656,729.650306265128,731.8446044921875,54255900,0.0,0.0,0.0
2026-05-20,733.8195334397973,739.9636778498481,732.0042028263388,739.3452758789062,45768000,0.0,0.0,0.0
2026-05-21,736.7419902854853,742.9559620700644,735.1361419849363,740.8114624023438,43332200,0.0,0.0,0.0
2026-05-22,744.3224328967863,747.015507083493,742.566945697205,743.7239990234375,41762000,0.0,0.0,0.0
2026-05-26,748.0827892360243,750.1973368284331,746.4469887578754,748.6613159179688,41123600,0.0,0.0,0.0
2026-05-27,748.9505199197505,749.4492351039673,746.2973210478585,748.5316162109375,42106300,0.0,0.0,0.0
2026-05-28,748.3221518516883,753.2095851254732,747.3047533704411,752.6609497070312,41562600,0.0,0.0,0.0
2026-05-29,753.9576670103595,756.1320579864754,752.7507543048832,754.5361328125,55075700,0.0,0.0,0.0
2026-06-01,753.4189990020213,758.3264003155792,752.7507376917755,756.5908203125,43634900,0.0,0.0,0.0
2026-06-02,755.0847737682097,758.4461093852723,754.805464031348,757.6182250976562,31581900,0.0,0.0,0.0
2026-06-03,756.2018667594974,756.8501599793441,751.6336185743088,752.3018798828125,51402500,0.0,0.0,0.0
2026-06-04,750.1673635570705,756.3614281257201,749.5389775481502,755.1445922851562,49923000,0.0,0.0,0.0
2026-06-05,750.3768677170906,750.8855669656407,733.6400171295905,735.65478515625,93989400,0.0,0.0,0.0
2026-06-08,741.4498108327123,743.4247643242134,736.2931129658897,737.3204345703125,49319100,0.0,0.0,0.0
2026-06-09,741.7191759970133,744.9807928982774,720.7332622187009,735.1560668945312,87683500,0.0,0.0,0.0
2026-06-10,731.5054857614351,736.4826536495077,723.4661992814284,723.56591796875,60341300,0.0,0.0,0.0
2026-06-11,726.8873842592473,738.0984921563339,722.5485255148498,735.8642578125,86330500,0.0,0.0,0.0
2026-06-12,738.8066884479139,742.5270843334097,733.1412911200548,739.843994140625,57079500,0.0,0.0,0.0
2026-06-15,749.9179969688896,754.7356026867302,749.8282623277308,752.890380859375,60176400,0.0,0.0,0.0
2026-06-16,752.6111046530555,753.4988323298886,747.9531216783239,748.4019775390625,67093100,0.0,0.0,0.0
2026-06-17,749.3594421826946,750.217278570044,737.3204502885575,739.0560302734375,85945200,0.0,0.0,0.0
2026-06-18,747.760009765625,748.22998046875,743.8599853515625,746.739990234375,80875700,0.0,0.0,0.0
2026-06-22,747.7000122070312,750.1799926757812,743.1300048828125,744.3900146484375,46628100,0.0,0.0,0.0
2026-06-23,733.8099975585938,739.6300048828125,732.2999877929688,733.5800170898438,66846800,0.0,0.0,0.0
2026-06-24,735.1699829101562,739.9500122070312,730.8400268554688,733.239990234375,57439500,0.0,0.0,0.0
2026-06-25,738.9099731445312,739.3699951171875,729.5999755859375,734.2999877929688,53934400,0.0,0.0,0.0
2026-06-26,728.9500122070312,736.530029296875,716.5800170898438,728.989990234375,71034000,0.0,0.0,0.0
2026-06-29,736.530029296875,741.5599975585938,732.0900268554688,741.0,58035200,0.0,0.0,0.0
2026-06-30,741.2899780273438,748.02001953125,740.8900146484375,746.77001953125,55626000,0.0,0.0,0.0
2026-07-01,745.0,749.4400024414062,742.3800048828125,745.760009765625,47100900,0.0,0.0,0.0
2026-07-02,747.4000244140625,751.3099975585938,740.030029296875,744.780029296875,57447800,0.0,0.0,0.0
2026-07-06,748.739990234375,752.4099731445312,747.4099731445312,751.280029296875,50673300,0.0,0.0,0.0
2026-07-07,750.219970703125,750.9600219726562,745.2100219726562,747.7100219726562,43721500,0.0,0.0,0.0
2026-07-08,743.1599731445312,746.1500244140625,739.510009765625,745.4000244140625,43767400,0.0,0.0,0.0
2026-07-09,747.3499755859375,751.969970703125,745.5900268554688,751.7100219726562,41441700,0.0,0.0,0.0
2026-07-10,752.0499877929688,755.4199829101562,748.0999755859375,754.9500122070312,42191300,0.0,0.0,0.0
2026-07-13,752.469970703125,753.9099731445312,748.0,749.1699829101562,44013600,0.0,0.0,0.0
2026-07-14,750.9099731445312,753.3400268554688,748.6599731445312,751.8300170898438,35143100,0.0,0.0,0.0
2026-07-15,754.239990234375,755.5800170898438,750.2000122070312,754.8099975585938,43844800,0.0,0.0,0.0
2026-07-16,752.760009765625,754.5700073242188,747.8800048828125,750.719970703125,46409800,0.0,0.0,0.0
2026-07-17,742.0800170898438,747.2899780273438,740.7999877929688,743.2899780273438,62651000,0.0,0.0,0.0
2026-07-20,747.0599975585938,748.72998046875,741.510009765625,742.0900268554688,50422300,0.0,0.0,0.0
2026-07-21,746.2899780273438,749.0399780273438,744.1799926757812,748.280029296875,34324300,0.0,0.0,0.0
2026-07-22,746.6199951171875,750.02001953125,746.3699951171875,747.4099731445312,32836200,0.0,0.0,0.0
2026-07-23,739.3699951171875,742.5599975585938,735.2100219726562,738.1799926757812,55437300,0.0,0.0,0.0
2026-07-24,738.510009765625,743.719970703125,737.2899780273438,738.9299926757812,44782000,0.0,0.0,0.0
2026-07-27,744.9099731445312,745.530029296875,735.8699951171875,739.0900268554688,41461200,0.0,0.0,0.0
2026-07-28,739.1900024414062,742.7899780273438,735.97998046875,740.8599853515625,47322200,0.0,0.0,0.0
2026-07-29,739.969970703125,742.6799926757812,729.0999755859375,729.4600219726562,70697200,0.0,0.0,0.0
2026-07-30,736.0499877929688,742.4500122070312,734.5900268554688,741.6900024414062,66811300,0.0,0.0,0.0
2026-07-31,744.6799926757812,748.9000244140625,737.6799926757812,747.030029296875,62445900,0.0,0.0,0.0
2026-08-03,749.4400024414062,758.5800170898438,748.7999877929688,757.6699829101562,59927500,0.0,0.0,0.0
2026-08-04,760.6300048828125,773.4099731445312,760.52001953125,771.3300170898438,69154800,0.0,0.0,0.0
2026-08-05,775.8499755859375,776.8499755859375,769.510009765625,769.7899780273438,44689100,0.0,0.0,0.0
2026-08-06,770.2100219726562,771.8200073242188,767.4600219726562,768.5599975585938,38416900,0.0,0.0,0.0
2026-08-07,771.02001953125,773.9199829101562,769.6099853515625,773.260009765625,43586300,0.0,0.0,0.0
2026-08-10,772.5999755859375,775.0499877929688,771.6199951171875,773.030029296875,39249500,0.0,0.0,0.0
2026-08-11,774.530029296875,774.6099853515625,769.2000122070312,770.5599975585938,36740600,0.0,0.0,0.0
2026-08-12,774.7100219726562,774.9000244140625,771.280029296875,772.489990234375,33179100,0.0,0.0,0.0
2026-08-13,774.8699951171875,779.3699951171875,774.1099853515625,777.8800048828125,35634500,0.0,0.0,0.0
2026-08-14,778.5399780273438,778.7999877929688,775.4299926757812,776.3400268554688,31367900,0.0,0.0,0.0
2026-08-17,776.1799926757812,776.780029296875,772.510009765625,772.6699829101562,34356600,0.0,0.0,0.0
2026-08-18,768.7000122070312,769.5,766.9199829101562,767.4500122070312,43920900,0.0,0.0,0.0
2026-08-19,770.3599853515625,772.469970703125,768.0999755859375,769.0599975585938,40306000,0.0,0.0,0.0
2026-08-20,765.9600219726562,768.1500244140625,762.0399780273438,762.5999755859375,45520300,0.0,0.0,0.0
2026-08-21,766.0499877929688,767.8499755859375,764.1699829101562,765.719970703125,39188700,0.0,0.0,0.0
2026-08-24,764.780029296875,765.219970703125,762.0800170898438,763.469970703125,32430900,0.0,0.0,0.0
2026-08-25,766.1599731445312,766.780029296875,763.0499877929688,765.9099731445312,27422300,0.0,0.0,0.0
2026-08-26,764.72998046875,767.3499755859375,763.9299926757812,766.0800170898438,28751600,0.0,0.0,0.0
2026-08-27,768.5,772.3599853515625,767.1599731445312,771.0999755859375,34557100,0.0,0.0,0.0
2026-08-28,771.760009765625,775.2999877929688,768.3099975585938,769.3499755859375,36744300,0.0,0.0,0.0
2026-08-31,767.3300170898438,768.0,764.719970703125,767.0499877929688,38810800,0.0,0.0,0.0
2026-09-01,762.010009765625,764.6699829101562,759.47998046875,761.780029296875,41126300,0.0,0.0,0.0
2026-09-02,762.4500122070312,766.4299926757812,761.72998046875,765.1599731445312,29566200,0.0,0.0,0.0
