Date,Open,High,Low,Close,Volume,Dividends,Stock Splits,Capital Gains
2014-01-02,71.88771173514833,72.36121384539422,71.86651095287719,72.20573425292969,8580800,0.0,0.0,0.0
2014-01-03,71.95131408196174,72.40361540993649,71.9159812421289,72.20573425292969,4083800,0.0,0.0,0.0
2014-01-06,72.35419437396224,72.79236394264807,72.34713103630176,72.50967407226562,7796200,0.0,0.0,0.0
2014-01-07,72.6651508850545,72.78529232284149,72.48140166782342,72.69342041015625,4428100,0.0,0.0,0.0
2014-01-08,72.40362140396925,72.57323845989463,72.1562699372334,72.49549865722656,8513000,0.0,0.0,0.0
2014-01-09,72.7711218912325,72.940733560563,72.44603061174162,72.9195327758789,6991100,0.0,0.0,0.0
2014-01-10,73.3365190746487,73.88069788202718,73.27998542826063,73.78882598876953,13197400,0.0,0.0,0.0
2014-01-13,73.85951959926778,74.30475252946766,73.83125007152891,74.15634155273438,9667400,0.0,0.0,0.0
2014-01-14,73.95844049644889,74.08565064136602,73.77469131115531,73.81709289550781,10343100,0.0,0.0,0.0
2014-01-15,73.52732084732642,73.85948088432346,73.44958103475868,73.73933410644531,7507500,0.0,0.0,0.0
2014-01-16,74.09979855196828,74.25527825032337,74.00792663560426,74.23407745361328,7137700,0.0,0.0,0.0
2014-01-17,74.10684399657886,74.5732775532265,74.05737368917897,74.54501342773438,7588600,0.0,0.0,0.0
2014-01-21,74.52378455194943,74.72873444644053,74.48845170991423,74.60152435302734,6436000,0.0,0.0,0.0
2014-01-22,74.4672712091299,74.73582352754501,74.37539393272714,74.41780090332031,4646700,0.0,0.0,0.0
2014-01-23,74.82771330355212,75.68284616093003,74.82771330355212,75.47083282470703,12960600,0.0,0.0,0.0
2014-01-24,75.75353081359695,75.96554417262601,75.61218318238343,75.95848083496094,11122200,0.0,0.0,0.0
2014-01-27,75.77468253939114,76.04323477699387,75.40718432808495,75.42839050292969,9218200,0.0,0.0,0.0
2014-01-28,75.5556337096051,75.61216735839844,75.30121341852625,75.61216735839844,5661500,0.0,0.0,0.0
2014-01-29,75.8807317650985,76.43197398019488,75.61217399435706,76.23409271240234,11709400,0.0,0.0,0.0
2014-01-30,75.95138938912628,76.09273158620493,75.69696912089735,76.0149917602539,5956900,0.0,0.0,0.0
2014-01-31,76.46727994399797,76.6156962345001,76.21992844625817,76.52381896972656,14690900,0.0,0.0,0.0
2014-02-03,76.3722064642265,77.47042122821098,76.24467125359706,77.45625305175781,20780300,0.0,0.0,0.0
2014-02-04,76.88944158426703,76.99572184521794,76.49975450163186,76.6343765258789,9573500,0.0,0.0,0.0
2014-02-05,76.30133815604619,76.36510304465722,75.81953917698439,75.92581939697266,10312200,0.0,0.0,0.0
2014-02-06,75.7912124363843,75.82663557963886,75.47237171326753,75.59990692138672,5708700,0.0,0.0,0.0
2014-02-07,75.42981993445706,75.96830222619727,75.41565176614255,75.66363525390625,7039200,0.0,0.0,0.0
2014-02-10,75.53612287536758,75.89747344105986,75.50778112456463,75.87621307373047,4370500,0.0,0.0,0.0
2014-02-11,75.53615941535902,75.59284294438511,75.21732402445531,75.43696594238281,5904900,0.0,0.0,0.0
2014-02-12,75.22440369845961,75.2527454623273,74.83471660796607,75.04727172851562,6723300,0.0,0.0,0.0
2014-02-13,75.52197068894684,75.62116954767362,75.31650239728945,75.47237396240234,6874600,0.0,0.0,0.0
2014-02-14,75.50777527198638,75.55737198063825,75.29521486025786,75.51486206054688,4989100,0.0,0.0,0.0
2014-02-18,75.57156727268041,75.95416747471171,75.54322551593043,75.68492889404297,4855800,0.0,0.0,0.0
2014-02-19,75.93995610244619,75.93995610244619,75.31645402552367,75.36605072021484,5522500,0.0,0.0,0.0
2014-02-20,75.33064437593522,75.55028617344146,74.8842739922702,75.18185424804688,5103200,0.0,0.0,0.0
2014-02-21,75.06850302139924,75.58573058896937,75.06850302139924,75.57864379882812,5250700,0.0,0.0,0.0
2014-02-24,75.59987646297198,75.6282182095396,75.22435778081301,75.38732147216797,3816700,0.0,0.0,0.0
2014-02-25,75.74869917997084,76.06753448346623,75.73452559878056,76.0604476928711,6225400,0.0,0.0,0.0
2014-02-26,76.03208459504387,76.46428680419922,75.98248788607371,76.46428680419922,7203900,0.0,0.0,0.0
2014-02-27,76.7193452810238,76.91773208624465,76.5918101340054,76.88230895996094,5394700,0.0,0.0,0.0
2014-02-28,76.71938439577104,77.04530651417902,76.36512051850528,76.92485809326172,8462600,0.0,0.0,0.0
2014-03-03,77.33178571094113,77.54486223827762,77.16132774032866,77.43832397460938,11089400,0.0,0.0,0.0
2014-03-04,76.95535105838204,76.95535105838204,76.25220722611304,76.27351379394531,8068100,0.0,0.0,0.0
2014-03-05,76.23803849067596,76.55054942982605,76.13860417708524,76.4369125366211,4798500,0.0,0.0,0.0
2014-03-06,75.82607383956204,75.97522526113232,75.65561042740009,75.68402099609375,7418200,0.0,0.0,0.0
2014-03-07,75.03059840012173,75.40702897368982,75.00218782982724,75.20816040039062,8270300,0.0,0.0,0.0
2014-03-10,75.2436583062081,75.36439913915152,75.13001605019477,75.31468200683594,3744300,0.0,0.0,0.0
2014-03-11,75.27210616612365,75.52779053131842,75.13005327572245,75.51358795166016,3815700,0.0,0.0,0.0
2014-03-12,75.93971975981894,76.18120691315823,75.84028546690351,76.03915405273438,6430500,0.0,0.0,0.0
2014-03-13,75.78350140797275,77.08325726839323,75.74799223956201,77.06195068359375,11815500,0.0,0.0,0.0
2014-03-14,77.39571803116455,77.40282202773912,76.93405579152798,77.07610321044922,9232800,0.0,0.0,0.0
2014-03-17,76.83463379366583,76.91986550989668,76.4724057731379,76.50081634521484,7381900,0.0,0.0,0.0
2014-03-18,76.47951387777799,76.81333134415489,76.4226927305728,76.77781677246094,4819500,0.0,0.0,0.0
2014-03-19,76.64998198752389,76.69260056291766,75.86160607728345,76.18122100830078,11557600,0.0,0.0,0.0
2014-03-20,76.06049774960852,76.44403253179921,75.98947399411362,76.04629516601562,5224400,0.0,0.0,0.0
2014-03-21,76.28776724416747,76.93409033484767,76.25935666387457,76.87017059326172,8986200,0.0,0.0,0.0
2014-03-24,76.74233473099368,77.48098823056053,76.67130556251264,77.41706848144531,7536400,0.0,0.0,0.0
2014-03-25,76.9980378600669,77.28923690981372,76.8275743287966,77.1258773803711,5032000,0.0,0.0,0.0
2014-03-26,77.09742528448622,77.7579561645144,77.04770813948463,77.72954559326172,7147200,0.0,0.0,0.0
2014-03-27,77.87154686864223,78.40423257163938,77.7152915287616,78.12013244628906,9772200,0.0,0.0,0.0
2014-03-28,78.02786015504944,78.04916673199095,77.43124890687112,77.67984008789062,6027000,0.0,0.0,0.0
2014-03-31,77.23237787415002,78.88725726902477,76.94827754672846,77.48806762695312,7488400,0.0,0.0,0.0
2014-04-01,77.08932907654558,77.16053557134107,76.79025310607281,76.82585906982422,9067300,0.0,0.0,0.0
2014-04-02,76.4697970347175,76.58373173660647,76.31313953597298,76.38434600830078,6887200,0.0,0.0,0.0
2014-04-03,76.56239761011837,76.86147361397838,76.50543566754743,76.71905517578125,4937400,0.0,0.0,0.0
2014-04-04,76.8116434960632,77.39554562475499,76.79739893311202,77.23176574707031,8977500,0.0,0.0,0.0
2014-04-07,77.34564931594471,77.82273863749879,77.33140476242362,77.69456481933594,7562500,0.0,0.0,0.0
2014-04-08,77.63760642239484,77.9509214435198,77.41686471171461,77.87971496582031,4213800,0.0,0.0,0.0
2014-04-09,77.53083216844568,77.86550875441662,77.35993545127006,77.49523162841797,5771500,0.0,0.0,0.0
2014-04-10,77.55928526438697,78.48498586327484,77.5450461405347,78.21439361572266,12706400,0.0,0.0,0.0
2014-04-11,78.71284079368688,78.89085970119042,78.42088717768225,78.84813690185547,10267000,0.0,0.0,0.0
2014-04-14,78.67013102070885,78.82678312177775,78.54195716877479,78.64164733886719,4142600,0.0,0.0,0.0
2014-04-15,78.76268054630918,79.40354965654186,78.57753937386296,79.1329574584961,7752000,0.0,0.0,0.0
2014-04-16,78.63452499556249,79.232666015625,78.598919035113,79.232666015625,5523000,0.0,0.0,0.0
2014-04-17,79.30385397491854,79.3608158886372,78.11468370731815,78.3639144897461,8622500,0.0,0.0,0.0
2014-04-21,78.59175053030933,78.76976935013023,78.21434606881827,78.29979705810547,4316300,0.0,0.0,0.0
2014-04-22,78.086272409862,78.6772914793957,78.05066642964596,78.56336212158203,5748700,0.0,0.0,0.0
2014-04-23,78.75555422454138,79.07599147955322,78.70570915367803,79.01190185546875,5748600,0.0,0.0,0.0
2014-04-24,78.64874272046664,79.18992166234932,78.64874272046664,79.16143798828125,6337800,0.0,0.0,0.0
2014-04-25,79.38928171255483,79.74531939859713,79.2682302031494,79.27535247802734,5976500,0.0,0.0,0.0
2014-04-28,79.11872550075478,79.23977705678512,78.71996487726375,78.89086151123047,7606000,0.0,0.0,0.0
2014-04-29,78.44938115789344,78.848147257313,78.35681326960841,78.7840576171875,5235200,0.0,0.0,0.0
2014-04-30,78.84101599486834,79.22553749368471,78.59890745144796,79.11160278320312,7721400,0.0,0.0,0.0
2014-05-01,79.14656076148833,80.00312856064618,79.11800795692734,79.96029663085938,11556500,0.0,0.0,0.0
2014-05-02,79.6176858460441,80.73121816199571,79.44637443879571,80.45283508300781,12702100,0.0,0.0,0.0
2014-05-05,80.48855530271823,80.52424224171729,79.86754374848658,79.96747589111328,8043000,0.0,0.0,0.0
2014-05-06,80.02460199143584,80.44574392220972,79.97463590734583,80.28871154785156,6522600,0.0,0.0,0.0
2014-05-07,80.16730751462651,80.35289803784573,79.90320357923996,80.00313568115234,8199200,0.0,0.0,0.0
2014-05-08,80.18870515725638,80.48850685055635,79.5605598608894,79.66049194335938,10878800,0.0,0.0,0.0
2014-05-09,79.61056064085756,79.81042489300994,79.2179717015275,79.40355682373047,6000600,0.0,0.0,0.0
2014-05-12,79.23937415848235,79.32502714294354,78.90388544696485,79.08233642578125,4563800,0.0,0.0,0.0
2014-05-13,79.54633872119722,79.76761627197266,79.46781982655556,79.76761627197266,5501000,0.0,0.0,0.0
2014-05-14,80.39576045921214,80.82404731128204,80.34579438592313,80.63131713867188,8851400,0.0,0.0,0.0
2014-05-15,81.21662941152364,81.66632947870401,81.08814445602826,81.27373504638672,12627900,0.0,0.0,0.0
2014-05-16,81.09529230704692,81.37367549807938,80.95966777186416,81.04532623291016,5019200,0.0,0.0,0.0
2014-05-19,81.32365198802441,81.34506522668912,80.38857092706702,80.44567108154297,7403300,0.0,0.0,0.0
2014-05-20,80.37436848099867,81.00251979249718,80.36722891266938,80.62419891357422,6549800,0.0,0.0,0.0
2014-05-21,80.10309238676444,80.23157733524332,79.85326205524795,80.13164520263672,8224600,0.0,0.0,0.0
2014-05-22,80.13164442889021,80.23157656053188,79.79615565299635,80.0174331665039,6495700,0.0,0.0,0.0
2014-05-23,80.31718620366495,80.59557464397548,80.26722016481737,80.44567108154297,3835000,0.0,0.0,0.0
2014-05-27,80.55276757473948,80.9453618910239,80.2315580038824,80.91680908203125,6658300,0.0,0.0,0.0
2014-05-28,81.4450320893133,81.9732455035703,81.43789252474585,81.91614532470703,10361000,0.0,0.0,0.0
2014-05-29,81.99466022614283,82.22307726820965,81.46644139157618,81.48072052001953,10692000,0.0,0.0,0.0
2014-05-30,81.34509047429607,81.65916592789951,81.23801880185023,81.44502258300781,6518900,0.0,0.0,0.0
2014-06-02,80.89684512651489,81.3548593788692,80.54617915892251,80.83959197998047,11728200,0.0,0.0,0.0
2014-06-03,80.44597274271204,80.53900499219515,79.80188862332278,79.8448257446289,12694100,0.0,0.0,0.0
2014-06-04,79.9808382409376,80.02377538246421,79.63016671859677,79.82339477539062,7882000,0.0,0.0,0.0
2014-06-05,79.52997913287689,80.13112643460299,79.4512573974132,79.85917663574219,6915600,0.0,0.0,0.0
2014-06-06,80.2456273025742,80.44601337645773,79.78761291076489,79.85917663574219,7832800,0.0,0.0,0.0
2014-06-09,79.75893945885103,79.89491427837653,79.58002752156338,79.74462890625,5162800,0.0,0.0,0.0
2014-06-10,79.46556418825527,79.63016019058854,79.31527874527033,79.45124816894531,5986000,0.0,0.0,0.0
2014-06-11,79.62297929063361,79.82335980993344,79.32956105883054,79.59435272216797,5569700,0.0,0.0,0.0
2014-06-12,79.65159694230871,80.40302380556277,79.43690043283097,80.3028335571289,9775900,0.0,0.0,0.0
2014-06-13,79.84484109393905,80.59627362100791,79.816214520912,80.25991821289062,5412500,0.0,0.0,0.0
2014-06-16,80.30290651462333,80.60347753300235,80.22418475362444,80.4603500366211,5184600,0.0,0.0,0.0
2014-06-17,80.20268741877449,80.21699797929601,79.78045763386402,79.82339477539062,6668800,0.0,0.0,0.0
2014-06-18,80.009401910153,80.696422934181,79.8376425591777,80.43878936767578,11256500,0.0,0.0,0.0
2014-06-19,80.51759758328718,80.55337672489611,79.25089694312413,79.40834045410156,14215500,0.0,0.0,0.0
2014-06-20,79.41546363798678,80.00945281982422,79.36536849373309,80.00945281982422,7319100,0.0,0.0,0.0
2014-06-23,80.20981858416161,80.28138228274217,79.73033579771564,79.75895690917969,5821700,0.0,0.0,0.0
2014-06-24,80.25990579504125,80.61772971257602,80.02374069907798,80.56763458251953,9698300,0.0,0.0,0.0
2014-06-25,80.9397653094316,81.12583526672925,80.64635254980782,80.7751693725586,5699300,0.0,0.0,0.0
2014-06-26,81.01853395081129,81.44076923781044,81.01853395081129,81.16166687011719,6628900,0.0,0.0,0.0
2014-06-27,81.35491084890631,81.45510118874775,80.98992863379021,81.04002380371094,7216500,0.0,0.0,0.0
2014-06-30,81.26897538768061,81.44073481825644,80.93261999441994,81.24034881591797,5593100,0.0,0.0,0.0
2014-07-01,80.71800719913699,80.89020408176388,80.5027569903232,80.5601577758789,8019200,0.0,0.0,0.0
2014-07-02,80.09379875008533,80.12249914744173,79.62025587880753,79.69918060302734,9382500,0.0,0.0,0.0
2014-07-03,79.19688976384029,79.54128887501318,79.16818938173937,79.41213989257812,6173900,0.0,0.0,0.0
2014-07-07,79.8354824966285,80.22292956178875,79.80678757983722,79.99333190917969,5928900,0.0,0.0,0.0
2014-07-08,80.53147386998225,80.97632183805055,80.53147386998225,80.89022064208984,6352100,0.0,0.0,0.0
2014-07-09,80.83283086967425,81.17722472908419,80.63192806530314,80.95480346679688,6395200,0.0,0.0,0.0
2014-07-10,81.46420649208048,81.55030767623009,80.94761033526393,80.97631072998047,7196900,0.0,0.0,0.0
2014-07-11,81.32790160831331,81.56467581923407,81.27767727333394,81.49292755126953,4676500,0.0,0.0,0.0
2014-07-14,81.2776906146086,81.37096830491129,81.0265688984915,81.14136505126953,4743300,0.0,0.0,0.0
2014-07-15,80.9547868024532,81.41398216983669,80.71801265157218,80.97631072998047,7720000,0.0,0.0,0.0
2014-07-16,81.07676821104414,81.49291576872912,81.03372035129783,81.40681457519531,4615800,0.0,0.0,0.0
2014-07-17,81.95932585745605,82.54767060240991,81.75125198162505,82.43286895751953,10901000,0.0,0.0,0.0
2014-07-18,82.42563355253249,82.48303433393657,81.87316608512764,82.1673355102539,6677900,0.0,0.0,0.0
2014-07-21,82.51895201531482,82.96379460617335,82.51895201531482,82.57634735107422,5724100,0.0,0.0,0.0
2014-07-22,82.57630230320771,82.84177679818531,82.26060896960249,82.74850463867188,5753200,0.0,0.0,0.0
2014-07-23,82.8777044265697,82.96380017300703,82.63375370556385,82.64093017578125,3489600,0.0,0.0,0.0
2014-07-24,82.1673765560353,82.21042990061507,81.97365566457519,82.02388000488281,6609000,0.0,0.0,0.0
2014-07-25,82.75571844754276,82.99966914531518,82.62657484018615,82.99249267578125,7041800,0.0,0.0,0.0
2014-07-28,82.93511904680143,83.15754588290737,82.59790150478794,82.87772369384766,5138300,0.0,0.0,0.0
2014-07-29,83.13595300696007,83.27944948142691,82.81307772835024,83.17900085449219,6579300,0.0,0.0,0.0
2014-07-30,82.61940109284643,82.78442157926753,81.91625485449718,82.02388000488281,12251200,0.0,0.0,0.0
2014-07-31,81.45706228125381,82.21043288728028,81.41401440915267,81.77993774414062,18254000,0.0,0.0,0.0
2014-08-01,81.70795263029693,82.63596224466312,81.32667851113185,82.41294860839844,14951200,0.0,0.0,0.0
2014-08-04,82.39139853279077,82.59282603003714,82.1971664428711,82.1971664428711,5183800,0.0,0.0,0.0
2014-08-05,82.06043259736055,82.58558725176364,81.77987225096905,82.46328735351562,8032000,0.0,0.0,0.0
2014-08-06,83.06764124205972,83.06764124205972,82.44177239934142,82.51371002197266,7289200,0.0,0.0,0.0
2014-08-07,82.61440186579479,83.28343200683594,82.42016978739002,83.28343200683594,9745500,0.0,0.0,0.0
2014-08-08,83.398543252146,83.75104137970114,83.00287816821526,83.10359191894531,9536700,0.0,0.0,0.0
2014-08-11,83.19710350641563,83.31939797309127,82.93812376022782,83.09638977050781,6668800,0.0,0.0,0.0
2014-08-12,83.02447224430824,83.04605298029357,82.53528877085063,82.55686950683594,8122400,0.0,0.0,0.0
2014-08-13,82.63598255250437,83.1035796884391,82.57123487171393,83.09638977050781,8210500,0.0,0.0,0.0
2014-08-14,83.39855290953662,83.80860336741706,83.01008318809907,83.76544189453125,9028200,0.0,0.0,0.0
2014-08-15,83.95966716553916,85.14665696951607,83.94528183857956,84.6790542602539,17606700,0.0,0.0,0.0
2014-08-18,84.31940589704335,84.38415362427772,83.72950838280906,83.83741760253906,7595300,0.0,0.0,0.0
2014-08-19,84.2258107511425,84.2761676093309,83.4344863416882,83.57836151123047,5936900,0.0,0.0,0.0
2014-08-20,83.47769061025399,83.52804749427024,83.1395777510783,83.44171905517578,7275600,0.0,0.0,0.0
2014-08-21,83.49927415138534,83.99565308798901,83.46330259509939,83.9093246459961,6790700,0.0,0.0,0.0
2014-08-22,83.98126505848951,84.47764401157434,83.59999069855036,84.3769302368164,10149900,0.0,0.0,0.0
2014-08-25,84.49202552821495,84.7294246244969,84.31937413477756,84.6934585571289,5760700,0.0,0.0,0.0
2014-08-26,84.84451570276501,84.88048176440618,84.3193607087146,84.42007446289062,5487600,0.0,0.0,0.0
2014-08-27,84.67181707710782,85.18258649222103,84.45600434826397,85.13941955566406,7265800,0.0,0.0,0.0
2014-08-28,85.70055589339367,85.87321269399673,85.36963859163382,85.58545684814453,9463600,0.0,0.0,0.0
2014-08-29,85.54951205365296,85.91640100902322,85.4272175646922,85.64303588867188,8512900,0.0,0.0,0.0
2014-09-02,84.56218108086033,84.63428279610976,84.14398343100211,84.16561889648438,10506000,0.0,0.0,0.0
2014-09-03,83.92767287841538,84.63427734375,83.86277748816585,84.63427734375,6553900,0.0,0.0,0.0
2014-09-04,84.08634952360678,84.27381298151401,83.5888380753666,83.60325622558594,12528900,0.0,0.0,0.0
2014-09-05,83.95656307568835,84.07192477897621,83.2355345518532,83.44463348388672,6886000,0.0,0.0,0.0
2014-09-08,83.93494153877411,84.09356320911603,83.24274924541109,83.4806900024414,9326400,0.0,0.0,0.0
2014-09-09,83.27154728151062,83.55995966865251,83.24270549269556,83.41575622558594,5353100,0.0,0.0,0.0
2014-09-10,82.89665426971747,83.00480965371928,82.76686890911756,82.88944244384766,8729400,0.0,0.0,0.0
2014-09-11,83.1057322555535,83.30761932090878,82.60822091520657,82.61543273925781,9274800,0.0,0.0,0.0
2014-09-12,81.97369030888913,82.13952369913267,81.6348062057722,81.75016784667969,11114900,0.0,0.0,0.0
2014-09-15,82.0890927226021,82.24771987102046,81.7357903017681,81.87278747558594,5510700,0.0,0.0,0.0
2014-09-16,81.9160220699445,82.0962791371698,81.53387796758834,81.54108428955078,9304700,0.0,0.0,0.0
2014-09-17,81.85835603034488,82.07466675777404,81.28153659221765,81.3320083618164,12917000,0.0,0.0,0.0
2014-09-18,81.6060166622077,81.82232744127155,81.36807590543977,81.59159851074219,7031200,0.0,0.0,0.0
2014-09-19,81.8943830739789,82.68751298213351,81.6203888413558,82.62982940673828,13236900,0.0,0.0,0.0
2014-09-22,82.67308060253761,82.9470692869715,82.51445354802046,82.73075866699219,6617200,0.0,0.0,0.0
2014-09-23,82.85340146083388,83.25717572817865,82.75245239298586,83.24275207519531,6362400,0.0,0.0,0.0
2014-09-24,83.12735363495376,83.3148225338404,82.65868413824185,82.78125762939453,5223300,0.0,0.0,0.0
2014-09-25,83.14176372967319,83.76906027231455,83.14176372967319,83.76184844970703,8947800,0.0,0.0,0.0
2014-09-26,83.65370800272925,83.84838874071811,83.36530105920623,83.63928985595703,7799600,0.0,0.0,0.0
2014-09-29,84.36031673503412,84.48289023397945,84.11516973714348,84.30984497070312,6791800,0.0,0.0,0.0
2014-09-30,84.11516759637199,84.38915638133716,83.73301796072347,83.8339614868164,7277500,0.0,0.0,0.0
2014-10-01,84.49102152919386,85.48129385497819,84.4476537899406,85.45960998535156,17194900,0.0,0.0,0.0
2014-10-02,85.17041747772004,85.4378590300062,84.67166677686306,84.71503448486328,8251800,0.0,0.0,0.0
2014-10-03,84.57052464696386,85.12709746816493,84.44764572100891,85.07649993896484,8561500,0.0,0.0,0.0
2014-10-06,85.01871684332669,85.43072705862531,84.83078071441446,85.12713623046875,4485500,0.0,0.0,0.0
2014-10-07,85.51741407832668,86.32697996983879,85.42344882451046,86.27638244628906,8837700,0.0,0.0,0.0
2014-10-08,86.34143291524757,86.39203043813718,85.66198125283223,86.29806518554688,9391300,0.0,0.0,0.0
2014-10-09,86.21132862974234,86.5004597102365,85.85714595136324,85.92220306396484,10291700,0.0,0.0,0.0
2014-10-10,86.39202939721888,86.79681509017502,86.24023683037895,86.77513122558594,8774400,0.0,0.0,0.0
2014-10-13,86.85463229611138,87.58468138764606,86.7751211253952,87.30278015136719,6450700,0.0,0.0,0.0
2014-10-14,87.68588143733716,88.02561000170444,87.23050376376682,87.87381744384766,11285400,0.0,0.0,0.0
2014-10-15,90.0495425237574,92.29029898800528,88.06899799377248,88.5677490234375,37407500,0.0,0.0,0.0
2014-10-16,89.71701831113666,89.72424258871456,87.77984758012869,88.00392150878906,18096600,0.0,0.0,0.0
2014-10-17,87.59911581599641,87.9749821848574,87.08591100720831,87.51237487792969,8524300,0.0,0.0,0.0
2014-10-20,88.02565048653143,88.07624802908789,87.41847997585397,87.83049011230469,7742500,0.0,0.0,0.0
2014-10-21,87.34616240875232,87.6352934853991,87.12208844384145,87.12931823730469,9754700,0.0,0.0,0.0
2014-10-22,87.07871908209316,87.35339056667071,86.89801285191191,87.22328186035156,9260200,0.0,0.0,0.0
2014-10-23,86.7679120071798,86.86910706407274,86.05954109421228,86.44986724853516,10936300,0.0,0.0,0.0
2014-10-24,86.6884137016497,87.035372173076,86.3559148203383,86.53662109375,5704900,0.0,0.0,0.0
2014-10-27,86.65950473083187,86.93417629599931,86.49325803852884,86.69564819335938,3391900,0.0,0.0,0.0
2014-10-28,86.36316154495641,86.48604051143175,86.07403034787643,86.1535415649414,5141300,0.0,0.0,0.0
2014-10-29,85.98723567913665,86.60886543481602,85.59690963384618,86.34864807128906,9105100,0.0,0.0,0.0
2014-10-30,86.97029268792855,87.07148773384559,86.38480627730618,86.42094421386719,7024400,0.0,0.0,0.0
2014-10-31,86.2619586658588,86.52940598118757,85.89332177614466,86.19690704345703,6664200,0.0,0.0,0.0
2014-11-03,86.1534335732087,86.3418278245557,85.65346655270277,86.19690704345703,9726600,0.0,0.0,0.0
2014-11-04,86.53018363027252,86.88523526277501,86.28382668836674,86.46497344970703,3664800,0.0,0.0,0.0
2014-11-05,86.1606196561297,86.49392892312828,86.09540396902203,86.34176635742188,4799600,0.0,0.0,0.0
2014-11-06,85.93602186800291,86.17513691804386,85.7258909629512,85.78385925292969,5901900,0.0,0.0,0.0
2014-11-07,86.02299369178665,86.76931762695312,85.99400954026464,86.76931762695312,8550500,0.0,0.0,0.0
2014-11-10,86.64613342697442,86.64613342697442,85.90705143220578,85.9722671508789,4787300,0.0,0.0,0.0
2014-11-11,85.8490732752333,86.08818279241805,85.74762600568303,86.03022003173828,2416500,0.0,0.0,0.0
2014-11-12,86.37080108624403,86.60991621407827,85.82736062925467,85.9577865600586,4040800,0.0,0.0,0.0
2014-11-13,86.00848400937338,86.35628823945494,85.82009534923318,86.16065216064453,4475900,0.0,0.0,0.0
2014-11-14,86.10988148810199,86.65332151760563,85.99395048978329,86.58086395263672,5191200,0.0,0.0,0.0
2014-11-17,86.791036729772,86.79828414822084,86.13890727338978,86.36353302001953,4726200,0.0,0.0,0.0
2014-11-18,86.457753518327,86.64614775790079,86.34182242885541,86.60266876220703,4471200,0.0,0.0,0.0
2014-11-19,86.13888780706378,86.64610194880827,86.05194091796875,86.05194091796875,5792500,0.0,0.0,0.0
2014-11-20,86.87795551651529,86.9141815384071,86.26929975025372,86.50116729736328,5683600,0.0,0.0,0.0
2014-11-21,86.63894155261681,87.06645112331093,86.60270996032983,87.0229721069336,3640100,0.0,0.0,0.0
2014-11-24,86.71131436490096,87.14606540613124,86.62436747355055,87.09534454345703,4033900,0.0,0.0,0.0
2014-11-25,87.21855840667935,87.87068242790612,87.17507941794594,87.81996154785156,6770000,0.0,0.0,0.0
2014-11-26,88.13878706595528,88.30544455529221,88.015608568015,88.05908203125,4339100,0.0,0.0,0.0
2014-11-28,88.49382500740525,88.88510272456885,88.49382500740525,88.75467681884766,4562200,0.0,0.0,0.0
2014-12-01,89.09384381389073,89.188251663283,88.20784285253032,88.23689270019531,7728600,0.0,0.0,0.0
2014-12-02,87.75756547095527,87.76482931696401,87.35814259153206,87.37992858886719,5757200,0.0,0.0,0.0
2014-12-03,87.36537878111798,87.72849339693195,87.24191560081734,87.72122955322266,4868600,0.0,0.0,0.0
2014-12-04,87.69223716955734,88.45478057861328,87.59782930224372,88.45478057861328,4250500,0.0,0.0,0.0
2014-12-05,88.2877099896516,88.30949598564777,87.52516688564114,87.93911743164062,8030700,0.0,0.0,0.0
2014-12-08,88.17878908658906,89.21003369975853,87.97544570266174,89.01395416259766,6021800,0.0,0.0,0.0
2014-12-09,89.76191302773124,90.03061978152357,89.29712686057402,89.47142028808594,6639700,0.0,0.0,0.0
2014-12-10,89.45693136434309,90.3429320559689,89.38430953763562,90.12506103515624,6439200,0.0,0.0,0.0
2014-12-11,89.8636464122663,90.49546813964844,89.53684531850877,90.49546813964844,7863500,0.0,0.0,0.0
2014-12-12,91.10544856615716,91.75905593738136,90.79316979661054,91.72274780273438,9317400,0.0,0.0,0.0
2014-12-15,91.24345794842796,92.01325931051676,91.09095044503437,91.53395080566406,9387400,0.0,0.0,0.0
2014-12-16,92.49258422802934,92.7540272762039,91.76635476992026,92.66687774658205,7426400,0.0,0.0,0.0
2014-12-17,92.1657506062914,92.36909389616672,91.2870083968188,91.83168029785156,11558800,0.0,0.0,0.0
2014-12-18,90.72786581491263,90.85132351941256,90.19771575927734,90.19771575927734,12758200,0.0,0.0,0.0
2014-12-19,90.47366295112391,91.4685937157357,90.37199127504228,91.4104995727539,7894500,0.0,0.0,0.0
2014-12-22,91.10547259458548,91.6428863197139,91.01106477077718,91.53395080566406,4118800,0.0,0.0,0.0
2014-12-23,91.10544037228416,91.21437584780556,89.68203197001989,89.71834564208984,7406100,0.0,0.0,0.0
2014-12-24,89.55899110249801,90.2867579875888,89.46438340630766,90.20670318603516,4871400,0.0,0.0,0.0
2014-12-26,90.64341376586624,90.67251956991257,90.2576924569586,90.5415267944336,2921300,0.0,0.0,0.0
2014-12-29,90.90536543149992,91.45119060222086,90.83258430013385,91.21829986572266,4070700,0.0,0.0,0.0
2014-12-30,91.68410689948102,91.851490232615,91.35660835445871,91.4657745361328,4372600,0.0,0.0,0.0
2014-12-31,91.48028653029174,91.8223378221244,91.44390152095175,91.64039611816406,4993300,0.0,0.0,0.0
2015-01-02,91.9097101428772,92.9067530949754,91.80782319039096,92.65930938720705,9432000,0.0,0.0,0.0
2015-01-05,93.1614535091506,94.34044364900114,93.12506848910502,94.11483764648438,9789500,0.0,0.0,0.0
2015-01-06,95.1191323883313,96.42184136871556,94.74797526403344,95.81050872802734,18331300,0.0,0.0,0.0
2015-01-07,95.11913876808302,96.04340591000276,94.73342317043982,95.62129974365234,9762900,0.0,0.0,0.0
2015-01-08,94.87164619029237,94.87891985792004,94.18754386886276,94.35492706298828,8055300,0.0,0.0,0.0
2015-01-09,94.02745074536318,95.41748773843214,93.91100541398988,95.3883819580078,9398800,0.0,0.0,0.0
2015-01-12,95.33743770659324,96.29081030688502,95.2792150380086,95.93421173095705,6658100,0.0,0.0,0.0
2015-01-13,95.62126627541934,96.50914253786785,95.43932460040676,95.93421173095705,8260800,0.0,0.0,0.0
2015-01-14,97.31698063401744,97.60808292180194,96.57465536387431,96.66199493408205,12324500,0.0,0.0,0.0
2015-01-15,96.68388381901468,98.2704110972092,96.56015361397476,98.1830825805664,11454200,0.0,0.0,0.0
2015-01-16,97.76091283985444,98.01562454981998,96.8148138053716,96.93125915527344,9390500,0.0,0.0,0.0
2015-01-20,97.6154038836222,98.3286125264723,97.57173963475202,98.21945190429688,7758700,0.0,0.0,0.0
2015-01-21,98.39409690534552,98.67792559324695,96.7639059204116,97.08411407470705,9803900,0.0,0.0,0.0
2015-01-22,97.52075359500496,97.65174629189876,96.26899377987588,96.7347640991211,10200000,0.0,0.0,0.0
2015-01-23,97.73911012133463,98.3358732855973,97.62993840865173,98.08116149902344,7334600,0.0,0.0,0.0
2015-01-26,98.1320932775967,98.38681615308428,97.55716227085595,97.78276824951172,5966500,0.0,0.0,0.0
2015-01-27,98.77981686313554,99.07093034096106,97.62994361162303,97.93561553955078,8079600,0.0,0.0,0.0
2015-01-28,98.06659739669024,100.00246016630658,98.03020682789366,99.53668975830078,12230300,0.0,0.0,0.0
2015-01-29,99.0636174278651,99.4638914056638,98.58329975934724,98.88167572021484,8881400,0.0,0.0,0.0
2015-01-30,100.2207759068555,100.79570682136736,99.83504926718676,100.6355972290039,14871200,0.0,0.0,0.0
2015-02-02,99.68685612540484,100.57652758755636,99.65769149446332,100.2556610107422,13689900,0.0,0.0,0.0
2015-02-03,98.92114278726253,99.02323567511117,97.98771891913486,98.13357543945312,14008700,0.0,0.0,0.0
2015-02-04,97.34603012031454,98.43988763152686,97.07620436765556,98.30133056640624,11360400,0.0,0.0,0.0
2015-02-05,97.7179148840712,97.88563654770824,97.06889335717165,97.22203826904295,8334600,0.0,0.0,0.0
2015-02-06,96.29591224160164,96.51468594002375,95.23121951050342,95.50104522705078,13685600,0.0,0.0,0.0
2015-02-09,96.23759504012143,96.24488341848476,95.3479232788086,95.3479232788086,8025500,0.0,0.0,0.0
2015-02-10,94.90305988599968,95.14370982976756,94.3925953661702,94.58949279785156,8290700,0.0,0.0,0.0
2015-02-11,94.58222438476588,94.99789564080862,94.04259505525924,94.76453399658205,6506400,0.0,0.0,0.0
2015-02-12,94.55305118023288,95.19477338915088,94.39990622416592,94.45095825195312,12548300,0.0,0.0,0.0
2015-02-13,94.44366807364922,94.45825595835689,93.40815080531992,93.4810791015625,8325200,0.0,0.0,0.0
2015-02-17,93.19665896029666,93.29145793841298,91.82568736621766,92.0736312866211,14968800,0.0,0.0,0.0
2015-02-18,92.4820026325452,93.1529005452331,92.22677033572336,92.6205596923828,14009200,0.0,0.0,0.0
2015-02-19,92.45280841776284,92.94139662528907,92.00797271728516,92.00797271728516,8584800,0.0,0.0,0.0
2015-02-20,92.64976051039764,93.3498232909454,91.88405780324447,92.27784729003906,12502500,0.0,0.0,0.0
2015-02-23,92.7518253791535,93.46647583004012,92.72994911934124,93.33521270751952,7500500,0.0,0.0,0.0
2015-02-24,93.08723671540169,94.64780010885671,92.74449394716716,94.56029510498048,11958300,0.0,0.0,0.0
2015-02-25,94.40718355484022,95.08536974898423,94.13006947432956,94.96868896484376,8019800,0.0,0.0,0.0
2015-02-26,94.58218673430572,95.0197340794077,93.63417490477892,93.67063903808594,11020500,0.0,0.0,0.0
2015-02-27,94.08628356872292,94.52381966302012,93.53935510538535,94.45819091796876,9225100,0.0,0.0,0.0
2015-03-02,94.25514109147788,94.30629264358387,92.62576681983256,92.69883728027344,11324000,0.0,0.0,0.0
2015-03-03,92.71342263168798,93.06414179245772,92.34078456858734,92.36270904541016,8599000,0.0,0.0,0.0
2015-03-04,92.74994928370664,92.82301414289049,92.18003557778457,92.39192199707033,6478900,0.0,0.0,0.0
2015-03-05,92.45038120064982,92.70611100910877,91.9900675454237,92.2750244140625,6045000,0.0,0.0,0.0
2015-03-06,91.09135129755582,91.20825953536897,89.84923193049485,90.23648071289062,20022900,0.0,0.0,0.0
2015-03-09,91.09866981179916,91.23749696636072,90.6968046667484,91.06944274902344,8889100,0.0,0.0,0.0
2015-03-10,92.04120509712394,92.38461605474426,91.88776722606848,92.26770782470705,9277900,0.0,0.0,0.0
2015-03-11,92.25310213967197,93.12989161504387,92.1508102200283,92.9399185180664,6663100,0.0,0.0,0.0
2015-03-12,93.6706079933152,93.6706079933152,92.58923433554466,92.87419128417967,10295900,0.0,0.0,0.0
2015-03-13,92.61841467570936,93.2248579216252,92.4211334572685,92.58918762207033,7247200,0.0,0.0,0.0
2015-03-16,93.48059844970705,93.63403073449238,92.99105224212222,93.48059844970705,6374600,0.0,0.0,0.0
2015-03-17,93.92631702287332,94.33548471615866,93.72903576040235,94.25511169433594,6314000,0.0,0.0,0.0
2015-03-18,94.92000397198105,96.10366911418193,93.97014413549464,96.07444763183594,13981900,0.0,0.0,0.0
2015-03-19,95.86252768242116,96.16940334578698,95.18301967403532,95.58488464355467,9543800,0.0,0.0,0.0
2015-03-20,95.87719434206798,96.22790797737136,95.8187402113532,96.08908081054688,5953800,0.0,0.0,0.0
2015-03-23,96.2278769066596,96.2644121201828,95.70911478116854,95.97215270996094,5555500,0.0,0.0,0.0
2015-03-24,96.3228464422936,96.91467887323786,96.06711114915444,96.90006256103516,6713000,0.0,0.0,0.0
2015-03-25,96.97315467359186,97.00237615555685,96.05252748043736,96.08174896240234,5635800,0.0,0.0,0.0
2015-03-26,95.7529604870766,95.8187171874608,94.3866192015248,94.58390045166016,9536300,0.0,0.0,0.0
2015-03-27,95.00771319043248,95.81144360165798,94.97117796283383,95.76029205322266,7907900,0.0,0.0,0.0
2015-03-30,95.6434167571523,95.7164872375403,95.05158377257536,95.285400390625,7010600,0.0,0.0,0.0
2015-03-31,95.16114212849855,95.68721810827589,94.92002304201856,95.48993682861328,6844300,0.0,0.0,0.0
2015-04-01,96.15840232981463,97.00041538268302,96.13643754911858,96.74415588378906,9273900,0.0,0.0,0.0
2015-04-02,96.59775664685466,96.62705048374326,95.63127230371134,95.71913146972656,6663400,0.0,0.0,0.0
2015-04-06,96.2316723563995,96.26828407032882,94.97963441523294,95.18464660644533,5923800,0.0,0.0,0.0
2015-04-07,95.35301326287195,96.07788472119164,95.07478891481112,95.98269653320312,4764900,0.0,0.0,0.0
2015-04-08,95.93146737849084,96.18040911664966,95.199277909324,96.0120086669922,5378900,0.0,0.0,0.0
2015-04-09,95.82160437746542,95.85821607473731,94.5476022220467,94.76725006103516,6484200,0.0,0.0,0.0
2015-04-10,95.4188904987074,95.51406748615032,94.85510175386258,94.9063491821289,4843000,0.0,0.0,0.0
2015-04-13,94.84042994775336,95.169912727408,94.73792394580931,95.03812408447266,4010600,0.0,0.0,0.0
2015-04-14,96.14377336018964,96.54647970196702,95.53605491211142,95.71178436279295,6075500,0.0,0.0,0.0
2015-04-15,95.9534135656662,96.11449611143875,95.41891848505136,95.6312484741211,4425200,0.0,0.0,0.0
2015-04-16,95.79232796246208,95.8142927477916,94.75262049168364,95.15532684326172,7085500,0.0,0.0,0.0
2015-04-17,95.01620425035436,96.42932417210992,94.96494563898048,96.24627685546876,7268800,0.0,0.0,0.0
2015-04-20,95.8728105631606,95.92405797346112,95.13329266854288,95.39688110351562,4949400,0.0,0.0,0.0
2015-04-21,95.35297935684878,95.51406184586364,94.86241402114663,94.96492004394533,4563800,0.0,0.0,0.0
2015-04-22,94.81853220653414,94.85514391289338,93.38344157861252,93.5152359008789,9707600,0.0,0.0,0.0
2015-04-23,93.57378551351088,94.34258643688744,93.43466777270775,93.91791534423828,6843400,0.0,0.0,0.0
2015-04-24,94.1887997468006,94.76722418540386,94.15218805952532,94.50364685058594,4773000,0.0,0.0,0.0
2015-04-27,94.50364685058594,94.81848278205293,93.9911055733688,94.50364685058594,4334900,0.0,0.0,0.0
2015-04-28,93.84471068519248,94.26206399091102,93.17842125993845,93.20038604736328,7464300,0.0,0.0,0.0
2015-04-29,92.11672977031108,92.5780125830461,91.7286703531066,92.05815887451172,11554800,0.0,0.0,0.0
2015-04-30,91.55293378765477,92.38030553241585,91.16487442430522,92.21922302246094,12876000,0.0,0.0,0.0
2015-05-01,91.5133960287175,91.74083873363224,90.75035575699933,90.97779846191406,12378500,0.0,0.0,0.0
2015-05-04,91.1979668870602,91.36671300314468,90.0387315601711,90.11943817138672,9144700,0.0,0.0,0.0
2015-05-05,90.14142614562049,90.26615247896534,89.28300759594967,89.99468994140625,13935500,0.0,0.0,0.0
2015-05-06,89.50310611179954,89.5544643397146,88.31452838072892,88.45392608642578,14355000,0.0,0.0,0.0
2015-05-07,89.0922479160882,89.92865661238645,89.03355119412367,89.64251708984375,11933700,0.0,0.0,0.0
2015-05-08,90.52295226123506,90.6476842040932,89.7379017388626,89.8846435546875,11716400,0.0,0.0,0.0
2015-05-11,89.23168533673984,89.2536952164821,87.67625519594134,87.6982650756836,13738600,0.0,0.0,0.0
2015-05-12,87.41208453004907,88.50528429406326,87.17730325997299,87.92566680908203,15861700,0.0,0.0,0.0
2015-05-13,88.51993612206233,88.57129433537386,87.04521371465178,87.22129821777344,15760000,0.0,0.0,0.0
2015-05-14,87.25065994971881,87.91832242279509,87.08191390765371,87.45609283447266,9128400,0.0,0.0,0.0
2015-05-15,88.32188863408572,89.44444270221221,88.2558590052935,89.20965576171875,12630600,0.0,0.0,0.0
2015-05-18,88.27782338654006,88.35852995633442,87.65418629073214,87.71288299560547,10208300,0.0,0.0,0.0
2015-05-19,86.77374465091033,87.92564079099253,86.67102822549856,86.9351577758789,8435300,0.0,0.0,0.0
2015-05-20,87.1405697499799,87.63948038143556,86.70769428911163,87.08187866210938,7789700,0.0,0.0,0.0
2015-05-21,87.73491754338983,88.4906196389549,87.6395339717295,88.29985809326172,11760700,0.0,0.0,0.0
2015-05-22,88.51997855895004,88.59334667062161,87.89634121329944,88.33655548095703,5417900,0.0,0.0,0.0
2015-05-26,88.65935525902651,89.91397374077611,88.58598716476018,89.84793853759766,10469700,0.0,0.0,0.0
2015-05-27,89.64246385328023,90.14137449843234,89.22425975349275,90.05332946777344,6490300,0.0,0.0,0.0
2015-05-28,89.87724878330974,90.26610455589518,89.67181596742495,89.8332290649414,6237600,0.0,0.0,0.0
2015-05-29,90.41284919083613,90.66230173312084,89.88459016291013,90.03132629394531,7912000,0.0,0.0,0.0
2015-06-01,89.78432231916341,89.9828438612566,88.74023442582178,89.06375122070312,13108100,0.0,0.0,0.0
2015-06-02,88.35786805075686,88.42404562241869,87.57847946921859,87.82112121582031,10076200,0.0,0.0,0.0
2015-06-03,87.04912210460967,87.20352903121123,86.17414391083653,86.40943145751953,14810900,0.0,0.0,0.0
2015-06-04,86.95352603559688,87.71085754290611,86.86529111456886,87.53439331054688,10859300,0.0,0.0,0.0
2015-06-05,86.64473363553115,87.18148642219275,86.30650808066574,86.46826934814453,11200200,0.0,0.0,0.0
2015-06-08,86.73297119387439,86.88002944587035,86.2991619723084,86.37268829345703,5334000,0.0,0.0,0.0
2015-06-09,86.07114451323413,86.1226134520241,85.37263668541398,85.68880462646484,12393900,0.0,0.0,0.0
2015-06-10,85.23293815868873,85.38734498462874,84.7476603642621,84.93882751464844,12183600,0.0,0.0,0.0
2015-06-11,85.70356283146535,86.74030219298979,85.46827530121612,86.72559356689453,13849300,0.0,0.0,0.0
2015-06-12,86.460894394152,87.54910272761542,86.4314883613559,86.72559356689453,7863100,0.0,0.0,0.0
2015-06-15,87.41675107203368,87.5417463423986,86.57118460188221,86.86529541015625,8194200,0.0,0.0,0.0
2015-06-16,87.21088490878134,87.55646472629084,86.71825247559438,87.54911041259766,7046400,0.0,0.0,0.0
2015-06-17,87.12997204535638,87.22555564920685,86.21087951323237,86.87262725830078,13626100,0.0,0.0,0.0
2015-06-18,86.29912204731646,86.5711698706774,85.84325009157935,86.44617462158203,10123300,0.0,0.0,0.0
2015-06-19,87.1373210571798,87.63730758863703,87.12261243613075,87.55642700195312,10439200,0.0,0.0,0.0
2015-06-22,86.64467119798918,86.8652556055397,85.72557884935287,85.76969909667969,9769000,0.0,0.0,0.0
2015-06-23,85.0932417250314,85.99762538292721,85.06383009904455,85.25499725341797,8945100,0.0,0.0,0.0
2015-06-24,85.66677105143957,86.15204895027037,85.40942628617361,85.99028778076172,8600400,0.0,0.0,0.0
2015-06-25,85.72556494863277,86.08585312985618,85.43145993251498,85.68880462646484,8287800,0.0,0.0,0.0
2015-06-26,85.04915614157281,85.19621433143817,84.46828891342143,84.72563934326172,11673000,0.0,0.0,0.0
2015-06-29,85.99768457315578,87.25500299858305,85.63004740982507,86.96824645996094,17132900,0.0,0.0,0.0
2015-06-30,86.32116550811216,87.2770183067075,86.26969655441623,86.36528015136719,13469000,0.0,0.0,0.0
2015-07-01,85.34688491089767,85.74480751589445,85.05949729985166,85.19950866699219,12451500,0.0,0.0,0.0
2015-07-02,85.71532806007248,85.96587441215324,85.39109358868906,85.47952270507812,6682100,0.0,0.0,0.0
2015-07-06,86.99020039158556,87.43233496294644,86.2606724456917,87.06388854980469,10605800,0.0,0.0,0.0
2015-07-07,88.17657121372241,88.78818779896274,87.65337252032846,87.8818130493164,16160100,0.0,0.0,0.0
2015-07-08,88.4418363505381,88.84712947882007,88.05865472001632,88.64080047607422,9951800,0.0,0.0,0.0
2015-07-09,87.46913866141745,87.77863778827594,86.84278115251784,86.89436340332031,11108900,0.0,0.0,0.0
2015-07-10,85.50900981059023,86.01009695560678,85.30268080182644,85.5163803100586,13636600,0.0,0.0,0.0
2015-07-13,85.03005145372707,85.81852644798674,85.03005145372707,85.2511215209961,8006700,0.0,0.0,0.0
2015-07-14,85.4942734230075,85.67849656534655,85.22899727031988,85.53112030029297,4227800,0.0,0.0,0.0
2015-07-15,85.56063380982053,86.62176136926199,85.50905153246138,86.43753814697266,8720400,0.0,0.0,0.0
2015-07-16,86.135390908266,87.071247825323,86.12065552734059,87.0344009399414,7306500,0.0,0.0,0.0
2015-07-17,87.2260286922438,87.60921058846363,87.2186581878797,87.48394012451172,7404900,0.0,0.0,0.0
2015-07-20,87.16698445401805,87.43226611234148,86.87959692784128,87.11540222167969,5941000,0.0,0.0,0.0
2015-07-21,86.71749527245085,87.63861074499896,86.70275989858887,87.58702850341797,5627500,0.0,0.0,0.0
2015-07-22,87.69760597998226,88.35344006446928,87.6533885928846,88.13236999511719,6228900,0.0,0.0,0.0
2015-07-23,88.13234783701314,89.3113747923558,88.02181283012764,89.23031616210938,9087700,0.0,0.0,0.0
2015-07-24,89.53242121875478,89.56926808535728,89.10502230315282,89.45136260986328,7307900,0.0,0.0,0.0
2015-07-27,90.04088624429757,90.1145743615988,89.51769330280291,89.93035125732422,8172000,0.0,0.0,0.0
2015-07-28,89.2819142627219,89.58403731929582,89.09032060364781,89.27454376220703,9128200,0.0,0.0,0.0
2015-07-29,89.17872987992794,89.28926488182012,88.73659549440299,88.94292449951172,6706400,0.0,0.0,0.0
2015-07-30,89.31873375222844,89.85666771781443,89.27452200400391,89.62822723388672,6146600,0.0,0.0,0.0
2015-07-31,90.22511761666377,90.5640874849465,89.94509487439802,90.29143524169922,9178400,0.0,0.0,0.0
2015-08-03,90.33354546386184,91.38960332768802,90.33354546386184,91.24190521240234,11753700,0.0,0.0,0.0
2015-08-04,90.9538999133688,91.07205729168464,90.43694518455972,90.51818084716795,6448800,0.0,0.0,0.0
2015-08-05,89.92738463800214,90.03078009994341,89.49905776686501,89.8387680053711,7574400,0.0,0.0,0.0
2015-08-06,90.09725877036892,90.73975764405525,90.09725877036892,90.63636779785156,6118100,0.0,0.0,0.0
2015-08-07,91.0573106788541,91.94351094021091,91.01299672175956,91.82534790039062,8317000,0.0,0.0,0.0
2015-08-10,91.1385206598318,91.25667803200884,90.48124879624342,90.6880340576172,7461700,0.0,0.0,0.0
2015-08-11,91.79576638330592,92.4087185310494,91.69237659287587,92.12808990478516,11145700,0.0,0.0,0.0
2015-08-12,92.26103519053083,92.83706572482596,91.57422825325853,91.62592315673828,8455200,0.0,0.0,0.0
2015-08-13,91.4486912672844,91.8844046820851,90.99820465932162,91.33052825927734,7691400,0.0,0.0,0.0
2015-08-14,91.18282104786924,91.8474738158751,90.98342240030662,91.54468536376952,4324700,0.0,0.0,0.0
2015-08-17,92.09854619071052,92.3865614025265,91.86222587244302,91.9582290649414,7880300,0.0,0.0,0.0
2015-08-18,91.426493791393,91.78835797188891,91.11631885950536,91.23448181152344,5024300,0.0,0.0,0.0
2015-08-19,90.88000381693864,92.26100381790272,90.82830893103728,92.13545989990234,10736000,0.0,0.0,0.0
2015-08-20,92.58599537076796,93.12509866158648,92.44567819141818,93.0660171508789,9078300,0.0,0.0,0.0
2015-08-21,93.16938743183904,93.5977141829021,92.74843600755597,93.34662628173828,10718300,0.0,0.0,0.0
2015-08-24,94.7571847231534,95.20767136968244,92.91831641961596,93.31710815429688,16663400,0.0,0.0,0.0
2015-08-25,91.98044928727424,92.15768823385486,91.24932806827066,91.81797790527344,15354800,0.0,0.0,0.0
2015-08-26,90.83571360055174,91.21235106382248,89.62457120329007,90.04551696777344,16429900,0.0,0.0,0.0
2015-08-27,89.96429082252072,90.73971998152184,89.83874686628525,90.09722137451172,9127000,0.0,0.0,0.0
2015-08-28,90.9465230339389,91.18284345014344,90.26710254164128,90.36310577392578,9946200,0.0,0.0,0.0
2015-08-31,91.10159502815765,91.18283068807588,89.60981803177002,89.66889953613281,8617600,0.0,0.0,0.0
2015-09-01,90.02636197446706,90.35940692968846,89.53789566370551,90.31500244140624,15298200,0.0,0.0,0.0
2015-09-02,89.86353752595006,90.27800011847532,89.44908057997722,89.53789520263672,9515200,0.0,0.0,0.0
2015-09-03,89.83390375598607,90.04853479012787,89.33803497704666,89.97452545166016,7042500,0.0,0.0,0.0
2015-09-04,90.6258396784593,90.98109250291608,90.15957564000236,90.79606628417967,7951300,0.0,0.0,0.0
2015-09-08,89.8339390313531,89.96715815152679,89.37507756474031,89.45648956298828,7049500,0.0,0.0,0.0
2015-09-09,88.5387213700536,90.07814046891752,88.4869142680029,89.88571166992188,7441900,0.0,0.0,0.0
2015-09-10,89.56749483688029,89.69331696452382,89.14563525879943,89.27885437011719,6789700,0.0,0.0,0.0
2015-09-11,89.90057176555955,90.35203635020466,89.79695749825288,89.84136199951172,5890900,0.0,0.0,0.0
2015-09-14,90.25580699057925,90.40383138589,89.75993797103318,89.98197174072266,4221700,0.0,0.0,0.0
2015-09-15,89.47132528689056,89.58974483997153,88.16134144862396,88.25755310058594,11895000,0.0,0.0,0.0
2015-09-16,88.0429286861668,88.3981817262548,87.73948843946428,87.92451477050781,6949800,0.0,0.0,0.0
2015-09-17,87.98365119416141,89.08641134403315,87.87263999821225,88.99759674072266,19843600,0.0,0.0,0.0
2015-09-18,89.70810555545425,90.44080775439429,89.64889581402126,90.3667984008789,14963300,0.0,0.0,0.0
2015-09-21,89.56013883010098,89.63414822657221,88.64980687849547,88.89404296875,10085600,0.0,0.0,0.0
2015-09-22,89.87835662424139,90.58145414391782,89.65632285668396,90.12998962402344,9968200,0.0,0.0,0.0
2015-09-23,90.01160073148336,90.34464582867813,89.5453308195449,90.12261199951172,6769900,0.0,0.0,0.0
2015-09-24,91.15873709144384,91.53619224565226,90.65546543468378,90.73687744140624,9605800,0.0,0.0,0.0
2015-09-25,90.0337435167859,90.24097194230193,89.75250009939894,89.95233154296875,8383700,0.0,0.0,0.0
2015-09-28,90.44083728087222,91.60280201472372,90.44083728087222,91.49179077148438,9833400,0.0,0.0,0.0
2015-09-29,91.43254816544328,91.98762676845358,91.21791709469312,91.75079345703124,9006100,0.0,0.0,0.0
2015-09-30,91.33638265900797,91.6250232264877,91.12175147996196,91.4325942993164,9832600,0.0,0.0,0.0
2015-10-01,92.02287056251764,92.34918894611232,91.71138251797382,91.82262420654295,9069400,0.0,0.0,0.0
2015-10-02,93.14281952121225,93.60263961526,92.0971072047038,92.3789291381836,13000400,0.0,0.0,0.0
2015-10-05,91.75589007314268,91.8374710932834,91.05874523131314,91.12549591064452,11362700,0.0,0.0,0.0
2015-10-06,90.888221210857,91.66694184604,90.7843917928326,91.51861572265624,5687800,0.0,0.0,0.0
2015-10-07,91.08105803813348,91.46671507145032,90.85856881886282,91.2145538330078,6712800,0.0,0.0,0.0
2015-10-08,91.4370228191887,91.4963555241721,90.22814866111231,90.4506378173828,12882300,0.0,0.0,0.0
2015-10-09,90.45804300787772,90.9549416106086,90.4061283129398,90.68795013427734,9038100,0.0,0.0,0.0
2015-10-12,91.2441745599768,91.54083236225009,91.15518118008868,91.37767028808594,4241000,0.0,0.0,0.0
2015-10-13,91.61504360442262,91.66695832276626,91.07364806430752,91.53346252441406,6147200,0.0,0.0,0.0
2015-10-14,91.74111861056446,92.3715188748018,91.44446631948776,92.33443450927734,9738100,0.0,0.0,0.0
2015-10-15,92.19347667721752,92.30472406237772,91.80040748682497,91.88198852539062,6924300,0.0,0.0,0.0
2015-10-16,92.1489843664823,92.31214645136906,91.86716254785438,91.91165924072266,8048300,0.0,0.0,0.0
2015-10-19,91.80783950708768,91.9413352580093,91.1551967571809,91.65950775146484,6238400,0.0,0.0,0.0
2015-10-20,91.07364550381008,91.19972329363144,90.88823499232696,91.09589385986328,6431300,0.0,0.0,0.0
2015-10-21,91.67435477280608,92.12675677983522,91.57052536053168,92.00067901611328,6603800,0.0,0.0,0.0
2015-10-22,92.03773719558907,92.54205379631604,91.60017129260108,92.15640258789062,6934100,0.0,0.0,0.0
2015-10-23,91.29610672519664,91.56309823251742,91.11069627057265,91.37026977539062,7058200,0.0,0.0,0.0
2015-10-26,91.86714421532112,92.1118816355354,91.82264187305618,91.97838592529295,5859800,0.0,0.0,0.0
2015-10-27,92.34182400014508,92.63106385542734,92.08225049646585,92.20832824707033,7156800,0.0,0.0,0.0
2015-10-28,92.16385068231332,92.21576539701408,91.44446268096864,91.83753204345705,8468700,0.0,0.0,0.0
2015-10-29,91.35542402335538,91.38509037008592,90.25779182743328,90.37645721435548,12108000,0.0,0.0,0.0
2015-10-30,90.6582744235418,91.0810099410301,90.49511235393636,91.05876159667967,11861400,0.0,0.0,0.0
2015-11-02,90.51397493138847,90.81127932003062,90.43965025188032,90.64032745361328,8751000,0.0,0.0,0.0
2015-11-03,90.41734060364574,90.48423110454232,89.77813824334854,89.89705657958984,8921600,0.0,0.0,0.0
2015-11-04,90.00859383996581,90.3356293604955,89.71128933681263,90.00115966796875,5980800,0.0,0.0,0.0
2015-11-05,89.97137687645264,89.97880537309501,89.41393341543522,89.76325988769531,7268400,0.0,0.0,0.0
2015-11-06,88.81190298735301,88.84163398988655,88.2544594487193,88.44770812988281,10604700,0.0,0.0,0.0
2015-11-09,87.7787780660587,88.37338679797843,87.70445339222101,87.9497299194336,9159500,0.0,0.0,0.0
2015-11-10,88.07606746755594,88.60377993393499,87.98687447173948,88.20985412597656,6712500,0.0,0.0,0.0
2015-11-11,87.96462397000649,88.13557588437365,87.9051619414778,88.02408599853516,2857900,0.0,0.0,0.0
2015-11-12,88.2618936170049,88.77474348714277,88.22472844618576,88.44770812988281,6805700,0.0,0.0,0.0
2015-11-13,88.68555925073805,89.11665032419678,88.6112345723578,88.95313262939453,7906600,0.0,0.0,0.0
2015-11-16,89.0349013799822,89.19098492312446,88.54434824101216,88.87138366699219,5485300,0.0,0.0,0.0
2015-11-17,88.44772845393504,89.2876082037166,88.19502338024527,89.02003479003906,5122900,0.0,0.0,0.0
2015-11-18,88.87881893443912,89.33220690037955,88.71530121942976,89.20584869384766,5233900,0.0,0.0,0.0
2015-11-19,89.84499343000998,90.04567619503743,89.69634415048385,89.80039978027344,6643000,0.0,0.0,0.0
2015-11-20,89.88219512672758,89.9639539648879,89.39907626594629,89.52542877197266,5971000,0.0,0.0,0.0
2015-11-23,89.58485435553598,90.02337937016917,89.42877091085158,89.80039978027344,5436300,0.0,0.0,0.0
2015-11-24,89.85986489754683,90.08283882462058,89.62202263963746,89.79296875,3371500,0.0,0.0,0.0
2015-11-25,90.06062170272175,90.246436308366,89.8971039424569,90.00115966796875,3280900,0.0,0.0,0.0
2015-11-27,90.12007584931172,90.17210370751368,89.90453024515755,89.9119644165039,2570600,0.0,0.0,0.0
2015-11-30,90.00856042878016,90.32816165867678,89.97882942243982,90.2686996459961,5179800,0.0,0.0,0.0
2015-12-01,90.3185867363095,91.5028702562195,90.3185867363095,91.48797607421876,12766600,0.0,0.0,0.0
2015-12-02,91.36134676280552,91.64438165439144,91.0112738521452,91.51776123046876,7345800,0.0,0.0,0.0
2015-12-03,90.39309271277628,90.42288676722316,88.62783334458334,89.03004455566406,16612200,0.0,0.0,0.0
2015-12-04,89.03003270301271,90.0728017392896,88.98534446860917,89.8121109008789,11843800,0.0,0.0,0.0
2015-12-07,89.98343998221662,91.212417850563,89.97599572988487,90.68358612060548,9016700,0.0,0.0,0.0
2015-12-08,91.07835220128644,91.1900785010993,90.46013826727298,90.72827911376952,7257500,0.0,0.0,0.0
2015-12-09,90.38561208765692,90.98148160899476,89.75995420462179,90.63140869140624,8993900,0.0,0.0,0.0
2015-12-10,90.71334916654438,90.892107766197,90.48989665500356,90.7505874633789,5606900,0.0,0.0,0.0
2015-12-11,91.6369782093798,92.43395081517934,91.51780765659636,92.1807098388672,12300000,0.0,0.0,0.0
2015-12-14,91.67420645414222,91.72634462752193,90.68357547729306,90.98896026611328,10661100,0.0,0.0,0.0
2015-12-15,90.13984015594669,90.57184539302848,89.99832550993568,90.45267486572266,8795500,0.0,0.0,0.0
2015-12-16,90.17706285182084,90.99637921250276,89.75250764875446,90.25899505615234,10988600,0.0,0.0,0.0
2015-12-17,90.7059162647537,91.45075053289276,90.601639921825,91.2794418334961,9923000,0.0,0.0,0.0
2015-12-18,91.67420054519692,92.00192374990225,91.48054204971127,91.78592681884766,10171700,0.0,0.0,0.0
2015-12-21,91.93494821118222,92.195639222385,91.55508091906512,91.76363372802734,7494900,0.0,0.0,0.0
2015-12-22,91.35389349388284,91.4656197331701,90.862300314072,91.10064697265624,5445800,0.0,0.0,0.0
2015-12-23,90.29631859260738,90.5793537498194,90.02817762992728,90.41548919677734,7287100,0.0,0.0,0.0
2015-12-24,90.66474570873034,90.96330532231774,90.61249820344386,90.9334487915039,3364600,0.0,0.0,0.0
2015-12-28,91.05285055524324,91.56040008593376,90.94835556609078,91.20213317871094,7586600,0.0,0.0,0.0
2015-12-29,90.8289202578336,90.86623663666496,89.57497489921288,89.68693542480469,7787500,0.0,0.0,0.0
2015-12-30,89.50781201669216,89.97057961290838,89.3212130061364,89.59738159179688,5508900,0.0,0.0,0.0
2015-12-31,89.99299220698182,90.20944779458344,89.75414564386129,90.00045776367188,7897700,0.0,0.0,0.0
2016-01-04,91.00809111074015,91.39621463859238,90.5527889620849,90.64981842041016,10591900,0.0,0.0,0.0
2016-01-05,90.22435982042248,90.687127459141,90.06015745947435,90.28407287597656,6242600,0.0,0.0,0.0
2016-01-06,91.28422919652007,91.52307567858264,91.09763020445406,91.50067901611328,8916900,0.0,0.0,0.0
2016-01-07,91.5678875346461,91.7544865876842,90.9035953613945,91.6649169921875,10202200,0.0,0.0,0.0
2016-01-08,91.38129830283192,92.15755113024454,91.23202132217833,92.07544708251952,9577200,0.0,0.0,0.0
2016-01-11,91.09014761656498,91.6499444880818,90.955796139619,91.06775665283205,10040300,0.0,0.0,0.0
2016-01-12,91.3140398108644,92.79190568280151,91.1722285116391,92.38138580322266,12897700,0.0,0.0,0.0
2016-01-13,92.20230044611564,93.6727015326971,92.00823588432296,93.2920379638672,15577600,0.0,0.0,0.0
2016-01-14,92.90392846638528,93.27712653642328,92.06049718358705,92.41876983642578,12873800,0.0,0.0,0.0
2016-01-15,93.59806124021615,94.0160411855578,93.3592147436567,93.85929870605467,13976300,0.0,0.0,0.0
2016-01-19,93.3965255791912,94.09813961251926,93.26217407694855,93.56819915771484,8926600,0.0,0.0,0.0
2016-01-20,94.77736498272428,95.47897333856494,94.35937935749956,94.5534439086914,17283300,0.0,0.0,0.0
2016-01-21,94.74751806988913,95.0087555530578,93.79959188082692,93.91155242919922,11001600,0.0,0.0,0.0
2016-01-22,93.23235404418692,93.69511605344644,92.94125428105272,93.55329895019533,10164300,0.0,0.0,0.0
2016-01-25,94.00853591513577,94.24738231078972,93.784620622393,94.06078338623048,5738200,0.0,0.0,0.0
2016-01-26,94.03842748005424,94.38923450011958,93.85929404017703,94.10560607910156,5692600,0.0,0.0,0.0
2016-01-27,93.8592851272629,94.26233959962444,93.44130524239117,94.0832061767578,7957800,0.0,0.0,0.0
2016-01-28,93.70252963022764,94.35189602775408,93.64281659939918,94.21754455566406,10575400,0.0,0.0,0.0
2016-01-29,95.09829357045052,95.4341694095505,94.73255552084156,95.01618957519533,13170700,0.0,0.0,0.0
2016-02-01,94.81499728523352,95.02438354051552,94.44109162784495,94.72525787353516,9948400,0.0,0.0,0.0
2016-02-02,95.79463519030593,96.4975682500406,95.71984949361092,96.4826202392578,10400000,0.0,0.0,0.0
2016-02-03,95.92928197174324,97.17065210654182,95.6600693089038,95.68250274658205,13309000,0.0,0.0,0.0
2016-02-04,95.884432867467,96.16111959057964,95.35348715772628,96.14617156982422,9953500,0.0,0.0,0.0
2016-02-05,95.63761584382786,96.46768709619984,95.41327010332492,96.25830078125,9200800,0.0,0.0,0.0
2016-02-08,97.00613540534208,98.43445850222555,96.97621654711251,98.32976531982422,14452200,0.0,0.0,0.0
2016-02-09,98.74108060331578,98.75604003666864,97.93345377353027,98.43448638916016,15232100,0.0,0.0,0.0
2016-02-10,98.48680595454957,99.33931089971468,98.04559975720572,99.30191802978516,12797100,0.0,0.0,0.0
2016-02-11,100.53583147500466,101.14155727511717,99.46645454769808,99.99740600585938,21620200,0.0,0.0,0.0
2016-02-12,99.18973934350664,99.55617116925664,97.91097636850188,98.33723449707033,13888400,0.0,0.0,0.0
2016-02-16,97.75397916213346,97.77641260781044,97.07346754805296,97.29781341552734,11766000,0.0,0.0,0.0
2016-02-17,96.94629549399248,97.08838152388968,96.2508361822213,96.69951629638672,13157300,0.0,0.0,0.0
2016-02-18,96.77432518477283,97.96334317636014,96.7369323136338,97.88855743408205,10196700,0.0,0.0,0.0
2016-02-19,97.91848430000078,98.5765623715982,97.76143879265936,97.9708251953125,8188700,0.0,0.0,0.0
2016-02-22,98.0381249085089,98.04559891815012,97.7389933623343,97.91847229003906,5054300,0.0,0.0,0.0
2016-02-23,97.1257636138562,98.51669349382988,97.05097789777338,98.31478118896484,8320700,0.0,0.0,0.0
2016-02-24,99.01024751332169,99.7505850770406,97.92592301666602,98.120361328125,9091200,0.0,0.0,0.0
2016-02-25,98.32227984582282,99.12991785706072,98.2026386450736,98.47183990478516,6097200,0.0,0.0,0.0
2016-02-26,97.44734713439443,97.82125300869458,97.24543476727588,97.52213287353516,9245000,0.0,0.0,0.0
2016-02-29,97.566954035007,98.09041973160234,97.5295611829581,97.94833374023438,8016100,0.0,0.0,0.0
2016-03-01,98.01431180604138,98.03678780010334,96.14123608523197,96.22364044189452,13729100,0.0,0.0,0.0
2016-03-02,96.14124346321488,96.62823861505908,96.05882766788072,96.6207504272461,7047700,0.0,0.0,0.0
2016-03-03,96.70318837938662,97.3550152712469,96.47841693767089,96.972900390625,6394800,0.0,0.0,0.0
2016-03-04,96.46339314635978,96.74810429516197,95.72165681123856,96.35101318359376,8687000,0.0,0.0,0.0
2016-03-07,96.23863675497554,96.40346834756352,95.93894918609628,96.32105255126952,5493300,0.0,0.0,0.0
2016-03-08,97.6621564062291,98.14166325367871,97.36245748135744,97.38493347167967,7175400,0.0,0.0,0.0
2016-03-09,96.71066738452738,97.1676984140844,96.5083719629597,96.79308319091795,7194700,0.0,0.0,0.0
2016-03-10,97.02532391421964,97.28005947262496,95.84153866755447,96.3959732055664,10091600,0.0,0.0,0.0
2016-03-11,96.5158554815064,96.56080747161072,95.30958849069437,95.4219741821289,8927000,0.0,0.0,0.0
2016-03-14,95.76660878441724,96.1936697913942,95.64673491875736,95.7216567993164,5177000,0.0,0.0,0.0
2016-03-15,96.27609406015112,96.39597365254964,95.60927954691164,95.8115692138672,6413200,0.0,0.0,0.0
2016-03-16,95.714202383826,96.29111310610185,95.42949683377556,96.09630584716795,9728900,0.0,0.0,0.0
2016-03-17,96.28360170202996,96.90546435185658,96.26862532421448,96.4933853149414,7805500,0.0,0.0,0.0
2016-03-18,96.6806832728749,97.03282246631012,96.42594768725958,96.69567108154295,8198600,0.0,0.0,0.0
2016-03-21,96.08876676715282,96.36597826438803,95.71415169203722,95.95391082763672,5514800,0.0,0.0,0.0
2016-03-22,96.52336362727983,96.66571924694348,95.84156115012762,95.93146514892578,4997900,0.0,0.0,0.0
2016-03-23,96.20863714995596,97.26505430468902,96.1187217665179,97.01780700683594,10628200,0.0,0.0,0.0
2016-03-24,97.83445770063328,97.87940967280412,96.65067289331462,97.05525207519533,6343300,0.0,0.0,0.0
2016-03-28,96.93540038390448,97.51979898582589,96.86047279602953,97.18264770507812,5058700,0.0,0.0,0.0
2016-03-29,97.68460573192408,98.21655260080692,97.41488248933751,98.20157623291016,9396700,0.0,0.0,0.0
2016-03-30,97.42243733785068,97.45241295883984,96.63574305595613,97.1677017211914,8478700,0.0,0.0,0.0
2016-03-31,97.38496816987453,98.00683079916426,97.2426125588824,97.85698699951172,7832300,0.0,0.0,0.0
2016-04-01,98.33749596912088,98.45012022613122,97.5266494339835,98.1122589111328,9341400,0.0,0.0,0.0
2016-04-04,98.19484006384285,98.32998687363497,97.80444140451452,98.1723175048828,5145100,0.0,0.0,0.0
2016-04-05,99.11077911607146,99.37355753481472,98.9381023741708,99.24592590332033,6482800,0.0,0.0,0.0
2016-04-06,98.75038343920632,98.85549249065728,98.15727053231032,98.525146484375,6393700,0.0,0.0,0.0
2016-04-07,99.2459283101844,99.8465565275708,99.11078151965803,99.74144744873048,5963300,0.0,0.0,0.0
2016-04-08,99.23090673999114,99.4035834813561,98.8329929912636,99.11077880859376,5584800,0.0,0.0,0.0
2016-04-11,98.5927252785851,99.23838698115318,98.43505597389304,98.98312377929688,4805500,0.0,0.0,0.0
2016-04-12,98.41255862111632,98.7654272665109,97.99962600884284,98.29993438720705,4276000,0.0,0.0,0.0
2016-04-13,98.11974882670224,98.78794467134902,97.9921171997506,98.64529418945312,5207900,0.0,0.0,0.0
2016-04-14,98.28494175571493,98.58525017920316,97.96961447424266,98.1723175048828,6967000,0.0,0.0,0.0
2016-04-15,98.57023607030304,99.22342467971002,98.54020980892037,99.0132064819336,5831100,0.0,0.0,0.0
2016-04-18,98.60022392923815,98.68281042632027,98.09720124920216,98.585205078125,4486600,0.0,0.0,0.0
2016-04-19,98.41252864529292,98.58520533745458,97.8194043130446,98.27738189697266,5212200,0.0,0.0,0.0
2016-04-20,98.47261677930534,98.84049280269667,97.05363858158104,97.1962890625,10920700,0.0,0.0,0.0
2016-04-21,96.43050658359552,96.90350322673608,96.31788233445016,96.61820220947266,11154200,0.0,0.0,0.0
2016-04-22,96.73829451984837,96.78333962049857,96.28031690319176,96.3704071044922,5826400,0.0,0.0,0.0
2016-04-25,96.14518802812331,96.49055295739193,95.9725112915039,95.9725112915039,5539500,0.0,0.0,0.0
2016-04-26,95.9199489193524,95.9199489193524,95.43944870224972,95.53704833984376,7840000,0.0,0.0,0.0
2016-04-27,96.04006561102594,96.7157765206589,95.81483436916236,96.49053955078124,8380100,0.0,0.0,0.0
2016-04-28,96.257826607654,96.95604881375311,96.13018350500327,96.88848114013672,7974600,0.0,0.0,0.0
2016-04-29,96.43799688039906,97.38399003519515,96.25030128061005,97.13623046875,7416300,0.0,0.0,0.0
2016-05-02,96.79018672295318,96.97073000707935,96.14321317026786,96.15825653076172,11035200,0.0,0.0,0.0
2016-05-03,97.45975946850125,97.81333881887244,97.30930285706964,97.36947631835938,10736700,0.0,0.0,0.0
2016-05-04,97.55747366865818,97.92610183565976,97.18885698075128,97.90353393554688,7211200,0.0,0.0,0.0
2016-05-05,97.84336734510836,98.60319172135958,97.57254101399744,98.55804443359376,7870400,0.0,0.0,0.0
2016-05-06,98.43772732230072,98.44524613386164,98.01643281375549,98.13680267333984,7232500,0.0,0.0,0.0
2016-05-09,98.1442850361708,98.46776596184556,98.03896433024224,98.44519805908205,4950800,0.0,0.0,0.0
2016-05-10,98.437652512818,98.64076358251933,98.2871845631376,98.45269012451172,4331900,0.0,0.0,0.0
2016-05-11,98.42267177107055,99.30285478829286,98.294783108305,99.00946044921876,9256000,0.0,0.0,0.0
2016-05-12,98.2947483899922,98.67841424277567,98.2420822938138,98.55804443359376,6087400,0.0,0.0,0.0
2016-05-13,98.91162828586276,99.54356407462544,98.72355475471733,99.51346588134766,8707300,0.0,0.0,0.0
2016-05-16,99.03200800077232,99.04705709891564,98.53549107392938,98.6558609008789,5137000,0.0,0.0,0.0
2016-05-17,98.70850295742312,99.17492157435032,98.70850295742312,98.82134246826172,4449100,0.0,0.0,0.0
2016-05-18,98.40760368601458,98.43770188268309,96.97824927992394,97.41458129882812,12681000,0.0,0.0,0.0
2016-05-19,97.55749694370044,98.04649501403122,97.53492903820336,97.83585357666016,6209400,0.0,0.0,0.0
2016-05-20,97.53494753046331,98.09916823305936,97.45972499091026,97.91109466552734,5348900,0.0,0.0,0.0
2016-05-23,98.06904941456148,98.34739453009324,97.73803820739084,98.12923431396484,6979700,0.0,0.0,0.0
2016-05-24,97.77566968416484,97.94117531226016,97.22649817953813,97.6929168701172,5968200,0.0,0.0,0.0
2016-05-25,97.67033245029396,97.9862945562083,97.27913635193048,97.32427215576172,6367400,0.0,0.0,0.0
2016-05-26,97.65531416074906,98.1367820186511,97.6477953507706,97.82833862304688,5419300,0.0,0.0,0.0
2016-05-27,97.8508769818479,97.9938031861039,97.57252042197288,97.68537139892578,5267600,0.0,0.0,0.0
2016-05-31,97.06098718210274,98.1292434176517,97.03088899006086,97.9186019897461,8344300,0.0,0.0,0.0
2016-06-01,98.47422960150058,98.95668726425272,98.08222915592135,98.31591796875,9874900,0.0,0.0,0.0
2016-06-02,98.67771865889972,99.27325910633148,98.65510436370036,99.02449035644533,5835400,0.0,0.0,0.0
2016-06-03,100.15527908505534,100.43419647216795,99.95928463771898,100.43419647216795,11077200,0.0,0.0,0.0
2016-06-06,100.09488903338902,100.17781190571895,99.58228327912197,99.68782043457033,7573700,0.0,0.0,0.0
2016-06-07,99.98940866008076,100.24571168276408,99.91402000508272,99.9291000366211,4680200,0.0,0.0,0.0
2016-06-08,100.16277424817731,100.58492304852524,100.04216852142942,100.46431732177734,5313200,0.0,0.0,0.0
2016-06-09,101.25590249187997,101.42173688656835,100.96189353521522,101.1126708984375,6820300,0.0,0.0,0.0
2016-06-10,101.6101114702062,102.01719160358,101.21057710025404,101.60257720947266,6984600,0.0,0.0,0.0
2016-06-13,101.8363038387742,102.06245827477666,101.5950808756794,102.05492401123048,7283300,0.0,0.0,0.0
2016-06-14,102.66552787218676,102.68814216440222,101.93430175004173,101.97953033447266,9012500,0.0,0.0,0.0
2016-06-15,102.16043139270174,102.69565151555597,102.00211988290498,102.37150573730467,7953200,0.0,0.0,0.0
2016-06-16,103.08018458961672,103.6983280009883,102.65802412253046,102.86911010742188,10372700,0.0,0.0,0.0
2016-06-17,102.67308042379136,102.725854783489,101.96446846764177,102.2283172607422,8489900,0.0,0.0,0.0
2016-06-20,101.19553963050474,101.429228314521,101.02214805623514,101.1352310180664,7365900,0.0,0.0,0.0
2016-06-21,101.23321933398032,101.45183948517987,100.60754194240134,100.66783905029295,6005800,0.0,0.0,0.0
2016-06-22,100.63765439457364,101.00704018837504,100.44919436761752,100.83364868164062,5773700,0.0,0.0,0.0
2016-06-23,99.96678379522008,100.50201558265417,99.5672492718972,99.6803207397461,9029100,0.0,0.0,0.0
2016-06-24,102.98214955684088,102.98214955684088,101.994620357694,102.35646057128906,17155000,0.0,0.0,0.0
2016-06-27,104.3617096955228,105.22862191063436,104.33154962562362,104.9120101928711,16577100,0.0,0.0,0.0
2016-06-28,105.11549706010572,105.46225716909424,104.69334831732466,105.13057708740234,14006400,0.0,0.0,0.0
2016-06-29,105.29636978031137,105.63560699567408,104.2259183189364,104.32392120361328,12999800,0.0,0.0,0.0
2016-06-30,104.64067604695586,105.4925201284598,104.09790956173056,104.7085189819336,14698500,0.0,0.0,0.0
2016-07-01,106.3434784928962,106.3510381357761,105.12001482632284,106.1622314453125,15430200,0.0,0.0,0.0
2016-07-05,107.12901779537458,107.92955704409889,107.01572676419175,107.49152374267578,8840800,0.0,0.0,0.0
2016-07-06,107.83886776083322,107.99747051530096,107.212039436593,107.66516876220705,14352800,0.0,0.0,0.0
2016-07-07,107.31018334226,108.1409375099578,107.07606485604904,107.6575927734375,9676400,0.0,0.0,0.0
2016-07-08,107.93705451467024,108.46571117385383,107.51412918732338,108.45061492919922,10355300,0.0,0.0,0.0
2016-07-11,108.0352090831282,108.35240299454756,107.42347714511602,107.49899291992188,8099000,0.0,0.0,0.0
2016-07-12,106.0489673137324,106.38126901673137,105.45989121254284,105.73177337646484,15810600,0.0,0.0,0.0
2016-07-13,106.76645785343088,107.0685556258902,106.44926383523736,106.97792053222656,8181700,0.0,0.0,0.0
2016-07-14,105.18803109761058,105.61095643595212,105.04453610270517,105.42214965820312,10817000,0.0,0.0,0.0
2016-07-15,104.8934214032736,105.05957217621518,104.35720544989968,104.51580810546876,9958600,0.0,0.0,0.0
2016-07-18,105.02939934882237,105.17288276453642,104.01738665228449,104.41765594482422,5955900,0.0,0.0,0.0
2016-07-19,104.93122098424658,105.21065123271708,104.5233920295546,105.0067367553711,8073900,0.0,0.0,0.0
2016-07-20,104.395021380713,104.60648401150758,104.15335474145448,104.43278503417967,6942500,0.0,0.0,0.0
2016-07-21,103.4962403555066,104.68949967599958,103.45848824744034,104.6441879272461,10398400,0.0,0.0,0.0
2016-07-22,104.16846038423262,105.1578174894066,104.12314860552314,104.82551574707033,5811400,0.0,0.0,0.0
2016-07-25,104.93123573091376,105.17290236586136,104.66690168521124,104.7499771118164,4243800,0.0,0.0,0.0
2016-07-26,105.369224886732,105.369224886732,104.56868648571006,104.91608428955078,5243400,0.0,0.0,0.0
2016-07-27,105.39189845538829,106.22264099121094,105.2786075251538,106.22264099121094,8508100,0.0,0.0,0.0
2016-07-28,105.5806870514902,106.36611769013037,105.51271941930716,106.0262680053711,7336100,0.0,0.0,0.0
2016-07-29,106.07166282354936,107.0005890956803,105.89796378622316,106.90996551513672,8766700,0.0,0.0,0.0
2016-08-01,105.75837824851712,106.3031354534356,105.62975662303506,105.75081634521484,9809300,0.0,0.0,0.0
2016-08-02,104.28299008883091,105.36493095841304,104.03330876241438,104.66129302978516,10051200,0.0,0.0,0.0
2016-08-03,104.86558161315745,105.0017651326431,104.34352169868296,104.7218246459961,4930600,0.0,0.0,0.0
2016-08-04,105.5162556981178,106.04587747800318,105.3724987411013,105.50868225097656,5646000,0.0,0.0,0.0
2016-08-05,105.20605965018058,105.30441057314908,104.27543756430563,104.41162109375,7778600,0.0,0.0,0.0
2016-08-08,104.1089710496117,104.8201708609582,103.89712233220818,104.60832214355467,5185200,0.0,0.0,0.0
2016-08-09,104.948811236294,105.71297905200372,104.88070793003072,105.63731384277344,5503200,0.0,0.0,0.0
2016-08-10,105.84913541496218,106.31066536510706,105.52380049750758,106.04586029052734,5843500,0.0,0.0,0.0
2016-08-11,105.97022803205437,105.98536338369831,104.82018374981742,105.10013580322266,7624600,0.0,0.0,0.0
2016-08-12,106.23502523740092,106.57549554511704,105.82645163223071,105.98534393310548,7989600,0.0,0.0,0.0
2016-08-15,105.42548910361236,105.64491133338244,104.97909428427688,104.98665618896484,5108600,0.0,0.0,0.0
2016-08-16,105.15308262846864,105.28170424348754,104.58562821491434,104.7066879272461,6182700,0.0,0.0,0.0
2016-08-17,104.8882383389602,105.5010870296284,104.78987591630003,105.33463287353516,5002000,0.0,0.0,0.0
2016-08-18,105.31951672839692,105.74321409573312,105.00930560413742,105.50110626220705,3805200,0.0,0.0,0.0
2016-08-19,104.89583880951396,105.20604999128886,104.48727671380006,104.94880676269533,5516300,0.0,0.0,0.0
2016-08-22,105.66001772698397,106.0307588036532,105.44816898171318,105.83404541015624,5549700,0.0,0.0,0.0
2016-08-23,106.12907638725488,106.37118418878696,105.67510838516414,105.9474868774414,6841400,0.0,0.0,0.0
2016-08-24,106.00054066348936,106.06863245548465,105.4633451441043,105.69789123535156,6027800,0.0,0.0,0.0
2016-08-25,105.3649362444362,105.758374555336,105.1379637043884,105.29684448242188,5855500,0.0,0.0,0.0
2016-08-26,105.7205599591198,106.44690684567132,104.57808898167004,104.68401336669922,12962500,0.0,0.0,0.0
2016-08-29,105.45571790110036,106.18962643539976,105.3270963031669,106.08370208740234,7310400,0.0,0.0,0.0
2016-08-30,106.0534662856336,106.12155805784587,105.67516326904295,105.67516326904295,5161800,0.0,0.0,0.0
2016-08-31,105.66761149251386,106.05347645025822,105.42549199714198,105.82649230957033,7349700,0.0,0.0,0.0
2016-09-01,105.07153519201204,106.19335767009736,105.03364531801768,105.94322204589844,9149100,0.0,0.0,0.0
2016-09-02,105.32922184193798,105.39743747075671,104.73040936881796,105.07908630371094,8397000,0.0,0.0,0.0
2016-09-06,105.13973226547084,106.17816433853118,104.98812654937804,105.84465026855467,8542600,0.0,0.0,0.0
2016-09-07,106.39797897350655,106.43588040425816,105.76885223388672,105.76885223388672,5421800,0.0,0.0,0.0
2016-09-08,105.25343716645364,105.56421272815726,104.04066069272396,104.44239044189452,14301500,0.0,0.0,0.0
2016-09-09,103.13874044920952,103.1766303421111,102.63846895117372,102.72184753417967,13347700,0.0,0.0,0.0
2016-09-12,102.5701486819757,102.95671540945024,102.44886876382658,102.77479553222656,9096600,0.0,0.0,0.0
2016-09-13,102.9870736444104,103.08561506578012,101.0845418241978,101.60755157470705,15645400,0.0,0.0,0.0
2016-09-14,101.60756107969158,102.2594265221051,101.60756107969158,101.7591552734375,7037700,0.0,0.0,0.0
2016-09-15,101.27403431769632,101.60754844199306,100.83440311438648,101.31951141357422,9874500,0.0,0.0,0.0
2016-09-16,102.00922122725385,102.18355385270073,101.7363472385211,102.13807678222656,7507900,0.0,0.0,0.0
2016-09-19,101.9638460834872,102.22913311507286,101.75918749588168,101.8046646118164,7105900,0.0,0.0,0.0
2016-09-20,102.441292616397,102.76723098592758,102.07746438850148,102.1608428955078,6054800,0.0,0.0,0.0
2016-09-21,102.0244690582293,103.00226158526056,101.7061061680451,102.98709869384766,10698100,0.0,0.0,0.0
2016-09-22,103.59346041860186,104.06340583817152,103.46460478955515,103.80569458007812,12426200,0.0,0.0,0.0
2016-09-23,103.86630785875872,104.10128050812892,103.62375955053164,103.70713806152344,5928800,0.0,0.0,0.0
2016-09-26,103.8966850229799,104.47274766014864,103.85878357816289,104.36663055419922,8661300,0.0,0.0,0.0
2016-09-27,105.04877022224524,105.2079516033918,104.56366198498372,105.13214874267578,9450400,0.0,0.0,0.0
2016-09-28,104.98060331093689,105.47328743657845,104.76836908150068,104.90480041503906,7958700,0.0,0.0,0.0
2016-09-29,104.26808097911244,105.41264206747952,104.1847024333764,105.17008209228516,8319800,0.0,0.0,0.0
2016-09-30,105.01847180697344,105.08668745233844,103.7450552640214,104.23016357421876,11747100,0.0,0.0,0.0
2016-10-03,104.546781676364,104.61513164184208,103.84818454658436,103.88615417480467,7588800,0.0,0.0,0.0
2016-10-04,103.74191148178429,103.90896863285862,102.63327211924472,102.6712417602539,12048700,0.0,0.0,0.0
2016-10-05,102.52687065052486,102.57242954353804,101.84345249523578,102.19275665283205,8917700,0.0,0.0,0.0
2016-10-06,101.72961428201938,102.27634448876204,101.50939738909878,101.62330627441406,7839900,0.0,0.0,0.0
2016-10-07,101.69926257195108,101.97262775227207,101.06141434677107,101.6916732788086,9953200,0.0,0.0,0.0
2016-10-10,100.87918840869872,101.11458397273994,100.6210017896039,101.09180450439452,6089100,0.0,0.0,0.0
2016-10-11,100.8867855125893,101.41073649851072,100.66658010596753,100.86400604248048,9670400,0.0,0.0,0.0
2016-10-12,100.74248295114744,101.00825881911209,100.4159695690198,100.96269989013672,7582400,0.0,0.0,0.0
2016-10-13,101.47909933890814,101.69930479854216,101.27407247186136,101.34242248535156,7080600,0.0,0.0,0.0
2016-10-14,100.4387630643917,100.95511311385286,99.87684249288289,99.92240142822266,11415100,0.0,0.0,0.0
2016-10-17,100.30963713324226,100.79561823524784,100.30203625579152,100.56021118164062,10595900,0.0,0.0,0.0
2016-10-18,100.12741054416892,100.9095363606203,100.10463108052129,100.88675689697266,7151000,0.0,0.0,0.0
2016-10-19,100.51464828583526,101.19806678725814,100.4766902468976,100.9702606201172,6941300,0.0,0.0,0.0
2016-10-20,101.47909008244451,101.56261868090284,100.9171693667511,101.0766372680664,6082300,0.0,0.0,0.0
2016-10-21,101.38790713004308,101.5397740515966,100.89432515161492,101.22843933105467,9222700,0.0,0.0,0.0
2016-10-24,101.3043863793979,101.33475513136378,100.4539106971977,100.78802490234376,6507500,0.0,0.0,0.0
2016-10-25,100.63617492223491,101.418300767536,100.60580616515315,101.05381774902344,5134700,0.0,0.0,0.0
2016-10-26,100.58303476794347,100.84120977731742,100.22614101340004,100.3704071044922,5842500,0.0,0.0,0.0
2016-10-27,99.52754800734648,99.52754800734648,98.76060065235416,99.27696228027344,10044700,0.0,0.0,0.0
2016-10-28,99.01120375270648,99.42124582287028,98.96564481010049,99.0567626953125,7541000,0.0,0.0,0.0
2016-10-31,99.3908499201813,99.69458384576652,99.2541731296799,99.66421508789062,7047500,0.0,0.0,0.0
2016-11-01,99.02512201746684,100.120669139883,98.81210025575427,99.67179107666016,12622400,0.0,0.0,0.0
2016-11-02,99.89246217467044,100.5087047382864,99.687044117192,100.10548400878906,8666200,0.0,0.0,0.0
2016-11-03,99.47400425801644,99.70224521287668,99.23815952789386,99.33706665039062,6085400,0.0,0.0,0.0
2016-11-04,99.86958294231049,100.26518806335706,99.76307208528829,100.22715759277344,7622600,0.0,0.0,0.0
2016-11-07,99.47401394365065,99.664212823084,99.2381691905642,99.37510681152344,5386700,0.0,0.0,0.0
2016-11-08,99.6794315461225,99.82398455126793,98.68279127967976,98.97188568115234,7576500,0.0,0.0,0.0
2016-11-09,96.78839449007695,96.90251496422862,94.50600822467752,94.77228546142578,31233500,0.0,0.0,0.0
2016-11-10,94.31585987337031,95.06904611903305,93.36486508688304,93.37247467041016,22961200,0.0,0.0,0.0
2016-11-11,93.54747271546208,93.61594737174528,92.55083184215108,92.84754180908205,10040200,0.0,0.0,0.0
2016-11-14,92.26932182808476,93.31922383944834,91.85088758384998,92.29214477539062,21174400,0.0,0.0,0.0
2016-11-15,92.98444097459584,93.4333076012354,92.64968904665456,92.74859619140624,11963700,0.0,0.0,0.0
2016-11-16,93.04533824739278,93.68440399911258,92.94643106838002,93.58550262451172,9149500,0.0,0.0,0.0
2016-11-17,92.77902414795518,92.90075423407325,92.04866104447676,92.20842742919922,11221600,0.0,0.0,0.0
2016-11-18,92.535550578141,92.79422405525972,91.55412372900676,91.94213104248048,13577700,0.0,0.0,0.0
2016-11-21,92.21602551306997,92.4214435566799,91.97257117559802,92.17037963867188,6488100,0.0,0.0,0.0
2016-11-22,92.55837051398512,92.6344488925806,91.96494523036066,92.13993072509766,9989900,0.0,0.0,0.0
2016-11-23,91.28786844625152,91.98780485581784,90.72488129031376,91.78238677978516,13563500,0.0,0.0,0.0
2016-11-25,92.20085386288106,92.2769322894279,91.5998244256608,91.91935729980467,3126300,0.0,0.0,0.0
2016-11-28,92.36817750846691,92.6116318180182,92.12471739450704,92.5964126586914,8555000,0.0,0.0,0.0
2016-11-29,92.39103157721746,93.12139475199102,92.21604601244384,92.98445129394533,8363000,0.0,0.0,0.0
2016-11-30,91.27266844782064,92.06389673641364,90.89988014987188,91.47808074951172,21163500,0.0,0.0,0.0
2016-12-01,90.34447685529216,90.71039502351094,89.68124217816957,90.51219177246094,21715700,0.0,0.0,0.0
2016-12-02,90.84761021639096,91.64044062043756,90.82474105930103,91.1754150390625,12487500,0.0,0.0,0.0
2016-12-05,90.66465454195487,91.7852898106786,90.29873056630794,91.0763168334961,12100100,0.0,0.0,0.0
2016-12-06,90.97720391160207,91.43461030763712,90.80949482470838,91.00769805908205,11526600,0.0,0.0,0.0
2016-12-07,91.34309156424004,91.95296263913993,91.34309156424004,91.78524780273438,10392200,0.0,0.0,0.0
2016-12-08,90.83238510144074,90.95435590355692,90.55031853378878,90.70278930664062,12041100,0.0,0.0,0.0
2016-12-09,90.44355611299818,90.611270988689,89.40677853251232,89.57449340820312,14646400,0.0,0.0,0.0
2016-12-12,89.39919364024065,89.80323684751887,89.10188288767982,89.74224853515625,9496300,0.0,0.0,0.0
2016-12-13,90.26061751033764,90.32922498438316,89.52877537303056,90.06240844726562,12189200,0.0,0.0,0.0
2016-12-14,90.77900340550188,90.87810502566713,89.04087766005573,89.05612182617188,16618400,0.0,0.0,0.0
2016-12-15,89.62021274437797,90.17672054899823,89.21617562000517,89.50586700439453,12400500,0.0,0.0,0.0
2016-12-16,89.65833239983881,89.8946546854208,89.04084213562173,89.30003356933594,14924600,0.0,0.0,0.0
2016-12-19,89.94044026339922,90.39784088540596,89.75747536166496,90.2606201171875,10868300,0.0,0.0,0.0
2016-12-20,89.67360840890639,89.87944244752522,89.48302435189983,89.81082916259766,7030600,0.0,0.0,0.0
2016-12-21,89.89462341238743,90.26054710368876,89.74978358588378,90.20718383789062,4624700,0.0,0.0,0.0
2016-12-22,89.83197025945529,90.1912073573761,89.80904122450586,90.04598236083984,5177800,0.0,0.0,0.0
2016-12-23,90.3746579669656,90.48930898896111,90.15300087947912,90.22943878173828,4461600,0.0,0.0,0.0
2016-12-27,89.74788180167623,89.96189387577618,89.60266265504649,89.93896484375,5276600,0.0,0.0,0.0
2016-12-28,90.08421219614728,90.86382863563068,89.9619162197772,90.5963134765625,7578600,0.0,0.0,0.0
2016-12-29,90.80263697838464,91.16186809250482,90.695630973091,90.9172821044922,8581400,0.0,0.0,0.0
2016-12-30,90.78734796022866,91.45231885509337,90.741489909338,91.05486297607422,10613900,0.0,0.0,0.0
2017-01-03,90.50456927549278,91.71220959519988,90.32877032179464,91.44469451904295,13217300,0.0,0.0,0.0
2017-01-04,91.53641741180064,91.90329356818144,91.2994704864387,91.7962875366211,6699600,0.0,0.0,0.0
2017-01-05,92.06382773347352,93.27147422644352,91.8498156119635,93.23326110839844,13265800,0.0,0.0,0.0
2017-01-06,92.58353382393636,92.89691274558714,92.29308976084252,92.37716674804688,8369300,0.0,0.0,0.0
2017-01-09,93.1567891538801,93.24851110016456,92.8357710889707,93.11857604980467,8839100,0.0,0.0,0.0
2017-01-10,92.90457760995956,93.1797376577121,92.69820465844936,93.05744171142578,8417900,0.0,0.0,0.0
2017-01-11,93.20265746859118,93.77590653946136,92.79756239153215,93.37081146240234,9402500,0.0,0.0,0.0
2017-01-12,93.85997364267766,94.11984372834507,93.11857065614689,93.1644287109375,9977600,0.0,0.0,0.0
2017-01-13,92.73645080213852,93.05746900821768,92.19377550193995,92.72116088867188,9820000,0.0,0.0,0.0
2017-01-17,93.86761897595674,93.9669858764327,93.24086691631732,93.69182586669922,7853300,0.0,0.0,0.0
2017-01-18,93.07268640576392,93.21791132267975,92.41536638248763,92.4917984008789,9064700,0.0,0.0,0.0
2017-01-19,92.0943552847348,92.16314819275333,91.37588721503585,91.85741424560548,11795600,0.0,0.0,0.0
2017-01-20,91.59758858700532,91.95682573457644,91.17720928158276,91.6740264892578,16953200,0.0,0.0,0.0
2017-01-23,91.9797261136924,93.1491591759013,91.7351400643148,92.59119415283205,13118400,0.0,0.0,0.0
2017-01-24,92.30837915276074,92.58353915739146,91.56698196230712,91.956787109375,8395000,0.0,0.0,0.0
2017-01-25,91.16957253374169,91.41415868134916,90.61925224377644,90.80269622802734,11115100,0.0,0.0,0.0
2017-01-26,90.88672439246916,91.15423943641464,90.4434104159934,91.1083755493164,7827900,0.0,0.0,0.0
2017-01-27,91.26127958701746,91.58994271575824,91.14662857347666,91.43707275390624,7197800,0.0,0.0,0.0
2017-01-30,91.2918824948998,91.62818485470798,91.10843848257392,91.16194152832033,6569500,0.0,0.0,0.0
2017-01-31,91.2077543630392,92.0255895079026,91.1466063931786,91.7962875366211,13298500,0.0,0.0,0.0
2017-02-01,91.2286605834961,91.55803381938414,90.83035161739504,91.2286605834961,10975500,0.0,0.0,0.0
2017-02-02,91.8644168834116,92.0252727442641,91.1520518744983,91.19035339355467,6978600,0.0,0.0,0.0
2017-02-03,91.48908084956928,91.8184540233924,90.74607584043406,91.15204620361328,10275600,0.0,0.0,0.0
2017-02-06,91.73426097710124,92.0176713648342,91.24403160178431,91.70362091064452,8433800,0.0,0.0,0.0
2017-02-07,91.74952574706096,92.69168826013536,91.51207267247769,92.37763214111328,8418400,0.0,0.0,0.0
2017-02-08,93.00576640358054,93.65685156846013,92.99811077203614,93.63387298583984,15734200,0.0,0.0,0.0
2017-02-09,92.99814338790183,93.13601493197709,92.42365524493924,92.55387115478516,16890600,0.0,0.0,0.0
2017-02-10,92.0023457045656,92.64576950838268,92.0023457045656,92.50023651123048,7978500,0.0,0.0,0.0
2017-02-13,92.10959926854652,92.23215954462464,91.82618301311255,92.20917510986328,11536800,0.0,0.0,0.0
2017-02-14,92.10192020883184,92.147883225585,91.0218857410418,91.54275512695312,13210500,0.0,0.0,0.0
2017-02-15,90.96822740893344,91.32057921569924,90.88396873296858,91.12142181396484,8481000,0.0,0.0,0.0
2017-02-16,91.32060572194344,92.07892818174194,91.24400849719504,91.6193389892578,10005800,0.0,0.0,0.0
2017-02-17,92.38533645351325,92.45427221268356,92.01766153928791,92.16320037841795,7886400,0.0,0.0,0.0
2017-02-21,91.67295365360994,92.38531891645106,91.61167353887248,92.00232696533205,8703800,0.0,0.0,0.0
2017-02-22,92.53085388229762,92.54617098834868,91.60400825639584,92.155517578125,8101500,0.0,0.0,0.0
2017-02-23,92.35472293245094,92.48493885541444,92.17088834450271,92.43132019042967,5330800,0.0,0.0,0.0
2017-02-24,92.95218078109548,93.55730899568702,92.88324500874748,93.45773315429688,11336000,0.0,0.0,0.0
2017-02-27,93.3044980259135,93.37343961655628,92.86023180041089,92.90618896484376,11039800,0.0,0.0,0.0
2017-02-28,93.06703526824616,93.51130729183804,92.92915794520016,93.25086975097656,8410500,0.0,0.0,0.0
2017-03-01,91.66533165229129,91.7497526354102,91.28927241648908,91.6883544921875,10717100,0.0,0.0,0.0
2017-03-02,91.33529930986988,91.488788771267,91.03599076147216,91.35832214355467,8201200,0.0,0.0,0.0
2017-03-03,91.50416870840738,91.59626007080078,90.982296185597,91.59626007080078,9515200,0.0,0.0,0.0
2017-03-06,91.41970677234065,91.41970677234065,90.95922674564262,91.15876770019533,4489200,0.0,0.0,0.0
2017-03-07,90.9285283198136,91.08201774973313,90.7520102056844,90.88247680664062,7080100,0.0,0.0,0.0
2017-03-08,90.03063540813638,90.52180881969568,89.96924312312815,90.39134216308594,11336300,0.0,0.0,0.0
2017-03-09,90.05365910177092,90.16110877586536,89.6162075949718,89.66992950439453,10575400,0.0,0.0,0.0
2017-03-10,89.90013715609717,90.03827999550096,89.54710675656463,89.98455810546875,9218500,0.0,0.0,0.0
2017-03-13,89.66228141025513,89.86181663469822,89.40134217446355,89.41669464111328,6993100,0.0,0.0,0.0
2017-03-14,89.6161498184207,90.06127726965833,89.57010417010136,89.84638977050781,9869200,0.0,0.0,0.0
2017-03-15,90.22248008360748,91.1971563132586,90.12271251937646,90.9438934326172,14600500,0.0,0.0,0.0
2017-03-16,90.55250509869632,90.67530137542563,90.27621933130416,90.48343658447266,8018200,0.0,0.0,0.0
2017-03-17,90.6445858496664,91.13575915691332,90.5831877224486,91.05133819580078,7266800,0.0,0.0,0.0
2017-03-20,90.98231270906732,91.504185326656,90.94393739760108,91.44278717041016,5497800,0.0,0.0,0.0
2017-03-21,91.36603259296058,92.32535672411198,91.34300389540309,92.20256042480467,12540700,0.0,0.0,0.0
2017-03-22,92.64769050107203,92.99304485466376,92.42512659455184,92.5709457397461,11661400,0.0,0.0,0.0
2017-03-23,92.73209080099008,92.87790405839466,92.1411439746312,92.4404525756836,6746500,0.0,0.0,0.0
2017-03-24,92.50184489132104,92.93929634650006,92.40207731566557,92.77045440673828,5819600,0.0,0.0,0.0
2017-03-27,93.499558407166,93.60700222980957,93.00838497358131,93.19257354736328,6878500,0.0,0.0,0.0
2017-03-28,93.46887174328457,93.49189458615736,92.4711722802974,92.5709457397461,6811200,0.0,0.0,0.0
2017-03-29,92.8164875948776,93.1541655524308,92.77043607615664,93.12346649169922,6291000,0.0,0.0,0.0
2017-03-30,92.91628663469946,92.93163324264177,92.340692225253,92.37139129638672,7042400,0.0,0.0,0.0
2017-03-31,92.30999169922376,92.71674413864856,92.25626978939876,92.63999938964844,5144800,0.0,0.0,0.0
2017-04-03,92.63616422544564,93.72826795038486,92.59771354654228,93.57444763183594,12996500,0.0,0.0,0.0
2017-04-04,93.34370413712028,93.51289764650868,93.02068447749345,93.06683349609376,6976700,0.0,0.0,0.0
2017-04-05,92.72071582601356,93.45903536903911,92.56690145491572,93.3513641357422,8555200,0.0,0.0,0.0
2017-04-06,93.24375387499369,93.37450263033048,92.69001238871972,93.2129898071289,6497000,0.0,0.0,0.0
2017-04-07,93.7051679335028,94.02049510984943,92.82072625235136,92.83610534667967,10270000,0.0,0.0,0.0
2017-04-10,93.1668363767336,93.53599928280126,93.05916508489,93.26681518554688,5314500,0.0,0.0,0.0
2017-04-11,93.67444724035596,94.32816756238752,93.61291910312696,94.15127563476562,11297400,0.0,0.0,0.0
2017-04-12,94.22047022128837,94.74344750793504,94.05127082448438,94.66653442382812,11532500,0.0,0.0,0.0
2017-04-13,94.94343918831144,95.16647430348822,94.5281388967647,94.95882415771484,8396700,0.0,0.0,0.0
2017-04-17,94.95109757914796,95.02031818131528,94.48964841272904,94.66653442382812,8015000,0.0,0.0,0.0
2017-04-18,95.25871943713908,96.12009540096712,95.02030533803718,95.90474700927734,11529700,0.0,0.0,0.0
2017-04-19,95.44329538323476,95.49713101282374,95.13566069945058,95.38176727294922,7344000,0.0,0.0,0.0
2017-04-20,94.99724168391644,95.30487642048188,94.7049919113838,95.01262664794922,7932900,0.0,0.0,0.0
2017-04-21,95.22796920325166,95.55098303620532,94.97417010551185,95.01262664794922,9798500,0.0,0.0,0.0
2017-04-24,94.25123016259008,94.72037179044692,94.18200956344772,94.5434799194336,8066400,0.0,0.0,0.0
2017-04-25,93.98968694488242,94.18195780579602,93.35134627841546,93.40518188476562,8122300,0.0,0.0,0.0
2017-04-26,93.4590771715842,93.93591132349422,93.38986243392432,93.9205322265625,5766200,0.0,0.0,0.0
2017-04-27,93.63597139477056,94.09742059361824,93.50522853083191,93.8897705078125,4978300,0.0,0.0,0.0
2017-04-28,93.5205840306588,94.16661744015178,93.48213336324972,94.09739685058594,8166300,0.0,0.0,0.0
2017-05-01,93.7852611064364,94.13206922905366,93.02998237464858,93.3151397705078,8795900,0.0,0.0,0.0
2017-05-02,93.23039110502089,93.85464826315742,93.20727134063056,93.7929916381836,6727800,0.0,0.0,0.0
2017-05-03,94.1937196924046,94.32473556307984,93.67735887511007,93.8546142578125,8932900,0.0,0.0,0.0
2017-05-04,93.261211266158,93.42305548264396,92.999173572872,93.39222717285156,9707200,0.0,0.0,0.0
2017-05-05,93.54639483328948,93.61576002401888,93.16875819900984,93.47703552246094,5605400,0.0,0.0,0.0
2017-05-08,93.33825650194916,93.36137625872104,92.89125493803408,92.96832275390624,8057800,0.0,0.0,0.0
2017-05-09,92.775700556971,92.96837314102513,92.59073652265124,92.9606704711914,5536700,0.0,0.0,0.0
2017-05-10,93.18414968819228,93.29974850780174,92.60613207054791,92.85275268554688,6517000,0.0,0.0,0.0
2017-05-11,92.4828188230988,92.92211197731254,92.41345953133312,92.85275268554688,7479800,0.0,0.0,0.0
2017-05-12,93.26120179620656,93.63112971635437,93.2380820361846,93.55406188964844,7463900,0.0,0.0,0.0
2017-05-15,93.29973602294922,93.41534070698836,93.06082398786052,93.29973602294922,5173200,0.0,0.0,0.0
2017-05-16,93.33831385371612,93.9394514187448,93.33831385371612,93.64659118652344,6722700,0.0,0.0,0.0
2017-05-17,94.50977691175736,95.21110811147278,94.32481283223215,95.01072692871094,11236400,0.0,0.0,0.0
2017-05-18,95.37289755840828,95.51933055541906,94.941312994459,95.11856842041016,8350500,0.0,0.0,0.0
2017-05-19,95.0723539977027,95.39604250612352,94.8026135740187,95.34209442138672,11277400,0.0,0.0,0.0
2017-05-22,95.1108530239514,95.2264518167533,94.99524835125165,95.08002471923828,4062900,0.0,0.0,0.0
2017-05-23,95.187900565673,95.27267691559774,94.39409099810185,94.4403305053711,7901300,0.0,0.0,0.0
2017-05-24,94.64074809723958,94.99526484314056,94.4403670217655,94.9721450805664,7355200,0.0,0.0,0.0
2017-05-25,94.81024962230344,95.01063060190846,94.60987452259454,95.00292205810548,6464800,0.0,0.0,0.0
2017-05-26,95.2187735165317,95.36520065151672,94.98756411196672,95.16482543945312,2963800,0.0,0.0,0.0
2017-05-30,95.58870157208996,95.67347796182736,95.3652007155004,95.63494110107422,4819400,0.0,0.0,0.0
2017-05-31,95.6040695674142,96.06648225946614,95.58865247907116,95.87380981445312,8000200,0.0,0.0,0.0
2017-06-01,95.53635461120776,95.91479713110488,95.5054668758778,95.88390350341795,9037300,0.0,0.0,0.0
2017-06-02,96.7103108782688,97.1350850977214,96.57901735002118,97.0192413330078,13245000,0.0,0.0,0.0
2017-06-05,96.46313720683963,96.66394282281134,96.3704563320012,96.4167938232422,6775500,0.0,0.0,0.0
2017-06-06,97.073300759374,97.2123191651478,96.84932633382968,96.94200134277344,12841500,0.0,0.0,0.0
2017-06-07,96.72575035181757,96.94199989259562,96.37820728876116,96.47860717773438,12852400,0.0,0.0,0.0
2017-06-08,96.44766051731403,96.44766051731403,95.9997178115642,96.22368621826172,8758600,0.0,0.0,0.0
2017-06-09,95.82979942226756,96.26229823694412,95.75256833284024,96.07694244384766,5130500,0.0,0.0,0.0
2017-06-12,95.93024716357615,96.53265821129182,95.87618478473908,96.0460968017578,4335800,0.0,0.0,0.0
2017-06-13,95.7757829393185,96.16966345174124,95.7603331786212,96.06153869628906,4742600,0.0,0.0,0.0
2017-06-14,97.25090894111528,97.8610448068756,97.104171580641,97.54439544677734,20212300,0.0,0.0,0.0
2017-06-15,97.38220584511056,97.56756761065957,97.18140610430125,97.38993072509766,5863700,0.0,0.0,0.0
2017-06-16,97.37446797335431,97.65250467540037,97.3204056086429,97.58299255371094,6672500,0.0,0.0,0.0
2017-06-19,97.55985752147772,97.68343205057856,97.33588310675088,97.44400787353516,5641300,0.0,0.0,0.0
2017-06-20,97.9228326801305,98.39395017576038,97.9228326801305,98.31671905517578,8405700,0.0,0.0,0.0
2017-06-21,98.16996650455305,98.57929670800829,98.01550427801168,98.51750946044922,5914800,0.0,0.0,0.0
2017-06-22,98.63338002788372,98.75695454925106,98.32444961682287,98.73377990722656,6608100,0.0,0.0,0.0
2017-06-23,98.4480130926089,98.7801122160762,98.3939507186657,98.68743133544922,4329900,0.0,0.0,0.0
2017-06-26,99.06588201791988,99.29758129242312,98.98092601009252,99.0581512451172,5541600,0.0,0.0,0.0
2017-06-27,98.41708549792136,98.46342297606344,97.79150597358392,98.00003051757812,8354200,0.0,0.0,0.0
2017-06-28,97.8301442971942,97.86103792153013,97.29724548138,97.6756820678711,7357900,0.0,0.0,0.0
2017-06-29,96.54810238937768,97.09645102654775,96.46314638578092,96.8570327758789,9115800,0.0,0.0,0.0
2017-06-30,96.6871037480298,96.8415659679106,96.42451090340528,96.63304138183594,10189800,0.0,0.0,0.0
2017-07-03,96.73984677826654,96.7708042377794,95.981403781531,96.32192993164062,11021100,0.0,0.0,0.0
2017-07-05,96.12070902699396,96.46897601677384,96.05880001273827,96.34514617919922,11394500,0.0,0.0,0.0
2017-07-06,95.59443738398888,95.6873097557166,95.13782817485614,95.54800415039062,10853100,0.0,0.0,0.0
2017-07-07,95.0681548411381,95.2152012597176,94.8746751975462,94.97528839111328,9401800,0.0,0.0,0.0
2017-07-10,95.09138452099889,95.26938249997436,94.94433809134304,95.1146011352539,3859200,0.0,0.0,0.0
2017-07-11,95.08365806890556,95.44740082602176,94.96756907553402,95.27713775634766,4425600,0.0,0.0,0.0
2017-07-12,95.8807624646345,95.99685142050652,95.571193883819,95.9349365234375,7839900,0.0,0.0,0.0
2017-07-13,95.6563891740472,95.69508748665145,95.04499244300791,95.3313446044922,7449300,0.0,0.0,0.0
2017-07-14,96.04328709860468,96.08972622485952,95.28485025595585,95.44737243652344,6566800,0.0,0.0,0.0
2017-07-17,95.447418810553,95.95820221128731,95.40097966173524,95.7105484008789,4737300,0.0,0.0,0.0
2017-07-18,96.2987481164634,96.56187776062276,96.14396666749128,96.54640197753906,9163000,0.0,0.0,0.0
2017-07-19,96.56963183565196,96.74763584043905,96.42258530580762,96.58511352539062,5140900,0.0,0.0,0.0
2017-07-20,97.11905139113767,97.30479612156678,96.71661628426956,96.86366271972656,12239100,0.0,0.0,0.0
2017-07-21,97.30482220946512,97.53699432795176,97.18099235597964,97.27386474609376,6201500,0.0,0.0,0.0
2017-07-24,97.0881483533446,97.2506765596988,96.8637170112127,96.89466857910156,5378500,0.0,0.0,0.0
2017-07-25,96.07428934843708,96.11298765427328,95.555765115614,95.6331558227539,9743300,0.0,0.0,0.0
2017-07-26,95.40095872793424,96.03557184688611,95.25391818511883,95.78791809082033,8459500,0.0,0.0,0.0
2017-07-27,95.2771509995193,95.48610649300694,95.05271382234676,95.31584930419922,6390800,0.0,0.0,0.0
2017-07-28,95.40100452088474,95.95822721563528,95.39326958117674,95.8808364868164,5491800,0.0,0.0,0.0
2017-07-31,95.54804326762032,96.00465856822191,95.50161001501236,95.99691772460938,5464600,0.0,0.0,0.0
2017-08-01,95.53849918147044,96.7251673643034,95.52298977034448,96.6708755493164,9676800,0.0,0.0,0.0
2017-08-02,96.77170047104076,97.08194194648976,96.7018992456808,96.72516632080078,5745600,0.0,0.0,0.0
2017-08-03,97.17501693647374,97.74120216010536,97.15174986116888,97.72569274902344,10324500,0.0,0.0,0.0
2017-08-04,97.0664079053764,97.08967497459246,96.5157322369337,96.8957748413086,8485500,0.0,0.0,0.0
2017-08-07,96.82600373862236,97.02766160912216,96.64761886335938,97.00439453125,4684600,0.0,0.0,0.0
2017-08-08,96.8493033960077,96.9346199832693,96.29086970388316,96.65540313720705,6197400,0.0,0.0,0.0
2017-08-09,97.67138841686904,97.6868978259633,97.10519734843506,97.1827621459961,9221800,0.0,0.0,0.0
2017-08-10,97.4310021774035,98.06699477655238,97.35343734157844,98.01270294189452,10378200,0.0,0.0,0.0
2017-08-11,97.54731235035295,98.08247880873635,97.3766851408496,98.05921173095705,5717800,0.0,0.0,0.0
2017-08-14,97.71794442980077,97.94286937486451,97.51629247963152,97.55506896972656,5111000,0.0,0.0,0.0
2017-08-15,96.74069499022964,97.36892977456225,96.72517965976736,97.14400482177734,7473200,0.0,0.0,0.0
2017-08-16,96.81825160811064,97.74121255845674,96.80273627801408,97.5007781982422,5283800,0.0,0.0,0.0
2017-08-17,97.4930339687903,98.25312547942411,97.34567381675323,98.2298583984375,9364700,0.0,0.0,0.0
2017-08-18,98.4857749400296,98.61762563277136,97.92734151504855,98.20655822753906,8382500,0.0,0.0,0.0
2017-08-21,98.32293774084113,98.51683799394613,98.11352807112884,98.44703674316406,7669800,0.0,0.0,0.0
2017-08-22,98.33844523321171,98.3539546485823,97.9351294251891,98.06698608398438,6140700,0.0,0.0,0.0
2017-08-23,98.532358487805,98.74176816848356,98.3151911397335,98.73401641845705,7446400,0.0,0.0,0.0
2017-08-24,98.4082680827706,98.74177680142934,98.28417498046596,98.36949157714844,5569400,0.0,0.0,0.0
2017-08-25,98.51682906915664,98.85033771097882,98.40049366172552,98.74951171875,7303300,0.0,0.0,0.0
2017-08-28,98.4392545687484,98.80378790061016,98.29189443688432,98.68744659423828,4448500,0.0,0.0,0.0
2017-08-29,99.63370344103365,99.68023760456852,98.74175524593348,99.00546264648438,7659400,0.0,0.0,0.0
2017-08-30,98.85807733657124,99.07524461396572,98.76500311024596,98.97441864013672,4735200,0.0,0.0,0.0
2017-08-31,98.99769066995002,99.30017452393392,98.94339884788532,99.26914978027344,7978400,0.0,0.0,0.0
2017-09-01,98.94507854435174,98.9683935363452,98.26114641782586,98.50984954833984,14128600,0.0,0.0,0.0
2017-09-05,99.24038030145664,100.10307025838326,99.24038030145664,100.0719757080078,15215700,0.0,0.0,0.0
2017-09-06,100.04091386238272,100.25852832397042,99.27925731727645,99.45801544189452,9066400,0.0,0.0,0.0
2017-09-07,99.7377996817863,100.70152926736154,99.7377996817863,100.47613525390624,13618900,0.0,0.0,0.0
2017-09-08,100.34400663512952,100.38286889625294,99.92432504864917,100.25851440429688,9808500,0.0,0.0,0.0
2017-09-11,99.38032246086946,99.52021835503687,98.9062311489438,99.0616683959961,17856700,0.0,0.0,0.0
2017-09-12,98.74298189978144,98.7740645934758,98.33883572717173,98.54090881347656,7557400,0.0,0.0,0.0
2017-09-13,98.63419334833986,98.64196105845907,98.144554851542,98.15232849121094,6740000,0.0,0.0,0.0
2017-09-14,98.21447929157628,98.5719895358918,98.18339067082518,98.5564422607422,6674500,0.0,0.0,0.0
2017-09-15,98.70413651985344,98.71191015938088,98.34662618573694,98.59532928466795,9769200,0.0,0.0,0.0
2017-09-18,98.315557674395,98.36996130311977,97.80260409251812,98.02799224853516,6863000,0.0,0.0,0.0
2017-09-19,98.14455103717948,98.16786602573043,97.71709574479632,97.78704071044922,5554900,0.0,0.0,0.0
2017-09-20,97.90361697441878,97.96579422732763,97.40621081024622,97.85698699951172,8037000,0.0,0.0,0.0
2017-09-21,98.05128316096274,98.36215755592464,97.78703280978635,97.80257415771484,6147800,0.0,0.0,0.0
2017-09-22,98.31555161430616,98.494309771698,97.97358258080024,98.08238983154295,5660700,0.0,0.0,0.0
2017-09-25,98.17566692391232,98.91400277092532,98.0824010142634,98.6963882446289,9679000,0.0,0.0,0.0
2017-09-26,98.52534583241116,98.61861168727366,98.2611014712888,98.517578125,7251900,0.0,0.0,0.0
2017-09-27,97.04871225791273,97.38290762084958,96.8466391262521,97.03316497802734,12145700,0.0,0.0,0.0
2017-09-28,96.53570540734756,96.87767422125296,96.34917965864764,96.74555206298828,8883700,0.0,0.0,0.0
2017-09-29,96.96320343017578,97.1730442363544,96.58237222224032,96.96320343017578,11285500,0.0,0.0,0.0
2017-10-02,97.19838448726983,97.34635284489002,96.75448535595912,96.78563690185548,7860700,0.0,0.0,0.0
2017-10-03,96.50529195460209,96.9647698916466,96.50529195460209,96.8791046142578,6219800,0.0,0.0,0.0
2017-10-04,96.98032766154924,97.02705200868124,96.47412544860322,96.88687896728516,7447000,0.0,0.0,0.0
2017-10-05,96.77784097377676,96.80120908777832,96.3261584427536,96.5208511352539,8180300,0.0,0.0,0.0
2017-10-06,96.01464809284224,96.64545050963945,95.8121660308082,96.24827575683594,10375000,0.0,0.0,0.0
2017-10-09,96.39627470371327,96.61432963594778,96.28724723759603,96.55203247070312,3590900,0.0,0.0,0.0
2017-10-10,96.67664263286832,97.24514814282524,96.5831879631139,96.70779418945312,6666800,0.0,0.0,0.0
2017-10-11,97.01150831171176,97.08160079498832,96.7700911903679,96.89469146728516,4385900,0.0,0.0,0.0
2017-10-12,96.99591522530235,97.33078694048292,96.75449221288366,97.3074188232422,7141600,0.0,0.0,0.0
2017-10-13,97.7980505124726,98.07840851026153,97.47875159327673,98.00831604003906,7746900,0.0,0.0,0.0
2017-10-16,97.7590896499273,98.0472369615307,97.64227285108544,97.9382095336914,5737300,0.0,0.0,0.0
2017-10-17,97.65006525246832,98.19520240858208,97.65006525246832,98.06281280517578,4969600,0.0,0.0,0.0
2017-10-18,97.38532014649282,97.4865582419212,97.09717272504844,97.41646575927734,5943800,0.0,0.0,0.0
2017-10-19,97.9226325859494,98.13290401602748,97.55660938226106,97.58776092529295,8966500,0.0,0.0,0.0
2017-10-20,96.56760527662648,96.78566020886096,96.28724723759603,96.55203247070312,12326900,0.0,0.0,0.0
2017-10-23,96.69222016904918,96.9492101099344,96.5831867515941,96.7233657836914,6871100,0.0,0.0,0.0
2017-10-24,96.0769786450839,96.32618512284668,95.90564807758116,96.12370300292967,6842800,0.0,0.0,0.0
2017-10-25,95.42276756814908,95.7732179284219,95.33710232063008,95.6641845703125,9961400,0.0,0.0,0.0
2017-10-26,95.83552546634505,95.83552546634505,95.34490203857422,95.34490203857422,8179400,0.0,0.0,0.0
2017-10-27,95.74209556344456,96.04581573663394,95.59412719235986,95.97572326660156,10480900,0.0,0.0,0.0
2017-10-30,96.4585815857475,96.92584302190237,96.22494789689432,96.89469146728516,9051600,0.0,0.0,0.0
2017-10-31,96.98034838624858,97.08159241540348,96.8791102986447,96.92583465576172,4424300,0.0,0.0,0.0
2017-11-01,97.04522217827513,97.6617546697037,97.00620475221416,97.35739135742188,8940400,0.0,0.0,0.0
2017-11-02,97.55246228503589,97.95827790832452,97.4900272801823,97.78659057617188,7222700,0.0,0.0,0.0
2017-11-03,97.91930146032804,98.09879473171064,97.66176142316276,98.05197143554688,10984100,0.0,0.0,0.0
2017-11-06,98.27826351973046,98.5045859713154,98.11437607978216,98.41873931884766,6246700,0.0,0.0,0.0
2017-11-07,98.5124435368932,98.94167107036562,98.43439675432224,98.83241271972656,6422700,0.0,0.0,0.0
2017-11-08,98.79338490351569,98.95727837626708,98.4968273870829,98.6138916015625,3356200,0.0,0.0,0.0
2017-11-09,98.23147905015826,98.5202306733376,97.9817448590701,98.33293151855467,6280400,0.0,0.0,0.0
2017-11-10,97.32620788704696,97.42766037524989,96.74089270421352,96.85015106201172,11981000,0.0,0.0,0.0
2017-11-13,97.39638034563424,97.40418025561308,97.01397040800096,97.05299377441406,5880800,0.0,0.0,0.0
2017-11-14,97.37297637485013,97.73977463557782,97.37297637485013,97.70855712890624,6195900,0.0,0.0,0.0
2017-11-15,98.37974087629142,98.8557975409195,98.05196591334054,98.76995086669922,9568200,0.0,0.0,0.0
2017-11-16,98.34074775943388,98.59048197686354,97.90370841333188,97.91151428222656,5894900,0.0,0.0,0.0
2017-11-17,98.38754155327864,98.67629907443585,98.3016948835868,98.63727569580078,6938800,0.0,0.0,0.0
2017-11-20,98.2626840914356,98.62947648635677,98.2626840914356,98.59825897216795,4232300,0.0,0.0,0.0
2017-11-21,99.18357672227944,99.33966429756036,98.57485006401446,98.91043090820312,5818400,0.0,0.0,0.0
2017-11-22,98.81677845522276,99.26941751135573,98.73093178244388,99.23040008544922,4140700,0.0,0.0,0.0
2017-11-24,99.05868204127748,99.1367228277642,98.87138296288332,98.9572296142578,3141400,0.0,0.0,0.0
2017-11-27,99.00407157466988,99.15235326486254,98.6606849043843,98.8167724609375,6079900,0.0,0.0,0.0
2017-11-28,98.93385115467396,99.25382624621086,98.69972870260244,98.949462890625,5983000,0.0,0.0,0.0
2017-11-29,97.98954377013143,98.08319632363082,97.63055124624964,97.97393798828124,14547100,0.0,0.0,0.0
2017-11-30,97.7944244269666,97.95831190598908,97.11546286446364,97.64614868164062,9630000,0.0,0.0,0.0
2017-12-01,98.43202917032868,99.85529332494706,97.82987550897738,98.96379852294922,24583100,0.0,0.0,0.0
2017-12-04,98.471188834378,99.0576992592487,98.38516682809356,99.01078033447266,9609200,0.0,0.0,0.0
2017-12-05,98.9012852328431,99.70675848402897,98.88564161587908,99.50343322753906,10958900,0.0,0.0,0.0
2017-12-06,99.9960805249546,100.27759993012376,99.831858385985,99.84749603271484,11834200,0.0,0.0,0.0
2017-12-07,100.04300779800364,100.17595465463184,98.76832767961533,99.06549072265624,13056800,0.0,0.0,0.0
2017-12-08,98.99514283117512,99.11244611665464,98.72143914258484,99.07334899902344,4786100,0.0,0.0,0.0
2017-12-11,99.20626125631982,99.3861210712678,98.85435746791468,98.8699951171875,3863800,0.0,0.0,0.0
2017-12-12,98.6666951506606,98.85438278775476,98.27568818948691,98.83091735839844,7502400,0.0,0.0,0.0
2017-12-13,99.16718668680392,99.6207562078688,98.99514266389706,99.57383728027344,8532900,0.0,0.0,0.0
2017-12-14,99.3548654974495,100.08213864198996,99.15154021878968,99.9961166381836,6885000,0.0,0.0,0.0
2017-12-15,99.94919628336592,100.55916618072852,99.7536928051706,100.37149047851562,7239400,0.0,0.0,0.0
2017-12-18,100.0743194048619,100.09777886717708,99.2453865828317,99.45652770996094,7239700,0.0,0.0,0.0
2017-12-19,98.78395200776843,98.8308709118456,97.806435064228,98.1661605834961,11045800,0.0,0.0,0.0
2017-12-20,97.21214166979728,97.52494840912289,96.93061620103347,97.0792007446289,10005800,0.0,0.0,0.0
2017-12-21,97.1982607152005,97.84870605232014,97.1747516512649,97.64495086669922,7026900,0.0,0.0,0.0
2017-12-22,97.72336462781657,97.83307763292564,97.59014254717128,97.7782211303711,3974300,0.0,0.0,0.0
2017-12-26,97.94279254558022,98.37380619661768,97.93495419442388,98.06817626953124,3168400,0.0,0.0,0.0
2017-12-27,98.51484956686834,99.51011072955993,98.50701121706904,99.34553527832033,9059700,0.0,0.0,0.0
2017-12-28,99.15751111812835,99.3926139097757,99.03212734711884,99.25939178466795,5297100,0.0,0.0,0.0
2017-12-29,99.13396344097116,99.61983956439384,99.11829271778788,99.41608428955078,7580500,0.0,0.0,0.0
2018-01-02,99.12612835330933,99.14180505591874,98.01332162444892,98.34246063232422,16238200,0.0,0.0,0.0
2018-01-03,98.7421177442695,98.8988488729348,98.34244559359097,98.8126449584961,8605100,0.0,0.0,0.0
2018-01-04,98.46785803670204,98.86753027974945,98.24843201429503,98.7969970703125,9217900,0.0,0.0,0.0
2018-01-05,98.64025175760108,98.88318682200634,98.24057957187809,98.51486206054688,10915400,0.0,0.0,0.0
2018-01-08,98.73430747944778,98.76565490987956,98.09170010287356,98.45218658447266,8850600,0.0,0.0,0.0
2018-01-09,97.80954416515412,97.82522086420892,97.02587662186106,97.13558959960938,16226400,0.0,0.0,0.0
2018-01-10,96.24223105640606,97.11994105773496,96.12468568119657,97.01806640625,14302600,0.0,0.0,0.0
2018-01-11,96.7908016508955,97.63715824347096,96.63406451974434,97.41773223876952,12511000,0.0,0.0,0.0
2018-01-12,97.2531592834386,97.79389190362502,97.1042664877674,97.5822982788086,9987100,0.0,0.0,0.0
2018-01-16,98.0916894119176,98.17789334148196,97.61365161302808,97.98981475830078,9125900,0.0,0.0,0.0
2018-01-17,98.021159774596,98.4600117841958,97.64499663857464,97.8565902709961,8327000,0.0,0.0,0.0
2018-01-18,97.11995579427894,97.38639999039644,96.81432581453892,96.94754791259766,10843900,0.0,0.0,0.0
2018-01-19,96.70460628502114,96.82999002213244,96.3754672488294,96.43815612792967,11374300,0.0,0.0,0.0
2018-01-22,96.74377606575852,96.94753134373268,96.38328963790272,96.53218841552734,8984700,0.0,0.0,0.0
2018-01-23,97.02591350093157,97.33154348067158,96.57922307062606,96.94754791259766,12325700,0.0,0.0,0.0
2018-01-24,96.27358655859328,96.49301258260432,96.0306514575683,96.4224853515625,9038900,0.0,0.0,0.0
2018-01-25,96.51651027152695,97.29233956793918,96.23438944030256,97.21397399902344,12173300,0.0,0.0,0.0
2018-01-26,97.0807570979942,97.10427215238668,96.46949721981753,96.8534927368164,6462900,0.0,0.0,0.0
2018-01-29,96.36766698733376,96.36766698733376,95.84261079650588,96.1795883178711,12223000,0.0,0.0,0.0
2018-01-30,95.82689834581086,95.8974315573733,95.37236958346456,95.61531066894533,12064400,0.0,0.0,0.0
2018-01-31,96.2893013733004,96.3363195459378,95.56048980285529,96.1795883178711,18045100,0.0,0.0,0.0
2018-02-01,96.18346715003086,96.2227285227671,94.73065855754336,94.78562927246094,18632800,0.0,0.0,0.0
2018-02-02,94.35370246900784,94.4400858625052,93.63907730304908,93.90608215332033,23944400,0.0,0.0,0.0
2018-02-05,93.58412578328732,95.66517034092988,93.16791807003058,94.79348754882812,28606200,0.0,0.0,0.0
2018-02-06,94.56574288946076,94.91913117907168,94.016035760766,94.20450592041016,10935400,0.0,0.0,0.0
2018-02-07,94.33800533060214,94.49506878971,93.10508563555771,93.30926513671876,16271100,0.0,0.0,0.0
2018-02-08,92.67317244269756,93.5919711894609,92.54752167834108,93.2071762084961,15155100,0.0,0.0,0.0
2018-02-09,92.7516863729892,93.52127621210404,92.50039087573742,92.6181869506836,15661600,0.0,0.0,0.0
2018-02-12,93.10507902126471,93.68620479164235,92.81452212743382,93.02655029296876,10944600,0.0,0.0,0.0
2018-02-13,93.144360302951,93.45848125444304,92.97159348006244,93.4427719116211,8157600,0.0,0.0,0.0
2018-02-14,93.02657627697585,93.08940167370405,92.24913146438278,92.40618896484376,12043300,0.0,0.0,0.0
2018-02-15,92.81451393936251,93.2935469284731,92.65745050526874,92.72027587890624,8222400,0.0,0.0,0.0
2018-02-16,93.48202770469273,93.61552714535864,92.93231460979376,93.2228775024414,8454100,0.0,0.0,0.0
2018-02-20,92.88518821214852,93.06580966394672,92.49253861301612,92.81451416015624,8268800,0.0,0.0,0.0
2018-02-21,92.85378355502516,92.89305091487712,91.49521917970176,91.67583465576172,12054300,0.0,0.0,0.0
2018-02-22,92.06854078939324,92.39837123702908,91.88007052743104,91.95074462890624,9317900,0.0,0.0,0.0
2018-02-23,92.57110828010038,92.90878732436884,92.44546346830936,92.7674331665039,9072900,0.0,0.0,0.0
2018-02-26,93.199309507306,93.37993095991348,92.69671849747324,92.7988052368164,8771600,0.0,0.0,0.0
2018-02-27,93.0736590412764,93.18360644190815,92.0841863578076,92.6653060913086,12525700,0.0,0.0,0.0
2018-02-28,93.03440488414152,93.31711309885311,92.86163808722245,93.25428771972656,9311600,0.0,0.0,0.0
2018-03-01,93.19055139931388,94.12694406498488,92.97022512584796,93.89087677001952,12287700,0.0,0.0,0.0
2018-03-02,93.52105844583504,93.58401053682282,92.94663712503667,93.12761688232422,10064300,0.0,0.0,0.0
2018-03-05,93.44235781647411,93.48170436851008,92.56104668046105,92.87580108642578,5658200,0.0,0.0,0.0
2018-03-06,93.13550236127573,93.3873047622492,92.94665206140633,92.96238708496094,5452000,0.0,0.0,0.0
2018-03-07,93.30072185640778,93.38727947112363,92.82072272150742,92.86006927490234,4461800,0.0,0.0,0.0
2018-03-08,93.09612223085284,93.63120289042524,93.05678168442935,93.3951416015625,7086700,0.0,0.0,0.0
2018-03-09,92.84434104778542,93.06466736890306,92.5295865875708,92.7813949584961,6570400,0.0,0.0,0.0
2018-03-12,93.09610291292098,93.37151669793865,93.00168081834522,93.3164291381836,5801300,0.0,0.0,0.0
2018-03-13,93.09612100169896,93.93022102096836,93.00169888877676,93.78858184814452,7455300,0.0,0.0,0.0
2018-03-14,93.95382073618964,94.74070364687222,93.93021520941956,94.61479949951172,10175000,0.0,0.0,0.0
2018-03-15,94.55971793590156,94.81152022718236,94.37086771830096,94.61479949951172,6757900,0.0,0.0,0.0
2018-03-16,94.26859423200844,94.43383895637372,94.0718734644153,94.27645874023438,6084300,0.0,0.0,0.0
2018-03-19,93.80431703904549,94.4023497702327,93.79644652847392,93.97743225097656,8491200,0.0,0.0,0.0
2018-03-20,93.56826140800536,93.81219321950176,93.5053093265092,93.5997314453125,5446000,0.0,0.0,0.0
2018-03-21,93.37156736752624,93.96959430249964,92.93877918772992,93.70205688476562,9742400,0.0,0.0,0.0
2018-03-22,94.66991001350831,95.0712221016423,94.1663052769426,94.6305694580078,12136600,0.0,0.0,0.0
2018-03-23,94.17415953316188,94.66989367167751,94.126948473334,94.55973052978516,7250400,0.0,0.0,0.0
2018-03-26,94.4259659698792,94.78006094088975,94.16629312263616,94.19776916503906,8237900,0.0,0.0,0.0
2018-03-27,94.29219016653651,95.30726994441557,94.27644914480402,95.20497131347656,9168500,0.0,0.0,0.0
2018-03-28,95.56695026329524,95.716459973662,95.17350871259671,95.456787109375,7412500,0.0,0.0,0.0
2018-03-29,95.63779544989733,96.22795791531703,95.61418991183142,95.92107391357422,9694300,0.0,0.0,0.0
2018-04-02,95.69234448507022,96.48879667762162,95.54252125284928,96.11028289794922,12036500,0.0,0.0,0.0
2018-04-03,95.70026788230152,95.79489786694847,95.28232931192484,95.36907196044922,9855000,0.0,0.0,0.0
2018-04-04,95.69237059712802,95.77911323663383,95.1009467911924,95.1719207763672,6654300,0.0,0.0,0.0
2018-04-05,94.70669545491208,94.84075011784918,94.4464674506628,94.46224212646484,7603700,0.0,0.0,0.0
2018-04-06,95.14825947663786,95.53465465706154,94.80128893797855,95.49522399902344,8831200,0.0,0.0,0.0
2018-04-09,95.13248304442678,95.65293884277344,94.90379846784478,95.65293884277344,6307500,0.0,0.0,0.0
2018-04-10,95.5740474446652,95.71598934351088,95.24285168611584,95.47942352294922,6046000,0.0,0.0,0.0
2018-04-11,96.08667466627833,96.11821799828292,95.62930537662474,95.81856536865234,5901300,0.0,0.0,0.0
2018-04-12,95.447895028718,95.47155101281962,94.951101313766,95.11669921875,6622800,0.0,0.0,0.0
2018-04-13,95.03788102823808,95.51890631075146,95.02211237044148,95.33753967285156,4964000,0.0,0.0,0.0
2018-04-16,94.80919142123945,95.39272795254227,94.7697607569012,95.36907196044922,4491300,0.0,0.0,0.0
2018-04-17,95.35329113599032,95.87374699355664,95.2744358286763,95.62928771972656,5590400,0.0,0.0,0.0
2018-04-18,95.64502684517645,95.68445147604442,94.84857469986952,94.86434936523438,8138400,0.0,0.0,0.0
2018-04-19,94.17043091935686,94.257173550717,93.68940578773184,94.0915756225586,9875800,0.0,0.0,0.0
2018-04-20,93.75248955253578,93.94174346229434,93.38975038538466,93.41340637207033,7579400,0.0,0.0,0.0
2018-04-23,93.31091309121446,93.53959770041256,93.11377180910657,93.43708038330078,7073200,0.0,0.0,0.0
2018-04-24,93.21623609510664,93.40548994592068,92.86138437279637,93.0112075805664,8190800,0.0,0.0,0.0
2018-04-25,92.58540109843253,92.774654976184,92.214774659643,92.38825988769533,6603800,0.0,0.0,0.0
2018-04-26,92.83774038365856,93.1531615036621,92.72733577213066,93.03488159179688,6528600,0.0,0.0,0.0
2018-04-27,93.42131415217086,93.7998220545266,93.39765816030796,93.75251007080078,5401800,0.0,0.0,0.0
2018-04-30,93.90231453927136,94.28082234152036,93.791915928926,93.91808319091795,8321100,0.0,0.0,0.0
2018-05-01,93.86436828826956,93.91968930637812,93.43760959402552,93.57986450195312,7979200,0.0,0.0,0.0
2018-05-02,93.76159864597165,93.9433710882422,93.46128551258624,93.47708892822266,4644000,0.0,0.0,0.0
2018-05-03,93.91968134995612,94.2911250241634,93.79323590336496,93.8959732055664,6345300,0.0,0.0,0.0
2018-05-04,94.22790047104368,94.22790047104368,93.64307146832073,94.03822326660156,4283500,0.0,0.0,0.0
2018-05-07,94.02241167608736,94.06192323475872,93.84063921167952,93.8880615234375,3647800,0.0,0.0,0.0
2018-05-08,93.6904825648476,94.0461167288983,93.49290668936672,93.8011245727539,6091200,0.0,0.0,0.0
2018-05-09,93.35064749594794,93.58773491782614,93.24000549316406,93.24000549316406,7832500,0.0,0.0,0.0
2018-05-10,93.69047056975748,94.03030127325792,93.53240627188724,93.99078369140624,7101500,0.0,0.0,0.0
2018-05-11,94.29902207142143,94.33063493788002,93.90387028499586,94.22789764404295,4273400,0.0,0.0,0.0
2018-05-14,93.88806004835328,94.03821361620513,93.72209100411402,93.72999572753906,4996200,0.0,0.0,0.0
2018-05-15,92.9080780945353,92.92388754117208,92.22841659804652,92.6630859375,12901000,0.0,0.0,0.0
2018-05-16,92.7973952925214,92.884329122196,92.29950647400416,92.30741119384766,6518000,0.0,0.0,0.0
2018-05-17,92.17305901086203,92.32321854662788,91.74629456410764,91.84113311767578,7330300,0.0,0.0,0.0
2018-05-18,92.07825212117864,92.69468781714862,92.07825212117864,92.63146209716795,9606500,0.0,0.0,0.0
2018-05-21,92.56828251020862,92.76585846146116,92.4260275841252,92.67892456054688,4448500,0.0,0.0,0.0
2018-05-22,92.69470831684156,92.74212460254503,92.34697280958189,92.5366439819336,4700700,0.0,0.0,0.0
2018-05-23,93.05824493396312,93.34275470020066,92.98712050717258,93.20840454101562,9634000,0.0,0.0,0.0
2018-05-24,93.80114035476905,94.09354884077456,93.76162276120915,93.9512939453125,8204100,0.0,0.0,0.0
2018-05-25,94.4887104893864,94.70999456545373,94.41758604902428,94.5361328125,8482800,0.0,0.0,0.0
2018-05-29,95.4607745098083,96.8279963890848,95.17626472565658,96.6067123413086,21668100,0.0,0.0,0.0
2018-05-30,95.62673786764766,96.00608625764004,95.42125723850435,95.95866394042967,11616300,0.0,0.0,0.0
2018-05-31,96.0692831581472,96.40121518166774,95.5871975827978,95.8005828857422,10769900,0.0,0.0,0.0
2018-06-01,95.1913905683785,95.61914657104546,94.93790620126592,95.29437255859376,8718800,0.0,0.0,0.0
2018-06-04,95.14391042455988,95.16767365123349,94.55772867360596,94.60525512695312,7156500,0.0,0.0,0.0
2018-06-05,95.0250918392598,95.18352342898343,94.75576720205036,94.82705688476562,5635900,0.0,0.0,0.0
2018-06-06,94.32800834659136,94.34384848334872,93.80519318039272,94.05867767333984,7813300,0.0,0.0,0.0
2018-06-07,94.01907727154966,95.4449253229654,94.01115418114786,94.96964263916016,13238300,0.0,0.0,0.0
2018-06-08,94.70824198916544,94.93796327927656,94.61318907156613,94.68447875976562,6790600,0.0,0.0,0.0
2018-06-11,94.32008102080754,94.5735655023714,94.2171050276414,94.51019287109376,6844200,0.0,0.0,0.0
2018-06-12,94.20916906156768,94.6290021101936,94.17748275025966,94.53394317626952,6048200,0.0,0.0,0.0
2018-06-13,94.6211048931375,94.77161340211671,93.97155044258425,94.48644256591795,8834700,0.0,0.0,0.0
2018-06-14,94.88248315939404,95.2943991481018,94.64484489841252,95.2706298828125,10078800,0.0,0.0,0.0
2018-06-15,95.71424696840364,95.92019895102892,95.2944138699526,95.35778045654295,7992800,0.0,0.0,0.0
2018-06-18,95.436984522109,95.50035109890996,95.08844115374792,95.2706298828125,4893700,0.0,0.0,0.0
2018-06-19,95.82513427734376,96.03109227821396,95.61125318779312,95.82513427734376,6133300,0.0,0.0,0.0
2018-06-20,95.66671589387718,95.68256207341994,94.97755817243566,94.98548126220705,6879100,0.0,0.0,0.0
2018-06-21,95.34196504306672,95.65089914065828,95.231065933344,95.48455047607422,7235800,0.0,0.0,0.0
2018-06-22,95.1280572319946,95.54789636528476,95.10429400707274,95.47660064697266,4082500,0.0,0.0,0.0
2018-06-25,95.5795992541534,95.9360597768882,95.56375307242658,95.69049835205078,8363700,0.0,0.0,0.0
2018-06-26,95.6667027214644,95.8726607223346,95.57957292016314,95.82513427734376,5450000,0.0,0.0,0.0
2018-06-27,96.44302436795238,96.78364473682544,96.28459881926378,96.72819519042967,8173400,0.0,0.0,0.0
2018-06-28,96.7440376637046,96.83909662134128,96.50639933493407,96.75196075439452,7109500,0.0,0.0,0.0
2018-06-29,96.77572627042557,97.0371338774448,96.3638161980251,96.41926574707033,11164700,0.0,0.0,0.0
2018-07-02,96.65346751954056,96.66140855097018,96.29619984922655,96.34383392333984,9662000,0.0,0.0,0.0
2018-07-03,96.48673645847622,96.88370320507224,96.48673645847622,96.8598861694336,3808800,0.0,0.0,0.0
2018-07-05,96.90750730909228,97.28065697025548,96.86781427406854,97.13774871826172,3860400,0.0,0.0,0.0
2018-07-06,97.45531463623048,97.5902818463498,97.24095530587802,97.45531463623048,4679900,0.0,0.0,0.0
2018-07-09,96.91545052975532,97.026600721904,96.7804833046078,96.82811737060548,5952700,0.0,0.0,0.0
2018-07-10,96.7566727271358,96.96309106505188,96.70903260072843,96.82018280029295,5759700,0.0,0.0,0.0
2018-07-11,97.21716115364664,97.29655935474202,96.93134458995368,97.19334411621094,6869100,0.0,0.0,0.0
2018-07-12,96.99482305897706,97.23300545529798,96.97100603079096,97.18537139892578,4824700,0.0,0.0,0.0
2018-07-13,97.34420825415204,97.55063270541828,97.2330580243702,97.4315414428711,4079000,0.0,0.0,0.0
2018-07-16,97.02659606933594,97.09011219244124,96.5740542923646,97.02659606933594,5517100,0.0,0.0,0.0
2018-07-17,97.0901268420444,97.16951897928982,96.78049326672502,96.84400939941406,3764300,0.0,0.0,0.0
2018-07-18,96.87574740215412,96.89162946164606,96.3755715583152,96.45496368408205,6330000,0.0,0.0,0.0
2018-07-19,96.70111360243948,97.21716558971336,96.6772905066844,97.06632232666016,6166700,0.0,0.0,0.0
2018-07-20,96.52642185825889,96.53435683085785,95.82775660676693,95.87539672851562,10469500,0.0,0.0,0.0
2018-07-23,95.573687397127,95.573687397127,94.62096987074786,94.69242095947266,11571800,0.0,0.0,0.0
2018-07-24,94.70036978193237,95.12909452125469,94.58921959661517,95.0179443359375,9053500,0.0,0.0,0.0
2018-07-25,95.2879333035786,95.47848177937236,94.68454796860117,94.86714935302734,7357900,0.0,0.0,0.0
2018-07-26,95.04176926512348,95.176736493191,94.6051095171584,94.68450164794922,6821100,0.0,0.0,0.0
2018-07-27,95.15292580712918,95.1688078686856,94.79565816612234,94.84329223632812,4542000,0.0,0.0,0.0
2018-07-30,94.4701516160293,94.80360831122316,94.4542756101783,94.51779174804688,7111200,0.0,0.0,0.0
2018-07-31,95.10530116376388,95.16087627025648,94.92269378115544,95.03384399414062,6797400,0.0,0.0,0.0
2018-08-01,94.12432121549092,94.5619570714458,93.9492644448003,94.25959014892578,13312600,0.0,0.0,0.0
2018-08-02,94.38693711811852,94.4824182454007,94.1323106607434,94.39488983154295,4451100,0.0,0.0,0.0
2018-08-03,94.5540388068456,94.92006397400986,94.53812123783588,94.86436462402344,6162400,0.0,0.0,0.0
2018-08-06,95.11895572977524,95.35766453921444,94.9041111234312,94.92002868652344,4200200,0.0,0.0,0.0
2018-08-07,94.7131751912508,94.76887453954294,94.34715003522054,94.42671966552734,5346900,0.0,0.0,0.0
2018-08-08,94.41878449472924,94.71319278864188,94.37899663679656,94.52222442626952,5640900,0.0,0.0,0.0
2018-08-09,94.87228410783987,95.34970777720504,94.7847557268663,95.31787872314452,7144100,0.0,0.0,0.0
2018-08-10,95.7794214498444,96.32050339990944,95.70780453767308,96.01017761230467,8457900,0.0,0.0,0.0
2018-08-13,95.68394776326512,96.042014162344,95.6521186945599,95.81126403808594,7923200,0.0,0.0,0.0
2018-08-14,95.91475083629165,95.93066234303386,95.50893760042813,95.59646606445312,4251200,0.0,0.0,0.0
2018-08-15,96.010174927654,96.38415276245316,95.93855801748524,96.15339660644533,7649800,0.0,0.0,0.0
2018-08-16,96.12954446608144,96.22503167406695,95.70781992133358,96.1454620361328,5400400,0.0,0.0,0.0
2018-08-17,96.3523386334157,96.59105360994742,96.08180065940216,96.26481628417967,3537600,0.0,0.0,0.0
2018-08-20,96.78997479444853,97.00481947429904,96.71040516407834,96.90933227539062,5603700,0.0,0.0,0.0
2018-08-21,96.57512376457814,96.702433942642,96.33640883339572,96.58307647705078,4695000,0.0,0.0,0.0
2018-08-22,97.07637971770616,97.116167547538,96.7421838018924,96.96498107910156,5309600,0.0,0.0,0.0
2018-08-23,97.0763925848163,97.17983245701096,96.90133582358584,97.11618041992188,5328700,0.0,0.0,0.0
2018-08-24,96.77400602045049,97.3389579537146,96.67056009849796,97.30712890625,6092200,0.0,0.0,0.0
2018-08-27,96.90132379881602,96.97294067896463,96.69443800932842,96.75013732910156,6407400,0.0,0.0,0.0
2018-08-28,96.280725483074,96.35233633185854,96.0260990138836,96.16932678222656,4929300,0.0,0.0,0.0
2018-08-29,96.2329635505015,96.40006156467167,95.9783371378461,96.29661560058594,5613300,0.0,0.0,0.0
2018-08-30,96.52741032623382,96.64676783286538,96.3444007440704,96.5035400390625,5302900,0.0,0.0,0.0
2018-08-31,96.98891130037804,97.01278158472388,96.19320277805431,96.28073120117188,9677500,0.0,0.0,0.0
2018-09-04,95.66819709791363,95.77984672532854,95.50072265679128,95.7240219116211,18343600,0.0,0.0,0.0
2018-09-05,95.5087266680818,95.62037632740982,95.3412521790898,95.4688491821289,9422600,0.0,0.0,0.0
2018-09-06,95.50871541187378,96.01911553277704,95.45289058878905,95.81974029541016,9566000,0.0,0.0,0.0
2018-09-07,95.16583631605457,95.22166116644924,94.89468269667158,95.00633239746094,11212600,0.0,0.0,0.0
2018-09-10,95.0381837768633,95.38110941800888,95.0381837768633,95.35718536376952,6386400,0.0,0.0,0.0
2018-09-11,94.9664186797324,95.0381908477904,94.5836155300742,94.6314697265625,5440000,0.0,0.0,0.0
2018-09-12,94.94251534807306,95.03821159303926,94.82288895741434,94.85478973388672,3347200,0.0,0.0,0.0
2018-09-13,95.17377428616147,95.3572022084808,94.88667950012513,94.99832916259766,4833000,0.0,0.0,0.0
2018-09-14,94.43212015501342,94.83087075561504,94.34439453612497,94.54376983642578,5579500,0.0,0.0,0.0
2018-09-17,94.24869220157812,94.75909248359208,94.20084407653032,94.54376983642578,5433000,0.0,0.0,0.0
2018-09-18,94.15298119247524,94.16095790739874,93.43523504508116,93.55485534667967,10182300,0.0,0.0,0.0
2018-09-19,93.3953784607381,93.3953784607381,92.66167871926412,92.9966278076172,13379600,0.0,0.0,0.0
2018-09-20,92.972663161587,93.54686482496813,92.88493756943436,93.42723846435548,8657300,0.0,0.0,0.0
2018-09-21,93.2039454231452,93.53091767401202,93.18001528185752,93.38736724853516,6173800,0.0,0.0,0.0
2018-09-24,93.1002628691178,93.52293741576662,93.08431552664696,93.14811706542967,5505500,0.0,0.0,0.0
2018-09-25,92.89291617932255,93.10026205187192,92.82911464109988,93.05241394042967,6650900,0.0,0.0,0.0
2018-09-26,93.25180735085704,93.770184302117,93.03648472296946,93.70638275146484,9512700,0.0,0.0,0.0
2018-09-27,93.49902621365638,93.8260045815322,93.38737654766231,93.77017974853516,5758500,0.0,0.0,0.0
2018-09-28,93.9854859723694,94.033340166913,93.48306256303223,93.52293395996094,12807700,0.0,0.0,0.0
2018-10-01,93.24396856475624,93.37984464416316,92.81235681426968,92.83633422851562,22442400,0.0,0.0,0.0
2018-10-02,93.25200446397734,93.6196725650478,93.19605510290192,93.40386962890624,8266900,0.0,0.0,0.0
2018-10-03,92.93225447749244,93.00419282644935,91.30971754970916,91.7812957763672,20829200,0.0,0.0,0.0
2018-10-04,91.22181715507064,91.429631646457,90.88612104453873,91.13389587402344,16207400,0.0,0.0,0.0
2018-10-05,90.63034794344502,90.89411177562997,90.01490509970192,90.35060119628906,18096500,0.0,0.0,0.0
2018-10-08,90.31066333519156,90.40657914942967,90.0309164995266,90.04690551757812,5855900,0.0,0.0,0.0
2018-10-09,90.4305562769302,90.99804445539353,90.37460690998378,90.95808410644533,11530800,0.0,0.0,0.0
2018-10-10,90.43051939265062,90.78220446888407,90.15077267202,90.71026611328124,15290100,0.0,0.0,0.0
2018-10-11,91.11794039428568,92.03711381962226,90.9500922884801,91.81331634521484,16086800,0.0,0.0,0.0
2018-10-12,91.42960931865288,91.92516495462586,91.34168805907667,91.4935531616211,6794100,0.0,0.0,0.0
2018-10-15,91.64542192964365,91.77330352267435,91.34968621760264,91.4535903930664,7146300,0.0,0.0,0.0
2018-10-16,91.4296384278448,91.69340229055,91.24580744330903,91.66143035888672,4762300,0.0,0.0,0.0
2018-10-17,91.64544764847348,91.7493518530963,91.10193700501858,91.117919921875,5880700,0.0,0.0,0.0
2018-10-18,90.8141852585808,91.42962810404424,90.75823590899324,91.0859375,5728800,0.0,0.0,0.0
2018-10-19,90.99799180880268,91.0779185584814,90.64631289061226,90.88609313964844,10892400,0.0,0.0,0.0
2018-10-22,91.07797703223645,91.18188736174926,90.74228080925052,90.7662582397461,3244200,0.0,0.0,0.0
2018-10-23,91.7253994077254,91.93320787356204,90.99005697360823,91.0540008544922,10330700,0.0,0.0,0.0
2018-10-24,91.4056749680686,91.77334309133292,91.30975915842528,91.74137115478516,16008000,0.0,0.0,0.0
2018-10-25,91.54953729578524,91.70939086594232,91.30176243263492,91.3577117919922,12613200,0.0,0.0,0.0
2018-10-26,91.8612324777451,92.17295112825884,91.7493337877156,91.90918731689452,18582500,0.0,0.0,0.0
2018-10-29,91.7893159501773,91.93318659986188,91.3257381661027,91.70140075683594,7679900,0.0,0.0,0.0
2018-10-30,91.32572297391482,91.54952036996784,91.13389140756507,91.24579620361328,9939500,0.0,0.0,0.0
2018-10-31,90.91008527490492,91.0859278114826,90.48646794479748,90.7822036743164,8706400,0.0,0.0,0.0
2018-11-01,90.4176685750173,90.98653399616424,90.40965466406509,90.8663558959961,6100200,0.0,0.0,0.0
2018-11-02,90.67405145462648,90.74616442178012,89.65650490674462,89.73662567138672,11314800,0.0,0.0,0.0
2018-11-05,90.1212218945458,90.30549905828816,90.01705938973025,90.08917236328124,4760200,0.0,0.0,0.0
2018-11-06,90.2173582058277,90.3215207035199,90.00103152561472,90.0330810546875,3159900,0.0,0.0,0.0
2018-11-07,90.69008892388074,90.8583443813768,90.06513833523162,90.15326690673828,9313100,0.0,0.0,0.0
2018-11-08,90.5057719262409,90.5137858344189,90.06510478158499,90.14522552490234,6905100,0.0,0.0,0.0
2018-11-09,90.33754472888256,90.93845966056026,90.31350910966708,90.81827545166016,6465300,0.0,0.0,0.0
2018-11-12,91.29901590808224,91.58745559506472,91.26697248759392,91.41118621826172,6840000,0.0,0.0,0.0
2018-11-13,91.10668824965424,91.35506439208984,90.92241114811203,91.35506439208984,6525800,0.0,0.0,0.0
2018-11-14,90.92244764552169,91.75571106033394,90.77822780203044,91.41118621826172,8690800,0.0,0.0,0.0
2018-11-15,91.69159815936209,91.7717189187998,91.08266938455556,91.37110900878906,7879600,0.0,0.0,0.0
2018-11-16,91.49930766336004,91.98805227818426,91.2749670754714,91.89991760253906,9236700,0.0,0.0,0.0
2018-11-19,91.6675801045014,92.15631866455078,91.6675801045014,92.15631866455078,7027200,0.0,0.0,0.0
2018-11-20,92.332581951824,92.50885131243336,92.08420573250508,92.18836212158205,6332600,0.0,0.0,0.0
2018-11-21,92.05216226860964,92.2124038181842,91.77173650044254,92.15631866455078,4951100,0.0,0.0,0.0
2018-11-23,92.67708689514744,92.74919985122108,92.21237797367336,92.25244140625,3027900,0.0,0.0,0.0
2018-11-26,92.02811433967788,92.18835586782184,91.9640152832913,92.04413604736328,6599000,0.0,0.0,0.0
2018-11-27,91.9880677593534,92.34060652126485,91.94801042638758,92.1483154296875,5967200,0.0,0.0,0.0
2018-11-28,92.02010466236858,92.15631057883868,91.62750862138066,91.69961547851562,7814000,0.0,0.0,0.0
2018-11-29,92.07617185178178,92.34057583535063,91.81176786821294,92.06015014648438,7295600,0.0,0.0,0.0
2018-11-30,92.388650526007,92.47678519049916,92.12425264535231,92.40467834472656,9127800,0.0,0.0,0.0
2018-12-03,92.0971137806523,93.06080627441406,92.08105489412615,93.06080627441406,9763800,0.0,0.0,0.0
2018-12-04,93.80769310549852,95.30142112603356,93.66313858328516,94.61880493164062,18100500,0.0,0.0,0.0
2018-12-06,95.19700054158508,95.72702957987208,94.86773515823408,94.91592407226562,15319400,0.0,0.0,0.0
2018-12-07,94.6107531966889,95.18897116804042,94.37785950672745,95.09260559082033,8608400,0.0,0.0,0.0
2018-12-10,95.46202310718355,95.7912823807138,95.11669881913508,95.48611450195312,8777700,0.0,0.0,0.0
2018-12-11,95.54231203615986,95.8715712484764,95.2532030986588,95.47003173828124,8071900,0.0,0.0,0.0
2018-12-12,95.22910630687306,95.34153687319,94.95605626938456,95.04439544677734,6182200,0.0,0.0,0.0
2018-12-13,95.13273461174354,95.2291062944339,94.7472601349948,94.8195343017578,5564200,0.0,0.0,0.0
2018-12-14,95.20507243381884,95.38174476833042,94.9400547415364,95.14885711669922,8169200,0.0,0.0,0.0
2018-12-17,95.23715451189274,95.807346106472,95.22912813174942,95.70294189453124,9726800,0.0,0.0,0.0
2018-12-18,95.8494671505095,96.42905674930842,95.74482141688156,96.27610778808594,10018800,0.0,0.0,0.0
2018-12-19,96.68660308001608,97.93433040560568,96.533654195301,97.54793548583984,23046300,0.0,0.0,0.0
2018-12-20,98.2161353719162,98.23223235550778,97.13745322499815,97.1938018798828,18543700,0.0,0.0,0.0
2018-12-21,97.51577281530126,97.57212145631176,96.91203474381398,97.17768096923828,9945100,0.0,0.0,0.0
2018-12-24,97.50772609782798,97.74117223404971,97.33063474695707,97.66067504882812,8377500,0.0,0.0,0.0
2018-12-26,97.3950324000107,97.7170272943068,96.57395125402034,96.61419677734376,11700400,0.0,0.0,0.0
2018-12-27,97.61238411881445,97.70897829055238,96.58200534333024,96.63030242919922,12146500,0.0,0.0,0.0
2018-12-28,96.92006519294844,97.44330596923828,96.83151647042833,97.44330596923828,9879100,0.0,0.0,0.0
2018-12-31,97.12130438927318,97.85383651168158,96.96835548986878,97.81359100341795,17409000,0.0,0.0,0.0
2019-01-02,97.93436354691116,98.3368555763332,97.67676275220172,98.32880401611328,19841500,0.0,0.0,0.0
2019-01-03,98.44150094803766,99.70532567033212,98.39320386996938,99.4477310180664,21187000,0.0,0.0,0.0
2019-01-04,98.48175087309914,98.6588483559961,97.92631602583472,98.2966079711914,12970200,0.0,0.0,0.0
2019-01-07,98.7071437353146,98.73129227351076,97.90215970722488,98.00680541992188,8498100,0.0,0.0,0.0
2019-01-08,97.95848880937788,98.15973477626932,97.71699119249232,97.74919128417967,7737100,0.0,0.0,0.0
2019-01-09,97.61237082098584,97.7492166399999,97.24207888283782,97.59626770019533,9349200,0.0,0.0,0.0
2019-01-10,97.62848586697126,97.7331377468529,96.87179872985516,96.96839904785156,8222900,0.0,0.0,0.0
2019-01-11,97.2661901683965,97.6203788500956,97.14544137488008,97.34668731689452,5786900,0.0,0.0,0.0
2019-01-14,97.3225659852304,97.41111471578655,96.79127360189338,96.9844741821289,6730500,0.0,0.0,0.0
2019-01-15,97.04889150366144,97.0569430651536,96.55785065885382,96.63030242919922,8997400,0.0,0.0,0.0
2019-01-16,96.26802096020548,96.91201053218649,96.20362691623914,96.72686767578124,6048400,0.0,0.0,0.0
2019-01-17,96.77520139977192,97.02474453620287,96.5095551400952,96.75105285644533,8153400,0.0,0.0,0.0
2019-01-18,96.46927575392516,96.69467642380468,96.1070354250286,96.24388122558594,14106400,0.0,0.0,0.0
2019-01-22,96.847616586793,97.17766295262234,96.65442215936665,96.89591979980467,8881100,0.0,0.0,0.0
2019-01-23,96.50151022393692,97.09720299421105,96.46126469613516,96.85570526123048,5776800,0.0,0.0,0.0
2019-01-24,97.33061333099651,97.61235648805008,97.1696128544372,97.49160766601562,7121900,0.0,0.0,0.0
2019-01-25,97.07301631234164,97.20181669855656,96.85567333752948,97.02471923828124,6460800,0.0,0.0,0.0
2019-01-28,97.03279209291486,97.35478698757773,96.92814636230467,96.92814636230467,6435800,0.0,0.0,0.0
2019-01-29,97.02470330643902,97.4352467931607,96.91200605777652,97.4191436767578,5750100,0.0,0.0,0.0
2019-01-30,97.27423558416918,97.38693896191292,96.8636982843676,97.34668731689452,10571300,0.0,0.0,0.0
2019-01-31,97.84582232784577,98.3529601129326,97.80557066519413,98.18391418457033,11843400,0.0,0.0,0.0
2019-02-01,98.01046062785228,98.0830699650908,97.4941008895573,97.5909194946289,12024600,0.0,0.0,0.0
2019-02-04,97.17139006212618,97.26013891631808,96.83252800274776,97.1552505493164,8966200,0.0,0.0,0.0
2019-02-05,97.40535272080923,97.80875431946916,97.34887674321364,97.59898376464844,6983300,0.0,0.0,0.0
2019-02-06,97.91362351120524,97.95396612787962,97.40533978037114,97.64737701416016,5184000,0.0,0.0,0.0
2019-02-07,97.99428921415816,98.35735424841654,97.80872797578856,98.29280853271484,8781000,0.0,0.0,0.0
2019-02-08,98.6397701154253,98.80919806450837,98.48647552345564,98.7123794555664,5885400,0.0,0.0,0.0
2019-02-11,98.31701874707572,98.5751954731344,98.22826992042252,98.32508850097656,4352800,0.0,0.0,0.0
2019-02-12,98.155651651478,98.2282609637088,97.78451687090464,98.07496643066406,7939600,0.0,0.0,0.0
2019-02-13,97.74417714274742,97.93780812429684,97.550546161198,97.7038345336914,4757700,0.0,0.0,0.0
2019-02-14,98.5429313099008,98.5913375267406,98.09112353827828,98.26055145263672,5868900,0.0,0.0,0.0
2019-02-15,98.0749716767069,98.44610032171384,98.058838324932,98.41383361816406,5527200,0.0,0.0,0.0
2019-02-19,98.76883787961918,98.86565647134888,98.38963942295211,98.66395568847656,5872800,0.0,0.0,0.0
2019-02-20,98.38964776757727,98.4945361230351,98.09919812317396,98.38158416748048,4455800,0.0,0.0,0.0
2019-02-21,97.67964915263934,97.75226463103137,97.38112979555048,97.5021514892578,7382500,0.0,0.0,0.0
2019-02-22,98.0023592629169,98.38962124745808,97.96201665162717,98.08303833007812,6374600,0.0,0.0,0.0
2019-02-25,97.76029916906148,97.8651874782902,97.55859845798126,97.79257202148438,6293500,0.0,0.0,0.0
2019-02-26,98.21217854711146,98.28478789699857,97.91365907937036,98.27671813964844,6028900,0.0,0.0,0.0
2019-02-27,97.7199496419906,97.72801323745426,97.04223214264476,97.16325378417967,7737300,0.0,0.0,0.0
2019-02-28,97.26820167141028,97.31661405399797,96.58242011305369,96.83252716064452,9533400,0.0,0.0,0.0
2019-03-01,96.47919852814286,96.64089755586768,95.921326396174,95.9375,13541100,0.0,0.0,0.0
2019-03-04,96.44684358322714,96.83492366118236,96.26088417657492,96.68939208984376,9808500,0.0,0.0,0.0
2019-03-05,96.43876309184508,96.915785672383,96.43067629056895,96.89152526855467,5595200,0.0,0.0,0.0
2019-03-06,96.95619791394653,97.44130108016734,96.93194368089868,97.24726104736328,7766700,0.0,0.0,0.0
2019-03-07,97.53831995572408,98.03959670121068,97.51406572372689,97.87789154052734,8187200,0.0,0.0,0.0
2019-03-08,97.92640398867802,98.38725289160917,97.70810356873004,98.29022979736328,7517600,0.0,0.0,0.0
2019-03-11,98.15277147309068,98.16893890235308,97.81319994279858,97.99915313720705,5157800,0.0,0.0,0.0
2019-03-12,98.07194024611084,98.82385229939534,98.03959921314554,98.6864013671875,6422300,0.0,0.0,0.0
2019-03-13,98.36299013020812,98.60553859215771,98.33064910159742,98.50043487548828,4386300,0.0,0.0,0.0
2019-03-14,98.38727088523754,98.44386615845951,97.76471671137364,97.78897094726562,8188400,0.0,0.0,0.0
2019-03-15,98.4276813269259,98.59746712722264,98.15279179361356,98.4357681274414,4302000,0.0,0.0,0.0
2019-03-18,98.29021411053218,98.53276872322536,98.24978628560996,98.379150390625,3893300,0.0,0.0,0.0
2019-03-19,97.90216798547354,98.33068213219374,97.7404689565236,98.16089630126952,5220200,0.0,0.0,0.0
2019-03-20,98.42768421368008,99.32512787615602,98.41960358134902,99.18768310546876,10123700,0.0,0.0,0.0
2019-03-21,99.41404688235347,99.51915060016492,99.23617430727214,99.4059600830078,7182600,0.0,0.0,0.0
2019-03-22,100.4246872416295,101.2897897735785,100.30340991747534,100.9502182006836,13077000,0.0,0.0,0.0
2019-03-25,100.9098116165544,101.82342897158128,100.667263085598,101.1119384765625,9736300,0.0,0.0,0.0
2019-03-26,100.82085363652573,101.297876131204,100.756177743224,101.03915405273438,7502000,0.0,0.0,0.0
2019-03-27,101.40298193580904,102.14680715561867,101.31404564122084,101.96894073486328,14207200,0.0,0.0,0.0
2019-03-28,102.07407168062257,102.42981695384036,101.8800316081504,102.32470703125,9143200,0.0,0.0,0.0
2019-03-29,101.61320146435057,102.2519229951556,101.58086043094532,102.22766876220705,10841400,0.0,0.0,0.0
2019-04-01,101.52112982840949,101.57784982245744,100.62981298679182,100.77566528320312,16501500,0.0,0.0,0.0
2019-04-02,100.864790138272,101.0754608537436,100.67842092472304,100.96202087402344,9725000,0.0,0.0,0.0
2019-04-03,100.1597974916357,100.37047430729504,99.9653299136494,100.0868682861328,10407000,0.0,0.0,0.0
2019-04-04,100.1516943313609,100.38667882493912,100.02205133815292,100.37047576904295,7503400,0.0,0.0,0.0
2019-04-05,100.16789926222168,100.61355437335207,100.13548696981012,100.50011444091795,6321800,0.0,0.0,0.0
2019-04-08,100.33810482441906,100.43533556389046,100.08691098941516,100.14363098144533,4446400,0.0,0.0,0.0
2019-04-09,100.65411579076898,100.75134652898366,100.28948197641772,100.45964813232422,7020300,0.0,0.0,0.0
2019-04-10,100.6945855056246,100.89715770371284,100.55683789460764,100.70269012451172,7519900,0.0,0.0,0.0
2019-04-11,100.41911364187877,100.49203668278685,99.99776609193206,100.1112060546875,8679300,0.0,0.0,0.0
2019-04-12,99.57642743368775,99.7141750975979,99.36575053581532,99.39816284179688,7005500,0.0,0.0,0.0
2019-04-15,99.4872838863696,99.65744383701728,99.43866852390298,99.64934539794922,3070000,0.0,0.0,0.0
2019-04-16,99.26848737885577,99.36571808302963,98.96867828295534,99.02539825439452,8927300,0.0,0.0,0.0
2019-04-17,98.96056883895184,99.31709788890949,98.94436578305054,99.06591033935548,6118500,0.0,0.0,0.0
2019-04-18,99.51160445624603,99.74658904196056,99.48729677186444,99.58453369140624,27589400,0.0,0.0,0.0
2019-04-22,99.2360868801003,99.31711453721508,99.04971770492372,99.10643768310548,6241200,0.0,0.0,0.0
2019-04-23,99.3495357152313,99.42245875854746,99.17127114443906,99.31712341308594,6239700,0.0,0.0,0.0
2019-04-24,99.754678692725,100.14361394848936,99.73846945089306,100.12741088867188,7302000,0.0,0.0,0.0
2019-04-25,100.06261795976144,100.16795951897112,99.74660564616514,99.9815902709961,5380900,0.0,0.0,0.0
2019-04-26,100.45963035065918,100.49203646965115,100.18412888311292,100.3218765258789,5950700,0.0,0.0,0.0
2019-04-29,99.85189827738054,99.9491289834488,99.54398455612878,99.68173217773438,10246000,0.0,0.0,0.0
2019-04-30,99.62503183478852,100.26516089792348,99.60882877458904,100.1922378540039,7957400,0.0,0.0,0.0
2019-05-01,100.43501268356157,101.05212042409754,100.36193038574096,100.60552978515624,14371900,0.0,0.0,0.0
2019-05-02,100.4268880091393,100.5324444416934,99.90721508812096,100.12644958496094,6612800,0.0,0.0,0.0
2019-05-03,100.41065979003906,100.58929233895306,100.17518200898238,100.41065979003906,6191700,0.0,0.0,0.0
2019-05-06,100.93847486620484,100.9953139183762,100.6299208965591,100.68675994873048,4482500,0.0,0.0,0.0
2019-05-07,101.11711844183128,101.61243286061502,101.00344033210963,101.4581527709961,8984900,0.0,0.0,0.0
2019-05-08,101.62052403372232,101.74232374191106,100.9303339473068,101.0196533203125,6907600,0.0,0.0,0.0
2019-05-09,101.58801871392414,101.7422987193522,100.93842456000608,101.4337387084961,9411900,0.0,0.0,0.0
2019-05-10,101.4094468604163,101.86415935090962,101.16584734337027,101.29576873779295,6037800,0.0,0.0,0.0
2019-05-13,101.82352593907886,102.25387955785676,101.70172622555909,102.09148406982422,10501600,0.0,0.0,0.0
2019-05-14,101.91283057969696,102.02650864388038,101.66110955615666,101.79103088378906,5690400,0.0,0.0,0.0
2019-05-15,102.4812662345446,102.5299836564626,102.12398862049896,102.4163055419922,9566300,0.0,0.0,0.0
2019-05-16,102.15644646857352,102.17268973563064,101.92909028970398,102.07524871826172,7666400,0.0,0.0,0.0
2019-05-17,102.53807484022474,102.55431810603524,102.05900381365764,102.30259704589844,4747100,0.0,0.0,0.0
2019-05-20,102.4081596079812,102.61927250342532,102.0265233966149,102.09148406982422,6043100,0.0,0.0,0.0
2019-05-21,101.98590855217796,102.08334954969077,101.74231535088092,101.92906951904295,4021800,0.0,0.0,0.0
2019-05-22,102.12394460026027,102.57866305712945,102.08334883115818,102.51370239257812,5675300,0.0,0.0,0.0
2019-05-23,103.03335142548212,104.0077363878311,103.02522979554914,103.6667022705078,9743700,0.0,0.0,0.0
2019-05-24,103.57741137220818,103.75605010986328,103.43937460038022,103.75605010986328,4981900,0.0,0.0,0.0
2019-05-28,104.15395542866936,104.6655006772505,104.00779079337224,104.50310516357422,8098600,0.0,0.0,0.0
2019-05-29,105.29074942200344,105.47750366630362,104.74671756948725,104.81979370117188,13260600,0.0,0.0,0.0
2019-05-30,105.01465733253744,105.74544330101013,104.657379787068,105.72108459472656,13024800,0.0,0.0,0.0
2019-05-31,106.2894748944307,107.1014648092544,106.21639877569244,107.0446319580078,18933600,0.0,0.0,0.0
2019-06-03,107.3294213547415,107.87456966635732,107.03650454688996,107.76065826416016,17822400,0.0,0.0,0.0
2019-06-04,106.90631561101576,107.20736451090409,106.22284720377176,106.5320281982422,14250000,0.0,0.0,0.0
2019-06-05,106.19841680372204,106.54828303043344,105.8729468557717,105.9299087524414,8815200,0.0,0.0,0.0
2019-06-06,106.56458429370866,107.0690473105172,106.03571257708111,106.27166748046876,9621100,0.0,0.0,0.0
2019-06-07,107.23166711077408,107.45950210317127,106.94689509722632,107.19099426269533,11378500,0.0,0.0,0.0
2019-06-10,106.32859633552532,106.34487293738252,106.03569199455282,106.18214416503906,8288700,0.0,0.0,0.0
2019-06-11,106.11705017513852,106.39369032966889,106.03569199666994,106.24723815917967,5115100,0.0,0.0,0.0
2019-06-12,106.0926355486668,106.38555228867835,106.01940946751613,106.3285903930664,5278700,0.0,0.0,0.0
2019-06-13,106.4262246523452,106.7923674290204,106.41808014515662,106.69473266601562,5560400,0.0,0.0,0.0
2019-06-14,106.67037052127868,107.16670147547428,106.6622260105362,106.96328735351562,5838800,0.0,0.0,0.0
2019-06-17,106.90625321350925,107.20730193768578,106.69470713914254,107.15035247802734,6046400,0.0,0.0,0.0
2019-06-18,108.00473388459434,108.10236866056964,107.36193850166634,107.68740844726562,10320700,0.0,0.0,0.0
2019-06-19,107.28869976134156,107.9884445425602,107.06087703400596,107.84197998046876,11962500,0.0,0.0,0.0
2019-06-20,108.1430542501023,108.63124054671684,107.88267829291402,108.12677764892578,10721500,0.0,0.0,0.0
2019-06-21,107.81758538525564,107.83386198659544,106.89816226380712,106.93883514404295,14495000,0.0,0.0,0.0
2019-06-24,107.5328301067618,107.83387899427984,107.467736106545,107.73624420166016,6378800,0.0,0.0,0.0
2019-06-25,108.0454259931846,108.28952539197424,107.9884765022,108.0698471069336,9604600,0.0,0.0,0.0
2019-06-26,107.95589326622972,107.97216986573136,107.3049782710574,107.37820434570312,12766800,0.0,0.0,0.0
2019-06-27,107.65484118497956,108.28949197674984,107.39447767791329,108.13489532470705,9724200,0.0,0.0,0.0
2019-06-28,107.87459189228836,108.28142018615786,107.76881256294972,108.06172943115234,8149200,0.0,0.0,0.0
2019-07-01,108.07800233950832,108.22474178100664,107.27904613658622,107.80896759033205,14131200,0.0,0.0,0.0
2019-07-02,108.07795141558572,108.746451511478,107.98827320811468,108.64046478271484,10494300,0.0,0.0,0.0
2019-07-03,108.8525052797737,109.48024067892072,108.84434479422336,109.41503143310548,5380300,0.0,0.0,0.0
2019-07-05,108.053491997163,108.06165247841125,107.34422675501344,107.96381378173828,12180100,0.0,0.0,0.0
2019-07-08,108.46927804584784,108.60786938918991,108.11056518554688,108.11056518554688,6490000,0.0,0.0,0.0
2019-07-09,108.16765813341826,108.19212714449829,107.74373593739104,108.06983184814452,6215700,0.0,0.0,0.0
2019-07-10,107.89863556239747,107.97200527615792,107.21381424801504,107.47470092773438,9470000,0.0,0.0,0.0
2019-07-11,107.0507914971254,107.13232171367356,105.78714777921589,106.03988647460938,14126800,0.0,0.0,0.0
2019-07-12,105.91756175058492,106.34964441087646,105.72189674903814,106.16213989257812,6992000,0.0,0.0,0.0
2019-07-15,106.3496174316593,106.83877359155451,106.3496174316593,106.77355194091795,6055500,0.0,0.0,0.0
2019-07-16,106.12137867916988,106.47194359813342,105.95018268134235,106.45563507080078,6172700,0.0,0.0,0.0
2019-07-17,106.84694968312812,107.62959725647464,106.83880163956869,107.60514068603516,9662200,0.0,0.0,0.0
2019-07-18,107.18121381344233,107.87418319868404,106.9937092799316,107.61329650878906,5724900,0.0,0.0,0.0
2019-07-19,107.2790197416988,107.55620246728392,107.21379808160351,107.3605499267578,5804800,0.0,0.0,0.0
2019-07-22,107.99646716019888,108.012775688424,107.40133649748444,107.56438446044922,5204100,0.0,0.0,0.0
2019-07-23,107.28717861608432,107.4013134096005,106.77356582538168,106.97737884521484,8108900,0.0,0.0,0.0
2019-07-24,107.28719017435718,107.53175587269696,107.18120341190271,107.44207763671876,6389700,0.0,0.0,0.0
2019-07-25,107.00183649921787,107.13227981877829,106.39854547607072,106.928466796875,8893100,0.0,0.0,0.0
2019-07-26,107.36870262617376,107.43392428909785,107.00184165701604,107.1811981201172,6188400,0.0,0.0,0.0
2019-07-29,107.4665677112869,107.572542054753,107.12415078697094,107.21382904052734,6231800,0.0,0.0,0.0
2019-07-30,107.61329231142469,107.69482250877736,107.14859257808524,107.47470092773438,5678500,0.0,0.0,0.0
2019-07-31,107.36873773704684,108.6976031191894,107.3361331148028,108.3388900756836,15798700,0.0,0.0,0.0
2019-08-01,108.96294170990951,110.59669149937636,108.85674398494724,110.49049377441406,26664800,0.0,0.0,0.0
2019-08-02,110.81727560383068,111.51161193847658,110.60488010715416,111.51161193847656,15143100,0.0,0.0,0.0
2019-08-05,112.84313013982027,113.45578648829864,112.4510335668612,113.43944549560548,18543000,0.0,0.0,0.0
2019-08-06,112.89215449145726,114.34619140625,112.8022977174183,114.34619140625,12747400,0.0,0.0,0.0
2019-08-07,116.3230372787357,116.86217796611145,114.18282798976443,114.38704681396484,32582000,0.0,0.0,0.0
2019-08-08,113.6599664916342,114.71372956709384,112.71238867113772,114.63204956054688,14746000,0.0,0.0,0.0
2019-08-09,114.90982468807692,115.6286788014266,114.2563220818068,114.4033660888672,10626000,0.0,0.0,0.0
2019-08-12,115.76753380563932,117.16438316972324,115.59598455967812,116.78862762451172,14094300,0.0,0.0,0.0
2019-08-13,117.4748044328093,117.55649692743437,115.95541627026566,116.38835906982422,15974900,0.0,0.0,0.0
2019-08-14,118.57755537660684,119.04316755625408,118.20996418961776,119.010498046875,15068900,0.0,0.0,0.0
2019-08-15,119.22288149596356,121.38760732048291,118.9206417910448,120.33383178710938,23588700,0.0,0.0,0.0
2019-08-16,119.31275448134208,119.68034571987702,118.31616603449991,119.36994171142578,17150500,0.0,0.0,0.0
2019-08-19,117.27874654858653,118.1691372829248,117.22972357971804,117.66266632080078,13614700,0.0,0.0,0.0
2019-08-20,118.67561063671852,118.9533451724595,118.31618360715984,118.87982940673828,7451500,0.0,0.0,0.0
2019-08-21,118.21815111172944,119.09220088102438,117.86688837983692,118.0874481201172,9372000,0.0,0.0,0.0
2019-08-22,117.63003643620158,118.20184662041656,117.2052578145588,117.30329132080078,13878800,0.0,0.0,0.0
2019-08-23,117.23787212293732,119.48427777190888,117.16434391957216,119.23104858398438,16191800,0.0,0.0,0.0
2019-08-26,119.15761373610825,119.50069991736748,118.68382449593224,118.74917602539062,12174500,0.0,0.0,0.0
2019-08-27,119.77839960983758,120.6687904751824,119.6558608664212,120.57893371582033,11332300,0.0,0.0,0.0
2019-08-28,121.53464953166676,121.63267053336423,120.61975361043154,120.73411560058594,10095900,0.0,0.0,0.0
2019-08-29,120.28482136574448,120.35833711057806,119.36992552464837,120.2766571044922,8884900,0.0,0.0,0.0
2019-08-30,119.7620746842903,120.4727521262507,119.5578558823912,120.30937957763672,13550800,0.0,0.0,0.0
2019-09-03,120.36667501490568,121.6596219974091,119.94115764337631,120.46488189697266,15660800,0.0,0.0,0.0
2019-09-04,119.90833871371332,120.80030384828864,119.86742024707276,120.6448211669922,7962200,0.0,0.0,0.0
2019-09-05,119.19641013366405,119.31097435340487,117.7479812589264,118.4599151611328,19382900,0.0,0.0,0.0
2019-09-06,118.86901865551825,119.49912780937532,118.721727222609,119.30272674560548,9466400,0.0,0.0,0.0
2019-09-09,117.69892554062471,117.83803839311734,117.17520142500692,117.18338012695312,15862700,0.0,0.0,0.0
2019-09-10,116.88877679902144,117.25701814732624,115.10484594046748,115.12939453125,13851400,0.0,0.0,0.0
2019-09-11,114.89204965713186,115.50578926531432,114.88387095751924,114.92478942871094,10941700,0.0,0.0,0.0
2019-09-12,115.79222830371856,116.03772669142847,113.79552639730908,114.17195892333984,19163300,0.0,0.0,0.0
2019-09-13,113.15723325992992,113.50911718085368,111.73335266113284,111.7333526611328,18922200,0.0,0.0,0.0
2019-09-16,112.82994938053676,113.39459209724164,112.3144038589244,113.1572723388672,10971600,0.0,0.0,0.0
2019-09-17,113.22270816353884,114.23742903267994,112.94448247712768,113.77098083496094,9081200,0.0,0.0,0.0
2019-09-18,114.5074612703225,115.10484359805233,114.18013840883864,114.2537841796875,10984600,0.0,0.0,0.0
2019-09-19,115.18667960223245,115.37490212866828,114.54021251578143,114.59748840332033,13176200,0.0,0.0,0.0
2019-09-20,115.19488260240924,116.18504257532408,114.92483556800448,116.11139678955078,11519800,0.0,0.0,0.0
2019-09-23,116.39778031315618,117.15063282034023,115.9558807521915,116.0868148803711,15246700,0.0,0.0,0.0
2019-09-24,116.54507003521972,117.71527349700966,116.53689133479747,117.48614501953124,12421600,0.0,0.0,0.0
2019-09-25,117.23249483233508,117.46981457648924,115.49766078130908,115.76770782470705,14147100,0.0,0.0,0.0
2019-09-26,116.42235920219888,117.011550445788,116.11957239115765,116.51237487792967,9636500,0.0,0.0,0.0
2019-09-27,116.46326550319507,117.00334701450234,116.31596146442573,116.79876708984376,10386900,0.0,0.0,0.0
2019-09-30,116.1032994141971,117.09346008069544,116.07055960654044,117.08528137207033,8006900,0.0,0.0,0.0
2019-10-01,115.7981412664463,117.9704911634646,115.69977504761786,117.4376449584961,16613700,0.0,0.0,0.0
2019-10-02,117.60162868886276,118.26562581465838,117.42128224624878,117.7245864868164,12891500,0.0,0.0,0.0
2019-10-03,118.02798396841656,119.41336795910888,117.97880081038086,118.79855346679688,13470500,0.0,0.0,0.0
2019-10-04,119.1509953482858,119.70842087801834,119.0280250048965,119.6756362915039,11516200,0.0,0.0,0.0
2019-10-07,118.99518739433913,119.2984915910461,118.6263015453996,118.68367767333984,11013900,0.0,0.0,0.0
2019-10-08,119.53629502487532,119.62645577629785,118.55258218707384,119.00344848632812,14529700,0.0,0.0,0.0
2019-10-09,118.53612999203148,118.544323008017,117.88032596897148,118.33119201660156,8608800,0.0,0.0,0.0
2019-10-10,117.32290356284206,117.37208668205008,116.18344877030518,116.56873321533205,15054200,0.0,0.0,0.0
2019-10-11,115.56859885929984,115.66697757557526,114.52752313703628,115.12593841552734,26294000,0.0,0.0,0.0
2019-10-14,115.97849845913944,116.00309001613353,115.65060269360367,115.9621124267578,5936900,0.0,0.0,0.0
2019-10-15,115.31451889259276,115.54404846496368,114.3964006031092,114.5603485107422,11832300,0.0,0.0,0.0
2019-10-16,114.47016984040236,114.81446418258204,114.23244726190556,114.69969940185548,7729500,0.0,0.0,0.0
2019-10-17,114.37173823468537,115.0767250586301,114.19139189541468,114.4209213256836,6219300,0.0,0.0,0.0
2019-10-18,114.60946067731535,114.95375482271874,114.31434962291024,114.4209213256836,6456100,0.0,0.0,0.0
2019-10-21,113.5930464149963,113.937340771477,113.31432121443464,113.56024932861328,8038000,0.0,0.0,0.0
2019-10-22,114.25699445998222,114.37995221001285,113.6503737068556,114.22419738769533,6683300,0.0,0.0,0.0
2019-10-23,114.78994720936602,115.0194769199592,114.24071450841583,114.33908081054688,5995400,0.0,0.0,0.0
2019-10-24,114.50297460096034,114.9620463132122,113.97014070546692,114.1094970703125,6161700,0.0,0.0,0.0
2019-10-25,114.37997735590456,114.39637589565316,113.37987907439503,113.55203247070312,5669800,0.0,0.0,0.0
2019-10-28,112.7814764121076,112.7814764121076,112.2978257566384,112.51914978027344,11402100,0.0,0.0,0.0
2019-10-29,112.81423473874185,112.91261345700131,112.44534894342203,112.59291076660156,5296600,0.0,0.0,0.0
2019-10-30,112.93725868753889,114.3144363135383,112.93725868753889,114.24066162109376,10914100,0.0,0.0,0.0
2019-10-31,115.15871896411292,116.14241853361204,115.1177288761299,115.78173828125,15834100,0.0,0.0,0.0
2019-11-01,115.56493818007294,116.00838347251386,114.7930251030588,115.4253387451172,11425500,0.0,0.0,0.0
2019-11-04,114.11967653948302,114.25927599175284,113.75835441349328,113.90617370605467,11124300,0.0,0.0,0.0
2019-11-05,112.68264899932969,112.8633101282568,112.28026511576488,112.62516021728516,13493000,0.0,0.0,0.0
2019-11-06,113.33959411883998,113.65985474165586,112.78118359198878,113.3067398071289,9351900,0.0,0.0,0.0
2019-11-07,111.96816761472756,111.97637492361304,110.407914339743,111.25373077392578,19209800,0.0,0.0,0.0
2019-11-08,110.98281951115128,111.63976807431295,110.6789859694178,110.7857437133789,10222900,0.0,0.0,0.0
2019-11-11,111.17166479775614,111.1798721099419,110.56398537932397,110.85961151123048,4577000,0.0,0.0,0.0
2019-11-12,111.08952207995937,111.63971262589524,110.68713830894116,111.36872100830078,5772900,0.0,0.0,0.0
2019-11-13,112.34594939798528,112.46913426216426,111.82039322279864,112.09138488769533,6672400,0.0,0.0,0.0
2019-11-14,113.15893701308504,113.684493246886,113.05217929160628,113.249267578125,10213300,0.0,0.0,0.0
2019-11-15,112.89613046184346,113.45454089886792,112.85506884393412,113.12606048583984,4657600,0.0,0.0,0.0
2019-11-18,113.49559105954904,113.8240589091722,113.26564852851853,113.3313446044922,5943900,0.0,0.0,0.0
2019-11-19,113.62702324638023,114.34146057169748,113.62702324638023,114.27576446533205,7893100,0.0,0.0,0.0
2019-11-20,114.89159612515456,115.45821380615234,114.77663112685391,115.45821380615234,7905500,0.0,0.0,0.0
2019-11-21,114.66987673827302,115.03119889482647,114.24285850505116,114.7355728149414,5980900,0.0,0.0,0.0
2019-11-22,115.04763116869611,115.1954379500966,114.70272361826972,114.88338470458984,4664800,0.0,0.0,0.0
2019-11-25,115.21187783202924,115.40074625032388,115.1133274366277,115.22008514404295,4157300,0.0,0.0,0.0
2019-11-26,115.7866749355829,116.04123937918374,115.73740601491748,115.8934326171875,4281100,0.0,0.0,0.0
2019-11-27,115.4582629532957,115.71282752001872,115.31044358956112,115.55680084228516,4095700,0.0,0.0,0.0
2019-11-29,115.4746434891434,115.52391241909224,114.78485340936656,115.31040954589844,6251100,0.0,0.0,0.0
2019-12-02,113.63310977558535,114.06908349597674,113.47681494152326,113.77294921875,17702200,0.0,0.0,0.0
2019-12-03,115.19603954320957,116.6191359695572,115.10555371582208,116.15848541259766,13062400,0.0,0.0,0.0
2019-12-04,115.44288315143922,115.5745012542659,114.51336011073457,114.99868774414062,8586300,0.0,0.0,0.0
2019-12-05,114.0608990275953,114.70252141081568,114.01154539069984,114.43928527832033,7273800,0.0,0.0,0.0
2019-12-06,113.5426568209187,114.43928133170392,113.40281733727424,113.80589294433594,7931100,0.0,0.0,0.0
2019-12-09,114.33233429647144,114.4310415510222,113.98684635375658,114.05264282226562,4016900,0.0,0.0,0.0
2019-12-10,114.4886300522616,114.62848208169186,113.85524169208296,114.0608901977539,4947600,0.0,0.0,0.0
2019-12-11,114.58733950609138,115.27831541021956,114.5297519048536,114.95750427246094,6256700,0.0,0.0,0.0
2019-12-12,114.49687767596254,114.57090813440072,112.37458333820376,113.06555938720705,14857000,0.0,0.0,0.0
2019-12-13,113.61664360843416,114.8423128024404,112.8845356802546,114.37342834472656,11335100,0.0,0.0,0.0
2019-12-16,113.84699765530397,113.8963638358038,113.04908051968886,113.34521484375,9156600,0.0,0.0,0.0
2019-12-17,113.69070948244185,113.79763815520556,112.86811557491232,113.18892669677734,6179700,0.0,0.0,0.0
2019-12-18,112.94216926285782,113.0655533536706,112.10311978996236,112.25941467285156,6244700,0.0,0.0,0.0
2019-12-19,112.05177187333472,112.76033505129092,111.85402892650848,112.4390106201172,6591100,0.0,0.0,0.0
2019-12-20,112.15890938935884,112.6202971303396,111.9941172774031,112.58733367919922,5455700,0.0,0.0,0.0
2019-12-23,112.71910102049948,112.8509296095997,112.05173607449557,112.42249298095705,5175000,0.0,0.0,0.0
2019-12-24,111.98587011013848,112.9251272120708,111.96115381049856,112.74386596679688,4667400,0.0,0.0,0.0
2019-12-26,112.80154258481257,113.05695272192132,112.47197097896957,113.01575469970705,5290200,0.0,0.0,0.0
2019-12-27,113.2382008166645,113.39474573978316,113.11460676436931,113.13933563232422,7300500,0.0,0.0,0.0
2019-12-30,111.96113596290792,112.79328058583492,111.77164017191852,112.72737884521484,7979700,0.0,0.0,0.0
2019-12-31,112.22484623957092,112.4308238489754,111.54099906772292,111.62338256835938,10707400,0.0,0.0,0.0
2020-01-02,112.70266515081906,113.31236319453036,112.60379995470907,112.88392639160156,11034100,0.0,0.0,0.0
2020-01-03,113.92204424174398,114.65532367119177,113.60071983045492,114.6223602294922,12366000,0.0,0.0,0.0
2020-01-06,115.09208426809828,115.10856600173388,113.82325478762,113.97156524658205,11369800,0.0,0.0,0.0
2020-01-07,113.8808361908669,114.08681368179644,113.4029669032862,113.41120147705078,8381200,0.0,0.0,0.0
2020-01-08,113.64191863335216,113.95500850695464,112.3154353879479,112.6614761352539,10621700,0.0,0.0,0.0
2020-01-09,112.05174421901845,113.23817646342444,111.97759534670986,113.05691528320312,7411500,0.0,0.0,0.0
2020-01-10,113.42767387265827,114.0868043038257,113.3947230084402,114.06208801269533,8776000,0.0,0.0,0.0
2020-01-13,113.60072517488328,113.77373925040264,113.1970047122214,113.71607208251952,5966900,0.0,0.0,0.0
2020-01-14,113.84787999676458,114.37519447609336,113.81492912774112,114.30103302001952,13920300,0.0,0.0,0.0
2020-01-15,114.95192887235392,115.1496592300599,114.53997386464091,115.05902862548828,6290500,0.0,0.0,0.0
2020-01-16,114.7377186515804,114.9601779038449,114.30929444142672,114.696533203125,6798600,0.0,0.0,0.0
2020-01-17,113.3535496379856,113.8149372685306,113.17228841571864,113.71607208251952,9693100,0.0,0.0,0.0
2020-01-21,114.36695243182037,115.05903385900926,114.33400156132694,114.91073608398438,6794900,0.0,0.0,0.0
2020-01-22,115.11670257596776,115.46274325643238,115.00959025634712,115.31444549560548,6317000,0.0,0.0,0.0
2020-01-23,116.04774594254776,116.48441730232392,115.9900661993954,116.12189483642578,9747400,0.0,0.0,0.0
2020-01-24,116.5173203451772,117.44834242569644,116.41845519392406,117.06110382080078,8585000,0.0,0.0,0.0
2020-01-27,118.60183926089113,118.88196563720705,118.2310822837826,118.88196563720705,10935200,0.0,0.0,0.0
2020-01-28,118.5853368869546,118.71716547821374,117.67080903624368,117.95093536376952,10612900,0.0,0.0,0.0
2020-01-29,118.18169379915514,119.21981623683656,118.17344665027086,119.1044692993164,9566800,0.0,0.0,0.0
2020-01-30,119.38457060267672,120.01898491118008,118.88198492978694,119.12092590332033,14711800,0.0,0.0,0.0
2020-01-31,119.60706033559492,120.28267283639084,119.54114600098993,120.20851135253906,14538100,0.0,0.0,0.0
2020-02-03,119.62418765897728,120.2926616292605,118.93920458284218,120.11109924316406,15309000,0.0,0.0,0.0
2020-02-04,118.83188994868657,118.95567672221269,118.06437417456216,118.49352264404295,11388300,0.0,0.0,0.0
2020-02-05,117.43720631338182,117.76731288216696,117.1070871518383,117.19786834716795,10782600,0.0,0.0,0.0
2020-02-06,117.33816917002405,117.91587457866768,117.1896249856932,117.7260513305664,6683100,0.0,0.0,0.0
2020-02-07,119.02169821526144,119.45084667638773,118.7328456256516,119.19499969482422,11374800,0.0,0.0,0.0
2020-02-10,119.74801353495282,119.87180037431077,119.40138519922886,119.52518463134766,6699300,0.0,0.0,0.0
2020-02-11,119.32706993603108,119.43436021984252,118.7906437024863,118.92269134521484,7784100,0.0,0.0,0.0
2020-02-12,118.32019805908205,118.46875476687264,118.00660072975172,118.32019805908205,5595500,0.0,0.0,0.0
2020-02-13,118.37803946863824,119.00524706899311,118.23774352879936,118.774169921875,7883400,0.0,0.0,0.0
2020-02-14,119.467345978245,119.73144121980852,119.21151158345177,119.2940444946289,7137400,0.0,0.0,0.0
2020-02-18,119.9460459629195,120.53199958945947,119.5994302965785,120.11109924316406,6909200,0.0,0.0,0.0
2020-02-19,119.7644464158988,120.17708578485409,119.6489078963015,120.10281372070312,5707700,0.0,0.0,0.0
2020-02-20,120.55679705511142,121.26653772974076,120.49077320249911,121.04370880126952,9332900,0.0,0.0,0.0
2020-02-21,121.9761965389481,122.86749906186496,121.85239717610324,122.17425537109376,13860300,0.0,0.0,0.0
2020-02-24,124.47683993218304,124.5841302377708,123.79185681335144,123.99817657470705,15929300,0.0,0.0,0.0
2020-02-25,123.96519287893965,125.2443655513794,123.90741729101728,124.6584243774414,20802900,0.0,0.0,0.0
2020-02-26,123.75059034252855,125.21133777889858,123.44524112540512,123.99817657470705,22589500,0.0,0.0,0.0
2020-02-27,126.02009837853016,126.33370842223296,124.4768307076394,125.34337615966795,30687900,0.0,0.0,0.0
2020-02-28,127.4643773847251,128.72705362723624,127.22505194352708,128.1741180419922,44935200,0.0,0.0,0.0
2020-03-02,128.355085877642,129.34688052231567,127.08227245103912,127.23104858398438,28152400,0.0,0.0,0.0
2020-03-03,127.12356755198338,131.99163690492563,125.92514880205904,129.2063446044922,38608000,0.0,0.0,0.0
2020-03-04,129.27256089139544,130.0494710633769,127.43773424180154,127.8344497680664,23463700,0.0,0.0,0.0
2020-03-05,129.8675569126966,131.26433971306375,129.60307165781828,131.01638793945312,17786200,0.0,0.0,0.0
2020-03-06,138.27304942797167,139.9508385279611,135.6365200961733,137.8350067138672,76288300,0.0,0.0,0.0
2020-03-09,148.0257431547518,148.52163420807406,140.78561522951847,141.57078552246094,41552800,0.0,0.0,0.0
2020-03-10,140.2070651517203,142.92623695481623,133.917417337413,134.3141326904297,37728300,0.0,0.0,0.0
2020-03-11,136.72752973154377,138.04993130184323,128.62786110036654,129.3717041015625,29519300,0.0,0.0,0.0
2020-03-12,135.14058465262255,137.49610727528733,128.65258766214055,130.17333984375,24361800,0.0,0.0,0.0
2020-03-13,128.10713406363533,130.75192398654943,125.78467771552398,127.23104858398438,19812900,0.0,0.0,0.0
2020-03-16,132.55370139346374,137.32258390672143,130.42959631139678,135.4712371826172,30496700,0.0,0.0,0.0
2020-03-17,135.1323900722314,136.8928344188979,126.2144843742592,126.43762969970705,18570900,0.0,0.0,0.0
2020-03-18,126.32185576537212,127.39630487511724,114.891395556023,119.30490112304688,47061000,0.0,0.0,0.0
2020-03-19,121.45387205044013,126.82610876172032,120.04882804822304,122.55311584472656,21175300,0.0,0.0,0.0
2020-03-20,126.70210177111306,131.76852416992188,125.71856747602229,131.76852416992188,20863100,0.0,0.0,0.0
2020-03-23,130.1733060629971,137.7688171774407,129.40466973778555,137.1985321044922,19971800,0.0,0.0,0.0
2020-03-24,133.27274054533007,136.74402800935647,132.57848557479534,134.6447296142578,11948600,0.0,0.0,0.0
2020-03-25,135.20672259979065,137.76059684053956,133.57852152068125,134.33889770507812,10750600,0.0,0.0,0.0
2020-03-26,135.545674823558,136.93418543902996,134.1158367849534,135.00018310546875,10576200,0.0,0.0,0.0
2020-03-27,136.8019091965576,139.05824449129955,136.0332597419108,138.60366821289062,12550000,0.0,0.0,0.0
2020-03-30,139.09951985024256,140.5954781792099,137.14898541296614,137.4630584716797,13473200,0.0,0.0,0.0
2020-03-31,136.95066031981725,137.95898847819657,136.00845348788044,136.34732055664062,11464800,0.0,0.0,0.0
2020-04-01,139.4495229689691,139.84682416056913,137.7279223607626,138.2576446533203,11334700,0.0,0.0,0.0
2020-04-02,139.73922130037928,140.0620206276673,138.4397389895175,139.135009765625,5771200,0.0,0.0,0.0
2020-04-03,139.507421041264,140.98071107187914,139.16806445578362,139.46603393554688,6570800,0.0,0.0,0.0
2020-04-06,138.22451647814867,139.2756884930355,137.83550036152695,139.10186767578125,9434800,0.0,0.0,0.0
2020-04-07,136.5360679508709,137.7444911104553,135.50145302608718,137.64517211914062,13811400,0.0,0.0,0.0
2020-04-08,136.6601730924521,137.55408161783822,135.84903878647262,136.64361572265625,10147100,0.0,0.0,0.0
2020-04-09,135.973198913354,137.22300890216408,135.55935304068623,136.89193725585938,14259100,0.0,0.0,0.0
2020-04-13,136.36226946082138,137.15685941044538,135.64218139648438,135.64218139648438,8750300,0.0,0.0,0.0
2020-04-14,135.6090850830078,136.35401563013292,135.3111153900739,135.6090850830078,9019100,0.0,0.0,0.0
2020-04-15,138.05902655129637,139.54887466021958,138.00936705259517,139.20123291015625,10027800,0.0,0.0,0.0
2020-04-16,140.09513392177504,140.97249799142853,139.89649593810591,140.78211975097656,8265400,0.0,0.0,0.0
2020-04-17,140.55853444239415,141.40277042593962,138.44791922439802,138.89486694335938,8612100,0.0,0.0,0.0
2020-04-20,139.41645085066057,140.11998151504983,139.01916220314789,140.01239013671875,6462600,0.0,0.0,0.0
2020-04-21,142.3050212301847,142.4871144059918,141.35318087175233,141.77529907226562,7850700,0.0,0.0,0.0
2020-04-22,140.68274195753568,141.03037091323387,139.63985509044116,140.3268280029297,6230200,0.0,0.0,0.0
2020-04-23,140.60001742146713,141.47736880481284,140.38482207654823,141.07180786132812,5968600,0.0,0.0,0.0
2020-04-24,140.3847445864177,141.40280151367188,140.35164248607737,141.40280151367188,6211800,0.0,0.0,0.0
2020-04-27,140.42619662131457,140.50068585370312,138.5887197782816,138.77081298828125,9039500,0.0,0.0,0.0
2020-04-28,139.50744649649306,140.58344829361369,139.4246722699554,140.3682403564453,9905400,0.0,0.0,0.0
2020-04-29,140.31859330348098,140.9228047960982,139.01912371281864,139.639892578125,8619600,0.0,0.0,0.0
2020-04-30,139.66475289972098,140.07031389758427,137.98453914680204,138.00936889648438,11606100,0.0,0.0,0.0
2020-05-01,138.81823538438294,139.32378289669575,137.93974588828897,139.19117736816406,10209400,0.0,0.0,0.0
2020-05-04,138.86792382017526,138.967371618189,137.97285570018377,138.5364227294922,8300900,0.0,0.0,0.0
2020-05-05,137.2186940392538,137.79882729298473,136.9700618888101,137.64964294433594,7831800,0.0,0.0,0.0
2020-05-06,135.27940448424016,135.619201413103,134.30146715253858,135.4285888671875,14721500,0.0,0.0,0.0
2020-05-07,135.55288454480691,137.88171360030253,135.3705551212631,137.69110107421875,9164800,0.0,0.0,0.0
2020-05-08,136.32357244889818,137.07773906015072,135.65226211205456,135.90089416503906,8129800,0.0,0.0,0.0
2020-05-11,135.63573869952805,136.0998452669861,134.34286679133615,134.84011840820312,8713500,0.0,0.0,0.0
2020-05-12,135.22135265579212,136.68825816720812,135.1964907078668,136.22415161132812,10057300,0.0,0.0,0.0
2020-05-13,136.82088563177047,137.81540164640458,136.60541116648622,137.17726135253906,13305600,0.0,0.0,0.0
2020-05-14,138.66899021028323,139.356854152586,138.44522008013934,138.51980590820312,10080000,0.0,0.0,0.0
2020-05-15,139.48118578228824,139.63865319374585,137.8485173255222,138.1634521484375,7225600,0.0,0.0,0.0
2020-05-18,136.68828906046338,136.79603262312804,134.60809218950973,135.13021850585938,10073100,0.0,0.0,0.0
2020-05-19,134.6909804856088,135.66891776279692,134.65782278193132,135.63577270507812,8639100,0.0,0.0,0.0
2020-05-20,135.2296226877317,136.49763249320333,134.98928633236133,136.04180908203125,10927300,0.0,0.0,0.0
2020-05-21,136.6303155920484,137.04469844745967,136.15791306681814,136.38168334960938,8920000,0.0,0.0,0.0
2020-05-22,136.51428665011963,137.30989463766818,136.42312191759208,137.20216369628906,4956700,0.0,0.0,0.0
2020-05-26,135.67722440914886,135.7435145299108,135.07221640504866,135.36228942871094,8098900,0.0,0.0,0.0
2020-05-27,134.91473917513204,135.84296519626542,134.74898859327354,135.1136474609375,8047400,0.0,0.0,0.0
2020-05-28,134.2267945467016,134.73234173863074,133.97816249976162,134.61630249023438,10272600,0.0,0.0,0.0
2020-05-29,134.8484536747308,135.99214158087156,134.5500975587899,135.5777587890625,14632700,0.0,0.0,0.0
2020-06-01,134.51559927850647,134.79773875674098,134.15876539303272,134.6649627685547,13341400,0.0,0.0,0.0
2020-06-02,134.15876909815978,134.5072965801129,133.8102416162067,134.1753692626953,11517100,0.0,0.0,0.0
2020-06-03,132.92231137784216,133.0467936138174,131.89332913551746,132.39122009277344,12255700,0.0,0.0,0.0
2020-06-04,131.87673581885895,131.95141756699266,130.44113179068694,130.4743194580078,14038600,0.0,0.0,0.0
2020-06-05,128.3001148882709,129.58635490400496,127.09686300085932,129.54486083984375,17778500,0.0,0.0,0.0
2020-06-08,128.6818032906937,130.15890035625486,128.6652031376518,130.042724609375,10346700,0.0,0.0,0.0
2020-06-09,131.98460071623393,132.47419788433456,131.36222757170177,131.5198974609375,9095300,0.0,0.0,0.0
2020-06-10,132.14226424811707,133.5197737851271,131.98459436646684,133.46998596191406,13135500,0.0,0.0,0.0
2020-06-11,135.46981752395706,136.2830477988972,134.95532670992256,135.99261474609375,17086400,0.0,0.0,0.0
2020-06-12,134.77269354979492,135.80998105141788,134.47395424283948,134.68141174316406,9716100,0.0,0.0,0.0
2020-06-15,136.00092560964475,136.2747712051262,134.54872217622457,134.7561798095703,7759800,0.0,0.0,0.0
2020-06-16,132.28325635315954,133.79354097408122,131.69407124566757,132.6898651123047,13698900,0.0,0.0,0.0
2020-06-17,132.99694931000226,133.4118645959715,132.22520029375045,133.2375946044922,7113900,0.0,0.0,0.0
2020-06-18,134.46573643734703,134.83086390444984,134.10891537953884,134.64830017089844,7691400,0.0,0.0,0.0
2020-06-19,133.60271587465635,134.8474616747308,133.52803416558206,134.7561798095703,8565500,0.0,0.0,0.0
2020-06-22,135.4200481818868,135.61090566113805,134.49064202670604,134.7727813720703,9319700,0.0,0.0,0.0
2020-06-23,134.00104800743475,134.48235129740198,133.70230847097957,133.8516845703125,9088600,0.0,0.0,0.0
2020-06-24,134.04257671811965,135.33711082328972,134.0342829679838,135.28732299804688,11436500,0.0,0.0,0.0
2020-06-25,136.26646179367222,136.3826375485025,135.59428850264612,135.67727661132812,10968000,0.0,0.0,0.0
2020-06-26,136.29971627424416,137.187641356146,136.24162203723876,137.12954711914062,12119300,0.0,0.0,0.0
2020-06-29,136.79760160407693,137.14612899299158,136.40758014600792,136.69801330566406,7274400,0.0,0.0,0.0
2020-06-30,137.11291630074388,137.16270411435175,135.66071264686272,136.0341339111328,14841700,0.0,0.0,0.0
2020-07-01,135.26310685240426,135.88620943615555,134.71477353621003,135.7698974609375,13181000,0.0,0.0,0.0
2020-07-02,135.17168790041887,136.03573039018409,134.78952549987218,135.91110229492188,7599800,0.0,0.0,0.0
2020-07-06,134.86442763501896,135.43768447773044,134.38255974805952,135.35459899902344,7972700,0.0,0.0,0.0
2020-07-07,135.76991931426355,137.36506066417195,135.58714151277917,137.25706481933594,12791900,0.0,0.0,0.0
2020-07-08,136.51771989836234,137.01619469407208,136.11062137302915,136.70880126953125,7253900,0.0,0.0,0.0
2020-07-09,136.8001696176865,139.11810685980137,136.75032341332764,138.88548278808594,13373100,0.0,0.0,0.0
2020-07-10,139.53350500082232,139.74952211657896,138.04637167733068,138.18760681152344,8478000,0.0,0.0,0.0
2020-07-13,137.4980180398967,138.7109970699975,137.27369748203756,138.64453125,8054000,0.0,0.0,0.0
2020-07-14,139.51691285022514,139.6913872721537,138.72765156744896,138.84396362304688,11344600,0.0,0.0,0.0
2020-07-15,137.84698672176086,138.7027137565972,137.7722174104595,138.1959228515625,7840300,0.0,0.0,0.0
2020-07-16,139.0765417702702,139.38394777616148,138.77745191514248,138.85223388671875,9107400,0.0,0.0,0.0
2020-07-17,138.9685608446926,139.07655672269746,138.3039152421669,138.56146240234375,8549900,0.0,0.0,0.0
2020-07-20,139.16793496494554,139.25932388673843,138.57807138733108,138.90208435058594,6907200,0.0,0.0,0.0
2020-07-21,138.9934388296223,139.34237480534847,138.81066103132915,138.98512268066406,8454400,0.0,0.0,0.0
2020-07-22,139.79100665322972,139.9571775118808,139.31745520183267,139.40052795410156,6592100,0.0,0.0,0.0
2020-07-23,140.33943798005805,141.13701555607992,139.97388211925912,141.0290069580078,10471800,0.0,0.0,0.0
2020-07-24,140.4141492247825,141.17018374439405,140.29783719692384,141.02064514160156,7520700,0.0,0.0,0.0
2020-07-27,141.444323308213,141.48586602668132,140.39751525892387,140.49720764160156,6146400,0.0,0.0,0.0
2020-07-28,140.85442385109167,141.51906920556144,140.76303495638888,141.46922302246094,8520700,0.0,0.0,0.0
2020-07-29,141.27811765897155,141.56058776638758,140.38915195515483,141.228271484375,6733700,0.0,0.0,0.0
2020-07-30,142.10898253918393,142.2834442257707,141.8597388812867,142.15882873535156,9376100,0.0,0.0,0.0
2020-07-31,141.36125557642015,142.44961915755025,141.18679388488331,142.06744384765625,8886000,0.0,0.0,0.0
2020-08-03,140.76165307113615,141.38544907903463,140.53708295476727,141.3521728515625,9066200,0.0,0.0,0.0
2020-08-04,142.08413203258354,142.70792819181924,141.99264142158236,142.69961547851562,9878900,0.0,0.0,0.0
2020-08-05,141.44367044674783,141.8595344726132,141.13593512877955,141.45199584960938,6954100,0.0,0.0,0.0
2020-08-06,142.5415184714115,143.265117616781,141.90939720312608,142.24209594726562,9481800,0.0,0.0,0.0
2020-08-07,142.4583131885666,142.6412942898286,141.04437869885217,141.2938995361328,8176900,0.0,0.0,0.0
2020-08-10,141.57675594751274,141.60170677482316,140.62027372417754,140.66184997558594,6408500,0.0,0.0,0.0
2020-08-11,139.03995291344563,139.30611193587004,137.967029495804,138.99005126953125,19234200,0.0,0.0,0.0
2020-08-12,137.81725958582106,138.12500742513657,137.22674010199282,137.72576904296875,11744800,0.0,0.0,0.0
2020-08-13,137.49291308260092,137.7174831298677,135.7130161953999,136.25364685058594,12744700,0.0,0.0,0.0
2020-08-14,136.245260010469,136.52804427363307,135.70464229023457,135.7212677001953,6398100,0.0,0.0,0.0
2020-08-17,136.3783927422473,136.78594388632908,135.9292526747029,136.0623321533203,6901500,0.0,0.0,0.0
2020-08-18,136.70279061936543,137.12696725617562,136.4782205452142,137.0354766845703,8140600,0.0,0.0,0.0
2020-08-19,137.54286653156277,137.74248583668344,135.82119603036313,136.1788330078125,12497700,0.0,0.0,0.0
2020-08-20,137.55944916278102,137.77569380440195,137.17684882174305,137.4097442626953,10319900,0.0,0.0,0.0
2020-08-21,137.87542612788184,138.34119134493994,137.24330531231698,138.23306274414062,6836000,0.0,0.0,0.0
2020-08-24,138.33297673065587,138.8735947356934,137.95037635040643,138.0085906982422,6490600,0.0,0.0,0.0
2020-08-25,136.69446744092895,137.30993788353834,136.2619654363578,136.95230102539062,10518300,0.0,0.0,0.0
2020-08-26,136.44495231901993,136.67783509488,135.80451833982502,136.42831420898438,8276600,0.0,0.0,0.0
2020-08-27,137.03544506057304,137.08535938087883,134.04123309123102,134.10777282714844,19860100,0.0,0.0,0.0
2020-08-28,134.54858039581046,134.7814631136937,133.60872412575262,134.00794982910156,8415400,0.0,0.0,0.0
2020-08-31,134.40718719710202,135.77953268065846,134.37391098556924,134.8979034423828,11388100,0.0,0.0,0.0
2020-09-01,134.6922807420953,136.61575320427826,134.20933210144088,136.44088745117188,10587000,0.0,0.0,0.0
2020-09-02,136.1494549704434,137.85642584415905,136.13281076881506,137.73985290527344,15167700,0.0,0.0,0.0
2020-09-03,138.01463738599256,139.25531652832845,137.75651249525433,138.13121032714844,16416600,0.0,0.0,0.0
2020-09-04,136.89882302008544,137.1402909275791,135.26678965068456,135.50827026367188,13780300,0.0,0.0,0.0
2020-09-08,136.86560602438564,137.60667987876352,136.34103393554688,136.34103393554688,13790400,0.0,0.0,0.0
2020-09-09,136.50743948983182,136.76556424487356,135.52488575476372,135.9745330810547,9558900,0.0,0.0,0.0
2020-09-10,135.2751120440113,136.84885246400344,134.8504436620263,136.66566467285156,8847700,0.0,0.0,0.0
2020-09-11,136.81554039120363,137.03204198647808,136.6240305000316,136.95709228515625,5458200,0.0,0.0,0.0
2020-09-14,137.2152537208571,137.4567343792341,136.7489620149519,136.9488067626953,4274900,0.0,0.0,0.0
2020-09-15,136.69895122229497,136.9487538841466,136.38253367025015,136.61569213867188,6928500,0.0,0.0,0.0
2020-09-16,137.20690073955257,137.2984946401328,135.70809723255525,136.20770263671875,8815200,0.0,0.0,0.0
2020-09-17,137.30684987849347,137.3568205953653,136.39092335711712,136.6240692138672,7813900,0.0,0.0,0.0
2020-09-18,136.69896400281158,136.75725680173983,136.00784874611983,136.19937133789062,7246300,0.0,0.0,0.0
2020-09-21,137.2984685794588,137.7231241985485,136.67396829553766,136.8904571533203,11086900,0.0,0.0,0.0
2020-09-22,136.9238548161759,137.29023057336028,136.44922821105106,136.7823028564453,10524100,0.0,0.0,0.0
2020-09-23,136.8072452755029,136.99875520444576,136.124451964192,136.9654541015625,6224800,0.0,0.0,0.0
2020-09-24,137.35683412790385,137.49005126953125,137.073717526389,137.49005126953125,8278100,0.0,0.0,0.0
2020-09-25,137.48172916864752,137.7398540565161,137.14866725633274,137.49005126953125,5140300,0.0,0.0,0.0
2020-09-28,137.28182059077858,137.30679958731733,136.86548704114392,137.0986328125,4470100,0.0,0.0,0.0
2020-09-29,137.22355010040496,137.5899256825926,137.02370540862285,137.25685119628906,10297600,0.0,0.0,0.0
2020-09-30,136.55746267059473,136.55746267059473,135.3500974014968,135.9412841796875,12971000,0.0,0.0,0.0
2020-10-01,135.45700623329523,136.4822576730463,135.1152684720414,136.16551208496094,11523900,0.0,0.0,0.0
2020-10-02,136.37387995578106,136.42388973405124,135.18192512614112,135.65704345703125,8828800,0.0,0.0,0.0
2020-10-05,134.15671779213827,134.15671779213827,132.96477540327757,133.00645446777344,14726000,0.0,0.0,0.0
2020-10-06,132.8064060111427,134.5401508457902,132.26460359606625,133.72328186035156,22419400,0.0,0.0,0.0
2020-10-07,132.99800152591052,133.71483760160564,132.41453325933415,132.74794006347656,9429200,0.0,0.0,0.0
2020-10-08,133.33986504826086,133.57325255316945,133.081472647731,133.4648895263672,8431500,0.0,0.0,0.0
2020-10-09,132.96468342402514,133.589830803019,132.37287164236898,133.43978881835938,8441500,0.0,0.0,0.0
2020-10-12,133.72320265769343,133.93158514345458,133.4564796896211,133.8649139404297,3962000,0.0,0.0,0.0
2020-10-13,134.3734769419532,134.89026185674692,134.34845932216095,134.82357788085938,7914300,0.0,0.0,0.0
2020-10-14,135.30703556279056,135.65711691892173,135.00696401201117,135.13198852539062,6954800,0.0,0.0,0.0
2020-10-15,135.8987474107156,136.0237845619747,134.73181031092702,134.8985137939453,9458800,0.0,0.0,0.0
2020-10-16,134.74854006655437,135.29867323427163,134.28176503406667,134.5234832763672,8416300,0.0,0.0,0.0
2020-10-19,133.78162715749392,134.18171818215944,133.40654102695342,134.0150146484375,9286600,0.0,0.0,0.0
2020-10-20,133.24809304034275,133.3731174404299,132.48957776339518,132.73963928222656,11189000,0.0,0.0,0.0
2020-10-21,132.35624940363869,132.83969842594144,132.00616826031484,132.28123474121094,10453700,0.0,0.0,0.0
2020-10-22,131.93951432469285,132.22292431163746,130.83926086956495,130.90594482421875,12664900,0.0,0.0,0.0
2020-10-23,130.705897067535,131.8728472326506,130.65588727963913,131.7061309814453,8783800,0.0,0.0,0.0
2020-10-26,132.70632201554957,133.38147930660938,132.5396058341915,132.93136596679688,7227300,0.0,0.0,0.0
2020-10-27,133.55659785649578,133.94835823657,133.28153124589045,133.82333374023438,6062300,0.0,0.0,0.0
2020-10-28,134.51514103018826,134.58182498892782,133.53156853711064,133.94833374023438,11765800,0.0,0.0,0.0
2020-10-29,133.97327413291697,134.05663222087446,132.08950090046773,132.64796447753906,11932400,0.0,0.0,0.0
2020-10-30,132.55630239891855,132.82303815924436,131.33935546875,131.33935546875,13095400,0.0,0.0,0.0
2020-11-02,132.42329285543312,132.83216583696944,132.11455956809488,132.3231658935547,10810500,0.0,0.0,0.0
2020-11-03,131.71405433760583,131.82252098150778,131.03815906920178,131.55551147460938,16228700,0.0,0.0,0.0
2020-11-04,134.87651689475408,135.31876132422673,133.95864389076138,134.40924072265625,21570800,0.0,0.0,0.0
2020-11-05,134.87646025355795,134.95990784881204,133.99197176605247,134.642822265625,18537500,0.0,0.0,0.0
2020-11-06,133.19092342568905,133.44125348906746,132.6235204988595,133.0157012939453,12408400,0.0,0.0,0.0
2020-11-09,130.14530273508683,130.29549316335067,129.0271759947279,130.22039794921875,23245000,0.0,0.0,0.0
2020-11-10,129.30258460500386,130.0118386599335,129.15238139010384,129.46946716308594,12561000,0.0,0.0,0.0
2020-11-11,129.3526265794818,130.1202964048047,129.3109027638219,129.9367218017578,5888200,0.0,0.0,0.0
2020-11-12,130.95468162089685,132.1729351776366,130.76276740651235,132.1479034423828,15999700,0.0,0.0,0.0
2020-11-13,132.13961508788074,132.25643414186774,131.7641261809455,131.9727325439453,7344600,0.0,0.0,0.0
2020-11-16,131.6138548158257,132.07279112320603,131.51372788778465,131.65557861328125,6310400,0.0,0.0,0.0
2020-11-17,132.48170427486508,132.8071296223263,132.331501104788,132.51507568359375,7444600,0.0,0.0,0.0
2020-11-18,133.0407460092211,133.14922535147758,132.1312256647669,132.89889526367188,10333300,0.0,0.0,0.0
2020-11-19,133.48295718909696,134.10877588715212,133.37447787376027,133.5830841064453,10637200,0.0,0.0,0.0
2020-11-20,133.9502267663944,134.7929913228776,133.83340779091836,134.76795959472656,7246800,0.0,0.0,0.0
2020-11-23,134.19231281003476,134.33416361481835,133.74171591735984,134.1505889892578,11300000,0.0,0.0,0.0
2020-11-24,133.49972566903534,133.52475741270078,132.68197960155968,132.81549072265625,10891700,0.0,0.0,0.0
2020-11-25,132.88221417271166,133.4329378649138,132.35652221812612,132.40658569335938,9145800,0.0,0.0,0.0
2020-11-27,133.1825743389934,133.733297893011,133.15754260765758,133.6915740966797,4708200,0.0,0.0,0.0
2020-11-30,133.53301312711872,133.9502255689912,133.30771484345988,133.52467346191406,13071600,0.0,0.0,0.0
2020-12-01,132.4330269427778,132.59173143951458,130.87105198384867,131.5559844970703,13662800,0.0,0.0,0.0
2020-12-02,131.03814524255992,131.07989885979296,129.8687508180335,130.5119171142578,12114300,0.0,0.0,0.0
2020-12-03,131.0882303156231,131.8232773460962,130.78753041636605,131.5643310546875,9626500,0.0,0.0,0.0
2020-12-04,130.04410116258504,130.1276211017144,129.27564889798478,129.6348114013672,12734500,0.0,0.0,0.0
2020-12-07,130.5953954970483,131.0380907160648,130.45338737445135,130.80421447753906,9316100,0.0,0.0,0.0
2020-12-08,131.61447071597675,132.03210879618948,131.3054098698135,131.42234802246094,7397200,0.0,0.0,0.0
2020-12-09,130.76244800682153,131.40561403479927,130.31139187202706,130.98797607421875,7750100,0.0,0.0,0.0
2020-12-10,131.3387834550832,132.21581292947607,130.99631728672685,132.1490020751953,10025100,0.0,0.0,0.0
2020-12-11,132.51656421932535,133.13467319650888,132.24093428880244,132.61680603027344,8135900,0.0,0.0,0.0
2020-12-14,131.5476235291364,132.5499521930358,131.2302145665364,132.24925231933594,7535900,0.0,0.0,0.0
2020-12-15,131.78985524123198,132.29937414576528,131.3972744748554,131.8065643310547,6847500,0.0,0.0,0.0
2020-12-16,130.78754130040517,131.88175101936324,130.62883679240926,131.4557647705078,9954200,0.0,0.0,0.0
2020-12-17,132.21995691285133,132.49588701173136,130.79849650796757,131.10787963867188,9422700,0.0,0.0,0.0
2020-12-18,131.37544018148083,131.5928466126928,130.58945979483877,130.7148895263672,6505000,0.0,0.0,0.0
2020-12-21,131.4424048273313,131.55946498513657,130.81529410510302,131.23336791992188,8988200,0.0,0.0,0.0
2020-12-22,131.74334136099284,131.9691046612399,131.34199430612583,131.9105682373047,7370800,0.0,0.0,0.0
2020-12-23,130.95738136895298,131.01591780198936,129.98746023210504,130.9991912841797,9266600,0.0,0.0,0.0
2020-12-24,131.19149647148006,131.63465348670525,131.14969931647698,131.51759338378906,3117100,0.0,0.0,0.0
2020-12-28,130.7567205651226,131.65139155334217,130.52260033875135,131.57614135742188,7791100,0.0,0.0,0.0
2020-12-29,130.76505288959132,131.5175802246728,130.73996949566146,131.4088897705078,9030900,0.0,0.0,0.0
2020-12-30,131.124632716853,131.71829018676212,131.00755984034566,131.69320678710938,9097300,0.0,0.0,0.0
2020-12-31,131.65979318063185,132.1782005566092,131.651423539988,131.8855438232422,7742100,0.0,0.0,0.0
2021-01-04,130.99927060513335,132.26184915447348,130.89056731144225,131.72671508789062,13152900,0.0,0.0,0.0
2021-01-05,131.233319026319,131.233319026319,130.1546945997336,130.74835205078125,10458100,0.0,0.0,0.0
2021-01-06,128.6162066917187,128.64129009449357,127.33688935721284,128.06434631347656,22827300,0.0,0.0,0.0
2021-01-07,126.91886612333067,127.23660636301152,126.47570881988244,126.9355926513672,14651900,0.0,0.0,0.0
2021-01-08,126.65966811961448,127.06102825915028,125.97403354212972,126.52589416503906,13622500,0.0,0.0,0.0
2021-01-11,126.25824365457828,126.43384020324412,125.83181312009756,126.31678009033205,8370700,0.0,0.0,0.0
2021-01-12,126.08263641451444,126.3920195684438,125.36354927943204,126.21642303466795,12186300,0.0,0.0,0.0
2021-01-13,126.81014624778734,127.98911740883496,126.7348960269374,127.63792419433594,12533300,0.0,0.0,0.0
2021-01-14,127.57936827918203,127.62953508041304,126.08265732994288,126.44220733642578,14835500,0.0,0.0,0.0
2021-01-15,127.25325621316932,127.39539971932304,126.65122915263882,126.94388580322266,11624700,0.0,0.0,0.0
2021-01-19,126.77664065164008,127.39539420333745,126.68466394474711,127.35358428955078,9575600,0.0,0.0,0.0
2021-01-20,127.0860289250868,127.49573292435136,126.91878926320466,127.47901916503906,5368900,0.0,0.0,0.0
2021-01-21,126.6261681383196,126.88537179880652,126.34188107575956,126.58435821533205,8162700,0.0,0.0,0.0
2021-01-22,126.96891228010972,127.10268608801567,126.60936247747756,126.9939956665039,9507200,0.0,0.0,0.0
2021-01-25,127.72987124244231,128.50749495289486,127.62953763796972,128.4907684326172,8712600,0.0,0.0,0.0
2021-01-26,128.01417076664782,128.43224446247802,127.86365760167868,128.248291015625,7690300,0.0,0.0,0.0
2021-01-27,128.8252180746239,129.18475528235209,128.373691396785,128.57437133789062,7895200,0.0,0.0,0.0
2021-01-28,128.2649869513548,128.3151665051018,127.22817249529136,127.86363983154295,10667800,0.0,0.0,0.0
2021-01-29,126.60943149954868,127.50411529731583,126.5090978992743,127.09439849853516,14965900,0.0,0.0,0.0
2021-02-01,126.9570903063332,127.5430692963518,126.81478203542754,127.24170684814452,8165500,0.0,0.0,0.0
2021-02-02,126.18701025969187,126.47999352030554,126.00284351375616,126.42140197753906,9177500,0.0,0.0,0.0
2021-02-03,125.92739009871062,126.06133176298428,125.21584895734456,125.29955291748048,9633100,0.0,0.0,0.0
2021-02-04,124.86432517284666,125.14057520589031,124.5629626616524,124.96477508544922,8262600,0.0,0.0,0.0
2021-02-05,124.81402486795284,125.20747048597704,123.90993788015552,123.91830444335938,10258900,0.0,0.0,0.0
2021-02-08,124.14439826431766,124.94802307265948,123.92673976646115,124.46249389648438,11574800,0.0,0.0,0.0
2021-02-09,124.91453983856448,125.29123975317776,124.44575658718924,124.55457305908205,5218300,0.0,0.0,0.0
2021-02-10,124.96474255650998,125.38330078125,124.8475467645181,125.38330078125,8079800,0.0,0.0,0.0
2021-02-11,125.29967296915872,125.39175635490096,124.52116024974998,124.69696044921876,11962700,0.0,0.0,0.0
2021-02-12,123.64209662672576,123.96020496396424,123.08123014022549,123.14820098876952,14088400,0.0,0.0,0.0
2021-02-16,121.56609778410484,121.9344312048982,121.09731443887262,121.27310180664062,17789100,0.0,0.0,0.0
2021-02-17,122.1772004272072,122.5371673111114,121.36519606931394,122.0432586669922,11199100,0.0,0.0,0.0
2021-02-18,121.0554435191995,121.88419363022632,120.81268530246324,121.5493392944336,10755300,0.0,0.0,0.0
2021-02-19,120.59498637877142,120.8126448174448,119.58208268922203,119.93367004394533,12741700,0.0,0.0,0.0
2021-02-22,119.7327714776002,120.32712981042935,118.63615091088016,119.0212173461914,13203900,0.0,0.0,0.0
2021-02-23,118.46878322110771,119.28915417855848,118.15067472248018,118.67806243896484,12658500,0.0,0.0,0.0
2021-02-24,116.65217979020682,118.18409161863558,116.49312562454688,117.89947509765624,17363100,0.0,0.0,0.0
2021-02-25,116.79449682535358,117.12933831361696,114.3584847620778,115.97411346435548,52621700,0.0,0.0,0.0
2021-02-26,117.8408669098417,119.95877015900363,116.92840042127142,119.8080825805664,45423300,0.0,0.0,0.0
2021-03-01,117.8905321672269,118.5191252059262,117.41279531921154,118.22577667236328,22048000,0.0,0.0,0.0
2021-03-02,117.67258425121985,118.284423873922,117.58039011552192,118.23413848876952,12482200,0.0,0.0,0.0
2021-03-03,116.81770738756325,117.46305355013789,116.29806189939598,116.95179748535156,19763700,0.0,0.0,0.0
2021-03-04,117.02721101859665,117.28702730761884,115.62754603769332,116.1974639892578,22366600,0.0,0.0,0.0
2021-03-05,115.80355853209672,116.78416179789568,115.65270239370628,116.42377471923828,20598000,0.0,0.0,0.0
2021-03-08,116.35673191651216,116.4153939339873,115.51860809326172,115.51860809326172,15236600,0.0,0.0,0.0
2021-03-09,116.72550370855367,117.1864743503875,116.47406401403036,117.11942291259766,14463400,0.0,0.0,0.0
2021-03-10,117.16971482137296,117.46305049069709,116.73388684583574,117.3541030883789,12387600,0.0,0.0,0.0
2021-03-11,116.64167885588944,116.81769046757849,116.04661816476896,116.50757598876952,14150700,0.0,0.0,0.0
2021-03-12,114.320077115534,114.37037528428854,113.6914842880173,114.03511810302734,20402700,0.0,0.0,0.0
2021-03-15,114.39551050037036,114.89837705627713,114.32845906849886,114.7056121826172,11366500,0.0,0.0,0.0
2021-03-16,114.83973298165373,114.92353769301668,113.77531211617948,114.24465942382812,15567900,0.0,0.0,0.0
2021-03-17,113.27243367987803,113.5909248365952,112.43430982641613,113.3897705078125,27107500,0.0,0.0,0.0
2021-03-18,111.73029815555184,112.70252497576496,111.62972737716984,112.2415542602539,21615100,0.0,0.0,0.0
2021-03-19,112.37565334935384,113.0042462704534,112.14097968191048,112.93719482421876,18685000,0.0,0.0,0.0
2021-03-22,113.7250348129568,114.3284850481736,113.45682902452452,114.2027587890625,17047500,0.0,0.0,0.0
2021-03-23,114.47936898310977,115.27558432893647,114.11059232893513,115.2336883544922,16768400,0.0,0.0,0.0
2021-03-24,114.87327824914124,115.89579059546033,114.7810840936942,115.8538818359375,13863000,0.0,0.0,0.0
2021-03-25,115.98793166438954,116.2142286312326,114.89836835926778,114.94027709960938,20782000,0.0,0.0,0.0
2021-03-26,114.33687054542824,115.0241383399886,114.16924830904374,114.53802490234376,8433300,0.0,0.0,0.0
2021-03-29,114.68050999747936,114.69727605855698,113.1215988249566,113.56580352783205,13968100,0.0,0.0,0.0
2021-03-30,113.39817751884269,114.41230037711595,113.15511440193757,114.16087341308594,15020800,0.0,0.0,0.0
2021-03-31,114.26980208682906,114.47933304831528,113.12995314479376,113.52387237548828,19271300,0.0,0.0,0.0
2021-04-01,114.60235067104482,115.50036314381738,114.39253311683429,115.40804290771484,14885900,0.0,0.0,0.0
2021-04-05,114.6023498217892,114.9548417735011,114.09039448105942,114.90448760986328,8243000,0.0,0.0,0.0
2021-04-06,115.11429998802228,115.80249487054944,114.98840177833983,115.68499755859376,9282400,0.0,0.0,0.0
2021-04-07,115.35767264671992,115.90320589529205,114.8792953491211,114.8792953491211,11052700,0.0,0.0,0.0
2021-04-08,115.30726308734988,115.87797314020176,115.28208602095458,115.82760620117188,7847900,0.0,0.0,0.0
2021-04-09,115.39965481579544,115.97875331441604,115.0555509533908,115.40804290771484,8717800,0.0,0.0,0.0
2021-04-12,115.36605928218631,115.42480152265816,115.0639215713837,115.35765838623048,7659000,0.0,0.0,0.0
2021-04-13,115.23178203714129,116.24729164034068,115.14784990847008,116.22211456298828,13232800,0.0,0.0,0.0
2021-04-14,115.8444714048324,116.02072379181033,115.45841426192486,115.85285949707033,7293200,0.0,0.0,0.0
2021-04-15,117.06978455264414,118.32028873828182,117.04460747550009,117.79155731201172,23896700,0.0,0.0,0.0
2021-04-16,116.74252699524015,117.27125868080564,116.59983974645556,116.87680053710938,15238400,0.0,0.0,0.0
2021-04-19,116.4403302061688,116.91870747073362,116.28086684923234,116.5410385131836,13886800,0.0,0.0,0.0
2021-04-20,116.19694981557788,117.29639166411292,116.18016082681316,117.07818603515624,11476500,0.0,0.0,0.0
2021-04-21,117.11171149101207,117.42225004974048,116.71726643565334,117.31314086914062,11902200,0.0,0.0,0.0
2021-04-22,117.4977966108511,117.82511138916016,116.82637806896896,117.82511138916016,14156400,0.0,0.0,0.0
2021-04-23,117.81676752532007,117.89229877799556,117.06981747872749,117.5481948852539,12302200,0.0,0.0,0.0
2021-04-26,117.6237309651474,117.92586879449726,117.37196011256322,117.3803482055664,9103500,0.0,0.0,0.0
2021-04-27,117.15370352455182,117.34674485707286,116.264079318132,116.3563995361328,14137300,0.0,0.0,0.0
2021-04-28,116.36482552616457,116.56625501456546,115.78573975872855,116.43196868896484,15263700,0.0,0.0,0.0
2021-04-29,115.35765600019792,116.12139475424142,115.08909626628588,116.08782958984376,17178200,0.0,0.0,0.0
2021-04-30,116.24729033133784,116.43193076733948,115.80247822812792,116.3563995361328,15692000,0.0,0.0,0.0
2021-05-03,116.57746197114471,117.37593519063394,116.2244531633187,116.42617797851562,16447700,0.0,0.0,0.0
2021-05-04,117.24145392563088,117.80458788764446,116.9640871398588,117.21623992919922,18639700,0.0,0.0,0.0
2021-05-05,116.85483513344964,117.54405200406124,116.76237952458771,117.4095687866211,11127900,0.0,0.0,0.0
2021-05-06,117.0397179594052,117.8297906389265,116.99769036102214,117.60285186767578,21907600,0.0,0.0,0.0
2021-05-07,117.75417076968834,118.1744211823924,116.7539727354487,117.0229263305664,18346900,0.0,0.0,0.0
2021-05-10,116.78758679888227,117.03973961080456,115.72856037883832,115.83782958984376,15146200,0.0,0.0,0.0
2021-05-11,115.341932938039,115.55205815943565,114.95530971268356,115.18223571777344,15158600,0.0,0.0,0.0
2021-05-12,114.87123771654832,114.98050691972344,113.7701837692489,113.97190856933594,20859400,0.0,0.0,0.0
2021-05-13,114.2493011510152,114.6191236636619,113.99716109696352,114.14844512939452,13073900,0.0,0.0,0.0
2021-05-14,114.75355762900296,115.21583557128906,114.49300446835696,115.21583557128906,17566700,0.0,0.0,0.0
2021-05-17,115.00574178161555,115.29150901481653,114.78721616064296,114.97211456298828,6113800,0.0,0.0,0.0
2021-05-18,114.64427501616456,114.78717140207212,114.36692110828116,114.67790222167967,11423100,0.0,0.0,0.0
2021-05-19,114.76199825492422,115.40078720823551,113.98873889172958,114.4005889892578,14296000,0.0,0.0,0.0
2021-05-20,114.94689015427316,115.5604650009194,114.87124815674966,115.34192657470705,13310500,0.0,0.0,0.0
2021-05-21,115.70339159768292,115.73700600073104,115.19908577675275,115.7117919921875,10171600,0.0,0.0,0.0
2021-05-24,115.98072697461508,116.47661944114812,115.89667175230974,116.14041137695312,6868700,0.0,0.0,0.0
2021-05-25,116.51862276953428,117.24985431610024,116.51020955404132,117.21623992919922,12346900,0.0,0.0,0.0
2021-05-26,117.32550756971769,117.59447399084368,116.72875916350978,117.0145263671875,9793700,0.0,0.0,0.0
2021-05-27,116.40935530132312,116.56905249778362,115.98070453057952,116.54383850097656,10695200,0.0,0.0,0.0
2021-05-28,116.47666319068274,117.08182510851096,116.2749382763963,116.35899353027344,10258000,0.0,0.0,0.0
2021-06-01,116.0045961344816,116.37493812193908,115.5248147825322,116.3328628540039,11778500,0.0,0.0,0.0
2021-06-02,116.61902592137484,116.82102827970752,116.42543604681047,116.60218811035156,7347900,0.0,0.0,0.0
2021-06-03,116.58532212738903,116.58532212738903,116.0298029327244,116.16446685791016,10994000,0.0,0.0,0.0
2021-06-04,116.59383368328297,117.75538635253906,116.59383368328297,117.75538635253906,15773700,0.0,0.0,0.0
2021-06-07,117.49444146186949,117.5954555206482,117.26718872747271,117.39344024658205,7799800,0.0,0.0,0.0
2021-06-08,118.39501133000466,118.39501133000466,118.01624414389266,118.21824645996094,11230900,0.0,0.0,0.0
2021-06-09,119.32090647971184,119.6491731452212,118.89163863819536,119.26199340820312,12768300,0.0,0.0,0.0
2021-06-10,118.53815189896105,119.99430821273847,118.41188755327588,119.97747039794922,19698300,0.0,0.0,0.0
2021-06-11,119.78385162353516,119.85960250660376,119.38824655397282,119.78385162353516,8646700,0.0,0.0,0.0
2021-06-14,119.60711897236926,119.60711897236926,118.68964436909332,118.8664093017578,9401300,0.0,0.0,0.0
2021-06-15,118.51287705945356,118.75696752765398,118.2435234525554,118.72330474853516,18207300,0.0,0.0,0.0
2021-06-16,119.0179425797289,119.2452081694259,118.01631717460312,118.6223373413086,19676300,0.0,0.0,0.0
2021-06-17,119.40508008314372,121.98912524633327,119.21990270218063,120.3982925415039,35225800,0.0,0.0,0.0
2021-06-18,121.44202051031348,122.92342673990572,121.30734371394524,122.6624984741211,26616900,0.0,0.0,0.0
2021-06-21,121.53456732675065,121.61874350634882,120.38142815844976,120.60868072509766,16485000,0.0,0.0,0.0
2021-06-22,119.66598194425532,120.93696019366224,119.62389384996064,120.9032974243164,14530200,0.0,0.0,0.0
2021-06-23,120.45720402041712,120.785470639426,120.12052491909472,120.59188079833984,12040900,0.0,0.0,0.0
2021-06-24,120.71814591737986,121.12216345340384,120.64239503752896,120.78548431396484,8788400,0.0,0.0,0.0
2021-06-25,120.58343383354644,120.70127278221123,118.9926016048307,119.5312957763672,15562200,0.0,0.0,0.0
2021-06-28,120.12895560421155,121.03800472770902,120.11211779354872,120.76023864746094,11460700,0.0,0.0,0.0
2021-06-29,120.44885129969586,120.970708018714,120.39833785029889,120.96229553222656,11217900,0.0,0.0,0.0
2021-06-30,121.41678508480122,121.98914227422632,121.26528330294909,121.50096130371094,15708900,0.0,0.0,0.0
2021-07-01,121.34753953085344,121.6256678224735,120.9682783550932,121.50767517089844,10810000,0.0,0.0,0.0
2021-07-02,121.55825588135556,122.24092864990234,121.45712298534448,122.24092864990234,9650200,0.0,0.0,0.0
2021-07-06,122.8140151789169,123.88438522207296,122.8140151789169,123.6736831665039,20037200,0.0,0.0,0.0
2021-07-07,124.37319440240978,125.20756617014908,124.07820643064032,124.76930236816406,20964400,0.0,0.0,0.0
2021-07-08,125.47729419449465,125.94926474865451,124.87889468889207,125.2581558227539,17487800,0.0,0.0,0.0
2021-07-09,123.78327878984015,123.884424553584,123.46302030865613,123.4967269897461,14483600,0.0,0.0,0.0
2021-07-12,123.96873834963256,124.08673106250588,123.19335582785912,123.33663177490234,10610400,0.0,0.0,0.0
2021-07-13,123.74115319631534,124.28055013521586,121.90382393365462,122.39265441894533,23340200,0.0,0.0,0.0
2021-07-14,123.05842567597396,123.82538425573958,122.88986660113932,123.78324127197266,16038600,0.0,0.0,0.0
2021-07-15,124.6934588716392,125.24129186617202,123.91807694390928,125.1485824584961,18462400,0.0,0.0,0.0
2021-07-16,124.17936101298474,125.02216923953178,124.16251410782152,124.91261291503906,12787900,0.0,0.0,0.0
2021-07-19,127.22189299340468,128.0647011786677,126.94376474904,127.6517333984375,40203900,0.0,0.0,0.0
2021-07-20,128.5535767080992,128.70528892215577,126.21899361250225,126.42127227783205,25674800,0.0,0.0,0.0
2021-07-21,124.8873749203234,125.15707985116654,123.6147385360346,124.81996154785156,19988900,0.0,0.0,0.0
2021-07-22,124.8283443285065,126.26111594107888,124.78620133926488,125.99984741210938,18136900,0.0,0.0,0.0
2021-07-23,124.68512602990512,125.29194934654396,124.64298302120284,125.15709686279295,12639300,0.0,0.0,0.0
2021-07-26,125.57848944581512,125.62905590741671,124.63454786861314,124.78624725341795,10737700,0.0,0.0,0.0
2021-07-27,125.8565674779916,126.15997898641768,125.57001573676538,126.11783599853516,13036500,0.0,0.0,0.0
2021-07-28,125.30031788395895,126.14312624763144,124.963199682584,126.1262664794922,14346700,0.0,0.0,0.0
2021-07-29,125.3930535279625,125.76389134312832,125.18235139300351,125.42677307128906,11532000,0.0,0.0,0.0
2021-07-30,125.68798319322164,126.18523691395433,125.62898044996604,126.01667785644533,14342100,0.0,0.0,0.0
2021-08-02,126.1112057534216,127.61323182823304,125.88336657607846,127.14068603515624,21232700,0.0,0.0,0.0
2021-08-03,127.2081832885742,127.61322066493588,126.90440203732643,127.20818328857422,13361900,0.0,0.0,0.0
2021-08-04,127.84109257820408,128.11112614890476,126.33906624993224,127.46980285644533,18267900,0.0,0.0,0.0
2021-08-05,127.21665688280468,127.35167367588129,126.57534642955588,126.82005310058594,15345400,0.0,0.0,0.0
2021-08-06,125.15766652420666,125.52894326609996,124.62604612818478,124.70198822021484,21144300,0.0,0.0,0.0
2021-08-09,125.01420744016438,125.36018303906978,124.2378804291929,124.2547607421875,12942400,0.0,0.0,0.0
2021-08-10,124.45733470081476,124.5248431033737,123.67256078748952,123.6810073852539,13716900,0.0,0.0,0.0
2021-08-11,123.54597970431094,124.23791823678356,122.95529732880746,123.60504150390624,17227600,0.0,0.0,0.0
2021-08-12,123.2759514073104,123.57129904568984,122.71901676826326,123.40253448486328,14709400,0.0,0.0,0.0
2021-08-13,123.90039299903712,125.36022510321006,123.8835126803784,125.35179138183594,18653800,0.0,0.0,0.0
2021-08-16,125.89180571946714,126.5921906484303,125.57114414632808,125.65553283691406,19170900,0.0,0.0,0.0
2021-08-17,125.6302716232036,126.12813162961776,125.45306044883137,125.6049575805664,14126900,0.0,0.0,0.0
2021-08-18,125.48676320146237,126.1280734456158,125.26735776527116,126.02681732177734,13144000,0.0,0.0,0.0
2021-08-19,126.83693402008085,126.96351709265662,126.41501619664852,126.95507049560548,15474300,0.0,0.0,0.0
2021-08-20,127.07324514610082,127.25889007425477,126.6682075191804,127.03949737548828,12388400,0.0,0.0,0.0
2021-08-23,126.7441115838893,126.99726485313074,126.50783863284002,126.95507049560548,10615000,0.0,0.0,0.0
2021-08-24,126.37281856163004,126.63441842113797,125.96778106689452,125.96778106689452,13835900,0.0,0.0,0.0
2021-08-25,125.90871622448476,126.04372013552602,124.53326006873156,124.92141723632812,16743800,0.0,0.0,0.0
2021-08-26,124.86234231836262,125.36864877826818,124.47417231564728,125.2673797607422,16657400,0.0,0.0,0.0
2021-08-27,125.36863876032736,126.14496582781526,125.16611361736686,126.1196517944336,15384700,0.0,0.0,0.0
2021-08-30,125.72308466276012,126.49096535847578,125.67244370536372,126.44878387451172,10596300,0.0,0.0,0.0
2021-08-31,126.29683127657393,126.65124056720464,125.30954549355152,125.5880126953125,15262400,0.0,0.0,0.0
2021-09-01,126.11954665886157,126.22093159453382,125.46051879242007,125.79847717285156,10807100,0.0,0.0,0.0
2021-09-02,126.09415585343996,126.35607543953444,125.6801460253118,126.34761810302734,9765900,0.0,0.0,0.0
2021-09-03,125.27457603163,125.47734580297104,124.99575470375665,125.19852447509766,12928000,0.0,0.0,0.0
2021-09-07,124.42125459370514,124.64093911395804,123.91431709248074,124.1424331665039,15547800,0.0,0.0,0.0
2021-09-08,124.75919629685325,125.2069967851608,124.53106738453094,124.98731231689452,14533700,0.0,0.0,0.0
2021-09-09,125.19010679267166,126.64335062856502,124.91974274233084,126.49971771240234,20324600,0.0,0.0,0.0
2021-09-10,125.80683829716084,126.03496714361768,125.18161441822494,125.38438415527344,14894600,0.0,0.0,0.0
2021-09-13,125.92515958989,126.30537873602896,125.84912091757457,126.14484405517578,15036100,0.0,0.0,0.0
2021-09-14,126.50816291958164,128.0628045644679,126.38143178463982,127.67414093017578,19918400,0.0,0.0,0.0
2021-09-15,127.75862247980788,127.79241314787151,126.67712771755896,127.22632598876952,11940300,0.0,0.0,0.0
2021-09-16,126.45745253531156,127.1164801281308,126.31381963864898,126.6433334350586,13328900,0.0,0.0,0.0
2021-09-17,126.04341758655124,126.1955077888564,125.63786520086737,126.03497314453124,13782900,0.0,0.0,0.0
2021-09-20,127.21790768150927,127.89382431989456,126.9306289286837,127.59811401367188,14660400,0.0,0.0,0.0
2021-09-21,127.33616576125792,127.54739288634694,126.9052541750168,127.48824310302734,10035800,0.0,0.0,0.0
2021-09-22,127.40368808241352,128.24859619140625,127.10797797963085,128.24859619140625,22277800,0.0,0.0,0.0
2021-09-23,127.09108709902412,127.11643331308404,125.33367653464028,125.35057830810548,23853300,0.0,0.0,0.0
2021-09-24,124.91127756598436,124.91973490258697,123.9818858916796,124.12551879882812,20203900,0.0,0.0,0.0
2021-09-27,123.40730808169832,124.09168176326506,123.25523077125146,123.66922760009766,13464300,0.0,0.0,0.0
2021-09-28,121.9456492037392,122.5708861547084,121.36266025756056,121.74286651611328,26613500,0.0,0.0,0.0
2021-09-29,122.34274987518504,122.87503344819238,121.40490095134903,121.95408630371094,23569400,0.0,0.0,0.0
2021-09-30,121.75135202093232,122.09775479888428,121.37113278213076,121.9372329711914,22567600,0.0,0.0,0.0
2021-10-01,122.54044150654715,123.00572106563422,121.99054571425025,122.96343231201172,26151800,0.0,0.0,0.0
2021-10-04,122.3881079808223,123.05644040859188,121.9059053725762,122.65036010742188,28027600,0.0,0.0,0.0
2021-10-05,122.32889263961587,122.41348301854536,121.3644745410046,121.46598815917967,22659200,0.0,0.0,0.0
2021-10-06,122.01593835134658,122.43047403613348,121.84674459117151,122.15129852294922,18696500,0.0,0.0,0.0
2021-10-07,121.13606959267864,121.262961629645,120.62847562751168,120.87381744384766,14856000,0.0,0.0,0.0
2021-10-08,120.3492732007136,120.42542131443729,119.73171057846332,120.0278091430664,17257800,0.0,0.0,0.0
2021-10-11,119.79096954973696,120.04475363888837,119.66406459650976,119.7232894897461,7213400,0.0,0.0,0.0
2021-10-12,120.66227476235792,121.82971977029948,120.53536986653783,121.7705078125,17968700,0.0,0.0,0.0
2021-10-13,122.3373399966946,123.1156411398767,122.31196159377062,122.95490264892578,23584600,0.0,0.0,0.0
2021-10-14,122.98029969045592,123.47943847712246,122.62498908702158,123.41175842285156,12946400,0.0,0.0,0.0
2021-10-15,122.66727906634684,122.78571592289252,122.2189100445204,122.69265747070312,11811500,0.0,0.0,0.0
2021-10-18,122.66729191640266,123.51327323996406,122.26122449551536,123.2679443359375,12115900,0.0,0.0,0.0
2021-10-19,122.37964489454384,122.43885686672608,121.52519561120276,121.56749725341795,12156300,0.0,0.0,0.0
2021-10-20,121.18681633850416,121.5505820866843,120.5607855546329,120.74690246582033,12782500,0.0,0.0,0.0
2021-10-21,120.97529159315204,121.1021835887072,120.32388256246018,120.60305786132812,13660000,0.0,0.0,0.0
2021-10-22,121.3560536397006,122.1597335495024,121.15302632443112,121.93132781982422,13740000,0.0,0.0,0.0
2021-10-25,121.54213043646216,122.07510278015472,121.50829686465394,121.74517059326172,8137900,0.0,0.0,0.0
2021-10-26,122.34584218725686,122.75192260742188,121.60138723426122,122.75192260742188,13671000,0.0,0.0,0.0
2021-10-27,123.85163545582,125.3574808732806,123.45402328179576,124.98526000976562,22092300,0.0,0.0,0.0
2021-10-28,125.02755043101112,125.48438748798748,124.22387090769116,124.56227111816406,17497600,0.0,0.0,0.0
2021-10-29,123.91084944056644,125.20519945630816,123.78395744241404,124.94294738769533,19087300,0.0,0.0,0.0
2021-11-01,123.50122525747057,124.3143947942144,123.41651417339038,124.04334259033205,18035500,0.0,0.0,0.0
2021-11-02,124.09417128559112,125.00053082257706,124.09417128559112,124.59393310546876,9836700,0.0,0.0,0.0
2021-11-03,125.21231040372058,125.34783006699324,123.2725373923107,123.30642700195312,20639400,0.0,0.0,0.0
2021-11-04,123.56050214403444,124.82262480870456,123.54357026873907,124.6023941040039,15922400,0.0,0.0,0.0
2021-11-05,125.80528277156805,126.70316378934272,125.4749300777622,126.46598815917967,21513000,0.0,0.0,0.0
2021-11-08,126.1779840419278,126.44903635063837,125.79679694124158,126.2288055419922,12083800,0.0,0.0,0.0
2021-11-09,127.73653010890814,128.55817856797017,127.6009975347108,127.87206268310548,23430200,0.0,0.0,0.0
2021-11-10,127.76197297064066,127.84667115698409,124.54314461226907,125.5342025756836,28170600,0.0,0.0,0.0
2021-11-11,125.7968027484144,125.92386942954283,125.27162999003669,125.34786224365234,5552500,0.0,0.0,0.0
2021-11-12,125.36480001541103,125.79679568675188,124.3144416325156,124.79727172851562,12712000,0.0,0.0,0.0
2021-11-15,124.42455091097976,124.48385127119892,123.0099633076264,123.23019409179688,15232700,0.0,0.0,0.0
2021-11-16,123.40814346055534,123.99261678645456,122.69661633559396,122.9168472290039,12998700,0.0,0.0,0.0
2021-11-17,122.4593726288683,123.91630277451112,122.3661955862592,123.8908920288086,14239900,0.0,0.0,0.0
2021-11-18,123.66219906046778,124.43301324527432,123.62830944843896,124.35678100585938,11054600,0.0,0.0,0.0
2021-11-19,125.00903344173716,125.87303768773762,125.00903344173716,125.66973876953124,14022100,0.0,0.0,0.0
2021-11-22,124.8565365234424,125.05983540990036,123.78078051098797,124.19583129882812,15266000,0.0,0.0,0.0
2021-11-23,123.6113742084394,123.76385162416908,122.40008544921876,122.40008544921876,15318500,0.0,0.0,0.0
2021-11-24,122.7728644325413,124.36534118652344,122.64579769200172,124.36534118652344,13769700,0.0,0.0,0.0
2021-11-26,126.06787487944358,127.6349272981209,125.93234224887924,127.50787353515624,20064800,0.0,0.0,0.0
2021-11-29,125.62735677286403,126.75394713958872,125.50876899347718,126.48289489746094,23234200,0.0,0.0,0.0
2021-11-30,127.7619858932134,128.81234432589835,127.2706898323657,128.40574645996094,31481100,0.0,0.0,0.0
2021-12-01,127.62893415455156,129.25726368433095,127.03526142800872,129.19789123535156,30826500,0.0,0.0,0.0
2021-12-02,129.6982086011123,129.7491047972833,127.85785753422526,129.35897827148438,17754200,0.0,0.0,0.0
2021-12-03,128.6381031103406,131.55553065599804,128.3582451939517,130.9025115966797,34427100,0.0,0.0,0.0
2021-12-06,130.64812735981442,130.9025566758672,128.85016968297066,129.10459899902344,30924200,0.0,0.0,0.0
2021-12-07,128.67210296074248,129.3590531875996,127.94274568292064,128.0614776611328,22115900,0.0,0.0,0.0
2021-12-08,127.61194217452946,127.62041840512734,125.82247401681032,125.84791564941406,33633900,0.0,0.0,0.0
2021-12-09,126.65360827487724,127.07765277528124,125.92425121654988,126.55184173583984,17544900,0.0,0.0,0.0
2021-12-10,127.14543173838616,127.41682628143695,126.2040529459853,126.2464599609375,14298700,0.0,0.0,0.0
2021-12-13,127.54402592393257,128.32426577223464,127.47617729267108,128.11224365234375,17860500,0.0,0.0,0.0
2021-12-14,127.52710546858684,128.0020331139677,126.62813343400056,127.80697631835938,14015500,0.0,0.0,0.0
2021-12-15,126.88261362589846,127.88335257484395,126.475534472159,126.57730102539062,25383900,0.0,0.0,0.0
2021-12-16,126.29540657398648,127.25483128730004,126.2784220514744,126.62653350830078,18677900,0.0,0.0,0.0
2021-12-17,127.64538004938494,128.18876815177285,127.49255821842942,128.06141662597656,18093500,0.0,0.0,0.0
2021-12-20,127.9934431799684,128.22268879526246,127.01704730303985,127.10194396972656,17147300,0.0,0.0,0.0
2021-12-21,125.77748306372474,126.67746838519714,125.335976186163,126.6180419921875,16598200,0.0,0.0,0.0
2021-12-22,127.12745644267896,127.23783639692113,126.52464197426502,127.2038803100586,12253900,0.0,0.0,0.0
2021-12-23,127.00856088530752,127.017059621573,125.68405356695683,126.10009002685548,11642500,0.0,0.0,0.0
2021-12-27,126.0492025877372,126.5161668852016,125.93033682840873,126.40579986572266,7821800,0.0,0.0,0.0
2021-12-28,127.01703647754312,127.16985823778808,125.6670461517711,125.90477752685548,9174600,0.0,0.0,0.0
2021-12-29,124.73314854219105,125.0727612088744,124.3086262311404,124.52937316894533,11771200,0.0,0.0,0.0
2021-12-30,125.02184129641316,125.6331545619342,124.34260289523483,125.57371520996094,10355000,0.0,0.0,0.0
2021-12-31,125.4972823018862,126.53311776722764,125.17464120289348,125.8199234008789,13402300,0.0,0.0,0.0
2022-01-03,124.30858924029158,124.75858171966831,122.5001205876412,122.51710510253906,33860400,0.0,0.0,0.0
2022-01-04,121.93129478423448,122.37280160106492,121.19263013244289,122.00770568847656,21996400,0.0,0.0,0.0
2022-01-05,122.38129448664472,122.3982790070374,121.1671668641279,121.345458984375,20911700,0.0,0.0,0.0
2022-01-06,121.06526306229162,121.78695613452383,120.81054709824542,121.65959167480467,18996400,0.0,0.0,0.0
2022-01-07,121.5236961582201,121.61709153510512,120.1906905931693,120.78501892089844,18756800,0.0,0.0,0.0
2022-01-10,120.26720944365934,121.2521046741404,120.02099211373783,121.0822982788086,13775800,0.0,0.0,0.0
2022-01-11,121.3115639562281,121.94834775982464,121.1587291065571,121.88890838623048,24388700,0.0,0.0,0.0
2022-01-12,122.17750121621752,122.27089663161053,121.4133663305593,121.4218521118164,14440600,0.0,0.0,0.0
2022-01-13,121.7444730905727,122.61898776525848,121.43881659565608,122.5001220703125,15166000,0.0,0.0,0.0
2022-01-14,121.76993988102817,121.80390891025743,120.38599343618128,120.64920806884766,22997500,0.0,0.0,0.0
2022-01-18,119.68130480377324,119.9784625717299,118.883200991714,118.9511260986328,21171700,0.0,0.0,0.0
2022-01-19,119.3162051320046,120.3180842325638,119.12941433283916,119.77469635009766,17930500,0.0,0.0,0.0
2022-01-20,120.02942036014328,120.5558367753384,119.79168892956147,120.5133819580078,13959000,0.0,0.0,0.0
2022-01-21,121.75302121683136,122.34736295129642,121.13322212975874,121.94831085205078,28916600,0.0,0.0,0.0
2022-01-24,122.51712577530104,122.57655215438744,120.92940372686516,120.9463882446289,25001600,0.0,0.0,0.0
2022-01-25,121.50673229527112,122.01616406582852,120.3944863167885,120.75108337402344,15599000,0.0,0.0,0.0
2022-01-26,120.78507765641127,121.048292359546,119.28227807309568,119.29076385498048,23655500,0.0,0.0,0.0
2022-01-27,120.91246481968464,121.72754051699827,120.84453968567608,121.4813232421875,21501800,0.0,0.0,0.0
2022-01-28,120.64071399833196,121.80391361971768,120.43695163663284,121.5237274169922,12826500,0.0,0.0,0.0
2022-01-31,120.7171722031532,121.37094026577924,120.5303942835115,120.89547729492188,13998400,0.0,0.0,0.0
2022-02-01,120.97025788779573,121.03827758288436,119.93298024119682,120.49413299560548,20806100,0.0,0.0,0.0
2022-02-02,120.68973357043566,122.067110286613,120.6727253959694,120.90229034423828,18404600,0.0,0.0,0.0
2022-02-03,119.40583867465122,120.29006872583273,119.18477143178352,119.95848083496094,17234100,0.0,0.0,0.0
2022-02-04,118.9042333921958,119.15079347708406,117.99448441073282,118.19003295898438,23609800,0.0,0.0,0.0
2022-02-07,118.10501823364608,118.44510379402476,117.79893603993224,118.26656341552734,12962400,0.0,0.0,0.0
2022-02-08,117.50988457172431,117.82446442412832,117.17829654600698,117.47586822509766,16269200,0.0,0.0,0.0
2022-02-09,117.94344953540772,118.49609170419173,117.49283041970878,117.6968765258789,14349100,0.0,0.0,0.0
2022-02-10,117.04221648600398,117.1867534754171,115.49479758740956,115.82638549804688,30896200,0.0,0.0,0.0
2022-02-11,116.3705517441223,117.76492334229478,115.08671379453632,117.54386901855467,43210300,0.0,0.0,0.0
2022-02-14,116.59159263023444,117.11023144109922,115.60532653524076,116.08145141601562,23157400,0.0,0.0,0.0
2022-02-15,115.2907986046041,115.49484480322506,114.72964561152486,114.7636489868164,18198500,0.0,0.0,0.0
2022-02-16,115.5883541669976,115.6903902255006,114.3640252524337,115.44381713867188,16473700,0.0,0.0,0.0
2022-02-17,116.0134619682548,116.96572495149762,115.54583456221144,116.3025360107422,24508200,0.0,0.0,0.0
2022-02-18,116.92324720326714,117.64593253318884,116.61716489487752,117.5269012451172,17522600,0.0,0.0,0.0
2022-02-22,117.06771741251124,117.90093595316624,116.88066649901708,117.83291625976562,19534000,0.0,0.0,0.0
2022-02-23,117.05921879859736,117.20376877023138,116.11547951152627,116.20899200439452,17757800,0.0,0.0,0.0
2022-02-24,118.266591248239,118.49614321747244,115.84343889662348,116.28556060791016,28150400,0.0,0.0,0.0
2022-02-25,116.36208497974376,116.7446845917448,115.7839237878945,116.3705825805664,15025400,0.0,0.0,0.0
2022-02-28,117.6969128516388,119.06577878787738,117.60340033973593,118.9212417602539,25817700,0.0,0.0,0.0
2022-03-01,119.49589925310194,121.17306558520488,119.18941167488478,120.29617309570312,35664400,0.0,0.0,0.0
2022-03-02,119.05314374834867,119.54692981224426,116.1330105834501,116.18408966064452,30397400,0.0,0.0,0.0
2022-03-03,117.05249630979895,118.08262588047135,116.65235947109116,117.36749267578124,20649100,0.0,0.0,0.0
2022-03-04,119.49590362196568,119.88753170480052,118.60198040359852,119.39374542236328,25853100,0.0,0.0,0.0
2022-03-07,118.4402178404606,119.734277957391,118.1422521033524,118.4827880859375,23710900,0.0,0.0,0.0
2022-03-08,117.06952587002962,117.69953165642086,116.84817880537985,117.29088592529295,28331300,0.0,0.0,0.0
2022-03-09,116.69493527463004,116.9247911788526,115.89466155903568,116.14154815673828,18819200,0.0,0.0,0.0
2022-03-10,114.78791206266452,115.07736892838732,113.84290983229896,114.47291564941406,26868900,0.0,0.0,0.0
2022-03-11,114.36223944272147,115.31575055729412,114.26008124919288,114.85602569580078,15583800,0.0,0.0,0.0
2022-03-14,112.97453687328309,113.13629601658612,112.14021459745284,112.17426300048828,24385000,0.0,0.0,0.0
2022-03-15,113.11075559360997,113.35764223790372,111.68899769912272,111.97845458984376,17518800,0.0,0.0,0.0
2022-03-16,112.23383153884237,113.34059268186311,110.9482935979267,113.07667541503906,25857700,0.0,0.0,0.0
2022-03-17,113.07670794926467,113.51940214135482,111.586840248624,112.2338638305664,19330600,0.0,0.0,0.0
2022-03-18,112.86387264550872,113.68967309828882,112.86387264550872,113.60454559326172,55891700,0.0,0.0,0.0
2022-03-21,111.76561369852791,112.09764082780438,110.46304473054984,110.97386169433594,26122000,0.0,0.0,0.0
2022-03-22,109.790453703886,110.11395890745555,109.26260617801996,109.55206298828124,21830900,0.0,0.0,0.0
2022-03-23,110.13953296734664,112.03805950221856,109.70534761588289,111.95291900634766,21266100,0.0,0.0,0.0
2022-03-24,110.37789605832693,111.68046492975652,110.33533880667834,111.07601165771484,17141600,0.0,0.0,0.0
2022-03-25,110.2501826405603,110.26721333316578,108.67518133047064,109.53504943847656,25684500,0.0,0.0,0.0
2022-03-28,110.15655356505911,111.1526349204684,109.85857484744656,110.47154998779295,17657800,0.0,0.0,0.0
2022-03-29,111.15262741550036,111.99547142422192,110.45452482483915,111.30587768554688,19319700,0.0,0.0,0.0
2022-03-30,110.73548738881718,112.3871012436522,110.66737759213088,112.17426300048828,16310200,0.0,0.0,0.0
2022-03-31,112.361568180772,112.94900384431772,112.08914196891403,112.44670867919922,19901000,0.0,0.0,0.0
2022-04-01,110.85388965688703,113.36923725708648,110.59810306273852,112.87469482421876,23489700,0.0,0.0,0.0
2022-04-04,112.49100007413192,112.5336355142234,111.45077079685625,112.09026336669922,13609900,0.0,0.0,0.0
2022-04-05,111.49338262117578,111.51043939769184,109.38731958398112,109.557861328125,25196900,0.0,0.0,0.0
2022-04-06,107.80144278449896,109.39591398283736,107.77586411106569,108.67115020751952,22952000,0.0,0.0,0.0
2022-04-07,107.52856990608264,108.00605572271137,106.93171263529672,107.85257720947266,23458800,0.0,0.0,0.0
2022-04-08,106.9658430621757,107.28985696131156,105.95118541846952,106.6844711303711,26859200,0.0,0.0,0.0
2022-04-11,105.66127977306547,105.89150086242933,104.50166544845918,104.99620819091795,30020700,0.0,0.0,0.0
2022-04-12,105.77209018298434,105.86588296163856,104.59541950723352,104.8512191772461,23124200,0.0,0.0,0.0
2022-04-13,104.91942672956372,105.98524777921286,104.78299851268602,105.06437683105467,17189500,0.0,0.0,0.0
2022-04-14,104.75744272151762,104.81712845311978,102.64285043499233,102.95833587646484,34274500,0.0,0.0,0.0
2022-04-18,103.06063792347,103.23969508502624,102.05450255954288,102.44672393798828,18784300,0.0,0.0,0.0
2022-04-19,101.5940645348805,102.0800786770478,101.18478638635544,101.67932891845705,26012300,0.0,0.0,0.0
2022-04-20,102.50644614002624,103.998596189299,102.25064638661914,103.72574615478516,31423200,0.0,0.0,0.0
2022-04-21,103.02654999979784,103.09476412313086,101.61113621429377,102.95833587646484,23323200,0.0,0.0,0.0
2022-04-22,102.3785015807572,103.54664373710833,102.15680899157816,102.31028747558594,19773400,0.0,0.0,0.0
2022-04-25,103.49550412927442,104.1861607215888,103.28233987966335,103.33350372314452,25418900,0.0,0.0,0.0
2022-04-26,104.39932744901624,104.90239196751492,103.8195204161027,104.37374877929688,26931300,0.0,0.0,0.0
2022-04-27,104.18615680611089,104.2969998698506,102.97537896982789,103.03506469726562,14560500,0.0,0.0,0.0
2022-04-28,102.65135849026228,103.23116541321248,102.32735122650548,103.18852996826172,16892500,0.0,0.0,0.0
2022-04-29,101.7305125642646,103.14592641776008,101.55998375299735,101.84988403320312,26153400,0.0,0.0,0.0
2022-05-02,100.66522855119926,101.0154096484722,99.87090738381092,100.08443450927734,29233900,0.0,0.0,0.0
2022-05-03,101.67304317777425,101.9036495297334,100.69081742260003,100.75914764404295,21256700,0.0,0.0,0.0
2022-05-04,100.75918210733344,101.61329061852037,100.22963248451846,101.3143539428711,25575700,0.0,0.0,0.0
2022-05-05,99.37552828231092,99.47802365397668,97.38545380103524,98.53850555419922,48384500,0.0,0.0,0.0
2022-05-06,97.48790342953488,98.25660206551257,96.77899210322612,97.0864715576172,32790500,0.0,0.0,0.0
2022-05-09,96.39467110005322,97.97477028031273,96.18968691595197,97.94060516357422,26773000,0.0,0.0,0.0
2022-05-10,98.98262007979972,99.89651578983582,98.63243903092427,98.8288803100586,33640800,0.0,0.0,0.0
2022-05-11,98.00040012043792,100.73355102539062,97.74417149944033,100.73355102539062,34173600,0.0,0.0,0.0
2022-05-12,100.80186764101865,101.544944273816,100.49439462076536,100.54563903808594,26405700,0.0,0.0,0.0
2022-05-13,99.9136101044138,100.0588069780935,98.99117140751277,99.05950164794922,20782700,0.0,0.0,0.0
2022-05-16,99.25591441481193,99.87941627600424,98.9484349375566,98.95697784423828,11050600,0.0,0.0,0.0
2022-05-17,97.97478811757112,98.52141705224668,97.67585143709712,97.76126098632812,15040800,0.0,0.0,0.0
2022-05-18,97.983349205949,99.93071596156116,97.8893967294649,99.84530639648438,21337300,0.0,0.0,0.0
2022-05-19,101.3314321400416,101.39976238411025,99.80257713974228,100.08443450927734,21937500,0.0,0.0,0.0
2022-05-20,100.00755141531432,101.65598092072184,99.98192920541798,101.22039031982422,22780900,0.0,0.0,0.0
2022-05-23,100.53712736359458,100.99834681175606,99.53782181741056,99.55490112304688,15925200,0.0,0.0,0.0
2022-05-24,100.6993895395691,102.18553644723715,100.66522441893724,101.5193328857422,23388200,0.0,0.0,0.0
2022-05-25,102.15991807487238,102.168460984434,101.288723756848,101.92076873779295,14410800,0.0,0.0,0.0
2022-05-26,101.65597496665906,101.71576229169204,100.6139682327026,101.45953369140624,14912900,0.0,0.0,0.0
2022-05-27,101.94639421779164,102.27095311189797,101.41684458562044,101.70724487304688,11190400,0.0,0.0,0.0
2022-05-31,100.08445082641713,100.12715886500555,99.01681502502436,99.55490112304688,28393700,0.0,0.0,0.0
2022-06-01,100.13412703167772,100.39936957833686,98.9875888370276,99.44107055664062,15544800,0.0,0.0,0.0
2022-06-02,99.79189250930496,99.86034431684304,98.79080930377438,99.49242401123048,9832000,0.0,0.0,0.0
2022-06-03,98.47421867689442,99.30417884166788,98.28598600935278,99.27851104736328,15330400,0.0,0.0,0.0
2022-06-06,98.5255878592544,98.83361453137394,97.3790426846038,97.44749450683594,20815400,0.0,0.0,0.0
2022-06-07,98.0635438874742,99.06462726743774,98.03787608715588,98.49991607666016,14278700,0.0,0.0,0.0
2022-06-08,98.123401949413,98.5084318701566,97.61002654578073,97.62713623046876,11476100,0.0,0.0,0.0
2022-06-09,97.40467789986812,98.14907652977756,97.26778082912692,97.95228576660156,15527300,0.0,0.0,0.0
2022-06-10,97.849619144368,98.06352614555315,96.66029674001248,97.34479522705078,21917100,0.0,0.0,0.0
2022-06-13,95.39396785842212,95.54798116594256,93.46880477837868,94.29020690917967,36968300,0.0,0.0,0.0
2022-06-14,94.57254923409188,94.9575856997042,92.91262904563244,93.10086822509766,21865900,0.0,0.0,0.0
2022-06-15,94.19608568599526,94.96615221037789,93.28912207279112,94.83780670166016,25202800,0.0,0.0,0.0
2022-06-16,92.79285952419768,95.59076690673828,92.51050722857644,95.59076690673828,26067300,0.0,0.0,0.0
2022-06-17,95.83890237749183,96.5405171369153,94.94049028880092,95.89879608154295,21614300,0.0,0.0,0.0
2022-06-21,94.19608426201012,94.99181857052226,93.9565094642514,94.2730941772461,17663800,0.0,0.0,0.0
2022-06-22,96.42072266877766,96.95120785783791,96.15547354632383,96.86564636230467,23703800,0.0,0.0,0.0
2022-06-23,97.45602045273137,98.54266502835463,97.10520987551511,97.66136932373048,20669200,0.0,0.0,0.0
2022-06-24,97.07955290112623,97.6870480028096,96.2581507976703,96.30948638916016,18161300,0.0,0.0,0.0
2022-06-27,95.16293139103422,96.01855924885264,95.11159580850033,95.48806762695312,12053000,0.0,0.0,0.0
2022-06-28,95.22284868070491,95.98435714066746,94.86348645805556,95.93302154541016,13706600,0.0,0.0,0.0
2022-06-29,96.15547604620544,97.4560343126482,95.97579494253714,97.43036651611328,12925400,0.0,0.0,0.0
2022-06-30,98.27741448897356,99.0560324309482,98.18329490408662,98.28597259521484,25802100,0.0,0.0,0.0
2022-07-01,99.36363891680318,100.81250890870312,98.78065959068373,99.29505157470705,21858800,0.0,0.0,0.0
2022-07-05,100.21238634447454,100.94968392229168,99.59511334529284,100.0752182006836,16689700,0.0,0.0,0.0
2022-07-06,100.64103787611344,100.76963749555244,98.39485168457033,98.39485168457033,20205400,0.0,0.0,0.0
2022-07-07,98.67776962369015,98.73778190736664,97.31463066267482,97.52896118164062,13088000,0.0,0.0,0.0
2022-07-08,97.30609100341798,97.30609100341798,96.06297615760006,96.44876861572266,15320000,0.0,0.0,0.0
2022-07-11,97.55469300243963,98.41201519435052,97.47753060392608,98.11195373535156,13639900,0.0,0.0,0.0
2022-07-12,99.02927849964028,99.6465514637685,98.56632377654408,98.6949234008789,18547300,0.0,0.0,0.0
2022-07-13,97.5375215113216,100.00661306883777,97.26317873169178,99.82657623291016,20594800,0.0,0.0,0.0
2022-07-14,98.66063206604468,99.58654153414469,98.13766504466496,99.01213073730467,15665000,0.0,0.0,0.0
2022-07-15,99.31219009389352,100.15236863976082,99.10643461890814,99.56938934326172,16022600,0.0,0.0,0.0
2022-07-18,98.8063710057783,98.8663832905253,97.88903662987488,98.5320281982422,15838300,0.0,0.0,0.0
2022-07-19,98.51487144094357,98.72062688382807,97.4432189705174,98.00047302246094,9276800,0.0,0.0,0.0
2022-07-20,99.00353998002242,99.06355225386778,97.77756935074106,98.2576675415039,9117300,0.0,0.0,0.0
2022-07-21,98.75492410035794,100.06662572481063,98.60060587743128,99.95516967773438,14754900,0.0,0.0,0.0
2022-07-22,101.41263823209302,102.2528102788993,101.13829540485132,101.6355438232422,17715300,0.0,0.0,0.0
2022-07-25,100.05806530493172,100.76964424475138,99.85230982455754,100.64104461669922,24868100,0.0,0.0,0.0
2022-07-26,101.90131051650808,102.2270905763863,100.64962097169322,100.71820831298828,13536000,0.0,0.0,0.0
2022-07-27,101.17261285032934,101.58412391746803,100.05809117353192,100.15239715576172,15725600,0.0,0.0,0.0
2022-07-28,101.20688340690428,101.95274949850588,100.5810353533516,100.9496841430664,16637900,0.0,0.0,0.0
2022-07-29,100.90682813785784,102.28711751001504,100.58962308543713,100.67535400390624,16655900,0.0,0.0,0.0
2022-08-01,101.5625793073458,103.15150629885864,101.41657125224548,103.0999755859375,17974600,0.0,0.0,0.0
2022-08-02,103.19442921633971,103.65822518426688,100.73803198957776,100.91839599609376,17896300,0.0,0.0,0.0
2022-08-03,100.63496560176952,102.62756689163308,99.91350956447106,102.50732421875,16731200,0.0,0.0,0.0
2022-08-04,102.18955885639735,102.67912025931332,101.81164950932704,102.47298431396484,11003000,0.0,0.0,0.0
2022-08-05,100.54907145079224,100.58342743374207,99.5355928883393,100.03374481201172,19492300,0.0,0.0,0.0
2022-08-08,101.03862595783234,101.8030285071348,100.96991399654524,101.64842987060548,17476300,0.0,0.0,0.0
2022-08-09,101.11597764400967,101.6570698581946,100.88407630026153,101.2533950805664,8223200,0.0,0.0,0.0
2022-08-10,101.11595073871617,102.1294294555058,100.25707069237696,100.59203338623048,14665300,0.0,0.0,0.0
2022-08-11,100.37731704086372,100.5404997997687,97.98962492053464,98.2472915649414,20663800,0.0,0.0,0.0
2022-08-12,98.85706095996916,99.26073550334245,98.28161308239696,99.24356079101562,12178400,0.0,0.0,0.0
2022-08-15,99.91352591356464,100.2742539912407,99.15770721435548,99.15770721435548,9031800,0.0,0.0,0.0
2022-08-16,98.98592286881556,99.64725760477928,98.11845220890883,99.56996154785156,11066000,0.0,0.0,0.0
2022-08-17,98.82271669689356,98.85707267835238,98.17855678819092,98.53070068359376,14131300,0.0,0.0,0.0
2022-08-18,98.74543163608746,99.32087964587646,98.41905305229405,98.67671966552734,10738200,0.0,0.0,0.0
2022-08-19,97.2509883743276,97.34545914881473,96.83013244298192,97.08779907226562,16330900,0.0,0.0,0.0
2022-08-22,96.93320222059084,97.01908891438234,96.30621690571688,96.7614288330078,10457200,0.0,0.0,0.0
2022-08-23,96.3577456591988,97.46570160369964,95.97124574214924,96.22891235351562,17813200,0.0,0.0,0.0
2022-08-24,95.75653003335628,96.08290862938352,95.21543798856528,95.5246353149414,13971600,0.0,0.0,0.0
2022-08-25,95.61052260073828,97.13073733761456,95.3270906243384,96.85589599609376,21429700,0.0,0.0,0.0
2022-08-26,96.45223890589465,97.90374183490836,96.20316288784252,97.5859603881836,18764400,0.0,0.0,0.0
2022-08-29,97.00192089094882,97.0620422360254,96.3062235519368,96.7786102294922,14278300,0.0,0.0,0.0
2022-08-30,96.7270726761886,97.49147538924838,96.37492871370269,97.0190887451172,14346600,0.0,0.0,0.0
2022-08-31,96.78721200649636,97.34547889529752,95.833854458587,96.09151458740234,13623500,0.0,0.0,0.0
2022-09-01,94.5646440312838,94.89170605098008,93.76419672438072,94.3322525024414,22490400,0.0,0.0,0.0
2022-09-02,94.40109121484676,95.1585009591719,94.22034593153916,94.8658676147461,13024400,0.0,0.0,0.0
2022-09-06,93.72975061505622,93.78999904340398,92.45591825866394,92.51616668701172,24648500,0.0,0.0,0.0
2022-09-07,93.23057002670429,94.2289803198746,93.13589296212474,93.97937774658205,17050100,0.0,0.0,0.0
2022-09-08,93.67810595268708,94.2633792233546,92.99816220727833,93.01537322998048,14671400,0.0,0.0,0.0
2022-09-09,93.2391719379486,93.64369999008072,92.6366809745181,93.22195434570312,12529800,0.0,0.0,0.0
2022-09-12,93.49736593450902,93.7211486417679,92.02557716353412,92.45592498779295,14806900,0.0,0.0,0.0
2022-09-13,91.71570147598398,92.73132233006255,91.44027920538224,92.67107391357422,22158900,0.0,0.0,0.0
2022-09-14,92.38704174643254,93.13584911377184,92.19769427300618,92.98953247070312,13077800,0.0,0.0,0.0
2022-09-15,92.826020193138,93.11866011506189,92.59363526781624,92.92930603027344,10260200,0.0,0.0,0.0
2022-09-16,92.12024973246892,92.99816292857244,91.89646703608756,92.15467834472656,18903800,0.0,0.0,0.0
2022-09-19,92.05999922196229,92.80019795230562,91.92229134263056,92.3698501586914,11084400,0.0,0.0,0.0
2022-09-20,90.96689575077856,91.9566901729475,90.7172933055044,91.44888305664062,20133800,0.0,0.0,0.0
2022-09-21,91.83619247710703,92.98952767653896,91.20788854028254,92.98091888427734,23132900,0.0,0.0,0.0
2022-09-22,91.05295769484631,91.1992743216657,90.14062276693244,90.60539245605467,29030600,0.0,0.0,0.0
2022-09-23,90.6656815555408,91.60384327974624,89.99433996264192,90.97553253173828,23042200,0.0,0.0,0.0
2022-09-26,90.68286888037473,90.72590627748848,88.8409812291658,89.23690032958984,25104600,0.0,0.0,0.0
2022-09-27,88.40203293128944,88.6344243907232,86.84417619672982,86.88720703125,34609500,0.0,0.0,0.0
2022-09-28,88.76351774046718,89.89963545063281,88.20407096166032,89.79635620117188,39283100,0.0,0.0,0.0
2022-09-29,88.56558538613497,89.71031219843114,88.47951713281208,89.33160400390625,19127100,0.0,0.0,0.0
2022-09-30,89.7447187535936,90.25253252373082,87.98890567584012,88.17825317382812,26485700,0.0,0.0,0.0
2022-10-03,89.59662070176073,90.31270505738355,88.99269810199608,89.5793685913086,27192200,0.0,0.0,0.0
2022-10-04,89.85544845651647,90.28682362281538,89.12211199026085,89.32917022705078,13788700,0.0,0.0,0.0
2022-10-05,88.63033192210118,88.72522838946963,87.63816786467937,88.47503662109375,20522100,0.0,0.0,0.0
2022-10-06,88.50959403198566,88.72528171400016,87.59508036656916,87.98332214355469,13965700,0.0,0.0,0.0
2022-10-07,86.97385507433857,87.67268728875865,86.68052313372111,87.129150390625,14814800,0.0,0.0,0.0
2022-10-10,86.70639952888372,86.71502887435777,85.23972674687208,85.77462768554688,15652600,0.0,0.0,0.0
2022-10-11,86.05072630649809,87.0515199678239,85.403663482033,86.15425872802734,33246700,0.0,0.0,0.0
2022-10-12,85.65383059913248,86.74089759004923,85.57618624805464,86.57697296142578,21447600,0.0,0.0,0.0
2022-10-13,84.86011705466373,86.6028697032704,84.84285836320282,85.74874877929688,30292500,0.0,0.0,0.0
2022-10-14,86.43895578637103,86.43895578637103,84.76521807630122,85.04129791259766,18728200,0.0,0.0,0.0
2022-10-17,85.66247869426054,85.9816986771757,84.49776709731869,84.6271743774414,18969900,0.0,0.0,0.0
2022-10-18,84.50640252783064,84.9464070929877,83.57463705997216,84.82562255859375,16931500,0.0,0.0,0.0
2022-10-19,83.85071420475947,84.0491431124017,83.10011898067779,83.28129577636719,25431600,0.0,0.0,0.0
2022-10-20,82.76363271559009,83.10873413608628,81.73695779973596,81.85774230957031,25434900,0.0,0.0,0.0
2022-10-21,80.2530400408288,81.03814607144709,79.59735447010199,80.38245391845703,46280300,0.0,0.0,0.0
2022-10-24,80.08050090700405,80.71031166631496,79.24363187134682,79.71814727783203,31332600,0.0,0.0,0.0
2022-10-25,81.59895001020148,82.1597391938546,81.47816545769335,82.03894805908203,31213100,0.0,0.0,0.0
2022-10-26,82.62560919108724,83.41934462192862,82.62560919108724,83.22090911865234,24843900,0.0,0.0,0.0
2022-10-27,83.6695241080566,84.4632527769723,83.01383205960956,84.09226989746094,20270000,0.0,0.0,0.0
2022-10-28,83.56599173070904,84.2303065428265,83.17775674187267,83.51422882080078,22244100,0.0,0.0,0.0
2022-10-31,83.13461762401353,83.35893454016167,81.98715817026077,82.91893005371094,23956700,0.0,0.0,0.0
2022-11-01,84.22141360616803,84.25600935217619,83.20951277966905,83.69384002685547,17585100,0.0,0.0,0.0
2022-11-02,83.81496147798686,84.43766535621941,82.9933270329387,83.33062744140625,25010500,0.0,0.0,0.0
2022-11-03,82.31006221969665,83.35655903429067,82.24087071167422,82.8808822631836,29097500,0.0,0.0,0.0
2022-11-04,82.24952062449235,82.73385457820739,81.48843383789062,81.48843383789062,23561400,0.0,0.0,0.0
2022-11-07,81.99004997631151,82.0419402998263,80.64084217874813,80.6754379272461,14522800,0.0,0.0,0.0
2022-11-08,81.12518020686312,82.12843057073904,81.0992284453146,81.5576171875,20360600,0.0,0.0,0.0
2022-11-09,81.14247055509922,82.18031661516825,81.03003932143878,81.82572174072266,15637500,0.0,0.0,0.0
2022-11-10,83.65926376525277,85.12954690551406,83.58142167512854,84.97386932373047,45380900,0.0,0.0,0.0
2022-11-11,84.38575432207654,85.077656148393,84.35980915832101,84.66251373291016,15943100,0.0,0.0,0.0
2022-11-14,84.67981751554066,84.74900242153107,83.97061449256987,84.45494842529297,13741100,0.0,0.0,0.0
2022-11-15,84.97387741686225,85.88199783016911,84.8527955748834,85.82145690917969,26608200,0.0,0.0,0.0
2022-11-16,86.5046965583516,87.74146667062251,86.26253288855844,87.69822692871094,28507700,0.0,0.0,0.0
2022-11-17,86.66038928320415,86.98039510187914,86.29714371506472,86.7728271484375,24528900,0.0,0.0,0.0
2022-11-18,87.00631115439795,87.25712537183477,86.09819753795158,86.17603302001953,14941300,0.0,0.0,0.0
2022-11-21,87.08417390891692,87.1966051647501,86.31443649956414,86.53929901123047,15534000,0.0,0.0,0.0
2022-11-22,87.04957845893642,87.88850738180534,86.94579119271175,87.76742553710938,18103100,0.0,0.0,0.0
2022-11-23,88.33824508675413,89.29825592041016,88.28635474930226,89.29825592041016,23234600,0.0,0.0,0.0
2022-11-25,88.74471494199787,89.02147433708393,88.58903736985793,88.99552917480469,9486100,0.0,0.0,0.0
2022-11-28,89.60960631835023,89.78257849952271,88.81392372741165,89.2463607788086,14563200,0.0,0.0,0.0
2022-11-29,88.3469019100624,89.0474479089613,88.13933394714171,88.19987487792969,16576400,0.0,0.0,0.0
2022-11-30,87.88852269553357,88.8485336303711,87.67230413540739,88.8485336303711,21581700,0.0,0.0,0.0
2022-12-01,89.42416289921111,91.73020182332176,89.38081359257319,91.68685913085938,53156800,0.0,0.0,0.0
2022-12-02,91.28806214055832,92.8485378215386,90.6898761583863,92.8398666381836,24479500,0.0,0.0,0.0
2022-12-05,91.75621543730604,91.88625675250536,90.94130264946406,91.53948211669922,20159700,0.0,0.0,0.0
2022-12-06,92.3283733588241,93.09994327372162,92.0596262195737,92.71849060058594,21754500,0.0,0.0,0.0
2022-12-07,93.9495577408034,95.0852381703704,93.8021740630088,94.90318298339844,30546700,0.0,0.0,0.0
2022-12-08,94.23562966041712,94.88582951533492,94.03623874218027,94.6430892944336,13377300,0.0,0.0,0.0
2022-12-09,93.57677809073884,93.77616903636554,92.1289945214701,92.18101501464844,25872200,0.0,0.0,0.0
2022-12-12,93.50741402201209,93.7241473186301,92.12032224649184,92.47576141357422,16897100,0.0,0.0,0.0
2022-12-13,94.53039971116291,94.56507783388729,93.16064362734122,93.36870574951172,23854700,0.0,0.0,0.0
2022-12-14,93.3340124313693,93.90618478718116,92.66647029971908,93.7674789428711,19517500,0.0,0.0,0.0
2022-12-15,94.19418603786508,94.8285810226282,93.99431279799312,94.13335418701172,20246200,0.0,0.0,0.0
2022-12-16,92.6386104048128,93.7075203805221,92.38659087183788,93.08181762695312,20838300,0.0,0.0,0.0
2022-12-19,91.9694622565719,91.9781477843364,91.2307879559835,91.51756286621094,26126800,0.0,0.0,0.0
2022-12-20,89.84036312632699,90.21404647501896,89.5970356676766,89.89250946044922,28869000,0.0,0.0,0.0
2022-12-21,90.63117004119964,90.72676390383164,89.47535816041294,90.11843872070312,15894100,0.0,0.0,0.0
2022-12-22,90.09233628614888,90.48340375460477,89.84031679674557,90.1010284423828,11322500,0.0,0.0,0.0
2022-12-23,89.14514255430838,89.34501583908487,88.65848100797123,88.7801513671875,15408900,0.0,0.0,0.0
2022-12-27,87.3288556382845,87.83289481880851,86.91172479453546,87.02469635009766,26475700,0.0,0.0,0.0
2022-12-28,87.46792568168303,87.58089726567115,86.33818332109422,86.51199340820312,17302900,0.0,0.0,0.0
2022-12-29,86.78135304746621,87.76335474977108,86.72052120095482,87.49395751953125,16593000,0.0,0.0,0.0
2022-12-30,86.79006432013769,87.38100522932815,86.35554914073809,86.52066040039062,20810200,0.0,0.0,0.0
2023-01-03,88.81488684916587,88.93655055094538,87.63300520601531,88.17180633544922,25313200,0.0,0.0,0.0
2023-01-04,89.70132729515264,89.92727707662551,88.82360465303509,89.3797836303711,21678200,0.0,0.0,0.0
2023-01-05,88.52812673402845,89.76214827592634,88.44991055254657,89.75345611572266,14771100,0.0,0.0,0.0
2023-01-06,89.24937431335424,91.508857515351,89.19723463736652,91.40457153320312,27473700,0.0,0.0,0.0
2023-01-09,90.7354454943677,92.05636846842393,90.61377516777416,91.89125061035156,21472200,0.0,0.0,0.0
2023-01-10,90.83972233748166,91.09174188164852,89.94462232588764,90.37044525146484,20545200,0.0,0.0,0.0
2023-01-11,91.22209310678694,91.87386569928452,90.98745126059056,91.83910369873048,18794000,0.0,0.0,0.0
2023-01-12,91.9607847482156,93.6901531637068,90.86580472963364,93.6467056274414,32029600,0.0,0.0,0.0
2023-01-13,93.07311058642703,93.68143555742256,92.4474079329106,92.76895141601562,17750800,0.0,0.0,0.0
2023-01-17,91.83040558651828,92.69075012655308,91.81302790245492,92.16932678222656,13911700,0.0,0.0,0.0
2023-01-18,94.25504503517764,94.52444236223543,93.09054737483297,94.40277862548828,35497200,0.0,0.0,0.0
2023-01-19,93.9421462987606,94.1767881232088,93.3685899182141,93.8117904663086,17194700,0.0,0.0,0.0
2023-01-20,92.95148819642668,93.19481564081336,92.21281370305978,92.29102325439452,22754100,0.0,0.0,0.0
2023-01-23,91.7435119277496,92.29099853095582,91.67398792507058,91.85648345947266,12961500,0.0,0.0,0.0
2023-01-24,92.22147454832492,93.37727951669385,91.5870796721543,93.17740631103516,16417200,0.0,0.0,0.0
2023-01-25,93.30777986082776,93.77705698909227,92.67338486423648,93.40337371826172,11906500,0.0,0.0,0.0
2023-01-26,93.10788291885684,93.55109011933308,92.5430120367084,92.96884155273438,15549400,0.0,0.0,0.0
2023-01-27,92.2823143894662,92.95146469232544,92.21279038574284,92.73420715332033,11845500,0.0,0.0,0.0
2023-01-30,92.51695025232657,93.12527534384031,92.28231502585948,92.3952865600586,11459700,0.0,0.0,0.0
2023-01-31,92.96885330980926,93.22955839057327,92.0042292615816,93.13396453857422,13705300,0.0,0.0,0.0
2023-02-01,93.70465253082976,94.61076323976738,92.72011778515308,94.25354766845705,25305800,0.0,0.0,0.0
2023-02-02,94.89826164821822,95.2729061777388,94.17510949750157,94.37550354003906,19548400,0.0,0.0,0.0
2023-02-03,93.02505389669092,93.32128774867395,92.42388496727338,92.9640655517578,20619500,0.0,0.0,0.0
2023-02-06,92.13636636393052,92.6242731272544,92.07537801851504,92.27577209472656,15182400,0.0,0.0,0.0
2023-02-07,91.77046286217856,92.55460370686448,91.4829434445882,91.53521728515624,18290300,0.0,0.0,0.0
2023-02-08,91.51775467379908,91.98823897387636,90.95143060997108,91.97080993652344,13530700,0.0,0.0,0.0
2023-02-09,92.76366141087227,92.89435259710513,90.95142713475929,91.09954071044922,20469900,0.0,0.0,0.0
2023-02-10,90.96014228470612,90.99499371109218,89.84492322927119,90.08016204833984,16598300,0.0,0.0,0.0
2023-02-13,90.35896648118737,90.97756434100688,90.24570433126996,90.83816528320312,13134300,0.0,0.0,0.0
2023-02-14,90.78590986388384,91.33481166983331,89.86237007857818,90.62908172607422,15440300,0.0,0.0,0.0
2023-02-15,90.21959140825687,90.5680924690302,89.30475950564782,89.7839584350586,15246900,0.0,0.0,0.0
2023-02-16,88.93009709206767,89.06078828732831,88.28536228194025,88.51188659667969,19267300,0.0,0.0,0.0
2023-02-17,88.0849760882757,89.2001953125,87.97171392080104,89.2001953125,19560900,0.0,0.0,0.0
2023-02-21,88.00659517885144,88.17213122630392,87.37056796813808,87.4664077758789,22728000,0.0,0.0,0.0
2023-02-22,87.98913951972057,88.59902962516652,87.95428808678956,88.2679443359375,15165400,0.0,0.0,0.0
2023-02-23,88.46835959189846,89.38318499822044,88.407371231477,89.13052368164062,15829100,0.0,0.0,0.0
2023-02-24,88.38120620075857,88.6948624252274,87.6144880310656,87.97171020507812,21403600,0.0,0.0,0.0
2023-02-27,88.25052678884857,88.60774236335132,87.91944812867146,88.2156753540039,14209200,0.0,0.0,0.0
2023-02-28,87.62322755836503,88.62518485875607,87.37055960280676,88.61647033691406,14955700,0.0,0.0,0.0
2023-03-01,88.05750771345836,88.24092366323761,87.30637192086918,87.66447448730469,19000000,0.0,0.0,0.0
2023-03-02,86.52027700776223,87.03559406755718,86.36306242418546,86.88711547851562,23763600,0.0,0.0,0.0
2023-03-03,88.15352914420343,89.00074038586217,87.83910009237938,88.99200439453125,30877300,0.0,0.0,0.0
2023-03-06,89.28023406079635,89.38503930459127,88.20593366663479,88.30200958251953,16631900,0.0,0.0,0.0
2023-03-07,88.61645483062286,89.41126361385453,88.10987384770225,88.84354400634766,23096500,0.0,0.0,0.0
2023-03-08,89.43745863280198,89.93530358755686,88.58151128524648,88.93087768554688,20252400,0.0,0.0,0.0
2023-03-09,88.69505930063652,89.54226399307265,88.50290744706611,89.14923095703125,21550400,0.0,0.0,0.0
2023-03-10,90.86114136181222,92.3110099494687,90.83494004143964,92.22366333007812,43921500,0.0,0.0,0.0
2023-03-13,94.50323387606107,95.2893064923998,91.7432537231048,92.4332504272461,51502500,0.0,0.0,0.0
2023-03-14,91.8306067737737,92.24111179119936,90.61656370636278,90.91352081298828,38417800,0.0,0.0,0.0
2023-03-15,93.263003521742,94.07527756864567,92.0140231413118,92.66908264160156,45164100,0.0,0.0,0.0
2023-03-16,93.78704639654109,94.35476594231046,91.74326402810284,91.94414520263672,43089300,0.0,0.0,0.0
2023-03-17,93.14943974215744,94.09272679367086,92.98348924320372,93.3241195678711,38129000,0.0,0.0,0.0
2023-03-20,93.35034804177693,93.42022265784028,92.33719276329896,92.50314331054688,24242800,0.0,0.0,0.0
2023-03-21,91.77821812874949,92.07517528061622,91.30657441965748,91.70834350585938,18934900,0.0,0.0,0.0
2023-03-22,91.41137793868351,92.9747808343556,91.2192260752306,92.93111419677734,26388500,0.0,0.0,0.0
2023-03-23,92.02276417366087,93.06212743673254,91.55112050798829,92.93111419677734,25475100,0.0,0.0,0.0
2023-03-24,93.5337366914491,93.83070039149216,92.80880941749008,93.3241195678711,23652700,0.0,0.0,0.0
2023-03-27,91.75200293935336,92.3721251306243,91.12314475563926,91.13187408447266,22224500,0.0,0.0,0.0
2023-03-28,91.04453058287392,91.42883427199624,90.85237873831277,91.29782104492188,17794300,0.0,0.0,0.0
2023-03-29,90.57289972459968,91.22795928865496,90.4855597821144,91.11441802978516,16804400,0.0,0.0,0.0
2023-03-30,91.23670468667284,91.75202172859272,91.0707541143173,91.5336685180664,14315800,0.0,0.0,0.0
2023-03-31,92.01403013621643,93.07085874405747,91.77821163017352,92.90491485595705,25396700,0.0,0.0,0.0
2023-04-03,92.711374947669,93.77964084815352,92.55376183644174,93.34182739257812,18234800,0.0,0.0,0.0
2023-04-04,92.62382828050993,94.39259866259977,92.59756053789047,93.80592346191406,18052400,0.0,0.0,0.0
2023-04-05,94.36633239280084,94.89171401259982,94.05111277362818,94.78663635253906,23047700,0.0,0.0,0.0
2023-04-06,94.935464566539,95.32950067017777,94.90919682906367,95.0317840576172,16447300,0.0,0.0,0.0
2023-04-10,94.2524981344525,94.35757578878626,93.30681928696194,93.49945831298828,19134400,0.0,0.0,0.0
2023-04-11,93.73588455248968,93.77090375795396,93.26304511266606,93.69210052490234,13971200,0.0,0.0,0.0
2023-04-12,93.73589060125644,93.8409615854388,92.7114017419428,93.59578704833984,20563000,0.0,0.0,0.0
2023-04-13,93.73587944032556,94.033589434068,92.71139070299556,92.8602523803711,22079400,0.0,0.0,0.0
2023-04-14,92.28234468316796,92.42244823362682,91.73945344589735,92.01090240478516,19801900,0.0,0.0,0.0
2023-04-17,91.4329450138444,91.58179996027413,90.81125081360666,90.91632843017578,19528800,0.0,0.0,0.0
2023-04-18,90.89885475265812,91.5818428791778,90.89010329088596,91.24034881591795,15922600,0.0,0.0,0.0
2023-04-19,90.98642925226736,91.2753811628134,90.6099092737622,91.15279388427734,16093900,0.0,0.0,0.0
2023-04-20,91.7919862741892,92.1860157788633,91.72193450609026,91.9320831298828,16450100,0.0,0.0,0.0
2023-04-21,92.20354738823632,92.34364426721838,91.30164575517288,91.4154815673828,15244700,0.0,0.0,0.0
2023-04-24,91.90582188024412,92.36990318580516,91.80074422067185,92.29985809326172,17034300,0.0,0.0,0.0
2023-04-25,93.10543130564704,93.805928978543,93.06164727837027,93.65707397460938,21899900,0.0,0.0,0.0
2023-04-26,93.50821860696016,93.90224812889996,92.5275138521149,92.65885925292967,19610400,0.0,0.0,0.0
2023-04-27,92.11597612919284,92.17726976421692,91.5993593026336,91.7394561767578,20247600,0.0,0.0,0.0
2023-04-28,93.00037722674344,93.4819749268682,92.69390899962144,93.2192840576172,26954100,0.0,0.0,0.0
2023-05-01,92.40988133981013,92.54155820548212,90.27673754748736,90.53131103515624,32487300,0.0,0.0,0.0
2023-05-02,91.29505605114944,92.7873764038086,91.19849343684456,92.7873764038086,30057800,0.0,0.0,0.0
2023-05-03,93.05070909439756,93.5774098818742,92.41866547048004,93.30528259277344,23656200,0.0,0.0,0.0
2023-05-04,92.36599876028632,93.44573438589926,92.30455044579912,92.38355255126952,25110500,0.0,0.0,0.0
2023-05-05,91.60229166855676,92.08510470835004,91.39161265908557,92.07632446289062,15096500,0.0,0.0,0.0
2023-05-08,90.87367102054692,91.18091928694446,90.69810632320308,90.785888671875,20587000,0.0,0.0,0.0
2023-05-09,90.8561216542274,90.97901828782564,90.41720319212968,90.46109771728516,19182500,0.0,0.0,0.0
2023-05-10,91.00535353012224,91.50572031565072,90.97901949362564,91.33893585205078,22886800,0.0,0.0,0.0
2023-05-11,92.43621940337606,92.62933787711005,91.92707244273087,92.3045425415039,19147200,0.0,0.0,0.0
2023-05-12,92.21679255713136,92.39235730298884,91.51452017896992,91.53207397460938,14198500,0.0,0.0,0.0
2023-05-15,90.7595567057401,90.82978526522396,90.52254368918716,90.58399200439452,20085300,0.0,0.0,0.0
2023-05-16,89.89053153865402,90.3294501431422,89.63595794436691,90.3118896484375,29251700,0.0,0.0,0.0
2023-05-17,90.48744145839136,90.55767002722656,89.84661748815877,90.04852294921875,21340900,0.0,0.0,0.0
2023-05-18,89.71493090553375,89.76760567515305,89.3199069688922,89.38135528564453,25536600,0.0,0.0,0.0
2023-05-19,88.88977047972197,89.41647130460498,88.60008268195881,88.74931335449219,29038000,0.0,0.0,0.0
2023-05-22,88.88101027832597,89.2848145583757,88.37186313059838,88.43331146240234,20131100,0.0,0.0,0.0
2023-05-23,88.16118054724993,88.88100670401997,88.02950364228937,88.68788146972656,21749500,0.0,0.0,0.0
2023-05-24,88.90733253961982,88.97756110876561,88.24895477294922,88.24895477294922,18473400,0.0,0.0,0.0
2023-05-25,88.39818518006085,88.48597423989821,87.81003598439433,88.02949523925781,22492800,0.0,0.0,0.0
2023-05-26,87.8890508385766,88.81077575392584,87.78370797795151,88.74054718017578,17030300,0.0,0.0,0.0
2023-05-30,89.01266830160112,89.75004812678915,88.88099141928485,89.62715148925781,23125200,0.0,0.0,0.0
2023-05-31,89.53059499467847,90.57522318230262,89.4252588395331,90.40843200683594,23787000,0.0,0.0,0.0
2023-06-01,90.9039920981828,91.21205037569952,90.3318800312707,90.76316833496094,21040400,0.0,0.0,0.0
2023-06-02,90.6575053338064,90.71911696202864,89.72452733067985,89.7685317993164,19136500,0.0,0.0,0.0
2023-06-05,89.20524538318482,90.16463436033555,89.08202209660259,89.60132598876953,14433200,0.0,0.0,0.0
2023-06-06,89.63652519662462,90.1910366909579,89.24045131367116,90.12942504882812,14332100,0.0,0.0,0.0
2023-06-07,89.92696209345131,90.15580816047728,88.70352640133999,88.79154205322266,25251100,0.0,0.0,0.0
2023-06-08,88.78274907057234,89.90056200020126,88.72113744004419,89.83014678955078,23845100,0.0,0.0,0.0
2023-06-09,89.42528551906248,90.01499790543073,89.19643940078328,89.70693969726562,22147400,0.0,0.0,0.0
2023-06-12,89.9885934901697,90.0414082650328,89.00280722826216,89.97099304199219,19010300,0.0,0.0,0.0
2023-06-13,89.87417043292321,90.0678089314712,88.87077704514267,89.08201599121094,25910800,0.0,0.0,0.0
2023-06-14,89.45167898389055,90.03259443510309,89.30205168833501,89.7949447631836,29094200,0.0,0.0,0.0
2023-06-15,90.68395103341943,91.21205190590298,90.30547751035898,90.65754699707033,25732000,0.0,0.0,0.0
2023-06-16,90.164596246095,90.5078619300644,89.80372340567646,90.305419921875,16759100,0.0,0.0,0.0
2023-06-20,90.75432757600656,91.23842375321117,90.75432757600656,90.93035888671876,17162900,0.0,0.0,0.0
2023-06-21,90.49027078913348,91.22961704211106,90.076589836477,91.15039825439452,19720100,0.0,0.0,0.0
2023-06-22,90.48149726890516,90.87757116418403,89.95338978831255,90.05020904541016,23630700,0.0,0.0,0.0
2023-06-23,91.38806019472668,91.49367630566972,90.63991697649963,90.9479751586914,22901900,0.0,0.0,0.0
2023-06-26,91.20321541032352,91.3616462747486,90.7983380268292,91.04478454589844,12894900,0.0,0.0,0.0
2023-06-27,91.17681398139416,91.49367574260272,90.44627792959662,90.80714416503906,18105700,0.0,0.0,0.0
2023-06-28,91.01838853605032,91.39685521283134,90.50788829293022,91.19441986083984,23826800,0.0,0.0,0.0
2023-06-29,89.9269811172375,90.07660842860764,89.29325754535789,89.54850769042969,41091600,0.0,0.0,0.0
2023-06-30,89.83015187982927,90.71032191734332,89.66292413901344,90.60470581054688,32024900,0.0,0.0,0.0
2023-07-03,90.76180796290278,91.1324855880456,90.07341724004394,90.09107208251952,16011800,0.0,0.0,0.0
2023-07-05,89.92337600752761,90.02045743166104,88.90843813099107,89.2349853515625,28170300,0.0,0.0,0.0
2023-07-06,88.4318710922274,88.5907310150684,87.78761071256933,87.97294616699219,41375700,0.0,0.0,0.0
2023-07-07,87.53165152038368,87.90232235371903,87.36396421005881,87.44339752197266,28996500,0.0,0.0,0.0
2023-07-10,87.24923599119803,87.84054519608448,87.24040857122029,87.5581283569336,24665200,0.0,0.0,0.0
2023-07-11,87.8758706047718,88.2288934272844,87.62875664901806,88.00825500488281,20485500,0.0,0.0,0.0
2023-07-12,88.34360983191003,89.24381823197776,88.0523655416911,88.98787689208984,31928000,0.0,0.0,0.0
2023-07-13,89.41148774501045,89.99397625323714,89.16437385667736,89.92337036132812,32441500,0.0,0.0,0.0
2023-07-14,89.77336586324793,89.96752875982213,89.34973711314508,89.39386749267578,18569000,0.0,0.0,0.0
2023-07-17,89.34091356941505,89.57037268226178,89.0673173450973,89.43798828125,18822000,0.0,0.0,0.0
2023-07-18,89.84396362304688,90.08225014417468,89.64097332231954,89.84396362304688,15407400,0.0,0.0,0.0
2023-07-19,90.0204710852979,90.8853766133012,89.78218456568725,90.85889434814452,27192500,0.0,0.0,0.0
2023-07-20,90.21463847253312,90.29406507192364,89.3850358565865,89.75570678710938,56951200,0.0,0.0,0.0
2023-07-21,90.16167910387028,90.32935970937083,89.69392003935928,89.78218078613281,20657500,0.0,0.0,0.0
2023-07-24,90.01162607133502,90.15283785783856,89.40266875874718,89.45561981201172,17546700,0.0,0.0,0.0
2023-07-25,88.9878760042081,89.57918526631693,88.96140047506132,89.2879409790039,17160600,0.0,0.0,0.0
2023-07-26,89.73803269309404,89.74686011269826,89.07611762309187,89.37618255615234,19310700,0.0,0.0,0.0
2023-07-27,88.88193933851652,89.07610213596162,87.29334748671928,87.63754272460938,44794400,0.0,0.0,0.0
2023-07-28,87.72581831335512,88.1317921110341,87.50517994070249,88.08766174316406,27434000,0.0,0.0,0.0
2023-07-31,87.946438694053,88.54657521422703,87.91996317208681,88.2994613647461,28663800,0.0,0.0,0.0
2023-08-01,87.47201129085006,87.54281178992517,86.64012905839283,86.85252380371094,34943400,0.0,0.0,0.0
2023-08-02,85.87904118967909,86.05603568673038,85.32150244725098,85.92328643798828,38121300,0.0,0.0,0.0
2023-08-03,84.24180905303015,84.35685478807565,83.66656687398961,83.94091033935547,59394800,0.0,0.0,0.0
2023-08-04,84.20640295624509,85.56043019393246,84.18869945860263,85.42768096923828,42071800,0.0,0.0,0.0
2023-08-07,85.05600898995833,85.13565449277881,84.51616696448285,84.58696746826172,35862900,0.0,0.0,0.0
2023-08-08,85.71974378882113,86.17108853560977,85.34805129236332,85.56929779052734,24010500,0.0,0.0,0.0
2023-08-09,85.7374447813462,86.10029229720956,85.70204452965898,86.01179504394531,20151100,0.0,0.0,0.0
2023-08-10,85.87902047409793,86.16221565221252,84.59578704833984,84.59578704833984,37253200,0.0,0.0,0.0
2023-08-11,84.339174292697,84.8436160772629,84.25067028509318,84.401123046875,26753500,0.0,0.0,0.0
2023-08-14,84.25950097814103,84.89669186295842,83.98515752847482,84.21525573730469,19072000,0.0,0.0,0.0
2023-08-15,83.89667859831394,84.2506676098577,83.68427708909857,83.70198059082031,24125000,0.0,0.0,0.0
2023-08-16,83.43645398935647,83.88779860459856,82.94086413852143,83.04705810546875,23076700,0.0,0.0,0.0
2023-08-17,82.74620461310545,82.84355362927354,82.32140829238027,82.69310760498047,32244900,0.0,0.0,0.0
2023-08-18,82.6842611304511,83.35685253456673,82.56921535486785,82.98515319824219,24181700,0.0,0.0,0.0
2023-08-21,82.0028105085657,82.09130776304889,81.6222662375711,81.87890625,29254100,0.0,0.0,0.0
2023-08-22,81.985110253824,82.55150080723944,81.82581248868168,82.50725555419922,21308700,0.0,0.0,0.0
2023-08-23,83.4541787481216,84.5604111983782,83.39223000098352,84.55155944824219,38294700,0.0,0.0,0.0
2023-08-24,84.18872508346014,84.56042437612065,83.97633031044562,83.99403381347656,22300800,0.0,0.0,0.0
2023-08-25,83.77278156157713,84.5250183431686,83.64003230555332,84.26837158203125,23865200,0.0,0.0,0.0
2023-08-28,84.64891958435443,84.65777133565541,83.97632827554715,84.35687255859375,16037300,0.0,0.0,0.0
2023-08-29,84.047123679157,85.41000296471739,84.02057517877392,85.23300170898438,28478100,0.0,0.0,0.0
2023-08-30,85.10024785892485,85.31264258557405,84.85244613394306,85.14449310302734,17550100,0.0,0.0,0.0
2023-08-31,85.43655767329727,85.88790246832878,85.3392086635472,85.52505493164062,26959700,0.0,0.0,0.0
2023-09-01,85.03595811137197,85.05370794068298,83.98854210588269,84.19269561767578,32469700,0.0,0.0,0.0
2023-09-05,83.68676244021326,83.69564074324096,82.98552548856615,83.01215362548828,29435900,0.0,0.0,0.0
2023-09-06,83.51811846973996,83.53587507790576,82.95890721142914,83.21632385253906,23636300,0.0,0.0,0.0
2023-09-07,83.43820421862252,83.5003387806649,83.15415953897741,83.44708251953125,18091500,0.0,0.0,0.0
2023-09-08,83.77552649927091,84.2371034538698,83.58912276566173,83.76665496826172,17052100,0.0,0.0,0.0
2023-09-11,83.17191932033822,83.42046437040608,83.0387786515735,83.16304779052734,17061500,0.0,0.0,0.0
2023-09-12,83.3405708223731,83.65124366090575,83.06540441855273,83.64237213134766,20034300,0.0,0.0,0.0
2023-09-13,83.36720194848725,83.90866324600988,83.27843924459965,83.62461853027344,23332300,0.0,0.0,0.0
2023-09-14,83.3849395298669,83.62459945290557,82.90561291163091,83.02100372314453,27800600,0.0,0.0,0.0
2023-09-15,82.95886533586649,82.9766219350692,82.51504516601562,82.51504516601562,25642900,0.0,0.0,0.0
2023-09-18,82.41742237875515,83.02101821386951,82.39079424623183,82.98551177978516,17963400,0.0,0.0,0.0
2023-09-19,82.62156984402391,82.93224262879012,82.37303161621094,82.37303161621094,24941800,0.0,0.0,0.0
2023-09-20,82.80797954345695,83.08314591968839,82.58606942787438,82.63044738769531,29451200,0.0,0.0,0.0
2023-09-21,81.03269882237124,81.1037116848543,80.50011589806691,80.50898742675781,59958700,0.0,0.0,0.0
2023-09-22,80.60662764238779,81.31674271605253,80.48235852032035,81.15696716308594,29524500,0.0,0.0,0.0
2023-09-25,79.58583750114215,79.92313839815499,79.13313902376716,79.1597671508789,45587900,0.0,0.0,0.0
2023-09-26,79.38168186854178,79.55033571296187,78.74257969195922,78.88460540771484,38104100,0.0,0.0,0.0
2023-09-27,79.47932674217493,79.55033960352577,78.19224402578809,78.4762954711914,47111200,0.0,0.0,0.0
2023-09-28,77.77506090462222,78.76034237424221,77.31348406493316,78.71595764160156,60238000,0.0,0.0,0.0
2023-09-29,79.2396492423663,79.43493119842047,78.22773980841126,78.72482299804688,49010100,0.0,0.0,0.0
2023-10-02,78.19948405385641,78.29743430442568,77.21108192073645,77.406982421875,44704300,0.0,0.0,0.0
2023-10-03,76.85487045838636,77.15762751550825,75.59043089851555,75.74180603027344,71362600,0.0,0.0,0.0
2023-10-04,76.37405272732568,76.85489754497117,76.01787741968474,76.81037902832031,56281600,0.0,0.0,0.0
2023-10-05,76.67680037744285,76.74803814757558,76.25828696992261,76.42747497558594,35758800,0.0,0.0,0.0
2023-10-06,74.97601859699265,76.30279631212441,74.85135592214361,75.50138854980469,62787900,0.0,0.0,0.0
2023-10-09,76.13362223577309,77.29121219188866,75.64387107119938,77.27339935302734,29424900,0.0,0.0,0.0
2023-10-10,76.44527160825548,77.62066749628302,76.1514209378469,77.16654205322266,54743900,0.0,0.0,0.0
2023-10-11,78.22619195549004,78.77827453613281,78.0035789978514,78.77827453613281,58517700,0.0,0.0,0.0
2023-10-12,78.40427940217465,78.52894210384063,76.5165192441348,76.64118194580078,66986700,0.0,0.0,0.0
2023-10-13,78.00356764083946,78.20837452123558,77.62067313770463,78.0124740600586,44183800,0.0,0.0,0.0
2023-10-16,76.74802786536586,76.90830942988718,76.48979607843668,76.75692749023438,38309800,0.0,0.0,0.0
2023-10-17,75.59046276704383,76.24939528407933,75.24318706255154,75.91102600097656,52949100,0.0,0.0,0.0
2023-10-18,75.13633027499522,75.43908745930779,74.66439184618731,75.2431869506836,63724600,0.0,0.0,0.0
2023-10-19,74.69109986589602,75.30551382567576,73.6759852849782,73.70269775390625,87696900,0.0,0.0,0.0
2023-10-20,73.89861044708834,74.38836177029333,73.70270991780635,74.12122344970703,52188800,0.0,0.0,0.0
2023-10-23,73.73832636911948,75.56375564752575,73.39105064003489,75.01167297363281,70890400,0.0,0.0,0.0
2023-10-24,75.18973832025621,76.00004577636719,74.87807481276053,76.00004577636719,46267700,0.0,0.0,0.0
2023-10-25,74.81573121092651,74.91368141832848,74.02322992820574,74.30817413330078,60737200,0.0,0.0,0.0
2023-10-26,74.33492557285204,75.52812782536155,74.26368779232975,75.44799041748047,49704100,0.0,0.0,0.0
2023-10-27,74.96713692721546,75.66168822303358,74.56642955328417,75.1274185180664,32362300,0.0,0.0,0.0
2023-10-30,74.6287656401915,75.2431795763674,74.12120836923135,74.78904724121094,45026900,0.0,0.0,0.0
2023-10-31,75.12742321382693,75.48359851032882,74.39725298622476,74.42396545410156,37269200,0.0,0.0,0.0
2023-11-01,75.09051817974624,76.05550980570405,75.07264417726483,76.03763580322266,72308500,0.0,0.0,0.0
2023-11-02,77.44937801158746,78.01228635554736,77.0383645961182,77.77104187011719,69739400,0.0,0.0,0.0
2023-11-03,79.35254355947139,79.56699065860849,78.25353114836179,78.29820251464844,77692300,0.0,0.0,0.0
2023-11-06,77.79785294596357,77.91400669857914,77.3779024925256,77.53873443603516,41341900,0.0,0.0,0.0
2023-11-07,78.28035758647353,79.07558039195301,78.26248358133039,78.68243408203125,37834200,0.0,0.0,0.0
2023-11-08,79.05768235496939,80.0762821087252,79.03087135771649,80.02266693115234,53893400,0.0,0.0,0.0
2023-11-09,79.46870800242893,79.54912055584468,77.502983732302,78.18205261230469,88975100,0.0,0.0,0.0
2023-11-10,78.83429721367413,79.01299627589414,78.42327710009003,78.6198501586914,36516400,0.0,0.0,0.0
2023-11-13,77.93186979177699,78.57519747575365,77.64594713411336,78.44116973876953,25661500,0.0,0.0,0.0
2023-11-14,80.41583429954203,80.54986205342821,79.78144353587781,80.2192611694336,65666800,0.0,0.0,0.0
2023-11-15,79.5312386282979,79.64739234512159,78.90577823318725,79.09341430664062,56205300,0.0,0.0,0.0
2023-11-16,79.7903712847474,80.38008378975431,79.74569309965469,80.0762939453125,49473900,0.0,0.0,0.0
2023-11-17,80.55879216083558,80.80003664363778,80.0941635627166,80.45156860351562,44091400,0.0,0.0,0.0
2023-11-20,80.07629498761456,81.00554535078008,80.0673579870929,80.9429931640625,40477800,0.0,0.0,0.0
2023-11-21,80.8625865205328,81.13064202030286,80.31754533675235,80.90726470947266,27721000,0.0,0.0,0.0
2023-11-22,81.4165535497542,81.5952526471591,80.75535189210208,81.19317626953125,31197500,0.0,0.0,0.0
2023-11-24,80.50517788234983,80.6481426270567,80.22819221064805,80.23712921142578,20199600,0.0,0.0,0.0
2023-11-27,80.6838758334845,81.61311931443878,80.60345646830692,81.57738494873047,39804400,0.0,0.0,0.0
2023-11-28,81.22892785279751,81.78289921584235,81.1217042904657,81.73822784423828,44989300,0.0,0.0,0.0
2023-11-29,82.30112532882953,82.82829243583778,82.00626568409598,82.7657470703125,61647800,0.0,0.0,0.0
2023-11-30,82.17601906494987,82.46194165572541,81.45227899825322,81.80967712402344,60520900,0.0,0.0,0.0
2023-12-01,81.84466828196143,83.4132606959687,81.68332707440844,83.35051727294922,64172200,0.0,0.0,0.0
2023-12-04,82.90233150193707,83.20709009485395,82.54379479671908,83.01885986328125,33766300,0.0,0.0,0.0
2023-12-05,83.92417464249806,84.81155471664732,83.87039651867822,84.8025894165039,73588600,0.0,0.0,0.0
2023-12-06,85.22386806739765,86.09331752539522,85.03563779894255,85.93197631835938,61606100,0.0,0.0,0.0
2023-12-07,85.3134704130493,86.12017616324452,85.20590736685067,85.43895721435547,47970200,0.0,0.0,0.0
2023-12-08,84.63224409207714,84.9011482648913,84.17511657221712,84.73980712890625,44809200,0.0,0.0,0.0
2023-12-11,84.26476805369684,84.65019380792829,83.83452264769852,84.56055450439453,33909700,0.0,0.0,0.0
2023-12-12,84.39026616138736,84.883248204176,84.16618154961444,84.8115463256836,36996900,0.0,0.0,0.0
2023-12-13,85.30452338244558,86.92690052704741,85.1700712555366,86.80140686035156,70828500,0.0,0.0,0.0
2023-12-14,87.81845719288863,89.05938720703125,87.60263790825692,89.05938720703125,87798600,0.0,0.0,0.0
2023-12-15,88.74462859474303,89.33811427057992,88.64571317201174,89.15827178955078,59941300,0.0,0.0,0.0
2023-12-18,88.57379763736982,88.57379763736982,88.14216596018917,88.44790649414062,34746000,0.0,0.0,0.0
2023-12-19,88.89747805451258,89.25716980698125,88.71763560855302,88.92445373535156,30018400,0.0,0.0,0.0
2023-12-20,89.1223132163981,89.6438660822543,88.64572440677325,89.52696228027344,51229400,0.0,0.0,0.0
2023-12-21,89.68882794524451,89.77874920183491,88.79859584206098,88.96045684814453,65231200,0.0,0.0,0.0
2023-12-22,89.36509180411966,89.36509180411966,88.33997454784937,88.55579376220703,29244200,0.0,0.0,0.0
2023-12-26,88.60974057176954,88.90648683081444,88.55578920123435,88.80757141113281,24019700,0.0,0.0,0.0
2023-12-27,89.72480260158488,90.39922235278206,89.473020325493,90.38124084472656,45082800,0.0,0.0,0.0
2023-12-28,90.00354276437812,90.43517433839652,89.52695399883876,89.72478485107422,36213000,0.0,0.0,0.0
2023-12-29,89.14030340812974,89.76077176971019,88.84356393396521,88.91549682617188,41616200,0.0,0.0,0.0
2024-01-02,88.33099832677074,88.70867170853325,88.12417326882353,88.4029312133789,47797400,0.0,0.0,0.0
2024-01-03,87.56663983927432,88.88850337477659,87.35982166710316,88.7716064453125,58159500,0.0,0.0,0.0
2024-01-04,87.60263306069852,87.80046396372049,87.28790519705123,87.42279052734375,52604500,0.0,0.0,0.0
2024-01-05,86.77536171482862,87.83644931384661,86.51458519314451,86.5865249633789,45894800,0.0,0.0,0.0
2024-01-08,86.53254418767726,87.56664887635722,86.40664620223312,87.44075775146484,39485800,0.0,0.0,0.0
2024-01-09,86.90123651377736,87.37782539584046,86.85627245071176,86.88325500488281,34374000,0.0,0.0,0.0
2024-01-10,87.15299626845423,87.26990005797853,86.433619469267,86.47857666015625,48227800,0.0,0.0,0.0
2024-01-11,86.47857417719352,87.07206670851996,86.06493098591336,86.96415710449219,78858900,0.0,0.0,0.0
2024-01-12,87.02711281181615,87.46773174037251,86.56850551688105,86.7933120727539,38883900,0.0,0.0,0.0
2024-01-16,85.98401692654386,86.136883743279,84.98587523518782,85.26463317871094,61716700,0.0,0.0,0.0
2024-01-17,85.06679992176795,85.42649178560717,84.67114504604133,85.12974548339844,55506800,0.0,0.0,0.0
2024-01-18,84.94090457980771,85.0488141917655,84.08664244860033,84.33842468261719,77339100,0.0,0.0,0.0
2024-01-19,84.26649654581286,84.68013982445434,83.86184745121096,84.60820007324219,47030900,0.0,0.0,0.0
2024-01-22,85.26466038357582,85.49846120530168,84.87799269634054,85.1117935180664,35756400,0.0,0.0,0.0
2024-01-23,84.42833797136706,84.51825920924756,84.01469478867621,84.43733215332031,35786700,0.0,0.0,0.0
2024-01-24,84.98585451745323,85.0128302008243,83.71794251461172,83.9427490234375,54574900,0.0,0.0,0.0
2024-01-25,84.5272723655711,84.72510324964696,84.1406047813916,84.49130249023438,57019400,0.0,0.0,0.0
2024-01-26,84.46429964168176,84.59019073460733,84.06863800074423,84.32941436767578,29276900,0.0,0.0,0.0
2024-01-29,84.80602857394072,85.5793637263435,84.63518024530667,85.30060577392578,38243600,0.0,0.0,0.0
2024-01-30,85.85813930711028,86.18185449795548,85.19270683448467,86.0739517211914,40151400,0.0,0.0,0.0
2024-01-31,86.52355059719181,87.14401890309279,86.32571972513342,86.9192123413086,80646700,0.0,0.0,0.0
2024-02-01,87.88449161897984,89.01214114257368,87.6770079609094,88.62422943115234,84291200,0.0,0.0,0.0
2024-02-02,86.84703949049018,87.16278681524219,86.3238154218056,86.66661834716797,63823300,0.0,0.0,0.0
2024-02-05,85.36755597490391,85.56602334326519,84.81726259267482,84.91649627685547,53827400,0.0,0.0,0.0
2024-02-06,85.01571580341717,85.83664762081592,84.98865332726093,85.7464370727539,33411500,0.0,0.0,0.0
2024-02-07,85.3134120604562,85.90881403326628,85.26830334762273,85.33145141601562,40120200,0.0,0.0,0.0
2024-02-08,84.81725801903521,85.06985721772614,84.49250138596713,84.8353042602539,50087700,0.0,0.0,0.0
2024-02-09,84.5827072202437,84.80823704451075,84.4924966670617,84.66389465332031,27951300,0.0,0.0,0.0
2024-02-12,84.70901285593814,84.92551958434163,84.34816372018244,84.76313781738281,27890300,0.0,0.0,0.0
2024-02-13,83.77081282792939,83.95123396520306,83.29269061979147,83.31072998046875,49768500,0.0,0.0,0.0
2024-02-14,83.26562687278667,83.9422164512244,83.20247878743749,83.73472595214844,44191600,0.0,0.0,0.0
2024-02-15,84.40230124988926,84.54664367873535,83.89711651417963,84.16775512695312,49598500,0.0,0.0,0.0
2024-02-16,83.4280258925221,83.76180574866774,83.30172281309021,83.68061828613281,33116800,0.0,0.0,0.0
2024-02-20,83.70765237508309,84.06850147894565,83.64450429810395,83.75275421142578,24469300,0.0,0.0,0.0
2024-02-21,83.74375822564443,83.80690631789479,83.00402048101488,83.15737915039062,36343100,0.0,0.0,0.0
2024-02-22,83.292684658673,83.6805962704119,83.23855281526485,83.56331634521484,45190700,0.0,0.0,0.0
2024-02-23,83.67159980522979,84.79924939829218,83.67159980522979,84.68197631835938,38406700,0.0,0.0,0.0
2024-02-26,84.79921640351681,84.82627888200018,84.06850195396882,84.4293441772461,27855000,0.0,0.0,0.0
2024-02-27,84.11361631628817,84.32110681993272,83.76179027836393,83.8339614868164,30242000,0.0,0.0,0.0
2024-02-28,83.96929063906154,84.4383897838191,83.8069088422943,84.36621856689453,34574200,0.0,0.0,0.0
2024-02-29,84.63683773842453,85.06985805783228,84.60075213825517,84.96160125732422,51038600,0.0,0.0,0.0
2024-03-01,84.55891098063634,85.52721156475378,84.1697804522012,85.49101257324219,45832800,0.0,0.0,0.0
2024-03-04,84.79419370871702,85.21047865720544,84.77609766516396,85.14712524414062,23864200,0.0,0.0,0.0
2024-03-05,86.17877605327067,86.58600260855982,85.943486070264,86.3597640991211,37721900,0.0,0.0,0.0
2024-03-06,86.41405437808521,87.029423366075,86.34166330627835,86.86653137207031,40571600,0.0,0.0,0.0
2024-03-07,87.20137325143928,87.23757224213256,86.40501616894151,86.78509521484375,39075000,0.0,0.0,0.0
2024-03-08,86.6946102471783,86.92084878445775,86.40502519563073,86.63126373291016,25023200,0.0,0.0,0.0
2024-03-11,86.83938454912696,86.88463501058646,86.30546500601027,86.58599853515625,17787900,0.0,0.0,0.0
2024-03-12,86.00682597826955,86.16066649586486,85.69009347020541,85.86203002929688,29566000,0.0,0.0,0.0
2024-03-13,85.51815298188774,85.73534000865143,85.2557154934332,85.44575500488281,38270100,0.0,0.0,0.0
2024-03-14,84.82135011221098,84.83944615618684,84.03403756635092,84.13358306884766,58365600,0.0,0.0,0.0
2024-03-15,84.21504303670704,84.33269151175824,83.97070841912566,84.10645294189453,34997700,0.0,0.0,0.0
2024-03-18,83.91640437793063,84.15168749430997,83.70826187809239,83.85305786132812,29519500,0.0,0.0,0.0
2024-03-19,84.02497899554527,84.40505802520333,83.88018994321176,84.08832550048828,26953100,0.0,0.0,0.0
2024-03-20,84.25122728103312,84.87564783385993,83.51821665241175,84.06118774414062,43460100,0.0,0.0,0.0
2024-03-21,84.40506425226064,84.54986021952782,83.91639512336326,84.24217224121094,34276600,0.0,0.0,0.0
2024-03-22,85.2376164089635,85.2557124504433,84.86658196824472,85.04757690429688,30262300,0.0,0.0,0.0
2024-03-25,84.80324910827864,84.83944810131209,84.43222151212657,84.62226104736328,24011800,0.0,0.0,0.0
2024-03-26,84.62226084752855,84.9480448798084,84.41411836414066,84.8575439453125,34423000,0.0,0.0,0.0
2024-03-27,85.05664107832398,85.69915771484375,85.01139751207052,85.69915771484375,50157800,0.0,0.0,0.0
2024-03-28,85.50911393434501,85.98873851925927,85.35527338904271,85.62676239013672,34540400,0.0,0.0,0.0
2024-04-01,84.70245810128485,84.71153951962197,83.94885970243224,84.03057861328125,48945400,0.0,0.0,0.0
2024-04-02,83.14079113830573,83.71279583677348,82.93196006782789,83.5675277709961,43086300,0.0,0.0,0.0
2024-04-03,82.85933433686353,83.57661407008545,82.66866609290732,83.54936981201172,45494400,0.0,0.0,0.0
2024-04-04,84.1032051842429,84.22124283574168,83.5675192883682,84.14860534667969,47957400,0.0,0.0,0.0
2024-04-05,83.24974309107387,83.69463561139042,82.9682745386718,82.97735595703125,42495900,0.0,0.0,0.0
2024-04-08,82.83207509986427,83.15892991228152,82.74127478448511,82.96826171875,37879800,0.0,0.0,0.0
2024-04-09,83.41316662019739,83.85805910122727,83.3859223675249,83.74002838134766,32522000,0.0,0.0,0.0
2024-04-10,82.80486245221431,82.89566280224824,81.76072769776562,81.91507720947266,74368900,0.0,0.0,0.0
2024-04-11,82.06034629896509,82.114827895067,81.27043588997671,81.54281616210938,65751200,0.0,0.0,0.0
2024-04-12,82.29638752031764,82.57784911987825,81.96952576020573,81.97860717773438,47900100,0.0,0.0,0.0
2024-04-15,81.00710582819117,81.04342457234061,80.37153819621408,80.70748138427734,55993100,0.0,0.0,0.0
2024-04-16,79.9448269569332,80.42603830536856,79.70875852911999,80.17181396484375,45103200,0.0,0.0,0.0
2024-04-17,80.68933704356284,81.15238551189468,80.31707505798177,81.06159210205078,57947000,0.0,0.0,0.0
2024-04-18,81.02525485141706,81.05249217544156,80.43508743155061,80.65299987792969,43839500,0.0,0.0,0.0
2024-04-19,81.16147094848262,81.16147094848262,80.72565978882207,80.94356536865234,44826800,0.0,0.0,0.0
2024-04-22,80.51682235823166,80.91632166235861,80.48958502878537,80.80736541748047,24969000,0.0,0.0,0.0
2024-04-23,80.562229739405,81.29766540868233,80.39879882099964,80.83460998535156,27222700,0.0,0.0,0.0
2024-04-24,80.40787183618265,80.47142791844512,79.44544918275291,80.26260375976562,48986800,0.0,0.0,0.0
2024-04-25,79.40913342280116,79.80863277040852,79.30017716606451,79.69967651367188,49282600,0.0,0.0,0.0
2024-04-26,80.12641387840851,80.45327572431796,79.94482704272271,80.1173324584961,31589800,0.0,0.0,0.0
2024-04-29,80.49867961052765,80.82553454442252,80.33524868003316,80.78922271728516,39228600,0.0,0.0,0.0
2024-04-30,80.28076897724917,80.56223759740321,79.99022586364394,80.09918212890625,41054700,0.0,0.0,0.0
2024-05-01,80.72600592071426,81.281795014743,80.39799901435761,80.68955993652344,59679500,0.0,0.0,0.0
2024-05-02,80.37069274160163,81.09959876282943,80.20668923439352,81.03582000732422,58925400,0.0,0.0,0.0
2024-05-03,81.93783255756212,82.11094929476485,81.33648407129748,81.85582733154297,50066100,0.0,0.0,0.0
2024-05-06,81.8831521810726,82.22937864128261,81.70092224041355,82.17471313476562,23868200,0.0,0.0,0.0
2024-05-07,82.82161861679653,83.13139910695271,82.55739040094232,82.67583465576172,30525800,0.0,0.0,0.0
2024-05-08,82.28404414779959,82.42071486545352,82.14738038150713,82.17471313476562,31171700,0.0,0.0,0.0
2024-05-09,81.88314679553348,82.70315714480118,81.83758757552482,82.57559967041016,39606700,0.0,0.0,0.0
2024-05-10,82.25672367820859,82.34783518646337,81.9651626809758,82.11094665527344,21913800,0.0,0.0,0.0
2024-05-13,82.50272555823553,82.5573910683846,82.2840496149154,82.32049560546875,23157500,0.0,0.0,0.0
2024-05-14,82.59384288779684,82.83984465219055,82.38428016516615,82.7851791381836,25746400,0.0,0.0,0.0
2024-05-15,83.70541464346657,84.06075435877355,83.48673870223008,83.91497039794922,65142900,0.0,0.0,0.0
2024-05-16,84.17920379615329,84.2065365526502,83.76919854597499,83.83297729492188,37902400,0.0,0.0,0.0
2024-05-17,83.49584862247266,83.64163257750873,83.22250718246083,83.26806640625,24755000,0.0,0.0,0.0
2024-05-20,82.98563347251891,83.20430249268328,82.92185471866418,83.02207946777344,17922800,0.0,0.0,0.0
2024-05-21,83.57787422087013,83.61431326715558,83.30453271418637,83.45030975341797,15334400,0.0,0.0,0.0
2024-05-22,83.15872853080602,83.62340619878906,83.1496222471275,83.5505142211914,38073700,0.0,0.0,0.0
2024-05-23,83.64162819075737,83.64162819075737,82.74871889139582,83.01294708251953,51294700,0.0,0.0,0.0
2024-05-24,82.88539767251136,83.34096212540953,82.8216189271601,83.25895690917969,19164400,0.0,0.0,0.0
2024-05-28,83.21341606591875,83.24074882462949,82.0289455451254,82.06539154052734,45973700,0.0,0.0,0.0
2024-05-29,81.40026568652179,81.45493815624457,80.79892413047504,81.072265625,45508400,0.0,0.0,0.0
2024-05-30,81.6371583144298,81.97427855230809,81.49138128680859,81.85582733154297,29548600,0.0,0.0,0.0
2024-05-31,82.43894554097568,82.60294902025504,82.2293828363669,82.41160583496094,41308800,0.0,0.0,0.0
2024-06-03,82.86691146532547,83.80857980411778,82.83948531566966,83.74458312988281,42272100,0.0,0.0,0.0
2024-06-04,84.2931367317991,84.84168768838913,84.10114668703865,84.72283172607422,42581500,0.0,0.0,0.0
2024-06-05,85.02451434428356,85.34449768066406,84.46682611154316,85.34449768066406,43153900,0.0,0.0,0.0
2024-06-06,84.95137590684809,85.41764133992996,84.89652361181979,85.21650695800781,22891900,0.0,0.0,0.0
2024-06-07,83.9548693478077,83.9548693478077,83.56174489261095,83.65316772460938,35240500,0.0,0.0,0.0
2024-06-10,83.1960338060497,83.25088610179746,82.8760504556646,83.09546661376953,20586500,0.0,0.0,0.0
2024-06-11,83.22345281209392,83.9914197622289,83.12288562844394,83.95484924316406,30329200,0.0,0.0,0.0
2024-06-12,85.04279149118838,85.54562740323036,84.5582443260097,84.5856704711914,42554600,0.0,0.0,0.0
2024-06-13,85.22564440573058,85.92960771013149,84.97879514793767,85.82904052734375,33093800,0.0,0.0,0.0
2024-06-14,86.32273951824067,86.70671953560027,86.15817565721315,86.55130004882812,28776700,0.0,0.0,0.0
2024-06-17,85.49990521054036,85.76503621651325,85.28048909270896,85.69190216064453,31040200,0.0,0.0,0.0
2024-06-18,85.83817521650484,86.48728615710243,85.69190013311575,86.47814178466797,26881000,0.0,0.0,0.0
2024-06-20,85.39935458237046,85.93875405230389,85.33535094175457,85.90218353271484,30246300,0.0,0.0,0.0
2024-06-21,86.15817019472483,86.37759331225918,85.56391145785112,85.90218353271484,22596400,0.0,0.0,0.0
2024-06-24,85.98447157341495,86.24959564208984,85.70105178171627,86.24959564208984,56939100,0.0,0.0,0.0
2024-06-25,86.00275725625374,86.44159654957222,85.9753311082552,86.39588165283203,22890200,0.0,0.0,0.0
2024-06-26,85.28049293129335,85.45420114391472,85.12507346479684,85.1616439819336,38489100,0.0,0.0,0.0
2024-06-27,85.49993133544922,85.67363959332913,85.40850850634418,85.49993133544922,23140800,0.0,0.0,0.0
2024-06-28,85.69191787835516,85.72848142543972,83.90914154052734,83.90914154052734,55119600,0.0,0.0,0.0
2024-07-01,82.92871719847268,83.53403967307347,82.37842849257231,82.46097564697266,49735400,0.0,0.0,0.0
2024-07-02,83.16715889669563,83.28638587281782,82.6168703185409,83.10295867919922,34204700,0.0,0.0,0.0
2024-07-03,83.61656509737868,84.27691422702934,83.54319141690655,84.19437408447266,35563300,0.0,0.0,0.0
2024-07-05,84.62542885406282,85.04732401882963,84.2860878265886,84.89140319824219,34895500,0.0,0.0,0.0
2024-07-08,84.87308544345798,85.157399783392,84.579597641729,85.07485961914062,16095700,0.0,0.0,0.0
2024-07-09,84.80885964977219,85.00146030562289,84.25857106201319,84.69879913330078,30289800,0.0,0.0,0.0
2024-07-10,84.79052196078793,85.00146955766076,84.61626820403188,84.96478271484375,23572500,0.0,0.0,0.0
2024-07-11,85.91859970120309,86.34048779976176,85.72599906907618,85.79019927978516,49761800,0.0,0.0,0.0
2024-07-12,85.7810239205041,86.15705871582031,85.60676321074311,86.15705871582031,27796500,0.0,0.0,0.0
2024-07-15,85.29495012301844,85.57009792233495,85.09317600315956,85.16654968261719,37918900,0.0,0.0,0.0
2024-07-16,85.78103605033749,86.40469831328875,85.6526356136092,86.36801147460938,36383700,0.0,0.0,0.0
2024-07-17,86.13873335912956,86.57896847391325,85.92779276038094,86.38636779785156,29036800,0.0,0.0,0.0
2024-07-18,85.91861384743174,86.34050201545297,85.64346604349214,85.72601318359375,34553100,0.0,0.0,0.0
2024-07-19,85.331625751308,85.44168625603396,85.12985165795953,85.22156524658203,32164700,0.0,0.0,0.0
2024-07-22,85.66182347341848,85.77187701065894,84.65295973067985,84.97396087646484,36160400,0.0,0.0,0.0
2024-07-23,85.12069542828301,85.32246956247042,84.82720768691033,84.85472106933594,23498000,0.0,0.0,0.0
2024-07-24,84.91892664701714,85.15738763857016,83.89172298611214,83.93757629394531,50757100,0.0,0.0,0.0
2024-07-25,84.40532081534313,85.16655706174905,84.34112058957997,84.62543487548828,44999100,0.0,0.0,0.0
2024-07-26,85.24908739227473,85.43252158568629,85.02897335747986,85.28577423095703,34423800,0.0,0.0,0.0
2024-07-29,85.90945682131877,85.92780374365056,85.49674203376202,85.74436950683594,25801300,0.0,0.0,0.0
2024-07-30,85.98281032755833,86.25795811952612,85.57009563690565,86.07452392578125,28169800,0.0,0.0,0.0
2024-07-31,86.69817809291071,86.98249232003852,86.43220378479505,86.9549789428711,47445300,0.0,0.0,0.0
2024-08-01,87.5485148818908,88.25707837715187,87.53011382645336,87.70494842529297,77254200,0.0,0.0,0.0
2024-08-02,89.26011632265042,90.52080296720985,89.15889294867576,90.43798065185548,91912900,0.0,0.0,0.0
2024-08-05,91.73547262424108,91.96552446087875,90.08830063144032,90.91648864746094,90686300,0.0,0.0,0.0
2024-08-06,90.3183482977551,90.55760416258596,88.88282012939453,88.88282012939453,61316900,0.0,0.0,0.0
2024-08-07,88.29389745486095,88.7540011560757,87.8798069320178,88.25709533691406,51337100,0.0,0.0,0.0
2024-08-08,87.53011845788394,87.78777537138522,87.27245452375831,87.71415710449219,37815800,0.0,0.0,0.0
2024-08-09,88.80921443806733,88.83681953561666,88.4227220105017,88.57916259765625,32141800,0.0,0.0,0.0
2024-08-12,88.36750792717882,89.09447255336595,88.22947542488069,88.90122985839844,24261400,0.0,0.0,0.0
2024-08-13,89.5361769382025,89.59138713197045,89.24171087039866,89.51776885986328,30366900,0.0,0.0,0.0
2024-08-14,89.76621921151812,90.32754619045144,89.7294100793853,90.07908630371094,31334100,0.0,0.0,0.0
2024-08-15,88.71719638989182,89.35213470458984,88.53315070252455,89.35213470458984,38723700,0.0,0.0,0.0
2024-08-16,89.66499328613281,89.75701260351823,89.26930390281402,89.66499328613281,28541000,0.0,0.0,0.0
2024-08-19,89.64658777693045,90.32754619045144,89.6373907593653,90.07908630371094,25322100,0.0,0.0,0.0
2024-08-20,90.4747733603626,90.97168610037858,90.29073472507842,90.79684448242188,25239300,0.0,0.0,0.0
2024-08-21,90.79686407982577,91.2845728871564,90.37356951081004,90.85208129882812,29230000,0.0,0.0,0.0
2024-08-22,90.39196657209986,90.4563808025628,89.65579792055959,89.95026397705078,33453800,0.0,0.0,0.0
2024-08-23,90.35515355504212,90.79684911048764,90.14350279511558,90.53919219970705,32005100,0.0,0.0,0.0
2024-08-26,90.8152598852066,90.82445690327609,90.25393287549149,90.30914306640624,23198700,0.0,0.0,0.0
2024-08-27,89.71101496155937,90.25394096316272,89.63740370728485,90.15271759033205,21507700,0.0,0.0,0.0
2024-08-28,90.18954156669992,90.36437622257075,89.93188458278394,90.04230499267578,18501400,0.0,0.0,0.0
2024-08-29,89.60058847400643,89.84904135910821,89.37973366433305,89.74781799316406,24988200,0.0,0.0,0.0
2024-08-30,89.88585867865845,90.17112072468048,88.77240857251167,88.79080963134766,42896200,0.0,0.0,0.0
2024-09-03,90.06759319508262,90.52919423776916,89.93834546660823,90.24300384521484,48947900,0.0,0.0,0.0
2024-09-04,90.36299685737386,91.42468042076752,90.2983730079571,91.40621948242188,40885200,0.0,0.0,0.0
2024-09-05,91.71088583782635,92.02477818912097,91.1938949574264,91.92322540283205,47450900,0.0,0.0,0.0
2024-09-06,91.90478214350767,93.04031690906815,91.57242878688662,91.91400909423828,57406400,0.0,0.0,0.0
2024-09-09,91.76630344284143,92.41254218907255,91.54473687891564,92.3109893798828,26961400,0.0,0.0,0.0
2024-09-10,92.20020410956828,93.16033522049928,92.15404118325026,92.9572296142578,31703400,0.0,0.0,0.0
2024-09-11,92.77255979058582,93.46496123672044,92.64331208411843,92.8833465576172,39497100,0.0,0.0,0.0
2024-09-12,92.65255319860545,92.8279638323559,92.0340095496054,92.44944763183594,41618700,0.0,0.0,0.0
2024-09-13,92.74487871657747,92.88336043518912,92.3386675535761,92.69872283935548,25722100,0.0,0.0,0.0
2024-09-16,92.90182710275111,93.58500174507856,92.69872855220665,93.5480728149414,30866300,0.0,0.0,0.0
2024-09-17,93.67732499794305,93.83426767587508,93.003384317009,93.095703125,31699400,0.0,0.0,0.0
2024-09-18,92.541771277219,92.99414535183338,91.89553266130224,91.94168853759766,48897000,0.0,0.0,0.0
2024-09-19,91.32315442230156,91.68320269509508,91.18467269196404,91.63704681396484,39979800,0.0,0.0,0.0
2024-09-20,91.38778480121292,91.627819348,91.13852330362646,91.2862319946289,37067600,0.0,0.0,0.0
2024-09-23,90.93540353056868,91.48008936881888,90.49226343961656,91.09234619140624,35703900,0.0,0.0,0.0
2024-09-24,90.4738003192977,91.29544957504616,90.335318603992,91.07388305664062,31005400,0.0,0.0,0.0
2024-09-25,90.71384886520842,90.76923874251588,90.2799427103702,90.3168716430664,36738200,0.0,0.0,0.0
2024-09-26,90.53842405607696,90.70460070552062,89.93834131955964,90.52919006347656,33332300,0.0,0.0,0.0
2024-09-27,90.97233558159398,91.17544117010846,90.66767719882226,91.00003051757812,28317600,0.0,0.0,0.0
2024-09-30,91.06466160949348,91.12928547974263,90.36302598716416,90.56613159179688,34175500,0.0,0.0,0.0
2024-10-01,91.50711585625857,91.99799296357392,91.12737646910008,91.2199935913086,45254200,0.0,0.0,0.0
2024-10-02,90.1734202119811,90.51611138841872,89.89556173743875,90.45127868652344,35810800,0.0,0.0,0.0
2024-10-03,90.154892008449,90.3123489117443,89.59918212890625,89.59918212890625,39677800,0.0,0.0,0.0
2024-10-04,88.39515881029779,88.87677222887346,88.35811053714033,88.49703979492188,56954100,0.0,0.0,0.0
2024-10-07,87.96909891126255,88.2376864788535,87.76533697758582,87.83016967773438,42606600,0.0,0.0,0.0
2024-10-08,87.42266070395326,88.01541893950537,87.37634859614255,87.9783706665039,33709600,0.0,0.0,0.0
2024-10-09,87.68198766737825,87.90427729554703,87.27447081487263,87.47822570800781,35807700,0.0,0.0,0.0
2024-10-10,86.950317687982,87.14481585205623,86.51501631099873,87.13555908203125,53667400,0.0,0.0,0.0
2024-10-11,86.57983731759116,87.12628345706656,86.5242613737778,86.7835922241211,27406400,0.0,0.0,0.0
2024-10-14,86.1723076695482,86.85768302384825,86.11673879564788,86.84841918945312,28795300,0.0,0.0,0.0
2024-10-15,87.48748624936432,87.98762729456584,87.40413294161489,87.9042739868164,46429100,0.0,0.0,0.0
2024-10-16,88.34883103024136,88.5618567965495,88.1172846637576,88.27473449707031,32281500,0.0,0.0,0.0
2024-10-17,87.33003437498787,87.46896361758105,86.75579680317892,86.87620544433594,43427200,0.0,0.0,0.0
2024-10-18,87.10776136457648,87.320780102474,86.93178383360718,86.94104766845703,25258600,0.0,0.0,0.0
2024-10-21,86.1537766175137,86.21860932326321,85.4220962524414,85.4220962524414,49504700,0.0,0.0,0.0
2024-10-22,85.8110826501839,85.91296361414494,85.29241399740928,85.50543975830078,32096900,0.0,0.0,0.0
2024-10-23,85.06087710845422,85.55176138321538,84.89417049384676,85.2739028930664,33354200,0.0,0.0,0.0
2024-10-24,85.42210579275391,86.13526563564727,85.17203170962293,85.82036590576172,32507400,0.0,0.0,0.0
2024-10-25,86.12599380566303,86.17230591045808,85.22759267602592,85.33873748779297,28667100,0.0,0.0,0.0
2024-10-28,85.45913331130657,85.47766097847067,84.6718770464633,85.10718536376953,33156500,0.0,0.0,0.0
2024-10-29,84.44032686133492,85.26463135708626,84.26435642862198,85.23684692382812,46545200,0.0,0.0,0.0
2024-10-30,85.98707251018227,86.40386029317973,85.35727305062615,85.4869384765625,41951100,0.0,0.0,0.0
2024-10-31,85.3943004872135,86.07968284661764,85.0886646417869,85.62584686279297,52173800,0.0,0.0,0.0
2024-11-01,85.73830639337493,85.97992235014434,84.38151205194703,84.4186782836914,80402000,0.0,0.0,0.0
2024-11-04,85.75688975457567,86.02639102105361,85.1528356807517,85.72901153564453,49747600,0.0,0.0,0.0
2024-11-05,85.52456143941525,86.33306523534547,85.12495709293289,86.18437194824219,46986000,0.0,0.0,0.0
2024-11-06,83.30350128440159,84.30715963483671,83.21986663357484,83.82391357421875,98895700,0.0,0.0,0.0
2024-11-07,84.33503621226508,85.14353993830106,84.24210646090228,84.87403869628906,56221400,0.0,0.0,0.0
2024-11-08,85.49667326550055,86.0542588470411,85.34797999571089,85.95203399658203,56756200,0.0,0.0,0.0
2024-11-11,85.72900623407071,85.77547465613975,85.14354240246404,85.53385162353516,22369200,0.0,0.0,0.0
2024-11-12,84.91120658882284,85.35727220289382,84.11199801602012,84.25139617919922,57908400,0.0,0.0,0.0
2024-11-13,85.05060439594438,85.06919460055222,83.37784757560713,83.45219421386719,49009100,0.0,0.0,0.0
2024-11-14,84.15846525678815,84.59524289006491,83.88896401306236,83.93543243408203,53328300,0.0,0.0,0.0
2024-11-15,83.56369383201638,84.24209439092799,83.18267977899389,83.71238708496094,73722400,0.0,0.0,0.0
2024-11-18,83.32206585758017,84.1863186772715,83.09902601048225,83.8610610961914,36010600,0.0,0.0,0.0
2024-11-19,84.40008654345158,84.63241446358771,84.21422704337685,84.28856658935547,29585100,0.0,0.0,0.0
2024-11-20,83.77747328351873,84.40940568990138,83.7402999548977,84.01909637451172,27755400,0.0,0.0,0.0
2024-11-21,84.05625013456498,84.42797627550365,83.63806265731299,83.95402526855469,28365700,0.0,0.0,0.0
2024-11-22,84.11201588289363,84.28858030967979,83.77746305623293,84.00049591064453,21547500,0.0,0.0,0.0
2024-11-25,85.68255334754686,86.2215559448996,85.4873987016268,86.17509460449219,56858000,0.0,0.0,0.0
2024-11-26,85.64536816336856,85.90557430036152,85.32010340204188,85.84052276611328,31122200,0.0,0.0,0.0
2024-11-27,86.46315806169528,86.77912062418628,86.11931019361509,86.4352798461914,39442200,0.0,0.0,0.0
2024-11-29,87.15085160081797,87.34600621038727,86.83488902058738,87.32742309570312,31905700,0.0,0.0,0.0
2024-12-02,86.9777264188449,87.7983635658304,86.72594454900624,87.5372543334961,39406000,0.0,0.0,0.0
2024-12-03,87.5932006197367,87.68645289671848,86.71661356378411,86.78189086914062,32768900,0.0,0.0,0.0
2024-12-04,86.3622408761291,87.83565085149863,86.29696357923004,87.71441650390625,35851100,0.0,0.0,0.0
2024-12-05,87.39735815095015,88.02215615744932,87.34140821445526,87.8916015625,23695800,0.0,0.0,0.0
2024-12-06,88.32990229650889,88.45112954044092,87.67712215342496,88.02216339111328,31761500,0.0,0.0,0.0
2024-12-09,87.64913175178111,87.6957614376107,87.16421574673267,87.2108383178711,30509600,0.0,0.0,0.0
2024-12-10,86.74458005690109,87.00569636749803,86.64200754253156,86.800537109375,28706500,0.0,0.0,0.0
2024-12-11,86.79120618338484,86.99636543308131,85.89597164218434,85.97989654541016,38748400,0.0,0.0,0.0
2024-12-12,85.45767366506654,85.56025328450119,84.86085066909655,84.93545532226562,45368400,0.0,0.0,0.0
2024-12-13,84.67436490706109,84.72098748960063,84.00293710919424,84.0682144165039,39486000,0.0,0.0,0.0
2024-12-16,84.44123406665636,84.50651137660707,83.97496553423903,84.31999969482422,23482300,0.0,0.0,0.0
2024-12-17,84.41323949185872,84.851532985849,84.35728955294664,84.525146484375,23839900,0.0,0.0,0.0
2024-12-18,84.22649725620023,84.60096348899788,83.44948107305626,83.46820831298828,61328400,0.0,0.0,0.0
2024-12-19,82.4478109286213,82.74738256967393,81.923562342367,82.20440673828125,99083300,0.0,0.0,0.0
2024-12-20,82.87843453929234,83.2341807297255,82.65375762167959,82.67247772216797,45542400,0.0,0.0,0.0
2024-12-23,82.53205499082803,82.59758605279028,81.85801712930203,81.9141845703125,32764600,0.0,0.0,0.0
2024-12-24,81.48355800768782,82.27929444201656,81.42739056174835,82.26057434082031,22377600,0.0,0.0,0.0
2024-12-26,81.64269331218233,82.34481486506559,81.63332969161928,82.21375274658203,19981800,0.0,0.0,0.0
2024-12-27,81.89547246471577,82.17631683953192,81.5022789122119,81.53972625732422,27262300,0.0,0.0,0.0
2024-12-30,82.22314445891472,82.41973770380669,82.07335504812909,82.19506072998047,48519600,0.0,0.0,0.0
2024-12-31,82.50399926843897,82.64442507312602,81.68954245748974,81.75507354736328,31917300,0.0,0.0,0.0
2025-01-02,82.1950338619735,82.49460544326824,81.64269451819109,81.9797134399414,27841300,0.0,0.0,0.0
2025-01-03,82.12015565352786,82.26993790304508,81.61462716949852,81.71760559082031,21962200,0.0,0.0,0.0
2025-01-06,81.49291903886815,81.66142851368045,81.1371728462919,81.35249328613281,30231500,0.0,0.0,0.0
2025-01-07,81.07164151798936,81.23078737081022,80.31335245496608,80.43505096435547,41757200,0.0,0.0,0.0
2025-01-08,80.01379156757112,80.69718603527097,79.89208589952901,80.53804016113281,44590800,0.0,0.0,0.0
2025-01-10,79.83591555809004,80.36952775503545,79.7235806591654,80.00442504882812,47115800,0.0,0.0,0.0
2025-01-13,80.06994076737328,80.19164640767298,79.61122335257002,79.97632598876953,33258900,0.0,0.0,0.0
2025-01-14,79.7890855596836,79.91078404105116,79.47078678498174,79.84525299072266,33412900,0.0,0.0,0.0
2025-01-15,81.16526095733296,81.42739237637709,80.88441657902628,81.221435546875,54120700,0.0,0.0,0.0
2025-01-16,81.10908475239714,81.82056995684977,80.772065820938,81.48355102539062,34651100,0.0,0.0,0.0
2025-01-17,81.84866222083534,81.89547318822697,81.48355953070327,81.62398529052734,29875600,0.0,0.0,0.0
2025-01-21,82.2793075690725,82.54143188174426,82.03590336058366,82.35420227050781,30548600,0.0,0.0,0.0
2025-01-22,82.26057241926249,82.36355082931313,81.74568036900932,81.92355346679688,25278400,0.0,0.0,0.0
2025-01-23,81.10909131541047,81.43674665241102,81.00611290344591,81.2869644165039,31949000,0.0,0.0,0.0
2025-01-24,81.18398798683803,81.70823653883967,81.0716459504016,81.65206909179688,21110400,0.0,0.0,0.0
2025-01-27,82.53208181890989,82.78484252797013,82.24186661386751,82.6163330078125,42864200,0.0,0.0,0.0
2025-01-28,82.23249524805475,82.56951425664117,82.06399288611325,82.5601577758789,25519100,0.0,0.0,0.0
2025-01-29,82.78481846537652,82.96269155782832,82.03588589517453,82.39163208007812,25342800,0.0,0.0,0.0
2025-01-30,82.76609973108582,83.04694409278365,82.54141567090701,82.7005615234375,25094900,0.0,0.0,0.0
2025-01-31,82.73802410537928,83.00015555720023,81.84867274934426,82.15760803222656,48790100,0.0,0.0,0.0
2025-02-03,83.22109672527654,83.70963465748369,82.48828624304977,82.82650756835938,70657200,0.0,0.0,0.0
2025-02-04,82.25343308362534,83.09897945895082,82.18766820625927,83.08019256591797,33414000,0.0,0.0,0.0
2025-02-05,84.03848281983693,84.7243226930969,83.98211497222223,84.45186614990234,48331200,0.0,0.0,0.0
2025-02-06,84.42368078282793,84.69613732136469,84.13243735135214,84.4142837524414,22509900,0.0,0.0,0.0
2025-02-07,83.8411855839031,84.03848021226693,83.55933918674071,83.86936950683594,31171200,0.0,0.0,0.0
2025-02-10,83.85998001033467,84.11364248567104,83.47478061434786,83.61570739746094,22736100,0.0,0.0,0.0
2025-02-11,83.17414136675035,83.31506815191594,83.03321458158474,83.08019256591797,21513000,0.0,0.0,0.0
2025-02-12,82.00914188200993,82.30038524893799,81.60515567893273,81.95277404785156,48536200,0.0,0.0,0.0
2025-02-13,82.76076097607434,83.51236574505057,82.74197408237536,83.31507110595703,42718100,0.0,0.0,0.0
2025-02-14,83.9727114549014,84.25456500687032,83.72844602221748,83.75662994384766,27460700,0.0,0.0,0.0
2025-02-18,83.18353252684753,83.46537890945453,82.71378138800233,82.77014923095703,29429200,0.0,0.0,0.0
2025-02-19,82.62921679741731,83.09896790409469,82.57284895832261,82.87348937988281,20584300,0.0,0.0,0.0
2025-02-20,83.09896616074808,83.39021671490433,83.09896616074808,83.18352508544922,27913400,0.0,0.0,0.0
2025-02-21,83.49355220792356,84.48942211636826,83.44657423691571,84.18878173828125,46912300,0.0,0.0,0.0
2025-02-24,83.92573526145563,84.61156786993699,83.85997039258984,84.43306732177734,26218000,0.0,0.0,0.0
2025-02-25,85.46651673086416,85.9644517526327,85.30680307630313,85.88928985595703,50125100,0.0,0.0,0.0
2025-02-26,85.88928965448042,86.49057049080926,85.6825980230237,86.39662170410156,32220200,0.0,0.0,0.0
2025-02-27,85.78594970703125,86.23691394904306,85.62623604191948,85.78594970703125,53373600,0.0,0.0,0.0
2025-02-28,86.29329034104123,86.88518141531414,85.93628202462591,86.83820343017578,49388600,0.0,0.0,0.0
2025-03-03,86.15021250355831,87.37540534245404,86.11251326676846,87.24346160888672,42904200,0.0,0.0,0.0
2025-03-04,87.12093800865348,87.45079731806182,86.01825518806896,86.16905212402344,56722000,0.0,0.0,0.0
2025-03-05,86.29157949384052,86.5177749246461,85.39624594901723,85.48106384277344,50215900,0.0,0.0,0.0
2025-03-06,85.2737398563252,85.57532661271486,84.56689522193733,85.1983413696289,42827500,0.0,0.0,0.0
2025-03-07,85.89573492261128,85.91458813411151,84.81190535393661,84.92500305175781,36903600,0.0,0.0,0.0
2025-03-10,85.83918571149101,86.35753395755587,85.6789693730924,85.8109130859375,41440800,0.0,0.0,0.0
2025-03-11,85.73554300414786,86.22561878688278,84.95329988306372,85.1983413696289,40555700,0.0,0.0,0.0
2025-03-12,84.82132817348764,85.17946008167863,84.61398599860067,84.68938446044922,32734600,0.0,0.0,0.0
2025-03-13,84.4255134476511,85.49048996433135,84.23701725638392,85.43394470214844,38675400,0.0,0.0,0.0
2025-03-14,84.83076237721299,85.20774752982969,84.6893920461825,84.98155212402344,24658000,0.0,0.0,0.0
2025-03-17,85.57529020552798,85.93342207937836,85.17945191397584,85.40564727783203,26700300,0.0,0.0,0.0
2025-03-18,84.95327702564478,85.78263858497056,84.93443100423913,85.490478515625,23654700,0.0,0.0,0.0
2025-03-19,85.46220391413019,85.97113276504882,85.17946326682205,85.93343353271484,31378700,0.0,0.0,0.0
2025-03-20,86.89475035966642,86.93244959701951,85.91459895006311,85.989990234375,35645800,0.0,0.0,0.0
2025-03-21,86.07481786064497,86.17848896883224,85.40567255623276,85.48106384277344,29192100,0.0,0.0,0.0
2025-03-24,85.00982626942248,85.06637871708027,84.53859661783945,84.60456848144531,27985600,0.0,0.0,0.0
2025-03-25,84.41608423002606,84.89674051490056,84.35953896959174,84.59515380859375,22333800,0.0,0.0,0.0
2025-03-26,84.24642756326298,84.4443431330043,83.96368692626507,84.0390853881836,25095600,0.0,0.0,0.0
2025-03-27,83.73749968174585,83.90714262779228,83.53015750431207,83.79405212402344,23674500,0.0,0.0,0.0
2025-03-28,84.7082361656342,85.14176656476874,84.64226430468752,84.95327758789062,39869400,0.0,0.0,0.0
2025-03-31,85.9805646546993,86.08422856199674,85.16062247943051,85.79206848144531,38824300,0.0,0.0,0.0
2025-04-01,86.30849841937521,86.93276061146233,86.27066369110601,86.5354995727539,39800100,0.0,0.0,0.0
2025-04-02,87.36784251290442,87.36784251290442,85.75044588773278,86.47874450683594,43488400,0.0,0.0,0.0
2025-04-03,87.50970718778383,87.708341285328,86.86653133658804,86.87599182128906,57467400,0.0,0.0,0.0
2025-04-04,88.57851070390234,88.99467818420582,87.79345651406317,87.82183074951172,92794200,0.0,0.0,0.0
2025-04-07,86.9043785061998,87.19759584404443,84.93702316450108,85.1734848022461,124987600,0.0,0.0,0.0
2025-04-08,84.44518173887444,85.31535886295875,83.44258667052674,83.56554412841797,73861900,0.0,0.0,0.0
2025-04-09,82.54402800209618,84.09522303487692,81.23876231731747,84.05738830566406,131353500,0.0,0.0,0.0
2025-04-10,82.98856833753403,83.40474309894695,81.67384230441883,81.74005126953125,78592000,0.0,0.0,0.0
2025-04-11,81.2198556663653,82.57241668504837,80.39696647052739,82.18461608886719,94814100,0.0,0.0,0.0
2025-04-14,82.66699054213223,82.96020066566713,82.11839780706208,82.77103424072266,37596400,0.0,0.0,0.0
2025-04-15,82.43053164881272,83.41421296701344,82.32648794675632,83.06424713134766,22553900,0.0,0.0,0.0
2025-04-16,83.04531822559491,83.70740783041474,82.73318717636465,83.52769470214844,35607300,0.0,0.0,0.0
2025-04-17,83.27233127164425,83.4236629674624,82.50619787401787,82.78994750976562,31758400,0.0,0.0,0.0
2025-04-21,81.91030276377839,82.35485175876069,81.32388257144932,81.3427963256836,39343200,0.0,0.0,0.0
2025-04-22,82.11839833255455,82.30756475870955,81.72114450788712,81.79681396484375,32552100,0.0,0.0,0.0
2025-04-23,84.06684998769533,84.23710267807073,82.44945303724785,82.5913314819336,44082200,0.0,0.0,0.0
2025-04-24,83.26285993240258,83.56553050082279,83.00748457189371,83.46148681640625,24190800,0.0,0.0,0.0
2025-04-25,84.08576969126759,84.28439662433018,83.8020128061854,84.07630920410156,22513900,0.0,0.0,0.0
2025-04-28,83.85875985453117,84.68164174707977,83.81146463982158,84.60597229003906,20130500,0.0,0.0,0.0
2025-04-29,84.48301860704383,85.3248215095609,84.4641048500574,85.31536102294922,22129500,0.0,0.0,0.0
2025-04-30,84.91809565812828,85.1734782483342,84.49246762943302,84.62488555908203,42630600,0.0,0.0,0.0
2025-05-01,84.736924475347,84.75590782727089,83.82557148441599,84.19580841064453,29932800,0.0,0.0,0.0
2025-05-02,83.26544849592466,83.60720670585076,83.10406468645631,83.28443908691406,32090400,0.0,0.0,0.0
2025-05-05,82.92370143846492,82.98066597630603,82.43005464817428,82.81927490234375,22862800,0.0,0.0,0.0
2025-05-06,82.4015694638234,83.09457397460938,82.2496736986826,83.09457397460938,21095200,0.0,0.0,0.0
2025-05-07,83.46480701781054,83.74011264740082,83.36987579034901,83.4458236694336,23161600,0.0,0.0,0.0
2025-05-08,83.55974575236921,83.59771969532312,82.48700902438027,82.51548767089844,25483700,0.0,0.0,0.0
2025-05-09,82.59144676979072,82.88573581415119,82.51549887357189,82.638916015625,17007900,0.0,0.0,0.0
2025-05-12,82.00286216838612,82.3825944100712,81.82249496674802,81.86995697021484,32115000,0.0,0.0,0.0
2025-05-13,81.76552564356257,81.91742142847447,81.1674522867487,81.53768920898438,53912200,0.0,0.0,0.0
2025-05-14,81.4047852766277,81.5187071170722,80.88265256141098,80.99657440185547,42119800,0.0,0.0,0.0
2025-05-15,81.29085861092159,81.94589647971362,81.14846537230537,81.70856475830078,59448000,0.0,0.0,0.0
2025-05-16,82.46801873769374,82.48700208617943,81.83196430020233,81.9269027709961,31778200,0.0,0.0,0.0
2025-05-19,80.60734320739168,81.75602778254311,80.5313953240456,81.6895751953125,49361900,0.0,0.0,0.0
2025-05-20,81.10099029541016,81.26237411608932,80.74973676558889,81.10099029541016,35493100,0.0,0.0,0.0
2025-05-21,80.38899461613879,80.74973619678445,79.51561568860373,79.71497344970703,77053100,0.0,0.0,0.0
2025-05-22,79.28777524132056,80.15166615044569,79.07892941848425,80.13268280029297,61747900,0.0,0.0,0.0
2025-05-23,80.47443267293204,80.52190191183114,80.03774319765844,80.26558685302734,47139200,0.0,0.0,0.0
2025-05-27,81.02504674797991,81.67058930803296,80.83518427146575,81.38579559326172,56773400,0.0,0.0,0.0
2025-05-28,81.0819922396269,81.20540209609415,80.66428619806463,81.0345230102539,34806800,0.0,0.0,0.0
2025-05-29,81.42375892112806,81.88893428205824,81.30034904078536,81.78450775146484,38933200,0.0,0.0,0.0
2025-05-30,81.72754641517471,82.08829525962997,81.52818864245485,81.90792083740234,49042100,0.0,0.0,0.0
2025-06-02,81.26949152967693,81.44100674974723,80.79306117056504,81.14562225341797,46213100,0.0,0.0,0.0
2025-06-03,81.41244658736224,81.69830052698909,80.88837012675086,81.00271606445312,33731300,0.0,0.0,0.0
2025-06-04,81.74592719779967,82.56538805027226,81.61252727016468,82.31764221191406,57441500,0.0,0.0,0.0
2025-06-05,82.5939780869125,82.83219329744585,82.1556629719013,82.37481689453125,37664700,0.0,0.0,0.0
2025-06-06,81.74592886375655,81.8793287941102,81.25996782046771,81.32666778564453,38130100,0.0,0.0,0.0
2025-06-09,81.0312764385204,81.60299141612829,81.0312764385204,81.41242218017578,26560800,0.0,0.0,0.0
2025-06-10,82.04131847931826,82.11754909275386,81.48865743653732,81.8316879272461,24857000,0.0,0.0,0.0
2025-06-11,81.76498381429187,82.32717547269971,81.66969918720186,82.07942962646484,36334800,0.0,0.0,0.0
2025-06-12,82.79406747083515,83.08945196804189,82.51773698935934,83.06086730957031,43017800,0.0,0.0,0.0
2025-06-13,82.64161327044518,82.78453656234423,81.73639122649918,82.26046752929688,49374000,0.0,0.0,0.0
2025-06-16,82.02225670132466,82.35575651636621,81.43148040771484,81.43148040771484,36496600,0.0,0.0,0.0
2025-06-17,81.94601687392748,82.57490839988176,81.70780170859629,82.42244720458984,34521600,0.0,0.0,0.0
2025-06-18,82.78454545815583,82.98464535806707,82.27953038651063,82.56539154052734,38589000,0.0,0.0,0.0
2025-06-20,82.0794335041632,82.69879451413546,81.89838761531325,82.41293334960938,26001900,0.0,0.0,0.0
2025-06-23,82.83220214627086,83.31816326320366,82.67974090576172,82.67974090576172,36851800,0.0,0.0,0.0
2025-06-24,82.39387607496167,83.46107553821338,82.35576076988109,83.28003692626953,32959100,0.0,0.0,0.0
2025-06-25,83.00371137391683,83.38485717773438,82.70832682909023,83.38485717773438,26345300,0.0,0.0,0.0
2025-06-26,83.46106958511463,83.8041000366211,83.0894544742744,83.8041000366211,30467500,0.0,0.0,0.0
2025-06-27,83.44203069874737,84.00422242333522,83.1275848495585,83.27051544189453,74993500,0.0,0.0,0.0
2025-06-30,83.71835068891896,84.27101169910715,83.48013548829485,84.0899658203125,53695200,0.0,0.0,0.0
2025-07-01,84.28891097295886,84.46106608666481,83.8394017342174,84.29847717285156,38960600,0.0,0.0,0.0
2025-07-02,83.38988452018039,83.77244495030568,83.30380331559147,83.76288604736328,39382200,0.0,0.0,0.0
2025-07-03,83.37074644961021,83.48551894896437,83.06469374820443,83.1794662475586,26729100,0.0,0.0,0.0
2025-07-07,82.76820305759247,82.78732815808104,82.17522278624423,82.38563537597656,38314700,0.0,0.0,0.0
2025-07-08,81.84048335037666,82.289999853997,81.71615194811079,82.28043365478516,31407000,0.0,0.0,0.0
2025-07-09,82.43346692791218,83.1412124633789,82.42390072832049,83.1412124633789,29821900,0.0,0.0,0.0
2025-07-10,83.04557043408812,83.2655419414946,82.72038532735522,83.19859313964844,24525500,0.0,0.0,0.0
2025-07-11,82.47172089243675,82.50997109541846,81.90743189068456,82.05089569091797,40764800,0.0,0.0,0.0
2025-07-14,81.8117972277386,82.13697505280257,81.6013846129925,81.87874603271484,24609500,0.0,0.0,0.0
2025-07-15,82.14652889980734,82.16566129656492,81.1996795727052,81.30488586425781,40455000,0.0,0.0,0.0
2025-07-16,81.56310335538844,81.92654587386924,80.52061408197218,81.41963958740234,65987700,0.0,0.0,0.0
2025-07-17,81.50573424823477,81.76396323582532,81.28575546135491,81.40052795410156,31875500,0.0,0.0,0.0
2025-07-18,81.70657785048107,81.73526914847105,81.39095897884872,81.52485656738281,27534900,0.0,0.0,0.0
2025-07-21,82.46215974499721,82.73952116327412,82.21348962915025,82.25174713134766,40019500,0.0,0.0,0.0
2025-07-22,82.4143252346311,82.9881730985889,82.35694263729675,82.74906921386719,35190300,0.0,0.0,0.0
2025-07-23,82.2995671148626,82.44302362053071,82.05089701025102,82.29000091552734,31008500,0.0,0.0,0.0
2025-07-24,81.82135996944113,82.48128179149532,81.78310246866127,82.14653778076172,25164800,0.0,0.0,0.0
2025-07-25,82.0604552289421,82.67256058317052,81.9839402354457,82.66299438476562,27196200,0.0,0.0,0.0
2025-07-28,82.24217609163776,82.44302249370006,82.0891533887259,82.12741088867188,26812500,0.0,0.0,0.0
2025-07-29,82.47172401479973,83.53333866422665,82.44302541616894,83.51421356201172,47828300,0.0,0.0,0.0
2025-07-30,82.98816914149516,83.16989042021758,82.78732276353038,83.08381652832031,40670900,0.0,0.0,0.0
2025-07-31,83.33248396243748,83.60028644490274,83.05512257825211,83.13163757324219,49814100,0.0,0.0,0.0
2025-08-01,84.06386353510673,84.41909264958304,84.02545979369593,84.31348419189453,63434500,0.0,0.0,0.0
2025-08-04,84.44790146546856,84.63031742291604,84.15028159785669,84.54390716552734,36425200,0.0,0.0,0.0
2025-08-05,84.34227831002626,84.91831973482856,84.27507359921205,84.80311584472656,28586100,0.0,0.0,0.0
2025-08-06,84.33268240021756,84.53430387381542,83.44941832206347,84.31348419189453,42589300,0.0,0.0,0.0
2025-08-07,84.40948963024778,84.72631500236444,84.0926642581311,84.16947174072266,29213100,0.0,0.0,0.0
2025-08-08,83.87184643532922,83.9006474082328,83.67023230024,83.80464172363281,21596300,0.0,0.0,0.0
2025-08-11,84.0446698606768,84.1694765334212,83.79504919042292,83.9006576538086,20100900,0.0,0.0,0.0
2025-08-12,83.43022652113154,83.49743124257054,83.09420291393658,83.47822570800781,41052300,0.0,0.0,0.0
2025-08-13,83.94865938422778,84.30388117287555,83.93905661771267,84.16947174072266,30817500,0.0,0.0,0.0
2025-08-14,84.01587343399669,84.01587343399669,83.4206263649305,83.5454330444336,33397400,0.0,0.0,0.0
2025-08-15,83.19981600232748,83.31501991704347,82.80618309433932,82.9501953125,36343600,0.0,0.0,0.0
2025-08-18,83.04619817491425,83.08460192009414,82.55655957982725,82.71017456054688,26777500,0.0,0.0,0.0
2025-08-19,82.99818971366717,83.28621413337167,82.99818971366717,83.1902084350586,28780600,0.0,0.0,0.0
2025-08-20,83.13259410592755,83.49742599202497,83.10379313065981,83.37261199951172,25912500,0.0,0.0,0.0
2025-08-21,83.10379797555436,83.21900920810683,82.67176867182175,82.95979309082031,28643900,0.0,0.0,0.0
2025-08-22,83.36303230935145,83.81426720651457,83.25742383023812,83.57424926757812,49871900,0.0,0.0,0.0
2025-08-25,83.26701616474017,83.57423879509085,83.19020867596119,83.33422088623047,27011900,0.0,0.0,0.0
2025-08-26,83.055809196023,83.32462811423063,82.77738750937478,83.28622436523438,30259300,0.0,0.0,0.0
2025-08-27,82.67176887444964,83.19981120231948,82.56616040887567,83.1902084350586,38142800,0.0,0.0,0.0
2025-08-28,83.31501578030354,83.77585339058317,83.19981187130762,83.7374496459961,32205900,0.0,0.0,0.0
2025-08-29,83.29580397916214,83.3918096625821,82.9885813973598,83.1421890258789,41686400,0.0,0.0,0.0
2025-09-02,82.52349853515625,82.7258792392987,82.37894614120745,82.52349853515625,48760600,0.0,0.0,0.0
2025-09-03,82.81261620701048,83.66068876085332,82.7740664519339,83.42939758300781,52499500,0.0,0.0,0.0
2025-09-04,83.86306453526431,84.07508449942657,83.43903195955333,84.0654525756836,40501600,0.0,0.0,0.0
2025-09-05,85.01952901026958,85.39537988267267,84.94242951013227,85.3471908569336,69668000,0.0,0.0,0.0
2025-09-08,85.93506155875387,86.50366118070852,85.88687988569491,86.48438262939453,54538700,0.0,0.0,0.0
2025-09-09,86.15672032653242,86.30128005016913,85.76159090543295,85.99288940429688,37126400,0.0,0.0,0.0
2025-09-10,86.15672078318674,86.80241255255834,85.95434011006788,86.48438262939453,40713600,0.0,0.0,0.0
2025-09-11,86.64820598420609,87.19752696025313,86.63856671020898,87.0625991821289,46694400,0.0,0.0,0.0
2025-09-12,86.57112567498933,86.7156854065223,86.24345646000705,86.686767578125,32968600,0.0,0.0,0.0
2025-09-15,86.87952087961365,87.17827228181683,86.80242137175033,86.88916015625,24820100,0.0,0.0,0.0
2025-09-16,86.82169589117304,87.21682536961609,86.77351421137703,87.072265625,26794200,0.0,0.0,0.0
2025-09-17,87.41920114247274,87.7372310921753,86.60967838244474,86.8506088256836,49121800,0.0,0.0,0.0
2025-09-18,86.02179829650522,86.22417896482952,85.67485790720279,85.95433807373047,55717900,0.0,0.0,0.0
2025-09-19,85.83869348271072,85.99289248748198,85.56885257697427,85.7905044555664,32509200,0.0,0.0,0.0
2025-09-22,85.59775067728864,85.6844894430859,85.32790981056326,85.48210144042969,24758200,0.0,0.0,0.0
2025-09-23,85.7423192430755,86.11817011093028,85.53029929657016,86.07962036132812,26689000,0.0,0.0,0.0
2025-09-24,85.84833909257473,85.92543860064879,85.4821201055299,85.75196838378906,28098000,0.0,0.0,0.0
2025-09-25,85.62667984501529,85.80015006187502,85.25082893392153,85.75196838378906,29882500,0.0,0.0,0.0
2025-09-26,85.76159715158728,86.2241868303933,85.47248503587035,85.67486572265625,30955100,0.0,0.0,0.0
2025-09-29,86.05071034792991,86.48438216620298,86.02179987372676,86.37837219238281,32286200,0.0,0.0,0.0
2025-09-30,86.4072877816021,86.77349936638012,85.97360862194657,86.1278076171875,38584000,0.0,0.0,0.0
2025-10-01,86.50497098411182,86.68871783980225,86.15682293028075,86.3502426147461,39408900,0.0,0.0,0.0
2025-10-02,86.36956573091351,86.7370593777766,86.25352131881378,86.60166931152344,23208300,0.0,0.0,0.0
2025-10-03,86.67904017660643,86.76608087431288,86.33089214219292,86.43727111816406,25884500,0.0,0.0,0.0
2025-10-06,85.7893324335508,86.22452116882218,85.73131022013042,85.75064849853516,28371000,0.0,0.0,0.0
2025-10-07,86.04077321483824,86.43727063178547,85.88603747676686,86.24385833740234,29103300,0.0,0.0,0.0
2025-10-08,86.65004448024087,86.66939014015219,86.19551738902159,86.31156921386719,22506200,0.0,0.0,0.0
2025-10-09,86.23418550922136,86.3502373127749,86.07945714935607,86.24385833740234,21578700,0.0,0.0,0.0
2025-10-10,87.01752351646199,87.73315786976671,86.94015564631927,87.6364517211914,59389400,0.0,0.0,0.0
2025-10-13,87.30763601275606,87.59776181691805,86.90146578949383,87.58808898925781,28035500,0.0,0.0,0.0
2025-10-14,87.66546041235249,87.92656774413173,87.45270246442556,87.86854553222656,29800000,0.0,0.0,0.0
2025-10-15,87.96526649685939,88.2940763021943,87.49140113732537,87.6751480102539,31333900,0.0,0.0,0.0
2025-10-16,87.53973855695969,88.4874765246177,87.472043514856,88.3327407836914,39631200,0.0,0.0,0.0
2025-10-17,88.24570631129971,88.28439024602639,87.90723110519897,88.19734954833984,40240400,0.0,0.0,0.0
2025-10-20,88.44879456534618,88.54550071648244,88.27472054201837,88.53583526611328,28429300,0.0,0.0,0.0
2025-10-21,88.9613431016769,89.15476278062282,88.88398260830486,88.97101593017578,24514300,0.0,0.0,0.0
2025-10-22,88.9613348094219,89.14508164274154,88.79693363129675,89.0290298461914,30496200,0.0,0.0,0.0
2025-10-23,88.59385857136837,88.76793259683829,88.28439445700033,88.41978454589844,28275100,0.0,0.0,0.0
2025-10-24,88.57450236446503,88.58417519200755,88.15866669681,88.45845794677734,28266000,0.0,0.0,0.0
2025-10-27,88.3134084166462,88.76793546328427,88.09097761872728,88.75826263427734,30033600,0.0,0.0,0.0
2025-10-28,88.82594763243183,89.14508454969732,88.78726369898699,88.99034881591797,23564500,0.0,0.0,0.0
2025-10-29,88.85495633490643,88.86462916255752,88.0232702338499,88.0909652709961,39551600,0.0,0.0,0.0
2025-10-30,87.4140365853509,87.97494267697314,87.37535264335548,87.57843780517578,42649200,0.0,0.0,0.0
2025-10-31,87.57842148500173,87.67513501107152,87.23027345012763,87.31731414794922,38247300,0.0,0.0,0.0
2025-11-03,86.98247434308843,87.17658535498343,86.78835592633297,87.09893798828125,40752300,0.0,0.0,0.0
2025-11-04,87.13776556239598,87.40952395312738,87.09894187731139,87.29306030273438,26383800,0.0,0.0,0.0
2025-11-05,86.87570477911152,86.91452845965348,86.26424106665044,86.34188842773438,44643400,0.0,0.0,0.0
2025-11-06,86.92423637778919,87.2057025325262,86.8951204660682,87.11835479736328,33027400,0.0,0.0,0.0
2025-11-07,86.73011830243927,87.22511097598051,86.73011830243927,86.9339370727539,28530100,0.0,0.0,0.0
2025-11-10,86.85628867020316,87.03099152907318,86.75923317191089,86.9145278930664,24093500,0.0,0.0,0.0
2025-11-11,87.30275408127368,87.41922512773694,87.13775898576257,87.31246185302734,18942300,0.0,0.0,0.0
2025-11-12,87.30275567532684,87.66186918816707,87.23481608153116,87.46775817871094,23594900,0.0,0.0,0.0
2025-11-13,87.15717192555243,87.29305110660356,86.74952697753906,86.74952697753906,33825900,0.0,0.0,0.0
2025-11-14,87.14746962347652,87.19599367412016,86.25454711914062,86.25454711914062,38550500,0.0,0.0,0.0
2025-11-17,86.45836298760689,86.67188953684678,86.36130748473246,86.46806335449219,25605800,0.0,0.0,0.0
2025-11-18,86.72041573367005,86.81747123894827,86.18660675220964,86.43894958496094,31967400,0.0,0.0,0.0
2025-11-19,86.6039571044207,86.68159707022309,86.23513579620088,86.26425170898438,25782400,0.0,0.0,0.0
2025-11-20,86.37100079738808,86.78834609003624,86.37100079738808,86.60394287109375,32945000,0.0,0.0,0.0
2025-11-21,87.01158426578453,87.03099240369409,86.57482341179032,86.86599731445312,41938600,0.0,0.0,0.0
2025-11-24,87.30276845517919,87.41923952081875,87.13777333250256,87.36100769042969,30865700,0.0,0.0,0.0
2025-11-25,87.65216811461262,87.92392651056312,87.47746523080718,87.584228515625,36503300,0.0,0.0,0.0
2025-11-26,87.49688069327928,87.97245788574219,87.18629861179276,87.97245788574219,34099000,0.0,0.0,0.0
2025-11-28,87.7977495842895,87.86568917902038,87.30275687704437,87.55510711669922,40704300,0.0,0.0,0.0
2025-12-01,86.54306593182325,86.67943032818606,86.40670153546046,86.46514129638672,47086600,0.0,0.0,0.0
2025-12-02,86.28009579318805,86.65022673412642,86.16320881806368,86.50411987304688,27605700,0.0,0.0,0.0
2025-12-03,86.61126283877987,86.84503678479017,86.43593609492389,86.74762725830078,23278600,0.0,0.0,0.0
2025-12-04,86.60152391980017,86.62100136543624,86.18268824124456,86.28009033203125,25541500,0.0,0.0,0.0
2025-12-05,86.25086801366038,86.25086801366038,85.7638501421689,85.88072967529297,32808100,0.0,0.0,0.0
2025-12-08,85.90022276404129,85.90995777186367,85.28657543126133,85.5982666015625,32255200,0.0,0.0,0.0
2025-12-09,86.04632448704751,86.05606692643318,85.55930655601925,85.6859359741211,25771800,0.0,0.0,0.0
2025-12-10,85.71514115632976,86.22163644793493,85.57877675353981,86.01708984375,46833500,0.0,0.0,0.0
2025-12-11,86.38724069645333,86.52360511902629,85.87100289224092,85.90022277832031,26778700,0.0,0.0,0.0
2025-12-12,85.11124320648238,85.22813017456237,84.92618146281809,85.07228088378906,47030100,0.0,0.0,0.0
2025-12-15,85.44242083136453,85.59826269374864,85.12098723661167,85.13072967529297,28611800,0.0,0.0,0.0
2025-12-16,84.92618692793715,85.6372289267631,84.906702049685,85.5982666015625,41018700,0.0,0.0,0.0
2025-12-17,85.35475585874697,85.7054093469206,85.30605852674167,85.52034759521484,24668300,0.0,0.0,0.0
2025-12-18,85.84177626912411,86.08528523016007,85.78333649649268,85.929443359375,39048900,0.0,0.0,0.0
2025-12-19,85.66737844415927,85.814053908092,85.4718161323983,85.60871124267578,37858100,0.0,0.0,0.0
2025-12-22,85.48159506207156,85.52070901923057,85.31536633931417,85.42292785644531,25547100,0.0,0.0,0.0
2025-12-23,85.13936396463508,85.63805763239041,85.10025000439691,85.55982971191406,33624100,0.0,0.0,0.0
2025-12-24,85.81405409736175,86.12695827300384,85.70649258758878,86.07806396484375,25942000,0.0,0.0,0.0
2025-12-26,86.14652042481308,86.21496798717799,85.65760713357098,85.79450225830078,26522700,0.0,0.0,0.0
2025-12-29,85.99983038549806,86.11717224121094,85.84338203810441,86.11717224121094,29399800,0.0,0.0,0.0
2025-12-30,85.79449285408008,86.08784378076008,85.72604529921794,85.91183471679688,25106800,0.0,0.0,0.0
2025-12-31,85.73583777235474,85.96074117596469,85.19803015082552,85.22737121582031,36500000,0.0,0.0,0.0
2026-01-02,85.46204112036372,85.47182147463027,85.09046226047955,85.1002426147461,40731300,0.0,0.0,0.0
2026-01-05,85.24691594596932,85.57937338043412,85.1784683882722,85.52070617675781,30178000,0.0,0.0,0.0
2026-01-06,85.21758890315921,85.40337088250823,84.97313225539352,85.3447036743164,39015200,0.0,0.0,0.0
2026-01-07,85.89227826851176,86.05851444732599,85.54026758335496,85.84339141845703,39930900,0.0,0.0,0.0
2026-01-08,85.39359372431021,85.60871675723902,85.3153658104771,85.41314697265625,28204900,0.0,0.0,0.0
2026-01-09,85.36426520133794,86.04874083754665,85.18825611485215,85.98029327392578,57348800,0.0,0.0,0.0
2026-01-12,85.55981499392311,85.96072742223065,85.47181419369394,85.72604370117188,36103100,0.0,0.0,0.0
2026-01-13,85.93138601094832,85.96072707112869,85.5989285978087,85.87271881103516,30451400,0.0,0.0,0.0
2026-01-14,85.96072885620227,86.46919533986404,85.94116814900914,86.37141418457031,39233500,0.0,0.0,0.0
2026-01-15,86.67453693970056,86.69409764665347,86.35185241699219,86.35185241699219,37988900,0.0,0.0,0.0
2026-01-16,86.17584938731602,86.36163881525353,85.76516403524566,85.8531723022461,46382400,0.0,0.0,0.0
2026-01-20,84.7091151326838,85.1002472622371,84.62111432015237,84.72867584228516,66009500,0.0,0.0,0.0
2026-01-21,84.87534491309711,85.54026724505131,84.69933584110264,85.37403106689453,51220100,0.0,0.0,0.0
2026-01-22,85.33492786763317,85.8140682941525,85.20781308970115,85.74562072753906,42419300,0.0,0.0,0.0
2026-01-23,85.8825121059281,86.07807444192346,85.55982753733332,85.98029327392578,35968800,0.0,0.0,0.0
2026-01-26,86.43985499730464,86.52785579213807,86.24428524174695,86.39096069335938,38882400,0.0,0.0,0.0
2026-01-27,86.15629613921836,86.29319125657514,85.73583043298697,85.8531723022461,35180100,0.0,0.0,0.0
2026-01-28,85.56960721978764,85.75538919945586,85.35448417574824,85.65760803222656,38750300,0.0,0.0,0.0
2026-01-29,85.2175749249648,85.79448893815295,85.14912737322682,85.67715454101562,43855000,0.0,0.0,0.0
2026-01-30,85.44248521328284,85.61849429884923,85.19802856445312,85.19802856445312,45832200,0.0,0.0,0.0
2026-02-02,85.41592751308343,85.4551910781598,84.95459747314453,84.95459747314453,38171400,0.0,0.0,0.0
2026-02-03,84.89570125354713,85.18035649341248,84.83680964831966,85.16072845458984,27438200,0.0,0.0,0.0
2026-02-04,85.03312348324587,85.18035999111999,84.86625893574316,84.94478607177734,37872900,0.0,0.0,0.0
2026-02-05,85.32759745288281,85.86746215820312,85.15091513921071,85.86746215820312,50268900,0.0,0.0,0.0
2026-02-06,85.83800093214411,85.92634582519531,85.59260926854307,85.92634582519531,33461800,0.0,0.0,0.0
2026-02-09,85.59261434457979,85.96561448817994,85.42574980073746,85.9067153930664,24708900,0.0,0.0,0.0
2026-02-10,86.61344655498588,86.89810180664062,86.59381851535034,86.89810180664062,37253700,0.0,0.0,0.0
2026-02-11,86.41713191007011,86.8490236481931,86.3189767392493,86.43675994873047,37014000,0.0,0.0,0.0
2026-02-12,86.73122419302165,87.6342636554118,86.72140643030298,87.58518981933594,48454900,0.0,0.0,0.0
2026-02-13,87.97781721564363,88.15449951434705,87.86984428372713,88.066162109375,56785200,0.0,0.0,0.0
2026-02-17,88.27230103436457,88.45880111941028,88.10543647867115,88.21340942382812,32356700,0.0,0.0,0.0
2026-02-18,88.03672346273571,88.2035880115285,87.82077758135212,87.87966918945312,35415400,0.0,0.0,0.0
2026-02-19,87.75205646684813,88.06615748262341,87.7226106667378,87.96800231933594,28658600,0.0,0.0,0.0
2026-02-20,88.04653436369652,88.08579793229607,87.29073126224496,87.76188659667969,49610800,0.0,0.0,0.0
2026-02-23,87.8992999630192,88.3410019774024,87.87966443554112,88.0857925415039,33614600,0.0,0.0,0.0
2026-02-24,88.29192510097572,88.39008776579851,88.1054325130842,88.24285125732422,24933900,0.0,0.0,0.0
2026-02-25,88.0563448319599,88.41952719484367,88.0563448319599,88.2526626586914,23625800,0.0,0.0,0.0
2026-02-26,88.39988996886918,88.65509939433569,88.39007969429066,88.60601806640625,29447100,0.0,0.0,0.0
2026-02-27,89.0182883044779,89.18515284970917,88.88086956266866,89.14588928222656,51272000,0.0,0.0,0.0
2026-03-02,88.6150690775047,88.62491197459984,88.00447134282062,88.25067901611328,55465500,0.0,0.0,0.0
2026-03-03,87.6302392234739,88.30976729897864,87.59084509373041,88.07341003417969,51850400,0.0,0.0,0.0
2026-03-04,87.9158280664866,88.08325498593538,87.74840866069934,87.79765319824219,47069500,0.0,0.0,0.0
2026-03-05,87.28553872216094,87.59084133616027,87.16736385166205,87.443115234375,45768900,0.0,0.0,0.0
2026-03-06,86.98024259640177,87.59084030354036,86.68479039631436,87.11811828613281,58136900,0.0,0.0,0.0
2026-03-09,86.96054915312499,87.96507310725676,86.87191048777309,87.8764419555664,52478700,0.0,0.0,0.0
2026-03-10,87.45296545411661,87.60068404191813,86.9309988937919,86.94084930419922,48651500,0.0,0.0,0.0
2026-03-11,86.4189007569333,86.4779881992327,85.75906593904827,85.81815338134766,54679900,0.0,0.0,0.0
2026-03-12,85.59163888132643,85.9264777093956,85.46360608287256,85.65072631835938,48977000,0.0,0.0,0.0
2026-03-13,85.61134017878474,85.82800415300818,85.15831892070966,85.22725677490234,43460000,0.0,0.0,0.0
2026-03-16,85.85753361517592,86.01510260702065,85.64086967693575,85.88707733154297,37341500,0.0,0.0,0.0
2026-03-17,86.03480482358125,86.24161835516901,85.99541069656527,86.1234359741211,19578100,0.0,0.0,0.0
2026-03-18,86.03480288826188,86.15298526665133,85.61132542444297,85.640869140625,37596600,0.0,0.0,0.0
2026-03-19,85.73935667415012,86.39919894073124,85.65072551942744,86.16283416748047,60307400,0.0,0.0,0.0
2026-03-20,85.49314495058495,85.54238948775956,84.45907729287116,84.52801513671875,78948500,0.0,0.0,0.0
2026-03-23,84.8727076396549,85.40451710433817,84.63635038212738,85.07952117919922,69686700,0.0,0.0,0.0
2026-03-24,84.41968233590264,84.98103549133167,84.26210582942224,84.70528411865234,51799400,0.0,0.0,0.0
2026-03-25,85.4340586676216,85.56208394687394,85.16815769881703,85.52268981933594,37861000,0.0,0.0,0.0
2026-03-26,85.03027882545685,85.29618732146338,84.62650214653921,84.80377197265625,39537000,0.0,0.0,0.0
2026-03-27,84.2030209159799,84.79391780564043,84.15377637781586,84.34089660644531,39928900,0.0,0.0,0.0
2026-03-30,85.31587406268727,85.63101956112078,85.17799837672645,85.4636001586914,36473200,0.0,0.0,0.0
2026-03-31,85.61132672914152,85.83784107942468,85.25678710223136,85.37496948242188,47112200,0.0,0.0,0.0
2026-04-01,85.31070369651063,85.73587325079048,85.26126993754262,85.29093170166016,31157600,0.0,0.0,0.0
2026-04-02,85.24148603463945,85.87429544902584,85.18216250944175,85.81497192382812,33310600,0.0,0.0,0.0
2026-04-06,85.52822783476026,85.8742942999215,85.4194630108977,85.67654418945312,14660300,0.0,0.0,0.0
2026-04-07,85.54800189877801,85.70620802592816,84.94486178414724,85.66665649414062,22747200,0.0,0.0,0.0
2026-04-08,86.37857128046215,86.38846104959337,85.75565161149855,85.94351196289062,22244900,0.0,0.0,0.0
2026-04-09,85.71609281201118,86.15114454901732,85.41946011268995,85.7259750366211,18909100,0.0,0.0,0.0
2026-04-10,85.62710589212904,85.70620895656306,85.36014247926853,85.51834106445312,13247700,0.0,0.0,0.0
2026-04-13,85.46889859933395,85.8248548093386,85.2810307263641,85.7754135131836,12719700,0.0,0.0,0.0
2026-04-14,85.72597492683147,86.25990925871615,85.65676163623621,86.2302474975586,16606900,0.0,0.0,0.0
2026-04-15,86.0423830477906,86.09182434747889,85.75564764938473,85.85452270507812,15119600,0.0,0.0,0.0
2026-04-16,85.94350887827315,85.99295017847123,85.231596400047,85.31069946289062,20001000,0.0,0.0,0.0
2026-04-17,86.07205539821338,86.2302539841817,85.91384926856159,86.09182739257812,29604100,0.0,0.0,0.0
2026-04-20,86.13137552639,86.15114751997457,85.73586776155008,86.07205200195312,14623500,0.0,0.0,0.0
2026-04-21,85.9929503985,86.11159744938575,85.55789109543011,85.59744262695312,19798700,0.0,0.0,0.0
2026-04-22,86.07204828281097,86.18081310203435,85.73586405693432,85.7655258178711,13676800,0.0,0.0,0.0
2026-04-23,85.85452040231723,86.06216027680907,85.2711447651119,85.57766723632812,21106700,0.0,0.0,0.0
2026-04-24,85.48867894376795,85.84463518854928,85.28103905825941,85.73587036132812,22285700,0.0,0.0,0.0
2026-04-27,85.51833934509271,85.64688370813444,85.221714174954,85.31069946289062,19250100,0.0,0.0,0.0
2026-04-28,85.1524973174237,85.39968872070312,84.97451920531519,85.39968872070312,14553600,0.0,0.0,0.0
2026-04-29,85.02395607832906,85.02395607832906,84.58890432230456,84.73721313476562,29020800,0.0,0.0,0.0
2026-04-30,84.92507495932024,84.93496472733936,84.43069216992208,84.65811157226562,28516200,0.0,0.0,0.0
2026-05-01,84.85164134021396,85.3478497691041,84.69285100863003,84.96080780029297,21281000,0.0,0.0,0.0
2026-05-04,84.70276916554077,84.71269545319674,84.11724691000123,84.31572723388672,27226000,0.0,0.0,0.0
2026-05-05,84.5042900413435,84.84170811104691,84.44473988610122,84.78216552734375,18226500,0.0,0.0,0.0
2026-05-06,85.3974671723234,85.5165523404517,85.26844814479885,85.42723846435547,22530700,0.0,0.0,0.0
2026-05-07,85.62571573561664,85.63564202311937,84.95087204466975,85.00049591064453,21178300,0.0,0.0,0.0
2026-05-08,85.40738588864131,85.62571879226208,85.33791701672008,85.42723846435547,30797600,0.0,0.0,0.0
2026-05-11,85.22875166052366,85.26844924092312,84.84170971605293,84.91117858886719,17713700,0.0,0.0,0.0
2026-05-12,84.54399267084035,84.55391138769059,84.27603588509271,84.34550476074219,27680600,0.0,0.0,0.0
2026-05-13,84.29588965756658,84.40505611678414,83.94853770285265,84.15695190429688,26295100,0.0,0.0,0.0
2026-05-14,84.61345713795717,84.73254230627192,84.26611277780718,84.27603149414062,25247200,0.0,0.0,0.0
2026-05-15,83.23399559829843,83.33323575905032,82.95611254803866,83.02558898925781,50796000,0.0,0.0,0.0
2026-05-18,83.06528357220951,83.28361648081449,82.68816791196232,82.92634582519531,26166200,0.0,0.0,0.0
2026-05-19,82.33089930762432,82.59885609178454,82.14233768703303,82.39044189453125,35346600,0.0,0.0,0.0
2026-05-20,82.43013656646683,83.36301077662159,82.41029156204492,83.27369689941406,44498000,0.0,0.0,0.0
2026-05-21,82.98588846021765,83.62103455229482,82.69808670419228,83.58133697509766,24887000,0.0,0.0,0.0
2026-05-22,83.9683805576781,84.03784942626953,83.50194348076187,84.03784942626953,27987700,0.0,0.0,0.0
2026-05-26,84.69284404394497,84.73254162357644,84.2561858110771,84.45466613769531,22531200,0.0,0.0,0.0
2026-05-27,84.60353622423871,84.83179543057335,84.50429605382614,84.65316009521484,23589600,0.0,0.0,0.0
2026-05-28,84.71269757896054,85.19897968476,84.62337613089335,85.08981323242188,25417300,0.0,0.0,0.0
2026-05-29,85.15928884676178,85.30815289096658,84.9012659131159,85.10967254638672,33118600,0.0,0.0,0.0
2026-06-01,84.61748083200298,85.225236804786,84.48796193338315,85.1554946899414,26322400,0.0,0.0,0.0
2026-06-02,85.48428843884736,85.50421150111887,85.18538929552764,85.3348388671875,20319000,0.0,0.0,0.0
2026-06-03,84.9761630583052,85.11564729837,84.78685976050826,84.99608612060547,15372000,0.0,0.0,0.0
2026-06-04,85.29498250011699,85.39461301103145,85.10567920845497,85.18538665771484,15866500,0.0,0.0,0.0
2026-06-05,84.67725953152677,85.03593544493378,84.60751741510434,84.74700164794922,26461200,0.0,0.0,0.0
2026-06-08,84.91638024242889,85.01601074950005,84.30862426757812,84.30862426757812,22922700,0.0,0.0,0.0
2026-06-09,84.65733602015099,84.8665623683059,84.46803273315918,84.8067855834961,22617700,0.0,0.0,0.0
2026-06-10,84.80678744723303,84.98612540692422,84.38832714040647,84.56766510009766,21258300,0.0,0.0,0.0
2026-06-11,84.85659540906492,85.72339677878017,84.72707651068833,85.66361999511719,35190500,0.0,0.0,0.0
2026-06-12,85.32487257288587,85.51417586827432,85.09572315340384,85.45439147949219,23092600,0.0,0.0,0.0
2026-06-15,85.64369391135257,85.79314347981969,85.35476010600168,85.40457916259766,17632700,0.0,0.0,0.0
2026-06-16,85.64369149870535,86.06214419756851,85.61380310611806,85.87284851074219,26472500,0.0,0.0,0.0
2026-06-17,86.01233673095703,86.27137454626873,85.61380707490393,86.01233673095703,34507500,0.0,0.0,0.0
2026-06-18,86.74960832515737,86.85920416639972,86.33115562295235,86.4307861328125,32350900,0.0,0.0,0.0
2026-06-22,85.98244256456879,86.01233095653505,85.65365505029901,85.77320861816406,28595100,0.0,0.0,0.0
2026-06-23,85.80310502541772,86.11196187898649,85.78317436313043,85.88280487060547,19145500,0.0,0.0,0.0
2026-06-24,86.82931464073634,87.14813682892164,86.7994262483003,87.05846405029297,41837000,0.0,0.0,0.0
2026-06-25,87.25773673346609,87.46696309158528,86.96880292425742,87.02857971191406,28380000,0.0,0.0,0.0
2026-06-26,86.68983310968497,87.04850903273459,86.67986777812226,87.03854370117188,21650800,0.0,0.0,0.0
2026-06-29,87.03853917026876,87.21787712245789,86.97876238664584,87.12820434570312,19457200,0.0,0.0,0.0
2026-06-30,86.82931452955623,86.859202921954,86.06214365185109,86.10199737548828,31079500,0.0,0.0,0.0
2026-07-01,85.4800033569336,85.79000091552734,85.43000030517578,85.5199966430664,28109800,0.0,0.0,0.0
2026-07-02,85.37999725341797,85.77999877929688,85.37000274658203,85.51000213623047,20816300,0.0,0.0,0.0
2026-07-06,85.43000030517578,85.4800033569336,85.18000030517578,85.44999694824219,17940900,0.0,0.0,0.0
2026-07-07,85.12000274658203,85.16999816894531,84.54000091552734,84.55000305175781,24816400,0.0,0.0,0.0
2026-07-08,84.30999755859375,84.44999694824219,84.05999755859375,84.36000061035156,25806600,0.0,0.0,0.0
2026-07-09,84.27999877929688,84.68000030517578,84.26000213623047,84.48999786376953,18625300,0.0,0.0,0.0
2026-07-10,84.51000213623047,84.62999725341797,84.27999877929688,84.47000122070312,14454100,0.0,0.0,0.0
2026-07-13,84.19000244140625,84.27999877929688,83.93000030517578,83.97000122070312,18742500,0.0,0.0,0.0
2026-07-14,84.18000030517578,84.5,84.04000091552734,84.08000183105469,23793500,0.0,0.0,0.0
2026-07-15,84.08000183105469,84.41000366210938,84.08000183105469,84.23999786376953,17837800,0.0,0.0,0.0
2026-07-16,83.83999633789062,84.22000122070312,83.79000091552734,84.20999908447266,20817800,0.0,0.0,0.0
2026-07-17,84.62000274658203,84.81999969482422,84.48999786376953,84.5199966430664,22065600,0.0,0.0,0.0
2026-07-20,84.30999755859375,84.33999633789062,83.81999969482422,83.88999938964844,24289000,0.0,0.0,0.0
2026-07-21,83.73999786376953,83.7699966430664,83.43000030517578,83.66000366210938,14287500,0.0,0.0,0.0
2026-07-22,83.61000061035156,83.69999694824219,83.37999725341797,83.44000244140625,15988400,0.0,0.0,0.0
2026-07-23,82.98999786376953,83.25,82.95999908447266,83.16999816894531,29152800,0.0,0.0,0.0
2026-07-24,83.30999755859375,83.66000366210938,83.2300033569336,83.25,15106000,0.0,0.0,0.0
2026-07-27,83.7300033569336,83.87000274658203,83.5199966430664,83.75,23816200,0.0,0.0,0.0
2026-07-28,83.52354303259939,84.00161295285675,83.51358102628191,83.90201568603516,25366900,0.0,0.0,0.0
2026-07-29,83.76257821938873,83.81238065232647,82.36819368376023,82.51759338378906,41445200,0.0,0.0,0.0
2026-07-30,82.47775073297518,82.5673935900888,82.18891334705116,82.4677963256836,40407300,0.0,0.0,0.0
2026-07-31,82.11919269336835,82.11919269336835,81.56144194595663,81.91999816894531,50359800,0.0,0.0,0.0
2026-08-03,82.23999786376953,82.3499984741211,82.01000213623047,82.19000244140625,32050800,0.0,0.0,0.0
2026-08-04,82.6500015258789,82.83999633789062,82.56999969482422,82.81999969482422,38408600,0.0,0.0,0.0
2026-08-05,82.94999694824219,83.1500015258789,82.80000305175781,83.0,29465800,0.0,0.0,0.0
2026-08-06,82.7699966430664,82.91999816894531,82.4000015258789,82.5199966430664,27566600,0.0,0.0,0.0
2026-08-07,82.80000305175781,82.8499984741211,82.4800033569336,82.76000213623047,96130000,0.0,0.0,0.0
2026-08-10,82.4000015258789,82.44999694824219,82.02999877929688,82.05999755859375,36743600,0.0,0.0,0.0
2026-08-11,82.2699966430664,82.45999908447266,82.12000274658203,82.19000244140625,23268500,0.0,0.0,0.0
2026-08-12,82.44999694824219,82.4800033569336,82.05000305175781,82.11000061035156,21444600,0.0,0.0,0.0
2026-08-13,82.58999633789062,83.0,82.48999786376953,82.58999633789062,26921500,0.0,0.0,0.0
2026-08-14,82.2300033569336,82.36000061035156,81.81999969482422,82.04000091552734,31374800,0.0,0.0,0.0
2026-08-17,81.7699966430664,81.86000061035156,81.30999755859375,81.3499984741211,31557700,0.0,0.0,0.0
2026-08-18,81.26000213623047,81.75,81.16999816894531,81.66000366210938,25037100,0.0,0.0,0.0
2026-08-19,82.80999755859375,83.05999755859375,82.61000061035156,83.0199966430664,51309500,0.0,0.0,0.0
2026-08-20,82.36000061035156,82.7699966430664,82.1500015258789,82.33999633789062,39569900,0.0,0.0,0.0
2026-08-21,82.16999816894531,82.2699966430664,81.9000015258789,82.05000305175781,24269100,0.0,0.0,0.0
2026-08-24,82.48999786376953,82.87999725341797,82.44999694824219,82.55999755859375,29038500,0.0,0.0,0.0
2026-08-25,83.11000061035156,83.4800033569336,82.97000122070312,83.47000122070312,35015100,0.0,0.0,0.0
2026-08-26,82.95213328010546,82.98202514648438,82.75289977253955,82.98202514648438,20658800,0.0,0.0,0.0
2026-08-27,82.88240033396916,83.0318292639526,82.68316682750529,82.81266784667969,17361900,0.0,0.0,0.0
2026-08-28,83.04000091552734,83.5999984741211,82.77999877929688,82.87999725341797,35804300,0.0,0.0,0.0
2026-08-31,82.1551896261309,82.21495815687439,81.83641146171409,82.20499420166016,37317400,0.0,0.0,0.0
2026-09-01,81.88999938964844,82.3499984741211,81.77999877929688,81.87000274658203,25623900,0.0,0.0,0.0
