Date,Open,High,Low,Close,Volume,Dividends,Stock Splits,Capital Gains
2014-01-02,27.48079949944383,27.562009508999395,27.1434579144721,27.25278091430664,22267200,0.0,0.0,0.0
2014-01-03,27.280883956290506,27.39020930887082,27.096597005254218,27.152820587158203,19428600,0.0,0.0,0.0
2014-01-06,27.23403490076685,27.28088590314528,27.03725115852875,27.190305709838867,18513200,0.0,0.0,0.0
2014-01-07,27.26839998726422,27.41520379930596,27.127839799519176,27.39646339416504,13302000,0.0,0.0,0.0
2014-01-08,27.399576873679628,27.4089470725855,27.1028404043103,27.20591735839844,21883000,0.0,0.0,0.0
2014-01-09,27.234033009972908,27.280884009098585,26.896691517895984,27.121585845947266,24445400,0.0,0.0,0.0
2014-01-10,27.140331310492343,27.17781449984996,26.965414526281712,27.143455505371094,20940200,0.0,0.0,0.0
2014-01-13,27.06848996161561,27.10909496046724,26.578093865384435,26.60308265686035,33435200,0.0,0.0,0.0
2014-01-14,26.709286091727027,26.962291073432137,26.709286091727027,26.949796676635746,26444200,0.0,0.0,0.0
2014-01-15,26.987277381336103,27.012266172627285,26.831101010359696,26.871706008911133,23335800,0.0,0.0,0.0
2014-01-16,26.82173083769405,26.9154352305414,26.696789264168626,26.909189224243164,22594200,0.0,0.0,0.0
2014-01-17,26.97478433803911,27.12159051540685,26.831102355504964,26.865461349487305,25265800,0.0,0.0,0.0
2014-01-21,27.05599588419183,27.14970027873548,26.85921212783172,27.087230682373047,25451600,0.0,0.0,0.0
2014-01-22,27.152819965034283,27.24340253286317,27.04037280380269,27.212167739868164,21115200,0.0,0.0,0.0
2014-01-23,27.06536551011208,27.12158909886827,26.77487736538215,26.90294075012207,29801600,0.0,0.0,0.0
2014-01-24,26.74051697829811,26.74051697829811,26.325087282106928,26.34070587158203,34852200,0.0,0.0,0.0
2014-01-27,26.38755414742694,26.44065352846099,26.0627070903559,26.246994018554688,32109000,0.0,0.0,0.0
2014-01-28,26.30947345252133,26.487514426535952,26.237631270732592,26.44690704345703,18225600,0.0,0.0,0.0
2014-01-29,26.21576233098705,26.4812616506372,26.07832637975367,26.30009651184082,40249800,0.0,0.0,0.0
2014-01-30,26.47814195757304,26.521873535632263,26.234507190287182,26.38443756103516,24531400,0.0,0.0,0.0
2014-01-31,26.07834055861345,26.27512439270076,25.934658523777347,26.043981552124023,31966400,0.0,0.0,0.0
2014-02-03,26.01898022286745,26.12830318856449,25.54420279603757,25.57856178283692,50345600,0.0,0.0,0.0
2014-02-04,25.72225061751344,25.9065399944781,25.62854621458549,25.84094619750977,40679600,0.0,0.0,0.0
2014-02-05,25.84094759873312,25.847193606041976,25.55358121820899,25.587940216064453,54541800,0.0,0.0,0.0
2014-02-06,25.656664163527697,26.03148664863948,25.64729395885939,25.9690170288086,26056600,0.0,0.0,0.0
2014-02-07,26.12831419637723,26.29073661626084,25.969013588927385,26.250131607055664,24804600,0.0,0.0,0.0
2014-02-10,26.243876246736807,26.278235238887163,26.01273588568539,26.122058868408203,15922000,0.0,0.0,0.0
2014-02-11,26.150175444913334,26.553110822042747,26.1220624551746,26.46252822875977,21739400,0.0,0.0,0.0
2014-02-12,26.543737384442995,26.59683677928966,26.371942421042228,26.400053024291992,13624800,0.0,0.0,0.0
2014-02-13,26.275113136322496,26.593711880024127,26.20327095815032,26.52499389648437,19598000,0.0,0.0,0.0
2014-02-14,26.546858871312725,26.924805403108163,26.506253872761288,26.871706008911133,25236600,0.0,0.0,0.0
2014-02-18,26.91231645239792,27.027885454909125,26.86546305916192,26.993526458740234,17708000,0.0,0.0,0.0
2014-02-19,26.90919793646417,27.302763186419604,26.90919793646417,27.027891159057617,47644000,0.0,0.0,0.0
2014-02-20,27.01850623109568,27.259016740906223,26.981023052410418,27.20591735839844,18873800,0.0,0.0,0.0
2014-02-21,27.265283343909328,27.271529352998733,26.97479506845292,26.990413665771484,23165600,0.0,0.0,0.0
2014-02-24,27.071616201033702,27.636976381099515,27.055999991103835,27.39646339416504,37227800,0.0,0.0,0.0
2014-02-25,27.343359539691367,27.43706393320464,27.162194375945123,27.38396453857422,19166600,0.0,0.0,0.0
2014-02-26,27.39645468668208,27.42768947967709,27.12783117741349,27.212167739868164,20096600,0.0,0.0,0.0
2014-02-27,27.22154165697192,27.284011251493105,27.043500691218053,27.24028205871582,18666800,0.0,0.0,0.0
2014-02-28,27.25902430524012,27.48391867363596,27.215295109503423,27.37771987915039,20949000,0.0,0.0,0.0
2014-03-03,27.212180967337098,27.51516122803139,27.11534996400381,27.20280838012696,24927200,0.0,0.0,0.0
2014-03-04,27.440184922482302,27.580745070926163,27.33398614562708,27.49953269958496,21049000,0.0,0.0,0.0
2014-03-05,27.415204630636428,27.44019342695721,27.171569824165694,27.243412017822266,21730800,0.0,0.0,0.0
2014-03-06,27.26214838452407,27.468302349033785,27.246532176434272,27.440189361572266,15576600,0.0,0.0,0.0
2014-03-07,27.55263773677974,27.57137814052288,27.387091148881943,27.49328994750977,19705600,0.0,0.0,0.0
2014-03-10,27.46517945055907,27.55576204078017,27.305878868924548,27.53702163696289,17729000,0.0,0.0,0.0
2014-03-11,27.57137595250542,27.59011873782369,27.13408401278475,27.224666595458984,24536000,0.0,0.0,0.0
2014-03-12,27.034135530907417,27.29651073649142,27.006022539987576,27.227792739868164,18737400,0.0,0.0,0.0
2014-03-13,27.2684056402548,27.27777584476779,26.852975764382062,26.956052780151367,22545600,0.0,0.0,0.0
2014-03-14,26.924800210421367,27.08722493942667,26.887319413775405,26.98102378845215,21306800,0.0,0.0,0.0
2014-03-17,27.08722547092914,27.209042828542483,27.018507498314047,27.124706268310547,20838400,0.0,0.0,0.0
2014-03-18,27.22466641104466,27.43706399000605,27.140329835339564,27.35272979736328,13990400,0.0,0.0,0.0
2014-03-19,27.36209383818535,27.371464037140257,26.977901382663408,27.14657211303711,18645200,0.0,0.0,0.0
2014-03-20,27.012270314670648,27.29651011424046,26.921687719646982,27.25278091430664,17426800,0.0,0.0,0.0
2014-03-21,27.346002473881665,27.531195779745868,27.32089078654276,27.327167510986328,28260400,0.0,0.0,0.0
2014-03-24,27.411919478180334,27.537475522937484,27.22044704875172,27.27066802978516,20088000,0.0,0.0,0.0
2014-03-25,27.411915214568207,27.53747123979654,27.40249893176293,27.515499114990234,14337600,0.0,0.0,0.0
2014-03-26,27.609671165101915,27.68186667576475,27.367977732466933,27.38681030273437,17128800,0.0,0.0,0.0
2014-03-27,27.39621849545788,27.69441434037801,27.3303021242099,27.609663009643555,22772600,0.0,0.0,0.0
2014-03-28,27.70069914844784,28.014588090639883,27.68500374342521,27.95494842529297,19911200,0.0,0.0,0.0
2014-03-31,28.09306032618789,28.12130918148954,27.87019946460545,27.95494842529297,16903200,0.0,0.0,0.0
2014-04-01,27.964372395562524,28.124456470613893,27.95181894183357,28.12131690979004,20494600,0.0,0.0,0.0
2014-04-02,28.06166436404656,28.271969324008182,28.039692239793585,28.22174835205078,20017200,0.0,0.0,0.0
2014-04-03,28.284525964502464,28.51994261448237,28.23744215555008,28.4038028717041,21584000,0.0,0.0,0.0
2014-04-04,28.61725229689494,28.65805938920593,28.250002834790443,28.30022621154785,27995600,0.0,0.0,0.0
2014-04-07,28.234306124394088,28.29080622324058,27.82625198364257,27.82625198364257,22489600,0.0,0.0,0.0
2014-04-08,27.895325748092382,28.165270571181047,27.841962779968288,28.10563087463379,23288800,0.0,0.0,0.0
2014-04-09,28.19351116246424,28.25315084149879,27.948678114529127,28.234315872192383,14449000,0.0,0.0,0.0
2014-04-10,28.127593416422027,28.3096496107482,27.7823159961785,27.84195327758789,24596600,0.0,0.0,0.0
2014-04-11,27.703840051982848,27.92670092437353,27.691284206312325,27.763477325439453,26911800,0.0,0.0,0.0
2014-04-14,27.97692827649679,28.199789199584146,27.845095459140875,28.143291473388672,19922800,0.0,0.0,0.0
2014-04-15,28.12445199065474,28.52936906023626,28.036563459852463,28.51995277404785,44885800,0.0,0.0,0.0
2014-04-16,28.68630262569281,28.86835873861774,28.64549793615389,28.862079620361328,26073400,0.0,0.0,0.0
2014-04-17,28.89975678046869,29.21364574404271,28.849535791583875,29.125757217407227,37082000,0.0,0.0,0.0
2014-04-21,29.153995598074594,29.345467988631302,29.100635068190105,29.323495864868164,17012800,0.0,0.0,0.0
2014-04-22,29.241891202611686,29.35802856346384,29.100639760118643,29.276416778564453,12690400,0.0,0.0,0.0
2014-04-23,29.27327712029275,29.511830940782804,29.27327712029275,29.430221557617188,17123400,0.0,0.0,0.0
2014-04-24,29.51498035910104,29.58403631775602,29.386287122793647,29.439647674560547,17753000,0.0,0.0,0.0
2014-04-25,29.35802784109272,29.44905590762872,29.17283454332728,29.26386260986328,17744200,0.0,0.0,0.0
2014-04-28,29.364317934709064,29.389427235551977,29.069261498061124,29.31409454345703,22334000,0.0,0.0,0.0
2014-04-29,29.455346703974403,29.712738018736303,29.439653688663324,29.44906997680664,16545200,0.0,0.0,0.0
2014-04-30,29.383143588269863,29.467892547567423,29.235615404693984,29.423948287963867,21643200,0.0,0.0,0.0
2014-05-01,29.38314200757429,29.461614237613794,29.273281364475466,29.358030319213867,21430600,0.0,0.0,0.0
2014-05-02,29.304676696141225,29.637398263731324,29.26387198900868,29.41767692565918,17422000,0.0,0.0,0.0
2014-05-05,29.307815454108063,29.606009032581184,29.2544525065092,29.555788040161133,16074600,0.0,0.0,0.0
2014-05-06,29.58403603857253,29.756675933580787,29.55892434570173,29.5997314453125,14953400,0.0,0.0,0.0
2014-05-07,29.731570141471863,29.89793094888828,29.565209334055453,29.85712623596192,19261800,0.0,0.0,0.0
2014-05-08,29.79747096620867,29.84769194086581,29.40510987289758,29.430221557617188,21932600,0.0,0.0,0.0
2014-05-09,29.46789201993895,29.521254958315687,29.28897542481872,29.401975631713867,17421600,0.0,0.0,0.0
2014-05-12,29.53696011727971,29.62484867106384,29.44593200235087,29.609155654907227,10427800,0.0,0.0,0.0
2014-05-13,29.66564123065006,29.762946025357014,29.621696975312577,29.71900177001953,9977600,0.0,0.0,0.0
2014-05-14,29.75038659716696,29.82571925512852,29.6907469457738,29.73155403137207,9969200,0.0,0.0,0.0
2014-05-15,29.671931558952284,29.681347847301417,29.1759862844418,29.39257049560547,22897600,0.0,0.0,0.0
2014-05-16,29.339187086453897,29.423936010388704,29.16968684380274,29.317214965820312,29622000,0.0,0.0,0.0
2014-05-19,29.23561854627175,29.48673068080376,29.23561854627175,29.40825843811035,10064400,0.0,0.0,0.0
2014-05-20,29.345467988631302,29.461607725540382,29.266995775936977,29.323495864868164,9351200,0.0,0.0,0.0
2014-05-21,29.45848296962827,29.68134387829581,29.41767826064399,29.640539169311523,11714800,0.0,0.0,0.0
2014-05-22,29.640534958704816,29.76922818862476,29.57461856365565,29.61228370666504,13738400,0.0,0.0,0.0
2014-05-23,29.60600909724403,29.719009323914584,29.546369423505983,29.552648544311523,10561200,0.0,0.0,0.0
2014-05-27,29.63738589791048,29.70330227182935,29.5243857155404,29.634248733520508,10114600,0.0,0.0,0.0
2014-05-28,29.63111059579821,29.784915475653847,29.56833138325768,29.684471130371094,15071000,0.0,0.0,0.0
2014-05-29,29.74097725383704,29.954421830183577,29.65936545837973,29.9387264251709,14556600,0.0,0.0,0.0
2014-05-30,29.85711459589669,29.95127983396557,29.772363247374063,29.916751861572266,11916000,0.0,0.0,0.0
2014-06-02,29.94500383479997,30.05172491948665,29.79433609754428,29.87908744812012,10151400,0.0,0.0,0.0
2014-06-03,29.81003235401951,30.020337364408824,29.80689279415,29.982669830322266,11997200,0.0,0.0,0.0
2014-06-04,29.93244628715787,29.99836267008675,29.84141821698495,29.96697425842285,7373200,0.0,0.0,0.0
2014-06-05,29.935584426997227,30.18983366263347,29.87594477131675,30.139610290527344,12349600,0.0,0.0,0.0
2014-06-06,30.20867379128153,30.4315346725266,30.20867379128153,30.387590408325195,10840000,0.0,0.0,0.0
2014-06-09,30.42839276991279,30.594753514887675,30.35933682412342,30.434669494628903,11304000,0.0,0.0,0.0
2014-06-10,30.43781527991229,30.46292697347776,30.30911964647645,30.38445472717285,7532200,0.0,0.0,0.0
2014-06-11,30.293416326862435,30.54138882818816,30.227499949768067,30.500581741333008,11303400,0.0,0.0,0.0
2014-06-12,30.635562141751883,30.805062468215795,30.544534055607407,30.60103416442871,23739200,0.0,0.0,0.0
2014-06-13,30.682641246319992,30.89608580295525,30.500585102028843,30.892946243286133,19473200,0.0,0.0,0.0
2014-06-16,31.0028071022424,31.14719811065053,30.94630700171211,31.07814216613769,26773800,0.0,0.0,0.0
2014-06-17,31.01536241894256,31.06244623438108,30.85841796400241,31.05616950988769,20091000,0.0,0.0,0.0
2014-06-18,31.06873076681653,31.319840501602663,30.96514683376066,31.29159164428711,29727200,0.0,0.0,0.0
2014-06-19,31.310417993166823,31.52072298288446,31.2225294837196,31.51444625854492,17354000,0.0,0.0,0.0
2014-06-20,31.67653266083392,31.84681993965182,31.57247021758507,31.827899932861328,18192400,0.0,0.0,0.0
2014-06-23,31.92565514055413,32.01395170965953,31.84366684404259,31.94142341613769,15918400,0.0,0.0,0.0
2014-06-24,31.913047356110425,31.93827563970741,31.20036638875732,31.26974296569824,35497000,0.0,0.0,0.0
2014-06-25,31.140451284473546,31.537788349198784,31.10576299436807,31.506254196166992,27720600,0.0,0.0,0.0
2014-06-26,31.525169645073696,31.566163797492955,31.253971637619983,31.540935516357425,16160000,0.0,0.0,0.0
2014-06-27,31.46525307885213,31.556703793542457,31.35803649287808,31.540935516357425,16444200,0.0,0.0,0.0
2014-06-30,31.51886159074132,31.604006438689755,31.39587672672808,31.56616401672364,12589000,0.0,0.0,0.0
2014-07-01,31.64499334012261,31.74275230632551,31.50624263651009,31.585079193115234,13771600,0.0,0.0,0.0
2014-07-02,31.55987017358959,31.651320923757595,31.47157356126248,31.53779602050781,11852800,0.0,0.0,0.0
2014-07-03,31.689157448228983,31.689157448228983,31.48103008589925,31.657623291015625,7337600,0.0,0.0,0.0
2014-07-07,31.626087857260387,31.629241994625005,31.3580439229131,31.4148063659668,13864800,0.0,0.0,0.0
2014-07-08,31.36749014977299,31.44317257196432,31.241351175520222,31.364336013793945,20784600,0.0,0.0,0.0
2014-07-09,31.41480416613485,31.5913973517573,31.364347595441743,31.57247734069824,12816000,0.0,0.0,0.0
2014-07-10,31.2855088385202,31.386419567006573,31.108915665144423,31.26974296569824,29817400,0.0,0.0,0.0
2014-07-11,31.23189458437896,31.238200451124897,30.94808246278977,31.030073165893555,21610400,0.0,0.0,0.0
2014-07-14,31.181433899746708,31.33595528243293,31.13728562066515,31.29811286926269,13740600,0.0,0.0,0.0
2014-07-15,31.212976014850263,31.29181258525907,30.96069802718161,31.16251945495605,19908400,0.0,0.0,0.0
2014-07-16,31.29181181748018,31.64815224086034,31.28234940830629,31.63553810119629,16334800,0.0,0.0,0.0
2014-07-17,31.61030929312001,31.7080682724059,31.10260160816485,31.124675750732425,22035600,0.0,0.0,0.0
2014-07-18,31.20351706895346,31.29496778948661,31.061612188827016,31.21613121032715,16635600,0.0,0.0,0.0
2014-07-21,31.137290650016084,31.285503784829867,31.08998822738811,31.26342964172364,18793400,0.0,0.0,0.0
2014-07-22,31.402183231084024,31.58508465143189,31.37064908417261,31.48732566833496,11955800,0.0,0.0,0.0
2014-07-23,31.566157388981942,31.69229636314977,31.430558412784176,31.68914222717285,13402400,0.0,0.0,0.0
2014-07-24,31.73960153147732,31.840512238381816,31.61030841012101,31.717527389526367,11494400,0.0,0.0,0.0
2014-07-25,31.60400020865193,31.632380215106025,31.443172954376152,31.484167098999023,9605800,0.0,0.0,0.0
2014-07-28,31.458953428932546,31.512561732514484,31.216135385340795,31.408496856689453,14957200,0.0,0.0,0.0
2014-07-29,31.35173647332757,31.509409663081865,31.31389644756378,31.329662322998047,13657600,0.0,0.0,0.0
2014-07-30,31.47786869123641,31.575625277830785,31.04269164785669,31.14360237121582,21560600,0.0,0.0,0.0
2014-07-31,30.94493183839765,30.96070011590368,30.449838239065585,30.471912384033203,34569600,0.0,0.0,0.0
2014-08-01,30.38676222962312,30.48451878882907,29.964197039889488,30.225934982299805,35666600,0.0,0.0,0.0
2014-08-04,30.21963097665525,30.80932690997245,30.12818027768126,30.73364448547364,25793000,0.0,0.0,0.0
2014-08-05,30.60435230117377,30.667420584230896,29.88536088245828,30.06195640563965,32879800,0.0,0.0,0.0
2014-08-06,29.99888984218121,30.500291663271927,29.94528155362027,30.150257110595703,23094000,0.0,0.0,0.0
2014-08-07,30.3047821035647,30.35839040272904,29.797074315239925,29.961055755615234,26513400,0.0,0.0,0.0
2014-08-08,30.0525069539233,30.49398990211058,29.97997623763446,30.46245574951172,23170000,0.0,0.0,0.0
2014-08-11,30.66111458613426,30.771485283958924,30.44352492049366,30.4655990600586,22407200,0.0,0.0,0.0
2014-08-12,30.42145603898974,30.42145603898974,30.11556976221986,30.241708755493164,19996200,0.0,0.0,0.0
2014-08-13,30.40569234979939,30.503451347432826,30.22909917611559,30.33946990966797,12978000,0.0,0.0,0.0
2014-08-14,30.383614371829093,30.430916796215893,30.121876375336534,30.1660270690918,15234800,0.0,0.0,0.0
2014-08-15,30.225939779126445,30.43406947409256,30.14710321089404,30.38992118835449,22150600,0.0,0.0,0.0
2014-08-18,30.500294802363776,30.56336310058516,30.34262165090896,30.471912384033203,17195000,0.0,0.0,0.0
2014-08-19,30.53498347278754,30.76203319868671,30.512909327541863,30.70527076721192,11995400,0.0,0.0,0.0
2014-08-20,30.66742144706578,30.81248042689907,30.541282471501795,30.77148628234864,11895800,0.0,0.0,0.0
2014-08-21,30.81248828438729,30.82825656256668,30.65796926301548,30.79672241210937,11134400,0.0,0.0,0.0
2014-08-22,30.75256642332197,30.75256642332197,30.46560257586153,30.59174156188965,14766800,0.0,0.0,0.0
2014-08-25,30.67688997464914,30.88501970305641,30.667429969885447,30.862945556640625,8758000,0.0,0.0,0.0
2014-08-26,30.951245669376352,31.17829543318464,30.891329091176445,31.02062225341797,11193000,0.0,0.0,0.0
2014-08-27,31.04900842933426,31.08369672823529,30.875569340731367,30.957557678222656,7720200,0.0,0.0,0.0
2014-08-28,30.86294121558938,30.995386075454952,30.812484656078013,30.963851928710938,6209000,0.0,0.0,0.0
2014-08-29,31.033220906975085,31.15305159766232,30.92284781150723,31.137283325195312,10734800,0.0,0.0,0.0
2014-09-02,31.093147177462622,31.12152959779387,30.610667684945167,30.74311256408692,17284600,0.0,0.0,0.0
2014-09-03,30.94808480608553,31.04268965574548,30.806179937496875,30.82509994506836,14381800,0.0,0.0,0.0
2014-09-04,30.897639476565992,30.91025121461537,30.26694671441108,30.40885162353516,24573000,0.0,0.0,0.0
2014-09-05,30.42461372065644,30.6232810342282,30.216483996618106,30.61382102966309,17549800,0.0,0.0,0.0
2014-09-08,30.46245202470104,30.48768030605597,29.99889257988472,30.137645721435547,21956200,0.0,0.0,0.0
2014-09-09,30.121874103022005,30.307929650000894,29.828601981029,30.00519752502441,19996600,0.0,0.0,0.0
2014-09-10,29.976820793504054,29.976820793504054,29.58263788845208,29.93267250061035,20865400,0.0,0.0,0.0
2014-09-11,29.69300006825812,29.995732138905275,29.56686110401332,29.951583862304688,25011400,0.0,0.0,0.0
2014-09-12,29.86329403263908,29.891676451073685,29.41234872158941,29.50379943847656,30880400,0.0,0.0,0.0
2014-09-15,29.47227680697836,29.79077737220647,29.324063601201832,29.71194076538086,26782600,0.0,0.0,0.0
2014-09-16,29.6709314390351,30.26062987079388,29.626783150657577,30.071422576904297,26910800,0.0,0.0,0.0
2014-09-17,30.14394605183086,30.200708471502395,29.819139808227423,29.90743637084961,22138600,0.0,0.0,0.0
2014-09-18,30.00520197664676,30.02096784865791,29.67408738769408,29.7529239654541,24569200,0.0,0.0,0.0
2014-09-19,29.814101908818785,29.95039866888778,29.71584229747187,29.7285213470459,18949200,0.0,0.0,0.0
2014-09-22,29.680968039493543,29.696817452039195,29.176988641848865,29.29109764099121,21259200,0.0,0.0,0.0
2014-09-23,29.246729545378603,29.497135353958047,29.1991861284117,29.20552444458008,18280200,0.0,0.0,0.0
2014-09-24,29.186501463120493,29.39887007899096,28.768102546328635,29.230876922607425,49479800,0.0,0.0,0.0
2014-09-25,29.21502685363394,29.22770590152932,28.76810190215704,28.78394889831543,26872800,0.0,0.0,0.0
2014-09-26,28.78711533115976,29.278418092275537,28.68568538013801,29.154800415039062,22969600,0.0,0.0,0.0
2014-09-29,28.78394976598145,29.142126229549817,28.71421620959536,29.088239669799805,30908600,0.0,0.0,0.0
2014-09-30,29.059714505484767,29.129448063984,28.54622391694779,28.72372817993164,43464200,0.0,0.0,0.0
2014-10-01,28.72055510086852,28.86319015285124,28.048580094941347,28.137331008911133,37954600,0.0,0.0,0.0
2014-10-02,27.97251210003345,28.17537205097912,27.506567318920908,27.99152946472168,58485400,0.0,0.0,0.0
2014-10-03,28.13099759159644,28.1468470082564,27.709428258568625,27.947154998779297,40196000,0.0,0.0,0.0
2014-10-06,28.089788568214463,28.26412003570324,27.772819625564573,27.97884750366211,40244400,0.0,0.0,0.0
2014-10-07,27.829878842708453,28.1880529379494,27.60482872724564,27.61433982849121,35798600,0.0,0.0,0.0
2014-10-08,27.53509695524584,27.90912045913612,27.091339886824603,27.88376235961914,71977200,0.0,0.0,0.0
2014-10-09,27.671391297554376,27.718934707139407,26.78387723832117,26.85994911193848,73334800,0.0,0.0,0.0
2014-10-10,26.78071446148035,27.07232782650815,26.194322200357373,26.482765197753903,120948600,0.0,0.0,0.0
2014-10-13,26.425700115368155,26.749007354427352,25.63010743747684,25.664974212646484,95098600,0.0,0.0,0.0
2014-10-14,25.88050806218829,26.08336794037632,25.205362838527066,25.34165954589844,111991200,0.0,0.0,0.0
2014-10-15,25.01202019756384,25.601580200706547,24.56826319823781,25.535017013549805,138939200,0.0,0.0,0.0
2014-10-16,24.98666404146792,26.251369532175,24.882063702839176,25.991455078125,119592600,0.0,0.0,0.0
2014-10-17,26.47008156876906,27.227637276767968,25.99145770704489,26.213335037231445,76000000,0.0,0.0,0.0
2014-10-20,26.191147318338267,26.52079536499431,26.06119128723935,26.441553115844727,53005200,0.0,0.0,0.0
2014-10-21,26.74266748112491,27.306871747118883,26.73315638258498,27.24664688110352,62716400,0.0,0.0,0.0
2014-10-22,27.31638008345375,27.48437321466485,26.714138685725032,26.72998809814453,72285000,0.0,0.0,0.0
2014-10-23,27.10717518162844,27.516065291243475,26.964540165421525,27.22762489318848,53116000,0.0,0.0,0.0
2014-10-24,27.24030661230648,27.2878500101903,26.774361966799635,27.13253593444824,50494800,0.0,0.0,0.0
2014-10-27,26.70145730558584,26.71730671662,26.289399219784062,26.561992645263672,47002800,0.0,0.0,0.0
2014-10-28,26.70146325336273,27.240311910905703,26.52396141798821,27.16740798950196,47250000,0.0,0.0,0.0
2014-10-29,27.4653633366134,27.693581395253712,26.996248169599248,27.256162643432617,53445000,0.0,0.0,0.0
2014-10-30,27.046959307660547,27.27834527172752,26.844099386445247,27.15789794921875,37592000,0.0,0.0,0.0
2014-10-31,27.2149523120726,27.741119474283373,26.96137620272796,27.709423065185547,40528600,0.0,0.0,0.0
2014-11-03,27.72843914238312,28.023220302361445,27.189590586554434,27.272003173828125,53211200,0.0,0.0,0.0
2014-11-04,26.942364073055685,26.958213489823013,26.476419272161333,26.710975646972656,46878200,0.0,0.0,0.0
2014-11-05,26.98039847102767,27.29736742779983,26.771197798783053,27.18008804321289,54890200,0.0,0.0,0.0
2014-11-06,27.008922707619643,27.52875156845142,26.920171792591933,27.52241325378418,46052600,0.0,0.0,0.0
2014-11-07,27.585805058649843,28.0454114492494,27.531920921977093,27.82670211791992,36084000,0.0,0.0,0.0
2014-11-10,28.06760058396605,28.19755659176568,27.4938851585508,27.57629776000977,45906800,0.0,0.0,0.0
2014-11-11,27.601659780430776,27.725277491056648,27.332236626971344,27.6587142944336,34761800,0.0,0.0,0.0
2014-11-12,27.484373973958714,27.76964647742503,27.3829440192019,27.414640426635746,35249200,0.0,0.0,0.0
2014-11-13,27.26884020811593,27.3037069884139,26.60954416756701,27.05013084411621,63176600,0.0,0.0,0.0
2014-11-14,27.183250749664616,27.357582175794008,26.999408226156056,27.32588577270508,35924600,0.0,0.0,0.0
2014-11-17,27.15790186561025,27.344912400022384,27.056471890375565,27.18325996398925,24430200,0.0,0.0,0.0
2014-11-18,27.173749831144992,27.430493913253844,27.075487809741848,27.205446243286133,39360600,0.0,0.0,0.0
2014-11-19,27.25616029979216,27.44317324442921,27.015265630413296,27.34808158874512,29492400,0.0,0.0,0.0
2014-11-20,27.40196012810316,27.731608070572523,27.329058636164035,27.69040298461914,33834600,0.0,0.0,0.0
2014-11-21,28.169035303245767,28.27997396723696,27.84889594291561,28.051755905151367,57370400,0.0,0.0,0.0
2014-11-24,27.95983176691151,28.11197793227496,27.715766730921583,27.83621406555176,33356200,0.0,0.0,0.0
2014-11-25,27.98836173814723,28.010549469886627,27.34491268114201,27.38294982910156,45108000,0.0,0.0,0.0
2014-11-26,27.256161553989788,27.325895115596097,26.98990877507266,27.03745460510254,41746400,0.0,0.0,0.0
2014-11-28,25.90904255598964,25.991455164116577,25.22439084819723,25.30046272277832,85076600,0.0,0.0,0.0
2014-12-01,25.16416021617984,25.4684500631981,24.93594222634596,25.38920783996582,103189000,0.0,0.0,0.0
2014-12-02,25.208538187357284,25.912209586917808,25.199029506543923,25.664974212646484,66469800,0.0,0.0,0.0
2014-12-03,25.829804919231968,26.184811094365024,25.74105398001913,25.97878074645996,63098400,0.0,0.0,0.0
2014-12-04,25.728370768536383,25.918551667279456,25.5223404539475,25.75372886657715,47159000,0.0,0.0,0.0
2014-12-05,25.69667385379933,25.77274572815617,25.34483810976215,25.44626808166504,46886600,0.0,0.0,0.0
2014-12-08,25.103940685200712,25.199032340590914,24.362234478969643,24.41611862182617,82385400,0.0,0.0,0.0
2014-12-09,24.36222808191124,24.78379726874716,24.279815496765128,24.6823673248291,67337800,0.0,0.0,0.0
2014-12-10,24.295665687087112,24.32419172615985,23.763157859869725,23.9216423034668,89067600,0.0,0.0,0.0
2014-12-11,23.88994905553987,24.514375814476622,23.851911913468783,23.90579605102539,71103400,0.0,0.0,0.0
2014-12-12,23.620520577535924,23.89311401592268,23.420831047765464,23.4620361328125,100108600,0.0,0.0,0.0
2014-12-15,23.655393385085805,23.877273115285032,23.202127660783816,23.252843856811523,94962200,0.0,0.0,0.0
2014-12-16,23.040469192218964,24.18155670286918,22.983414695772417,23.4588680267334,114568800,0.0,0.0,0.0
2014-12-17,23.59199675466455,24.66969156368649,23.54762129943549,24.43196487426757,124940400,0.0,0.0,0.0
2014-12-18,25.059563648017512,25.15148493090466,24.27031166373412,24.901079177856445,104527000,0.0,0.0,0.0
2014-12-19,25.183346058748672,25.728729787266047,24.905869102146912,25.696836471557617,93485600,0.0,0.0,0.0
2014-12-22,25.50546947607426,25.5692560958171,25.170583639165454,25.435302734375,66476200,0.0,0.0,0.0
2014-12-23,25.62027957176901,25.83077729975333,25.438485083976857,25.744665145874023,53058400,0.0,0.0,0.0
2014-12-24,25.59477100461505,25.65536999499649,25.259885177027662,25.55649757385254,28095600,0.0,0.0,0.0
2014-12-26,25.655367592438683,25.773373067957746,25.4384897050348,25.55011749267578,28929200,0.0,0.0,0.0
2014-12-29,25.60752718229036,25.833972824932253,25.489519269940352,25.64261054992676,36448200,0.0,0.0,0.0
2014-12-30,25.61071860796428,25.66493747599995,25.35875733301184,25.438491821289062,38296200,0.0,0.0,0.0
2014-12-31,25.28859431902703,25.515040007093525,25.097232005634595,25.247133255004883,43083800,0.0,0.0,0.0
2015-01-02,25.10999195312906,25.44806548331749,24.998361696961297,25.365140914916992,55498200,0.0,0.0,0.0
2015-01-05,25.01111706679796,25.02068481735106,24.1914465142636,24.315832138061523,90790400,0.0,0.0,0.0
2015-01-06,24.27436989823003,24.472112322192167,23.78958280506597,23.95862197875977,83753200,0.0,0.0,0.0
2015-01-07,24.24885467345581,24.354104792773168,23.85018219116618,24.00965118408203,62384800,0.0,0.0,0.0
2015-01-08,24.20419722292897,24.606059661351843,24.10532725182376,24.54865074157715,56373800,0.0,0.0,0.0
2015-01-09,24.564606650481227,24.606070152793887,24.134040785239527,24.354108810424805,49904200,0.0,0.0,0.0
2015-01-12,24.04473142627335,24.04473142627335,23.524863453050106,23.65243911743164,57881200,0.0,0.0,0.0
2015-01-13,23.74811655471688,23.9331011270402,23.244194071478795,23.464262008666992,68102800,0.0,0.0,0.0
2015-01-14,23.241010051266223,23.57270582209191,22.86785078827263,23.537622451782227,104305000,0.0,0.0,0.0
2015-01-15,23.81509072920976,23.87568970459239,23.218678455591665,23.23781394958496,82692000,0.0,0.0,0.0
2015-01-16,23.374963420056154,24.025597151556493,23.355827921080817,23.99370384216309,85483800,0.0,0.0,0.0
2015-01-20,23.86931623721384,24.035165342390616,23.579083953109844,24.02240753173828,56171600,0.0,0.0,0.0
2015-01-21,24.197825744003783,24.51676372829289,24.022408879323294,24.51038360595703,56661600,0.0,0.0,0.0
2015-01-22,24.66665942098861,24.701742789492904,24.175497128535326,24.62519836425781,66037600,0.0,0.0,0.0
2015-01-23,24.51356228973207,24.80060682902804,24.411502279460457,24.44977569580078,42294800,0.0,0.0,0.0
2015-01-26,24.53270805801321,24.86440383866911,24.31583014117295,24.80061721801757,36724200,0.0,0.0,0.0
2015-01-27,24.60606349420909,24.9026758870308,24.545464504645512,24.78466796875,43204600,0.0,0.0,0.0
2015-01-28,24.717694331099366,24.717694331099366,23.76088035699229,23.8087215423584,77666800,0.0,0.0,0.0
2015-01-29,24.000084156345338,24.031977469227897,23.34945035366524,23.88845634460449,60247400,0.0,0.0,0.0
2015-01-30,23.70984708230285,24.37005100393606,23.550378100258943,24.09576416015625,87696200,0.0,0.0,0.0
2015-02-02,24.39238022862962,24.84208156023556,24.22653109973795,24.8325138092041,70931400,0.0,0.0,0.0
2015-02-03,25.119567363370336,25.64262569281151,25.109999608965463,25.511859893798828,94055800,0.0,0.0,0.0
2015-02-04,25.18014733461533,25.323670855883773,24.88034735012964,25.090845108032227,82264400,0.0,0.0,0.0
2015-02-05,25.38745912200686,25.594769266276,25.234370275961243,25.451248168945312,63572400,0.0,0.0,0.0
2015-02-06,25.65218060329233,25.69683172369499,25.3300525775558,25.45762825012207,52269200,0.0,0.0,0.0
2015-02-09,25.5660693151878,25.776567113956148,25.425735827139803,25.48314476013184,40407600,0.0,0.0,0.0
2015-02-10,25.52779543711829,25.550120997709165,25.00792742147155,25.47038650512696,43942600,0.0,0.0,0.0
2015-02-11,25.14505739170445,25.40658874871681,25.01748420613091,25.2917709350586,52393200,0.0,0.0,0.0
2015-02-12,25.636230022984098,25.74148012422821,25.45124787227714,25.62347221374512,52844600,0.0,0.0,0.0
2015-02-13,25.87543002623889,26.19436791484025,25.808453361628967,26.16566467285156,62375800,0.0,0.0,0.0
2015-02-17,26.041285096033214,26.29005631717997,25.88819380354868,26.245405197143555,44251800,0.0,0.0,0.0
2015-02-18,26.03171849661652,26.136966179464608,25.862679325234776,25.932846069335938,38762800,0.0,0.0,0.0
2015-02-19,25.393841371585992,25.958360492808925,25.27902351077734,25.81164932250977,47744000,0.0,0.0,0.0
2015-02-20,25.74148618051124,25.872251930999,25.473579423371262,25.6872673034668,51283600,0.0,0.0,0.0
2015-02-23,25.435301014383228,25.789322326614464,25.371514398953785,25.582012176513672,39359000,0.0,0.0,0.0
2015-02-24,25.7382784986184,25.76060404642925,25.48631978759681,25.65216636657715,30861400,0.0,0.0,0.0
2015-02-25,25.671316813743047,25.83397586160409,25.5437411376423,25.79251480102539,32051400,0.0,0.0,0.0
2015-02-26,25.639427421733927,25.65218523462425,25.180155890898344,25.314111709594727,38698200,0.0,0.0,0.0
2015-02-27,25.412972876265343,25.432108372291264,25.176959503167403,25.20247268676757,26724400,0.0,0.0,0.0
2015-03-02,25.15144515208861,25.17377070967684,24.78466604887916,25.02705955505371,35957000,0.0,0.0,0.0
2015-03-03,25.043009558479817,25.26945766956148,24.93138175018136,25.11955642700196,24699400,0.0,0.0,0.0
2015-03-04,25.125924165225022,25.145059658125305,24.806986305938995,25.08446311950684,33205600,0.0,0.0,0.0
2015-03-05,25.020674837038545,25.05257057056464,24.89628926285586,24.93456268310547,22489000,0.0,0.0,0.0
2015-03-06,24.759154890702224,24.88673057131732,24.427459094424453,24.48805809020996,38352600,0.0,0.0,0.0
2015-03-09,24.44659641746033,24.72726096115926,24.31264305114746,24.31264305114746,34882200,0.0,0.0,0.0
2015-03-10,24.11808137072128,24.25841237169143,23.96180007044368,23.97455787658692,38061200,0.0,0.0,0.0
2015-03-11,24.01603932390722,24.143612614185688,23.87251572238713,24.04474258422852,26102000,0.0,0.0,0.0
2015-03-12,24.08300581168771,24.197823670859083,23.88207334148605,23.89164352416992,38490000,0.0,0.0,0.0
2015-03-13,23.735366676855985,23.831049055421524,23.54400435302888,23.80234336853028,42023800,0.0,0.0,0.0
2015-03-16,23.671570901819248,24.143597622684595,23.598214115484524,24.124462127685547,33897000,0.0,0.0,0.0
2015-03-17,23.97775782633423,24.121278946362715,23.856562267939147,24.0319766998291,27872600,0.0,0.0,0.0
2015-03-18,23.875688481851395,24.8612053048814,23.837415062521995,24.73044204711914,55507400,0.0,0.0,0.0
2015-03-19,24.43064613529006,24.53589624128345,24.267987101782403,24.338153839111328,46481800,0.0,0.0,0.0
2015-03-20,24.60627841102383,24.84068616889294,24.50994836862161,24.696189880371094,45221200,0.0,0.0,0.0
2015-03-23,24.75078219375346,24.917755771183163,24.609495162963867,24.609495162963867,24320200,0.0,0.0,0.0
2015-03-24,24.67370875935821,24.712242244009456,24.42967070607768,24.445724487304688,29561800,0.0,0.0,0.0
2015-03-25,24.599854233368003,24.94985750726683,24.574165245420367,24.76361846923828,31797000,0.0,0.0,0.0
2015-03-26,25.04939844463752,25.126462948557496,24.64480551184393,24.73471450805664,30637200,0.0,0.0,0.0
2015-03-27,24.64160137751716,24.689767626013666,24.48104884908693,24.532426834106445,23934600,0.0,0.0,0.0
2015-03-30,24.770041244607743,25.10720249823481,24.76040848590473,25.05903625488281,36375600,0.0,0.0,0.0
2015-03-31,24.869582142700263,25.046190878831883,24.725085867564808,24.911327362060547,18807400,0.0,0.0,0.0
2015-04-01,24.991601221163165,25.120043703335043,24.8535259815498,24.9049015045166,26586600,0.0,0.0,0.0
2015-04-02,24.78930379100879,25.10077601753984,24.731504795881,24.956279754638672,27715400,0.0,0.0,0.0
2015-04-06,25.1007810250157,25.5439075593424,24.98518301169892,25.40583229064941,31086600,0.0,0.0,0.0
2015-04-07,25.38335731010645,25.59528538695529,25.312713801211068,25.42188835144043,28284200,0.0,0.0,0.0
2015-04-08,25.540694019981306,25.6017047587687,25.206744499510545,25.21637725830078,24091400,0.0,0.0,0.0
2015-04-09,25.28380852229161,25.6787687737802,25.261331268944257,25.620969772338867,27750200,0.0,0.0,0.0
2015-04-10,25.688405776405617,25.775103067972584,25.57923122777779,25.733360290527344,17701000,0.0,0.0,0.0
2015-04-13,25.84574027286661,25.881062018182288,25.434726272651503,25.476469039916992,19880600,0.0,0.0,0.0
2015-04-14,25.643449366336327,25.996664429679505,25.611339351457328,25.93565368652344,27440200,0.0,0.0,0.0
2015-04-15,26.083370736683385,26.609982952863767,26.031992740062023,26.55539321899414,40013800,0.0,0.0,0.0
2015-04-16,26.455839840921914,26.725569305527628,26.28565458876953,26.494373321533203,42555000,0.0,0.0,0.0
2015-04-17,26.36914379294772,26.404465539351254,26.092993293703767,26.30171203613281,33834800,0.0,0.0,0.0
2015-04-20,26.330613061092688,26.69025158484406,26.320980301946697,26.401256561279297,25420800,0.0,0.0,0.0
2015-04-21,26.46868114118445,26.484737368627908,26.012712699892106,26.12188720703125,23640800,0.0,0.0,0.0
2015-04-22,26.189319049329267,26.394826022215547,26.01592208161216,26.295284271240234,20259000,0.0,0.0,0.0
2015-04-23,26.35308057644876,26.645287228350867,26.32418230969068,26.47509956359864,25151600,0.0,0.0,0.0
2015-04-24,26.394825447624434,26.42051443113509,26.19895123556927,26.32418441772461,23015200,0.0,0.0,0.0
2015-04-27,26.43335949832036,26.51363573616145,26.25032977403613,26.295284271240234,22651200,0.0,0.0,0.0
2015-04-28,26.288869472902498,26.475108526902293,26.205381479831384,26.426944732666016,22250800,0.0,0.0,0.0
2015-04-29,26.33382234881639,26.670981136760982,26.250334360919105,26.63245010375977,31806200,0.0,0.0,0.0
2015-04-30,26.731995233381685,26.773738007660626,26.398045689638867,26.54896545410156,33104200,0.0,0.0,0.0
2015-05-01,26.57465596889337,26.654932235456144,26.398047202520388,26.60997772216797,22709200,0.0,0.0,0.0
2015-05-04,26.674191368280848,26.76410037332825,26.40767363914986,26.542539596557617,28868400,0.0,0.0,0.0
2015-05-05,26.741625538173967,26.863647013051505,26.205380745451013,26.21501350402832,32152600,0.0,0.0,0.0
2015-05-06,26.44941628239754,26.55537905670192,25.990236094290537,26.112255096435547,32777200,0.0,0.0,0.0
2015-05-07,26.06088696055057,26.067307983604167,25.63702594390028,25.82969093322754,34793200,0.0,0.0,0.0
2015-05-08,26.0352018267671,26.282451673282136,25.739785725782586,26.25355339050293,29030400,0.0,0.0,0.0
2015-05-11,26.27923125678433,26.292075750389703,25.733353752657408,25.759042739868164,36288800,0.0,0.0,0.0
2015-05-12,25.72051071783051,26.01271745179332,25.67555621258036,25.87785148620605,19703000,0.0,0.0,0.0
2015-05-13,26.10263159612112,26.13474161335275,25.7140947529926,25.8104248046875,25069400,0.0,0.0,0.0
2015-05-14,25.88428070086585,26.05767773808706,25.78473890999043,25.8007926940918,19235800,0.0,0.0,0.0
2015-05-15,25.691624874568937,26.00630656358757,25.62740237182372,25.903553009033203,19561200,0.0,0.0,0.0
2015-05-18,25.85216688292597,25.95812968189946,25.742989897832377,25.9260196685791,14459600,0.0,0.0,0.0
2015-05-19,25.752623617218934,25.77831260876801,25.51821830638552,25.55674934387207,27839600,0.0,0.0,0.0
2015-05-20,25.646662753127494,25.68840553017261,25.457209488427097,25.60491752624512,25247600,0.0,0.0,0.0
2015-05-21,25.7494112399816,25.88427475467115,25.65629049417116,25.845741271972656,20174600,0.0,0.0,0.0
2015-05-22,25.669137059874693,25.868220611957447,25.62097081507381,25.75262260437012,12721400,0.0,0.0,0.0
2015-05-26,25.54390410006031,25.598491362890453,25.248485633903847,25.34481811523437,26367200,0.0,0.0,0.0
2015-05-27,25.32876018051131,25.53426717367207,25.16178666725692,25.299861907958984,22750000,0.0,0.0,0.0
2015-05-28,25.213172783113617,25.24528525477822,25.039778175280425,25.20033073425293,24328400,0.0,0.0,0.0
2015-05-29,25.193896394245314,25.33197163340545,25.11040841363216,25.17141914367676,25956200,0.0,0.0,0.0
2015-06-01,25.23564641343735,25.238858150109355,25.075093877559,25.10720634460449,16974400,0.0,0.0,0.0
2015-06-02,25.18426710707035,25.402618621182302,25.04940358507568,25.28059959411621,20366000,0.0,0.0,0.0
2015-06-03,25.203536396229136,25.38977792580897,25.07188459072428,25.10720634460449,17280600,0.0,0.0,0.0
2015-06-04,24.975545360012152,25.023711597765512,24.74756111447197,24.766826629638672,31892200,0.0,0.0,0.0
2015-06-05,24.654442337567552,25.16178884259892,24.64480957921732,24.94022560119629,37912000,0.0,0.0,0.0
2015-06-08,24.843895163363047,24.988391435937576,24.74114165957217,24.798940658569336,19414600,0.0,0.0,0.0
2015-06-09,24.94985771275345,25.10720092785106,24.786095925371164,24.79572868347168,22066200,0.0,0.0,0.0
2015-06-10,25.10077857971192,25.171422075394243,25.01408130308888,25.10077857971192,19570800,0.0,0.0,0.0
2015-06-11,25.14573648448767,25.1874817102164,24.965918434693723,24.98839569091797,16833000,0.0,0.0,0.0
2015-06-12,24.847101571065465,24.86636953505689,24.66728357272206,24.70902633666992,21009000,0.0,0.0,0.0
2015-06-15,24.53884739527808,24.78288791985144,24.46499460549954,24.651233673095703,16151000,0.0,0.0,0.0
2015-06-16,24.696186951129533,24.850315980626487,24.577377218104868,24.843894958496094,18035200,0.0,0.0,0.0
2015-06-17,24.97554519029732,25.084722158452163,24.657651943023897,24.782882690429688,20827400,0.0,0.0,0.0
2015-06-18,24.85994736933873,24.972333624205497,24.74434937866532,24.766826629638672,25345200,0.0,0.0,0.0
2015-06-19,24.659835973497103,24.76003899952106,24.52730716323604,24.537006378173828,34469800,0.0,0.0,0.0
2015-06-22,24.760045212651573,24.86025072993157,24.65014541022336,24.837621688842773,21154800,0.0,0.0,0.0
2015-06-23,24.80206115605837,24.96368021034593,24.776201515505708,24.91842460632324,14235400,0.0,0.0,0.0
2015-06-24,24.86348010001901,25.00570568772425,24.75358030305521,24.763277053833008,13596600,0.0,0.0,0.0
2015-06-25,24.756801881204755,24.785894589040527,24.50467658847797,24.51114273071289,17371400,0.0,0.0,0.0
2015-06-26,24.488519091812005,24.59841886183325,24.35275721587089,24.591955184936523,23544600,0.0,0.0,0.0
2015-06-29,24.28165267830582,24.43680562182331,24.107103767264963,24.12649726867676,27794400,0.0,0.0,0.0
2015-06-30,24.349532264713968,24.38831926732308,24.13942695817225,24.29458236694336,30341200,0.0,0.0,0.0
2015-07-01,24.343068516647435,24.352765268254306,23.887303928341964,23.98427391052246,27820200,0.0,0.0,0.0
2015-07-02,24.048924209103035,24.220240072178576,24.029528238827663,24.090944290161133,19400400,0.0,0.0,0.0
2015-07-06,23.77416229248047,24.00366103838653,23.67395680852477,23.77416229248047,27018200,0.0,0.0,0.0
2015-07-07,23.68042391271416,24.074774789561747,23.41213569766395,23.990732192993164,41372200,0.0,0.0,0.0
2015-07-08,23.825879656930624,23.990731775686985,23.408902218965096,23.505874633789062,33042600,0.0,0.0,0.0
2015-07-09,23.829118464083106,23.92932150837216,23.625476837158203,23.625476837158203,23912000,0.0,0.0,0.0
2015-07-10,23.76770582565757,23.91639511032129,23.638410044959407,23.75477600097656,26500800,0.0,0.0,0.0
2015-07-13,23.83557589779411,23.98103451693363,23.770929266694928,23.9228515625,28717600,0.0,0.0,0.0
2015-07-14,23.85497598825362,24.19114148747784,23.84527677241043,24.09417152404785,25308400,0.0,0.0,0.0
2015-07-15,23.971342166186467,24.090938702269856,23.586687982085863,23.670730590820312,25416600,0.0,0.0,0.0
2015-07-16,23.806492454423008,23.877605248613413,23.657803187530163,23.70305633544922,15721400,0.0,0.0,0.0
2015-07-17,23.68042803822453,23.70305461053748,23.33779391534225,23.415372848510746,28192000,0.0,0.0,0.0
2015-07-20,23.457394733551023,23.46062780587738,23.07597358072452,23.10506629943848,27666800,0.0,0.0,0.0
2015-07-21,23.160010675172217,23.34425629604922,23.04364476029084,23.1147575378418,21238000,0.0,0.0,0.0
2015-07-22,23.02101211811628,23.16000456499324,22.87878660053697,22.92727279663086,30418600,0.0,0.0,0.0
2015-07-23,22.949906573024023,23.09536274091564,22.733337623990334,22.90788650512696,22569200,0.0,0.0,0.0
2015-07-24,22.90788674570626,22.91758349485272,22.384240096797047,22.46828269958496,25108200,0.0,0.0,0.0
2015-07-27,22.180598806916333,22.406864485341988,22.04807000518778,22.1450424194336,34393400,0.0,0.0,0.0
2015-07-28,22.177366186765145,22.901418838571907,22.1612032953583,22.778589248657227,37877200,0.0,0.0,0.0
2015-07-29,22.720412097120967,23.111530001208013,22.64929930253939,23.088903427124023,46854600,0.0,0.0,0.0
2015-07-30,23.04040561010969,23.10828529819699,22.82706979985109,22.92727279663086,25254400,0.0,0.0,0.0
2015-07-31,22.730102684853065,22.76242600104996,22.390701699508337,22.426258087158203,43578800,0.0,0.0,0.0
2015-08-03,22.187060335757813,22.326052800795164,21.90907540568312,21.954328536987305,33853200,0.0,0.0,0.0
2015-08-04,22.051307359181223,22.222623186990376,21.78625217035903,21.87999153137207,25525000,0.0,0.0,0.0
2015-08-05,22.0513131773797,22.29374185792941,21.69251853287716,21.715145111083984,36947600,0.0,0.0,0.0
2015-08-06,21.58584227791694,22.11918569431404,21.42745628215193,22.06100273132324,46519200,0.0,0.0,0.0
2015-08-07,21.97049732790945,22.145046223872228,21.58907621438592,21.66665267944336,34163400,0.0,0.0,0.0
2015-08-10,21.71190870387289,22.37454798205891,21.71190870387289,22.35838508605957,38888800,0.0,0.0,0.0
2015-08-11,21.912313696969765,22.42303054748285,21.870293626779937,22.40040397644043,42107800,0.0,0.0,0.0
2015-08-12,22.322822967607767,22.86586308813698,22.193529697190712,22.807680130004883,46966000,0.0,0.0,0.0
2015-08-13,22.65898647049286,22.743029052738,22.432720825345072,22.461811065673828,39627200,0.0,0.0,0.0
2015-08-14,22.51030633186232,22.66546174110409,22.36161706714939,22.413333892822266,24242400,0.0,0.0,0.0
2015-08-17,22.30342511407037,22.57171328339602,22.22907927860149,22.461811065673828,19064200,0.0,0.0,0.0
2015-08-18,22.419797169225006,22.477980131983475,22.267874851682816,22.37777709960937,22126800,0.0,0.0,0.0
2015-08-19,22.254941287878808,22.290497673924698,21.656951333823752,21.760387420654297,40366000,0.0,0.0,0.0
2015-08-20,21.7022036842408,21.850892899560165,21.26583278574318,21.2690658569336,50673200,0.0,0.0,0.0
2015-08-21,21.055737624034712,21.28523646615992,20.512697311392326,20.52562713623047,50840400,0.0,0.0,0.0
2015-08-24,19.3264068047756,20.228241423499856,18.987007037433123,19.423377990722656,86002200,0.0,0.0,0.0
2015-08-25,20.27672962943588,20.27672962943588,19.126001335901616,19.14216423034668,55393200,0.0,0.0,0.0
2015-08-26,19.627021317065807,19.82419679042056,19.24560019258908,19.80156898498535,79464400,0.0,0.0,0.0
2015-08-27,20.2605730211891,20.82947301520524,20.18622837381145,20.780986785888672,64482800,0.0,0.0,0.0
2015-08-28,20.70986479000005,21.469473825236022,20.70016804166132,21.252904891967773,62926800,0.0,0.0,0.0
2015-08-31,21.091292300329627,21.61170599345812,20.71310420267329,21.472713470458984,72387000,0.0,0.0,0.0
2015-09-01,20.85532398261014,21.10098566275943,20.53855198225702,20.7163314819336,57425200,0.0,0.0,0.0
2015-09-02,21.01047764869328,21.042800967238275,20.42218437317431,20.907041549682617,51057800,0.0,0.0,0.0
2015-09-03,21.046038581282964,21.414529917671704,20.83593326622688,20.965229034423828,43790000,0.0,0.0,0.0
2015-09-04,20.66461310960248,20.76804920935481,20.53208552972881,20.619359970092773,33368400,0.0,0.0,0.0
2015-09-08,20.84239911008984,20.97169241030848,20.58703941671244,20.942602157592773,31255200,0.0,0.0,0.0
2015-09-09,21.08805734593441,21.34018272187201,20.51592687485381,20.54825019836425,36955400,0.0,0.0,0.0
2015-09-10,20.63551954947157,20.78421000680156,20.3510696872967,20.667842864990234,36985600,0.0,0.0,0.0
2015-09-11,20.46097404526649,20.50946025955955,20.199151940639787,20.48360061645508,26688600,0.0,0.0,0.0
2015-09-14,20.34138068022004,20.43188698455905,20.20238815109602,20.30582427978516,24962600,0.0,0.0,0.0
2015-09-15,20.37047203658476,20.599970868561822,20.3672389639902,20.53209114074707,29633200,0.0,0.0,0.0
2015-09-16,20.696938877041585,21.14300911371359,20.66461555444064,21.113916397094727,34433400,0.0,0.0,0.0
2015-09-17,21.13007537724525,21.47594004384032,20.965223256573296,21.100982666015625,39645400,0.0,0.0,0.0
2015-09-18,20.70307760668991,20.856120567797586,20.423042078769985,20.546777725219727,42473800,0.0,0.0,0.0
2015-09-21,20.76494487682304,20.817044421875,20.533753223289427,20.66400146484375,31379400,0.0,0.0,0.0
2015-09-22,20.344887905161983,20.66074203844723,20.30255664431478,20.445831298828125,34100800,0.0,0.0,0.0
2015-09-23,20.5239845791406,20.618415396743195,20.17231294559294,20.18208122253418,27969400,0.0,0.0,0.0
2015-09-24,20.02578358477857,20.41327390940715,19.89227841056609,20.270000457763672,37824000,0.0,0.0,0.0
2015-09-25,20.494677197445416,20.494677197445416,20.126724711774823,20.30907249450684,31666800,0.0,0.0,0.0
2015-09-28,20.097421209872383,20.097421209872383,19.481994880175147,19.498275756835938,32702800,0.0,0.0,0.0
2015-09-29,19.592704999294657,19.75226056897247,19.338719849757773,19.468969345092773,37762400,0.0,0.0,0.0
2015-09-30,19.648059348655647,20.002987880871967,19.625265875755147,19.9280948638916,32256200,0.0,0.0,0.0
2015-10-01,20.18207572248389,20.403499048584724,19.788072925979804,19.967164993286133,34891000,0.0,0.0,0.0
2015-10-02,19.739237815015464,20.80402365843877,19.7034191372559,20.790998458862305,39859600,0.0,0.0,0.0
2015-10-05,21.05149255210664,21.491082376585435,21.031953515166048,21.4194450378418,47614000,0.0,0.0,0.0
2015-10-06,21.49434122837562,22.05766674402421,21.380373853906463,21.89485549926757,54932800,0.0,0.0,0.0
2015-10-07,22.174883964138434,22.448408059899503,21.71901212740441,22.17162704467773,80006200,0.0,0.0,0.0
2015-10-08,22.12929814392161,22.686112153278685,21.992537331300948,22.59493827819824,54143400,0.0,0.0,0.0
2015-10-09,22.64378298587635,22.66983337524973,22.30839229667508,22.448410034179688,51971400,0.0,0.0,0.0
2015-10-12,22.48422217327749,22.487476607778287,21.956713120914856,22.158599853515625,43492400,0.0,0.0,0.0
2015-10-13,21.989284911802365,22.256295236739746,21.865549268056554,21.92741584777832,41675600,0.0,0.0,0.0
2015-10-14,21.87856902088389,22.19767756956765,21.829725165876727,22.11627197265625,30353400,0.0,0.0,0.0
2015-10-15,22.0153344920784,22.52330472945788,21.94044023395856,22.51353645324707,39016400,0.0,0.0,0.0
2015-10-16,22.591684244091745,22.65029638331565,22.23350005296881,22.542842864990234,40062400,0.0,0.0,0.0
2015-10-19,22.318162172257992,22.331187367878844,21.979514539022,22.096738815307617,39000400,0.0,0.0,0.0
2015-10-20,22.05114389176193,22.262798896467377,21.93391965790357,22.158599853515625,27513000,0.0,0.0,0.0
2015-10-21,22.06092057001034,22.16837657270932,21.86229068052512,21.88508415222168,29324200,0.0,0.0,0.0
2015-10-22,22.00556917347426,22.334446110183578,21.99580089595057,22.279090881347656,37481400,0.0,0.0,0.0
2015-10-23,22.174888960190685,22.4353879211016,22.03161676756167,22.22698974609375,31262000,0.0,0.0,0.0
2015-10-26,22.184655875682346,22.184655875682346,21.676685665797,21.68319702148437,23672200,0.0,0.0,0.0
2015-10-27,21.38362339047229,21.49433630337641,21.201275633103005,21.42269897460937,42214600,0.0,0.0,0.0
2015-10-28,21.572488869876224,22.044640462741267,21.399909356405583,21.89811134338379,39513000,0.0,0.0,0.0
2015-10-29,21.816705423180267,22.213965232851915,21.784143673140456,22.00882148742676,19507200,0.0,0.0,0.0
2015-10-30,22.126045401364888,22.38980128612852,21.86554892114316,22.15209579467773,28514400,0.0,0.0,0.0
2015-11-02,22.01859484422396,22.787064160414264,21.986030606042657,22.66983985900879,30773800,0.0,0.0,0.0
2015-11-03,22.82939729386836,23.42203023847179,22.819629014807777,23.24945068359375,42654400,0.0,0.0,0.0
2015-11-04,23.272235866354823,23.337359359744315,22.86846474187552,23.04104423522949,35437600,0.0,0.0,0.0
2015-11-05,22.927074392782547,23.18105946747504,22.74146723972076,22.84566879272461,32467000,0.0,0.0,0.0
2015-11-06,22.64378063124309,22.819617014776146,22.39305000712496,22.72844314575196,27522400,0.0,0.0,0.0
2015-11-09,22.67635035310908,22.927081065469057,22.40934000658055,22.50377082824707,25374000,0.0,0.0,0.0
2015-11-10,22.409335731892067,22.751240280143925,22.32467320373696,22.552610397338867,25370800,0.0,0.0,0.0
2015-11-11,22.54935837091102,22.581920124405617,22.02184902080938,22.073949813842773,28739400,0.0,0.0,0.0
2015-11-12,21.76460677527137,21.91764974823608,21.53341509766815,21.572490692138672,38623000,0.0,0.0,0.0
2015-11-13,21.50084727208332,21.67994059078155,21.23058007633938,21.48456764221192,35559200,0.0,0.0,0.0
2015-11-16,21.455259768565167,22.223728832430723,21.438977654820704,22.20093536376953,34726200,0.0,0.0,0.0
2015-11-17,22.142326959664228,22.23350084965685,21.875316645699183,21.956722259521484,30457800,0.0,0.0,0.0
2015-11-18,22.10976852887413,22.347471565696665,21.901370324960183,22.31816673278809,41903000,0.0,0.0,0.0
2015-11-19,22.18791350775252,22.30839470840307,21.83624066609857,22.018590927124023,37825000,0.0,0.0,0.0
2015-11-20,22.02510723373421,22.12604942078084,21.761353785359404,21.78414726257324,28428000,0.0,0.0,0.0
2015-11-23,21.76460659175948,22.064181178235827,21.624591302434705,21.94044303894043,32814600,0.0,0.0,0.0
2015-11-24,22.044639941384343,22.51028016685984,22.0023099151783,22.409337997436523,37886200,0.0,0.0,0.0
2015-11-25,22.220475905704763,22.41259444834456,22.090226425249305,22.22698974609375,22201200,0.0,0.0,0.0
2015-11-27,22.047893945827845,22.158606861397548,21.989281810361987,22.06743049621582,16752800,0.0,0.0,0.0
2015-11-30,22.15860498718512,22.363746201813463,22.06742862971524,22.148834228515625,35210600,0.0,0.0,0.0
2015-12-01,22.168377219927088,22.344213642849382,22.11302199909104,22.32467460632324,27594000,0.0,0.0,0.0
2015-12-02,22.17815028537298,22.262812837129896,21.56272391439574,21.634361267089844,50856200,0.0,0.0,0.0
2015-12-03,21.738564068090167,21.810201432953544,21.097087190017543,21.20128631591797,48438400,0.0,0.0,0.0
2015-12-04,21.00265221704084,21.19151387196934,20.67051710268994,21.06777572631836,65678600,0.0,0.0,0.0
2015-12-07,20.54677504823401,20.57608111692257,19.976935789851844,20.266740798950195,65600800,0.0,0.0,0.0
2015-12-08,19.82064151528097,20.331868748339307,19.61875591014901,20.05834579467773,54673800,0.0,0.0,0.0
2015-12-09,20.14951070656037,20.75191153749104,20.035542142498727,20.32209014892578,57513800,0.0,0.0,0.0
2015-12-10,20.331871287656355,20.75518159039864,20.19185349376186,20.45235252380371,77829800,0.0,0.0,0.0
2015-12-11,20.100672518174967,20.17556552825282,19.667595330828945,19.687131881713867,58008000,0.0,0.0,0.0
2015-12-14,19.59270612672268,19.89553516497377,19.381052237313103,19.791336059570312,78233200,0.0,0.0,0.0
2015-12-15,20.07136594588264,20.38396317370479,20.045316797972944,20.289533615112305,58140600,0.0,0.0,0.0
2015-12-16,20.2113877891431,20.42304290381469,19.94112176924141,20.15603256225586,57502400,0.0,0.0,0.0
2015-12-17,20.1690514748474,20.208127058098903,19.66108131408692,19.66108131408692,58149600,0.0,0.0,0.0
2015-12-18,19.6814569461358,19.69459886930616,19.310170355073044,19.31674194335937,54278400,0.0,0.0,0.0
2015-12-21,19.32002414264009,19.49088165162873,19.12616670488396,19.33645248413086,48030000,0.0,0.0,0.0
2015-12-22,19.405453239893987,19.68802396824611,19.310167105878804,19.563167572021484,50583000,0.0,0.0,0.0
2015-12-23,19.95745837170919,20.42731505003939,19.88845731799984,20.414173126220703,60421000,0.0,0.0,0.0
2015-12-24,20.44045508587433,20.466741436276624,20.157883086060504,20.23016929626465,14430600,0.0,0.0,0.0
2015-12-28,19.87859951705744,19.98374242249531,19.76031343508926,19.862171173095703,25107800,0.0,0.0,0.0
2015-12-29,20.203889073281506,20.263030869149784,19.891745480664188,20.000173568725582,30212600,0.0,0.0,0.0
2015-12-30,19.724164192587047,20.00673613310405,19.71102227354586,19.7307357788086,30102400,0.0,0.0,0.0
2015-12-31,19.638738033590226,19.92459516897475,19.57630983837352,19.8194522857666,38404800,0.0,0.0,0.0
2016-01-04,19.766885419049217,19.97059964573777,19.48431338500253,19.812885284423828,43617400,0.0,0.0,0.0
2016-01-05,19.79974368164856,19.91145818646885,19.579601093168755,19.888458251953125,31058400,0.0,0.0,0.0
2016-01-06,19.41858708602101,19.45801659270848,18.96187262080451,19.12287330627441,53924200,0.0,0.0,0.0
2016-01-07,18.75159526454135,19.182024836633577,18.577452586195108,18.656309127807617,56163800,0.0,0.0,0.0
2016-01-08,18.814026004104907,18.85674070106224,18.347454518609915,18.416454315185547,38454200,0.0,0.0,0.0
2016-01-11,18.492019225581544,18.51501914972068,17.795447408649547,18.02216148376465,56889400,0.0,0.0,0.0
2016-01-12,18.30145250691292,18.360595540867703,17.565451002921158,18.06488037109375,71188200,0.0,0.0,0.0
2016-01-13,18.28502107342745,18.41644904068237,17.440591652222313,17.631162643432617,67916800,0.0,0.0,0.0
2016-01-14,17.811876371393573,18.551162896250105,17.532590852252977,18.39016342163086,76148600,0.0,0.0,0.0
2016-01-15,17.621310639840686,18.02873907756288,17.519452903709,17.857881546020508,73760400,0.0,0.0,0.0
2016-01-19,17.992592537373497,18.07802191355012,17.194164157889148,17.47344970703125,71744600,0.0,0.0,0.0
2016-01-20,17.128454164710405,17.266453766449185,16.405595705891297,17.010168075561523,102614800,0.0,0.0,0.0
2016-01-21,16.990448014360123,17.752734514188713,16.878733548692036,17.53916358947754,87341400,0.0,0.0,0.0
2016-01-22,18.179883655912064,18.4394545018602,17.890740035706468,18.314598083496094,77245000,0.0,0.0,0.0
2016-01-25,17.9663129548402,18.42631415108769,17.447168711835097,17.460311889648438,58240000,0.0,0.0,0.0
2016-01-26,17.775737519763755,18.14373891359337,17.545738215373,18.120738983154297,50709800,0.0,0.0,0.0
2016-01-27,17.995876760065936,18.53801945162413,17.80859094345832,18.03530502319336,72989000,0.0,0.0,0.0
2016-01-28,18.71874075989013,18.791025722548262,18.212739754271865,18.58402633666992,76343800,0.0,0.0,0.0
2016-01-29,18.616883031520715,19.145883969118863,18.561026412471108,19.12616920471192,62996400,0.0,0.0,0.0
2016-02-01,18.80745315551757,18.94873789721167,18.52816633231247,18.80745315551757,55370200,0.0,0.0,0.0
2016-02-02,18.34745315066512,18.432881284808143,18.087881074250127,18.179882049560547,50462400,0.0,0.0,0.0
2016-02-03,18.442737164266283,18.8435939444532,17.779021917423087,18.82716560363769,72881400,0.0,0.0,0.0
2016-02-04,18.86659344723951,19.22145161718984,18.728593883415737,18.81730842590332,74112200,0.0,0.0,0.0
2016-02-05,18.56431461092508,18.6431724280261,18.225885913797008,18.380313873291016,60482000,0.0,0.0,0.0
2016-02-08,18.015595816062905,18.40002429341732,17.742880568652417,18.285024642944336,69613400,0.0,0.0,0.0
2016-02-09,18.012303326401984,18.23244705179132,17.55887395814175,17.8447322845459,74822600,0.0,0.0,0.0
2016-02-10,17.79216616296399,18.17659462548749,17.58187912629408,17.772451400756836,60431600,0.0,0.0,0.0
2016-02-11,17.463590859540002,17.831590907480432,17.20730401514055,17.696876525878906,95973800,0.0,0.0,0.0
2016-02-12,17.940017530122958,18.2423042000048,17.779018070206952,18.1634464263916,51564000,0.0,0.0,0.0
2016-02-16,18.469026035147365,18.52488390942349,18.078025928823774,18.34416961669922,67600400,0.0,0.0,0.0
2016-02-17,18.56430846240244,19.02759469424844,18.49202225845133,18.945451736450195,58560000,0.0,0.0,0.0
2016-02-18,19.10645817969221,19.13602970344912,18.61688545380626,18.708885192871094,57664600,0.0,0.0,0.0
2016-02-19,18.459163813363148,18.672735984597708,18.301449499864585,18.66616439819336,50257600,0.0,0.0,0.0
2016-02-22,19.021024058469028,19.2280246734254,18.93888109656277,19.14259529113769,49416600,0.0,0.0,0.0
2016-02-23,18.958594925574587,19.05059463729304,18.455879171136605,18.48873710632324,42910000,0.0,0.0,0.0
2016-02-24,18.143737452074006,18.718738173537684,18.094451174587707,18.676023483276367,50559600,0.0,0.0,0.0
2016-02-25,18.62016527232227,18.7417377536206,18.327736539959947,18.69245147705078,37177800,0.0,0.0,0.0
2016-02-26,19.0045977502129,19.05716920132184,18.74174049466822,18.804168701171875,42310200,0.0,0.0,0.0
2016-02-29,18.879739498138544,18.93231094761667,18.57416755635874,18.59059715270996,45966600,0.0,0.0,0.0
2016-03-01,18.722025093084195,19.106454834619694,18.531454059328155,19.07688331604004,47286000,0.0,0.0,0.0
2016-03-02,18.95859758302184,19.556598299818315,18.866596605005444,19.543455123901367,53590000,0.0,0.0,0.0
2016-03-03,19.46460058479193,19.87531547408327,19.454742575135327,19.83917236328125,48791200,0.0,0.0,0.0
2016-03-04,19.95088853846896,20.315603591327125,19.737316276744053,20.02974510192871,61103200,0.0,0.0,0.0
2016-03-07,20.019882948588457,20.522597478698263,19.92459681113955,20.49959754943848,66721000,0.0,0.0,0.0
2016-03-08,20.332031325247545,20.34517324982672,19.60588640929402,19.638744354248047,59635200,0.0,0.0,0.0
2016-03-09,19.90488513795991,20.213742254647727,19.661741394701902,19.95745658874512,50935200,0.0,0.0,0.0
2016-03-10,19.872021157176352,19.99687878486304,19.6124491494652,19.97387886047364,57247200,0.0,0.0,0.0
2016-03-11,20.236738017873872,20.55873824428627,20.213738091230272,20.48973846435547,49567200,0.0,0.0,0.0
2016-03-14,20.23346259607272,20.42731885589033,20.15460477145662,20.35503387451172,43532200,0.0,0.0,0.0
2016-03-15,20.075738987214315,20.31888270109333,19.931167828374047,20.315597534179688,43439200,0.0,0.0,0.0
2016-03-16,20.437165256285983,20.713165605533128,20.295879288611733,20.667165756225582,53940800,0.0,0.0,0.0
2016-03-17,20.834743610098336,21.120600805028108,20.647457732033764,20.949743270874023,56321600,0.0,0.0,0.0
2016-03-18,21.10924095682097,21.129095211453347,20.8147243978325,21.009965896606445,60948000,0.0,0.0,0.0
2016-03-21,20.92724099187639,21.076152983203546,20.705525422543985,20.93716812133789,33397000,0.0,0.0,0.0
2016-03-22,20.69228854967347,21.00997058047377,20.67905279775146,20.821346282958984,28360200,0.0,0.0,0.0
2016-03-23,20.67243682793848,20.74854777582428,20.32497210355149,20.36468315124512,37747600,0.0,0.0,0.0
2016-03-24,20.083398985501265,20.46395492553711,19.98743379169014,20.46395492553711,31032000,0.0,0.0,0.0
2016-03-28,20.47057164624688,20.52682705624996,20.21245621239559,20.35474967956543,23129800,0.0,0.0,0.0
2016-03-29,20.12642054012919,20.467265470940863,20.00728992988594,20.450719833374023,28733800,0.0,0.0,0.0
2016-03-30,20.636033559878346,20.72207162973334,20.37129958068851,20.490428924560547,31489600,0.0,0.0,0.0
2016-03-31,20.41100114067644,20.639333869067176,20.377909879988163,20.480493545532227,28092800,0.0,0.0,0.0
2016-04-01,20.12641833818102,20.265404455709323,20.05692591059241,20.20583915710449,29609600,0.0,0.0,0.0
2016-04-04,20.16943306816861,20.38122018369941,19.99735572121213,20.056921005249023,31619000,0.0,0.0,0.0
2016-04-05,19.888153047902,20.06354028538553,19.83520626697416,19.92124557495117,32097600,0.0,0.0,0.0
2016-04-06,20.083396613484293,20.35474905155872,19.934484644611253,20.3514404296875,36437600,0.0,0.0,0.0
2016-04-07,20.19260527902432,20.381228333111583,20.063547532791063,20.23231506347656,27854200,0.0,0.0,0.0
2016-04-08,20.612864778884315,20.751849613313667,20.53675385588478,20.63933753967285,35333000,0.0,0.0,0.0
2016-04-11,20.80479971304554,20.86767489684711,20.55330276489257,20.55330276489257,32471400,0.0,0.0,0.0
2016-04-12,20.632720960425825,21.28793920844669,20.58970256233384,21.165498733520508,55260800,0.0,0.0,0.0
2016-04-13,21.155578454428056,21.32765462720949,21.006665168029286,21.264781951904297,37405800,0.0,0.0,0.0
2016-04-14,21.35412349499139,21.357433379639147,21.18866460843519,21.314414978027344,34871000,0.0,0.0,0.0
2016-04-15,21.1952808894242,21.23168204045185,21.00003812257564,21.026512145996094,28442400,0.0,0.0,0.0
2016-04-18,20.593012780336423,21.42692571645913,20.54337587199468,21.37397766113281,41371600,0.0,0.0,0.0
2016-04-19,21.49642326417613,21.82403122923392,21.397149423854017,21.80086708068848,34682800,0.0,0.0,0.0
2016-04-20,21.68504543439485,22.16487781241813,21.61555299165412,21.996109008789062,42176600,0.0,0.0,0.0
2016-04-21,22.025885468399,22.11854203796475,21.82071807141829,21.86704635620117,38670200,0.0,0.0,0.0
2016-04-22,21.919995268987417,22.26745998319663,21.903450893126656,22.18473052978516,31529000,0.0,0.0,0.0
2016-04-25,22.10861097664982,22.111920860603355,21.77107602973912,21.9365348815918,34468600,0.0,0.0,0.0
2016-04-26,22.062285478757904,22.29723677501561,22.00933995234168,22.287309646606445,27171400,0.0,0.0,0.0
2016-04-27,22.40312484367396,22.76051652673433,22.38658047529425,22.710878372192383,43924800,0.0,0.0,0.0
2016-04-28,22.60830530679801,22.77376421639832,22.287314618221,22.373353958129883,31110400,0.0,0.0,0.0
2016-04-29,22.42298197364456,22.64138632248872,21.99609787737933,22.33694267272949,48214800,0.0,0.0,0.0
2016-05-02,22.297234842565366,22.38989392399177,22.0391194274892,22.31378173828125,30132000,0.0,0.0,0.0
2016-05-03,22.01264468543195,22.05235571903228,21.651945597860525,21.7876205444336,32316200,0.0,0.0,0.0
2016-05-04,21.8008553163478,21.953077142460888,21.34418983800852,21.47324752807617,37210800,0.0,0.0,0.0
2016-05-05,21.837266552810387,21.95639717172101,21.46994756528641,21.648643493652344,28704000,0.0,0.0,0.0
2016-05-06,21.509654247090232,21.86373614678502,21.453398834218664,21.599000930786133,25091000,0.0,0.0,0.0
2016-05-09,21.476562724894965,21.522891008447203,21.013277364670472,21.284629821777344,32041600,0.0,0.0,0.0
2016-05-10,21.39383472261916,21.66518719794192,21.38390759329185,21.658567428588867,20702800,0.0,0.0,0.0
2016-05-11,21.605627515880933,21.91669111410815,21.430241452949563,21.72475814819336,28429600,0.0,0.0,0.0
2016-05-12,21.919991987037243,22.08545086908701,21.622165494407216,21.78431701660156,24954400,0.0,0.0,0.0
2016-05-13,21.68835346071081,21.85381236487428,21.46001936506044,21.50634765625,24743800,0.0,0.0,0.0
2016-05-16,21.78762805842212,21.93985247737075,21.724755389415623,21.87035751342773,27455400,0.0,0.0,0.0
2016-05-17,21.873654610356123,22.141699604662577,21.80416221174368,21.972930908203125,31674600,0.0,0.0,0.0
2016-05-18,21.96962954413416,22.04243185415886,21.62216489163521,21.76115226745605,41166400,0.0,0.0,0.0
2016-05-19,21.542745320323583,21.814097778117624,21.34088528803388,21.76445960998535,33709800,0.0,0.0,0.0
2016-05-20,21.8306413687708,21.939844817178983,21.698273782036804,21.893516540527344,19667000,0.0,0.0,0.0
2016-05-23,21.764460793374305,21.93322956431958,21.68835111950837,21.837263107299805,20545000,0.0,0.0,0.0
2016-05-24,21.94977823818188,22.07552609304983,21.810793368374807,21.946468353271484,22605800,0.0,0.0,0.0
2016-05-25,22.078838674950745,22.3270270547956,22.05898441246804,22.29393577575684,28511000,0.0,0.0,0.0
2016-05-26,22.37996887118636,22.475935331717142,22.13178053265228,22.20127296447754,21433600,0.0,0.0,0.0
2016-05-27,22.12185148889105,22.231054954325383,21.99941353495145,22.214508056640625,18517400,0.0,0.0,0.0
2016-05-31,22.26745622686884,22.442842234562647,22.02919503728399,22.12847137451172,30812200,0.0,0.0,0.0
2016-06-01,21.913375569879435,22.20127241970508,21.857120153787328,22.13508987426757,33391400,0.0,0.0,0.0
2016-06-02,21.96631546141171,22.118537296596656,21.883586038504568,22.105302810668945,25700000,0.0,0.0,0.0
2016-06-03,22.105309275138502,22.22112999613875,21.89021220773669,22.019269943237305,24315400,0.0,0.0,0.0
2016-06-06,22.234363876599367,22.52557058045335,22.194652838695728,22.50571632385254,36447600,0.0,0.0,0.0
2016-06-07,22.57851805399273,23.074894653944163,22.571898285493628,23.01532936096192,31236600,0.0,0.0,0.0
2016-06-08,23.15431617787685,23.25028263168345,22.89950808766917,22.962383270263672,36259400,0.0,0.0,0.0
2016-06-09,22.697645733759444,22.90281563385029,22.67448159380579,22.78699493408203,24681200,0.0,0.0,0.0
2016-06-10,22.55205128684305,22.69765341955416,22.26415185733002,22.29393577575684,28980400,0.0,0.0,0.0
2016-06-13,22.184722849466937,22.528877559477124,22.161558711519216,22.22774124145508,23147600,0.0,0.0,0.0
2016-06-14,22.13508850209844,22.327021406552333,21.96301237980668,22.214508056640625,24405000,0.0,0.0,0.0
2016-06-15,22.131781865376823,22.429608394492604,22.006034008506827,22.16156578063965,33659000,0.0,0.0,0.0
2016-06-16,21.923304068052595,22.088762966679408,21.62216766069463,22.05567169189453,39987400,0.0,0.0,0.0
2016-06-17,22.28417541416113,22.32414540189296,22.15093619195917,22.28084373474121,34871800,0.0,0.0,0.0
2016-06-20,22.60061301513311,22.650578033767,22.454052179487167,22.47403717041016,21826400,0.0,0.0,0.0
2016-06-21,22.424079491252144,22.787156373590005,22.35746113882016,22.74052047729492,22444600,0.0,0.0,0.0
2016-06-22,22.840447114713587,22.840447114713587,22.59395619816624,22.61394119262696,20516400,0.0,0.0,0.0
2016-06-23,22.85043435947072,22.993666049944856,22.76382850117033,22.98700523376465,19077000,0.0,0.0,0.0
2016-06-24,22.100973739043045,22.50069145218549,22.0809887428504,22.24420547485352,53759800,0.0,0.0,0.0
2016-06-27,21.941080216025323,21.961065204502333,21.35482932121399,21.531370162963867,43319400,0.0,0.0,0.0
2016-06-28,21.93442250558882,22.134280065786832,21.807846643772987,22.13095092773437,29100800,0.0,0.0,0.0
2016-06-29,22.267517905115803,22.68388885525382,22.267517905115803,22.550649642944336,32708800,0.0,0.0,0.0
2016-06-30,22.45405189264665,22.74384442263367,22.4074160122114,22.73052024841309,24264600,0.0,0.0,0.0
2016-07-01,22.70388010864566,22.93371518267472,22.68722425138069,22.850440979003903,25357600,0.0,0.0,0.0
2016-07-05,22.543988438508645,22.623930947989887,22.16759002092984,22.390764236450195,30139800,0.0,0.0,0.0
2016-07-06,22.2608579084325,22.50401712913087,22.107633698094432,22.487363815307617,31795000,0.0,0.0,0.0
2016-07-07,22.620601265382444,22.76383042664532,22.10096861295336,22.257524490356445,28195600,0.0,0.0,0.0
2016-07-08,22.45738341364924,22.633924293487443,22.33413923634985,22.55398178100586,23135800,0.0,0.0,0.0
2016-07-11,22.67389386690764,22.780484716774183,22.57729551213384,22.597280502319336,19500800,0.0,0.0,0.0
2016-07-12,22.93704261163568,23.256815189511183,22.890409269528416,23.156885147094727,31049000,0.0,0.0,0.0
2016-07-13,23.09026664377246,23.216842494089104,22.74384571828179,22.95702743530273,25092400,0.0,0.0,0.0
2016-07-14,23.13690715060173,23.193533005806195,23.00699958097862,23.073617935180664,21797200,0.0,0.0,0.0
2016-07-15,23.156887120503963,23.210183825355053,22.97368541556357,23.060291290283203,18259000,0.0,0.0,0.0
2016-07-18,22.99367395770755,23.08694066426353,22.84711053807549,23.076948165893555,18802200,0.0,0.0,0.0
2016-07-19,23.020320354088863,23.05696120587695,22.86043276980205,22.94703865051269,13983800,0.0,0.0,0.0
2016-07-20,22.8537654824744,23.026974653536847,22.663900459377025,22.91372299194336,23110000,0.0,0.0,0.0
2016-07-21,22.85044015619427,23.06029276833752,22.630597587909588,22.68722343444824,18513800,0.0,0.0,0.0
2016-07-22,22.73719235454816,22.79381821077823,22.610613921413456,22.75717735290528,15981200,0.0,0.0,0.0
2016-07-25,22.60727457503052,22.657237048364465,22.220881172406585,22.304155349731445,25543400,0.0,0.0,0.0
2016-07-26,22.17425358580274,22.45405621565178,22.16092940901689,22.43406867980957,24787800,0.0,0.0,0.0
2016-07-27,22.464038717894447,22.627255363578403,22.117617899577453,22.214216232299805,32355800,0.0,0.0,0.0
2016-07-28,22.1875689831016,22.32413729379525,22.06099316571165,22.21754646301269,21727000,0.0,0.0,0.0
2016-07-29,21.901105108727933,22.470700084923585,21.881120122613428,22.44405174255371,33003600,0.0,0.0,0.0
2016-08-01,22.24753283116445,22.26418614431295,21.62797265632453,21.70458602905273,61297000,0.0,0.0,0.0
2016-08-02,21.85780422885423,22.00769671264831,21.508051711566853,21.901105880737305,51200200,0.0,0.0,0.0
2016-08-03,21.90444613527217,22.334141309400707,21.817840256271168,22.32414627075196,47811200,0.0,0.0,0.0
2016-08-04,22.24087321108036,22.44406247146082,22.16426236680203,22.29083824157715,33580400,0.0,0.0,0.0
2016-08-05,22.30415543863173,22.52400048748221,22.26418291847904,22.494020462036133,22853600,0.0,0.0,0.0
2016-08-08,22.65057819170529,22.947034085320023,22.64391737512665,22.79380989074707,43326800,0.0,0.0,0.0
2016-08-09,22.85709333658072,22.893734171865617,22.58395418166429,22.67388916015625,22256800,0.0,0.0,0.0
2016-08-10,22.72052862379364,22.77049364370404,22.38077106279054,22.427404403686523,36073600,0.0,0.0,0.0
2016-08-11,22.52401056764771,22.85377574717694,22.47404553042756,22.75717735290528,34859400,0.0,0.0,0.0
2016-08-12,22.817130665103324,22.95370157213282,22.75717313980472,22.88374900817871,20379400,0.0,0.0,0.0
2016-08-15,23.013649338855497,23.11357936345668,22.947031016672103,23.06694602966309,21406800,0.0,0.0,0.0
2016-08-16,23.02697284142464,23.176867873964152,22.88707284411524,23.10358619689941,20485600,0.0,0.0,0.0
2016-08-17,22.99033399943601,23.186862381479056,22.9670173311929,23.17353820800781,29439000,0.0,0.0,0.0
2016-08-18,23.253482086508548,23.64986801147461,23.230165416882688,23.64986801147461,48297000,0.0,0.0,0.0
2016-08-19,23.57326259327084,23.57326259327084,23.366744175900827,23.453350067138672,22091400,0.0,0.0,0.0
2016-08-22,23.25015167515225,23.293453333134696,23.07693996056996,23.18353080749512,28273400,0.0,0.0,0.0
2016-08-23,23.183531667556743,23.406705864503376,23.183531667556743,23.34674835205078,24912400,0.0,0.0,0.0
2016-08-24,23.21684006921948,23.370066794818225,23.19352340077206,23.253480911254883,32905200,0.0,0.0,0.0
2016-08-25,23.216848528571152,23.286801100727764,23.113589322298267,23.19020271301269,23791600,0.0,0.0,0.0
2016-08-26,23.23016933497132,23.410041905848704,23.000334278844782,23.110254287719727,29150200,0.0,0.0,0.0
2016-08-29,23.043635231886345,23.28679699830761,23.016986879695324,23.266809463500977,14788000,0.0,0.0,0.0
2016-08-30,23.320102142184208,23.4100371386452,23.10025708654977,23.18686294555664,14265800,0.0,0.0,0.0
2016-08-31,23.056955829501263,23.09026499390703,22.693879075897307,22.820457458496094,26465600,0.0,0.0,0.0
2016-09-01,22.72385438406102,22.80712854844628,22.57395936337207,22.75383186340332,33337000,0.0,0.0,0.0
2016-09-02,22.97702102463001,23.066956052789045,22.867098458070032,23.010330200195312,21588800,0.0,0.0,0.0
2016-09-06,23.070283245056977,23.3767316667702,23.05029571054406,23.356746673583984,25688200,0.0,0.0,0.0
2016-09-07,23.463332984982703,23.53994380487672,23.36007127713578,23.489978790283203,30189000,0.0,0.0,0.0
2016-09-08,23.639879659543304,23.96298395336629,23.52662542913413,23.929672241210938,36010600,0.0,0.0,0.0
2016-09-09,23.706499179698504,23.779780883960328,23.216846466064453,23.216846466064453,43543600,0.0,0.0,0.0
2016-09-12,23.053629552398508,23.56659893668632,23.010327882657563,23.446683883666992,43945800,0.0,0.0,0.0
2016-09-13,23.190192839679547,23.20018533392552,22.710532785264228,22.77715110778809,49160800,0.0,0.0,0.0
2016-09-14,22.75051463444125,23.023653934935844,22.45072697747715,22.50735282897949,52940400,0.0,0.0,0.0
2016-09-15,22.59728562887648,22.953701643552115,22.56064731899984,22.787153244018555,32954800,0.0,0.0,0.0
2016-09-16,22.45572561584184,22.686949816422967,22.45572561584184,22.603172302246094,34788800,0.0,0.0,0.0
2016-09-19,22.787484986810124,22.851156718883686,22.58641945414625,22.58977127075196,23595000,0.0,0.0,0.0
2016-09-20,22.56296207826397,22.7171124067466,22.40881174978136,22.42556571960449,28265800,0.0,0.0,0.0
2016-09-21,22.61992917432726,22.955039236169146,22.59311975577506,22.94498634338379,40521800,0.0,0.0,0.0
2016-09-22,23.192967349741497,23.276744866200623,22.95168769326932,22.9717960357666,26631800,0.0,0.0,0.0
2016-09-23,22.86120785551241,23.068974448737343,22.536150700282324,22.66684341430664,46150400,0.0,0.0,0.0
2016-09-26,22.74391944489312,22.86455926440985,22.522745590216847,22.566308975219727,26480400,0.0,0.0,0.0
2016-09-27,22.34178746145406,22.475831999040484,22.164179535743987,22.415512084960938,38820400,0.0,0.0,0.0
2016-09-28,22.54620280048024,23.41748838225869,22.355190182333857,23.38397789001465,82286800,0.0,0.0,0.0
2016-09-29,23.367224767225448,23.60850185411945,23.132646199661146,23.34376716613769,54003200,0.0,0.0,0.0
2016-09-30,23.50797429284394,23.78611629260212,23.35717321212203,23.662124633789062,29429000,0.0,0.0,0.0
2016-10-03,23.702343061798945,23.73920282774406,23.44765862088737,23.64537239074707,26309800,0.0,0.0,0.0
2016-10-04,23.66547700874322,23.72244511412748,23.31025855179266,23.404088973999023,23705600,0.0,0.0,0.0
2016-10-05,23.64201543368679,23.87323963339061,23.618557832073744,23.76265525817871,26702400,0.0,0.0,0.0
2016-10-06,23.833033551163982,23.910107449917824,23.585050212222505,23.79952049255371,22351600,0.0,0.0,0.0
2016-10-07,23.80287026377976,23.90340431759436,23.59175181879372,23.662124633789062,23488800,0.0,0.0,0.0
2016-10-10,23.66211773087717,24.12121935955634,23.66211773087717,24.03409004211425,23069000,0.0,0.0,0.0
2016-10-11,23.950310912776622,23.9905224744888,23.62860563564784,23.75929832458496,27424400,0.0,0.0,0.0
2016-10-12,23.658767700195312,23.74254520802652,23.457702192737745,23.658767700195312,20878200,0.0,0.0,0.0
2016-10-13,23.51132410947137,23.64871791086256,23.21977742356282,23.52807807922364,27086800,0.0,0.0,0.0
2016-10-14,23.648711974014248,23.725788396923427,23.3739218835291,23.39067840576172,22744800,0.0,0.0,0.0
2016-10-17,23.39737700170618,23.471101601020496,23.14939635039208,23.27673721313477,14850000,0.0,0.0,0.0
2016-10-18,23.50796938490544,23.558236401318112,23.266689751473933,23.37057304382324,13890200,0.0,0.0,0.0
2016-10-19,23.551538089060124,23.88329638162749,23.528080483660155,23.70233917236328,28631800,0.0,0.0,0.0
2016-10-20,23.561592612730102,23.772713632617616,23.43089986550803,23.6755313873291,24989000,0.0,0.0,0.0
2016-10-21,23.52137565612793,23.56158722658092,23.38397930591533,23.52137565612793,28477000,0.0,0.0,0.0
2016-10-24,23.52137874990468,23.60180445807592,23.1929697267841,23.451005935668945,21336800,0.0,0.0,0.0
2016-10-25,23.44429864650517,23.695631182454008,23.303553039978645,23.34376716613769,26454200,0.0,0.0,0.0
2016-10-26,23.135999201840555,23.49456686923836,23.095785073620345,23.397384643554688,35735600,0.0,0.0,0.0
2016-10-27,23.497922268980822,23.531432769264267,23.303557787974672,23.310258865356445,28412600,0.0,0.0,0.0
2016-10-28,23.27004726649029,23.601805565362483,23.09914039150699,23.24658966064453,37116800,0.0,0.0,0.0
2016-10-31,23.16280571342789,23.28679478567593,22.95503657873147,22.995250701904297,25947600,0.0,0.0,0.0
2016-11-01,23.166151175464336,23.246579408626253,22.747263715319114,22.99859619140625,37649600,0.0,0.0,0.0
2016-11-02,22.780783591994044,22.8612092925985,22.45237459977156,22.743921279907227,45966000,0.0,0.0,0.0
2016-11-03,22.74392348199621,22.874616216889848,22.619931824182203,22.834402084350582,25496200,0.0,0.0,0.0
2016-11-04,22.7204607981338,22.94163208593999,22.573011568471927,22.710405349731445,35108200,0.0,0.0,0.0
2016-11-07,22.968447806641304,23.21307676116549,22.968447806641304,23.19967460632324,29599000,0.0,0.0,0.0
2016-11-08,23.08573046132785,23.36052059198254,23.05221996865029,23.22982788085937,22417400,0.0,0.0,0.0
2016-11-09,23.31024805174618,23.78275432361536,23.038809801676884,23.60849571228028,51987600,0.0,0.0,0.0
2016-11-10,23.59174786806217,23.886643789614,23.511322172491088,23.70903587341309,41269600,0.0,0.0,0.0
2016-11-11,23.56828379496336,23.61519898422046,23.0857246406777,23.27673721313477,35319400,0.0,0.0,0.0
2016-11-14,23.19296425452271,23.43089206271152,23.06562336690641,23.407434463500977,25144000,0.0,0.0,0.0
2016-11-15,23.61185044282124,24.08100495713145,23.59174466083348,24.06760025024414,38457400,0.0,0.0,0.0
2016-11-16,24.01398987511568,24.17484128388161,23.82632648930604,23.90005111694336,33218200,0.0,0.0,0.0
2016-11-17,24.10111433996614,24.258616473565763,23.67887751502008,23.73919486999512,20676000,0.0,0.0,0.0
2016-11-18,23.822967669250588,23.970416881178952,23.702330426483908,23.83637237548828,23924600,0.0,0.0,0.0
2016-11-21,24.17148513336969,24.42952128383604,24.17148513336969,24.402711868286133,33750800,0.0,0.0,0.0
2016-11-22,24.409408987457777,24.53004878119201,24.094407354206087,24.38930320739746,32026400,0.0,0.0,0.0
2016-11-23,24.2720269931682,24.56692298928693,24.24521756896993,24.48984909057617,22924000,0.0,0.0,0.0
2016-11-25,24.385961353534384,24.439580197846848,24.24856753918632,24.36920738220215,17583600,0.0,0.0,0.0
2016-11-28,24.48649059829736,24.493191674176487,23.987177352983903,24.03074073791504,37580200,0.0,0.0,0.0
2016-11-29,23.665478466851123,23.879948747019103,23.48116687138454,23.7358512878418,36723400,0.0,0.0,0.0
2016-11-30,24.56021265161984,25.173464576331373,24.56021265161984,24.942237854003903,89709600,0.0,0.0,0.0
2016-12-01,25.40469261513067,25.488470129420577,24.98245578392408,25.002561569213867,54764800,0.0,0.0,0.0
2016-12-02,24.989156984749627,25.1935743251714,24.91878417919757,25.07628631591797,36677600,0.0,0.0,0.0
2016-12-05,25.30415465045783,25.501868306328923,25.19691956190197,25.29745101928711,45070200,0.0,0.0,0.0
2016-12-06,25.143310372069703,25.35107955429644,24.99251184987568,25.250545501708984,33927000,0.0,0.0,0.0
2016-12-07,25.19357125423476,25.48846714965271,25.19357125423476,25.45160484313965,32016600,0.0,0.0,0.0
2016-12-08,25.51862980834199,25.622513101588616,25.3209135571941,25.58900260925293,29200400,0.0,0.0,0.0
2016-12-09,25.723048615224062,25.723048615224062,25.52198309295524,25.66942977905273,17949600,0.0,0.0,0.0
2016-12-12,26.23912032475571,26.28938479147905,25.68283636393861,25.79007148742676,32260400,0.0,0.0,0.0
2016-12-13,25.98443132778454,26.26927433421657,25.7465035197443,26.08161354064941,32057200,0.0,0.0,0.0
2016-12-14,25.957631220734,26.061514546326723,25.488476511893904,25.5588493347168,39702800,0.0,0.0,0.0
2016-12-15,25.451604645933408,25.709640789525498,25.30750723704973,25.61581039428711,40503600,0.0,0.0,0.0
2016-12-16,25.79840576281606,25.79840576281606,25.64344046184976,25.77482414245605,35729800,0.0,0.0,0.0
2016-12-19,25.747870693417017,25.79503392993975,25.60638098384883,25.65691375732422,14226400,0.0,0.0,0.0
2016-12-20,25.78830115822005,25.82198882201092,25.52890074960201,25.599645614624023,17964200,0.0,0.0,0.0
2016-12-21,25.65354744819905,25.75797997503896,25.51205772082808,25.640071868896484,16205400,0.0,0.0,0.0
2016-12-22,25.656908012317828,25.811873264793743,25.60637525015756,25.744495391845703,21940800,0.0,0.0,0.0
2016-12-23,25.704078017717208,25.77482287531928,25.66365128328585,25.72092056274414,12796200,0.0,0.0,0.0
2016-12-27,25.76135378556988,25.865786329732494,25.737772160429788,25.778196334838867,20017800,0.0,0.0,0.0
2016-12-28,25.83546462114564,25.84557066334839,25.47836818535629,25.49858283996582,16187400,0.0,0.0,0.0
2016-12-29,25.461530849763776,25.53564526802536,25.35709572848402,25.448055267333984,13394800,0.0,0.0,0.0
2016-12-30,25.424462747326423,25.56595244691008,25.293079087683967,25.373929977416992,17706600,0.0,0.0,0.0
2017-01-03,25.640070052589696,25.87588624816975,25.38740874152374,25.66028213500977,49246200,0.0,0.0,0.0
2017-01-04,25.680494852874684,25.72765808843744,25.52216003196964,25.606380462646484,22371000,0.0,0.0,0.0
2017-01-05,25.62323029606605,25.71755679402596,25.421101718979923,25.54237937927246,22282400,0.0,0.0,0.0
2017-01-06,25.623227308697977,25.653548005338227,25.39751713343703,25.56595802307129,14821000,0.0,0.0,0.0
2017-01-09,25.3975135038822,25.42109512225279,25.15832778320803,25.195384979248047,21921800,0.0,0.0,0.0
2017-01-10,25.17517429657672,25.232443577200943,24.946094603876062,24.966306686401367,19321600,0.0,0.0,0.0
2017-01-11,25.053892900140525,25.2829725584537,24.94945782562786,25.235809326171875,26254000,0.0,0.0,0.0
2017-01-12,25.37730105755379,25.40425221250509,25.030313290717523,25.13137626647949,21791200,0.0,0.0,0.0
2017-01-13,25.09768724353494,25.151589550507303,24.993254736530304,25.057260513305664,19813400,0.0,0.0,0.0
2017-01-17,25.134739806386023,25.27285994470041,25.11452773009685,25.212221145629883,19566000,0.0,0.0,0.0
2017-01-18,25.07410972884214,25.22233852706252,25.04378903365893,25.15496063232422,17450400,0.0,0.0,0.0
2017-01-19,25.154956329110583,25.16506236904154,24.95619735659268,25.01683616638184,18001800,0.0,0.0,0.0
2017-01-20,25.178537497478235,25.262757922341542,25.026941760805634,25.111162185668945,18364400,0.0,0.0,0.0
2017-01-23,24.99662175706659,25.04715452741149,24.72374839548897,24.84502601623535,30414000,0.0,0.0,0.0
2017-01-24,24.942717798361667,25.225697152070307,24.89555457274356,25.117895126342773,23714400,0.0,0.0,0.0
2017-01-25,25.12463825062281,25.326766760184487,25.1178991771888,25.249282836914062,18820600,0.0,0.0,0.0
2017-01-26,25.330135726247345,25.37055988512691,25.215594612280672,25.26949691772461,17303400,0.0,0.0,0.0
2017-01-27,25.11453116459949,25.141479746602723,24.93261474251017,25.00672912597656,19901800,0.0,0.0,0.0
2017-01-30,24.89219657543261,24.905672156170585,24.37676782067524,24.5485782623291,26572800,0.0,0.0,0.0
2017-01-31,24.562051025386115,24.59910565540947,24.299281086446133,24.55868148803711,28014800,0.0,0.0,0.0
2017-02-01,24.69006443630012,24.723752098174035,24.2251685339508,24.37676429748535,36848600,0.0,0.0,0.0
2017-02-02,24.4171895987505,24.55867931242729,24.22179757308043,24.51488304138184,25760200,0.0,0.0,0.0
2017-02-03,24.61257642281421,24.85513166044426,24.46771718757424,24.72711753845215,23657200,0.0,0.0,0.0
2017-02-06,24.7271190128593,24.81133944371359,24.44750656557421,24.518251419067383,21043400,0.0,0.0,0.0
2017-02-07,24.41044652102254,24.524987630120183,24.04324671905772,24.171260833740234,28315600,0.0,0.0,0.0
2017-02-08,24.17126161249676,24.282433188678304,23.800692262094973,24.228530883789062,32296800,0.0,0.0,0.0
2017-02-09,24.37339472476829,24.575523265921515,24.37339472476829,24.50141143798828,18523200,0.0,0.0,0.0
2017-02-10,24.6967954161122,24.82481210088215,24.61257499516493,24.68668937683105,20810800,0.0,0.0,0.0
2017-02-13,24.63615829043703,24.74396033379364,24.588995057106235,24.73385429382324,15969800,0.0,0.0,0.0
2017-02-14,24.80459628601033,24.82481093382557,24.504771807149574,24.81470489501953,21543400,0.0,0.0,0.0
2017-02-15,24.74059211351725,24.848394151410872,24.63615704197417,24.717010498046875,17853200,0.0,0.0,0.0
2017-02-16,24.74059797305466,24.77428563596184,24.34307738226045,24.38013458251953,22750800,0.0,0.0,0.0
2017-02-17,24.255482626776008,24.326227476013024,24.167892664300133,24.245376586914062,23290000,0.0,0.0,0.0
2017-02-21,24.47446407025689,24.54183940433958,24.373398498928594,24.41045570373535,23605000,0.0,0.0,0.0
2017-02-22,24.295915445477995,24.322864035129232,24.02303944980016,24.039884567260746,23078800,0.0,0.0,0.0
2017-02-23,24.309392057557588,24.349816228852845,23.989352803646465,24.14095115661621,34780200,0.0,0.0,0.0
2017-02-24,23.965764474896503,24.056723975269456,23.79395408435028,23.91523170471192,27995200,0.0,0.0,0.0
2017-02-27,23.938814911136834,24.22516643779737,23.89839074846749,24.12073135375977,47372800,0.0,0.0,0.0
2017-02-28,24.04999086019987,24.16116246810809,23.979245992495752,24.04662132263184,28036800,0.0,0.0,0.0
2017-03-01,24.268956878401063,24.63952621759437,24.252111766081843,24.52835464477539,37995200,0.0,0.0,0.0
2017-03-02,24.40707889267954,24.52835651405116,24.28580127130793,24.2959098815918,21540600,0.0,0.0,0.0
2017-03-03,24.336331854976088,24.42729134793264,24.198211702616888,24.252111434936523,22333000,0.0,0.0,0.0
2017-03-06,24.21169045042676,24.339704580385952,24.117361408652872,24.30601692199707,16749400,0.0,0.0,0.0
2017-03-07,24.393606197188937,24.40034270059396,24.060091449061183,24.09041213989257,22923600,0.0,0.0,0.0
2017-03-08,23.992718012459,24.134207726872603,23.45370774073784,23.46381378173828,51132400,0.0,0.0,0.0
2017-03-09,23.3459048507008,23.632253806345886,23.207782108095792,23.61877822875977,55541400,0.0,0.0,0.0
2017-03-10,23.77037596891949,23.800696663577767,23.44696979038634,23.585092544555664,34958600,0.0,0.0,0.0
2017-03-13,23.56150661789596,23.70299631323018,23.507604312890525,23.588455200195312,26157600,0.0,0.0,0.0
2017-03-14,23.40654710479465,23.40991407203331,23.11682856962223,23.32232666015625,52769600,0.0,0.0,0.0
2017-03-15,23.521083139204947,23.895022078688825,23.406544580546896,23.84111976623535,46410000,0.0,0.0,0.0
2017-03-16,23.891659331889475,23.891659331889475,23.60531028365699,23.672685623168945,32555000,0.0,0.0,0.0
2017-03-17,23.770617283307026,23.82145316717653,23.655391693115234,23.655391693115234,28487800,0.0,0.0,0.0
2017-03-20,23.57745314600775,23.672345457762383,23.435114678375783,23.62150955200196,24437400,0.0,0.0,0.0
2017-03-21,23.733340453674995,23.75028661206107,23.36732515174997,23.455440521240234,33434400,0.0,0.0,0.0
2017-03-22,23.384269366529534,23.52999752542693,23.28937709294436,23.42154884338379,24839200,0.0,0.0,0.0
2017-03-23,23.353778706031186,23.526617165195088,23.30294280043292,23.3266658782959,23600800,0.0,0.0,0.0
2017-03-24,23.36054612900644,23.41138201395061,23.19109490293955,23.235151290893555,20885000,0.0,0.0,0.0
2017-03-27,23.01487500754065,23.19110320808765,22.997928844617032,23.12671089172364,22982600,0.0,0.0,0.0
2017-03-28,23.1605944304194,23.513053322759703,23.106371377701294,23.455440521240234,55845200,0.0,0.0,0.0
2017-03-29,23.452050409355746,23.818065705614146,23.38766069685117,23.77739906311035,37150400,0.0,0.0,0.0
2017-03-30,23.92651710042493,23.984129907566874,23.709619697143854,23.77062225341797,31824600,0.0,0.0,0.0
2017-03-31,23.69267884253888,23.83840445887797,23.58084037892761,23.68928909301757,39722400,0.0,0.0,0.0
2017-04-03,23.7265655059315,23.74350908009953,23.41138606745137,23.648616790771484,26266600,0.0,0.0,0.0
2017-04-04,23.699453700555697,23.841792140650067,23.47238962912596,23.82145881652832,25948000,0.0,0.0,0.0
2017-04-05,24.02141271421837,24.228143484322537,23.71301272667336,23.746902465820312,45467400,0.0,0.0,0.0
2017-04-06,23.841797063840104,24.004471447268592,23.77740732895145,23.93668937683105,26249400,0.0,0.0,0.0
2017-04-07,23.95024137661084,24.014633685252843,23.80790293335904,23.84518241882324,25160600,0.0,0.0,0.0
2017-04-10,23.97735510473117,24.133249965455583,23.92651920575944,24.02480125427246,21641800,0.0,0.0,0.0
2017-04-11,24.062074619566005,24.072241279649628,23.770618297606124,24.02818489074707,27783000,0.0,0.0,0.0
2017-04-12,24.05191043293168,24.20441552111049,23.85195661678214,23.92651557922364,22907200,0.0,0.0,0.0
2017-04-13,23.90619313109229,23.923136712140984,23.43511865661321,23.489341735839844,35312000,0.0,0.0,0.0
2017-04-17,23.482552148913545,23.563888016674127,23.424939350317327,23.54016494750977,16024400,0.0,0.0,0.0
2017-04-18,23.4351115566401,23.59100641741656,23.272437197000485,23.319883346557617,29500600,0.0,0.0,0.0
2017-04-19,23.377499495890767,23.421555897432537,22.9165918119872,22.97759437561035,36250800,0.0,0.0,0.0
2017-04-20,23.04537726198455,23.25888497344089,23.021654182933847,23.089433670043945,32470800,0.0,0.0,0.0
2017-04-21,22.991142867572364,23.089424896471765,22.85897110799541,22.974199295043945,28232200,0.0,0.0,0.0
2017-04-24,23.14365001434036,23.20465256243837,23.03859107591293,23.109760284423828,26701400,0.0,0.0,0.0
2017-04-25,23.167377219328635,23.360551558518083,23.09620799811369,23.306325912475582,31182000,0.0,0.0,0.0
2017-04-26,23.197877630384884,23.5435596661768,23.18771096797121,23.22838020324707,37475200,0.0,0.0,0.0
2017-04-27,23.04875825390699,23.072481323943347,22.743745506567585,22.974199295043945,41095400,0.0,0.0,0.0
2017-04-28,23.17076852032398,23.21143517195812,22.95725825675957,22.99114799499512,28852000,0.0,0.0,0.0
2017-05-01,22.984366800634604,23.04875910122364,22.875918107107225,22.92675399780273,18838800,0.0,0.0,0.0
2017-05-02,22.97420159560821,23.04876056193736,22.716634962549616,22.811527252197266,32871200,0.0,0.0,0.0
2017-05-03,22.760695627898286,22.98436995781376,22.6963033184642,22.87592124938965,33869600,0.0,0.0,0.0
2017-05-04,22.716628851452835,22.743741665664423,22.30994698076013,22.45567512512207,67889000,0.0,0.0,0.0
2017-05-05,22.46923757677124,22.84880673536184,22.45906832949101,22.811527252197266,37487600,0.0,0.0,0.0
2017-05-08,22.808137804789435,23.014868523229435,22.78780189788633,22.974199295043945,37897400,0.0,0.0,0.0
2017-05-09,23.02164498712905,23.02164498712905,22.716632245725016,22.78441429138184,21439400,0.0,0.0,0.0
2017-05-10,22.91658545083629,23.19448536673136,22.896249544859177,23.086036682128903,36518400,0.0,0.0,0.0
2017-05-11,23.16737531255629,23.208044543740915,23.00470097343869,23.038593292236328,23937400,0.0,0.0,0.0
2017-05-12,23.02165014495578,23.065706545287725,22.89286810778617,22.96064758300781,21417200,0.0,0.0,0.0
2017-05-15,23.30293310215036,23.340212578365904,23.06569983663142,23.1402587890625,26413800,0.0,0.0,0.0
2017-05-16,23.24870630391824,23.24870630391824,22.943693598179905,23.02503204345703,23386800,0.0,0.0,0.0
2017-05-17,22.8894768551873,23.08604094029143,22.78780506341039,22.797971725463867,31213600,0.0,0.0,0.0
2017-05-18,22.696300722607567,22.90303145339981,22.61157509804094,22.79119300842285,28230000,0.0,0.0,0.0
2017-05-19,22.90302613094392,23.11992347257983,22.8488005027248,23.07247734069824,31249000,0.0,0.0,0.0
2017-05-22,23.194489417056925,23.208045828202085,22.94031252573249,23.021648406982425,20678400,0.0,0.0,0.0
2017-05-23,23.082650012019425,23.106373084139467,22.95386798988504,23.075870513916016,18173600,0.0,0.0,0.0
2017-05-24,23.04875541236765,23.11992461370271,22.848801630465942,22.9538631439209,26961400,0.0,0.0,0.0
2017-05-25,22.896255607679976,23.12332228280992,22.455683841030208,22.53701972961425,46658400,0.0,0.0,0.0
2017-05-26,22.53701365903284,22.59462645686038,22.42856497492548,22.57429313659668,26398200,0.0,0.0,0.0
2017-05-30,22.455680312975627,22.455680312975627,22.2625059919252,22.27267265319824,29058200,0.0,0.0,0.0
2017-05-31,22.09643408931929,22.24555196356384,22.0625443685237,22.177772521972656,32186000,0.0,0.0,0.0
2017-06-01,22.187942783035883,22.39806063746427,22.11677358212107,22.31672477722168,35967400,0.0,0.0,0.0
2017-06-02,22.21506148363608,22.22183839644317,21.96427175421551,22.05916404724121,33085000,0.0,0.0,0.0
2017-06-05,21.991380038212924,22.181164585097527,21.984603126804416,22.099828720092773,25105000,0.0,0.0,0.0
2017-06-06,22.086275558951503,22.398065241995248,22.035439666241544,22.36078834533692,29670600,0.0,0.0,0.0
2017-06-07,22.26928860467896,22.37773732872001,21.89310652755685,22.04561424255371,45884200,0.0,0.0,0.0
2017-06-08,21.94054910352367,22.143890104726577,21.93377219058605,21.98121833801269,39138600,0.0,0.0,0.0
2017-06-09,22.03205365057388,22.58446382989271,22.028663901384387,22.509904861450195,46368400,0.0,0.0,0.0
2017-06-12,22.709860597293385,22.89286828455036,22.621745210327887,22.66919136047364,45848800,0.0,0.0,0.0
2017-06-13,22.736968424558057,22.86914278379748,22.62851972349624,22.83864021301269,31615800,0.0,0.0,0.0
2017-06-14,22.77763551214936,22.77763551214936,22.25233821625567,22.4251766204834,60560400,0.0,0.0,0.0
2017-06-15,22.323513649327992,22.435349534522967,22.15744952516244,22.2557315826416,38517800,0.0,0.0,0.0
2017-06-16,22.38846894024306,22.634158999939626,22.245150606560443,22.62392234802246,49242000,0.0,0.0,0.0
2017-06-19,22.572731596501747,22.62050436404994,22.422587125109963,22.4805965423584,31356800,0.0,0.0,0.0
2017-06-20,22.22125965827793,22.25538269214087,21.94485709612072,22.193960189819336,32126800,0.0,0.0,0.0
2017-06-21,22.12572089268054,22.25539212108639,21.716239105998827,21.83567237854004,54611000,0.0,0.0,0.0
2017-06-22,21.84589702838544,22.00969122486617,21.73328998272892,21.82201194763184,30863200,0.0,0.0,0.0
2017-06-23,21.825429758284017,21.992634481712592,21.764007243066416,21.968748092651367,29111000,0.0,0.0,0.0
2017-06-26,22.036996191957417,22.077942798732565,21.8322540461079,21.920974731445312,27206800,0.0,0.0,0.0
2017-06-27,21.999456808502643,22.098415432587814,21.88343536517425,21.88684844970703,28455000,0.0,0.0,0.0
2017-06-28,21.91415224055717,22.139366399139497,21.900502503155025,22.00628471374512,33719800,0.0,0.0,0.0
2017-06-29,22.07111326271219,22.296327349327218,22.00627768162556,22.05405044555664,38044800,0.0,0.0,0.0
2017-06-30,22.214445301093782,22.255394525554788,22.00970438563276,22.15302276611328,39286400,0.0,0.0,0.0
2017-07-03,22.23149827712096,22.68534221761442,22.20761189095924,22.57955741882324,36805600,0.0,0.0,0.0
2017-07-05,22.46695100327108,22.487426909915364,22.036996015056985,22.12230491638184,41976400,0.0,0.0,0.0
2017-07-06,22.1598417100598,22.224674706697137,21.8288427463819,21.876615524291992,41367200,0.0,0.0,0.0
2017-07-07,21.80495312213358,21.87319919375886,21.596799219229496,21.84248924255371,32073400,0.0,0.0,0.0
2017-07-10,21.8117785185864,21.965336097762464,21.764005743754986,21.91415023803711,28307600,0.0,0.0,0.0
2017-07-11,21.951686871965933,22.112068021237658,21.815192110665247,22.03358268737793,23799600,0.0,0.0,0.0
2017-07-12,22.251971177632058,22.306570118401268,21.99945758512643,22.09500312805176,29637200,0.0,0.0,0.0
2017-07-13,22.11207000142257,22.20078939130515,21.989224965593007,22.18372917175293,20113600,0.0,0.0,0.0
2017-07-14,22.19737865870864,22.35775721710997,22.176902750687496,22.31681060791016,20545000,0.0,0.0,0.0
2017-07-17,22.27586480199813,22.44306955645134,22.255391494267187,22.289514541625977,24429800,0.0,0.0,0.0
2017-07-18,22.40211976802297,22.40894333515961,22.09159409317013,22.18372917175293,29913600,0.0,0.0,0.0
2017-07-19,22.159844821459245,22.52837735945012,22.14278199691513,22.50790405273437,49605400,0.0,0.0,0.0
2017-07-20,22.63415565722212,22.716051463885844,22.37822898340483,22.43965148925781,34318600,0.0,0.0,0.0
2017-07-21,22.36458498087817,22.470367200075422,22.18714098363348,22.21785354614257,26095200,0.0,0.0,0.0
2017-07-24,22.265619018441207,22.299742051808344,22.125711197189208,22.176897048950195,20866800,0.0,0.0,0.0
2017-07-25,22.44306489333519,22.617095783153804,22.391881634642445,22.45671463012696,30958600,0.0,0.0,0.0
2017-07-26,22.582968246202,22.73993628292041,22.41917404073636,22.4805965423584,42422800,0.0,0.0,0.0
2017-07-27,22.48742487160099,22.71946516630874,22.38505315792196,22.709228515625,31631800,0.0,0.0,0.0
2017-07-28,22.634153960038184,22.907140829588045,22.596617842419235,22.68192672729492,29530000,0.0,0.0,0.0
2017-07-31,22.6887557602358,22.862786656278843,22.627333244186563,22.733118057250977,27039000,0.0,0.0,0.0
2017-08-01,22.746762907290208,22.859368659668988,22.63074146704883,22.729700088500977,25337400,0.0,0.0,0.0
2017-08-02,22.61368517359689,22.736530214749383,22.41235739157671,22.644397735595703,30237000,0.0,0.0,0.0
2017-08-03,22.60686046014705,22.64439658767533,22.228088703031645,22.32704734802246,30655600,0.0,0.0,0.0
2017-08-04,22.33728201680041,22.460127040816776,22.286096156223422,22.3987045288086,18742000,0.0,0.0,0.0
2017-08-07,22.30315680528725,22.344106010444705,22.15983849236733,22.228084564208984,22874600,0.0,0.0,0.0
2017-08-08,22.16324731491923,22.371401202905503,22.112064066578807,22.176897048950195,20858200,0.0,0.0,0.0
2017-08-09,22.211027200902247,22.337285328588727,22.11548163548389,22.19738006591797,20875800,0.0,0.0,0.0
2017-08-10,22.234916984900902,22.27245051257201,21.92439128284783,21.96192741394043,30524200,0.0,0.0,0.0
2017-08-11,21.89367706492028,22.016519484197847,21.79813021298224,21.818603515625,31981800,0.0,0.0,0.0
2017-08-14,21.85955112098771,21.955096669896854,21.726469448804124,21.75376892089844,22813400,0.0,0.0,0.0
2017-08-15,21.78789517007717,21.78789517007717,21.545618177234164,21.671875,25451200,0.0,0.0,0.0
2017-08-16,21.67869589158995,21.740118399873875,21.41935742461037,21.46371841430664,33166600,0.0,0.0,0.0
2017-08-17,21.37840694362313,21.46030274365988,21.15319154095667,21.16001510620117,29593800,0.0,0.0,0.0
2017-08-18,21.10541744973533,21.40911817120225,21.09176901755064,21.265798568725582,37265400,0.0,0.0,0.0
2017-08-21,21.23509644731131,21.24533310127816,21.088364999136004,21.156612396240234,20750400,0.0,0.0,0.0
2017-08-22,21.214615491391744,21.344285376928426,21.20096705742244,21.29651260375977,30343600,0.0,0.0,0.0
2017-08-23,21.25215611189793,21.49784619929444,21.23168280575537,21.38865089416504,23052000,0.0,0.0,0.0
2017-08-24,21.313579784552783,21.453486358160863,21.30675491489985,21.40230178833008,20781000,0.0,0.0,0.0
2017-08-25,21.44324324228884,21.58314977373396,21.43641837469269,21.497840881347656,16440400,0.0,0.0,0.0
2017-08-28,21.50808401367352,21.57974449417388,21.28628160765185,21.40230178833008,19912000,0.0,0.0,0.0
2017-08-29,21.29993344558985,21.402305205015733,21.21803760010234,21.3750057220459,17454200,0.0,0.0,0.0
2017-08-30,21.29310806191559,21.450076170482003,21.23168553217901,21.38524055480957,17328800,0.0,0.0,0.0
2017-08-31,21.477370001908326,21.54220560445657,21.405710832291387,21.487607955932617,20667400,0.0,0.0,0.0
2017-09-01,21.52172983672395,21.76741989267865,21.467132191146305,21.69576072692871,23191000,0.0,0.0,0.0
2017-09-05,21.784478109235287,21.92097155162491,21.661633099887386,21.815189361572266,36229600,0.0,0.0,0.0
2017-09-06,21.924382560110985,22.231495054399744,21.91414591087144,22.170072555541992,34104200,0.0,0.0,0.0
2017-09-07,22.180317186615778,22.26562609887199,22.0642983155896,22.211027145385746,17280600,0.0,0.0,0.0
2017-09-08,22.16325252273745,22.176902259975776,21.87320276583139,21.975574493408203,20529400,0.0,0.0,0.0
2017-09-11,22.060884135923374,22.21443912899969,22.009698270424177,22.18372917175293,27102200,0.0,0.0,0.0
2017-09-12,22.24855728191461,22.36799180963812,22.190547862027632,22.320219039916992,18819400,0.0,0.0,0.0
2017-09-13,22.367998179395407,22.613685663602705,22.344111787732693,22.600038528442383,31786600,0.0,0.0,0.0
2017-09-14,22.64439292340023,22.86278348272272,22.64097983869871,22.709228515625,29166800,0.0,0.0,0.0
2017-09-15,22.755900143397334,22.762813568115234,22.61069448497676,22.762813568115234,26136200,0.0,0.0,0.0
2017-09-18,22.71095735138388,22.87345053576164,22.6936698322226,22.85962104797364,25167000,0.0,0.0,0.0
2017-09-19,22.90802664046139,22.987542910968365,22.86308013845652,22.952970504760746,21008600,0.0,0.0,0.0
2017-09-20,23.01865948380949,23.170778595762062,22.99791393031628,23.10854721069336,36547600,0.0,0.0,0.0
2017-09-21,23.07743472366096,23.17423852219172,23.011745301355507,23.11546516418457,17748200,0.0,0.0,0.0
2017-09-22,23.094723512001792,23.298702578980578,23.070522561043195,23.23301315307617,29295800,0.0,0.0,0.0
2017-09-25,23.34019080360165,23.6375182765932,23.31598985290261,23.5683708190918,29667600,0.0,0.0,0.0
2017-09-26,23.50959485384234,23.60294061399512,23.443905435920254,23.55799674987793,21421400,0.0,0.0,0.0
2017-09-27,23.57873382786321,23.665166140483983,23.447357662253395,23.658252716064453,21836400,0.0,0.0,0.0
2017-09-28,23.71011213594635,23.820745388281946,23.6133083698658,23.67899513244629,23599800,0.0,0.0,0.0
2017-09-29,23.596022033552178,23.67899631753037,23.51996117419512,23.675540924072266,28575000,0.0,0.0,0.0
2017-10-02,23.4231611944204,23.67554475607241,23.33327083356697,23.66862869262696,24833600,0.0,0.0,0.0
2017-10-03,23.63752054765825,23.72395289955998,23.59257403653748,23.644433975219727,14479600,0.0,0.0,0.0
2017-10-04,23.644425657198465,23.71357045931254,23.54416384773947,23.627138137817383,20395200,0.0,0.0,0.0
2017-10-05,23.644427419927155,23.772348214850524,23.630597930932304,23.734317779541016,20323600,0.0,0.0,0.0
2017-10-06,23.50959536188403,23.640971562861733,23.45427740081622,23.533796310424805,23926600,0.0,0.0,0.0
2017-10-09,23.56144855666621,23.65479429215627,23.53378958403775,23.58219146728516,11528200,0.0,0.0,0.0
2017-10-10,23.74814216807341,23.83111644651656,23.578732942550047,23.602933883666992,15527400,0.0,0.0,0.0
2017-10-11,23.57527843450588,23.67208220260836,23.4784746664034,23.658252716064453,20574000,0.0,0.0,0.0
2017-10-12,23.47848497150041,23.602945129613484,23.440454526238696,23.57183074951172,20362200,0.0,0.0,0.0
2017-10-13,23.71011850182149,23.77926331395648,23.54416725990983,23.55799674987793,17787400,0.0,0.0,0.0
2017-10-16,23.630598567053468,23.748147907821387,23.561453757923207,23.60985565185547,15333800,0.0,0.0,0.0
2017-10-17,23.60294028327777,23.67208773214939,23.49576503465861,23.623685836791992,16754200,0.0,0.0,0.0
2017-10-18,23.606396863094552,23.70320064785485,23.43007417644956,23.457733154296875,15412600,0.0,0.0,0.0
2017-10-19,23.29523767090892,23.4819317965024,23.284866214660124,23.385128021240234,15183800,0.0,0.0,0.0
2017-10-20,23.436988847327413,23.443902272525847,23.27449565926011,23.430072784423828,19640400,0.0,0.0,0.0
2017-10-23,23.4473647641278,23.523425644304613,23.28832957726067,23.30907249450684,17310600,0.0,0.0,0.0
2017-10-24,23.39204769494353,23.45773447389444,23.30561536258747,23.35401725769043,19640400,0.0,0.0,0.0
2017-10-25,23.312523493844136,23.38166828894264,23.11891595740445,23.191518783569336,27045400,0.0,0.0,0.0
2017-10-26,23.201889235504897,23.315980516416964,23.10162744055533,23.239919662475582,18724400,0.0,0.0,0.0
2017-10-27,23.118921553053,23.405874896099647,22.93568279005208,23.28141212463379,32376000,0.0,0.0,0.0
2017-10-30,23.11892208853019,23.46810682539753,23.11892208853019,23.402420043945312,23229600,0.0,0.0,0.0
2017-10-31,23.412793774539924,23.56491554410937,23.309073906614245,23.47848320007324,19298000,0.0,0.0,0.0
2017-11-01,23.620221482412305,23.85531747023586,23.609850027284093,23.74468421936035,34612600,0.0,0.0,0.0
2017-11-02,23.74468572110327,23.81037512467617,23.533790661142305,23.675540924072266,22656600,0.0,0.0,0.0
2017-11-03,23.665165333869467,23.838029953219003,23.640964392668725,23.74468421936035,22223800,0.0,0.0,0.0
2017-11-06,23.851867307018523,24.31860140567725,23.81038147282125,24.287487030029297,38200000,0.0,0.0,0.0
2017-11-07,24.328975298726675,24.36354770617085,24.128451642762613,24.256372451782227,26820600,0.0,0.0,0.0
2017-11-08,24.1975920866537,24.25982346389413,24.003984529774662,24.138818740844727,28493200,0.0,0.0,0.0
2017-11-09,24.04547717157981,24.25291425252034,24.0109021266684,24.21142578125,25977800,0.0,0.0,0.0
2017-11-10,24.16993604605957,24.190678959493525,23.90026498289232,24.08350372314453,21068400,0.0,0.0,0.0
2017-11-13,24.017810418775447,24.10770075858732,23.917548623928504,23.945207595825195,14979600,0.0,0.0,0.0
2017-11-14,23.855324189928258,23.855324189928258,23.53033776994173,23.55799674987793,33055400,0.0,0.0,0.0
2017-11-15,23.34709769195421,23.39549957979696,23.19497596575985,23.29178237915039,35386200,0.0,0.0,0.0
2017-11-16,23.21918419885847,23.30215850353888,23.13275186215225,23.19843864440918,25028000,0.0,0.0,0.0
2017-11-17,23.24338189826437,23.36092859365344,23.184605912864622,23.31252670288086,18344800,0.0,0.0,0.0
2017-11-20,23.284868755984235,23.30561430845106,23.15349256631926,23.25720977783203,15570600,0.0,0.0,0.0
2017-11-21,23.34710293459524,23.44045133761429,23.260670595795343,23.30907249450684,16928800,0.0,0.0,0.0
2017-11-22,23.447363908907946,23.495765805854017,23.38859055371707,23.402420043945312,18615000,0.0,0.0,0.0
2017-11-24,23.495762385243257,23.544164275142784,23.46464801503863,23.46810340881348,9981400,0.0,0.0,0.0
2017-11-27,23.36784283672829,23.395501814624826,23.181151330189973,23.22955322265625,21191600,0.0,0.0,0.0
2017-11-28,23.253757028920777,23.443906590509403,23.226098047622404,23.40933418273925,24226600,0.0,0.0,0.0
2017-11-29,23.3989582763004,23.582194376586138,23.350556387081724,23.537250518798828,27198600,0.0,0.0,0.0
2017-11-30,23.59257083891085,23.93484480519983,23.59257083891085,23.8898983001709,44607200,0.0,0.0,0.0
2017-12-01,24.059298948275742,24.2563671669533,23.834577029996847,24.090415954589844,42376600,0.0,0.0,0.0
2017-12-04,24.294394248518977,24.46034545601925,24.00398293252469,24.08004379272461,27151800,0.0,0.0,0.0
2017-12-05,24.080045831953885,24.16647815537245,23.948667012226345,23.97632598876953,21379600,0.0,0.0,0.0
2017-12-06,23.907180846979166,23.948666673502,23.630596360869625,23.66516876220703,24122400,0.0,0.0,0.0
2017-12-07,23.64096938825211,23.775803608820244,23.620226473612497,23.734317779541016,17280000,0.0,0.0,0.0
2017-12-08,23.85532366671703,23.962498914487263,23.056689761940508,23.95212745666504,21393400,0.0,0.0,0.0
2017-12-11,23.997070411396304,24.24945130679361,23.983240923775146,24.124988555908203,22633400,0.0,0.0,0.0
2017-12-12,24.059305191040043,24.245999364251823,24.028190814357604,24.05930519104004,23516400,0.0,0.0,0.0
2017-12-13,24.05930881851389,24.11462679123071,23.955591576229047,24.024736404418945,18432000,0.0,0.0,0.0
2017-12-14,23.9348456918384,24.10771037861615,23.92792962725204,23.93830108642578,23565600,0.0,0.0,0.0
2017-12-15,24.10813320050478,24.10813320050478,23.88539332347852,23.916717529296875,20306800,0.0,0.0,0.0
2017-12-18,23.975881889911324,24.22298385452274,23.968922430532565,24.101173400878903,19321400,0.0,0.0,0.0
2017-12-19,24.21254412337605,24.27518988089233,24.08029314873893,24.13597679138184,13528400,0.0,0.0,0.0
2017-12-20,24.21601966421231,24.51880521050671,24.14293340630441,24.47704315185547,24509000,0.0,0.0,0.0
2017-12-21,24.487489480863275,25.068701280754773,24.46312738910941,24.995615005493164,33606200,0.0,0.0,0.0
2017-12-22,25.02346276337842,25.148754302693384,24.91905226219283,25.04782485961914,21321600,0.0,0.0,0.0
2017-12-26,25.138304689388825,25.30883930137989,25.086099457682227,25.267074584960938,17262200,0.0,0.0,0.0
2017-12-27,25.270563464382395,25.28100398290193,25.13135035516047,25.183555603027344,21710600,0.0,0.0,0.0
2017-12-28,25.180077078584304,25.22184181213379,25.134833942024468,25.22184181213379,15933600,0.0,0.0,0.0
2017-12-29,25.28796148163125,25.301880400269813,25.106983676105305,25.14874839782715,14712800,0.0,0.0,0.0
2018-01-02,25.274040324197404,25.59074750618353,25.19399193672865,25.56290435791016,29782800,0.0,0.0,0.0
2018-01-03,25.615110233832148,26.011865813149363,25.587267084866667,25.945741653442383,38599200,0.0,0.0,0.0
2018-01-04,25.928344039917,26.119762407017408,25.83437671305728,26.10235977172852,28613600,0.0,0.0,0.0
2018-01-05,26.0675549437889,26.112798074322665,25.8761365929362,26.091917037963867,28408800,0.0,0.0,0.0
2018-01-08,26.08147583716769,26.26245100983531,26.011867959011656,26.2485294342041,19558400,0.0,0.0,0.0
2018-01-09,26.300732966711063,26.30769242643905,26.14063884027857,26.182403564453125,18469000,0.0,0.0,0.0
2018-01-10,26.25897380779957,26.27637644371113,26.130203861024025,26.151084899902344,21644000,0.0,0.0,0.0
2018-01-11,26.24157944260367,26.781026752795803,26.14760943700368,26.68705940246582,36179000,0.0,0.0,0.0
2018-01-12,26.6940141473103,27.01420513523255,26.6940141473103,26.94459724426269,39638400,0.0,0.0,0.0
2018-01-16,27.00723252198956,27.024635151785773,26.55479335524143,26.60351753234864,33789800,0.0,0.0,0.0
2018-01-17,26.68009306620713,26.95155718085672,26.506077335763106,26.836706161499023,28014800,0.0,0.0,0.0
2018-01-18,26.73577631981907,26.80190314608616,26.56872005276986,26.617446899414062,23029200,0.0,0.0,0.0
2018-01-19,26.55827760030015,26.5930828675504,26.40862397903901,26.582639694213867,25925400,0.0,0.0,0.0
2018-01-22,26.617443769418827,27.16733138674049,26.610481654172936,27.156890869140625,34033400,0.0,0.0,0.0
2018-01-23,27.209104442656205,27.236947601626195,26.979402364058483,27.115137100219727,20369800,0.0,0.0,0.0
2018-01-24,27.146452272489384,27.282184321430297,26.948074458247344,27.042041778564453,25839400,0.0,0.0,0.0
2018-01-25,27.177777735777084,27.177777735777084,26.78102205023797,26.82974624633789,23436800,0.0,0.0,0.0
2018-01-26,26.88890995565157,27.021160947730685,26.833223650395624,26.97591781616211,15570600,0.0,0.0,0.0
2018-01-29,26.868027126077905,26.9619971053967,26.52695778887815,26.5687198638916,25294400,0.0,0.0,0.0
2018-01-30,26.34597530451792,26.419064233452897,26.01186548692877,26.03274917602539,45503600,0.0,0.0,0.0
2018-01-31,26.10236280365832,26.147605943287584,25.86918233321036,26.05015754699707,31450600,0.0,0.0,0.0
2018-02-01,26.08495693309288,26.335540009791128,25.938784356775333,26.318140029907227,36023200,0.0,0.0,0.0
2018-02-02,25.834376157855186,25.8970219261718,25.07914588001899,25.21835899353028,62010800,0.0,0.0,0.0
2018-02-05,24.880774074477305,25.19748405070413,23.76359314866112,24.16034889221192,69535200,0.0,0.0,0.0
2018-02-06,23.74618688764485,24.52577658842113,23.631335872432448,24.35176086425781,65630400,0.0,0.0,0.0
2018-02-07,24.42833026824211,24.73459701270597,23.941085668432297,23.94456672668457,49207400,0.0,0.0,0.0
2018-02-08,23.968919544986964,24.06636789617052,23.21021111114131,23.22065162658692,55542200,0.0,0.0,0.0
2018-02-09,23.49560634313308,23.519968440921343,22.43062819130551,23.203258514404297,70348200,0.0,0.0,0.0
2018-02-12,23.502566486329705,23.843638520529407,23.391196513885443,23.58261489868164,49913800,0.0,0.0,0.0
2018-02-13,23.46080254577088,23.58609143147441,23.32158942743772,23.485164642333984,24570000,0.0,0.0,0.0
2018-02-14,23.255459679045067,23.89583888086954,23.199776031864577,23.826231002807617,39513800,0.0,0.0,0.0
2018-02-15,23.87495585046148,23.89235848427577,23.384232909074065,23.767066955566406,32938800,0.0,0.0,0.0
2018-02-16,23.66613627518235,23.930640894674408,23.56520684596473,23.70790100097656,27582200,0.0,0.0,0.0
2018-02-20,23.756623108040262,23.93063880071947,23.47123747825712,23.579126358032227,35616200,0.0,0.0,0.0
2018-02-21,23.50952536489603,23.728784221149468,23.18237495422364,23.18237495422364,25090800,0.0,0.0,0.0
2018-02-22,23.349427840189087,23.780988733980944,23.29026313314749,23.43643569946289,30660600,0.0,0.0,0.0
2018-02-23,23.551289457530554,23.96196670740704,23.50952737958107,23.94456672668457,31369600,0.0,0.0,0.0
2018-02-26,24.06637253564002,24.13597775554137,23.948040475485,24.08725357055664,24312800,0.0,0.0,0.0
2018-02-27,24.135981824169672,24.327400194069394,23.770550375183,23.77402877807617,26931400,0.0,0.0,0.0
2018-02-28,23.8993141155661,23.98632196015919,23.217172932588497,23.22761344909668,35244000,0.0,0.0,0.0
2018-03-01,23.203260115785373,23.558253742651072,23.02576595762222,23.19281959533692,45950000,0.0,0.0,0.0
2018-03-02,23.032721902805065,23.38423441742825,22.84826565565971,23.300704956054688,29157800,0.0,0.0,0.0
2018-03-05,23.19281602855816,23.62089588799917,23.151051297917554,23.54780960083008,25663000,0.0,0.0,0.0
2018-03-06,23.69398308898028,23.780990956385224,23.44340000601092,23.561729431152344,31355800,0.0,0.0,0.0
2018-03-07,23.30765852811352,23.554760453072817,23.16496440869387,23.38422584533692,24725200,0.0,0.0,0.0
2018-03-08,23.436436360933136,23.50604424347828,23.21021804465177,23.37727165222168,16026600,0.0,0.0,0.0
2018-03-09,23.558246232926862,23.84363187371356,23.537362543417405,23.8227481842041,22786200,0.0,0.0,0.0
2018-03-12,23.836669302884204,23.98980396510341,23.69745621498209,23.81578826904297,18972000,0.0,0.0,0.0
2018-03-13,23.888876979709845,23.99676587258727,23.54780766758872,23.64525604248047,21461800,0.0,0.0,0.0
2018-03-14,23.735743763453783,23.801870588460417,23.4573201973712,23.506044387817383,22696400,0.0,0.0,0.0
2018-03-15,23.59304411168451,23.69397351572732,23.20672912407072,23.38422584533692,24817000,0.0,0.0,0.0
2018-03-16,23.396500489772915,23.6979387624515,23.350935234293328,23.5927848815918,28685200,0.0,0.0,0.0
2018-03-19,23.51917193772819,23.55071916320948,23.09505603371395,23.228248596191406,29050000,0.0,0.0,0.0
2018-03-20,23.354437995978,23.582269617757795,23.32289343677386,23.424541473388672,22518200,0.0,0.0,0.0
2018-03-21,23.56474623271573,24.192155654697185,23.49113691139571,24.03793334960937,32879200,0.0,0.0,0.0
2018-03-22,23.771553721204903,23.897737352687457,23.5016625880854,23.54722785949707,36967600,0.0,0.0,0.0
2018-03-23,23.66639309271299,23.939792666183227,23.350936777632903,23.40351104736328,38428600,0.0,0.0,0.0
2018-03-26,23.67339855384915,23.85916805585198,23.40000172643564,23.82411766052246,31906000,0.0,0.0,0.0
2018-03-27,23.925772046767573,24.023914249480374,23.463099752425464,23.59979820251465,27846200,0.0,0.0,0.0
2018-03-28,23.61382057818692,23.69443624721526,23.10207714610277,23.1406307220459,36457400,0.0,0.0,0.0
2018-03-29,23.242268179948017,23.722466828955483,23.23876501275212,23.627830505371094,27936200,0.0,0.0,0.0
2018-04-02,23.53670636490057,23.57876578074996,22.758575081593406,23.15464973449707,37986200,0.0,0.0,0.0
2018-04-03,23.242278266398667,23.669900177135013,23.02145829942357,23.64887046813965,28228600,0.0,0.0,0.0
2018-04-04,23.28784213556274,23.669896044539104,23.12660815500788,23.617319107055664,24981600,0.0,0.0,0.0
2018-04-05,23.676909746235008,24.192156289781263,23.676909746235008,24.04143714904785,27056800,0.0,0.0,0.0
2018-04-06,23.89072214302591,24.006388213405764,23.29485455464477,23.606807708740234,37767800,0.0,0.0,0.0
2018-04-09,23.71896743774414,24.020405697317347,23.624331088424256,23.71896743774414,21639600,0.0,0.0,0.0
2018-04-10,24.09401423326156,24.6968907997546,24.08700522223985,24.504112243652344,43684400,0.0,0.0,0.0
2018-04-11,24.465556459139343,24.816065848673293,24.4340092235106,24.75998306274414,42381800,0.0,0.0,0.0
2018-04-12,24.844102789721635,24.95276251114052,24.668848107495165,24.7564754486084,28623200,0.0,0.0,0.0
2018-04-13,24.889666728796985,25.131516333062915,24.85461633280505,25.02987098693848,26660800,0.0,0.0,0.0
2018-04-16,25.08595349544196,25.401412438019783,24.95276090820868,25.285743713378903,28048600,0.0,0.0,0.0
2018-04-17,25.35233606463256,25.499549315788045,25.208625980761607,25.38388061523437,32210600,0.0,0.0,0.0
2018-04-18,25.604710394240087,26.01480571287286,25.597698709344645,25.78346824645996,34623000,0.0,0.0,0.0
2018-04-19,25.804497126406925,26.00779049983412,25.657281179490408,25.81501197814941,36300600,0.0,0.0,0.0
2018-04-20,25.762443575789863,25.78347328623825,25.527602895200253,25.69234275817871,27380800,0.0,0.0,0.0
2018-04-23,25.6117263192384,25.853578704111943,25.47152199939612,25.850072860717773,29689200,0.0,0.0,0.0
2018-04-24,25.92016365639532,26.098924161895503,25.43295590590421,25.57316017150879,45575000,0.0,0.0,0.0
2018-04-25,25.49255078611537,25.81151296139946,25.331314102849145,25.77646255493164,26326600,0.0,0.0,0.0
2018-04-26,25.87110160940412,26.172539949879507,25.7904859335647,26.15151023864746,24433800,0.0,0.0,0.0
2018-04-27,25.885120033524995,26.00429462644168,25.7729571265194,25.874605178833008,21078600,0.0,0.0,0.0
2018-04-30,25.83253560383164,26.162015217682484,25.82552659412526,25.871091842651367,25926400,0.0,0.0,0.0
2018-05-01,25.741406943984163,25.758930806587745,25.38739175963358,25.71336555480957,27601800,0.0,0.0,0.0
2018-05-02,25.636253235658423,26.02181297966625,25.601202836052995,25.81851959228516,26869400,0.0,0.0,0.0
2018-05-03,25.69934426132196,25.8009922890805,25.41192671441553,25.758930206298828,30659200,0.0,0.0,0.0
2018-05-04,25.68883218464168,25.976249762601267,25.58367830341347,25.88511657714844,27171000,0.0,0.0,0.0
2018-05-07,26.08840976476977,26.48799019049587,25.86758984766029,25.920164108276367,35947400,0.0,0.0,0.0
2018-05-08,25.93068791633332,26.137487189318044,25.461003905713937,26.12346649169922,57548200,0.0,0.0,0.0
2018-05-09,26.442418166846,26.95065549989553,26.43891232564493,26.65622901916504,49807800,0.0,0.0,0.0
2018-05-10,26.761390480881268,26.91912130551779,26.638712733391305,26.856029510498047,27780200,0.0,0.0,0.0
2018-05-11,26.91561245300981,27.076846427990816,26.834994128432296,26.89458274841309,24021400,0.0,0.0,0.0
2018-05-14,26.978712352860143,27.203038183255053,26.978712352860143,27.080360412597656,20452600,0.0,0.0,0.0
2018-05-15,27.02076275416675,27.129422464052805,26.880561162605552,27.08736038208008,20965400,0.0,0.0,0.0
2018-05-16,27.048809645661496,27.199528794012554,26.91211119415409,27.182004928588867,23994400,0.0,0.0,0.0
2018-05-17,27.26963402524221,27.63065830102773,27.255613327500345,27.59210205078125,32542600,0.0,0.0,0.0
2018-05-18,27.5430281078173,27.57106950041173,27.357258561684333,27.37828826904297,28185400,0.0,0.0,0.0
2018-05-21,27.53251543315734,27.658699035644528,27.392311133263288,27.65869903564453,23026200,0.0,0.0,0.0
2018-05-22,27.655189005669403,27.83745269601418,27.21354646383027,27.290658950805664,33166800,0.0,0.0,0.0
2018-05-23,27.13293284004433,27.308187532955063,26.908604372878138,27.287155151367188,33211600,0.0,0.0,0.0
2018-05-24,26.971693567624225,27.013755652568307,26.715823238193263,26.8385009765625,38309600,0.0,0.0,0.0
2018-05-25,26.365317008859897,26.40036741337756,25.881612334322988,26.1409912109375,64907000,0.0,0.0,0.0
2018-05-29,25.937686059489987,26.221597713324552,25.81851419092805,26.06036376953125,38655000,0.0,0.0,0.0
2018-05-30,26.284697778588683,26.968192677243817,26.274182925008112,26.849018096923828,46044400,0.0,0.0,0.0
2018-05-31,26.652729304863588,26.964682389137547,26.5896375196074,26.64571762084961,26517400,0.0,0.0,0.0
2018-06-01,26.736857400187805,26.95066835448771,26.62820033868852,26.771907806396484,28205000,0.0,0.0,0.0
2018-06-04,26.863039207022016,27.05932360801553,26.470467730860584,26.540571212768555,27378400,0.0,0.0,0.0
2018-06-05,26.41088419667028,26.6807779469388,26.35129823721996,26.477481842041016,27415800,0.0,0.0,0.0
2018-06-06,26.57561919328991,26.6737613848374,26.36881995741116,26.603660583496094,26958400,0.0,0.0,0.0
2018-06-07,26.743869947860773,27.16097434128369,26.736858261888308,27.00675201416016,30357800,0.0,0.0,0.0
2018-06-08,27.03829937760073,27.11190604288359,26.78593213995953,26.954177856445312,22473200,0.0,0.0,0.0
2018-06-11,26.94716153826196,27.21705527208665,26.89108142518865,27.094377517700195,21435600,0.0,0.0,0.0
2018-06-12,27.094375159445924,27.15746695252104,26.81396659596224,26.8875732421875,31414400,0.0,0.0,0.0
2018-06-13,26.8034514493402,26.94365572954694,26.677267864571554,26.785924911499023,25004200,0.0,0.0,0.0
2018-06-14,26.86304233391396,26.94015483590152,26.68428177695868,26.747373580932617,20582200,0.0,0.0,0.0
2018-06-15,26.59280650158056,26.645738581202806,26.11642316945516,26.172882080078125,32178800,0.0,0.0,0.0
2018-06-18,26.105835814945284,26.610449919950483,26.105835814945284,26.434011459350582,26368800,0.0,0.0,0.0
2018-06-19,26.116432317267748,26.47283621427129,26.042328456735177,26.37403106689453,25215200,0.0,0.0,0.0
2018-06-20,26.53282090760545,26.58927982427138,26.27874905201454,26.49047470092773,23311800,0.0,0.0,0.0
2018-06-21,26.30344768381884,26.317563084623178,25.876466905377967,25.99997329711914,30019600,0.0,0.0,0.0
2018-06-22,26.64220602288656,26.808058597098224,26.51517012316005,26.518699645996094,56072600,0.0,0.0,0.0
2018-06-25,26.441074396691896,26.479891083067727,25.80942422740268,25.9858627319336,36760600,0.0,0.0,0.0
2018-06-26,26.052914766645635,26.41637771857913,25.96116597446954,26.314043045043945,27047200,0.0,0.0,0.0
2018-06-27,26.53281600614174,26.998613424598098,26.522230129487287,26.66690826416016,41167800,0.0,0.0,0.0
2018-06-28,26.70573379724323,26.80453893510399,26.42696061985717,26.631629943847656,28570800,0.0,0.0,0.0
2018-06-29,26.70572705614879,27.07977575284327,26.70572705614879,26.797475814819336,26335800,0.0,0.0,0.0
2018-07-02,26.61044714432325,26.61750349742683,26.2575702599306,26.40224838256836,30593200,0.0,0.0,0.0
2018-07-03,26.67750435063733,26.98097882798217,26.504595350553306,26.568113327026367,18616400,0.0,0.0,0.0
2018-07-05,26.73043466931428,26.815124401568625,26.462247376231144,26.53988075256348,19939000,0.0,0.0,0.0
2018-07-06,26.458716654944265,26.78689234795565,26.335207560441606,26.70219993591309,18620600,0.0,0.0,0.0
2018-07-09,26.8645263158128,27.139772650356075,26.850410912074324,27.10095596313477,22118400,0.0,0.0,0.0
2018-07-10,27.266792224001847,27.52439350161389,27.235034600696643,27.30208206176757,22007200,0.0,0.0,0.0
2018-07-11,27.04801957072842,27.21387217298248,26.54693493277099,26.723373413085938,38725600,0.0,0.0,0.0
2018-07-12,26.793955971602298,26.942163694526634,26.57870074401479,26.76925468444824,25136000,0.0,0.0,0.0
2018-07-13,26.79395033614616,27.072723485245,26.723376014046263,26.910400390625,22846200,0.0,0.0,0.0
2018-07-16,26.645734956814223,26.77629768425405,26.374018241423425,26.5998592376709,22781200,0.0,0.0,0.0
2018-07-17,26.51164171164672,26.64220713968234,26.345791822720003,26.49399948120117,19506400,0.0,0.0,0.0
2018-07-18,26.366971904254903,26.5504667738219,26.10584365794254,26.51165008544922,30703000,0.0,0.0,0.0
2018-07-19,26.44106629702577,26.63162014661553,26.41283549881164,26.518699645996094,32463600,0.0,0.0,0.0
2018-07-20,26.518703029191663,26.578691463872065,26.34226455619936,26.42695426940918,21722400,0.0,0.0,0.0
2018-07-23,26.50105302868351,26.51869794949781,26.2646261662987,26.31049919128418,15247600,0.0,0.0,0.0
2018-07-24,26.42696052537352,26.797482483264748,26.39167336086913,26.64221572875977,20337000,0.0,0.0,0.0
2018-07-25,26.677498569385293,26.93157042021792,26.546935812656827,26.86452293395996,22070600,0.0,0.0,0.0
2018-07-26,26.920980867566943,27.206810314624143,26.86804879049484,27.15740776062012,24374800,0.0,0.0,0.0
2018-07-27,26.85393784913666,27.18211355078745,26.8186506893088,27.04096221923828,25281800,0.0,0.0,0.0
2018-07-30,27.25622182007579,27.36914236520409,27.164475728072784,27.26328086853028,22790000,0.0,0.0,0.0
2018-07-31,27.312685687532984,27.3867895489774,27.15036255881116,27.21388053894043,22581000,0.0,0.0,0.0
2018-08-01,26.97743321902312,26.988021785653977,26.69160384143232,26.83628463745117,22345000,0.0,0.0,0.0
2018-08-02,26.63868870468597,26.74102337591948,26.46577969782028,26.68809127807617,19379400,0.0,0.0,0.0
2018-08-03,26.63867813874928,26.688080692544496,26.41636664667077,26.55045890808105,15326600,0.0,0.0,0.0
2018-08-06,26.62810115778363,26.77630886868275,26.469307566425734,26.64927291870117,16400200,0.0,0.0,0.0
2018-08-07,26.920989536019537,26.995093390886726,26.76219325367144,26.846885681152344,23596600,0.0,0.0,0.0
2018-08-08,26.65985483832899,26.7516009075682,26.49400223989562,26.652795791625977,18797600,0.0,0.0,0.0
2018-08-09,26.673974948886286,26.723380212804106,26.363444113723464,26.40579032897949,30465000,0.0,0.0,0.0
2018-08-10,26.345801755489752,26.568113327026367,26.29286965972249,26.568113327026367,33955400,0.0,0.0,0.0
2018-08-13,26.51870625218956,26.61045502312289,26.21523182638049,26.229347229003903,19634000,0.0,0.0,0.0
2018-08-14,26.430487566378154,26.46930425135761,26.18347205357816,26.292865753173828,20875800,0.0,0.0,0.0
2018-08-15,26.042324528195007,26.084668046546952,25.30128065018068,25.37538719177246,52800800,0.0,0.0,0.0
2018-08-16,25.498893314508635,25.703559932747645,25.48477791114079,25.558881759643555,50026600,0.0,0.0,0.0
2018-08-17,25.625929807791387,25.689447778203924,25.5306515060536,25.62240028381348,23065400,0.0,0.0,0.0
2018-08-20,25.629450754938603,25.88705210142067,25.61886487767339,25.79530334472656,16691400,0.0,0.0,0.0
2018-08-21,26.010560612656413,26.134067011225635,25.897640092216328,25.925870895385746,19018200,0.0,0.0,0.0
2018-08-22,26.088192931892337,26.31756348705472,26.070548007557747,26.236400604248047,18690800,0.0,0.0,0.0
2018-08-23,26.112892150878903,26.158765181398014,26.01408704376868,26.112892150878903,12937800,0.0,0.0,0.0
2018-08-24,26.27522073234058,26.45871827744759,26.25051945037284,26.303451538085938,15506600,0.0,0.0,0.0
2018-08-27,26.39167040919565,26.532821743664748,26.35285372491071,26.49753189086914,13969800,0.0,0.0,0.0
2018-08-28,26.54693307476116,26.656324063384165,26.366965083609287,26.38460731506348,16787000,0.0,0.0,0.0
2018-08-29,26.46930266983588,26.65632703597806,26.38813978093611,26.54693603515625,15520800,0.0,0.0,0.0
2018-08-30,26.536347782728026,26.589279868103,26.335208012093258,26.472829818725582,18500400,0.0,0.0,0.0
2018-08-31,26.39167966917913,26.39873602687144,26.158779481752344,26.26817321777344,17819200,0.0,0.0,0.0
2018-09-04,26.38813700115984,26.40930875593052,26.10583706601372,26.21169853210449,30189400,0.0,0.0,0.0
2018-09-05,26.091728570709755,26.190533708771973,25.827070797083906,26.17641830444336,19196200,0.0,0.0,0.0
2018-09-06,26.07760949335144,26.165828738801046,25.62239786376294,25.69297218322754,28812800,0.0,0.0,0.0
2018-09-07,25.59770242760765,25.735324266554063,25.32951510637742,25.689451217651367,20268800,0.0,0.0,0.0
2018-09-10,25.82000146880016,25.92586561299688,25.67179382071436,25.678850173950195,17823400,0.0,0.0,0.0
2018-09-11,25.654158820406018,26.07055382051391,25.583584491806604,25.922346115112305,28563200,0.0,0.0,0.0
2018-09-12,26.13406417080981,26.3140321561578,26.04937446274376,26.05643081665039,25378800,0.0,0.0,0.0
2018-09-13,26.014090240512708,26.11642488323435,25.84118128182187,26.0670223236084,22074800,0.0,0.0,0.0
2018-09-14,26.070546386925884,26.303446450924834,26.059960509878167,26.20464134216309,18988600,0.0,0.0,0.0
2018-09-17,26.27168766779878,26.42342486293245,26.18346843091264,26.24698638916016,29457800,0.0,0.0,0.0
2018-09-18,26.43402011339992,26.59987005918098,26.41637518466837,26.419904708862305,20447000,0.0,0.0,0.0
2018-09-19,26.42695474157892,26.610452264422435,26.40225346260816,26.50105857849121,21823000,0.0,0.0,0.0
2018-09-20,26.61398106129336,26.71631570808444,26.47635925511446,26.508119583129883,25024800,0.0,0.0,0.0
2018-09-21,26.651304944601417,26.772106781997906,26.470099477757262,26.68328094482422,27420200,0.0,0.0,0.0
2018-09-24,26.917787906102923,27.191370347259703,26.896467857555013,27.074119567871094,25569000,0.0,0.0,0.0
2018-09-25,27.244659022077443,27.36190976970348,27.20912923178905,27.24821281433105,26055200,0.0,0.0,0.0
2018-09-26,27.081223957610344,27.223345851237003,26.93910206398369,26.98529052734375,25457200,0.0,0.0,0.0
2018-09-27,27.09188262525116,27.12741242097041,26.91423093590525,26.98529052734375,21344200,0.0,0.0,0.0
2018-09-28,26.8573847147356,27.19492459644558,26.843174963132043,26.910680770874023,29666200,0.0,0.0,0.0
2018-10-01,27.010163488528992,27.397445607176685,27.010163488528992,27.283748626708984,25425200,0.0,0.0,0.0
2018-10-02,27.351251704738765,27.40454503596787,27.12385507824762,27.31216812133789,18936800,0.0,0.0,0.0
2018-10-03,27.42941904920916,27.614178319423548,27.3512545849257,27.53245735168457,26489600,0.0,0.0,0.0
2018-10-04,27.443627608892943,27.610620602593585,27.25887107568643,27.41875648498535,30385400,0.0,0.0,0.0
2018-10-05,27.390336884393008,27.504036570891977,27.248217697768748,27.41521072387696,23966400,0.0,0.0,0.0
2018-10-08,27.21268679063147,27.436529673152457,27.106097394395185,27.393892288208008,23157200,0.0,0.0,0.0
2018-10-09,27.489824661976684,27.841574264208127,27.372573890982945,27.63905143737793,33633400,0.0,0.0,0.0
2018-10-10,27.68524353713244,27.73143471945096,26.647758137556924,26.772113800048828,52810600,0.0,0.0,0.0
2018-10-11,26.51273704326502,26.53050058437592,25.670667125024185,25.866085052490234,71184200,0.0,0.0,0.0
2018-10-12,26.121909471031373,26.20007666680294,25.54276580079252,25.937152862548828,47158000,0.0,0.0,0.0
2018-10-15,25.933592785177456,26.040184882811417,25.713306425833416,25.72041130065918,23180800,0.0,0.0,0.0
2018-10-16,25.79146805765862,25.97978110421795,25.684878682487547,25.93358993530273,29142200,0.0,0.0,0.0
2018-10-17,25.883846184331787,25.962013348042404,25.549862908589866,25.77014923095703,31608400,0.0,0.0,0.0
2018-10-18,25.532097360081348,25.88029310340822,25.47880131874581,25.642240524291992,33173400,0.0,0.0,0.0
2018-10-19,25.514332832448613,25.78791793143076,25.397084786491423,25.41484832763672,27136200,0.0,0.0,0.0
2018-10-22,25.39707781875093,25.45037113831513,24.98137095090921,25.134151458740234,24589000,0.0,0.0,0.0
2018-10-23,24.764637671230886,24.77174525489032,24.12864718190658,24.476842880249023,52955400,0.0,0.0,0.0
2018-10-24,24.594102032998844,24.60120690834152,23.50332069228428,23.51042556762696,56200400,0.0,0.0,0.0
2018-10-25,23.798215866088867,24.04337329606437,23.6383277570624,23.798215866088867,50666600,0.0,0.0,0.0
2018-10-26,23.60279916449901,23.911914022331374,23.229729601968547,23.62056541442871,51159800,0.0,0.0,0.0
2018-10-29,23.79466678247565,23.82664278415876,22.870878575831107,23.179990768432617,48919600,0.0,0.0,0.0
2018-10-30,23.16578548741684,23.77335681517221,23.05919607135917,23.71650695800781,52794800,0.0,0.0,0.0
2018-10-31,23.94745086361603,24.2636706880929,23.83020008534934,23.862178802490234,34575600,0.0,0.0,0.0
2018-11-01,23.91192240128689,24.17839997911364,23.66676216224625,24.0647029876709,42951600,0.0,0.0,0.0
2018-11-02,24.33117651703559,24.50882820602731,23.76268894366237,24.004295349121094,42425000,0.0,0.0,0.0
2018-11-05,24.29564633530447,24.50172296483269,24.238799198977663,24.405792236328125,26463200,0.0,0.0,0.0
2018-11-06,24.466193234234023,24.57278534242613,24.22814059812158,24.51948928833008,26144200,0.0,0.0,0.0
2018-11-07,24.83570269336936,24.99914189582711,24.55145895211724,24.920974731445312,33325800,0.0,0.0,0.0
2018-11-08,24.80728534876828,25.0027033193682,24.292096460095834,24.380922317504883,30289800,0.0,0.0,0.0
2018-11-09,24.05758409340374,24.494608308360267,23.926120907595948,24.338274002075195,45835600,0.0,0.0,0.0
2018-11-12,24.505272897099847,24.60831119563004,23.784007518138,23.833749771118164,36083200,0.0,0.0,0.0
2018-11-13,23.766245842285382,23.89415529193492,23.162231105079226,23.28658676147461,65463800,0.0,0.0,0.0
2018-11-14,23.648993236016427,23.737819085263183,23.03431987724876,23.247501373291016,45084200,0.0,0.0,0.0
2018-11-15,23.098272945045764,23.61701554225408,23.098272945045764,23.58859062194824,40613600,0.0,0.0,0.0
2018-11-16,23.734265560360395,23.9510008270766,23.61701480084189,23.869279861450195,39511000,0.0,0.0,0.0
2018-11-19,23.72360797587963,23.95810953241301,23.648994583550813,23.862178802490234,31167600,0.0,0.0,0.0
2018-11-20,23.54951152461616,23.60636137606792,22.902859373478087,23.08051109313965,52648800,0.0,0.0,0.0
2018-11-21,23.26171139762646,23.69162813765387,23.2084153515116,23.442916870117188,34661800,0.0,0.0,0.0
2018-11-23,22.86021479180126,22.94193574986169,22.540442610253507,22.70743560791016,28843600,0.0,0.0,0.0
2018-11-26,22.87442997564274,23.20131113608257,22.87087889368385,23.04853057861328,33365400,0.0,0.0,0.0
2018-11-27,22.9312773224245,23.151566363652524,22.853110155835545,22.98457336425781,44528600,0.0,0.0,0.0
2018-11-28,22.96325645600648,23.39672701299563,22.817583479907466,23.378963470458984,42296400,0.0,0.0,0.0
2018-11-29,23.39672888068976,23.72005628321316,23.36475287512144,23.53174591064453,28828400,0.0,0.0,0.0
2018-11-30,23.325671687378573,23.55661946859028,23.20842090004415,23.48911094665528,36258000,0.0,0.0,0.0
2018-12-03,24.025614590060016,24.157075100629136,23.73071214563544,24.01140213012696,43990800,0.0,0.0,0.0
2018-12-04,24.022061111144964,24.100228286423,23.279475656753288,23.32211303710937,36592600,0.0,0.0,0.0
2018-12-06,22.810473785412608,22.92772454046295,22.408981979307708,22.892194747924805,70712200,0.0,0.0,0.0
2018-12-07,23.32922174481744,23.673863753964152,22.72520435908924,22.7642879486084,54891400,0.0,0.0,0.0
2018-12-10,22.60440365917495,22.714548209543008,21.89379680476816,22.40898704528809,46765600,0.0,0.0,0.0
2018-12-11,22.75363236149124,22.796269749671456,22.18159361280294,22.416093826293945,34483200,0.0,0.0,0.0
2018-12-12,22.782056645998303,22.93483722757483,22.49070658979713,22.504919052124023,38534800,0.0,0.0,0.0
2018-12-13,22.451618431078124,22.71809594633781,22.35213392576776,22.57597541809082,30598000,0.0,0.0,0.0
2018-12-14,22.43740927648573,22.529787560103813,21.95419645663769,22.06078720092773,45787200,0.0,0.0,0.0
2018-12-17,22.00393884724449,22.18869677097754,21.50296112620148,21.65929412841797,41464600,0.0,0.0,0.0
2018-12-18,21.620210186224583,21.69837736374474,21.030406628128954,21.14765739440918,53234000,0.0,0.0,0.0
2018-12-19,21.257802030148788,21.659293876590667,20.724846956283617,20.898944854736328,91097800,0.0,0.0,0.0
2018-12-20,20.64312931397672,20.959350513971167,20.195447576112493,20.31980323791504,77008800,0.0,0.0,0.0
2018-12-21,20.32338495952612,20.660495107697297,19.953999704967146,20.12255477905273,74787400,0.0,0.0,0.0
2018-12-24,19.88585725873996,19.982686663410977,19.29053679776658,19.308467864990234,31211800,0.0,0.0,0.0
2018-12-26,19.494962621207367,20.51346328708817,19.13633564544727,20.509876251220703,58194000,0.0,0.0,0.0
2018-12-27,20.09745099323065,20.642564023397096,19.82489379412093,20.61746025085449,48754600,0.0,0.0,0.0
2018-12-28,20.71070055194424,20.803942930840904,20.334142633701283,20.45966148376465,38874800,0.0,0.0,0.0
2018-12-31,20.642561976307885,20.717873286467203,20.326969965286583,20.567249298095703,37410400,0.0,0.0,0.0
2019-01-02,20.24090436309256,21.112367952322217,20.13690358835303,20.97250366210937,49785200,0.0,0.0,0.0
2019-01-03,21.03346792806859,21.108779247646822,20.52780406110282,20.764497756958008,36048200,0.0,0.0,0.0
2019-01-04,21.12312398788322,21.53554408312547,21.0011907927566,21.470991134643555,42703000,0.0,0.0,0.0
2019-01-07,21.632371532989545,21.94796354478012,21.345470325931235,21.7901668548584,36113400,0.0,0.0,0.0
2019-01-08,22.09499974259642,22.14520728110643,21.8403750155512,21.958721160888672,37384600,0.0,0.0,0.0
2019-01-09,22.252802165796226,22.38190808779815,22.023281134705368,22.306596755981445,37513600,0.0,0.0,0.0
2019-01-10,22.138037228244105,22.39983468754218,22.01251836695496,22.37114524841309,38335200,0.0,0.0,0.0
2019-01-11,22.25638535037132,22.38190421501371,22.04120839491618,22.23845291137696,28211800,0.0,0.0,0.0
2019-01-14,22.026855673302503,22.274309021465683,21.99458057716216,22.18465232849121,26383400,0.0,0.0,0.0
2019-01-15,22.306590365721256,22.47514405511238,22.15238071062417,22.2635555267334,19642400,0.0,0.0,0.0
2019-01-16,22.238452762890383,22.41776620721254,22.15955577766469,22.234867095947266,25082200,0.0,0.0,0.0
2019-01-17,22.066307342815545,22.53610895984851,22.01609980793699,22.43927955627441,20349600,0.0,0.0,0.0
2019-01-18,22.704665458526154,22.91266831182509,22.57197254433164,22.894737243652344,29063600,0.0,0.0,0.0
2019-01-22,22.643701835116754,22.69390938131476,22.33528248783985,22.396249771118164,39726400,0.0,0.0,0.0
2019-01-23,22.47514695532855,22.50383776372465,21.983828489996107,22.166728973388672,46735400,0.0,0.0,0.0
2019-01-24,22.120106196581403,22.485905780476685,22.03044947605961,22.28507423400879,26098400,0.0,0.0,0.0
2019-01-25,22.47514803620816,22.708256077451548,22.43928589204138,22.56839179992676,20467200,0.0,0.0,0.0
2019-01-28,22.27071975274282,22.353205105888083,22.09857908367268,22.34244537353516,24044800,0.0,0.0,0.0
2019-01-29,22.47156085477152,22.561217577200075,22.392662501257423,22.410594940185547,23768200,0.0,0.0,0.0
2019-01-30,22.55046411889993,22.79791623418912,22.42853089512265,22.7261905670166,24233000,0.0,0.0,0.0
2019-01-31,22.76205079004737,22.980813427635805,22.70108350295649,22.87322425842285,35688400,0.0,0.0,0.0
2019-02-01,23.12067672058873,23.40757659941908,23.04536539979178,23.271299362182617,29544800,0.0,0.0,0.0
2019-02-04,23.11350292635632,23.33226555723376,22.94136354422381,23.32509422302246,20215800,0.0,0.0,0.0
2019-02-05,23.30716160946169,23.400405370149787,23.231850288327283,23.3609561920166,15705400,0.0,0.0,0.0
2019-02-06,23.249783897685447,23.314336852778062,23.16729850213689,23.18881797790528,13607600,0.0,0.0,0.0
2019-02-07,23.04536432763608,23.124262679878264,22.464387790666667,22.67597770690918,29200200,0.0,0.0,0.0
2019-02-08,22.615010008332487,22.6688032158448,22.18824317458261,22.57197380065918,21268800,0.0,0.0,0.0
2019-02-11,22.464397918231448,22.7154371237704,22.399844940577044,22.679574966430664,24994800,0.0,0.0,0.0
2019-02-12,22.984396606944284,23.09915984110322,22.701082396906177,22.966466903686523,21354600,0.0,0.0,0.0
2019-02-13,23.059708464080167,23.43626502985243,23.034604693028683,23.25336456298828,26123400,0.0,0.0,0.0
2019-02-14,23.17088552178086,23.51158000136324,23.127849306379463,23.33585357666016,20426400,0.0,0.0,0.0
2019-02-15,23.579715147647587,23.73033776645008,23.52592057347364,23.7124080657959,20367600,0.0,0.0,0.0
2019-02-19,23.594060215686373,23.87378871410244,23.5581980787802,23.78413200378418,17443200,0.0,0.0,0.0
2019-02-20,23.74827096626144,24.00289570702001,23.74468393157306,23.88454818725586,19871400,0.0,0.0,0.0
2019-02-21,23.80923927260079,23.87020518791234,23.429095640533426,23.51516532897949,23732200,0.0,0.0,0.0
2019-02-22,23.69089178562078,23.762618806216228,23.464957826983785,23.58330535888672,19896600,0.0,0.0,0.0
2019-02-25,23.50799075514793,23.701646843435658,23.486471283922647,23.62275123596192,31808800,0.0,0.0,0.0
2019-02-26,23.601233323896565,23.762617056272024,23.54026741295969,23.547441482543945,21101400,0.0,0.0,0.0
2019-02-27,23.66220208383088,23.88096195728892,23.525922122138407,23.63709831237793,20588000,0.0,0.0,0.0
2019-02-28,23.64068332995454,23.67296117200749,23.253365641954925,23.40040397644043,22498800,0.0,0.0,0.0
2019-03-01,23.525930462841625,23.834349899240145,23.525930462841625,23.83076286315918,40655800,0.0,0.0,0.0
2019-03-04,23.916828861358265,23.97420774264259,23.51516574794349,23.87379264831543,39560000,0.0,0.0,0.0
2019-03-05,23.90606945963634,23.91682782840587,23.626338191098508,23.794893264770508,31615000,0.0,0.0,0.0
2019-03-06,23.601234955300608,23.651442501437494,23.375300997684626,23.49364852905273,45381000,0.0,0.0,0.0
2019-03-07,23.50799423659884,23.5259239398186,23.260540801653764,23.353784561157227,46892400,0.0,0.0,0.0
2019-03-08,22.97722568278,23.023846195409217,22.70466983705533,22.916259765625,31243000,0.0,0.0,0.0
2019-03-11,23.084819043339863,23.32868549237823,23.06329956458787,23.274890899658203,26424200,0.0,0.0,0.0
2019-03-12,23.31433503806958,23.54385603028792,23.307160968003103,23.425508499145508,22026200,0.0,0.0,0.0
2019-03-13,23.57254611474656,23.67296120374643,23.475715324563847,23.662202835083008,26413600,0.0,0.0,0.0
2019-03-14,23.683724136870907,23.80565598669701,23.6586203597828,23.68731117248535,24640800,0.0,0.0,0.0
2019-03-15,23.667065197405133,23.75019475757207,23.58754804763489,23.677907943725582,24854800,0.0,0.0,0.0
2019-03-18,23.706821343022494,24.04657543944938,23.69597859655189,24.006816864013672,20135800,0.0,0.0,0.0
2019-03-19,24.126096005636352,24.24898415978637,23.844173527230428,23.941761016845703,25052000,0.0,0.0,0.0
2019-03-20,23.920076545829392,24.368260947178094,23.84778971765132,24.151397705078125,27325800,0.0,0.0,0.0
2019-03-21,24.079113682473643,24.36103620580833,24.02851234534004,24.321277618408203,35755800,0.0,0.0,0.0
2019-03-22,24.1007956963711,24.14055427802116,23.57309414432067,23.663454055786133,39949600,0.0,0.0,0.0
2019-03-25,23.5622500241432,23.714054004749983,23.446589454504856,23.67429542541504,24692600,0.0,0.0,0.0
2019-03-26,23.94899028732798,24.176696257999847,23.883931044626664,24.014049530029297,23033000,0.0,0.0,0.0
2019-03-27,23.995975498503068,24.104408484579867,23.66345171896344,23.84417152404785,19165200,0.0,0.0,0.0
2019-03-28,23.74296960743417,23.96344799704927,23.69598069181967,23.934532165527344,18298400,0.0,0.0,0.0
2019-03-29,24.165844732351047,24.22367361732088,23.818863149838563,23.898380279541016,20075200,0.0,0.0,0.0
2019-04-01,24.05742377146873,24.26344427493889,24.024895524504647,24.21284294128418,24823400,0.0,0.0,0.0
2019-04-02,24.274284253419783,24.295969746457324,23.98874664564279,24.04657554626465,22304800,0.0,0.0,0.0
2019-04-03,24.115247799638176,24.16223394954961,23.73212274980577,23.81525230407715,23979600,0.0,0.0,0.0
2019-04-04,23.82971454944798,24.032119856711866,23.714053979930693,24.014049530029297,21008600,0.0,0.0,0.0
2019-04-05,24.07911093657466,24.46585125917388,24.06826543051191,24.436935424804688,34538400,0.0,0.0,0.0
2019-04-08,24.47308051106668,24.668258270045275,24.44416467472186,24.54537010192871,21204200,0.0,0.0,0.0
2019-04-09,24.4730729868551,24.4730729868551,24.169465071276164,24.2453670501709,29083800,0.0,0.0,0.0
2019-04-10,24.29958999854989,24.44777882791986,24.27067416340645,24.33573341369629,18751200,0.0,0.0,0.0
2019-04-11,24.31404505088884,24.523680718401764,24.16585622217508,24.353803634643555,21828400,0.0,0.0,0.0
2019-04-12,24.70439903792696,24.722472123096185,24.357417311689808,24.41886138916016,30853600,0.0,0.0,0.0
2019-04-15,24.389944922123053,24.44777382300547,24.23452578700151,24.27428436279297,16601400,0.0,0.0,0.0
2019-04-16,24.361030365178657,24.469460594083035,24.274285630542074,24.43331718444824,16260400,0.0,0.0,0.0
2019-04-17,24.58151099043252,24.635727488611536,24.368260166279217,24.40079116821289,21869200,0.0,0.0,0.0
2019-04-18,24.46945792875057,24.50198892417423,24.22367890941388,24.285125732421875,19519000,0.0,0.0,0.0
2019-04-22,24.50922135802557,24.816447261237496,24.440549700863983,24.79837417602539,28329400,0.0,0.0,0.0
2019-04-23,24.81644142475353,24.87065515250824,24.5959630733344,24.75860977172852,20424400,0.0,0.0,0.0
2019-04-24,24.780298235176744,24.7947561501672,24.314040817604653,24.324886322021484,22038200,0.0,0.0,0.0
2019-04-25,24.321269137440275,24.447772436161856,24.19476583871869,24.248979568481445,24121800,0.0,0.0,0.0
2019-04-26,24.07187822890828,24.0791085655715,23.724896523341595,23.934532165527344,33676800,0.0,0.0,0.0
2019-04-29,23.941760593902977,24.042963250254168,23.86585860163958,23.9128475189209,25949000,0.0,0.0,0.0
2019-04-30,24.14417155784721,24.162241887181043,23.865861461960428,23.89477729797364,28654000,0.0,0.0,0.0
2019-05-01,23.902004767592715,23.974294357291225,23.39960383884308,23.41767692565918,44311400,0.0,0.0,0.0
2019-05-02,23.269480493680533,23.41044171730795,22.9984021720158,23.00924491882324,56066000,0.0,0.0,0.0
2019-05-03,23.22610929345732,23.40682909209829,23.17189280235196,23.22249412536621,39249000,0.0,0.0,0.0
2019-05-06,23.04538727646629,23.32008075372885,23.023701783840284,23.244178771972656,40689400,0.0,0.0,0.0
2019-05-07,22.96949225731009,23.05985218072892,22.749013823562866,23.04178047180176,30129000,0.0,0.0,0.0
2019-05-08,23.03093772220206,23.233343068239115,22.9803363856928,23.04178047180176,19647400,0.0,0.0,0.0
2019-05-09,22.933348839455764,23.12852660494836,22.73817107396317,23.04178047180176,28819000,0.0,0.0,0.0
2019-05-10,23.04177453633413,23.20803642168848,22.71647834430813,23.15020751953125,26150000,0.0,0.0,0.0
2019-05-13,22.940575203973616,23.05262061391838,22.644194798986096,22.752626419067383,28139600,0.0,0.0,0.0
2019-05-14,22.875512336368143,23.22610918530961,22.853825464270454,23.03093147277832,18484000,0.0,0.0,0.0
2019-05-15,22.900813312717084,23.200808843005817,22.83936786365321,23.15020751953125,20184600,0.0,0.0,0.0
2019-05-16,23.20803420294153,23.36345332663076,23.20803420294153,23.27670860290528,18753000,0.0,0.0,0.0
2019-05-17,23.12129764562089,23.24780098689405,23.012864634491887,23.04178047180176,21111400,0.0,0.0,0.0
2019-05-20,23.045389069034904,23.16105101342816,23.00563186986722,23.0526180267334,16372200,0.0,0.0,0.0
2019-05-21,23.15021120257382,23.385144774268387,23.12129536811224,23.32008552551269,36761000,0.0,0.0,0.0
2019-05-22,23.17911995167592,23.233336441777148,22.882740976479106,22.958642959594727,19274000,0.0,0.0,0.0
2019-05-23,22.57551820445717,22.593589909596687,22.05504565101226,22.188777923583984,47927200,0.0,0.0,0.0
2019-05-24,22.36588670547864,22.452631452375417,22.080349041145706,22.27191162109375,20306800,0.0,0.0,0.0
2019-05-28,22.28637129380709,22.32612988042576,22.008062566259422,22.04059219360352,25861200,0.0,0.0,0.0
2019-05-29,21.73697578659229,21.91408178473527,21.606857319186425,21.89962387084961,33903200,0.0,0.0,0.0
2019-05-30,21.8634821604157,21.903239358510582,21.552643881681423,21.62131690979004,30347800,0.0,0.0,0.0
2019-05-31,21.324931230621846,21.52010889821665,21.24180030822754,21.24180030822754,43797000,0.0,0.0,0.0
2019-06-03,21.386381354860653,21.617703866607048,21.353853113146425,21.51288604736328,36049400,0.0,0.0,0.0
2019-06-04,21.71529618178614,21.9357732237946,21.65746451056473,21.88517189025879,29486800,0.0,0.0,0.0
2019-06-05,21.928537765111056,21.935766721871016,21.51288309228224,21.643001556396484,31763800,0.0,0.0,0.0
2019-06-06,21.68637885415604,22.12733566540105,21.68637885415604,22.044204711914062,64787800,0.0,0.0,0.0
2019-06-07,22.1128694823556,22.286360282880565,22.05865300397429,22.14539909362793,31548200,0.0,0.0,0.0
2019-06-10,22.26467959217777,22.40925598877976,22.17793485724275,22.210464477539062,19675600,0.0,0.0,0.0
2019-06-11,22.405635263371803,22.47792206051281,22.24660100058413,22.253829956054688,19045200,0.0,0.0,0.0
2019-06-12,22.10926013847511,22.159862841724344,21.870710052573745,21.93938446044922,27633000,0.0,0.0,0.0
2019-06-13,22.19239107836677,22.297207510179096,21.93215413586425,22.19600486755371,24383000,0.0,0.0,0.0
2019-06-14,22.25022263479945,22.253836424193945,21.99721463492163,22.05142974853516,15832600,0.0,0.0,0.0
2019-06-17,22.004442434811978,22.29720761775724,21.93576803088548,22.235763549804688,17590400,0.0,0.0,0.0
2019-06-18,22.380337831563025,22.67671955166718,22.34058063647372,22.54298591613769,34444200,0.0,0.0,0.0
2019-06-19,22.5104502594602,22.647797647225293,22.398404903646888,22.51767921447754,17655400,0.0,0.0,0.0
2019-06-20,22.87912823245601,23.052619088865303,22.85382756873691,23.016475677490234,51908000,0.0,0.0,0.0
2019-06-21,23.05149409292461,23.26669005602624,23.05149409292461,23.18280029296875,32712600,0.0,0.0,0.0
2019-06-24,23.175499596272804,23.241152679996805,22.938418861561924,22.97489356994629,20793200,0.0,0.0,0.0
2019-06-25,22.960307666009413,22.982191103464952,22.766995156487525,22.79252815246582,23774600,0.0,0.0,0.0
2019-06-26,23.022310936965447,23.317749843664394,22.96395278900407,23.14267539978028,28653600,0.0,0.0,0.0
2019-06-27,23.142678223332908,23.21197809768956,22.9238340982514,22.971250534057617,21217400,0.0,0.0,0.0
2019-06-28,23.025959101876303,23.25939169370171,23.025959101876303,23.23750686645508,34739200,0.0,0.0,0.0
2019-07-01,23.525647064355084,23.602241860403787,23.201029831357246,23.259387969970703,29772600,0.0,0.0,0.0
2019-07-02,23.19008769219569,23.23750272238895,22.785227504225848,22.887353897094727,24190800,0.0,0.0,0.0
2019-07-03,22.92018608330268,22.996780896825104,22.78158495071347,22.97854423522949,13974600,0.0,0.0,0.0
2019-07-05,22.894649611462828,23.033250714585872,22.84358641330376,23.01136589050293,14726400,0.0,0.0,0.0
2019-07-08,22.97489340942793,23.171851267855995,22.909240326162625,23.044193267822266,17256400,0.0,0.0,0.0
2019-07-09,23.00772325978752,23.077023128147825,22.85453224634888,23.06243324279785,14976200,0.0,0.0,0.0
2019-07-10,23.20833105896237,23.438116900717525,23.05514003400288,23.357873916625977,23534800,0.0,0.0,0.0
2019-07-11,23.4271672805522,23.43081266388233,23.25938642573103,23.40528106689453,25362600,0.0,0.0,0.0
2019-07-12,23.419873972275152,23.58400807359065,23.419873972275152,23.50376510620117,16162800,0.0,0.0,0.0
2019-07-15,23.54389174346698,23.55847884733468,23.24115785758997,23.292221069335938,19077800,0.0,0.0,0.0
2019-07-16,23.244799292747206,23.28492077600577,22.95300858455021,23.044193267822266,21174200,0.0,0.0,0.0
2019-07-17,23.02595563565905,23.098903657465243,22.76699008867868,22.78157997131348,27329400,0.0,0.0,0.0
2019-07-18,22.67216301871154,22.785232543945312,22.540856832341493,22.785232543945312,25509000,0.0,0.0,0.0
2019-07-19,22.807118613071665,22.967604588876867,22.70134540972613,22.891008377075195,19930600,0.0,0.0,0.0
2019-07-22,22.978538016801487,23.07336946625633,22.81440532412222,22.99677467346192,15686200,0.0,0.0,0.0
2019-07-23,22.996783879799384,23.120795142650703,22.92748400019975,23.05879020690918,14537600,0.0,0.0,0.0
2019-07-24,23.02960910108016,23.306811386201552,23.00407749473585,23.15726852416992,19815400,0.0,0.0,0.0
2019-07-25,23.24480415067509,23.273983923277,22.825355354783827,22.894655227661133,20140800,0.0,0.0,0.0
2019-07-26,22.894653232927027,22.898300008500463,22.679457298525804,22.777936935424805,19307600,0.0,0.0,0.0
2019-07-29,22.759700353368583,22.77793701403474,22.518972815018465,22.686752319335938,16569800,0.0,0.0,0.0
2019-07-30,22.59556600665817,22.99677807805649,22.551797745919863,22.942068099975582,21602600,0.0,0.0,0.0
2019-07-31,22.942069585044816,23.139027466800496,22.679457220879893,22.869121551513672,30556000,0.0,0.0,0.0
2019-08-01,22.617447762393468,22.7232223267464,22.208940779301944,22.35118865966797,50380400,0.0,0.0,0.0
2019-08-02,22.442375741313068,22.573681919192115,21.8040829032428,22.03022193908692,43399800,0.0,0.0,0.0
2019-08-05,21.621717894954788,21.680076053443628,21.22050572926505,21.37369537353516,55153800,0.0,0.0,0.0
2019-08-06,21.42840085026104,21.55241207679386,21.11837347961292,21.34815788269043,33995000,0.0,0.0,0.0
2019-08-07,20.95788777178788,21.289799971201067,20.8484664275116,21.187673568725582,49604400,0.0,0.0,0.0
2019-08-08,21.329920236975035,21.80772846237429,21.23144061534155,21.79678535461425,46535600,0.0,0.0,0.0
2019-08-09,21.815020584854416,21.86243561067239,21.46487040050308,21.556055068969727,29186400,0.0,0.0,0.0
2019-08-12,21.504999759479475,21.537826307814093,21.20591404859431,21.30074691772461,43838000,0.0,0.0,0.0
2019-08-13,21.20591092017424,21.69830907255211,21.09284279698845,21.49770164489746,28695200,0.0,0.0,0.0
2019-08-14,21.038134465038915,21.08919767531742,20.6223324483504,20.65515899658203,47299400,0.0,0.0,0.0
2019-08-15,20.54573820651205,20.64421646258804,20.30500925184756,20.52750015258789,28575800,0.0,0.0,0.0
2019-08-16,20.63692068184432,20.85941016718731,20.567619423700748,20.79740524291992,42798600,0.0,0.0,0.0
2019-08-19,21.08919378056681,21.333569459241662,21.04907229665244,21.25697326660156,27763200,0.0,0.0,0.0
2019-08-20,21.154849510558307,21.1803811141754,20.998011721843003,21.07825469970703,19042600,0.0,0.0,0.0
2019-08-21,21.29709891162977,21.33357362748209,21.13661433598404,21.21320915222168,24074800,0.0,0.0,0.0
2019-08-22,21.286153359452907,21.37004310375456,21.107430762380424,21.11837387084961,18706200,0.0,0.0,0.0
2019-08-23,20.86670533681421,21.063664612574403,20.29406556168657,20.41078186035156,48817800,0.0,0.0,0.0
2019-08-26,20.58950240462789,20.698923749700747,20.41077980762684,20.49831771850586,21610600,0.0,0.0,0.0
2019-08-27,20.60774348048753,20.69163324273596,20.26124132068357,20.370662689208984,23662600,0.0,0.0,0.0
2019-08-28,20.47643702867664,20.76458102894849,20.374310604830686,20.66245460510254,31388800,0.0,0.0,0.0
2019-08-29,20.822937262073847,21.05272308588433,20.80105243411208,20.96518516540528,24663400,0.0,0.0,0.0
2019-08-30,21.045428143230406,21.2277975354744,20.84117392302464,20.96518516540528,26044600,0.0,0.0,0.0
2019-09-03,20.62598110260272,20.90683017607929,20.563976167722988,20.863061904907227,27929600,0.0,0.0,0.0
2019-09-04,21.15485191345215,21.246036619975648,21.092846980872903,21.15485191345215,22381800,0.0,0.0,0.0
2019-09-05,21.34086709530793,21.65454269356277,21.30804054685409,21.417463302612305,29077000,0.0,0.0,0.0
2019-09-06,21.37368934726794,21.55605871504793,21.25332628804444,21.530527114868164,24468600,0.0,0.0,0.0
2019-09-09,21.705604809597386,22.01198544926003,21.66183654432217,21.960922241210938,49514200,0.0,0.0,0.0
2019-09-10,22.095869338069978,22.540849570178047,22.05209969580287,22.219879150390625,51436000,0.0,0.0,0.0
2019-09-11,22.34390003213652,22.51897589430225,22.12141051539697,22.24177360534668,45504000,0.0,0.0,0.0
2019-09-12,21.960920592557184,22.26365443379004,21.77855121100524,22.103168487548828,38119000,0.0,0.0,0.0
2019-09-13,22.24906044034146,22.39495647518586,22.15422899164999,22.278240203857425,28123200,0.0,0.0,0.0
2019-09-16,23.211979021512704,23.21562718899508,22.759703649473327,23.025962829589844,61355600,0.0,0.0,0.0
2019-09-17,23.040549416391432,23.047844359383543,22.551800758232844,22.70499038696289,52900000,0.0,0.0,0.0
2019-09-18,22.54085442695993,22.68675048321734,22.43872802240049,22.59556579589844,23209000,0.0,0.0,0.0
2019-09-19,22.730517733065,22.781580933074714,22.46790540002322,22.53720664978028,28037000,0.0,0.0,0.0
2019-09-20,22.551932435639028,22.64395109186209,22.44519045743789,22.55561256408692,40300200,0.0,0.0,0.0
2019-09-23,22.4046989358966,22.62186299081398,22.37893382803293,22.562971115112305,18660800,0.0,0.0,0.0
2019-09-24,22.4930360397481,22.515119614192013,22.073431276198,22.2059383392334,41101000,0.0,0.0,0.0
2019-09-25,22.102879518910704,22.26851337025188,22.051349299403046,22.242748260498047,20248400,0.0,0.0,0.0
2019-09-26,22.14336810920225,22.194898329081106,21.84154704640337,21.95196914672852,28011000,0.0,0.0,0.0
2019-09-27,21.830506105747165,22.11760385856536,21.79001767309984,21.94828987121582,31263200,0.0,0.0,0.0
2019-09-30,21.84522269641712,21.933561201023945,21.76792738244421,21.79001235961914,39616800,0.0,0.0,0.0
2019-10-01,21.8636321770662,21.944607635673304,21.28207362511531,21.285755157470703,32749400,0.0,0.0,0.0
2019-10-02,21.16060752626437,21.21213774111522,20.70419444426975,20.763086318969727,37824600,0.0,0.0,0.0
2019-10-03,20.64898807194304,21.00970247797142,20.479674063623367,20.98761749267578,40914200,0.0,0.0,0.0
2019-10-04,21.075951039122504,21.14956624015393,20.862468500633845,21.120121002197266,20275800,0.0,0.0,0.0
2019-10-07,21.15324725479425,21.23422271026333,20.9213598686526,20.93240165710449,23284800,0.0,0.0,0.0
2019-10-08,20.71891773787016,20.88087004206784,20.545922241866165,20.575368881225582,40038400,0.0,0.0,0.0
2019-10-09,20.75940619109169,20.877189940491643,20.722597891846046,20.763086318969727,17833800,0.0,0.0,0.0
2019-10-10,20.83302272290928,21.07963344598204,20.79989595127542,21.02442169189453,20111400,0.0,0.0,0.0
2019-10-11,21.241582997976423,21.50659713644181,21.20477610278648,21.307836532592773,45127800,0.0,0.0,0.0
2019-10-14,21.15324792789121,21.37409212851509,21.0722710657523,21.29679679870605,24321200,0.0,0.0,0.0
2019-10-15,21.252626170915644,21.598615759309965,21.226859659393924,21.3851318359375,22170000,0.0,0.0,0.0
2019-10-16,21.31151797414189,21.46242849032924,21.07963060396858,21.086992263793945,23910600,0.0,0.0,0.0
2019-10-17,21.175334618236803,21.24158816898177,21.03546725919156,21.101720809936523,22616200,0.0,0.0,0.0
2019-10-18,21.04650470240568,21.215818673073493,20.987612825473697,20.99129295349121,20555600,0.0,0.0,0.0
2019-10-21,21.031781914531408,21.38513318506776,21.006016805477287,21.366729736328125,20948000,0.0,0.0,0.0
2019-10-22,21.43298361800722,21.889396736156105,21.366730078209912,21.642786026000977,39393800,0.0,0.0,0.0
2019-10-23,21.6059789388456,21.867311563485032,21.51396029038722,21.823143005371094,23640800,0.0,0.0,0.0
2019-10-24,21.94828702325262,21.96300893895599,21.617019348298346,21.73112297058105,24233600,0.0,0.0,0.0
2019-10-25,21.738486692994503,21.97037268337044,21.7090400506078,21.90780067443848,23750000,0.0,0.0,0.0
2019-10-28,21.98141826875467,22.10656370433252,21.745850720394788,21.782657623291016,23513200,0.0,0.0,0.0
2019-10-29,21.70167489167484,22.05502611879549,21.628059701668125,21.870988845825195,26936800,0.0,0.0,0.0
2019-10-30,21.922518656577907,21.933560442737186,21.34096024791312,21.42561721801757,31013400,0.0,0.0,0.0
2019-10-31,21.3372844374666,21.37041120673942,21.1238005012433,21.33360290527344,30064800,0.0,0.0,0.0
2019-11-01,21.44034543410072,21.85995025313465,21.421941984933,21.81946182250977,26620200,0.0,0.0,0.0
2019-11-04,22.069751067650166,22.596097819547733,22.066070939719857,22.529844284057617,43060400,0.0,0.0,0.0
2019-11-05,22.59241860868936,22.75805245413806,22.48567664116761,22.55929183959961,35110200,0.0,0.0,0.0
2019-11-06,22.52616383017961,22.574013917139663,22.036623981040925,22.099197387695312,35655800,0.0,0.0,0.0
2019-11-07,22.323727029245724,22.50040268440584,22.26483514419236,22.43046760559082,26483400,0.0,0.0,0.0
2019-11-08,22.294279010756025,22.367894213559424,22.084476595426928,22.33844757080078,20779600,0.0,0.0,0.0
2019-11-11,22.12864751882063,22.31636637622241,22.043990517987943,22.21330451965332,28961000,0.0,0.0,0.0
2019-11-12,22.27955313962521,22.401018420963883,21.98509376620381,22.099197387695312,25082400,0.0,0.0,0.0
2019-11-13,21.98509462909887,22.080794806775124,21.911479431830927,22.00349807739257,21151200,0.0,0.0,0.0
2019-11-14,21.99613699922887,22.11760228854866,21.84154634455984,21.94460678100586,16233600,0.0,0.0,0.0
2019-11-15,22.036629189220708,22.19858293594873,22.01086407571277,22.11392593383789,18363600,0.0,0.0,0.0
2019-11-18,21.97405323640244,21.99981834529594,21.75320764062411,21.8452262878418,25508200,0.0,0.0,0.0
2019-11-19,21.775297077887608,21.793700530278908,21.495560950896976,21.52132606506348,30758200,0.0,0.0,0.0
2019-11-20,21.513961504092432,21.896759440257096,21.38145441818211,21.738487243652344,34290000,0.0,0.0,0.0
2019-11-21,21.81209861465881,22.11392105678922,21.742164951145355,22.095516204833984,31283400,0.0,0.0,0.0
2019-11-22,22.113920726379607,22.22066128402256,21.977732125229657,22.021902084350582,22984000,0.0,0.0,0.0
2019-11-25,21.99613718366456,22.08079557613295,21.91148019528932,22.04398727416992,24672000,0.0,0.0,0.0
2019-11-26,22.07342862271964,22.080790281346985,21.76056444947525,21.841541290283203,26804000,0.0,0.0,0.0
2019-11-27,21.86731048583427,21.940925681791747,21.716399965963333,21.89675712585449,19336600,0.0,0.0,0.0
2019-11-29,21.716401287500823,21.793696616118048,21.59493599616534,21.675912857055664,15660400,0.0,0.0,0.0
2019-12-02,21.749528057492945,21.889396797914458,21.65014774751659,21.675912857055664,30779000,0.0,0.0,0.0
2019-12-03,21.48451783115792,21.521326140162376,21.27471538415948,21.35201072692871,33891000,0.0,0.0,0.0
2019-12-04,21.53972649636117,21.73848712413387,21.46979282544554,21.67223358154297,34853000,0.0,0.0,0.0
2019-12-05,21.7642543311051,21.790019444139663,21.49556000653508,21.56917381286621,21784800,0.0,0.0,0.0
2019-12-06,21.66119077270188,22.047670246036898,21.65751064431185,21.981416702270508,33459200,0.0,0.0,0.0
2019-12-09,21.81209626719351,22.05870693510357,21.81209626719351,21.95564651489257,16812600,0.0,0.0,0.0
2019-12-10,22.02926403947222,22.08079566242184,21.904118620495176,21.999818801879883,17570200,0.0,0.0,0.0
2019-12-11,21.96669232026944,22.11392272244252,21.918842228949213,21.963010787963867,24872400,0.0,0.0,0.0
2019-12-12,21.99613521756033,22.44518663271917,21.97037011053577,22.367891311645508,44981600,0.0,0.0,0.0
2019-12-13,22.44519102652231,22.58873990921496,22.183858373205265,22.19858169555664,22743000,0.0,0.0,0.0
2019-12-16,22.35685581302629,22.58506171262033,22.345812618271463,22.496723175048828,22271800,0.0,0.0,0.0
2019-12-17,22.592420958905144,22.71388485547427,22.42678709622609,22.511444091796875,46292400,0.0,0.0,0.0
2019-12-18,22.485679650484748,22.73965064476695,22.45623300553378,22.59610176086425,25881400,0.0,0.0,0.0
2019-12-19,22.59978258870046,22.66235460112984,22.548250961643404,22.5887393951416,25534800,0.0,0.0,0.0
2019-12-20,22.65674730955053,22.831430692958968,22.615863843834298,22.8054141998291,34839600,0.0,0.0,0.0
2019-12-23,22.77939966854139,23.05443159611316,22.75338317317089,23.039566040039062,26944400,0.0,0.0,0.0
2019-12-24,23.091603436721982,23.12505342540821,22.98753601759096,23.028419494628903,10074800,0.0,0.0,0.0
2019-12-26,23.12877193027451,23.20682143961185,22.99125592556685,23.02098846435547,20312400,0.0,0.0,0.0
2019-12-27,23.10646621898265,23.128766681357988,22.9094837636085,22.92435073852539,21436600,0.0,0.0,0.0
2019-12-30,23.012776017876394,23.054882129866154,22.817558497060503,22.85200881958008,29259000,0.0,0.0,0.0
2019-12-31,22.737173531291457,23.00511884568043,22.672100054802385,22.982152938842773,21444800,0.0,0.0,0.0
2020-01-02,23.135261793006723,23.22330116664691,23.054878207534244,23.188852310180664,23889400,0.0,0.0,0.0
2020-01-03,23.39938094024368,23.46828157228317,23.00511588797494,23.119951248168945,59005800,0.0,0.0,0.0
2020-01-06,23.2003300677036,23.418514870957893,23.119946500229272,23.29985237121582,44916200,0.0,0.0,0.0
2020-01-07,23.234784057576373,23.261578584312687,22.966837330021026,23.23861122131348,22925000,0.0,0.0,0.0
2020-01-08,23.215649748964296,23.24244428081406,22.825213264620256,22.8558349609375,38042800,0.0,0.0,0.0
2020-01-09,22.84435027950604,23.04722356536489,22.57640352108212,23.02425765991211,30733600,0.0,0.0,0.0
2020-01-10,23.01277461974677,23.03191336216321,22.86731900922792,22.89411354064941,18302400,0.0,0.0,0.0
2020-01-13,22.859665431904748,22.97449935770603,22.741002881134285,22.90177154541016,17557000,0.0,0.0,0.0
2020-01-14,22.852004815361624,22.932388400424653,22.70272059733249,22.905593872070312,34678000,0.0,0.0,0.0
2020-01-15,22.80606989371902,22.874969061498795,22.67209580146593,22.73716926574707,21661600,0.0,0.0,0.0
2020-01-16,22.871144919836222,22.947701345497578,22.76396680002574,22.775449752807617,16449000,0.0,0.0,0.0
2020-01-17,22.83669535678681,22.84817830994857,22.591715954719906,22.629993438720703,23818200,0.0,0.0,0.0
2020-01-21,22.503676702102915,22.507503866447923,22.185968034347564,22.22424697875977,34709200,0.0,0.0,0.0
2020-01-22,22.18213928235776,22.19745085902674,21.94864284882889,22.0098876953125,29355400,0.0,0.0,0.0
2020-01-23,21.780224531718734,21.994580810036915,21.611800072820014,21.92568016052246,26556000,0.0,0.0,0.0
2020-01-24,21.826155157711664,21.9256774948034,21.50461931913402,21.67304229736328,40781200,0.0,0.0,0.0
2020-01-27,21.236668767326904,21.320880971563188,21.045278456020576,21.07207298278809,43365000,0.0,0.0,0.0
2020-01-28,21.190741570042768,21.297919707806336,21.0835634322792,21.167774200439453,28600200,0.0,0.0,0.0
2020-01-29,21.28643338371179,21.362989810078915,20.91896428938044,20.94575881958008,27490800,0.0,0.0,0.0
2020-01-30,20.727573687639545,21.137148884227887,20.67398316773541,21.114181518554688,48861000,0.0,0.0,0.0
2020-01-31,20.75819812729367,20.815615818974926,20.34862287653221,20.45580101013184,66861000,0.0,0.0,0.0
2020-02-03,20.429005556583093,20.45962871348513,20.11512549929959,20.187854766845703,42578400,0.0,0.0,0.0
2020-02-04,20.478762990186432,20.63953014828257,20.222300677930548,20.26057815551757,39639600,0.0,0.0,0.0
2020-02-05,20.59742687811558,21.095041420832384,20.585942465921256,21.02231216430664,68764000,0.0,0.0,0.0
2020-02-06,21.12183671668789,21.12183671668789,20.773506378106024,20.80795669555664,30801200,0.0,0.0,0.0
2020-02-07,20.651015522348143,20.75053784482891,20.55532036372762,20.662498474121094,27386600,0.0,0.0,0.0
2020-02-10,20.555325438344344,20.605087341965863,20.43283572188568,20.55915260314941,29281200,0.0,0.0,0.0
2020-02-11,20.83857879428916,20.86920194826005,20.696950357654693,20.788818359375,27689200,0.0,0.0,0.0
2020-02-12,21.098868533425723,21.18690790567588,20.895995260857635,21.068246841430664,34399600,0.0,0.0,0.0
2020-02-13,21.01082961633768,21.12183635513309,20.88068413710672,21.003173828125,23949800,0.0,0.0,0.0
2020-02-14,21.07590450125744,21.091214618518546,20.762024464422588,20.89216995239257,25040000,0.0,0.0,0.0
2020-02-18,20.708434791055463,20.88834218301783,20.52852885928555,20.71991920471192,32629400,0.0,0.0,0.0
2020-02-19,20.85771603066077,21.079728024620948,20.742880679786325,20.99551582336425,24910800,0.0,0.0,0.0
2020-02-20,21.049109679188312,21.206049695431435,20.9189641930214,20.972553253173828,26101600,0.0,0.0,0.0
2020-02-21,20.773511066134613,20.79264981121688,20.551497534640912,20.7237491607666,27616400,0.0,0.0,0.0
2020-02-24,19.942871043823743,20.05770640561231,19.70554745249911,19.76679229736328,66075000,0.0,0.0,0.0
2020-02-25,19.820384949311663,19.835696528353147,18.77156660824369,18.89405632019043,85674600,0.0,0.0,0.0
2020-02-26,18.96295196515005,19.05481849478861,18.3160517930645,18.323707580566406,97656600,0.0,0.0,0.0
2020-02-27,17.849062308229527,18.193564020778908,17.336136173365404,17.343791961669922,122557400,0.0,0.0,0.0
2020-02-28,16.796414910298523,17.546664615067318,16.658613646118077,17.328479766845703,137511600,0.0,0.0,0.0
2020-03-02,17.715088781268975,18.05193617669818,17.198335465486018,18.02896881103516,73285400,0.0,0.0,0.0
2020-03-03,18.1323186797961,18.36964373018379,17.282546643873083,17.477764129638672,97190600,0.0,0.0,0.0
2020-03-04,17.852889652451466,17.894995758455075,17.4815919469931,17.89116859436035,48969000,0.0,0.0,0.0
2020-03-05,17.378240289730982,17.458623867438774,16.949524954905133,17.236610412597656,58774600,0.0,0.0,0.0
2020-03-06,16.650957668528836,16.800241882960748,16.023197659024255,16.268177032470703,123034800,0.0,0.0,0.0
2020-03-09,13.424116815855434,13.944698715537871,12.91119070413212,12.99157428741455,133113800,0.0,0.0,0.0
2020-03-10,14.036564922793584,14.093982601049714,12.769561979094616,13.607851028442385,96862200,0.0,0.0,0.0
2020-03-11,13.186793544839036,13.416461348329042,12.681523209007198,12.888223648071287,86954600,0.0,0.0,0.0
2020-03-12,11.93892840488454,12.248980519866748,11.24609491856036,11.280545234680176,77658200,0.0,0.0,0.0
2020-03-13,12.23367119806142,12.333195000832191,11.02408420724246,12.321710586547852,68196800,0.0,0.0,0.0
2020-03-16,10.698718030429056,11.912132558047864,10.591539199911136,10.64512825012207,80467200,0.0,0.0,0.0
2020-03-17,10.748483606834789,11.16954258475016,10.315941673493008,10.71786117553711,90887200,0.0,0.0,0.0
2020-03-18,9.967610762311054,10.174311981063695,8.75802295922871,9.179081916809082,104271600,0.0,0.0,0.0
2020-03-19,9.313054250689762,9.84129128687665,8.796300168054964,9.803013801574709,104453000,0.0,0.0,0.0
2020-03-20,10.05182046523411,10.27383322426412,9.47764946118103,9.89870834350586,116714400,0.0,0.0,0.0
2020-03-23,9.834526335526684,9.897142392966972,9.059661301991206,9.224026679992676,96520400,0.0,0.0,0.0
2020-03-24,9.940189673394066,10.758102990171835,9.940189673394066,10.703314781188965,89022200,0.0,0.0,0.0
2020-03-25,10.93812448242263,11.740383739373057,10.464595283455832,11.208152770996094,104869800,0.0,0.0,0.0
2020-03-26,11.321645076484844,12.131731547484256,11.180760213203696,11.893010139465332,93836200,0.0,0.0,0.0
2020-03-27,11.395999662979492,11.431220128050136,11.020306989079714,11.086835861206056,73056800,0.0,0.0,0.0
2020-03-30,10.938124974392464,11.298163455117551,10.60156705320084,11.200326919555664,84254800,0.0,0.0,0.0
2020-03-31,11.51340049123093,11.740381163875185,11.145535005761507,11.372515678405762,68701200,0.0,0.0,0.0
2020-04-01,11.004654015873506,11.14553812165145,10.656355436398838,10.80898094177246,47653000,0.0,0.0,0.0
2020-04-02,11.352950352118716,12.429152117785844,11.059440779664042,11.799084663391112,146256200,0.0,0.0,0.0
2020-04-03,12.170864583603093,12.253046911205896,11.341210473797732,11.67385482788086,127668600,0.0,0.0,0.0
2020-04-06,11.936055195548477,12.374363124602588,11.775603365749216,12.292180061340332,76041400,0.0,0.0,0.0
2020-04-07,12.898766762067549,13.254891644085992,12.530901975072,12.554383277893066,103019000,0.0,0.0,0.0
2020-04-08,12.820494651796984,13.43490926194342,12.714832542645995,13.391860961914062,83811600,0.0,0.0,0.0
2020-04-09,13.908440509332513,14.26847819846719,12.765709141003196,13.270545959472656,182655200,0.0,0.0,0.0
2020-04-13,13.732334888398086,13.783210300066507,13.016170799451189,13.227498054504396,67685600,0.0,0.0,0.0
2020-04-14,13.294027590417905,13.454479432858282,13.078786039574917,13.16488265991211,72648200,0.0,0.0,0.0
2020-04-15,12.640480622170234,12.671789031429409,12.155211475156436,12.546558380126951,73421000,0.0,0.0,0.0
2020-04-16,12.515249299131789,12.55438480860522,11.994758966071467,12.01041316986084,64605800,0.0,0.0,0.0
2020-04-17,12.260871642774456,13.30185281622153,12.253044542677609,13.286198616027832,91706800,0.0,0.0,0.0
2020-04-20,12.503511153933209,13.344904572423296,12.43698227132434,12.871376037597656,112790000,0.0,0.0,0.0
2020-04-21,12.499593639741102,12.875286253732115,12.284352854156996,12.644392013549805,120861600,0.0,0.0,0.0
2020-04-22,13.21575925404231,13.301855882084832,12.918335353277431,13.094441413879396,73753200,0.0,0.0,0.0
2020-04-23,13.493613308759274,13.834083996744823,13.360555575439983,13.517094612121582,83207200,0.0,0.0,0.0
2020-04-24,13.787124167649631,13.9084420070263,13.333162710410562,13.548402786254885,64859200,0.0,0.0,0.0
2020-04-27,13.446652406727392,13.939747842168469,13.141402922543246,13.841911315917969,46576000,0.0,0.0,0.0
2020-04-28,14.049324790530154,14.244997829435215,13.822343348824212,14.15890121459961,59138000,0.0,0.0,0.0
2020-04-29,14.62460298085715,15.258584722195812,14.612863075862052,15.207709312438965,71075000,0.0,0.0,0.0
2020-04-30,15.293805451458628,15.293805451458628,14.651996629251748,14.871150970458984,84040200,0.0,0.0,0.0
2020-05-01,14.56590076705976,14.675477185662016,13.857563864133116,14.029755592346191,58531800,0.0,0.0,0.0
2020-05-04,13.771468852013738,14.52676695159741,13.704940730959684,14.515027046203612,52780400,0.0,0.0,0.0
2020-05-05,15.109873121416484,15.231189456673016,14.475892859032172,14.526766777038574,68733400,0.0,0.0,0.0
2020-05-06,14.597209567066969,14.7224402025171,14.1354210390195,14.147162437438965,47350200,0.0,0.0,0.0
2020-05-07,14.546333958209372,14.788969617371826,14.41327771610126,14.515027046203612,48469400,0.0,0.0,0.0
2020-05-08,14.855495591719194,15.184226331044137,14.769400476494429,15.176399230957031,49646200,0.0,0.0,0.0
2020-05-11,15.074650161131824,15.117698465878837,14.839841633293602,14.910284042358398,46531400,0.0,0.0,0.0
2020-05-12,15.058998727302626,15.078565735000598,14.628518586479275,14.648085594177246,56129000,0.0,0.0,0.0
2020-05-13,14.550246856037464,14.56981386076778,13.881045441340016,13.982794761657717,68994800,0.0,0.0,0.0
2020-05-14,13.73624626348846,14.272391446588149,13.423169710537364,14.139333724975586,61968400,0.0,0.0,0.0
2020-05-15,14.143248063155916,14.43675764330287,13.959314915213074,14.08454704284668,54427800,0.0,0.0,0.0
2020-05-18,14.890719557479354,15.332941090786695,14.851585542652286,15.23510456085205,73139600,0.0,0.0,0.0
2020-05-19,15.25467477568493,15.301635901924763,14.796800435895143,14.80854034423828,53940600,0.0,0.0,0.0
2020-05-20,15.1137878203399,15.426864440219983,15.035518292153109,15.399470329284668,54521200,0.0,0.0,0.0
2020-05-21,15.446434172084205,15.50904950104696,15.031606684663954,15.152924537658691,56241800,0.0,0.0,0.0
2020-05-22,15.031608759383694,15.07465708389988,14.749838993726764,15.059002876281738,38495000,0.0,0.0,0.0
2020-05-26,15.54035082583553,15.638187335430867,15.438601512717709,15.47773551940918,74888600,0.0,0.0,0.0
2020-05-27,15.704717445511823,15.79472685810286,15.23901468936106,15.677323341369627,71225600,0.0,0.0,0.0
2020-05-28,15.71645925062056,15.71645925062056,15.164661311640696,15.23901653289795,54356800,0.0,0.0,0.0
2020-05-29,15.105958066532088,15.282064100821914,14.851584010661734,15.168573379516602,71500400,0.0,0.0,0.0
2020-06-01,15.145092374574416,15.520784222822869,14.94159225022316,15.434687614440918,47680000,0.0,0.0,0.0
2020-06-02,15.60296876622606,15.880825634960985,15.583401759577184,15.865171432495115,50318400,0.0,0.0,0.0
2020-06-03,16.11562965646695,16.40522488305046,16.08432125744893,16.330869674682617,54601800,0.0,0.0,0.0
2020-06-04,16.24085985228696,16.39739885764841,16.006052837111376,16.33478355407715,54849400,0.0,0.0,0.0
2020-06-05,17.15270135250933,17.708412132693955,17.137047149242072,17.54796028137207,100393400,0.0,0.0,0.0
2020-06-08,18.18585335153737,18.34630518935371,17.778853058048703,18.338478088378903,95069400,0.0,0.0,0.0
2020-06-09,17.751456693707283,17.802332097140514,17.407071758943882,17.64970588684082,87399000,0.0,0.0,0.0
2020-06-10,17.485340674117257,17.500994873546418,16.77309102162331,16.78091812133789,80977000,0.0,0.0,0.0
2020-06-11,15.610791693862042,16.06084019079879,15.149003294648052,15.199878692626951,96304400,0.0,0.0,0.0
2020-06-12,15.869085126792172,15.982575861735146,15.160749593449944,15.583402633666992,85635000,0.0,0.0,0.0
2020-06-15,14.9181118263641,15.790813386594117,14.753747192923528,15.630361557006836,65694800,0.0,0.0,0.0
2020-06-16,16.373917612678753,16.39739891141995,15.62253247449302,16.080408096313477,64083800,0.0,0.0,0.0
2020-06-17,16.017799766120547,16.02171257118094,15.52861702587222,15.532529830932615,46736000,0.0,0.0,0.0
2020-06-18,15.37598736420261,15.896476858155369,15.282063651056692,15.724285125732422,36937800,0.0,0.0,0.0
2020-06-19,16.21347117342531,16.217383978078153,15.46991288854996,15.485567092895508,53934200,0.0,0.0,0.0
2020-06-22,15.410655629934014,15.608837924257202,15.22832677002839,15.557310104370115,38896400,0.0,0.0,0.0
2020-06-23,15.791163225632449,15.830799074555951,15.525598199410672,15.573163032531738,29611600,0.0,0.0,0.0
2020-06-24,15.331376556432105,15.33533953552074,14.609993401473652,14.709084510803224,64726000,0.0,0.0,0.0
2020-06-25,14.570358305598376,15.045996006397107,14.49504959517605,14.99050521850586,48034400,0.0,0.0,0.0
2020-06-26,14.883485194799478,14.883485194799478,14.403884560302116,14.47126579284668,67722200,0.0,0.0,0.0
2020-06-29,14.506937102632946,14.79231996760614,14.4435188561956,14.665483474731444,38905600,0.0,0.0,0.0
2020-06-30,14.54657736483314,15.089596303201256,14.395958432376888,15.002395629882812,41886800,0.0,0.0,0.0
2020-07-01,15.06185196371689,15.26399720636629,14.61792411867559,14.637742042541504,49146800,0.0,0.0,0.0
2020-07-02,14.938977019504703,15.14508673485923,14.768540168577127,14.800250053405762,41558400,0.0,0.0,0.0
2020-07-06,15.06185223360452,15.168870838810887,14.657560229050691,14.843852043151855,45084400,0.0,0.0,0.0
2020-07-07,14.6575581228847,14.677376044258056,14.348394315830967,14.372175216674805,41821800,0.0,0.0,0.0
2020-07-08,14.372177164680036,14.594141845373994,14.24137765627892,14.360286712646484,41301800,0.0,0.0,0.0
2020-07-09,14.296866646467448,14.336502489590693,13.634938691844209,13.650792121887209,61087200,0.0,0.0,0.0
2020-07-10,13.571520380957653,14.102648841525744,13.571520380957653,14.086793899536133,50456000,0.0,0.0,0.0
2020-07-13,14.217594830495152,14.2730856210669,13.904468010553044,14.01148509979248,74447600,0.0,0.0,0.0
2020-07-14,13.916358997412964,14.530723721242992,13.876721636901244,14.502978324890137,68442200,0.0,0.0,0.0
2020-07-15,14.871592803216862,14.911228639302363,14.598101905402348,14.816102027893066,51805000,0.0,0.0,0.0
2020-07-16,14.717015607211726,14.938978779114295,14.530723791927176,14.748723983764648,37645600,0.0,0.0,0.0
2020-07-17,14.79628661045928,14.95879598509069,14.479193820144882,14.542612075805664,35433800,0.0,0.0,0.0
2020-07-20,14.491086572086507,14.657558935261818,14.288939831647273,14.30083179473877,40153000,0.0,0.0,0.0
2020-07-21,14.54657787770426,15.279851619338949,14.526759954526954,15.164905548095703,72340400,0.0,0.0,0.0
2020-07-22,15.002394754236642,15.002394754236642,14.76061369489308,14.97861385345459,39243400,0.0,0.0,0.0
2020-07-23,14.92708619354362,15.026177313126892,14.76061383840876,14.950868606567385,42087800,0.0,0.0,0.0
2020-07-24,14.950870566394856,15.172833735670602,14.812142073586823,14.867632865905762,39901200,0.0,0.0,0.0
2020-07-27,14.847814833469712,14.950870457319336,14.661524533759623,14.883487701416016,36462000,0.0,0.0,0.0
2020-07-28,14.796288030037076,14.938977984955862,14.590178301362435,14.62981414794922,35553800,0.0,0.0,0.0
2020-07-29,14.669450655868053,14.94690613051572,14.570359522923225,14.935015678405762,34430000,0.0,0.0,0.0
2020-07-30,14.621882423630694,14.629809893044568,14.22155504629637,14.34839153289795,65667400,0.0,0.0,0.0
2020-07-31,14.130395112857553,14.296867478070942,13.991666629835812,14.281012535095217,49548200,0.0,0.0,0.0
2020-08-03,14.277047823064787,14.411811797985846,14.15813878919571,14.332538604736328,42206800,0.0,0.0,0.0
2020-08-04,14.284981318233596,14.713054323102703,14.273089351424012,14.68134593963623,45144200,0.0,0.0,0.0
2020-08-05,14.970684296891111,15.022212094757789,14.701156370833496,14.835920333862305,61517400,0.0,0.0,0.0
2020-08-06,14.752690046193024,14.887454062912008,14.66152637488472,14.71701717376709,38381400,0.0,0.0,0.0
2020-08-07,14.586211793532934,14.772503573166745,14.415774955146771,14.736830711364746,36753200,0.0,0.0,0.0
2020-08-10,14.847811686902643,15.20057579960749,14.81213882651618,15.192649841308594,52616200,0.0,0.0,0.0
2020-08-11,15.48992006688873,15.668282821034673,15.0697732968335,15.141119003295898,53026200,0.0,0.0,0.0
2020-08-12,15.371014969634908,15.470106095559858,15.129232380456337,15.291743278503418,51065400,0.0,0.0,0.0
2020-08-13,15.168868512174988,15.295705022147908,14.958795826034306,14.994468688964844,31522000,0.0,0.0,0.0
2020-08-14,14.875557907097516,15.160940806114784,14.82006712384648,15.137158393859863,26559400,0.0,0.0,0.0
2020-08-17,15.141121868571842,15.149049338791183,14.96672054776704,15.04995822906494,28511600,0.0,0.0,0.0
2020-08-18,14.994467992224685,15.141122416564397,14.81610368585996,14.85970401763916,28697600,0.0,0.0,0.0
2020-08-19,14.847814924253685,14.915197680569,14.641705187304902,14.68927001953125,29587800,0.0,0.0,0.0
2020-08-20,14.471266335552077,14.566394474958868,14.368212237204324,14.372175216674805,38215400,0.0,0.0,0.0
2020-08-21,14.316685400785309,14.344430794987542,14.146248543822695,14.281012535095217,34695600,0.0,0.0,0.0
2020-08-24,14.368212444681994,14.77646737650822,14.28101177496746,14.673413276672363,49654000,0.0,0.0,0.0
2020-08-25,14.752687153179991,14.772505075750118,14.395958498875414,14.467304229736328,40237000,0.0,0.0,0.0
2020-08-26,14.447486581823092,14.447486581823092,14.142285730007222,14.162103652954102,36002400,0.0,0.0,0.0
2020-08-27,14.166067997356723,14.284977045811395,14.015449062908496,14.189848899841309,44519400,0.0,0.0,0.0
2020-08-28,14.24533737306714,14.487119922434774,14.173991653187828,14.443519592285156,29150200,0.0,0.0,0.0
2020-08-31,14.463339221578469,14.48315714136918,14.130393028259276,14.130393028259276,37583000,0.0,0.0,0.0
2020-09-01,14.066975806138077,14.098684177719294,13.860866098823507,14.035265922546388,36521000,0.0,0.0,0.0
2020-09-02,14.031303274063797,14.114539452439594,13.880684347471512,13.96788501739502,47700400,0.0,0.0,0.0
2020-09-03,13.940141604266728,14.229489079303844,13.781596678888306,13.864832878112791,78884600,0.0,0.0,0.0
2020-09-04,14.007523669868986,14.102651829954343,13.650794959562408,13.821231842041016,68682000,0.0,0.0,0.0
2020-09-08,13.559628879747894,13.623047137853291,13.167228880224044,13.317846298217772,98437600,0.0,0.0,0.0
2020-09-09,13.468466566871705,13.543775283353607,13.36144796218014,13.409012794494627,49955200,0.0,0.0,0.0
2020-09-10,13.448648078541042,13.464503021980716,12.893737154237462,12.917519569396973,74006600,0.0,0.0,0.0
2020-09-11,12.94526301447675,13.012645757940245,12.822389489343552,12.929408073425291,50794600,0.0,0.0,0.0
2020-09-14,12.965083247114013,13.14741056569273,12.873919587824654,13.028501510620115,38888400,0.0,0.0,0.0
2020-09-15,13.115698815554058,13.234607840033902,12.893734194384145,12.933371543884276,51220800,0.0,0.0,0.0
2020-09-16,13.048318061552312,13.627011356168858,12.9373364900965,13.45261001586914,71772200,0.0,0.0,0.0
2020-09-17,13.238575110080452,13.484320680528,13.107774097287187,13.472430229187012,44713400,0.0,0.0,0.0
2020-09-18,13.464502180367807,13.472429651592131,13.187046735558663,13.321810722351074,52812800,0.0,0.0,0.0
2020-09-21,12.99708445529813,13.029316030279404,12.662690317740884,12.880248069763184,61439200,0.0,0.0,0.0
2020-09-22,12.888305440689448,13.093777112201776,12.723122467826345,12.747295379638672,44697400,0.0,0.0,0.0
2020-09-23,12.795641197503096,12.84398701820258,12.155053309912702,12.171168327331545,52969200,0.0,0.0,0.0
2020-09-24,12.126854162827984,12.388729594054327,11.901238489449934,12.167142868041992,70487600,0.0,0.0,0.0
2020-09-25,12.042247158069085,12.25174779917207,11.965699467562416,12.15908432006836,55116800,0.0,0.0,0.0
2020-09-28,12.3806687426348,12.58211145215418,12.364553725463583,12.445130348205566,52752000,0.0,0.0,0.0
2020-09-29,12.408871517528706,12.437074144441077,11.981813156900532,12.102679252624512,47601800,0.0,0.0,0.0
2020-09-30,12.17922799884929,12.320238071960548,12.010016064804397,12.066420555114746,49149000,0.0,0.0,0.0
2020-10-01,11.933467011518296,11.985841780342694,11.62324503983605,11.695764541625977,56730400,0.0,0.0,0.0
2020-10-02,11.381515310426364,11.909295097267906,11.361371342917897,11.808573722839355,57410400,0.0,0.0,0.0
2020-10-05,11.913321440923353,12.17116785720895,11.885119585197485,12.163110733032228,63144400,0.0,0.0,0.0
2020-10-06,12.34038124256659,12.408871801176195,11.94958262487826,11.981813430786133,62223200,0.0,0.0,0.0
2020-10-07,12.050301566803316,12.18325371049997,11.91332047712278,12.151022911071776,42086000,0.0,0.0,0.0
2020-10-08,12.251748277686604,12.614345082407905,12.195344552280194,12.606287956237791,61126200,0.0,0.0,0.0
2020-10-09,12.719091532798677,12.751322332990956,12.384696692637686,12.404841423034668,51035800,0.0,0.0,0.0
2020-10-12,12.3645551544956,12.481391539929858,12.235631928453785,12.437074661254885,33369200,0.0,0.0,0.0
2020-10-13,12.437077089662347,12.509595842138271,12.207431683937417,12.243691444396973,50767600,0.0,0.0,0.0
2020-10-14,12.271888792445226,12.58211073176973,12.24771588385094,12.296062469482422,54488000,0.0,0.0,0.0
2020-10-15,12.086562571162814,12.449159294609109,11.97778332359604,12.445130348205566,40707800,0.0,0.0,0.0
2020-10-16,12.420957149317822,12.43707293455714,12.14296600148308,12.163110733032228,37423000,0.0,0.0,0.0
2020-10-19,12.20742894483238,12.26786237766704,11.893178782618635,11.905264854431152,50372000,0.0,0.0,0.0
2020-10-20,11.973753737005811,12.151023527069018,11.893177118571929,12.046273231506348,45980600,0.0,0.0,0.0
2020-10-21,11.977785358443256,12.04627592205309,11.812602370050673,11.816631317138672,49315200,0.0,0.0,0.0
2020-10-22,11.836775978611309,12.320238899333406,11.760228284777428,12.304123878479004,65648400,0.0,0.0,0.0
2020-10-23,12.368586516399091,12.441105268875017,12.090595275690209,12.243691444396973,49975400,0.0,0.0,0.0
2020-10-26,12.034187877230195,12.0503028944984,11.687706168869823,11.804542541503906,60802000,0.0,0.0,0.0
2020-10-27,11.792460253601392,11.79648920132164,11.623248291566997,11.651450157165527,43193600,0.0,0.0,0.0
2020-10-28,11.365396476003074,11.437915969108987,11.099492180243317,11.16395378112793,81098200,0.0,0.0,0.0
2020-10-29,11.018917646500157,11.542668444814163,10.869849685996176,11.50640869140625,74504200,0.0,0.0,0.0
2020-10-30,11.425832153095714,11.57892829328591,11.2928799789895,11.570870399475098,75799400,0.0,0.0,0.0
2020-11-02,11.727997633283788,12.12282525509702,11.51043908548274,11.965700149536133,83786200,0.0,0.0,0.0
2020-11-03,12.167140534314862,12.175197659057751,11.78842800745144,11.897207260131836,69755000,0.0,0.0,0.0
2020-11-04,11.913323402404783,12.199372489956032,11.591015328981044,11.913323402404783,87227400,0.0,0.0,0.0
2020-11-05,11.929439190297504,12.151025894720942,11.88915048900877,11.913323402404783,63591600,0.0,0.0,0.0
2020-11-06,11.913321071061231,12.090590860975514,11.60712807700672,11.655474662780762,66446400,0.0,0.0,0.0
2020-11-09,13.053486960596404,13.61349739434655,13.013197500360498,13.319391250610352,198713400,0.0,0.0,0.0
2020-11-10,13.569182835543693,13.750481605529783,13.28716269744156,13.750481605529783,146676200,0.0,0.0,0.0
2020-11-11,13.89954936487208,13.927751226139767,13.480548087629051,13.609471321105955,93085000,0.0,0.0,0.0
2020-11-12,13.3717680114554,13.561124671545333,13.02931598143658,13.17032527923584,77169600,0.0,0.0,0.0
2020-11-13,13.271048772736671,13.718251955853953,13.254934519609362,13.649762153625488,78865400,0.0,0.0,0.0
2020-11-16,14.229913122531388,14.58042301280269,14.056672266410713,14.548192977905272,95865400,0.0,0.0,0.0
2020-11-17,14.358837021181325,14.705318749958826,14.169480370131756,14.697260856628418,78020200,0.0,0.0,0.0
2020-11-18,14.822156838222002,14.87856055822704,14.27020263671875,14.27020263671875,82000400,0.0,0.0,0.0
2020-11-19,14.169481013683656,14.532078545590492,14.024443537807,14.503876686096191,65872400,0.0,0.0,0.0
2020-11-20,14.467616995184793,14.532078608147268,14.32660769710628,14.427329063415527,39506400,0.0,0.0,0.0
2020-11-23,14.652943723956806,15.4667725361438,14.636829473618713,15.44662857055664,76324600,0.0,0.0,0.0
2020-11-24,15.966348480039272,16.2846267709834,15.8253376710191,16.240310668945312,106932000,0.0,0.0,0.0
2020-11-25,16.13556409463624,16.13556409463624,15.772968063913742,15.861601829528809,71352400,0.0,0.0,0.0
2020-11-27,15.772965574000075,15.901888791712253,15.55137735272666,15.67627239227295,37510800,0.0,0.0,0.0
2020-11-30,15.503032578905836,15.523176544869743,14.785896939765223,14.81006908416748,83087200,0.0,0.0,0.0
2020-12-01,15.221012090293025,15.3056192043889,14.854386385497744,14.878560066223145,68935600,0.0,0.0,0.0
2020-12-02,14.830213737124453,15.595695158087295,14.781866377318462,15.362022399902344,75483600,0.0,0.0,0.0
2020-12-03,15.43051177441198,15.712531884850591,15.273386701465228,15.523175239562988,72975400,0.0,0.0,0.0
2020-12-04,15.80519575702883,16.38132206392773,15.80519575702883,16.36923599243164,103700400,0.0,0.0,0.0
2020-12-07,16.17585070917006,16.212110459524638,15.833397169846624,15.986494064331056,69313200,0.0,0.0,0.0
2020-12-08,15.789082216651522,16.38535257316667,15.785054037875096,16.224199295043945,57854600,0.0,0.0,0.0
2020-12-09,16.389381221409774,16.65528557303617,16.06304343386942,16.26045799255371,86691800,0.0,0.0,0.0
2020-12-10,16.28059771031947,16.953417076164172,16.236280073799158,16.76003074645996,77604400,0.0,0.0,0.0
2020-12-11,16.647225876809223,16.651255591773136,16.33297573260564,16.566648483276367,56152200,0.0,0.0,0.0
2020-12-14,16.820466785600363,16.824494963690448,15.926060634778109,15.986494064331056,79884400,0.0,0.0,0.0
2020-12-15,16.0751226171855,16.381314741002274,15.926053963237107,16.300737380981445,58671800,0.0,0.0,0.0
2020-12-16,16.34103978639042,16.401471701659062,16.107365410736058,16.220172882080078,47628800,0.0,0.0,0.0
2020-12-17,16.36520622306759,16.36923593814359,16.04692789193348,16.143619537353516,46363400,0.0,0.0,0.0
2020-12-18,16.111393130962412,16.20002690308503,15.748795536731526,15.873690605163574,73140400,0.0,0.0,0.0
2020-12-21,15.273524330704802,15.702211552300051,15.114297781892947,15.567481994628906,80158800,0.0,0.0,0.0
2020-12-22,15.534817089778173,15.58789311750852,15.289853443614977,15.306184768676758,50185800,0.0,0.0,0.0
2020-12-23,15.436837707498372,15.861441407013798,15.432754096069912,15.64505672454834,53931800,0.0,0.0,0.0
2020-12-24,15.665467781242937,15.665467781242937,15.408256367366937,15.563399314880373,22903000,0.0,0.0,0.0
2020-12-28,15.620558917103043,15.816531762014762,15.420505575857632,15.465415954589844,37824600,0.0,0.0,0.0
2020-12-29,15.559318335579157,15.604228713069494,15.289857628078424,15.363347053527832,37968600,0.0,0.0,0.0
2020-12-30,15.375590329955436,15.751203013453804,15.338845627846258,15.60422420501709,56436600,0.0,0.0,0.0
2020-12-31,15.534819549254191,15.600143302402508,15.404172042957562,15.47357940673828,36309800,0.0,0.0,0.0
2021-01-04,15.653219989448584,15.783867501177973,15.31435193515967,15.498075485229492,67717600,0.0,0.0,0.0
2021-01-05,15.665470637670952,16.616749665197204,15.653222917855388,16.1921443939209,95473400,0.0,0.0,0.0
2021-01-06,16.51059551495239,16.84129792581081,16.29829290572194,16.686153411865234,86262800,0.0,0.0,0.0
2021-01-07,16.833131596681724,17.102592290560626,16.65757370669867,16.93111801147461,51457200,0.0,0.0,0.0
2021-01-08,17.147503261188707,17.147503261188707,16.775974086160602,16.910703659057617,62744000,0.0,0.0,0.0
2021-01-11,16.543256549240397,17.245488067938382,16.449353750858407,17.17608070373535,46890400,0.0,0.0,0.0
2021-01-12,17.3842988354043,17.870144087889518,17.253649788934734,17.776241302490234,87947200,0.0,0.0,0.0
2021-01-13,17.83748735834283,17.845653023797958,17.5027028618899,17.637434005737305,54764400,0.0,0.0,0.0
2021-01-14,17.747663057187104,18.37232148944719,17.7313317309662,18.16001892089844,83314600,0.0,0.0,0.0
2021-01-15,17.837483592042584,17.84156720262863,17.28223247530568,17.453706741333008,95497000,0.0,0.0,0.0
2021-01-19,17.666009749877865,17.92730476577419,17.60885165983069,17.80482292175293,55619400,0.0,0.0,0.0
2021-01-20,17.955882928587812,18.000793299258667,17.69458792552946,17.870145797729492,50725600,0.0,0.0,0.0
2021-01-21,17.77215634304246,17.86197706897034,17.106671233030198,17.265897750854492,59968000,0.0,0.0,0.0
2021-01-22,16.886206644716022,17.2250731295344,16.7473934737511,17.17608070373535,50444600,0.0,0.0,0.0
2021-01-25,16.98827299061307,17.053596736020975,16.690233304849446,17.000520706176758,81823200,0.0,0.0,0.0
2021-01-26,17.151583712024326,17.40879667298997,16.62899368366086,16.63715934753418,54999600,0.0,0.0,0.0
2021-01-27,16.363614772713934,16.869873416294908,16.13089727214542,16.412607192993164,99867200,0.0,0.0,0.0
2021-01-28,16.54733791489982,16.804550865179397,16.396277033122132,16.604496002197266,57248200,0.0,0.0,0.0
2021-01-29,16.371782608304926,16.584085221139688,15.992087760390625,16.053329467773438,63069000,0.0,0.0,0.0
2021-02-01,16.24929958557273,16.330954670413036,15.898183810968256,16.167644500732422,61021400,0.0,0.0,0.0
2021-02-02,16.555501326935314,16.735142785372094,16.343198776245117,16.343198776245117,63929000,0.0,0.0,0.0
2021-02-03,16.428938699736065,17.08625822158713,16.367697005632206,17.041349411010742,74385600,0.0,0.0,0.0
2021-02-04,17.167918595823334,17.233242362899514,16.865796757136554,17.22916030883789,48327800,0.0,0.0,0.0
2021-02-05,17.498618631495496,17.555776725130904,17.327142793148028,17.376136779785156,48196400,0.0,0.0,0.0
2021-02-08,17.62926940359259,18.18860428275274,17.612938071697318,18.102867126464844,62368200,0.0,0.0,0.0
2021-02-09,17.959968489037138,18.01712658248184,17.674176464372394,17.910974502563477,64798800,0.0,0.0,0.0
2021-02-10,17.972211265163047,18.2702509257744,17.857895109706856,18.25391960144043,58451000,0.0,0.0,0.0
2021-02-11,18.19676403465177,18.200847645019163,17.592518967883365,17.972213745117188,49632600,0.0,0.0,0.0
2021-02-12,17.8456464300665,18.253920207322327,17.812985337755283,18.23758888244629,47400800,0.0,0.0,0.0
2021-02-16,18.6581195558067,18.911248965050813,18.56421673556197,18.69486427307129,76593400,0.0,0.0,0.0
2021-02-17,18.886744005508174,19.09496450137368,18.61320132586784,18.97248268127441,68964400,0.0,0.0,0.0
2021-02-18,18.89083411401561,18.92757882843,18.4866422554574,18.543800354003903,61360200,0.0,0.0,0.0
2021-02-19,18.56829392477741,18.927575337515933,18.54788054441024,18.85408592224121,54404200,0.0,0.0,0.0
2021-02-22,18.98065027562121,19.789032239489472,18.94798762296827,19.507322311401367,75644600,0.0,0.0,0.0
2021-02-23,19.7400323474124,19.88701112544136,18.988808693273725,19.829853057861328,98370800,0.0,0.0,0.0
2021-02-24,19.96050901402291,20.650492842751543,19.79311679164235,20.532093048095703,77748800,0.0,0.0,0.0
2021-02-25,20.744395166981484,20.744395166981484,19.997253263544074,20.13606643676757,75887800,0.0,0.0,0.0
2021-02-26,19.866601350732736,19.9237594286656,19.078632859365,19.658382415771484,90308800,0.0,0.0,0.0
2021-03-01,20.176890072707167,20.446352270832723,20.02991281569448,20.168725967407227,69391600,0.0,0.0,0.0
2021-03-02,20.242218110771987,20.40552671534079,20.046245293383613,20.058494567871094,74468200,0.0,0.0,0.0
2021-03-03,20.205470255773506,20.81379732177683,20.201386645766537,20.352447509765625,82574400,0.0,0.0,0.0
2021-03-04,20.53617356740262,21.21390807049184,20.34428592421447,20.83829689025879,107573800,0.0,0.0,0.0
2021-03-05,21.43029362808421,21.667091635262505,20.895454359935805,21.618099212646484,112395800,0.0,0.0,0.0
2021-03-08,21.83040374820128,21.94471993038771,21.344556859026625,21.65892791748047,100610000,0.0,0.0,0.0
2021-03-09,21.53644304906446,21.84673045321772,21.12816924718646,21.27923011779785,118889600,0.0,0.0,0.0
2021-03-10,21.311896556573984,21.89164471068844,21.209828087967253,21.81815528869629,78416600,0.0,0.0,0.0
2021-03-11,21.86306153755683,22.19784592680314,21.77732441389542,21.826316833496094,50797400,0.0,0.0,0.0
2021-03-12,21.867147118685327,22.06720042526036,21.70791901510953,21.87122917175293,59786800,0.0,0.0,0.0
2021-03-15,21.8222338689974,21.88347400157921,21.36088406116493,21.62217903137207,60452600,0.0,0.0,0.0
2021-03-16,21.26289871780421,21.28331209484353,20.87503832429375,21.00568580627441,77287000,0.0,0.0,0.0
2021-03-17,20.944446522813266,21.27106526527128,20.764806603821604,21.16899681091309,64552200,0.0,0.0,0.0
2021-03-18,20.981189670194706,21.07509245433621,20.13198100288317,20.21771812438965,87207200,0.0,0.0,0.0
2021-03-19,20.20955594781636,20.556588103741788,19.94826092818669,20.221803665161133,81158600,0.0,0.0,0.0
2021-03-22,20.176419930350946,20.25481444894092,19.98662010676772,20.027881622314453,59561800,0.0,0.0,0.0
2021-03-23,19.62352821476765,20.17641993139549,19.49974524208692,19.73493194580078,103196200,0.0,0.0,0.0
2021-03-24,20.036135045018653,20.502378392005777,20.036135045018653,20.230058670043945,81630800,0.0,0.0,0.0
2021-03-25,19.891719424395585,20.362089647036232,19.56988749816056,20.30432510375977,80670200,0.0,0.0,0.0
2021-03-26,20.67154239842858,20.836585287719547,20.436357304266625,20.80770301818848,72348600,0.0,0.0,0.0
2021-03-29,20.63028472966712,20.73756151771643,20.30845279155337,20.560142517089844,47286200,0.0,0.0,0.0
2021-03-30,20.349709833546576,20.60139952324143,20.230053821402205,20.382719039916992,53392200,0.0,0.0,0.0
2021-03-31,20.34145993821629,20.43223369250728,20.164039367901577,20.242435455322266,48097400,0.0,0.0,0.0
2021-04-01,20.333209015406865,20.76644627285534,20.22593222266452,20.75819396972656,65039600,0.0,0.0,0.0
2021-04-05,20.71692900964718,20.72105594750836,20.143407416261915,20.263063430786133,53372200,0.0,0.0,0.0
2021-04-06,20.362090547286726,20.63441024474828,20.176419242536536,20.20942687988281,53257800,0.0,0.0,0.0
2021-04-07,20.217674341749365,20.38271721086003,20.14340520804611,20.279565811157227,49888600,0.0,0.0,0.0
2021-04-08,20.13516088585743,20.139287824901515,19.784446617481706,20.015504837036133,63766600,0.0,0.0,0.0
2021-04-09,20.01137312561136,20.18466673531936,19.79269264460872,19.883464813232425,44373400,0.0,0.0,0.0
2021-04-12,20.05676115027109,20.201172499998805,19.656533161074744,19.72667694091797,39196200,0.0,0.0,0.0
2021-04-13,19.693665745909875,19.85458168336025,19.549254410753253,19.74730491638184,44825400,0.0,0.0,0.0
2021-04-14,19.92059717154484,20.564262451787407,19.899967207055383,20.29606819152832,66767800,0.0,0.0,0.0
2021-04-15,20.32083119233877,20.32083119233877,20.04851148703459,20.131032943725582,49686200,0.0,0.0,0.0
2021-04-16,20.279569923481137,20.32908216466833,19.88759421033193,19.970115661621094,57189000,0.0,0.0,0.0
2021-04-19,20.01137726591841,20.15991557580925,19.75556216219857,19.9494857788086,40827800,0.0,0.0,0.0
2021-04-20,19.879341112850035,19.9082233835514,19.223298040982662,19.421348571777344,72574000,0.0,0.0,0.0
2021-04-21,19.17378544932218,19.73905476061405,19.08301170080609,19.66891098022461,56991000,0.0,0.0,0.0
2021-04-22,19.76380976872946,19.77206049601522,19.37183411610366,19.43785095214844,50062800,0.0,0.0,0.0
2021-04-23,19.45435846575589,19.701921244477152,19.33882780491564,19.61527442932129,33897800,0.0,0.0,0.0
2021-04-26,19.54100210960637,19.89584318909465,19.54100210960637,19.74730491638184,35891800,0.0,0.0,0.0
2021-04-27,19.821578610351484,20.056763738234835,19.730804850829536,19.98661994934082,42268800,0.0,0.0,0.0
2021-04-28,20.135149193018915,20.75405747707051,20.118644594359235,20.67566299438477,65874000,0.0,0.0,0.0
2021-04-29,20.972747163348984,21.16254539562296,20.65091366735645,20.90672874450684,66042400,0.0,0.0,0.0
2021-04-30,20.609655111719043,20.89435247922305,20.3332084731579,20.37859535217285,58519000,0.0,0.0,0.0
2021-05-03,20.61378034728572,20.99337840888316,20.547763498394755,20.93973922729492,45740000,0.0,0.0,0.0
2021-05-04,20.980996374396423,21.13778695987599,20.71280365009165,20.95211410522461,53917600,0.0,0.0,0.0
2021-05-05,21.2120569693145,21.694806411152644,21.2120569693145,21.62878799438477,79621200,0.0,0.0,0.0
2021-05-06,21.62466522540215,21.74019432067871,21.22443718252853,21.74019432067871,58710400,0.0,0.0,0.0
2021-05-07,21.517386026672217,22.1651767938216,21.438989943103174,22.128042221069336,63196200,0.0,0.0,0.0
2021-05-10,22.4044880657033,22.75107689918895,22.11979071368378,22.13629531860352,68998000,0.0,0.0,0.0
2021-05-11,21.67417129286663,21.983625487563025,21.37709633625458,21.56689453125,113531800,0.0,0.0,0.0
2021-05-12,21.678300061441284,22.30958616827944,21.571021716797134,21.67004776000977,82195600,0.0,0.0,0.0
2021-05-13,21.41010642770175,21.806207464718835,21.11715680078071,21.405981063842773,79698200,0.0,0.0,0.0
2021-05-14,21.64116788953936,22.15279804325077,21.64116788953936,22.07027816772461,57183600,0.0,0.0,0.0
2021-05-17,21.99187920322376,22.5901576662556,21.95887157212784,22.581905364990234,67404200,0.0,0.0,0.0
2021-05-18,22.54890124608878,22.63142112366457,22.016639536309764,22.057899475097656,70435400,0.0,0.0,0.0
2021-05-19,21.542138107610807,21.752567846099748,21.207928577252023,21.50913047790528,87969600,0.0,0.0,0.0
2021-05-20,21.500886444132693,21.57515560698365,21.17080215033181,21.47612953186035,56522600,0.0,0.0,0.0
2021-05-21,21.69067933485598,21.843342987744336,21.505006473794097,21.52151107788086,50539800,0.0,0.0,0.0
2021-05-24,21.670048072450268,21.78557714622608,21.426610685590106,21.736064910888672,48020400,0.0,0.0,0.0
2021-05-25,21.6824311936154,21.74019574503826,21.261573152435453,21.29458236694336,48558600,0.0,0.0,0.0
2021-05-26,21.315212431870968,21.56277524589468,21.216186361881896,21.4843807220459,39554400,0.0,0.0,0.0
2021-05-27,21.57101957462497,21.7649447040934,21.38122138244524,21.500877380371094,39053600,0.0,0.0,0.0
2021-05-28,21.620537042812167,21.64941931286678,21.426611880474905,21.54214096069336,37125400,0.0,0.0,0.0
2021-06-01,21.967129428654644,22.42099509526889,21.95475018664325,22.371482849121094,72570200,0.0,0.0,0.0
2021-06-02,22.50763983043748,22.89549018216635,22.24357244353785,22.78821182250977,67893400,0.0,0.0,0.0
2021-06-03,22.693312776583628,22.97801013388036,22.548901415773503,22.8501033782959,58761600,0.0,0.0,0.0
2021-06-04,22.99863838443609,23.09766285368014,22.66442725931492,23.002763748168945,52658800,0.0,0.0,0.0
2021-06-07,22.99863678738872,23.138922754047496,22.87072848503454,22.90373611450196,40070400,0.0,0.0,0.0
2021-06-08,22.825342889211484,23.1430494071121,22.553023241577463,23.101789474487305,57553000,0.0,0.0,0.0
2021-06-09,23.167808152876898,23.26683262863493,22.94500072147284,22.95737838745117,56052200,0.0,0.0,0.0
2021-06-10,23.266831907731746,23.37411025610562,22.68505801529068,22.92849540710449,57353800,0.0,0.0,0.0
2021-06-11,23.011019344331693,23.138927673881938,22.82122110613388,22.8501033782959,38091400,0.0,0.0,0.0
2021-06-14,22.93262900930769,23.07291345739154,22.565408558966663,22.751081466674805,37745000,0.0,0.0,0.0
2021-06-15,22.895488217181047,23.246202390188785,22.837722104034423,23.184310913085938,64285000,0.0,0.0,0.0
2021-06-16,23.1471803473256,23.33285323679989,22.85835760143883,23.06053352355957,60786400,0.0,0.0,0.0
2021-06-17,23.00277003608029,23.19669523781144,21.975381049547096,22.27658462524414,106941800,0.0,0.0,0.0
2021-06-18,21.81033830581029,22.086783378837943,21.599908510134235,21.61641311645508,113812200,0.0,0.0,0.0
2021-06-21,21.79564656537,22.579271636357458,21.79564656537,22.53759002685547,84366800,0.0,0.0,0.0
2021-06-22,22.48339937829816,22.775175372346627,22.23747410203532,22.68764305114746,48344400,0.0,0.0,0.0
2021-06-23,22.89605505381068,23.154484502178978,22.70848465174848,22.750167846679688,40553000,0.0,0.0,0.0
2021-06-24,22.854369882969067,22.962742992778185,22.633452959431512,22.946069717407227,41756800,0.0,0.0,0.0
2021-06-25,23.00859686993477,23.079455914931668,22.87938135311239,23.066951751708984,38330000,0.0,0.0,0.0
2021-06-28,22.9669160049627,22.979421759504927,22.1957951203695,22.28749656677246,65702800,0.0,0.0,0.0
2021-06-29,22.420880717116464,22.54592713828912,22.149945479532786,22.179122924804688,31911000,0.0,0.0,0.0
2021-06-30,22.245816199201577,22.52091898336632,22.224975392381086,22.45422744750977,47034000,0.0,0.0,0.0
2021-07-01,22.966918036598383,23.037778685101163,22.633460370251257,22.846040725708008,47251600,0.0,0.0,0.0
2021-07-02,22.750169467849293,22.871046766635228,22.55426241284058,22.796018600463867,30471800,0.0,0.0,0.0
2021-07-06,22.7209885441712,22.762671738605185,21.962371896036743,22.054073333740234,68446200,0.0,0.0,0.0
2021-07-07,22.02073266622372,22.22497479363449,21.453853831689045,21.69561004638672,60823800,0.0,0.0,0.0
2021-07-08,21.31213476649173,21.77480799364824,21.237106589652747,21.57056427001953,49379800,0.0,0.0,0.0
2021-07-09,21.84566666971053,22.045741274401188,21.59140469602502,22.029067993164062,51206000,0.0,0.0,0.0
2021-07-12,21.77897394295044,22.129104879510933,21.624750075076022,21.9957218170166,41353000,0.0,0.0,0.0
2021-07-13,21.887343911554733,22.024896069212577,21.69977510027774,21.828989028930664,49786800,0.0,0.0,0.0
2021-07-14,21.89567669565407,22.14993857379585,21.095378577618646,21.17874336242676,66999400,0.0,0.0,0.0
2021-07-15,20.949492574555823,21.2037544862909,20.782764572962385,20.882801055908203,59670800,0.0,0.0,0.0
2021-07-16,21.0411925587615,21.04952919677428,20.25339855214189,20.290912628173828,74253800,0.0,0.0,0.0
2021-07-19,19.59899024887307,19.853252177790445,19.298877599652386,19.5739803314209,114994800,0.0,0.0,0.0
2021-07-20,19.58232021282228,20.04499342695867,19.41559217235661,19.83658218383789,83342000,0.0,0.0,0.0
2021-07-21,20.2283945368948,20.695236861439263,20.182543809479576,20.528507232666016,82042600,0.0,0.0,0.0
2021-07-22,20.507662760076016,20.507662760076016,20.124185318479004,20.299251556396484,47270000,0.0,0.0,0.0
2021-07-23,20.36594569826265,20.374282338288584,20.019982292418216,20.224225997924805,46951800,0.0,0.0,0.0
2021-07-26,20.27424017278879,20.807772306793385,20.236726095238392,20.724409103393555,47266200,0.0,0.0,0.0
2021-07-27,20.561851915993564,20.595196884671005,20.29091669150148,20.53267288208008,46888400,0.0,0.0,0.0
2021-07-28,20.58686039817437,20.891140593608025,20.399289979057333,20.72024345397949,39169200,0.0,0.0,0.0
2021-07-29,20.987010133221982,21.07871158283753,20.79527218407264,20.920318603515625,43794000,0.0,0.0,0.0
2021-07-30,20.87863669124589,20.966169024582737,20.461814239106868,20.58686065673828,49600600,0.0,0.0,0.0
2021-08-02,20.59936620636872,21.099553500573126,20.399291606697265,20.43263816833496,57810800,0.0,0.0,0.0
2021-08-03,20.365943917619266,20.824447948596923,20.17420598394144,20.78276634216309,64302000,0.0,0.0,0.0
2021-08-04,20.407628881072107,20.661890856277704,20.19088099384852,20.22005844116211,64523800,0.0,0.0,0.0
2021-08-05,20.345100893277536,20.69939927943961,20.25756698524059,20.44930648803711,45800000,0.0,0.0,0.0
2021-08-06,20.62437670869313,20.79944298212041,20.524340201064646,20.63688087463379,36214800,0.0,0.0,0.0
2021-08-09,20.361773998064365,20.507662794918684,20.20755015229385,20.345102310180664,42193400,0.0,0.0,0.0
2021-08-10,20.45347282070068,20.75775294886684,20.428462906996888,20.70356559753418,53283000,0.0,0.0,0.0
2021-08-11,20.64938486810924,20.903646820877647,20.52016933422897,20.86613273620605,47686200,0.0,0.0,0.0
2021-08-12,20.849460252846697,20.9620025111609,20.591030765264943,20.845291137695312,36517200,0.0,0.0,0.0
2021-08-13,20.85779630471819,20.85779630471819,20.54934698433017,20.599365234375,33050800,0.0,0.0,0.0
2021-08-16,20.32009653913132,20.32843317979972,20.04082623197214,20.22005844116211,48258400,0.0,0.0,0.0
2021-08-17,20.02414820912187,20.3367650049302,19.83241028930506,20.011642456054688,51108200,0.0,0.0,0.0
2021-08-18,20.007476839366184,20.16586980955889,19.569813601515328,19.59482192993164,56305800,0.0,0.0,0.0
2021-08-19,19.257198957348898,19.382245383749872,18.81536655467711,19.086301803588867,99256200,0.0,0.0,0.0
2021-08-20,18.911231444325185,19.24885815362984,18.82786664807143,19.127979278564453,61587600,0.0,0.0,0.0
2021-08-23,19.590651580090693,19.899100836506125,19.548969978706715,19.844913482666016,58704400,0.0,0.0,0.0
2021-08-24,20.011643700457167,20.278411385111987,19.978298733657407,20.174205780029297,45382200,0.0,0.0,0.0
2021-08-25,20.132521235185536,20.440970505188307,19.99913819681981,20.328428268432617,39817600,0.0,0.0,0.0
2021-08-26,20.21171706484097,20.32425770351326,19.98663260739413,20.01997756958008,41465400,0.0,0.0,0.0
2021-08-27,20.27007698362005,20.69106697500684,20.224226257913752,20.553516387939453,46202600,0.0,0.0,0.0
2021-08-30,20.632711522538614,20.71190721657023,20.30342140147564,20.31175804138184,31817800,0.0,0.0,0.0
2021-08-31,20.21171986146112,20.395121153988168,20.12418594475264,20.174205780029297,53873200,0.0,0.0,0.0
2021-09-01,20.15336624635895,20.270077621845648,19.803235300002,19.878263473510746,63459800,0.0,0.0,0.0
2021-09-02,20.06165884891408,20.54517267993684,20.06165884891408,20.382612228393555,61635400,0.0,0.0,0.0
2021-09-03,20.34093162777336,20.490987937519293,20.170034517240747,20.26590347290039,39162800,0.0,0.0,0.0
2021-09-07,20.17003930620305,20.424301270302823,20.07000280265493,20.1450309753418,42472800,0.0,0.0,0.0
2021-09-08,20.257568367944497,20.390951411136868,19.874092516279244,19.8865966796875,43798400,0.0,0.0,0.0
2021-09-09,19.753211748124308,20.240894745091506,19.649006156213925,19.92827796936035,50529600,0.0,0.0,0.0
2021-09-10,20.23672911754704,20.278412315523425,19.85742076124472,19.9199447631836,37513000,0.0,0.0,0.0
2021-09-13,20.178370998194417,20.62853992392136,20.178370998194417,20.49098777770996,68499600,0.0,0.0,0.0
2021-09-14,20.67439222677151,20.71190630968105,20.107515048434912,20.19504737854004,58935800,0.0,0.0,0.0
2021-09-15,20.4826508942476,20.96616477717467,20.4493059316584,20.94949150085449,76695000,0.0,0.0,0.0
2021-09-16,20.92865621962201,20.932825334827072,20.599366080690867,20.7119083404541,60643800,0.0,0.0,0.0
2021-09-17,20.60770028353708,20.93282285885869,20.50349467645801,20.55768203735352,64459000,0.0,0.0,0.0
2021-09-20,20.06069823000291,20.17038959651739,19.605061749608144,19.929914474487305,85660000,0.0,0.0,0.0
2021-09-21,20.166169467366405,20.27164106668252,19.76537706809141,19.97632026672364,51323400,0.0,0.0,0.0
2021-09-22,20.313830661826923,20.83275073707727,20.313830661826923,20.59227561950684,79252200,0.0,0.0,0.0
2021-09-23,20.70618577851701,21.37698362552715,20.609150487957265,21.313701629638672,49734200,0.0,0.0,0.0
2021-09-24,21.19979694606888,21.583713602508485,21.157608939177653,21.474023818969727,55503000,0.0,0.0,0.0
2021-09-27,21.94652981944893,22.32622659822772,21.91699790141176,22.23763084411621,81697400,0.0,0.0,0.0
2021-09-28,22.448577371044067,22.71014812590935,22.26294791446112,22.31357383728028,132975200,0.0,0.0,0.0
2021-09-29,22.292479836886383,22.452797136744287,22.01825300365858,22.31357383728028,69894400,0.0,0.0,0.0
2021-09-30,22.250291511230763,22.37263735547664,21.97606468200684,21.97606468200684,89198800,0.0,0.0,0.0
2021-10-01,22.136379199654424,22.73545709558147,22.136379199654424,22.71436309814453,83312000,0.0,0.0,0.0
2021-10-04,22.95905938218213,23.33875782341618,22.853587771769234,23.08562660217285,114815800,0.0,0.0,0.0
2021-10-05,23.414696103644435,23.64673331072568,22.980153609872165,23.22062873840332,98029600,0.0,0.0,0.0
2021-10-06,22.83671329490397,23.102500591578483,22.57092438886041,22.975934982299805,100174800,0.0,0.0,0.0
2021-10-07,23.03500217105117,23.27969711264336,22.92109423271745,23.15313148498535,77596200,0.0,0.0,0.0
2021-10-08,23.39782510817512,23.9209650808682,23.34298102144183,23.866119384765625,86200400,0.0,0.0,0.0
2021-10-11,24.2247178076233,24.296439336912808,23.756425226648712,23.77751922607422,86021400,0.0,0.0,0.0
2021-10-12,23.731108930672253,24.02642971923883,23.63407525616888,23.79861068725586,71038200,0.0,0.0,0.0
2021-10-13,23.6256398552202,23.89986667585874,23.35985095622565,23.77751922607422,57902600,0.0,0.0,0.0
2021-10-14,24.04752668198564,24.169874133809216,23.82814554369236,24.06862068176269,46786600,0.0,0.0,0.0
2021-10-15,24.33863009805822,24.431445637307267,24.174094630748865,24.186752319335938,45354800,0.0,0.0,0.0
2021-10-18,24.42300586829181,24.5580094009735,24.068621192660107,24.2036247253418,65257600,0.0,0.0,0.0
2021-10-19,24.30487470090135,24.562225651170287,24.17408934323566,24.47784805297852,44552600,0.0,0.0,0.0
2021-10-20,24.292221338430178,24.68035608035921,24.19518604357891,24.676137924194336,50212600,0.0,0.0,0.0
2021-10-21,24.486287930966256,24.57488369193326,24.022211908501507,24.22049903869629,64241800,0.0,0.0,0.0
2021-10-22,24.30909708614865,24.46941438966984,24.08127962357225,24.448320388793945,43005000,0.0,0.0,0.0
2021-10-25,24.747857164350147,24.941924529980447,24.61707179566766,24.806921005249023,50112200,0.0,0.0,0.0
2021-10-26,24.891299316605423,25.06427268815962,24.798483787206443,24.950363159179688,45503200,0.0,0.0,0.0
2021-10-27,24.68035251881265,24.815356027772896,24.178308320452302,24.233152389526367,68007600,0.0,0.0,0.0
2021-10-28,24.10237081190844,24.427223537470827,24.098151046604208,24.4061279296875,46735000,0.0,0.0,0.0
2021-10-29,24.52847843170541,24.583324121915904,24.14456181897016,24.24581527709961,43997800,0.0,0.0,0.0
2021-11-01,24.4862854400608,24.73097869917819,24.418783684852333,24.663476943969727,49656800,0.0,0.0,0.0
2021-11-02,24.520039936026624,24.709889159724124,24.351286322249244,24.43144416809082,34125400,0.0,0.0,0.0
2021-11-03,24.1361216219574,24.482068356461312,24.0348697827396,24.22893714904785,46674800,0.0,0.0,0.0
2021-11-04,24.58754235756386,24.650825970269715,24.04331004764381,24.2626895904541,76363200,0.0,0.0,0.0
2021-11-05,24.59598313113965,24.688798678036,24.37660195352877,24.5791072845459,45207000,0.0,0.0,0.0
2021-11-08,24.78582610775134,25.060052912691045,24.66769843023585,24.80270195007324,40022400,0.0,0.0,0.0
2021-11-09,24.83223553895818,24.91239338132297,24.47785087321703,24.903955459594727,39378000,0.0,0.0,0.0
2021-11-10,24.798485507558446,24.878644964643584,24.102373816881546,24.24581527709961,72033000,0.0,0.0,0.0
2021-11-11,24.262685276227337,24.50316199612817,24.262685276227337,24.33862495422364,48996600,0.0,0.0,0.0
2021-11-12,24.23737019214154,24.376591845386265,24.131898608720007,24.27955818176269,34190000,0.0,0.0,0.0
2021-11-15,24.258469722622923,24.62551046606364,24.051744663820816,24.48206901550293,42751400,0.0,0.0,0.0
2021-11-16,24.553786471332565,24.718321894216537,24.401907124249284,24.520034790039062,40958800,0.0,0.0,0.0
2021-11-17,24.27955955117676,24.62972600038325,24.060178452162216,24.144556045532227,47339000,0.0,0.0,0.0
2021-11-18,24.08971538090461,24.27956460314784,23.710018545787225,24.00111961364746,57911000,0.0,0.0,0.0
2021-11-19,23.48219961769425,23.5454832286052,23.01390540318663,23.064531326293945,91379600,0.0,0.0,0.0
2021-11-22,23.03077830581849,23.828143332736555,23.02656015000208,23.47375869750977,67785800,0.0,0.0,0.0
2021-11-23,23.78173809820061,24.27534606833708,23.76064409814003,24.195186614990234,67724600,0.0,0.0,0.0
2021-11-24,24.06862156488428,24.570667468592013,24.03487148587644,24.43144416809082,42868600,0.0,0.0,0.0
2021-11-26,23.22063290394049,23.5243900837834,22.840934417425306,23.44845199584961,89454400,0.0,0.0,0.0
2021-11-29,23.95893089222481,24.19940603004346,23.50751253811829,23.583452224731445,70882400,0.0,0.0,0.0
2021-11-30,23.14046864192993,23.490635130144646,22.91686936255408,23.03077888488769,92524000,0.0,0.0,0.0
2021-12-01,23.570796110597524,23.785959106818687,22.773430957308907,22.78608703613281,89549600,0.0,0.0,0.0
2021-12-02,22.798746411976616,23.532828006746985,22.52873931461881,23.44845199584961,100743800,0.0,0.0,0.0
2021-12-03,23.764867159161167,23.87033878345845,23.039221868997693,23.26282119750977,75880200,0.0,0.0,0.0
2021-12-06,23.621418519186765,23.887205773032257,23.33031589444821,23.608760833740234,63939000,0.0,0.0,0.0
2021-12-07,23.937838677342004,24.38925706510754,23.9083051442401,24.16143798828125,73686600,0.0,0.0,0.0
2021-12-08,24.296434569465063,24.41456223056407,24.106585393149743,24.157211303710938,47030000,0.0,0.0,0.0
2021-12-09,24.005337913474342,24.06861991077843,23.82392662433849,23.971586227416992,46798800,0.0,0.0,0.0
2021-12-10,24.2289405816202,24.245816427003664,23.71845832903939,24.14878273010254,39051200,0.0,0.0,0.0
2021-12-13,23.93361615178028,24.005337679267928,23.36407013475541,23.47797966003418,57208000,0.0,0.0,0.0
2021-12-14,23.33453714664073,23.73954770063045,23.30078546245716,23.380943298339844,57597600,0.0,0.0,0.0
2021-12-15,23.347194277489542,23.40625811810825,22.74811473113769,23.26703643798828,67716200,0.0,0.0,0.0
2021-12-16,23.46953951181733,23.89564404280716,23.376723994240443,23.41469383239746,53731800,0.0,0.0,0.0
2021-12-17,23.245938436581365,23.35141002950482,22.73123815748569,22.93796157836914,69270200,0.0,0.0,0.0
2021-12-20,22.320450014226584,22.670876251263103,22.07686108434041,22.65378189086914,72661600,0.0,0.0,0.0
2021-12-21,22.88454875253624,23.384548151540944,22.87600157312845,23.2990779876709,50319400,0.0,0.0,0.0
2021-12-22,23.32471653540597,23.60676689886968,23.04266454173469,23.44864654541016,42206200,0.0,0.0,0.0
2021-12-23,23.551212583055484,23.786254296157885,23.45292247140204,23.461469650268555,33370600,0.0,0.0,0.0
2021-12-27,23.384546370724927,23.99565579507709,23.18796451973189,23.97428703308105,43484400,0.0,0.0,0.0
2021-12-28,24.034114436775493,24.192233149524537,23.82471265756125,23.95719146728516,35877000,0.0,0.0,0.0
2021-12-29,23.91872917691164,24.034113627260776,23.687960276213364,23.8033447265625,30218200,0.0,0.0,0.0
2021-12-30,23.81189458085432,23.999927615408925,23.63668149882165,23.658048629760746,27180000,0.0,0.0,0.0
2021-12-31,23.59821730328258,23.841806154494407,23.55975581992243,23.71787452697754,26482400,0.0,0.0,0.0
2022-01-03,23.752066657693337,24.491380495247352,23.739245074588343,24.452919006347656,65054200,0.0,0.0,0.0
2022-01-04,24.78625104509494,25.397360468519928,24.70505529233921,25.299070358276367,79957600,0.0,0.0,0.0
2022-01-05,25.546932057569723,25.82898243569189,25.25633450069141,25.294795989990234,90804000,0.0,0.0,0.0
2022-01-06,25.888810286120545,26.00419311310904,25.49564825083701,25.85889434814453,74681400,0.0,0.0,0.0
2022-01-07,25.957187511772133,26.28197214126718,25.77770002505065,26.21359634399414,71169200,0.0,0.0,0.0
2022-01-10,26.27342296327374,26.32470439977381,25.79051801479295,26.13239860534668,66473000,0.0,0.0,0.0
2022-01-11,26.358897028312985,27.06829658778865,26.136675263509943,27.02128791809082,76887800,0.0,0.0,0.0
2022-01-12,27.166590059145225,27.23924027498651,26.87599245619592,27.072572708129883,60496800,0.0,0.0,0.0
2022-01-13,27.07256740573671,27.29051638036548,26.824705751889244,26.935815811157227,59554000,0.0,0.0,0.0
2022-01-14,26.961457885633106,27.611028787979304,26.944363528416925,27.568294525146484,64801000,0.0,0.0,0.0
2022-01-18,27.86316549193436,28.00419150515054,27.25633043316932,27.679405212402344,82133400,0.0,0.0,0.0
2022-01-19,27.893081676869112,27.922995991339896,27.26060666793942,27.47855567932129,65978000,0.0,0.0,0.0
2022-01-20,27.29906392940504,27.957180375925304,27.170859511522263,27.22641372680664,83980800,0.0,0.0,0.0
2022-01-21,26.91872672203657,27.08966542325619,26.40590735796208,26.687957763671875,114539600,0.0,0.0,0.0
2022-01-24,26.055478753166216,26.96145851404085,25.57257374690333,26.867441177368164,124505600,0.0,0.0,0.0
2022-01-25,26.76487730440479,28.01273765069177,26.26915236332828,27.910171508789062,118434400,0.0,0.0,0.0
2022-01-26,28.20504361509749,28.431538140643205,27.55974549219945,27.86316299438477,130725400,0.0,0.0,0.0
2022-01-27,28.354615423632577,28.65803292859613,27.700771746416656,28.16658401489257,108901400,0.0,0.0,0.0
2022-01-28,27.978550419919884,28.320427796473503,27.46145832030541,28.046924591064453,105302400,0.0,0.0,0.0
2022-01-31,27.982819374446844,28.35033658604858,27.538375937114925,28.17085075378418,63298400,0.0,0.0,0.0
2022-02-01,28.004187529731148,29.24350063945269,27.94008450914959,29.17512321472168,90444600,0.0,0.0,0.0
2022-02-02,29.02555705057389,29.32470344856581,28.6665852854824,29.26914596557617,65197000,0.0,0.0,0.0
2022-02-03,29.149485795597908,29.209314417130297,28.67512796743729,28.99136543273925,61962600,0.0,0.0,0.0
2022-02-04,29.35887942713984,29.914434515158632,29.29050527223508,29.444351196289062,81733400,0.0,0.0,0.0
2022-02-07,29.303332920923587,30.098202650555027,29.08111278358432,29.820425033569336,65165000,0.0,0.0,0.0
2022-02-08,29.73068417281896,29.79051280090985,28.974277511718,29.17940330505371,75764200,0.0,0.0,0.0
2022-02-09,29.24777932813645,29.649485345824704,29.175127488613143,29.422990798950195,70791400,0.0,0.0,0.0
2022-02-10,29.27769423254608,29.80333191602796,29.046925276231253,29.23923110961914,75643200,0.0,0.0,0.0
2022-02-11,29.435809856527463,30.12811669039678,29.252049581758072,30.089656829833984,93034000,0.0,0.0,0.0
2022-02-14,29.90589370531241,29.9400791579722,29.02982668015471,29.38025283813477,99633000,0.0,0.0,0.0
2022-02-15,28.658033959697303,29.14094060278164,28.49564245075744,29.07256317138672,86092200,0.0,0.0,0.0
2022-02-16,29.30333324602535,29.816150959676417,29.12812177702052,29.30760765075684,73444200,0.0,0.0,0.0
2022-02-17,29.28196273055181,29.56828914294848,29.034102698021183,29.260597229003903,67622800,0.0,0.0,0.0
2022-02-18,28.84606667171182,29.311875664818707,28.79905800593212,29.08111000061035,63291600,0.0,0.0,0.0
2022-02-22,29.961449762387023,29.961449762387023,28.17940455399412,28.611024856567383,93002800,0.0,0.0,0.0
2022-02-23,28.77769298625473,29.128122453230656,28.611027062428207,28.90589904785156,67958000,0.0,0.0,0.0
2022-02-24,29.521283662165875,29.55547238083201,27.93154410876286,28.679405212402344,123485800,0.0,0.0,0.0
2022-02-25,28.743502785208253,29.46572058246104,28.743502785208253,29.435806274414062,78423000,0.0,0.0,0.0
2022-02-28,29.22640639037073,30.196490729702703,29.064014896662087,30.16230201721192,96394200,0.0,0.0,0.0
2022-03-01,30.43152670043129,30.978532985075187,30.03836634089533,30.465715408325195,124231000,0.0,0.0,0.0
2022-03-02,30.9315273846905,31.410159561278416,30.781955848386456,31.162296295166016,90908200,0.0,0.0,0.0
2022-03-03,30.858879143202728,31.46144295918625,30.79477612399374,31.24776840209961,89119800,0.0,0.0,0.0
2022-03-04,31.243486392991933,32.16655855950327,31.16228903773065,32.14946746826172,105216800,0.0,0.0,0.0
2022-03-07,32.48281375858274,33.14520306546692,31.897344178063427,32.623836517333984,131214800,0.0,0.0,0.0
2022-03-08,33.36742667657004,34.2819537135507,32.19221636395871,33.13665771484375,196054400,0.0,0.0,0.0
2022-03-09,31.9229818845737,32.880246378562475,31.410164181691847,32.123836517333984,174036400,0.0,0.0,0.0
2022-03-10,32.50417518001939,33.19220756969296,32.273406248661615,33.10673904418945,137802600,0.0,0.0,0.0
2022-03-11,32.57682344522241,33.25203254774538,32.52554037928786,32.84177780151367,91837800,0.0,0.0,0.0
2022-03-14,32.1409278210117,32.36742233926681,31.431529957428044,31.85887908935547,101490000,0.0,0.0,0.0
2022-03-15,30.623842702244456,31.046917462309903,30.10247619973179,30.692216873168945,124724400,0.0,0.0,0.0
2022-03-16,30.807600180540803,31.076832245007903,30.230679451621263,30.55119132995605,107536200,0.0,0.0,0.0
2022-03-17,31.09392334007692,31.68366396057544,30.90161427700788,31.60246658325196,76956400,0.0,0.0,0.0
2022-03-18,31.546921352494827,31.786235888007955,31.33324672852496,31.57256126403809,58550800,0.0,0.0,0.0
2022-03-21,32.21108163790567,32.94883836719775,32.19382376632193,32.84529113769531,68714800,0.0,0.0,0.0
2022-03-22,32.707235050351166,32.888441076089315,32.23265505026214,32.60369110107422,66462200,0.0,0.0,0.0
2022-03-23,33.21632873626916,33.470878239799795,33.05669917678975,33.16455841064453,58663000,0.0,0.0,0.0
2022-03-24,33.289678771227415,33.57442546480684,33.02650195156601,33.24653244018555,52700600,0.0,0.0,0.0
2022-03-25,33.04807577513358,34.018809090737655,33.0221906066972,33.97566604614258,56083600,0.0,0.0,0.0
2022-03-28,33.276732968383705,33.28967884268581,32.92295477766022,33.134361267089844,69760400,0.0,0.0,0.0
2022-03-29,32.39229377666873,33.06533450624359,32.00831507411862,33.04807662963867,73274000,0.0,0.0,0.0
2022-03-30,33.36733259588916,33.66934044004012,33.16024470031404,33.43204879760742,49736400,0.0,0.0,0.0
2022-03-31,33.117101747827135,33.74268401896559,32.97472676200299,32.979042053222656,65606600,0.0,0.0,0.0
2022-04-01,32.93589728966042,33.55716759071067,32.9143274157424,33.24653244018555,49612600,0.0,0.0,0.0
2022-04-04,33.462252647576,33.5701118975144,32.93589898122012,33.28968048095703,46007400,0.0,0.0,0.0
2022-04-05,33.350073984241014,33.86348166153284,32.72880378938435,32.76763153076172,54577200,0.0,0.0,0.0
2022-04-06,33.125729222419366,33.42342177777527,32.77626633855133,32.96178436279297,64328400,0.0,0.0,0.0
2022-04-07,33.11709962265068,33.505393517434214,32.50445668127997,33.393218994140625,54097400,0.0,0.0,0.0
2022-04-08,33.48382142448505,34.407096219588425,33.48382142448505,34.31217956542969,53426200,0.0,0.0,0.0
2022-04-11,33.945457263348004,33.95408455351054,33.20770051935734,33.281044006347656,52461000,0.0,0.0,0.0
2022-04-12,33.954084281626336,34.45023739786306,33.76856627439356,33.833282470703125,63929400,0.0,0.0,0.0
2022-04-13,34.24747234363944,34.43299040950999,33.682290853207434,34.33807373046875,49295800,0.0,0.0,0.0
2022-04-14,34.174114125613755,34.72204079457902,34.12234051616442,34.450233459472656,51869400,0.0,0.0,0.0
2022-04-18,34.734990425816264,35.16211209277917,34.51927194671946,34.955020904541016,60913200,0.0,0.0,0.0
2022-04-19,34.77381677129508,35.11465234953053,34.467496938309395,34.67027282714844,45727800,0.0,0.0,0.0
2022-04-20,34.76087307889906,34.98953412356695,34.424352802474424,34.80401611328125,52079400,0.0,0.0,0.0
2022-04-21,35.011111822339,35.1664293995187,33.57011058775017,33.69954299926758,65157800,0.0,0.0,0.0
2022-04-22,33.56579380350933,34.04900104887978,32.86254951496091,32.875492095947266,71499200,0.0,0.0,0.0
2022-04-25,31.84005029470304,31.96085212189288,30.632025439598813,31.78827667236328,110724400,0.0,0.0,0.0
2022-04-26,32.02555992583635,32.702915671980755,31.749437304060905,31.831411361694336,89168600,0.0,0.0,0.0
2022-04-27,32.034194103169064,32.61231804640844,31.46038215955188,32.29737091064453,89132600,0.0,0.0,0.0
2022-04-28,32.51309138489082,33.54854080504462,31.874563200121703,33.2767333984375,87469600,0.0,0.0,0.0
2022-04-29,33.350075392324385,33.539905399743624,32.30599553930735,32.4224853515625,79416200,0.0,0.0,0.0
2022-05-02,32.224017390509616,32.95314338370876,32.1247854728307,32.94020080566406,104141200,0.0,0.0,0.0
2022-05-03,33.00060585872446,34.018797153581986,32.97903598979742,33.86347961425781,83298800,0.0,0.0,0.0
2022-05-04,34.514962759222094,35.343321075458626,34.07489843234749,35.26997756958008,90767400,0.0,0.0,0.0
2022-05-05,35.52020284719237,35.55471859119831,34.031743480060726,34.73929977416992,93194000,0.0,0.0,0.0
2022-05-06,35.18799526264275,35.77906504684552,34.484754245621055,35.774749755859375,94245600,0.0,0.0,0.0
2022-05-09,35.00679860171151,35.03699906063837,32.68135338953367,32.81509780883789,106044000,0.0,0.0,0.0
2022-05-10,33.31988035863097,33.949777972302016,32.413860041654594,33.112789154052734,113727800,0.0,0.0,0.0
2022-05-11,33.66502246893546,34.65732870534912,33.50107762368905,33.55716323852539,99705000,0.0,0.0,0.0
2022-05-12,33.54422542208787,33.71680087357676,32.65115099910605,33.69954299926758,90043600,0.0,0.0,0.0
2022-05-13,34.20000781784857,34.98953827803716,34.13960690422132,34.85147857666016,59437400,0.0,0.0,0.0
2022-05-16,34.97659344735087,36.13715989757444,34.955020283183565,35.77043914794922,56518800,0.0,0.0,0.0
2022-05-17,36.25364046326734,36.404642712794974,35.86103461449549,36.18461227416992,56329400,0.0,0.0,0.0
2022-05-18,36.44348218053963,36.48662522016375,34.83422079889725,35.25703048706055,66461400,0.0,0.0,0.0
2022-05-19,34.45455343773549,35.718663772267284,34.45455343773549,35.127593994140625,71441000,0.0,0.0,0.0
2022-05-20,35.5590373128571,35.977531736137685,34.57104617222644,35.278602600097656,63840000,0.0,0.0,0.0
2022-05-23,35.6970878503061,36.33561590463592,35.47705740331876,36.21049880981445,53289400,0.0,0.0,0.0
2022-05-24,35.809264185874326,36.4995625961972,35.53314482174518,36.34856033325195,53127600,0.0,0.0,0.0
2022-05-25,36.47367997957848,37.15103585628675,36.421906360840566,37.09926223754883,52648000,0.0,0.0,0.0
2022-05-26,37.32361055492181,37.78955994792796,37.29772210026402,37.50912857055664,42678200,0.0,0.0,0.0
2022-05-27,37.34087078496376,38.298658086102606,37.250266125345206,38.19511413574219,37334400,0.0,0.0,0.0
2022-05-31,38.825009197798536,39.02778508567443,37.41852714737907,37.62129974365234,78681200,0.0,0.0,0.0
2022-06-01,38.09588424598758,38.5143753252255,37.67738987514693,38.23394393920898,59297200,0.0,0.0,0.0
2022-06-02,37.966453117308205,38.38063221086832,37.73347676000511,38.11314010620117,52605400,0.0,0.0,0.0
2022-06-03,38.16059454493889,38.73872173372897,38.11745151093426,38.617919921875,41050600,0.0,0.0,0.0
2022-06-06,38.80343673140131,38.82932189268367,38.36768453073475,38.57477569580078,33384600,0.0,0.0,0.0
2022-06-07,38.54889076780781,39.77848541518919,38.51869031301609,39.72671508789063,51378800,0.0,0.0,0.0
2022-06-08,39.920866608858006,40.25738695506112,39.56708838700304,39.81300735473633,56985400,0.0,0.0,0.0
2022-06-09,39.47216127071,39.72239546403446,38.88972211091172,38.932865142822266,49176200,0.0,0.0,0.0
2022-06-10,38.48417693924878,39.06230419867257,37.82839418409046,38.27277374267578,62543600,0.0,0.0,0.0
2022-06-13,37.112200492181714,37.15103152460826,35.55471631974488,36.27521514892578,89462600,0.0,0.0,0.0
2022-06-14,37.00434776812854,37.47893107225237,35.86966971282086,36.3442497253418,69512800,0.0,0.0,0.0
2022-06-15,36.26227695774687,36.44347968673026,34.94207765268982,35.54177474975586,86446400,0.0,0.0,0.0
2022-06-16,34.59692798679369,34.786757995052575,33.25084359901768,33.5399055480957,115958200,0.0,0.0,0.0
2022-06-17,33.30693143515982,33.552850366559525,31.322322110860103,31.70630073547364,128468400,0.0,0.0,0.0
2022-06-21,32.55048882448539,33.57573474920964,32.49377425391872,33.348873138427734,70013400,0.0,0.0,0.0
2022-06-22,31.74338176864548,32.57666559853799,31.568871037870057,32.01387023925781,82425200,0.0,0.0,0.0
2022-06-23,32.166568330312565,32.397793627654586,30.308035256077343,30.82720375061035,113842200,0.0,0.0,0.0
2022-06-24,31.35509669891537,31.89607696104277,30.901370136690204,31.23293685913086,94797000,0.0,0.0,0.0
2022-06-27,31.59504521772008,32.367254088721424,31.55578205233791,32.14911651611328,67958800,0.0,0.0,0.0
2022-06-28,32.91259836283932,33.5495596820636,32.51995006235441,33.017303466796875,79568000,0.0,0.0,0.0
2022-06-29,33.47539637682184,33.58882552827962,31.77828284659918,31.869903564453125,71184000,0.0,0.0,0.0
2022-06-30,31.18495037875838,32.00514649384928,30.918822260802987,31.19803810119629,75533400,0.0,0.0,0.0
2022-07-01,31.57759701468176,31.80009829328953,30.59597783840196,31.664854049682617,69204000,0.0,0.0,0.0
2022-07-05,31.01044047747652,31.158772440435342,29.74960547826467,30.40837860107422,89865800,0.0,0.0,0.0
2022-07-06,30.081170458532647,30.622154044614387,28.99048257637388,29.88921165466309,96419000,0.0,0.0,0.0
2022-07-07,30.700689694390466,31.21113092397447,30.626520374263045,30.96681785583496,67587200,0.0,0.0,0.0
2022-07-08,31.34200663539207,31.47289051788292,30.52181051352692,30.95372200012207,43940600,0.0,0.0,0.0
2022-07-11,30.56543941598614,30.914460907039675,30.24696038427674,30.65705680847168,45508200,0.0,0.0,0.0
2022-07-12,29.85432010910973,30.238241190236632,29.518389579188256,30.059370040893555,64690200,0.0,0.0,0.0
2022-07-13,29.623088830847674,30.63961091724357,29.623088830847674,30.01137351989746,58978000,0.0,0.0,0.0
2022-07-14,28.959948103394296,29.47911668386999,28.56730306552158,29.4442138671875,73273600,0.0,0.0,0.0
2022-07-15,30.08553533115139,30.11607445991826,29.479113110984,29.92411231994629,59920600,0.0,0.0,0.0
2022-07-18,30.72249706599161,31.11514538972299,30.465096310082707,30.60906791687012,51453600,0.0,0.0,0.0
2022-07-19,30.5654410895164,31.62995369985021,30.55671704959443,31.55142402648925,48776400,0.0,0.0,0.0
2022-07-20,31.202400635072635,32.00078504468684,31.0715200730393,31.856813430786133,41849400,0.0,0.0,0.0
2022-07-21,30.984257465349422,31.32891520854225,30.39092636615464,31.298376083374023,43159200,0.0,0.0,0.0
2022-07-22,31.420536657601367,31.73029496112879,30.862104965832405,31.040979385375977,40836400,0.0,0.0,0.0
2022-07-25,31.46853006627024,32.2101999290349,31.09333311501045,32.17966079711914,39112000,0.0,0.0,0.0
2022-07-26,32.56358181239639,32.70755343232757,31.673579973525115,31.887353897094727,37228800,0.0,0.0,0.0
2022-07-27,32.09240337119346,32.76863127786203,31.76519696380849,32.607208251953125,44810800,0.0,0.0,0.0
2022-07-28,32.89950838567572,33.1263699834518,32.184014126885735,32.79043960571289,46665400,0.0,0.0,0.0
2022-07-29,33.38814004034843,34.317408333152954,33.32269809559217,34.21269989013672,51667600,0.0,0.0,0.0
2022-08-01,33.6280845314452,33.71533821750842,33.05656190363237,33.50592803955078,51331000,0.0,0.0,0.0
2022-08-02,33.510300158037474,33.76334059637399,33.13074282904862,33.42741012573242,39864400,0.0,0.0,0.0
2022-08-03,33.567017218282146,33.667358657084606,32.26691557000229,32.46760177612305,57013200,0.0,0.0,0.0
2022-08-04,32.245100299647056,32.336717688446164,31.145684977026804,31.26348114013672,55991000,0.0,0.0,0.0
2022-08-05,30.8402980394042,32.15784781070839,30.8402980394042,31.88299560546875,45179600,0.0,0.0,0.0
2022-08-08,31.8480885333813,32.33671793928232,31.800097996707294,32.04877471923828,37756600,0.0,0.0,0.0
2022-08-09,32.5025110659392,33.0260401141182,32.44579647308337,32.61157989501953,34683000,0.0,0.0,0.0
2022-08-10,32.68574111239192,33.03476264573357,32.04005560278068,32.847164154052734,34788400,0.0,0.0,0.0
2022-08-11,33.46230318372027,34.26505120278594,33.361961761659124,33.977108001708984,60531600,0.0,0.0,0.0
2022-08-12,33.754610318926034,34.25196373491898,33.61063871731878,34.23451232910156,38381000,0.0,0.0,0.0
2022-08-15,32.99549379810505,33.7502513957172,32.69446615871255,33.5670166015625,42024400,0.0,0.0,0.0
2022-08-16,33.61500745847788,33.96838932603197,33.27907367085108,33.488487243652344,39357600,0.0,0.0,0.0
2022-08-17,33.33578869145301,34.116718348380026,33.24853165679948,33.7677001953125,45472400,0.0,0.0,0.0
2022-08-18,34.142895587309525,34.710051308727294,34.08181733005708,34.67515182495117,46866000,0.0,0.0,0.0
2022-08-19,34.587901747816055,34.90638414910222,34.38721552956676,34.66643142700195,39488400,0.0,0.0,0.0
2022-08-22,34.36975735848851,34.81475989583708,33.80260163462331,34.600982666015625,45696200,0.0,0.0,0.0
2022-08-23,35.16815123971853,36.11923150090897,35.14197578755797,35.84873962402344,54367000,0.0,0.0,0.0
2022-08-24,35.85310005665408,36.34172953326414,35.69167701643529,36.28937530517578,49093200,0.0,0.0,0.0
2022-08-25,36.4987859535148,36.75182304763414,36.21520639908002,36.56858825683594,39798600,0.0,0.0,0.0
2022-08-26,36.49442602463659,36.891434778884495,35.979621086671784,36.14104080200195,38635200,0.0,0.0,0.0
2022-08-29,36.12358642297527,37.16192015850117,36.03196570560591,36.68637847900391,52125000,0.0,0.0,0.0
2022-08-30,36.058146619949866,36.06687065956613,35.15069338813777,35.442996978759766,57641800,0.0,0.0,0.0
2022-08-31,34.566087267655874,35.70476253365704,34.43956705398556,35.120155334472656,58304600,0.0,0.0,0.0
2022-09-01,34.60099025677827,34.731874167891824,33.776430270904754,34.25633239746094,56604200,0.0,0.0,0.0
2022-09-02,35.098348869256164,35.34702567352231,34.69697636561899,34.88457489013672,57188200,0.0,0.0,0.0
2022-09-06,35.21177480281193,35.3295709835273,34.417753986032295,34.56172561645508,45568200,0.0,0.0,0.0
2022-09-07,33.806961835402575,34.308678944291806,33.497206865552975,34.16034698486328,60541400,0.0,0.0,0.0
2022-09-08,34.31304898720729,34.478832383501874,33.894225147739895,34.308685302734375,53681600,0.0,0.0,0.0
2022-09-09,34.92383085116235,35.33392727295064,34.66642675410493,35.163780212402344,38678800,0.0,0.0,0.0
2022-09-12,35.67858343120906,36.19775195679974,35.373192138811866,35.80946731567383,41731800,0.0,0.0,0.0
2022-09-13,35.251037507284146,35.85309608528971,34.74932036135504,34.90637969970703,61146000,0.0,0.0,0.0
2022-09-14,35.233591249895746,36.14540495389739,35.233591249895746,35.892364501953125,54384200,0.0,0.0,0.0
2022-09-15,35.255392863400246,35.40372814126065,34.79730596526183,34.96745300292969,55886400,0.0,0.0,0.0
2022-09-16,34.85838931311773,34.884564760118444,33.72407445337308,34.22142791748047,70403600,0.0,0.0,0.0
2022-09-19,33.28026856382777,34.263771234347395,33.20088268295709,34.24171829223633,37625800,0.0,0.0,0.0
2022-09-20,34.00355911254883,34.20202548815743,33.60222182976029,34.00355911254883,42299600,0.0,0.0,0.0
2022-09-21,34.643062727047024,34.6915765131243,33.4919690115896,33.50519943237305,68705800,0.0,0.0,0.0
2022-09-22,34.11381159554918,34.22406955375381,33.35964756520627,33.3861083984375,57748000,0.0,0.0,0.0
2022-09-23,32.089479262834644,32.15122345441014,30.845769544975774,31.083927154541016,105475600,0.0,0.0,0.0
2022-09-26,30.889875400447583,31.27798227017195,30.281252575578502,30.32094383239746,72159600,0.0,0.0,0.0
2022-09-27,30.845769846371823,31.229465417082093,30.488531746130327,30.660533905029297,67671200,0.0,0.0,0.0
2022-09-28,30.96925862387222,32.195326690995955,30.78402604498435,32.01891326904297,63147600,0.0,0.0,0.0
2022-09-29,31.78516691499788,32.08506872287611,31.225057917463747,32.01891326904297,48563000,0.0,0.0,0.0
2022-09-30,31.76311683654785,32.20414874875367,31.454395843926363,31.76311683654785,43369400,0.0,0.0,0.0
2022-10-03,32.90538407968669,33.73452268290889,32.85245905040649,33.558109283447266,69550600,0.0,0.0,0.0
2022-10-04,34.2373070232243,35.03116583175414,33.96827728060066,35.00029373168945,66330800,0.0,0.0,0.0
2022-10-05,34.98706450602787,36.001435946194555,34.68716265310758,35.72358703613281,61273600,0.0,0.0,0.0
2022-10-06,35.43251079330091,36.46893872985372,35.40604994889778,36.358680725097656,52670200,0.0,0.0,0.0
2022-10-07,36.43364312492832,36.84380289946538,35.81619783269531,36.07640838623047,56915400,0.0,0.0,0.0
2022-10-10,36.21753969373023,36.5262606680425,35.220806689112194,35.33547592163086,46331600,0.0,0.0,0.0
2022-10-11,34.673927343858026,35.65742654422106,34.528386017050735,35.05321502685547,53842200,0.0,0.0,0.0
2022-10-12,34.823877318706224,35.58245270108068,34.59454221847514,35.33547592163086,41102400,0.0,0.0,0.0
2022-10-13,34.872394918460344,36.91878282489443,34.86357576028725,36.77765274047852,70134800,0.0,0.0,0.0
2022-10-14,36.37631630423488,36.90114203071805,35.33548064484691,35.406044006347656,53494600,0.0,0.0,0.0
2022-10-17,35.961734184648606,36.4380493469155,35.745629539933425,35.84706497192383,37988400,0.0,0.0,0.0
2022-10-18,36.14256034781621,36.4953871892236,35.46337423003709,36.16020202636719,50375800,0.0,0.0,0.0
2022-10-19,36.26605504236904,37.36422354408822,36.252821258776656,37.22750473022461,62527600,0.0,0.0,0.0
2022-10-20,37.50975935441647,37.85376365139879,37.03785542000119,37.26277923583984,50523600,0.0,0.0,0.0
2022-10-21,37.47007190476846,38.41387995409014,37.37304434300158,38.338905334472656,50548400,0.0,0.0,0.0
2022-10-24,38.3168553172617,38.7887593779456,38.10957312334447,38.51972961425781,44992000,0.0,0.0,0.0
2022-10-25,38.36977388003535,38.73583115104205,38.16248835633742,38.559417724609375,37683600,0.0,0.0,0.0
2022-10-26,38.70495989175156,39.392968568447735,38.67849569008964,39.08424758911133,45413000,0.0,0.0,0.0
2022-10-27,39.6223059790139,39.88692782220008,39.10629944145257,39.225379943847656,50021200,0.0,0.0,0.0
2022-10-28,39.648770113598886,39.97072152954824,38.6564482977876,39.362098693847656,49328000,0.0,0.0,0.0
2022-10-31,38.97399405199136,40.21329273628362,38.92988816580328,39.69287490844727,59520800,0.0,0.0,0.0
2022-11-01,40.35882489918261,40.37646657668111,39.8339959292213,40.07656478881836,43510800,0.0,0.0,0.0
2022-11-02,39.94866755451748,40.15595307159118,39.01809004050969,39.1107063293457,56499200,0.0,0.0,0.0
2022-11-03,38.87254626931985,40.05892300056848,38.76228830886346,39.8339958190918,53634400,0.0,0.0,0.0
2022-11-04,40.72047438541246,41.02478409527256,39.754613489162814,40.31913375854492,60590600,0.0,0.0,0.0
2022-11-07,40.40292440187307,41.139446717358574,40.33235769713388,41.01154708862305,38775400,0.0,0.0,0.0
2022-11-08,40.93216995931699,41.22766389243621,40.5484743560711,41.05125045776367,43718600,0.0,0.0,0.0
2022-11-09,40.49555505317201,40.6234547273088,38.956354431330816,39.044559478759766,63028000,0.0,0.0,0.0
2022-11-10,39.85163548363705,39.957482178183206,39.03131603009135,39.91337966918945,58488200,0.0,0.0,0.0
2022-11-11,40.67637339200464,41.28499619930014,40.579345836173545,41.07329940795898,51082600,0.0,0.0,0.0
2022-11-14,40.95422332187167,41.77013168022065,40.94981206063771,41.0600700378418,46245200,0.0,0.0,0.0
2022-11-15,41.21442682172376,41.5981257591733,40.94539711238662,41.492279052734375,51542200,0.0,0.0,0.0
2022-11-16,41.12181592159696,41.37320398533517,40.43380719237797,40.645503997802734,47277200,0.0,0.0,0.0
2022-11-17,40.02363453994405,40.76897933428517,39.816349062360025,40.73369598388672,42859800,0.0,0.0,0.0
2022-11-18,39.97954142636045,40.52200876574991,39.47676534188941,40.41175079345703,47366200,0.0,0.0,0.0
2022-11-21,39.53409428061372,39.97071486462045,38.49767011876873,39.8648681640625,85153600,0.0,0.0,0.0
2022-11-22,40.36323888256643,41.205611444936245,40.17800628810408,41.11299514770508,53755000,0.0,0.0,0.0
2022-11-23,40.36765110774255,40.92776353055231,40.21770187001806,40.66755294799805,41197400,0.0,0.0,0.0
2022-11-25,40.69401107763269,40.9806824795719,40.44703429555892,40.5176010131836,15182600,0.0,0.0,0.0
2022-11-28,39.52528090869567,40.02364575469656,39.27389285507661,39.40620040893555,58262400,0.0,0.0,0.0
2022-11-29,39.84281518100157,40.23533661787316,39.69727722970067,40.0015869140625,38048400,0.0,0.0,0.0
2022-11-30,40.44703860649279,40.52642448987852,39.56938599253314,40.2000617980957,43830200,0.0,0.0,0.0
2022-12-01,40.482316248370886,40.6851905072863,39.93102640409871,40.06774520874024,38902000,0.0,0.0,0.0
2022-12-02,39.789902398721495,40.3014977024249,39.59584726724432,39.82959365844727,36770000,0.0,0.0,0.0
2022-12-05,40.22210477971627,40.38087652044933,38.31684725572563,38.64762115478516,51753800,0.0,0.0,0.0
2022-12-06,38.40505069594261,38.86813207603497,37.36862661881516,37.62883377075195,64930200,0.0,0.0,0.0
2022-12-07,37.620012381296064,38.11396582406463,37.20985268910832,37.540626525878906,48894200,0.0,0.0,0.0
2022-12-08,38.3830065366026,38.46680367612642,37.1657575245163,37.373043060302734,51280800,0.0,0.0,0.0
2022-12-09,37.25396314879935,37.664122928563856,36.451285268108265,36.46451568603516,48097800,0.0,0.0,0.0
2022-12-12,36.67180918747373,37.50977060821111,36.53067909086163,37.42156219482422,42184800,0.0,0.0,0.0
2022-12-13,38.14925636345426,38.44915816656846,37.8317128819444,38.131614685058594,54557400,0.0,0.0,0.0
2022-12-14,38.3918337497094,38.52855258158894,37.55828360828904,37.89787673950195,52675600,0.0,0.0,0.0
2022-12-15,37.56709071098175,37.75673452892509,37.02903135008177,37.66852951049805,40406600,0.0,0.0,0.0
2022-12-16,36.95847517400652,37.38186540119586,36.69826459902592,37.20545196533203,59101000,0.0,0.0,0.0
2022-12-19,37.5975572437755,37.717864205381886,36.92919581095525,37.20099639892578,36836600,0.0,0.0,0.0
2022-12-20,37.316842599604335,38.00302733713246,37.17425897878431,37.76241683959961,28593000,0.0,0.0,0.0
2022-12-21,38.53326368384457,38.65356723885358,37.96738246725436,38.479793548583984,34058200,0.0,0.0,0.0
2022-12-22,38.519889468981766,38.54216953948282,36.84007617672342,37.59309768676758,37359400,0.0,0.0,0.0
2022-12-23,38.09214692301449,38.800611845735816,37.89609653766739,38.79169845581055,29630000,0.0,0.0,0.0
2022-12-27,38.96101756702566,39.370945103863605,38.818433928148885,39.20608139038086,32749200,0.0,0.0,0.0
2022-12-28,39.15261566539402,39.15261566539402,38.20799690868487,38.32830047607422,31838000,0.0,0.0,0.0
2022-12-29,38.16789930955153,38.90309424546124,38.15007592814987,38.72932052612305,26915800,0.0,0.0,0.0
2022-12-30,38.52434954533052,39.0501273003797,38.51989285094672,38.97438049316406,22661800,0.0,0.0,0.0
2023-01-03,38.72930598223612,38.92535970456859,37.13860633370879,37.60646057128906,53082800,0.0,0.0,0.0
2023-01-04,37.049505246138,37.82034691308982,36.90692160026203,37.60201644897461,45705200,0.0,0.0,0.0
2023-01-05,37.53963540585973,38.497620846851255,37.43269852391203,38.28820037841797,38723800,0.0,0.0,0.0
2023-01-06,38.782779682470206,39.4912410452888,38.68475281226504,39.01447677612305,44422400,0.0,0.0,0.0
2023-01-09,39.60263515216763,39.6650152705419,38.75159016608349,38.87635040283203,46003200,0.0,0.0,0.0
2023-01-10,39.130326893879335,39.23281045770052,38.537712380107074,39.15260696411133,31599000,0.0,0.0,0.0
2023-01-11,39.4957020158054,39.59372889662484,38.84962070053084,39.27291488647461,32903000,0.0,0.0,0.0
2023-01-12,39.50906570706452,40.279910611925125,39.433318904700265,40.02147674560547,36716000,0.0,0.0,0.0
2023-01-13,39.990281819835005,40.17742215565603,39.56698771745965,40.07939529418945,31808400,0.0,0.0,0.0
2023-01-17,40.17298351975895,40.5829110905004,39.99920640227656,40.16407012939453,33933200,0.0,0.0,0.0
2023-01-18,40.35120206573588,40.80123299975277,39.388763475552935,39.42886352539063,38075200,0.0,0.0,0.0
2023-01-19,39.2016160056643,40.07939424337123,39.11695582762443,39.91898727416992,34293800,0.0,0.0,0.0
2023-01-20,40.00365537445296,40.45368631602768,39.598184577172894,40.31555938720703,28560000,0.0,0.0,0.0
2023-01-23,40.60963284847477,40.81013988131907,40.23980544175525,40.369022369384766,29305000,0.0,0.0,0.0
2023-01-24,40.23535761827218,40.30664773318056,39.415499200323694,40.213077545166016,30755200,0.0,0.0,0.0
2023-01-25,40.01702265762669,40.217533111572266,39.379851338528304,40.217533111572266,26861200,0.0,0.0,0.0
2023-01-26,40.86807870182041,41.50525013921416,40.369034220961446,41.4874267578125,36663000,0.0,0.0,0.0
2023-01-27,41.26463339493488,41.46959715109156,40.58290530610765,40.64974212646485,34841000,0.0,0.0,0.0
2023-01-30,40.35565807390572,40.41358150028486,39.66501665421912,39.71848678588867,27525000,0.0,0.0,0.0
2023-01-31,39.58481409840197,40.132871912806216,39.179343305176175,40.07049179077149,27848200,0.0,0.0,0.0
2023-02-01,39.88335055404073,40.05266753880156,38.76495827718309,39.28182601928711,46967200,0.0,0.0,0.0
2023-02-02,39.130331031102784,39.20607783876195,37.962925256422565,38.38622283935547,49803000,0.0,0.0,0.0
2023-02-03,38.54662662841881,39.17043121476351,38.2614594002832,38.30155944824219,45454800,0.0,0.0,0.0
2023-02-06,38.33720898570375,38.62683292891025,37.659934220101306,38.12778854370117,31714400,0.0,0.0,0.0
2023-02-07,38.36840019489445,39.42441242575404,38.16789313561844,39.366485595703125,41014000,0.0,0.0,0.0
2023-02-08,39.33529075153579,39.53580118589947,38.79168967091547,39.01447677612305,26967200,0.0,0.0,0.0
2023-02-09,39.01894291468962,39.1437031798905,38.65357210968892,38.68030548095703,32150400,0.0,0.0,0.0
2023-02-10,39.32192263746506,40.27545114107954,39.28627588605896,40.19524765014648,40003200,0.0,0.0,0.0
2023-02-13,39.99028986186794,40.24872374871241,39.57590566381106,40.0927734375,24744800,0.0,0.0,0.0
2023-02-14,39.77641273635872,40.40021738090854,39.66501917124132,40.10614013671875,27022600,0.0,0.0,0.0
2023-02-15,39.65610505455129,39.74076524305721,38.92090692140046,39.424407958984375,31939600,0.0,0.0,0.0
2023-02-16,39.21053209997407,39.549169465414,38.99665497457475,39.03675842285156,25314200,0.0,0.0,0.0
2023-02-17,38.43077994826388,38.45751331605227,37.481707997695615,37.64656829833984,44680400,0.0,0.0,0.0
2023-02-21,37.48170695205948,37.89163444420094,37.3881367679486,37.45942687988281,33622600,0.0,0.0,0.0
2023-02-22,37.35694062467904,37.70894466313174,36.88908973771898,37.209903717041016,40270400,0.0,0.0,0.0
2023-02-23,37.771331787109375,37.98966564098148,37.29456742370513,37.771331787109375,35023400,0.0,0.0,0.0
2023-02-24,37.21435898148765,37.77578347501958,37.00048525025945,37.72231674194336,37496800,0.0,0.0,0.0
2023-02-27,37.79806677342588,37.99857383850141,37.52180949758982,37.83371353149414,30676400,0.0,0.0,0.0
2023-02-28,38.216907344233206,38.23027742917637,37.25892529050238,37.29011535644531,38007600,0.0,0.0,0.0
2023-03-01,37.3213019362147,38.21690377440173,37.18317160040256,38.02530670166016,37094000,0.0,0.0,0.0
2023-03-02,37.9584715200012,38.50207264998448,37.83816456856596,38.3594856262207,32798600,0.0,0.0,0.0
2023-03-03,37.9005481183995,39.07241067981089,37.873814748757646,38.88081359863281,50675200,0.0,0.0,0.0
2023-03-06,38.66692395986537,38.96100452883289,38.510973688198185,38.898624420166016,33898400,0.0,0.0,0.0
2023-03-07,38.666929651127575,38.76495652187834,38.12332856748166,38.22135543823242,37000400,0.0,0.0,0.0
2023-03-08,38.05204127330286,38.53771556950993,37.46388340479302,37.82925415039063,39399000,0.0,0.0,0.0
2023-03-09,38.04758097061537,38.582268655111015,37.28564949045144,37.294559478759766,37888200,0.0,0.0,0.0
2023-03-10,37.29456292033626,37.82034066504284,36.60392488075178,36.81779861450195,56624800,0.0,0.0,0.0
2023-03-13,35.87763588376643,36.71531762069256,35.24937798053347,36.06923294067383,83327000,0.0,0.0,0.0
2023-03-14,36.064775694514815,37.23663457962385,35.78406178174307,36.425689697265625,61066400,0.0,0.0,0.0
2023-03-15,35.0889753721253,35.3563192664967,33.970582951272306,34.469627380371094,115347000,0.0,0.0,0.0
2023-03-16,33.712143371653134,34.933015646969736,33.578469760719145,34.84389877319336,88790400,0.0,0.0,0.0
2023-03-17,34.6434000534464,34.933024013528374,34.01513869083187,34.29585266113281,67351600,0.0,0.0,0.0
2023-03-20,34.26208246281105,35.20755318994361,34.26208246281105,34.98244094848633,52288800,0.0,0.0,0.0
2023-03-21,35.70280701526772,36.306106243663066,35.594750653662686,36.19355010986328,59712400,0.0,0.0,0.0
2023-03-22,36.21605628138495,36.38263713147457,35.3966479101847,35.42366027832031,49209400,0.0,0.0,0.0
2023-03-23,35.61725784706059,35.927913828365845,34.59524638375148,34.93291473388672,49486200,0.0,0.0,0.0
2023-03-24,34.2395741151454,35.203054256735484,34.13151776351528,35.06798553466797,41298000,0.0,0.0,0.0
2023-03-27,35.437170649663464,36.0179606777856,35.153530445904444,35.81536102294922,40223800,0.0,0.0,0.0
2023-03-28,35.612755730751445,36.52671087683752,35.599249545923016,36.36913299560547,32596800,0.0,0.0,0.0
2023-03-29,36.72931468379073,36.91390493834693,36.49069625390723,36.87338638305664,36204600,0.0,0.0,0.0
2023-03-30,37.17953693105542,37.23356166818422,36.81935598714314,37.03546524047852,27460800,0.0,0.0,0.0
2023-03-31,37.13001789188641,37.35513015902777,36.99494915762536,37.29209899902344,32294600,0.0,0.0,0.0
2023-04-03,38.863382703285495,39.23256669389251,38.66078303140557,38.98044204711914,62452200,0.0,0.0,0.0
2023-04-04,39.09749840664724,39.1470233821115,37.931418466939576,38.27359008789063,49363000,0.0,0.0,0.0
2023-04-05,38.368136278012,38.849876403808594,38.04847726322555,38.849876403808594,40552200,0.0,0.0,0.0
2023-04-06,38.79133959475472,38.83185814578787,38.18353384973829,38.26007461547852,33378600,0.0,0.0,0.0
2023-04-10,38.40415348428839,39.00745270102476,38.40415348428839,38.56623458862305,26977200,0.0,0.0,0.0
2023-04-11,38.78233331229249,39.174029814958224,38.56172429662416,38.930908203125,25575200,0.0,0.0,0.0
2023-04-12,39.20104552170344,39.282086065884535,38.84086456202297,38.95792388916016,33334400,0.0,0.0,0.0
2023-04-13,38.89939262240161,39.30009210249668,38.80484590141805,39.20104217529297,31384600,0.0,0.0,0.0
2023-04-14,39.255080967734735,39.50270241781168,39.043474872345136,39.27309036254883,23560200,0.0,0.0,0.0
2023-04-17,39.14251765063069,39.30459873930355,38.67428377612469,38.809349060058594,23762000,0.0,0.0,0.0
2023-04-18,38.71930740191437,39.06147898724947,38.525710727507175,38.96242904663086,24493600,0.0,0.0,0.0
2023-04-19,38.61125241872429,38.85887382209456,38.399646363248095,38.82735824584961,34246200,0.0,0.0,0.0
2023-04-20,38.28708387810481,38.4941866925621,38.01694992163616,38.48518371582031,30396200,0.0,0.0,0.0
2023-04-21,38.62475531453645,38.64276470442004,38.08898712905438,38.26007461547852,33757600,0.0,0.0,0.0
2023-04-24,38.138511392942505,39.025454077536025,38.12500520951253,38.84536361694336,25251800,0.0,0.0,0.0
2023-04-25,38.46717947776964,38.53471039972381,37.89089271082689,38.116004943847656,30665200,0.0,0.0,0.0
2023-04-26,37.84586863810784,38.19704318243943,37.37763476735232,37.60725021362305,40070000,0.0,0.0,0.0
2023-04-27,37.5847393261396,37.836863923847496,37.22906159155024,37.74231719970703,34114600,0.0,0.0,0.0
2023-04-28,37.60725151098693,38.53471287133901,37.47668599526761,38.32761001586914,38228600,0.0,0.0,0.0
2023-05-01,37.845872214072,38.30510315000506,37.69279752538798,37.8953971862793,27821400,0.0,0.0,0.0
2023-05-02,37.440669411723135,37.49919735755429,35.90089907931559,36.24757385253906,67648000,0.0,0.0,0.0
2023-05-03,35.78384106246885,36.20254994146835,35.54972242316807,35.563228607177734,59367600,0.0,0.0,0.0
2023-05-04,35.576732777651124,35.936913693910256,35.05897743357083,35.167030334472656,52861000,0.0,0.0,0.0
2023-05-05,36.13951932406155,36.40515356685078,35.92341348630999,36.12151336669922,39073400,0.0,0.0,0.0
2023-05-08,36.64827521052656,36.80585309949964,36.11701015988846,36.12151336669922,32711800,0.0,0.0,0.0
2023-05-09,35.837863808847004,36.477181672703736,35.761326480414816,36.135013580322266,41421200,0.0,0.0,0.0
2023-05-10,36.3151076752431,36.38714180482226,35.45517728222982,35.725311279296875,36052000,0.0,0.0,0.0
2023-05-11,35.221066261966115,35.48219387709638,35.027469577939904,35.297603607177734,38168200,0.0,0.0,0.0
2023-05-12,35.473193720090386,35.711812188816715,35.095003301117075,35.35163116455078,37913200,0.0,0.0,0.0
2023-05-15,35.48219042511458,35.734318471489395,35.203053443866324,35.531715393066406,32544600,0.0,0.0,0.0
2023-05-16,35.36513944787436,35.51821414468049,34.604258866263194,34.658287048339844,44511200,0.0,0.0,0.0
2023-05-17,35.013963241231274,35.51371278792306,34.75733537414151,35.32461929321289,46200600,0.0,0.0,0.0
2023-05-18,35.11301148099373,35.62626719010367,34.892402414607346,35.58124542236328,33154200,0.0,0.0,0.0
2023-05-19,35.909905096198536,36.13501733375129,35.65327728278601,35.85587692260742,36122200,0.0,0.0,0.0
2023-05-22,35.72080827819586,36.07198625483667,35.65327735474585,35.70730209350586,26943600,0.0,0.0,0.0
2023-05-23,36.049474348103686,36.49969883274839,35.954927618521126,36.08999633789063,42803800,0.0,0.0,0.0
2023-05-24,36.37363615736935,36.52671083182321,35.94142106869115,36.24757385253906,33474200,0.0,0.0,0.0
2023-05-25,35.72531506024393,35.80185240444081,35.27058733217572,35.603755950927734,38251000,0.0,0.0,0.0
2023-05-26,35.81985388323448,35.91890380557662,35.279585951291594,35.46417617797852,28785800,0.0,0.0,0.0
2023-05-30,34.847377935792764,35.14002455574885,34.712309208139054,35.09950256347656,40331600,0.0,0.0,0.0
2023-05-31,34.55022325815377,34.81585746926081,34.3656330202129,34.482688903808594,44797600,0.0,0.0,0.0
2023-06-01,34.56373700948192,35.30210842772563,34.32962175609296,34.9104118347168,51623600,0.0,0.0,0.0
2023-06-02,35.56323636165317,36.14402644528843,35.32011469164719,35.97294235229492,55278800,0.0,0.0,0.0
2023-06-05,36.49970190865847,36.49970190865847,35.67129043587146,35.73432159423828,37826200,0.0,0.0,0.0
2023-06-06,35.261587949495265,36.05398414918641,35.22556915975002,36.02246856689453,34750800,0.0,0.0,0.0
2023-06-07,36.19804989170749,37.02196153754386,36.17553729310158,36.97693634033203,60654200,0.0,0.0,0.0
2023-06-08,37.026461682170456,37.15252399177635,36.20705323479186,36.8193588256836,46155200,0.0,0.0,0.0
2023-06-09,36.801350516994624,36.98144100813626,36.51771031203133,36.61676025390625,38387000,0.0,0.0,0.0
2023-06-12,36.06748696289935,36.63026761899884,36.017961990367354,36.265586853027344,36387000,0.0,0.0,0.0
2023-06-13,36.66628001072552,37.152519802239794,36.418655191251645,36.43666458129883,40136400,0.0,0.0,0.0
2023-06-14,36.79684876260567,36.95892641746669,35.79284664716678,36.06298065185547,47605400,0.0,0.0,0.0
2023-06-15,36.12601034513352,36.73381268985459,36.1170073671485,36.45917892456055,46777000,0.0,0.0,0.0
2023-06-16,36.594244822529845,36.69779796327836,36.30159822643898,36.4051513671875,47461800,0.0,0.0,0.0
2023-06-20,36.16261633147255,36.20349177641236,35.32236189006976,35.590335845947266,42552000,0.0,0.0,0.0
2023-06-21,35.44498944265252,36.17623564930423,35.39048539298838,35.87192916870117,34473800,0.0,0.0,0.0
2023-06-22,35.54492175164114,35.58579720143589,35.25877974229464,35.39049530029297,33507400,0.0,0.0,0.0
2023-06-23,35.00897387136296,35.231526050945554,34.845465157532146,35.13614654541016,34905200,0.0,0.0,0.0
2023-06-26,35.199733673580106,35.967316071582694,35.117979314827195,35.76747131347656,32488600,0.0,0.0,0.0
2023-06-27,35.73112989430172,36.00364322739173,35.52220289009289,35.849220275878906,28388400,0.0,0.0,0.0
2023-06-28,35.8128883182697,36.257996136311206,35.49495663766536,36.21257781982422,32903200,0.0,0.0,0.0
2023-06-29,36.34882544968559,36.63042449951172,36.15352360944379,36.63042449951172,28435800,0.0,0.0,0.0
2023-06-30,36.8802366299821,37.052831094580505,36.60772324901093,36.86661148071289,35970600,0.0,0.0,0.0
2023-07-03,36.95743898810398,37.22995227619303,36.81663774152231,36.95289611816406,19539800,0.0,0.0,0.0
2023-07-05,37.10733085211503,37.11641659488603,36.5395932107718,36.7485237121582,32557400,0.0,0.0,0.0
2023-07-06,36.3488300249629,36.60317535024341,35.64937691524636,35.92189025878906,41967800,0.0,0.0,0.0
2023-07-07,35.74475647201406,37.03465804922663,35.71750617717276,36.69401550292969,48916000,0.0,0.0,0.0
2023-07-10,36.598630385459245,37.05282037744004,36.57137662960805,36.98014831542969,30925000,0.0,0.0,0.0
2023-07-11,37.14820284664882,37.85219531170328,37.07553077879563,37.79315185546875,39642000,0.0,0.0,0.0
2023-07-12,38.10200439290393,38.35634972122429,37.90670252574503,38.14288330078125,43077600,0.0,0.0,0.0
2023-07-13,38.14288784963078,38.37906518763786,37.64327594485415,37.9975471496582,53226400,0.0,0.0,0.0
2023-07-14,37.75228213958781,37.78861471382765,36.90294541006429,36.99378204345703,43988200,0.0,0.0,0.0
2023-07-17,36.86206859755079,37.08007789568659,36.75306048328756,36.92111206054688,32445800,0.0,0.0,0.0
2023-07-18,36.83481562262217,37.679609467619926,36.77577215836581,37.293548583984375,43209400,0.0,0.0,0.0
2023-07-19,37.29355301869862,37.76591118450558,37.21179865413211,37.51156234741211,37521000,0.0,0.0,0.0
2023-07-20,37.8204099978913,38.02934050373501,37.6341938494597,37.952125549316406,35449800,0.0,0.0,0.0
2023-07-21,38.0929176078599,38.3063840030386,37.84765458520917,38.2882194519043,31529000,0.0,0.0,0.0
2023-07-24,38.4835250445246,39.187517553578765,38.46989643205414,38.90592193603516,44539600,0.0,0.0,0.0
2023-07-25,38.8877574231511,39.33740464974202,38.65157663177323,39.11030960083008,33606600,0.0,0.0,0.0
2023-07-26,38.78783220723916,39.27835830862062,38.7333281520206,39.123931884765625,32788000,0.0,0.0,0.0
2023-07-27,39.337402246310816,39.49636807779761,38.76512178776312,38.87412643432617,35550600,0.0,0.0,0.0
2023-07-28,38.8468735288306,39.00129994418119,38.42447665343531,38.99221420288086,34627800,0.0,0.0,0.0
2023-07-31,39.33286962060231,39.84610675119637,39.2193220735075,39.73255920410156,36266400,0.0,0.0,0.0
2023-08-01,39.57357979379529,39.65987701648585,39.119389721015935,39.546329498291016,35766000,0.0,0.0,0.0
2023-08-02,39.27836277371907,39.47820406851436,38.69699651421793,39.02855682373047,45920000,0.0,0.0,0.0
2023-08-03,39.13302085192357,39.77796996512176,38.919550949550604,39.42370223999024,41630600,0.0,0.0,0.0
2023-08-04,39.70530170738256,40.07773748826688,39.43278831298844,39.47820663452149,43208200,0.0,0.0,0.0
2023-08-07,39.70076176257605,39.78251266110962,39.40553747882035,39.523624420166016,26821600,0.0,0.0,0.0
2023-08-08,38.88321356586778,39.73708968065264,38.5925321878476,39.71892166137695,37237200,0.0,0.0,0.0
2023-08-09,40.10499265126199,40.58643311364612,39.855186676329126,40.21854019165039,52085600,0.0,0.0,0.0
2023-08-10,40.27757559046675,40.736308531925495,39.94147590855209,40.2139892578125,39226600,0.0,0.0,0.0
2023-08-11,40.19582113712262,40.87710624114165,40.1867388604216,40.831687927246094,46689200,0.0,0.0,0.0
2023-08-14,40.71814651444978,40.82715117718034,40.386586189433146,40.65909957885742,30189400,0.0,0.0,0.0
2023-08-15,40.37750295331027,40.42292127293736,39.74163608294403,39.81430816650391,44982400,0.0,0.0,0.0
2023-08-16,39.855180914099776,40.28666011911442,39.44186626354864,39.469120025634766,37995400,0.0,0.0,0.0
2023-08-17,40.023225441308455,40.48649773275659,39.88242418007256,39.94147109985352,40464200,0.0,0.0,0.0
2023-08-18,39.70983926112347,40.3865815173648,39.582666591783656,40.33662033081055,35307200,0.0,0.0,0.0
2023-08-21,40.50012944123731,40.66363815064133,39.80521915886794,40.082275390625,30488400,0.0,0.0,0.0
2023-08-22,40.13224049206192,40.273038324650194,39.75071897784155,39.77342987060547,25732800,0.0,0.0,0.0
2023-08-23,39.34194326599232,39.709836096578094,39.00130072946621,39.67350006103516,38798600,0.0,0.0,0.0
2023-08-24,39.31469611454787,39.818847430557256,39.287445815908114,39.40099334716797,33455000,0.0,0.0,0.0
2023-08-25,39.63717575948956,39.982361268944345,39.29199371523087,39.78251647949219,38036800,0.0,0.0,0.0
2023-08-28,39.88697118904094,40.35024352855686,39.81884198656047,40.050479888916016,25718200,0.0,0.0,0.0
2023-08-29,40.19582090026167,40.20036377118303,39.75979885208226,40.15948486328125,27019400,0.0,0.0,0.0
2023-08-30,40.34116501829275,40.4320016532839,40.18219917446048,40.35933303833008,27890200,0.0,0.0,0.0
2023-08-31,40.50921851031755,40.57734425716784,40.0959038317156,40.3865852355957,29617400,0.0,0.0,0.0
2023-09-01,40.83168545828798,41.25862174132504,40.82259971694111,41.21320343017578,35764200,0.0,0.0,0.0
2023-09-05,41.444838524812006,41.853610227958704,41.40396308709473,41.43121337890625,48737400,0.0,0.0,0.0
2023-09-06,41.3494604217373,41.67193492467708,41.1450728307282,41.44938278198242,40324200,0.0,0.0,0.0
2023-09-07,41.53114538751952,41.74461529683892,41.335843498694906,41.40851211547852,30729200,0.0,0.0,0.0
2023-09-08,41.60380941237341,42.10796066357383,41.58110198815788,41.808197021484375,34739000,0.0,0.0,0.0
2023-09-11,42.11250459505416,42.23967726248847,41.0905769193488,41.25862503051758,44095000,0.0,0.0,0.0
2023-09-12,41.703728718398494,42.27600913060285,41.6265172443854,42.2305908203125,53599400,0.0,0.0,0.0
2023-09-13,42.27146925898749,42.35776648029804,41.694649400467775,41.91265869140625,36315400,0.0,0.0,0.0
2023-09-14,42.34867893039328,42.55306653026633,42.221506271909625,42.40318298339844,37099800,0.0,0.0,0.0
2023-09-15,42.01258744346466,42.4259021291754,41.790035247802734,41.790035247802734,49612800,0.0,0.0,0.0
2023-09-18,42.2219462880137,42.34548449824543,41.83303655249162,42.1441650390625,33746600,0.0,0.0,0.0
2023-09-19,42.45987390807881,42.51935307625777,41.50360987790612,41.75068283081055,36264400,0.0,0.0,0.0
2023-09-20,41.5447880091499,42.01605540449547,41.33431575399474,41.36177062988281,35930400,0.0,0.0,0.0
2023-09-21,41.64544265807341,41.74152948385591,40.725786384016025,40.79441833496094,43446200,0.0,0.0,0.0
2023-09-22,41.10097603178637,41.37550038224046,40.82645168133229,40.86305236816406,42067400,0.0,0.0,0.0
2023-09-25,40.75323892178932,41.43955146913556,40.75323892178932,41.37549591064453,35073800,0.0,0.0,0.0
2023-09-26,41.018619037855935,41.38465034743127,40.954563471411085,41.13758087158203,33460000,0.0,0.0,0.0
2023-09-27,41.6500200006876,42.28142977483845,41.46700262425597,42.16246795654297,46289400,0.0,0.0,0.0
2023-09-28,41.97945058765773,42.45529437015908,41.88336725043622,42.20822143554688,48462800,0.0,0.0,0.0
2023-09-29,42.14416525683733,42.30888054415341,41.2016304944578,41.35719299316406,48369200,0.0,0.0,0.0
2023-10-02,41.30229303621202,41.41210557168999,40.25452548030085,40.53362274169922,50599800,0.0,0.0,0.0
2023-10-03,40.43754021679253,40.58395344298569,40.10811307593291,40.50617218017578,41466600,0.0,0.0,0.0
2023-10-04,39.90221384537994,39.97084580301769,38.84986996107786,39.23420333862305,59572400,0.0,0.0,0.0
2023-10-05,38.6714293255629,39.33486699443343,38.6714293255629,38.9917106628418,47037000,0.0,0.0,0.0
2023-10-06,38.9917046330712,39.58193385102636,38.55246501545098,39.22505187988281,51481000,0.0,0.0,0.0
2023-10-09,40.27740047378381,40.70291444915281,39.98915042237898,40.53362274169922,61489000,0.0,0.0,0.0
2023-10-10,40.57023197616551,40.85390915868633,40.34146106822624,40.58395767211914,41700600,0.0,0.0,0.0
2023-10-11,40.16759118132957,40.2087682638049,39.60024038125905,40.06235504150391,47145400,0.0,0.0,0.0
2023-10-12,40.48786934281451,40.52447352137845,39.92051853813984,40.10811233520508,39986400,0.0,0.0,0.0
2023-10-13,40.7623828977944,41.18789676122373,40.58851833184261,40.991153717041016,48511800,0.0,0.0,0.0
2023-10-16,41.256540874252416,41.38922840744508,40.87220746012197,41.26569366455078,38365200,0.0,0.0,0.0
2023-10-17,41.17418811788366,41.82390016652534,41.1147089369291,41.69578552246094,40424000,0.0,0.0,0.0
2023-10-18,41.86506605491024,42.249399411977706,41.76898271564337,42.07553482055664,47616800,0.0,0.0,0.0
2023-10-19,41.92912243015436,42.35005996963652,41.531059881933416,42.0023307800293,63297000,0.0,0.0,0.0
2023-10-20,41.92912051376295,42.084686504753854,41.15587393469018,41.29771423339844,46549600,0.0,0.0,0.0
2023-10-23,41.05979033717309,41.06436673149361,40.44210975301415,40.62970352172852,51888200,0.0,0.0,0.0
2023-10-24,40.73036077445436,40.76238855396242,40.044048221482136,40.05777740478516,44271600,0.0,0.0,0.0
2023-10-25,40.08522928375931,40.29112165588137,39.78325008116301,39.98456954956055,41412600,0.0,0.0,0.0
2023-10-26,39.61854038592415,39.8564640623377,39.27996045185362,39.67344665527344,44770400,0.0,0.0,0.0
2023-10-27,39.63225874347568,39.78324483409386,38.58906085544968,38.72174835205078,53809400,0.0,0.0,0.0
2023-10-30,38.85901807279533,39.1381187987684,38.47468121622329,38.84986877441406,45530600,0.0,0.0,0.0
2023-10-31,38.89562010871853,39.06033539665256,38.50671036972778,38.97797775268555,37205600,0.0,0.0,0.0
2023-11-01,39.225050341531485,39.43551909854733,38.831564211660016,38.88646697998047,46082600,0.0,0.0,0.0
2023-11-02,38.98255621799662,40.0989592197708,38.75836173495341,40.06235504150391,45323000,0.0,0.0,0.0
2023-11-03,39.9891443197444,40.11725543415141,39.41721720845162,39.65971374511719,47235000,0.0,0.0,0.0
2023-11-06,39.97541619693585,39.97541619693585,39.09693355442308,39.21131896972656,41035400,0.0,0.0,0.0
2023-11-07,38.698877200991824,38.76750915304054,38.17270355630646,38.34199523925781,47550200,0.0,0.0,0.0
2023-11-08,38.1955792124853,38.4472250303653,37.84784657438356,37.861572265625,50742000,0.0,0.0,0.0
2023-11-09,38.140682400769386,38.22761645451202,37.72431771259854,37.747196197509766,38232200,0.0,0.0,0.0
2023-11-10,38.17270444339194,38.25506208961107,37.80209678078895,38.16355514526367,34565600,0.0,0.0,0.0
2023-11-13,38.223034672883664,38.5158610864947,38.10407285148974,38.438079833984375,28447400,0.0,0.0,0.0
2023-11-14,38.58448787892985,38.891039944235935,38.52043232769472,38.78123092651367,34724000,0.0,0.0,0.0
2023-11-15,38.72176021047999,39.19760408826179,38.653131734984335,38.70803451538086,33043600,0.0,0.0,0.0
2023-11-16,38.3419962802431,38.488409486231305,37.56874968164836,37.95308303833008,53166000,0.0,0.0,0.0
2023-11-17,38.2779353961391,39.00542493041748,38.18642497339717,38.74920272827149,48850800,0.0,0.0,0.0
2023-11-20,38.90934378537561,39.138114618903856,38.79495836861149,38.804107666015625,29093800,0.0,0.0,0.0
2023-11-21,38.62109881573511,38.78581062579695,38.34657098717724,38.71718215942383,26973800,0.0,0.0,0.0
2023-11-22,37.94393097084495,38.73090320463204,37.72888582663964,38.698875427246094,36547200,0.0,0.0,0.0
2023-11-24,38.68515942574363,39.14727411652791,38.662280940123225,38.85902404785156,19152600,0.0,0.0,0.0
2023-11-27,38.6576928006938,38.7903802972949,38.36029003181311,38.72174835205078,24501800,0.0,0.0,0.0
2023-11-28,38.79953175368006,39.0877817248953,38.65769147417187,38.730899810791016,28921800,0.0,0.0,0.0
2023-11-29,38.97340372508301,39.02373359338399,38.31911892793654,38.44265365600586,45268000,0.0,0.0,0.0
2023-11-30,38.77208027951428,39.25250043106935,38.23675736144955,38.698875427246094,58364600,0.0,0.0,0.0
2023-12-01,38.6531266148492,39.36231419690826,38.47925852457992,38.90019607543945,43048000,0.0,0.0,0.0
2023-12-04,38.616515728006775,38.96424835734877,38.43807476483151,38.72174835205078,37070200,0.0,0.0,0.0
2023-12-05,38.698878594699735,38.77208345295964,38.021715329272936,38.04459381103516,37747200,0.0,0.0,0.0
2023-12-06,37.79752315021232,38.06289819529745,37.33082862392239,37.47724533081055,62306600,0.0,0.0,0.0
2023-12-07,37.65110623751754,37.83869651595919,37.08832842066043,37.22101593017578,40908800,0.0,0.0,0.0
2023-12-08,37.46808362848794,37.73803500413997,37.39030238953072,37.62364959716797,34127200,0.0,0.0,0.0
2023-12-11,37.65568119915979,37.792941607019245,37.48181312879881,37.66940689086914,29344200,0.0,0.0,0.0
2023-12-12,37.32167740221217,37.36285797159433,36.94191694251176,37.15238571166992,45386600,0.0,0.0,0.0
2023-12-13,37.17526104473681,37.68313258257849,37.00139646514178,37.66940689086914,46445600,0.0,0.0,0.0
2023-12-14,38.04916377089901,38.82698314854735,38.04916377089901,38.77665328979492,60717400,0.0,0.0,0.0
2023-12-15,38.42892234853086,38.643967483350494,38.25048138363069,38.570762634277344,46366400,0.0,0.0,0.0
2023-12-18,39.25535372319558,39.453986500483886,38.84884746774336,38.88580322265625,42447200,0.0,0.0,0.0
2023-12-19,38.9597148215753,39.39393617133743,38.87194930088568,39.35236358642578,36862400,0.0,0.0,0.0
2023-12-20,39.490943391206,39.72191160022465,38.94124145026234,38.98743438720703,39818200,0.0,0.0,0.0
2023-12-21,39.06596198750042,39.19992396909217,38.77494331843258,39.13987350463867,26062800,0.0,0.0,0.0
2023-12-22,39.42164586156816,39.59718392764199,39.195298040061736,39.25535202026367,25037800,0.0,0.0,0.0
2023-12-26,39.587950907411184,39.80506159485795,39.467849972296406,39.59257125854492,25983400,0.0,0.0,0.0
2023-12-27,39.592576377091376,39.72653838292604,39.27383906926767,39.41704177856445,20238200,0.0,0.0,0.0
2023-12-28,39.21378248005523,39.36622234475119,38.80265934748383,38.8165168762207,26198000,0.0,0.0,0.0
2023-12-29,38.95047935703148,38.98743511699707,38.61326421486218,38.7287483215332,24345400,0.0,0.0,0.0
2024-01-02,39.0012901330588,39.50479911404169,38.94585649668201,39.14448928833008,39301800,0.0,0.0,0.0
2024-01-03,39.204546617708274,39.9251663305651,39.00591380912654,39.78196716308594,37936000,0.0,0.0,0.0
2024-01-04,40.06836156804636,40.239279301460456,39.0613400947069,39.08443832397461,42049000,0.0,0.0,0.0
2024-01-05,39.45860747080381,39.47708535020092,38.93662059394251,39.11677551269531,34029200,0.0,0.0,0.0
2024-01-08,38.45158742402811,38.7102742211984,37.92498017607809,38.66407775878906,47218600,0.0,0.0,0.0
2024-01-09,38.714884579060936,38.75646068342326,37.96192959315792,38.04507827758789,33750400,0.0,0.0,0.0
2024-01-10,38.1189813102576,38.13284235944115,37.51846624452354,37.67090606689453,33159800,0.0,0.0,0.0
2024-01-11,37.8741610218371,37.97116723414327,37.61547778902062,37.76791763305664,38588600,0.0,0.0,0.0
2024-01-12,38.34995446494672,38.50239430722601,37.96192962019364,38.19289779663086,38769200,0.0,0.0,0.0
2024-01-16,38.10974918660596,38.160562467465006,37.25978798731765,37.28288269042969,36031200,0.0,0.0,0.0
2024-01-17,36.89948096569782,37.34293951805863,36.816332266861714,36.973392486572266,39284200,0.0,0.0,0.0
2024-01-18,36.982625344877256,37.01496075040915,36.48373673442725,36.91333770751953,35705600,0.0,0.0,0.0
2024-01-19,36.89486463387181,37.0380638021182,36.765519470606144,37.03344345092773,39940200,0.0,0.0,0.0
2024-01-22,36.95491309487375,37.25517246862863,36.71470771044694,37.17202377319336,30136800,0.0,0.0,0.0
2024-01-23,37.11196699300396,37.550808667581286,37.05653688307895,37.25054931640625,24709200,0.0,0.0,0.0
2024-01-24,37.44456888602811,37.80026193921206,37.26903429732021,37.78178405761719,33841000,0.0,0.0,0.0
2024-01-25,38.04970323291171,38.6456016227298,37.82335185527791,38.63174057006836,37609400,0.0,0.0,0.0
2024-01-26,38.59016978370167,38.93200175508647,38.30838827946837,38.91814422607422,36469600,0.0,0.0,0.0
2024-01-29,38.858088404541824,38.91813886341878,38.4562024970874,38.86270523071289,29680600,0.0,0.0,0.0
2024-01-30,38.47930080241812,39.2738283936965,38.33148130586693,39.264591217041016,35341200,0.0,0.0,0.0
2024-01-31,39.26459422342993,39.33850573951214,38.51163915589156,38.53011703491211,38580800,0.0,0.0,0.0
2024-02-01,38.76108599326791,38.94124091186805,38.16980442594716,38.52549743652344,51101400,0.0,0.0,0.0
2024-02-02,38.848852775773736,38.885808535736,38.2575747135586,38.58092880249024,38075000,0.0,0.0,0.0
2024-02-05,38.34533844213976,38.7148854176035,38.06817732946826,38.483917236328125,31593600,0.0,0.0,0.0
2024-02-06,38.67331720894732,38.98743411196691,38.44696935250964,38.608646392822266,28056200,0.0,0.0,0.0
2024-02-07,38.71950734175616,38.88580472097704,38.37305505576182,38.68717193603516,26920400,0.0,0.0,0.0
2024-02-08,38.66407451650817,39.227637477408464,38.65483733937808,39.08443832397461,36201000,0.0,0.0,0.0
2024-02-09,39.15834390273684,39.32464127519869,38.442344655360046,38.483917236328125,38073400,0.0,0.0,0.0
2024-02-12,38.617882837958845,39.01976877993775,38.617882837958845,38.90890502929688,25893800,0.0,0.0,0.0
2024-02-13,38.94586697483104,39.07982898889536,38.26681972477561,38.51626586914063,41156800,0.0,0.0,0.0
2024-02-14,38.79803515491111,38.91813959923058,38.27604831983374,38.47930145263672,40894600,0.0,0.0,0.0
2024-02-15,38.47006189075146,39.66185861954296,38.437726484511145,39.55099487304688,43364400,0.0,0.0,0.0
2024-02-16,39.71267214256915,39.8420137683066,39.41241278322436,39.52789688110352,26960800,0.0,0.0,0.0
2024-02-20,39.56947321190325,39.592567917032206,39.11677399497673,39.16758728027344,28995600,0.0,0.0,0.0
2024-02-21,39.33388547423587,39.939021035221096,39.30616689349723,39.90206527709961,28745800,0.0,0.0,0.0
2024-02-22,39.6479975896936,40.13764899073785,39.45860199537595,39.97135162353516,35206800,0.0,0.0,0.0
2024-02-23,39.58332850548768,39.837391393335146,39.32926209334541,39.70804977416992,28952400,0.0,0.0,0.0
2024-02-26,39.6618586506312,40.10993751195174,39.46322586234359,39.84663391113281,23376400,0.0,0.0,0.0
2024-02-27,39.88358636668813,40.05450410035892,39.47246326002933,39.67571640014648,26317400,0.0,0.0,0.0
2024-02-28,39.72653249185706,40.02679187252665,39.44013064002994,39.5971908569336,26679600,0.0,0.0,0.0
2024-02-29,39.68033879225997,39.92054417760559,39.56947503935393,39.791202545166016,27335400,0.0,0.0,0.0
2024-03-01,40.07760492438977,40.43791476934668,40.00831375629146,40.25313949584961,32459600,0.0,0.0,0.0
2024-03-04,40.23004252891474,40.33628945990934,39.78658397316726,39.82353973388672,33198000,0.0,0.0,0.0
2024-03-05,39.763485485975046,40.37786173342517,39.71267220089,40.11917495727539,32174200,0.0,0.0,0.0
2024-03-06,40.456386784590826,40.66887708480665,40.15612744922042,40.243896484375,28008800,0.0,0.0,0.0
2024-03-07,40.299329675808494,40.81207935063951,40.26699426948109,40.585731506347656,24569200,0.0,0.0,0.0
2024-03-08,40.53029483849862,40.73816831301829,40.428668276417184,40.72892761230469,28252000,0.0,0.0,0.0
2024-03-11,40.73817646492644,41.16315715113069,40.43329671767421,41.14929962158203,24983800,0.0,0.0,0.0
2024-03-12,41.14467188814515,41.26015597939112,40.86751077401375,41.08462142944336,23780600,0.0,0.0,0.0
2024-03-13,41.51422982517474,41.96692557033308,41.444938653157934,41.74057769775391,42725200,0.0,0.0,0.0
2024-03-14,41.90687004257366,42.18865152361336,41.74519301024636,42.17017364501953,35946000,0.0,0.0,0.0
2024-03-15,42.13783468904655,42.599771042095874,42.04082847782156,42.29489135742188,37753400,0.0,0.0,0.0
2024-03-18,42.46439741144335,42.590126597143225,42.11048764192478,42.44111251831055,30496800,0.0,0.0,0.0
2024-03-19,42.43645686729944,42.958007944651214,42.40851783641889,42.925411224365234,28545800,0.0,0.0,0.0
2024-03-20,42.678607296384286,43.01854401722417,42.61341385532524,42.86487579345703,32659400,0.0,0.0,0.0
2024-03-21,42.93937995023766,43.209469086370014,42.80433538217147,43.12099075317383,23334200,0.0,0.0,0.0
2024-03-22,43.13962223415016,43.24672778246702,42.92075700051127,43.027862548828125,17948800,0.0,0.0,0.0
2024-03-25,43.17687135672354,43.71704606357692,43.16755597830185,43.4283332824707,35074400,0.0,0.0,0.0
2024-03-26,43.47025072927234,43.568040906071055,43.009238880713646,43.09305953979492,35373800,0.0,0.0,0.0
2024-03-27,42.9999182072643,43.502842099844,42.92541293768371,43.4935302734375,33960000,0.0,0.0,0.0
2024-03-28,43.74965225602946,44.04302634264952,43.540102382252286,43.963863372802734,34615200,0.0,0.0,0.0
2024-04-01,44.094245106490185,44.42021232809508,43.661172339057245,44.289825439453125,42899000,0.0,0.0,0.0
2024-04-02,44.48075337658168,44.95573830205161,44.28517302034191,44.90917205810547,38671200,0.0,0.0,0.0
2024-04-03,45.07681204499947,45.277050085543095,44.92779793711421,45.21651077270508,29148800,0.0,0.0,0.0
2024-04-04,45.28635828262205,45.44934189493484,45.01161498654853,45.188568115234375,36941200,0.0,0.0,0.0
2024-04-05,45.37483861631952,45.85447764766812,45.1000917554022,45.67286682128906,31194600,0.0,0.0,0.0
2024-04-08,45.69614150583303,45.8265319351842,45.304980876107294,45.3841438293457,34034600,0.0,0.0,0.0
2024-04-09,45.57972788022781,45.70080294101862,45.06749215764911,45.39811706542969,35322800,0.0,0.0,0.0
2024-04-10,45.27238744700918,45.70546020583557,45.07680711793306,45.537818908691406,39199600,0.0,0.0,0.0
2024-04-11,45.68217927413595,45.70080648129876,44.86259992285438,45.50522613525391,39204600,0.0,0.0,0.0
2024-04-12,45.79393784411478,46.08731190878198,44.550601106817474,44.76480865478516,46572400,0.0,0.0,0.0
2024-04-15,44.97901804448753,45.19322915400283,44.2898291319849,44.34571075439453,48690800,0.0,0.0,0.0
2024-04-16,44.26188770038016,44.46677986590074,43.64720409826569,43.95920181274414,36497600,0.0,0.0,0.0
2024-04-17,43.86606229669614,44.303792731830114,43.52146788647157,43.83346557617188,27421000,0.0,0.0,0.0
2024-04-18,43.98248013996585,44.1082128867623,43.54475325286354,43.69842147827149,25555600,0.0,0.0,0.0
2024-04-19,43.78224789026076,44.52266429451205,43.71705443992123,44.22463607788086,35451400,0.0,0.0,0.0
2024-04-22,43.99179626811213,44.816029683067946,43.64254415871496,44.51334381103516,30244400,0.0,0.0,0.0
2024-04-23,44.30845095332347,44.76015090942383,44.09424342262378,44.76015090942383,28657400,0.0,0.0,0.0
2024-04-24,44.48074625226059,44.843971423528,44.26653872219588,44.792747497558594,21303800,0.0,0.0,0.0
2024-04-25,44.74152642369253,45.13268709845629,44.35501988593096,44.99764251708984,26500200,0.0,0.0,0.0
2024-04-26,44.59251011176056,44.76015140770063,44.12684063476616,44.583194732666016,32366600,0.0,0.0,0.0
2024-04-29,44.45281054926211,44.98367350107791,44.42487151583277,44.88588333129883,22236400,0.0,0.0,0.0
2024-04-30,44.70427374190244,44.7834367073207,43.53078811939915,43.54941177368164,35399000,0.0,0.0,0.0
2024-05-01,43.488878801603455,43.62858108710805,42.62273315813905,42.855567932128906,50943800,0.0,0.0,0.0
2024-05-02,43.14427568478868,43.39573761663811,42.897471442263125,43.10236358642578,34616800,0.0,0.0,0.0
2024-05-03,43.1396218691265,43.18618810821864,42.53890779234192,43.107025146484375,38087800,0.0,0.0,0.0
2024-05-06,43.24207235084268,43.88469501597339,43.24207235084268,43.44696807861328,33445600,0.0,0.0,0.0
2024-05-07,43.50749239259908,43.72635758009198,43.39107504204121,43.40504455566406,20942200,0.0,0.0,0.0
2024-05-08,43.15359040911184,43.56338183051315,43.08839696530276,43.35382843017578,19811800,0.0,0.0,0.0
2024-05-09,43.40039249339007,43.9359130859375,43.40039249339007,43.9359130859375,22489400,0.0,0.0,0.0
2024-05-10,44.029046292975046,44.17340268025684,43.577346374708505,43.69376373291016,20568400,0.0,0.0,0.0
2024-05-13,43.79621200576589,43.95919559829024,43.39107831625461,43.57734680175781,20978000,0.0,0.0,0.0
2024-05-14,43.49352959143782,43.665825023077865,43.31657291750332,43.63322830200195,24911600,0.0,0.0,0.0
2024-05-15,43.54009569198793,43.81018483878631,42.89747309874195,43.73102188110352,38792200,0.0,0.0,0.0
2024-05-16,43.633228546759725,43.949883933034606,43.49352983541196,43.60994720458984,24580200,0.0,0.0,0.0
2024-05-17,43.68911535026007,44.289829472875056,43.67514583274428,44.21997833251953,29001600,0.0,0.0,0.0
2024-05-20,44.2386027322194,44.33639290139956,43.82415715926598,43.93125915527344,20134600,0.0,0.0,0.0
2024-05-21,43.81949267341543,44.17806012424147,43.684448112317696,43.717044830322266,22467600,0.0,0.0,0.0
2024-05-22,43.540091129337625,43.55871833262445,42.70654243432524,42.87884140014648,34868000,0.0,0.0,0.0
2024-05-23,43.09305408738483,43.242068178811024,42.413177073204295,42.4876823425293,26931400,0.0,0.0,0.0
2024-05-24,42.81830718592679,42.93007041891954,42.42714652878072,42.548221588134766,19041400,0.0,0.0,0.0
2024-05-28,42.69723386425603,43.09770988351504,42.590128325385166,42.98594665527344,28904200,0.0,0.0,0.0
2024-05-29,42.86488199222819,42.9021328548088,42.03598723802525,42.22691345214844,30053600,0.0,0.0,0.0
2024-05-30,42.1337729807283,42.50164871613154,42.11979991303529,42.34798049926758,22731400,0.0,0.0,0.0
2024-05-31,42.42248550619003,43.4329873438678,42.380576961692526,43.400390625,32503000,0.0,0.0,0.0
2024-06-03,43.25603480292207,43.27000431793808,41.95215892553003,42.26416015625,40796600,0.0,0.0,0.0
2024-06-04,41.82643114215821,41.89628227235984,41.30488006313232,41.85902786254883,34721400,0.0,0.0,0.0
2024-06-05,41.91024791203888,41.97544134679111,41.59825025247099,41.85436630249024,21040200,0.0,0.0,0.0
2024-06-06,41.71001295156839,42.08720407331443,41.55168704216545,42.07323455810547,25506600,0.0,0.0,0.0
2024-06-07,41.994068383948,42.39454436885735,41.70069792872285,41.90559005737305,20089800,0.0,0.0,0.0
2024-06-10,42.06392597049825,42.4737138435379,41.90559649613039,42.22225189208984,22543800,0.0,0.0,0.0
2024-06-11,42.03597608102499,42.18499015012653,41.64947317080188,42.13842391967773,18591200,0.0,0.0,0.0
2024-06-12,42.487681488764565,42.50165100443378,41.477179590561846,41.68672943115234,32560600,0.0,0.0,0.0
2024-06-13,41.57497504415659,41.69139242658434,41.09533599699847,41.30488586425781,28495600,0.0,0.0,0.0
2024-06-14,41.25832095785215,41.30488720177583,40.82524813908624,40.9975471496582,25811400,0.0,0.0,0.0
2024-06-17,40.94166116263656,41.29091328401369,40.79264706629337,41.10464477539063,29547800,0.0,0.0,0.0
2024-06-18,41.37007568344513,41.79849431329029,41.174495350797535,41.27694320678711,29285800,0.0,0.0,0.0
2024-06-20,41.398011586943305,42.25018746664873,41.26762471955627,42.03597640991211,34073800,0.0,0.0,0.0
2024-06-21,42.14774062917153,42.26415798535978,41.73329512536342,41.79383087158203,39972600,0.0,0.0,0.0
2024-06-24,42.02619043667544,43.01194869640357,41.95577836498627,42.84765625,31188200,0.0,0.0,0.0
2024-06-25,42.81010279139674,42.95092693518233,42.57539827262525,42.946231842041016,27666600,0.0,0.0,0.0
2024-06-26,42.99317077309245,42.99317077309245,42.32191930707726,42.52376174926758,23127400,0.0,0.0,0.0
2024-06-27,42.74908384377506,42.79602403449404,42.38294534233726,42.622344970703125,15631600,0.0,0.0,0.0
2024-06-28,42.95092880657607,43.10113956188231,42.631730503886935,42.78663635253906,25670000,0.0,0.0,0.0
2024-07-01,43.129298827529645,43.27012296395998,42.55662283993582,42.81010055541992,24563200,0.0,0.0,0.0
2024-07-02,43.2231891595568,43.23257576542808,42.50499383661604,42.77724838256836,25226800,0.0,0.0,0.0
2024-07-03,42.81480463891851,43.16216637873354,42.73970104334295,42.96501541137695,16280000,0.0,0.0,0.0
2024-07-05,42.88051588859535,42.91337437875676,42.10599024186859,42.29375457763672,23450400,0.0,0.0,0.0
2024-07-08,41.98863972422118,42.42519030096448,41.8712874571537,42.03558349609375,19595000,0.0,0.0,0.0
2024-07-09,41.61780895579495,42.12476801852357,41.49576159749597,41.66474914550781,19086600,0.0,0.0,0.0
2024-07-10,41.61780716417458,41.96047375750313,41.49106471796843,41.94639205932617,19320800,0.0,0.0,0.0
2024-07-11,41.83842600008237,42.47213106237477,41.69291034525121,42.38294219970703,22684800,0.0,0.0,0.0
2024-07-12,42.62234713092055,42.68336902381728,42.176406343221295,42.490909576416016,18117200,0.0,0.0,0.0
2024-07-15,42.7913322575452,43.5236092558895,42.62703621908496,43.13399887084961,30792000,0.0,0.0,0.0
2024-07-16,42.95092551247956,43.36869925554996,42.73030269913317,43.326454162597656,24129400,0.0,0.0,0.0
2024-07-17,43.425032229512304,44.03995693915337,43.41564204297804,43.7583122253418,29435400,0.0,0.0,0.0
2024-07-18,43.71137300687032,44.36385131451808,43.55646715737805,43.838111877441406,32867600,0.0,0.0,0.0
2024-07-19,43.76769368369187,44.06811515393696,43.246649412824766,43.35931015014648,26500200,0.0,0.0,0.0
2024-07-22,43.129307936761,43.33584909213344,42.8429680918337,43.08706283569336,21527600,0.0,0.0,0.0
2024-07-23,42.965011403189,43.00256498812708,42.35008667038259,42.4017219543457,33103800,0.0,0.0,0.0
2024-07-24,42.5143796947924,42.786637817263646,42.11538269809877,42.40641403198242,29328600,0.0,0.0,0.0
2024-07-25,42.434581149795314,43.274823824862175,42.23273510403839,43.1386947631836,36437400,0.0,0.0,0.0
2024-07-26,43.02603221442553,43.45788765052362,42.8711263793121,43.27481842041016,23730800,0.0,0.0,0.0
2024-07-29,43.27951297572215,43.31237146596855,42.5002958150333,42.90398788452149,27156600,0.0,0.0,0.0
2024-07-30,42.89929015308817,43.70667424241301,42.84765487426112,43.5705451965332,25673200,0.0,0.0,0.0
2024-07-31,44.16200348842572,44.19016688490048,43.72075784335166,43.75361633300781,36173800,0.0,0.0,0.0
2024-08-01,43.65504272805765,43.87566556001501,42.37355441413639,42.59417724609375,42558400,0.0,0.0,0.0
2024-08-02,42.10598763345048,42.33600063163813,41.07798431562323,41.49575805664063,45836200,0.0,0.0,0.0
2024-08-05,40.60388570504698,40.923084024940096,40.12039492226192,40.580413818359375,50039200,0.0,0.0,0.0
2024-08-06,40.7306254980662,41.28922346577254,40.57102812518278,40.82920455932617,31418600,0.0,0.0,0.0
2024-08-07,41.32677211351252,41.749240963751376,40.97002024205451,40.99349212646485,26126000,0.0,0.0,0.0
2024-08-08,41.11085241489343,41.93231839139394,41.11085241489343,41.8759880065918,21596800,0.0,0.0,0.0
2024-08-09,41.81495424861657,42.14823420622243,41.54739126398616,41.9698600769043,22345600,0.0,0.0,0.0
2024-08-12,42.21395662971946,42.4486611581664,41.07329247821504,42.1764030456543,28785800,0.0,0.0,0.0
2024-08-13,41.857205917905816,41.894759503024446,41.56147949303734,41.76802062988281,31386400,0.0,0.0,0.0
2024-08-14,41.84781920597544,42.199876007627545,41.68352674813252,42.01211166381836,21657600,0.0,0.0,0.0
2024-08-15,42.25150967152544,42.650506648503104,42.21395608794224,42.51437759399414,18335200,0.0,0.0,0.0
2024-08-16,42.25151380407523,42.57071213313899,42.21865531055281,42.46744155883789,17753000,0.0,0.0,0.0
2024-08-19,42.53784881999535,43.11521993808737,42.53784881999535,42.75377655029297,21762600,0.0,0.0,0.0
2024-08-20,42.65989580681914,42.69744939264981,41.60842047270966,41.627197265625,33866400,0.0,0.0,0.0
2024-08-21,41.89006480602112,42.1013010383324,41.58025667912776,41.69760894775391,22737800,0.0,0.0,0.0
2024-08-22,41.725766208956216,41.99332919881694,41.64127244472091,41.80556488037109,19595400,0.0,0.0,0.0
2024-08-23,42.00271791709564,42.50029029948394,41.95108264179424,42.42987823486328,20734600,0.0,0.0,0.0
2024-08-26,42.899289413912896,43.18562919836309,42.49559737620629,42.81010055541992,19514800,0.0,0.0,0.0
2024-08-27,42.81010307793995,42.92745533811118,42.33600252538908,42.41110610961914,16627200,0.0,0.0,0.0
2024-08-28,42.15293263037336,42.40171884505762,41.95108660276613,42.13884735107422,17049000,0.0,0.0,0.0
2024-08-29,42.38763925072739,42.84765812074194,41.98863868750387,42.68806076049805,22498800,0.0,0.0,0.0
2024-08-30,42.25619986164043,42.86173794807649,42.15762439379829,42.84765625,28085000,0.0,0.0,0.0
2024-09-03,42.14824686090862,42.21396385361509,41.51923675475141,41.782108306884766,38194200,0.0,0.0,0.0
2024-09-04,41.82434699570245,42.09191001963109,41.12492849127619,41.20472717285156,30114000,0.0,0.0,0.0
2024-09-05,41.50045687066877,41.53331536174083,40.84797497999736,40.885528564453125,24991200,0.0,0.0,0.0
2024-09-06,40.97471382274564,41.223500030562384,40.20957840872158,40.373870849609375,35912000,0.0,0.0,0.0
2024-09-09,40.495914201272754,41.04043037841252,40.434892318513256,40.66490173339844,32824400,0.0,0.0,0.0
2024-09-10,40.725932426032486,40.777567710883744,39.62282181397813,39.96548843383789,49326800,0.0,0.0,0.0
2024-09-11,39.96079258248493,39.97956937492085,38.97033916465882,39.59465408325195,48125800,0.0,0.0,0.0
2024-09-12,39.74955853658122,40.10631041770012,39.45383212405908,39.9514045715332,31762000,0.0,0.0,0.0
2024-09-13,40.15325136134704,40.47714475827473,40.05936740070507,40.176719665527344,26195400,0.0,0.0,0.0
2024-09-16,40.51469428144778,40.8902229569548,40.33162503699749,40.6367416381836,26875000,0.0,0.0,0.0
2024-09-17,40.65081764371103,41.21411057808338,40.56163237128117,41.185943603515625,25034600,0.0,0.0,0.0
2024-09-18,41.12493054059785,41.77271379362438,41.06860016069275,41.26575469970703,28209600,0.0,0.0,0.0
2024-09-19,41.9651699741578,42.22803789731659,41.5286194124509,41.75862884521485,37806800,0.0,0.0,0.0
2024-09-20,41.58494688355834,41.763324618296906,41.20472669118515,41.66474914550781,27961600,0.0,0.0,0.0
2024-09-23,41.74378897604867,42.38745768863522,41.60180546087619,42.17921447753906,26630200,0.0,0.0,0.0
2024-09-24,42.66196160517935,42.66196160517935,42.01355906502596,42.07508850097656,34627400,0.0,0.0,0.0
2024-09-25,41.966230259916095,42.094019384797626,41.16638010897985,41.25157165527344,27633600,0.0,0.0,0.0
2024-09-26,40.43278898957261,40.97706815224904,40.30973372241246,40.44225311279297,46896400,0.0,0.0,0.0
2024-09-27,40.6599650073021,41.32729578261093,40.636299284475136,41.265769958496094,30489600,0.0,0.0,0.0
2024-09-30,41.19004953382341,41.63020533267394,40.95340670886901,41.554481506347656,22806600,0.0,0.0,0.0
2024-10-01,41.18057806597511,42.67142831950456,41.12851636489855,42.50104522705078,66114200,0.0,0.0,0.0
2024-10-02,43.09738540184754,43.20624267818457,42.4584505666729,42.93647003173828,41925200,0.0,0.0,0.0
2024-10-03,43.08792060762501,43.75052115673523,42.76135239458241,43.6937255859375,44726000,0.0,0.0,0.0
2024-10-04,44.06288244549447,44.23799939280233,43.66059046420665,44.10074615478516,35945600,0.0,0.0,0.0
2024-10-07,44.25693130493164,44.588229734450266,44.1102103339602,44.25693130493164,32519400,0.0,0.0,0.0
2024-10-08,43.68425845634622,43.73158628997909,42.89386883006024,43.10211563110352,39759800,0.0,0.0,0.0
2024-10-09,42.78028013383884,43.47601046289521,42.69508859128332,43.362422943115234,31519600,0.0,0.0,0.0
2024-10-10,43.60379919819314,43.897237557796345,43.28669872611248,43.655860900878906,26047400,0.0,0.0,0.0
2024-10-11,43.641658067719085,44.08181375283274,43.55646652831379,43.925628662109375,26414600,0.0,0.0,0.0
2024-10-14,43.61800305218704,43.97769751183954,43.55173974553252,43.90670394897461,22198600,0.0,0.0,0.0
2024-10-15,42.73768766259676,43.02165827741861,42.46791503688368,42.4915771484375,37839200,0.0,0.0,0.0
2024-10-16,42.73295877821528,42.837082191662354,42.581507525260285,42.69509506225586,19877000,0.0,0.0,0.0
2024-10-17,42.69035473659308,43.04058863990827,42.64302690424518,42.89860153198242,21433400,0.0,0.0,0.0
2024-10-18,42.81814793746725,42.941203202007536,42.45371601079707,42.75661849975586,24015200,0.0,0.0,0.0
2024-10-21,43.04058583883947,43.17783907133349,42.553102336705294,42.62882614135742,21162000,0.0,0.0,0.0
2024-10-22,42.78501746323848,42.92700097173466,42.57203678417054,42.72822189331055,17956400,0.0,0.0,0.0
2024-10-23,42.60989885373683,42.77554807936684,42.25966854656446,42.50577545166016,19813200,0.0,0.0,0.0
2024-10-24,42.59570089579964,42.72348640969882,42.217070999039606,42.50104522705078,17046600,0.0,0.0,0.0
2024-10-25,42.728219755645625,42.84180727893635,42.36379146343352,42.48684310913086,19104600,0.0,0.0,0.0
2024-10-28,41.58287435801175,42.24547494015639,41.54501064225887,42.21707534790039,24228000,0.0,0.0,0.0
2024-10-29,42.12241152976663,42.1555413719278,41.48347679615443,41.57339859008789,23791600,0.0,0.0,0.0
2024-10-30,41.72012200216421,41.9946284880884,41.55920303732231,41.668060302734375,19364200,0.0,0.0,0.0
2024-10-31,41.93310148157237,42.2454716962234,41.81951395391855,41.928367614746094,31623200,0.0,0.0,0.0
2024-11-01,42.49631373093428,42.647764975910285,41.57813852714584,41.663330078125,26304600,0.0,0.0,0.0
2024-11-04,41.947299427613295,42.45844871784838,41.89050746928655,42.392189025878906,25811800,0.0,0.0,0.0
2024-11-05,42.60043128369312,42.785012350297855,42.411116350772815,42.67615509033203,20876600,0.0,0.0,0.0
2024-11-06,43.84990968684576,44.61663001509056,43.56593906116686,44.28059768676758,50053200,0.0,0.0,0.0
2024-11-07,44.25220054748465,44.25220054748465,43.74105126813189,44.07708358764648,26138000,0.0,0.0,0.0
2024-11-08,44.08181706301743,44.43678123538072,43.90670010473393,44.37052154541016,22336800,0.0,0.0,0.0
2024-11-11,44.37998793293251,44.77281583700861,44.17174472991777,44.62136459350586,20909400,0.0,0.0,0.0
2024-11-12,44.74915560295074,44.8911391185743,44.337395824788885,44.38472366333008,18500400,0.0,0.0,0.0
2024-11-13,44.51723632243419,44.91479804999133,43.98242496713117,44.73021697998047,23676200,0.0,0.0,0.0
2024-11-14,45.02839359133704,45.047325449440194,44.61663380207954,44.90060806274414,18011000,0.0,0.0,0.0
2024-11-15,44.858008884866095,45.28870051691832,44.67342778852445,44.83434677124024,28080400,0.0,0.0,0.0
2024-11-18,45.189306288563664,45.52060473203905,44.990523611596224,45.43067932128906,23892600,0.0,0.0,0.0
2024-11-19,45.066255399205936,45.41175186503093,44.92900214193212,45.1419792175293,23796400,0.0,0.0,0.0
2024-11-20,45.30762786818083,45.62946219072107,45.16564075701693,45.59632873535156,17917600,0.0,0.0,0.0
2024-11-21,45.804573289713694,46.31098866540837,45.69098577288106,45.96549224853516,33541000,0.0,0.0,0.0
2024-11-22,45.90396438866323,46.34412009368962,45.86137042247464,46.03648376464844,21555600,0.0,0.0,0.0
2024-11-25,46.02701648861412,46.25892538069747,45.018919638189736,45.12777328491211,32950600,0.0,0.0,0.0
2024-11-26,45.18930892438451,45.28396459636082,44.858006850702594,45.066253662109375,24932800,0.0,0.0,0.0
2024-11-27,45.02365496899894,45.40228486930828,44.96212914482366,45.018924713134766,15595600,0.0,0.0,0.0
2024-11-29,45.11831125559024,45.288694338335056,45.03785358065021,45.21296691894531,13636400,0.0,0.0,0.0
2024-12-02,45.198768617939,45.27449603680502,44.33265522178984,44.73494720458984,22190000,0.0,0.0,0.0
2024-12-03,45.02365170108386,45.10411298640511,44.53616817716377,44.73021697998047,17886600,0.0,0.0,0.0
2024-12-04,44.71128936549306,44.71128936549306,43.39082216265369,43.65113067626953,32518000,0.0,0.0,0.0
2024-12-05,43.812042378213945,44.11021096907383,43.63692542815724,43.82150650024414,22662400,0.0,0.0,0.0
2024-12-06,43.73158949293448,43.73632335990916,42.99799537980794,43.07845306396485,26206600,0.0,0.0,0.0
2024-12-09,43.4381456910216,43.67005459141169,42.969594023859,43.0074577331543,23627800,0.0,0.0,0.0
2024-12-10,43.253572725238136,43.31509855620813,42.65250157381516,42.71402740478516,23299800,0.0,0.0,0.0
2024-12-11,42.80395077818608,42.94593429151956,42.576772101616925,42.78501892089844,23147600,0.0,0.0,0.0
2024-12-12,42.70928677768436,42.78501419847648,42.39692019412231,42.43951416015625,21746200,0.0,0.0,0.0
2024-12-13,42.5436362373555,42.55783422559264,42.10821441396688,42.22653579711914,22346000,0.0,0.0,0.0
2024-12-16,42.10821462098527,42.10821462098527,41.26576694654055,41.29889678955078,25036200,0.0,0.0,0.0
2024-12-17,40.98652666216131,41.06698433660432,40.60790040019783,40.99126052856445,32011600,0.0,0.0,0.0
2024-12-18,40.87767396568149,41.07171916215688,39.7796516418457,39.7796516418457,39241200,0.0,0.0,0.0
2024-12-19,40.20087845253036,40.3286639707612,39.40575853108729,39.43415451049805,49981400,0.0,0.0,0.0
2024-12-20,39.42941867185797,39.95949979660599,39.32529527138227,39.82224655151367,35704800,0.0,0.0,0.0
2024-12-23,39.7602064601642,40.189737699295975,39.492944196337874,40.05610656738281,34445400,0.0,0.0,0.0
2024-12-24,40.17064753271563,40.47132122455239,39.90815884628348,40.39495849609375,15024200,0.0,0.0,0.0
2024-12-26,40.40927044135367,40.433134701245855,40.11337400926968,40.36154556274414,15386400,0.0,0.0,0.0
2024-12-27,40.328142988535696,40.79585559809384,40.15633049042661,40.35677719116211,20369800,0.0,0.0,0.0
2024-12-30,40.36154852483517,40.581085895490496,40.01792354774855,40.35200500488281,23545400,0.0,0.0,0.0
2024-12-31,40.4474548408622,40.99630008906173,40.366322177010346,40.88175964355469,21165000,0.0,0.0,0.0
2025-01-02,41.21583432687905,41.66445619600879,41.08220321041695,41.359012603759766,34887000,0.0,0.0,0.0
2025-01-03,41.6024157300422,41.8839987384736,41.43537681377372,41.7455940246582,22120800,0.0,0.0,0.0
2025-01-06,41.93649382745331,42.27057163309373,41.44969057789159,41.5546875,22835200,0.0,0.0,0.0
2025-01-07,41.86012773020333,42.28965890366036,41.60718260616049,41.96989822387695,25035800,0.0,0.0,0.0
2025-01-08,41.71218548594738,42.03194621146656,41.56423361321035,42.01285552978516,28483800,0.0,0.0,0.0
2025-01-10,42.55692484909787,43.04849804126224,41.96035473410712,42.18466567993164,34075800,0.0,0.0,0.0
2025-01-13,42.375575062225785,43.32531380510587,42.375575062225785,43.07236862182617,48896200,0.0,0.0,0.0
2025-01-14,42.99600326269552,43.573486387705216,42.93396127624525,43.53530502319336,31173000,0.0,0.0,0.0
2025-01-15,43.80256320057632,44.29413638892599,43.62120719784949,44.179595947265625,34657800,0.0,0.0,0.0
2025-01-16,44.03165017734583,44.54231407460868,43.97915171341622,44.499359130859375,25230600,0.0,0.0,0.0
2025-01-17,44.499354481759056,45.000474806486736,44.341862747599485,44.84297943115234,23899600,0.0,0.0,0.0
2025-01-21,44.728439668755,44.86207078638178,44.38004113393531,44.61389923095703,49302000,0.0,0.0,0.0
2025-01-22,44.47549941169547,44.527997876689646,43.77393232602359,43.80256652832031,35880200,0.0,0.0,0.0
2025-01-23,44.136644559184354,44.29890988111546,43.69279625231252,44.00300979614258,29359200,0.0,0.0,0.0
2025-01-24,44.06505026149157,44.2464062426355,43.52574861555447,43.5782470703125,29156800,0.0,0.0,0.0
2025-01-27,43.430306291987634,43.50666901784752,42.82419263046928,43.12486267089844,31993400,0.0,0.0,0.0
2025-01-28,43.25372225566905,43.40644407340367,42.4996603287655,42.71442413330078,37401800,0.0,0.0,0.0
2025-01-29,42.6094211841349,43.02940885448138,42.54737920609501,42.80986785888672,20681800,0.0,0.0,0.0
2025-01-30,43.07235879824179,43.25371478762201,42.76214163544887,43.0294075012207,39092600,0.0,0.0,0.0
2025-01-31,42.91009449661806,43.005544253025136,41.72649785482638,41.82672119140625,44537400,0.0,0.0,0.0
2025-02-03,41.82195223802616,42.26103063312876,41.44014952898394,42.08921813964844,39816400,0.0,0.0,0.0
2025-02-04,41.89353770161001,43.06281727064264,41.82194856208966,42.97213745117188,40279800,0.0,0.0,0.0
2025-02-05,42.95781970231991,43.12485859789315,42.71919166830818,43.06281661987305,21772000,0.0,0.0,0.0
2025-02-06,43.25849264443104,43.363489569096046,42.04148813206847,42.27057266235352,41309600,0.0,0.0,0.0
2025-02-07,42.42806561961431,42.65237655652117,42.20852826296661,42.26579666137695,22568400,0.0,0.0,0.0
2025-02-10,42.64283423913961,43.26804224180093,42.64283423913961,43.19645309448242,25871400,0.0,0.0,0.0
2025-02-11,43.40167473779406,43.83597593379436,43.12486530142991,43.54484939575195,26226800,0.0,0.0,0.0
2025-02-12,43.18690051749756,43.4828005900948,42.41851795772515,42.49488067626953,38798800,0.0,0.0,0.0
2025-02-13,42.42806380770558,42.91009344039834,42.15125442329391,42.814640045166016,31550400,0.0,0.0,0.0
2025-02-14,42.97691049074207,43.58779767677007,42.97691049074207,42.986454010009766,25885800,0.0,0.0,0.0
2025-02-18,43.19167240333608,43.85983159968892,42.943500860152,43.57347869873047,29574800,0.0,0.0,0.0
2025-02-19,43.75484129513033,44.327547183548766,43.730977032623215,43.91710662841797,24531200,0.0,0.0,0.0
2025-02-20,43.82642760351404,44.39435987441978,43.64029801977203,44.31800079345703,28332200,0.0,0.0,0.0
2025-02-21,44.050738515718926,44.17005253808959,43.37303210136056,43.39689636230469,31276600,0.0,0.0,0.0
2025-02-24,43.473256297409705,43.64029884495082,43.177359846468434,43.40644073486328,26295200,0.0,0.0,0.0
2025-02-25,43.39689552165852,43.597342201476366,42.4328398416954,42.78123474121094,26608600,0.0,0.0,0.0
2025-02-26,42.833734255331954,42.94827469787849,42.3421610631791,42.53783416748047,24305600,0.0,0.0,0.0
2025-02-27,42.83373374315752,43.29189914904026,42.46624815884296,42.76691818237305,30048000,0.0,0.0,0.0
2025-02-28,42.62851882454905,43.46371708023471,42.361256547905775,43.4303092956543,26627200,0.0,0.0,0.0
2025-03-03,43.59734549650475,43.84552071604305,41.52605569949194,41.91263198852539,49501800,0.0,0.0,0.0
2025-03-04,41.29697177772219,42.17989487783077,40.77199077018536,41.50696563720703,50677000,0.0,0.0,0.0
2025-03-05,40.90562196944309,41.11561582927335,40.10383153511652,40.90084838867188,56510800,0.0,0.0,0.0
2025-03-06,40.70517594141878,41.27788184343585,40.385415206812176,41.02493667602539,47104200,0.0,0.0,0.0
2025-03-07,41.21106399683234,42.02717150059618,41.21106399683234,41.72650146484375,44849200,0.0,0.0,0.0
2025-03-10,41.95558760868082,42.614199748978926,41.6453703998452,42.036720275878906,40045400,0.0,0.0,0.0
2025-03-11,42.20853066088945,42.389886668116745,41.47832941027482,41.70263671875,30230200,0.0,0.0,0.0
2025-03-12,41.73127410420518,42.28011570041294,41.57377871900249,41.89353942871094,32240400,0.0,0.0,0.0
2025-03-13,41.74559389184185,42.34693762967046,41.35424401446853,41.6071891784668,30742000,0.0,0.0,0.0
2025-03-14,41.83627152301224,42.89577700767239,41.64536835455251,42.83850860595703,32023200,0.0,0.0,0.0
2025-03-17,42.80509675222514,43.72142750424502,42.80509675222514,43.52098083496094,29761600,0.0,0.0,0.0
2025-03-18,43.764383749119325,43.86461073626703,43.248949918571256,43.59257125854492,30806600,0.0,0.0,0.0
2025-03-19,43.64984207273278,44.49935734043145,43.64029855293647,44.30368423461914,31742600,0.0,0.0,0.0
2025-03-20,44.06028683488963,44.61390570675936,43.87415723101025,44.4659538269043,33163600,0.0,0.0,0.0
2025-03-21,44.317996334102034,44.42299324588896,43.87892164951546,44.15572738647461,36975600,0.0,0.0,0.0
2025-03-24,44.3558213436045,44.923375909088776,44.28367386154982,44.658836364746094,23824600,0.0,0.0,0.0
2025-03-25,44.8560387171628,45.231201216005246,44.70693294409397,44.841609954833984,22292000,0.0,0.0,0.0
2025-03-26,45.260060686861145,45.6063656759372,44.99552480378667,45.10614776611328,25564600,0.0,0.0,0.0
2025-03-27,44.97147588648888,45.139817575678656,44.49049753476172,44.66846084594727,19147800,0.0,0.0,0.0
2025-03-28,44.64440650332848,44.812748177596745,44.23557567451318,44.456825256347656,22248800,0.0,0.0,0.0
2025-03-31,44.36063533116532,45.21196540557275,44.298105796439,44.94742584228516,28813800,0.0,0.0,0.0
2025-04-01,44.97147448519443,45.25524994247578,44.485685337606405,45.21196365356445,27121200,0.0,0.0,0.0
2025-04-02,44.827176571185255,45.3129656868568,44.72136442649606,45.27448654174805,33960600,0.0,0.0,0.0
2025-04-03,43.119707113483656,43.45157965890888,41.70562967869667,41.72005844116211,75657800,0.0,0.0,0.0
2025-04-04,40.23383879537046,40.68595593876661,37.88185501098633,37.88185501098633,100752000,0.0,0.0,0.0
2025-04-07,36.65535475891053,39.23820947741155,36.06375352171705,37.63655090332031,113906800,0.0,0.0,0.0
2025-04-08,38.795712658453866,38.997722670103954,36.17918944997271,36.76598358154297,90538400,0.0,0.0,0.0
2025-04-09,36.04932533491146,40.02220747500899,35.82807573751164,39.61337661743164,118962400,0.0,0.0,0.0
2025-04-10,38.58408369559553,38.58408369559553,36.30424735167102,37.02571487426758,79046600,0.0,0.0,0.0
2025-04-11,37.19886380401061,38.22816084836546,36.46777832708669,37.94438171386719,41916800,0.0,0.0,0.0
2025-04-14,38.84381328481586,38.84381328481586,37.69908244232564,38.07905578613281,32748200,0.0,0.0,0.0
2025-04-15,38.045386131868376,38.72837449705457,38.00209984246821,38.02133941650391,22167000,0.0,0.0,0.0
2025-04-16,38.257022110319056,38.98330051674941,38.16082422924361,38.33397674560547,27331400,0.0,0.0,0.0
2025-04-17,38.64660792298611,39.80576745492437,38.62736834951625,39.19973373413086,47908800,0.0,0.0,0.0
2025-04-21,38.5792671839413,38.675465041150254,37.7519839598095,38.17524719238281,31012000,0.0,0.0,0.0
2025-04-22,38.6706563894061,39.43541013164566,38.50231471686027,39.14682388305664,22097400,0.0,0.0,0.0
2025-04-23,39.488322005071794,39.911585303785365,38.834191152126834,39.07468032836914,43216200,0.0,0.0,0.0
2025-04-24,39.44022243742607,39.81538494177229,39.09872826886546,39.699951171875,21219000,0.0,0.0,0.0
2025-04-25,39.344032140236685,39.66147595631004,39.19011920859457,39.6278076171875,17664800,0.0,0.0,0.0
2025-04-28,39.5845180132337,40.01739557442627,39.531610103386,39.90677261352539,16436800,0.0,0.0,0.0
2025-04-29,39.45945986092613,39.9356273466876,39.38250157213835,39.79133605957031,19843400,0.0,0.0,0.0
2025-04-30,39.151642740735575,39.20935780057208,38.24259385257064,38.7187614440918,37814200,0.0,0.0,0.0
2025-05-01,38.40130615094763,39.3728843830496,38.40130615094763,38.8630485534668,36314400,0.0,0.0,0.0
2025-05-02,39.33440516467584,39.627802224059785,38.63217728027972,39.43060302734375,32038800,0.0,0.0,0.0
2025-05-05,38.93520025762669,38.98810817552615,38.50232263055691,38.7187614440918,29530200,0.0,0.0,0.0
2025-05-06,38.89190902565085,39.06506152232768,38.51193569514191,38.72837448120117,22995400,0.0,0.0,0.0
2025-05-07,38.81494929392611,38.940004685694845,38.44940840963811,38.74280548095703,22446200,0.0,0.0,0.0
2025-05-08,39.09873065940716,39.78652984928585,39.03620479471768,39.25264358520508,30565800,0.0,0.0,0.0
2025-05-09,39.72881057347177,39.84424434882136,39.32479052496145,39.64704513549805,19993200,0.0,0.0,0.0
2025-05-12,41.11402590996662,41.3016071498026,40.38293685302931,40.68114471435547,32610000,0.0,0.0,0.0
2025-05-13,40.88316160449455,41.58057877580055,40.71963071947198,41.25351333618164,29031600,0.0,0.0,0.0
2025-05-14,40.97935613804589,41.16213026932233,40.84468277999407,41.0034065246582,21332600,0.0,0.0,0.0
2025-05-15,40.48394565552519,41.200606018171406,40.38294064532622,41.17655563354492,29721600,0.0,0.0,0.0
2025-05-16,41.26794184823696,41.29198856279851,40.69557646590022,41.11402893066406,21725800,0.0,0.0,0.0
2025-05-19,40.772527538183255,40.8158174919405,40.28193130289744,40.58013916015625,24787000,0.0,0.0,0.0
2025-05-20,40.55128394568743,40.6426710074233,40.166503463337655,40.20497894287109,22782200,0.0,0.0,0.0
2025-05-21,39.9644896183655,40.04144791629666,39.45946454909332,39.46427536010742,25698400,0.0,0.0,0.0
2025-05-22,39.25745585529924,39.536420520844494,38.82457458866178,39.31036376953125,23732200,0.0,0.0,0.0
2025-05-23,38.96405286977134,39.53641454792567,38.9496241079922,39.43540954589844,23511000,0.0,0.0,0.0
2025-05-27,39.7095683894883,39.83943458909825,39.41617132467863,39.77690505981445,19028000,0.0,0.0,0.0
2025-05-28,39.96929432686312,40.08953889684139,39.170872290385375,39.27187728881836,29552600,0.0,0.0,0.0
2025-05-29,39.33441347937151,39.56528472900391,39.08430632271259,39.56528472900391,23792800,0.0,0.0,0.0
2025-05-30,39.262258016142354,39.42098173870289,38.90152428463566,39.21416091918945,31038600,0.0,0.0,0.0
2025-06-02,39.95006278426352,40.00297069925294,39.27188518146762,39.72881317138672,32031000,0.0,0.0,0.0
2025-06-03,39.75767321144949,40.450279558240496,39.38250700620282,40.200172424316406,30352600,0.0,0.0,0.0
2025-06-04,40.18093335660239,40.49357003013367,39.36807873933582,39.41617584228516,44939200,0.0,0.0,0.0
2025-06-05,39.70956954161076,39.72880911505835,39.27669198254703,39.3776969909668,27655000,0.0,0.0,0.0
2025-06-06,39.7336164773211,40.23864514516176,39.7336164773211,40.11840057373047,28556800,0.0,0.0,0.0
2025-06-09,40.27712371051863,40.61381073811171,39.9596799257534,40.19535827636719,28680400,0.0,0.0,0.0
2025-06-10,40.62342775454322,41.17655354675916,40.60418818173177,40.91201400756836,46092200,0.0,0.0,0.0
2025-06-11,41.19098350221569,41.570956819709146,40.7869634701913,41.50362014770508,48996600,0.0,0.0,0.0
2025-06-12,41.31123149862204,41.66234731987433,41.00821644955472,41.64791488647461,34028200,0.0,0.0,0.0
2025-06-13,42.42709537601507,42.60024785747221,41.82106169091504,42.37418746948242,84194800,0.0,0.0,0.0
2025-06-16,42.258755685126495,42.68682609834971,41.93169027922381,42.2491340637207,69406600,0.0,0.0,0.0
2025-06-17,42.60024947191946,42.96098321036393,42.33570992923084,42.64353942871094,67884200,0.0,0.0,0.0
2025-06-18,42.79745183255412,43.01389060520663,42.26837275349543,42.36457061767578,70473000,0.0,0.0,0.0
2025-06-20,42.53291906702046,42.91770324587784,42.40786365845573,42.79745864868164,56744800,0.0,0.0,0.0
2025-06-23,43.33471362787986,43.36380590649828,41.53576831128181,41.71517562866211,105688200,0.0,0.0,0.0
2025-06-24,41.109058055319856,41.60364894299406,41.01692758224972,41.172096252441406,65358800,0.0,0.0,0.0
2025-06-25,41.12360617283711,41.27392490446493,40.85691833181336,40.9926872253418,43723000,0.0,0.0,0.0
2025-06-26,41.0848157352136,41.66183350507493,40.98298537051923,41.579402923583984,33565600,0.0,0.0,0.0
2025-06-27,41.55515950581539,41.55515950581539,41.11391059524702,41.3612060546875,35411800,0.0,0.0,0.0
2025-06-30,41.20119579898212,41.38060313155722,41.00238867978495,41.12361145019531,26247600,0.0,0.0,0.0
2025-07-01,41.18664764529373,41.63274653073707,40.80843321200806,41.43878936767578,40772800,0.0,0.0,0.0
2025-07-02,41.78790872671462,42.21946144346748,41.32726373224695,42.15157699584961,42468800,0.0,0.0,0.0
2025-07-03,42.09338899462927,42.33583450884679,41.99641226871224,42.20006561279297,22266200,0.0,0.0,0.0
2025-07-07,41.943070148292975,42.16611955717376,41.36120244681484,41.792755126953125,35673000,0.0,0.0,0.0
2025-07-08,41.74426644718054,43.07287051546806,41.73457025445524,42.91770553588867,47472400,0.0,0.0,0.0
2025-07-09,42.81102759733327,42.9807387104746,42.57343203893542,42.699501037597656,28672400,0.0,0.0,0.0
2025-07-10,42.60252323164308,43.04862206038522,42.29704323576144,43.02437973022461,28823800,0.0,0.0,0.0
2025-07-11,42.95165015449256,43.36865675400609,42.820727499138826,43.21833801269531,30171600,0.0,0.0,0.0
2025-07-14,43.13590938883073,43.13590938883073,42.51524940760552,42.74314880371094,33441600,0.0,0.0,0.0
2025-07-15,42.660713865294426,42.84497112238834,42.073992471502784,42.1273307800293,33859000,0.0,0.0,0.0
2025-07-16,42.069147970647954,42.311593492402274,41.613349205933815,41.76366424560547,35501600,0.0,0.0,0.0
2025-07-17,41.550311715390855,42.08369108502546,41.448485047504455,42.02065658569336,36085600,0.0,0.0,0.0
2025-07-18,42.35522681106964,42.54918394500587,41.51636747847552,41.68122863769531,60975600,0.0,0.0,0.0
2025-07-21,41.71032456182917,41.78305895584618,41.16724897860872,41.24967956542969,30434400,0.0,0.0,0.0
2025-07-22,41.201192327507314,41.67153722897789,41.16240015638241,41.44363784790039,32444000,0.0,0.0,0.0
2025-07-23,41.61335030850354,42.11763745104491,41.50667368419717,42.09339141845703,28046000,0.0,0.0,0.0
2025-07-24,41.98186724998119,42.44736220576876,41.792760039799525,42.39402389526367,24022200,0.0,0.0,0.0
2025-07-25,42.43766213773503,42.51039653352522,42.01580930111695,42.2340087890625,20143200,0.0,0.0,0.0
2025-07-28,42.5152430916745,42.7867808682654,42.452208593372966,42.71404647827149,23705200,0.0,0.0,0.0
2025-07-29,42.78193172053291,43.145599946415146,42.64131289592751,43.13105010986328,24552000,0.0,0.0,0.0
2025-07-30,42.8643656463061,42.888607976937664,42.24855199735271,42.51524353027344,26552400,0.0,0.0,0.0
2025-07-31,42.0691464045445,42.77708685778168,42.0691464045445,42.28734588623047,24960800,0.0,0.0,0.0
2025-08-01,42.12733332721338,42.27765206916101,41.273927738038765,41.50182342529297,42329400,0.0,0.0,0.0
2025-08-04,41.42909075674768,41.73942071976696,41.19634143477074,41.40969467163086,26509600,0.0,0.0,0.0
2025-08-05,41.39999356915563,41.52121632302348,40.90055641512807,41.46303176879883,31413600,0.0,0.0,0.0
2025-08-06,41.72487731299685,41.96732284369544,40.95874854812727,41.07997131347656,38249400,0.0,0.0,0.0
2025-08-07,41.322416674444,41.78306170110913,40.86661789478677,40.91995620727539,35042000,0.0,0.0,0.0
2025-08-08,41.11391257653677,41.56001145470844,40.905409277044015,41.18179702758789,40736200,0.0,0.0,0.0
2025-08-11,41.26422649617508,41.44363751160313,40.779335459323605,40.85206985473633,28828800,0.0,0.0,0.0
2025-08-12,40.93450010595987,41.40969494590712,40.81327734774552,41.05087661743164,34522600,0.0,0.0,0.0
2025-08-13,41.079966984798986,41.530915772358,40.93449820193808,41.526065826416016,25601200,0.0,0.0,0.0
2025-08-14,41.49697787751475,41.55031619016498,41.04602904292432,41.48727798461914,24944600,0.0,0.0,0.0
2025-08-15,41.50667407098515,41.95762290557558,41.35635902593008,41.48727798461914,27297800,0.0,0.0,0.0
2025-08-18,41.26907869966407,41.43393988548692,41.00238713503861,41.23998641967773,26428400,0.0,0.0,0.0
2025-08-19,41.12360540119074,41.496973550812925,41.016928787012965,41.2545280456543,25693800,0.0,0.0,0.0
2025-08-20,41.32241671770349,41.7685156049615,41.28362454504839,41.59880447387695,27967200,0.0,0.0,0.0
2025-08-21,41.52606935305408,41.97701817891032,41.41454648289106,41.8848876953125,22088000,0.0,0.0,0.0
2025-08-22,42.02550607908921,42.8401231845426,41.95762162858686,42.73829650878906,30936400,0.0,0.0,0.0
2025-08-25,42.631619808042,42.903161308975285,42.49100096099665,42.84982299804688,23412800,0.0,0.0,0.0
2025-08-26,42.68010627504472,42.82072511583789,42.384326154081386,42.78193664550781,22855600,0.0,0.0,0.0
2025-08-27,42.71889886576716,43.417143130538186,42.67041050280805,43.26197814941406,26877400,0.0,0.0,0.0
2025-08-28,43.276521618640096,43.65473600558412,42.99043770523234,43.59170150756836,24086200,0.0,0.0,0.0
2025-08-29,43.61109664721699,43.94082266705425,43.55290839686054,43.82929611206055,23745000,0.0,0.0,0.0
2025-09-02,43.71292667263792,43.96991832415044,43.38320062744216,43.892333984375,25964400,0.0,0.0,0.0
2025-09-03,43.54321450421323,43.90688276443965,42.76253967630653,42.90800476074219,36018200,0.0,0.0,0.0
2025-09-04,42.91285412491754,43.37349910185578,42.72859687402721,43.194091796875,25895400,0.0,0.0,0.0
2025-09-05,42.84012180333383,42.98074064610505,42.1467274817654,42.36008071899414,48182200,0.0,0.0,0.0
2025-09-08,42.50069905135194,42.68495630892984,41.88973532444111,42.26310348510742,34931800,0.0,0.0,0.0
2025-09-09,42.49099724381536,43.0680187209666,42.44250888342003,42.46675491333008,41193400,0.0,0.0,0.0
2025-09-10,42.56373507846927,43.232887084118175,42.46675834983105,43.208641052246094,29932800,0.0,0.0,0.0
2025-09-11,42.864369617398445,43.310468496134966,42.73344696204471,43.21833801269531,25176800,0.0,0.0,0.0
2025-09-12,43.39774449777271,43.5917016376477,42.95164566565754,42.96134185791016,22297800,0.0,0.0,0.0
2025-09-15,43.04377166545051,43.15529822118469,42.74314161850775,42.81587600708008,23287800,0.0,0.0,0.0
2025-09-16,43.00498648503686,43.66928482619587,42.99528659279259,43.53351593017578,41593000,0.0,0.0,0.0
2025-09-17,43.47533422072764,43.94082919445447,43.28622330383295,43.635345458984375,26044800,0.0,0.0,0.0
2025-09-18,43.67412998622672,43.76141050973558,43.16984292811156,43.49956893920898,28713000,0.0,0.0,0.0
2025-09-19,43.460779513754666,43.49472173618031,42.77223517344884,42.922550201416016,29979200,0.0,0.0,0.0
2025-09-22,42.770461892554685,43.08344005163034,42.59930254477799,42.8731575012207,22502400,0.0,0.0,0.0
2025-09-23,43.04431986881498,44.08106242535803,43.04431986881498,43.611595153808594,44214800,0.0,0.0,0.0
2025-09-24,43.919686422308814,44.58965739061141,43.870784276161416,44.17887115478516,35406200,0.0,0.0,0.0
2025-09-25,44.17397817030596,44.61899249632572,44.051720954334336,44.574981689453125,31887200,0.0,0.0,0.0
2025-09-26,44.64833996134188,45.4356767870394,44.63855729400715,44.98576736450195,40161600,0.0,0.0,0.0
2025-09-29,44.67278747296872,44.7363636152494,43.92946521648759,44.15930938720703,37674400,0.0,0.0,0.0
2025-09-30,43.77297615469574,43.86588910494958,43.3475196853428,43.68983840942383,47544800,0.0,0.0,0.0
2025-10-01,43.47466823899901,43.83654856602672,43.42576609712947,43.68983840942383,27661200,0.0,0.0,0.0
2025-10-02,43.59203260988285,43.9783658599087,43.205699359857,43.24971389770508,31793600,0.0,0.0,0.0
2025-10-03,43.46977437095344,43.73385039884478,43.41598089873517,43.47955703735352,24048000,0.0,0.0,0.0
2025-10-06,43.75341747878155,43.94413845652766,43.51868195871237,43.694732666015625,21488400,0.0,0.0,0.0
2025-10-07,43.65560808332147,43.797426911462416,42.99053221454871,43.7631950378418,25324000,0.0,0.0,0.0
2025-10-08,43.76318922557567,43.76318922557567,43.18124745131392,43.50889587402344,20024200,0.0,0.0,0.0
2025-10-09,43.601816467011794,43.97347572723993,42.8731607539189,42.91717529296875,23397800,0.0,0.0,0.0
2025-10-10,42.59930547121254,42.81447936948153,41.66037092948381,41.67504119873047,44892200,0.0,0.0,0.0
2025-10-13,41.99290754991512,42.29610304082816,41.85597634160641,42.2423095703125,22889600,0.0,0.0,0.0
2025-10-14,41.64080715162166,42.477046033946685,41.58701367986443,42.237422943115234,25084600,0.0,0.0,0.0
2025-10-15,42.50638730127288,42.74601412721573,41.89999256403772,42.21297073364258,24267000,0.0,0.0,0.0
2025-10-16,42.28632556506553,42.4134741116718,41.42074240489183,41.70438003540039,29193800,0.0,0.0,0.0
2025-10-17,41.880427785251456,42.13472486063718,41.7092684446998,42.04669952392578,24071800,0.0,0.0,0.0
2025-10-20,42.12005152435837,42.58951875053689,42.12005152435837,42.49171447753906,25352400,0.0,0.0,0.0
2025-10-21,42.60908343139083,42.7068914424527,42.178739375700985,42.39391326904297,25885200,0.0,0.0,0.0
2025-10-22,42.677544829020526,43.12256286016687,42.32055586849079,42.93673324584961,32814000,0.0,0.0,0.0
2025-10-23,43.70450815344495,43.79742109464989,43.244819856453496,43.50889587402344,47308800,0.0,0.0,0.0
2025-10-24,43.70451036991759,43.71918063869427,43.03943082475133,43.06877136230469,21191000,0.0,0.0,0.0
2025-10-27,43.20569869808603,43.34751751410009,42.980745871958455,43.17146682739258,19597200,0.0,0.0,0.0
2025-10-28,43.010086667893,43.14701788248384,42.69710849653073,42.721561431884766,22474600,0.0,0.0,0.0
2025-10-29,42.770461359927936,43.259490193767945,42.682436020596974,43.0394287109375,26807800,0.0,0.0,0.0
2025-10-30,43.0247601864243,43.33773835428558,42.7264522872137,42.785133361816406,20663400,0.0,0.0,0.0
2025-10-31,42.887831445239584,43.34262845459341,42.70200181329716,43.09811401367188,26985400,0.0,0.0,0.0
2025-11-03,43.1078919738319,43.22036651501822,42.609080479459045,43.10300064086914,22232000,0.0,0.0,0.0
2025-11-04,42.57485159438531,42.755793616749166,42.2374242161853,42.638427734375,29477600,0.0,0.0,0.0
2025-11-05,42.64331332686815,43.22525883999408,42.58951985602488,42.75090026855469,23857200,0.0,0.0,0.0
2025-11-06,42.8144749522248,43.57246738938786,42.8144749522248,43.16657257080078,32154800,0.0,0.0,0.0
2025-11-07,43.31817996075176,43.890342866469325,43.20081034086534,43.78764724731445,35458400,0.0,0.0,0.0
2025-11-10,43.90012014114985,44.28645339725059,43.33284859047889,44.18375778198242,31264600,0.0,0.0,0.0
2025-11-11,44.447836468901016,45.073792864595084,44.41360459510507,44.76081466674805,38752800,0.0,0.0,0.0
2025-11-12,44.45761803495298,44.66300927264064,44.07128476540086,44.134857177734375,29863200,0.0,0.0,0.0
2025-11-13,44.27667406471241,44.64833704830081,44.05172123361774,44.24733352661133,32243800,0.0,0.0,0.0
2025-11-14,44.48206546836151,45.098242887866846,43.9245728562833,45.00043487548828,34179400,0.0,0.0,0.0
2025-11-17,44.94665014637714,44.961320417121904,44.00282417485344,44.17887115478516,37447400,0.0,0.0,0.0
2025-11-18,43.98814536817258,44.64833732752902,43.86588815066127,44.53096771240234,34839400,0.0,0.0,0.0
2025-11-19,43.74363207349296,44.09573346606346,43.4355452204909,43.953914642333984,41062800,0.0,0.0,0.0
2025-11-20,44.178865451820506,44.78037259167043,43.42087295689715,43.45510482788086,41630000,0.0,0.0,0.0
2025-11-21,43.528462042107,43.91968291100332,43.06877369688467,43.72896194458008,39317200,0.0,0.0,0.0
2025-11-24,43.68006361186271,43.74363602921677,42.93184995048679,43.60670852661133,33681800,0.0,0.0,0.0
2025-11-25,43.2643838532752,43.50400695006395,42.97585488567746,43.33284759521485,29299000,0.0,0.0,0.0
2025-11-26,43.323064652792645,43.97347392807185,43.28394517978631,43.66049575805664,26611000,0.0,0.0,0.0
2025-11-28,43.6849484571616,44.42337934095896,43.621372318256064,44.23265838623047,16666600,0.0,0.0,0.0
2025-12-01,44.29623885869442,44.90263365277109,44.26200698477867,44.65811920166016,31150000,0.0,0.0,0.0
2025-12-02,44.58965279257023,44.58965279257023,43.86100081642647,44.08106231689453,33305000,0.0,0.0,0.0
2025-12-03,44.379372009369625,44.98576679159609,44.31579959648112,44.90752410888672,30174000,0.0,0.0,0.0
2025-12-04,44.88306981320154,45.17159879125703,44.7510336578163,45.098243713378906,23799600,0.0,0.0,0.0
2025-12-05,45.01999768709285,45.63617512314723,44.90263180008058,44.912410736083984,22164400,0.0,0.0,0.0
2025-12-08,44.65811731018183,44.912410686929135,44.27667537956372,44.42338180541992,27891900,0.0,0.0,0.0
2025-12-09,44.501630428295336,45.068905749907,44.46250722039223,44.697242736816406,20917400,0.0,0.0,0.0
2025-12-10,44.83417009573655,45.25473525191666,44.62877885136796,45.16670989990234,26255100,0.0,0.0,0.0
2025-12-11,44.89285319280155,45.23517192034155,44.83416838336856,44.95153427124024,25827200,0.0,0.0,0.0
2025-12-12,45.039558017953205,45.22539137571757,44.39404006112695,44.51140594482422,33161200,0.0,0.0,0.0
2025-12-15,44.60921530955216,44.60921530955216,43.83654877888115,44.198429107666016,27521600,0.0,0.0,0.0
2025-12-16,43.84632840644839,43.86588627714,42.80958590307405,42.84870910644531,49312400,0.0,0.0,0.0
2025-12-17,43.16169278458936,43.89523615202496,43.0932290354416,43.79742813110352,43375300,0.0,0.0,0.0
2025-12-18,43.67028023844891,43.72896131589284,43.01497960270247,43.16168975830078,29920200,0.0,0.0,0.0
2025-12-19,43.27905564418289,43.55291062157256,43.06388174423716,43.16168975830078,31959600,0.0,0.0,0.0
2025-12-22,43.5394769699306,43.88471749562493,43.49015796991669,43.608524322509766,23707400,0.0,0.0,0.0
2025-12-23,43.76634462416732,43.94389602327536,43.6183876334428,43.89457702636719,19137500,0.0,0.0,0.0
2025-12-24,43.81566497621672,43.953763439748336,43.70716468478233,43.7663459777832,11293900,0.0,0.0,0.0
2025-12-26,43.71702586115342,43.83539220692597,43.39151746957932,43.59865951538086,17884500,0.0,0.0,0.0
2025-12-29,43.90444302249392,44.131317200437614,43.68743866524127,44.01294708251953,31352100,0.0,0.0,0.0
2025-12-30,44.19049695174934,44.47655241585333,44.19049695174934,44.34832000732422,18654700,0.0,0.0,0.0
2025-12-31,44.31873083698076,44.40750654387454,43.96362800940562,44.10172271728516,16965900,0.0,0.0,0.0
2026-01-02,44.111590539790114,45.1571669485899,43.88472011594113,45.02893829345703,31935500,0.0,0.0,0.0
2026-01-05,46.51839086889819,46.67621392795168,45.12757398511479,46.2520637512207,94961000,0.0,0.0,0.0
2026-01-06,46.360563619021065,46.41974867186546,44.91056180811796,45.0190658569336,69568200,0.0,0.0,0.0
2026-01-07,45.19662152386199,45.19662152386199,44.46669128379183,44.51601028442383,42739200,0.0,0.0,0.0
2026-01-08,44.70342159966567,46.21260476247344,44.60478360368023,45.91668701171875,51451000,0.0,0.0,0.0
2026-01-09,46.11396666001867,46.242199064742366,45.87723020228249,46.03505325317383,38839900,0.0,0.0,0.0
2026-01-12,46.11397078949498,46.17315584992859,45.47281247125953,45.70954895019531,28264400,0.0,0.0,0.0
2026-01-13,46.09424187572818,46.74526248138987,46.04492287403233,46.36056900024414,50469200,0.0,0.0,0.0
2026-01-14,46.607165665725375,47.98812022760699,46.53811831391114,47.40614700317383,80750200,0.0,0.0,0.0
2026-01-15,46.98199718183817,47.41600964827695,46.626894362570766,46.9622688293457,49328800,0.0,0.0,0.0
2026-01-16,46.912951006761325,47.15954977490763,46.84390365270424,47.04117965698242,30796300,0.0,0.0,0.0
2026-01-20,47.43573926415899,47.65274738455736,46.85376601992586,46.9524040222168,50178700,0.0,0.0,0.0
2026-01-21,47.63301684967995,48.38267541602881,47.63301684967995,48.08675765991211,58996000,0.0,0.0,0.0
2026-01-22,47.95852765409975,48.33335883744312,47.76124788587699,48.24458312988281,50869500,0.0,0.0,0.0
2026-01-23,48.846283198394005,49.21124831234551,48.42213302699151,48.52077102661133,51431200,0.0,0.0,0.0
2026-01-26,49.19151997127256,49.2112483237608,48.28403833360458,48.55036544799805,40122600,0.0,0.0,0.0
2026-01-27,48.71805040015705,49.14220056817724,48.49117999260181,48.994239807128906,39840300,0.0,0.0,0.0
2026-01-28,49.29016231236838,49.45784766628925,48.88574048860792,49.36907196044922,41890400,0.0,0.0,0.0
2026-01-29,50.45411096737403,51.02621816982149,49.7932242924448,49.82281494140625,77520700,0.0,0.0,0.0
2026-01-30,49.67485372723385,50.39492163910921,49.201384569951365,50.355464935302734,74039400,0.0,0.0,0.0
2026-02-02,49.41839096084957,49.82281278461002,49.09288254796848,49.36907196044922,61479900,0.0,0.0,0.0
2026-02-03,49.556488135493225,51.07553362725899,49.33948002404164,50.9670295715332,83754100,0.0,0.0,0.0
2026-02-04,51.11499073230775,52.23948047719165,51.11499073230775,52.11125183105469,78149900,0.0,0.0,0.0
2026-02-05,51.54900619719447,51.77588038113527,50.74016251736652,51.49968719482422,54235600,0.0,0.0,0.0
2026-02-06,51.78574306864134,52.69322476008177,51.64764835583942,52.52553939819336,41669600,0.0,0.0,0.0
2026-02-09,52.486082350065765,52.98914595806183,52.25921192867882,52.91023254394531,38798500,0.0,0.0,0.0
2026-02-10,53.03846121696996,53.05818956910663,52.51567305514244,52.85104751586914,32146000,0.0,0.0,0.0
2026-02-11,53.54152116818829,54.36023085143168,53.511930521304265,54.23199844360352,57349700,0.0,0.0,0.0
2026-02-12,54.192539951080526,54.48846146135024,53.0285935499345,53.245601654052734,67427800,0.0,0.0,0.0
2026-02-13,53.206147183742296,53.83744317105111,53.07791853756258,53.61056900024414,48392100,0.0,0.0,0.0
2026-02-17,53.81771532399336,54.16295208663945,52.456489100363,53.01873397827149,50499600,0.0,0.0,0.0
2026-02-18,53.788122604072655,54.11363478719556,53.48234253691934,54.03472137451172,59196100,0.0,0.0,0.0
2026-02-19,54.70546873814633,55.11975661707548,54.18268056413429,54.42927932739258,62513500,0.0,0.0,0.0
2026-02-20,54.251728169738456,54.53778363952327,53.76839293586762,54.13336181640625,50833500,0.0,0.0,0.0
2026-02-23,54.29118466274033,55.16907565855058,54.12349554694369,54.399688720703125,44013500,0.0,0.0,0.0
2026-02-24,54.36023074253246,54.46873479795443,53.659891173825024,54.350364685058594,42921700,0.0,0.0,0.0
2026-02-25,54.54764719488352,54.61669454948931,53.45274805356519,54.123497009277344,36207500,0.0,0.0,0.0
2026-02-26,53.630299324899504,54.91261217344385,53.383700555456414,54.301048278808594,47033500,0.0,0.0,0.0
2026-02-27,54.88302079109173,55.38608438119388,54.18268119831275,55.159210205078125,59071500,0.0,0.0,0.0
2026-03-02,56.98404501768559,57.09254908004628,55.50445237705508,56.26397705078125,135633300,0.0,0.0,0.0
2026-03-03,56.6092116872707,56.93472386204049,55.287442161123856,55.75104904174805,154770800,0.0,0.0,0.0
2026-03-04,55.29730846069143,55.66227357958824,54.57724051787404,55.425537109375,70732700,0.0,0.0,0.0
2026-03-05,55.7609126293355,56.2837045800732,55.31703785388459,55.71159362792969,85177800,0.0,0.0,0.0
2026-03-06,56.37248021409155,56.55989392430829,55.40580972636696,55.80036926269531,68219000,0.0,0.0,0.0
2026-03-09,56.066694028505296,56.37247784444592,55.17893699048314,55.55376815795898,88747400,0.0,0.0,0.0
2026-03-10,55.29730766094714,55.69186342186484,54.616692670676656,54.843563079833984,88817900,0.0,0.0,0.0
2026-03-11,54.87315642617765,56.26397326425744,54.78438072320242,56.20478820800781,48743700,0.0,0.0,0.0
2026-03-12,56.35274980272964,57.42792054901559,56.28370245081391,56.727577209472656,69358700,0.0,0.0,0.0
2026-03-13,56.71771352999056,57.14186368871697,56.32315401770606,56.91499328613281,43374600,0.0,0.0,0.0
2026-03-16,56.97417950941003,57.309553995034754,56.49084801597359,57.11227798461914,39474300,0.0,0.0,0.0
2026-03-17,57.43778458299758,58.24662824090066,57.19118581503204,57.71397399902344,40137700,0.0,0.0,0.0
2026-03-18,57.94084699201869,58.167717402372034,57.63506317138672,57.63506317138672,42908000,0.0,0.0,0.0
2026-03-19,58.06907490091974,58.90751294187261,57.72383814233815,58.55241012573242,69231400,0.0,0.0,0.0
2026-03-20,58.74968865942256,59.49934721788898,58.47349549552577,58.50308990478516,73003400,0.0,0.0,0.0
2026-03-23,57.47549807819441,59.41153653534536,57.24714536810346,59.20304107666016,71027200,0.0,0.0,0.0
2026-03-24,59.371822624548365,61.02986715331858,59.34203864083448,60.40437698364258,51207500,0.0,0.0,0.0
2026-03-25,59.88810061008044,60.56323202416012,59.82852885446746,60.13631057739258,42680700,0.0,0.0,0.0
2026-03-26,60.23559356656986,61.417075445045725,60.15616834578744,61.07950973510742,54967600,0.0,0.0,0.0
2026-03-27,61.08943670801752,62.34041707987342,60.82136948547696,62.112064361572266,59553200,0.0,0.0,0.0
2026-03-30,62.67798203894341,63.00561722652753,61.33764594232601,61.516357421875,49750100,0.0,0.0,0.0
2026-03-31,61.595786850274166,62.3801312617225,59.610107097169646,60.82136917114258,94766900,0.0,0.0,0.0
2026-04-01,59.29239753267208,60.185951132456296,57.9421347197891,58.54776763916016,96652900,0.0,0.0,0.0
2026-04-02,60.09659755438024,60.57316024887561,58.5576964766045,58.82576370239258,60400500,0.0,0.0,0.0
2026-04-06,58.686767106752185,59.26261227942818,58.468341116745606,59.252685546875,25474200,0.0,0.0,0.0
2026-04-07,59.381755597908416,60.33488098997417,59.36189834548409,59.729248046875,38811700,0.0,0.0,0.0
2026-04-08,56.27416407763926,57.77335061337328,55.77774414314166,57.63435363769531,88023600,0.0,0.0,0.0
2026-04-09,57.78327948867368,58.597407855091625,56.70108391076933,56.91950988769531,55088500,0.0,0.0,0.0
2026-04-10,56.76065558022724,57.06843731439435,55.99617218587995,56.53230285644531,42561700,0.0,0.0,0.0
2026-04-13,57.207430791312646,57.306717048213,56.24437871737159,56.70108413696289,43100900,0.0,0.0,0.0
2026-04-14,56.09545388317427,56.09545388317427,55.01325824968495,55.54939270019531,58830100,0.0,0.0,0.0
2026-04-15,55.20189406673632,55.80752698035851,54.87425888614051,55.360748291015625,39551500,0.0,0.0,0.0
2026-04-16,55.44017782010455,56.47273218135727,55.37067933303788,56.17488098144531,31282600,0.0,0.0,0.0
2026-04-17,54.02041612682032,54.76504601486914,53.02757627608854,54.62604904174805,90913300,0.0,0.0,0.0
2026-04-20,54.70547368050917,55.32103710835422,54.40762248592345,54.675689697265625,35150000,0.0,0.0,0.0
2026-04-21,54.92390189682722,55.55931881448799,54.52676442959745,55.46996307373047,41299800,0.0,0.0,0.0
2026-04-22,55.95645469177575,56.37344561187344,55.72810198019128,56.13516616821289,40565500,0.0,0.0,0.0
2026-04-23,56.48265811752774,56.78050931324235,56.06566720100398,56.57201385498047,34707200,0.0,0.0,0.0
2026-04-24,56.36352041396586,56.51244412346141,55.767814213832914,56.46280288696289,36426700,0.0,0.0,0.0
2026-04-27,56.69115677347918,57.26700573340741,56.22452459591297,56.36352157592773,33070600,0.0,0.0,0.0
2026-04-28,57.30671778147171,57.63435296497647,56.96915207845813,57.29678726196289,39151300,0.0,0.0,0.0
2026-04-29,57.86270802835476,58.68676696142354,57.64428582627273,58.60733795166016,40616700,0.0,0.0,0.0
2026-04-30,57.78328180632978,59.41153860447417,57.52514131644821,59.222900390625,35896800,0.0,0.0,0.0
2026-05-01,58.63712244473968,59.17325308112495,57.84284754106007,58.42862319946289,35828400,0.0,0.0,0.0
2026-05-04,58.30948565780623,59.20304306414503,57.80313898580329,58.96475982666016,36883000,0.0,0.0,0.0
2026-05-05,58.80590415909029,59.332108070294815,58.46833845688389,59.02433013916016,27041400,0.0,0.0,0.0
2026-05-06,56.87979764316289,57.475500056303616,56.25430745819661,56.59187316894531,57907500,0.0,0.0,0.0
2026-05-07,55.46996369091217,55.74796143601956,54.73526429196117,55.54939270019531,52909900,0.0,0.0,0.0
2026-05-08,55.45010550202801,55.82738571498337,55.06289855677173,55.30118179321289,30573500,0.0,0.0,0.0
2026-05-11,55.85717030494039,56.810299473656464,55.83731684012328,56.76065444946289,31943300,0.0,0.0,0.0
2026-05-12,57.31664536574677,57.42585835766658,56.73086968967258,57.15779113769531,36814500,0.0,0.0,0.0
2026-05-13,57.05850722615089,57.2967866685258,56.552156783183165,57.21736145019531,22707200,0.0,0.0,0.0
2026-05-14,57.237222009711886,57.76342594713718,57.09822124167879,57.65421295166016,23487000,0.0,0.0,0.0
2026-05-15,58.27970109965069,59.04418825368483,58.0612751163885,59.01440048217773,33565500,0.0,0.0,0.0
2026-05-18,58.7066216871356,60.26537995650868,58.29955749807734,60.146240234375,41516600,0.0,0.0,0.0
2026-05-19,60.37459544643889,61.04972687879032,59.86824497848349,60.85115814208984,31111000,0.0,0.0,0.0
2026-05-20,60.37459272804226,61.25821958982081,59.25268263547523,59.37182235717773,61776800,0.0,0.0,0.0
2026-05-21,60.04695539844201,60.156168391060646,58.299558878694455,58.70662307739258,45851100,0.0,0.0,0.0
2026-05-22,58.56762502227034,59.183184675154536,58.40877079612657,59.06404495239258,42428900,0.0,0.0,0.0
2026-05-26,58.44848048028792,59.14346912766657,57.42585665425201,57.43578338623047,38819900,0.0,0.0,0.0
2026-05-27,56.60180079167806,57.08829400705656,56.075596858880125,56.58194732666016,48329800,0.0,0.0,0.0
2026-05-28,57.13793493268975,57.26700517890385,56.27416528854474,56.54223251342773,46554100,0.0,0.0,0.0
2026-05-29,56.27416603230401,56.383379027668326,55.58910786236011,55.88695907592773,32389600,0.0,0.0,0.0
2026-06-01,56.62165750763975,57.39607519442813,56.44294602510272,56.88972473144531,55879400,0.0,0.0,0.0
2026-06-02,56.78051101173333,57.75349363344397,56.67130180703181,57.54499816894531,23842600,0.0,0.0,0.0
2026-06-03,57.822994917988616,58.95483174859303,57.59463841806068,58.28962707519531,46312800,0.0,0.0,0.0
2026-06-04,58.08113192294506,58.60733583780561,57.75349295056385,58.32934188842773,23916300,0.0,0.0,0.0
2026-06-05,58.24991230076228,58.359125290467134,57.21736173306064,57.25707244873047,28213000,0.0,0.0,0.0
2026-06-08,57.66413974086009,58.53783607338215,57.55492675244897,57.91234970092773,25717800,0.0,0.0,0.0
2026-06-09,57.66414214243866,57.79320860013309,56.40323503829512,56.97908020019531,46026300,0.0,0.0,0.0
2026-06-10,57.52514215822325,58.6172683152556,57.36628792650374,57.83292388916016,36515300,0.0,0.0,0.0
2026-06-11,58.35912786966154,58.567627126214326,56.6514458241162,56.71101379394531,40863500,0.0,0.0,0.0
2026-06-12,56.38337897888371,57.73364185243122,56.22452474595952,57.13793563842773,31964700,0.0,0.0,0.0
2026-06-15,54.804763559872185,55.64867596488314,54.6260520738302,55.15225601196289,44319100,0.0,0.0,0.0
2026-06-16,54.606192460846295,55.082755140564025,54.556551225176776,54.96361541748047,42008400,0.0,0.0,0.0
2026-06-17,54.86432867448348,54.96361493232966,54.14948655490839,54.2785530090332,38553000,0.0,0.0,0.0
2026-06-18,53.752351840543504,53.86156483605421,52.86872493124216,53.38500213623047,39645700,0.0,0.0,0.0
2026-06-22,53.52999877929688,54.130001068115234,53.16999816894531,54.060001373291016,30765600,0.0,0.0,0.0
2026-06-23,54.13999938964844,54.560001373291016,53.869998931884766,54.459999084472656,38690400,0.0,0.0,0.0
2026-06-24,53.5,53.77000045776367,52.93999862670898,53.56999969482422,43034600,0.0,0.0,0.0
2026-06-25,53.20000076293945,54.31999969482422,53.0,54.09000015258789,28221700,0.0,0.0,0.0
2026-06-26,54.0,54.150001525878906,53.68000030517578,53.84000015258789,19025200,0.0,0.0,0.0
2026-06-29,53.97999954223633,54.27999877929688,53.470001220703125,53.58000183105469,25142300,0.0,0.0,0.0
2026-06-30,53.619998931884766,54.119998931884766,53.08000183105469,53.11000061035156,28284000,0.0,0.0,0.0
2026-07-01,53.04999923706055,53.43999862670898,52.619998931884766,52.810001373291016,33662700,0.0,0.0,0.0
2026-07-02,53.2400016784668,53.650001525878906,52.90999984741211,53.220001220703125,28525600,0.0,0.0,0.0
2026-07-06,53.060001373291016,53.54999923706055,53.0,53.130001068115234,24735300,0.0,0.0,0.0
2026-07-07,53.61000061035156,54.81999969482422,53.59999847412109,54.63999938964844,41833600,0.0,0.0,0.0
2026-07-08,55.459999084472656,56.040000915527344,54.869998931884766,55.59999847412109,39741400,0.0,0.0,0.0
2026-07-09,55.27999877929688,55.47999954223633,54.72999954223633,54.81999969482422,21770700,0.0,0.0,0.0
2026-07-10,55.08000183105469,55.2400016784668,54.36000061035156,55.08000183105469,22974700,0.0,0.0,0.0
2026-07-13,55.86000061035156,56.970001220703125,55.86000061035156,56.7400016784668,41200900,0.0,0.0,0.0
2026-07-14,57.0,57.220001220703125,56.290000915527344,56.95000076293945,32579000,0.0,0.0,0.0
2026-07-15,56.93999862670898,57.040000915527344,55.7599983215332,56.5,33184200,0.0,0.0,0.0
2026-07-16,56.65999984741211,57.29999923706055,56.59999847412109,57.02000045776367,27477000,0.0,0.0,0.0
2026-07-17,57.95000076293945,58.119998931884766,57.27999877929688,57.68000030517578,31397800,0.0,0.0,0.0
2026-07-20,57.560001373291016,58.38999938964844,57.40999984741211,57.93999862670898,27329300,0.0,0.0,0.0
2026-07-21,58.15999984741211,58.52999877929688,57.83000183105469,58.5,20315700,0.0,0.0,0.0
2026-07-22,59.27000045776367,59.52000045776367,58.900001525878906,59.20000076293945,29548600,0.0,0.0,0.0
2026-07-23,60.2400016784668,60.380001068115234,59.27000045776367,59.380001068115234,35838600,0.0,0.0,0.0
2026-07-24,59.400001525878906,60.45000076293945,59.400001525878906,59.619998931884766,34181900,0.0,0.0,0.0
2026-07-27,58.40999984741211,59.27999877929688,58.22999954223633,58.36000061035156,33819500,0.0,0.0,0.0
2026-07-28,58.40999984741211,58.790000915527344,57.25,57.56999969482422,27800800,0.0,0.0,0.0
2026-07-29,59.08000183105469,59.29999923706055,58.41999816894531,58.650001525878906,34166800,0.0,0.0,0.0
2026-07-30,58.08000183105469,59.11000061035156,58.02000045776367,58.959999084472656,23045700,0.0,0.0,0.0
2026-07-31,58.93000030517578,59.68999862670898,58.31999969482422,59.54999923706055,23556500,0.0,0.0,0.0
2026-08-03,58.68999862670898,59.33000183105469,58.15999984741211,58.790000915527344,26038400,0.0,0.0,0.0
2026-08-04,57.70000076293945,58.720001220703125,57.130001068115234,58.52000045776367,37661500,0.0,0.0,0.0
2026-08-05,58.77000045776367,58.97999954223633,57.209999084472656,57.310001373291016,33213500,0.0,0.0,0.0
2026-08-06,58.38999938964844,58.560001373291016,57.58000183105469,58.15999984741211,25084300,0.0,0.0,0.0
2026-08-07,57.529998779296875,58.04999923706055,57.11000061035156,57.5,21092700,0.0,0.0,0.0
2026-08-10,58.189998626708984,60.209999084472656,58.099998474121094,60.18000030517578,33677800,0.0,0.0,0.0
2026-08-11,59.9900016784668,61.08000183105469,59.9900016784668,60.93000030517578,22400800,0.0,0.0,0.0
2026-08-12,60.470001220703125,61.16999816894531,60.334999084472656,61.029998779296875,22361430,0.0,0.0,0.0
