Date,Open,High,Low,Close,Volume,Dividends,Stock Splits,Capital Gains
2014-01-02,45.12488129788065,45.21462261452875,44.87196546304771,44.97802734375,8771800,0.0,0.0,0.0
2014-01-03,45.05145176757701,45.27988985561792,44.99434224556679,45.084083557128906,3642500,0.0,0.0,0.0
2014-01-06,45.22278524215498,45.369639203902594,44.83117571490662,44.89644241333008,9123500,0.0,0.0,0.0
2014-01-07,45.10041083498268,45.51649814284505,45.10041083498268,45.36964416503906,5714000,0.0,0.0,0.0
2014-01-08,45.44306943972376,45.8346789950219,45.3206900920898,45.7694091796875,7793300,0.0,0.0,0.0
2014-01-09,45.834673901697926,46.14469926561296,45.72861201968357,46.112064361572266,6204700,0.0,0.0,0.0
2014-01-10,46.22628368884428,46.29971066725535,45.85914879678893,46.29155349731445,7734300,0.0,0.0,0.0
2014-01-13,46.38946040920303,46.56078900770009,45.818361968643394,45.916263580322266,12815600,0.0,0.0,0.0
2014-01-14,45.98967849722065,46.56893706886575,45.94072926034593,46.49551010131836,6943500,0.0,0.0,0.0
2014-01-15,46.59342014970548,46.59342014970548,46.33234713150594,46.4547233581543,10054100,0.0,0.0,0.0
2014-01-16,46.43840340936267,46.65052717039529,46.38129388421598,46.56894302368164,5489900,0.0,0.0,0.0
2014-01-17,46.56893754858891,46.69947403532505,46.38944871223848,46.51998519897461,6907500,0.0,0.0,0.0
2014-01-21,46.7565833005598,46.87080233680598,46.430240529369,46.78921508789063,5697400,0.0,0.0,0.0
2014-01-22,46.82185299361337,46.91159741706456,46.674999048372406,46.83001327514648,5391300,0.0,0.0,0.0
2014-01-23,46.64235192203482,46.78920582878626,46.20179331401519,46.50365829467773,7052900,0.0,0.0,0.0
2014-01-24,46.22627321166075,46.31601762184879,45.41041946411133,45.41041946411133,13101900,0.0,0.0,0.0
2014-01-27,45.39410658027162,45.492008168396175,44.8964352462658,45.04328918457031,13825900,0.0,0.0,0.0
2014-01-28,45.32884354081964,45.834672084452286,45.30436580764174,45.64702606201172,8806300,0.0,0.0,0.0
2014-01-29,45.336996009879215,45.68781339744557,45.07592303944407,45.230934143066406,12281200,0.0,0.0,0.0
2014-01-30,45.67966625516017,46.16102023359868,45.65518851914738,46.05495834350586,10714100,0.0,0.0,0.0
2014-01-31,45.58175872043136,45.92441899332377,45.43490476236829,45.65518569946289,10821300,0.0,0.0,0.0
2014-02-03,45.76940479298008,45.899941298901695,44.6761603887981,44.75774765014648,15808800,0.0,0.0,0.0
2014-02-04,45.01066929927643,45.25542801958839,44.87197559585363,45.19831848144531,10080000,0.0,0.0,0.0
2014-02-05,45.173830710486506,45.255417969884846,44.58641800399703,44.94539260864258,16384200,0.0,0.0,0.0
2014-02-06,45.0514644941527,45.25542801958839,44.9861946721398,45.19831848144531,7842200,0.0,0.0,0.0
2014-02-07,45.26358127737021,45.98969086717823,45.14120504003227,45.97337341308594,11497100,0.0,0.0,0.0
2014-02-10,46.063118826837695,46.3731442366633,45.88363305250599,46.35682678222656,7902800,0.0,0.0,0.0
2014-02-11,46.38943926054104,47.02580411469303,46.28337741410414,46.98501205444336,10380300,0.0,0.0,0.0
2014-02-12,47.131865961129925,47.24608497472288,46.84631531491284,46.98501205444336,6535800,0.0,0.0,0.0
2014-02-13,46.7321033278994,47.34399366035158,46.65051919513318,47.31951904296875,8256400,0.0,0.0,0.0
2014-02-14,47.27872792447369,47.56427550711557,47.18082634074437,47.490848541259766,8379800,0.0,0.0,0.0
2014-02-18,47.70297367034599,48.02931332976676,47.60506897150796,47.93141174316406,10874200,0.0,0.0,0.0
2014-02-19,47.915085684900944,48.0864142087335,47.57242863723583,47.6376953125,10732700,0.0,0.0,0.0
2014-02-20,47.70298234119066,48.14354111709967,47.53981092570338,48.07011413574219,9852300,0.0,0.0,0.0
2014-02-21,48.11905941297487,48.31486570519241,47.92325623299276,47.98036575317383,5196300,0.0,0.0,0.0
2014-02-24,48.14353771745311,48.616734477727945,48.07011074128066,48.3393440246582,6464300,0.0,0.0,0.0
2014-02-25,48.26592853227879,48.48620951320706,48.0782824623554,48.21697616577149,6858600,0.0,0.0,0.0
2014-02-26,48.35567298142399,48.51884442421193,48.10275708949085,48.21697616577149,7449000,0.0,0.0,0.0
2014-02-27,48.21697138587141,48.494361877441406,48.08643486702884,48.494361877441406,5980100,0.0,0.0,0.0
2014-02-28,48.535157068271545,48.959398420332846,48.07827769620447,48.494361877441406,10341200,0.0,0.0,0.0
2014-03-03,47.85799692797803,48.33119375581712,47.81720484922131,48.1353874206543,8919900,0.0,0.0,0.0
2014-03-04,48.57594345718766,49.11440692337283,48.57594345718766,49.04913711547852,9658900,0.0,0.0,0.0
2014-03-05,49.12255716941575,49.147034900043856,48.85332703038903,48.926753997802734,10740200,0.0,0.0,0.0
2014-03-06,49.18782281780248,49.35915135656654,48.51882299880798,48.624881744384766,14206800,0.0,0.0,0.0
2014-03-07,48.88596693840047,48.95123674793758,48.19249232936568,48.50251770019531,12630300,0.0,0.0,0.0
2014-03-10,48.50251844401609,48.7309565564276,48.25776287897006,48.70648193359375,7775900,0.0,0.0,0.0
2014-03-11,48.70648314898296,48.95123872013646,48.502519654315726,48.60858154296875,6031700,0.0,0.0,0.0
2014-03-12,48.37197619083934,48.65752379744398,48.22512224680396,48.60041427612305,8822700,0.0,0.0,0.0
2014-03-13,48.75542523953285,48.7799029716205,47.84166978897105,47.939571380615234,12551400,0.0,0.0,0.0
2014-03-14,47.86613566486311,48.05378475690253,47.65401506967733,47.678489685058594,8006100,0.0,0.0,0.0
2014-03-17,47.97220324672013,48.3474952511411,47.89061911088437,48.143531799316406,6430200,0.0,0.0,0.0
2014-03-18,48.24143244212679,48.75541805671316,48.19248009739879,48.65751647949219,6147200,0.0,0.0,0.0
2014-03-19,48.714644665206514,48.98387799605875,48.20065885360242,48.51068115234375,8404800,0.0,0.0,0.0
2014-03-20,48.51068115234375,48.567790686966426,48.249608104858304,48.51068115234375,4895400,0.0,0.0,0.0
2014-03-21,48.71944592227569,48.89137039174636,47.54055267406811,47.63060760498047,19504500,0.0,0.0,0.0
2014-03-24,47.794334224749,47.85164132904583,46.75461471064484,47.09845733642578,20490000,0.0,0.0,0.0
2014-03-25,47.2540035644884,47.835263068281,47.02477204517376,47.5159797668457,14646400,0.0,0.0,0.0
2014-03-26,47.73703303889454,48.10543500561921,47.491427563740295,47.53236389160156,13638300,0.0,0.0,0.0
2014-03-27,47.55691813862774,47.6797208631613,47.01659177208553,47.42593002319336,12961000,0.0,0.0,0.0
2014-03-28,47.57329477538708,48.01538086149159,47.09027548642175,47.24582290649414,13128800,0.0,0.0,0.0
2014-03-31,47.63879012152035,47.92532880467159,47.48324269215485,47.884395599365234,9508100,0.0,0.0,0.0
2014-04-01,48.02357330664045,48.40835234065613,47.85983734814419,48.18730926513672,10114900,0.0,0.0,0.0
2014-04-02,48.30192142149353,48.43290955805541,48.14637398526491,48.40016174316406,8999300,0.0,0.0,0.0
2014-04-03,48.49019699426916,48.52294479587076,47.97443004955184,48.29371643066406,9609100,0.0,0.0,0.0
2014-04-04,48.55570265738694,48.70306467212279,47.46686145106126,47.49142074584961,20115400,0.0,0.0,0.0
2014-04-07,47.24581853160515,47.77795948852996,46.79554709582418,47.0165901184082,15263300,0.0,0.0,0.0
2014-04-08,47.05752520735268,47.082084503180695,46.34527752131269,46.631813049316406,15165000,0.0,0.0,0.0
2014-04-09,46.73824993421807,47.63879299733452,46.70550211879474,47.63060760498047,14438600,0.0,0.0,0.0
2014-04-10,47.614215460681706,47.68789645566205,45.93592960057647,46.0423583984375,17622500,0.0,0.0,0.0
2014-04-11,45.83769481200642,46.41076581613181,45.48566369632783,45.60846328735352,14710100,0.0,0.0,0.0
2014-04-14,45.91957365647792,46.12424282001668,45.34649937396865,45.862266540527344,11085300,0.0,0.0,0.0
2014-04-15,46.04237497824853,46.451713292652215,45.37105726946326,46.35346984863281,17424500,0.0,0.0,0.0
2014-04-16,46.75462398370718,46.836490399510176,46.28797854302225,46.58270263671875,29585700,0.0,0.0,0.0
2014-04-17,46.59907178096503,46.811929451364925,46.32891011992328,46.57451248168945,8656900,0.0,0.0,0.0
2014-04-21,46.66455737385557,47.14757660141735,46.57450246520804,47.13120269775391,5545000,0.0,0.0,0.0
2014-04-22,47.46685902762606,47.90075653608279,47.40136653719992,47.646968841552734,8980300,0.0,0.0,0.0
2014-04-23,47.72884068695699,47.75340310629973,47.24582141325781,47.4095573425293,8668900,0.0,0.0,0.0
2014-04-24,47.65514444846704,47.65514444846704,46.89377527517509,47.33586120605469,8012600,0.0,0.0,0.0
2014-04-25,47.30312809866352,47.31950200374511,46.86104515347272,46.98384475708008,6368600,0.0,0.0,0.0
2014-04-28,47.37681744929522,47.589675129820094,46.64819572142914,47.262203216552734,9735200,0.0,0.0,0.0
2014-04-29,47.34407339442537,47.58148725559003,47.2212706445442,47.54055404663086,8955800,0.0,0.0,0.0
2014-04-30,47.4586785155992,47.65515913007607,47.29494258819977,47.58147811889648,11115200,0.0,0.0,0.0
2014-05-01,47.61422715952361,47.94988441401583,47.31131771595823,47.68790817260742,6857500,0.0,0.0,0.0
2014-05-02,47.67152876992311,47.7615836780857,47.18032415467617,47.278564453125,6126300,0.0,0.0,0.0
2014-05-05,47.11484571030076,47.606053627559945,46.8364954940884,47.58967971801758,7218700,0.0,0.0,0.0
2014-05-06,47.54054325714039,47.54054325714039,47.147578918910376,47.17213821411133,6117700,0.0,0.0,0.0
2014-05-07,47.23763860203201,47.31131961807812,46.68912367746582,47.303131103515625,9058100,0.0,0.0,0.0
2014-05-08,47.327677916611,47.58146557029611,46.918339767568185,47.0493278503418,7710000,0.0,0.0,0.0
2014-05-09,47.09844434061912,47.38498290604201,46.75460180971415,47.33586120605469,7298600,0.0,0.0,0.0
2014-05-12,47.52416939791337,47.851641241584936,47.44230299849696,47.81889343261719,5244500,0.0,0.0,0.0
2014-05-13,47.941703660839735,48.06450327919074,47.82708631150732,47.89258193969727,3230400,0.0,0.0,0.0
2014-05-14,47.86802019079381,48.07268933390752,47.72884354951479,47.92532730102539,3746700,0.0,0.0,0.0
2014-05-15,47.753404480824784,47.802523074917886,47.22126347612618,47.44230651855469,6469400,0.0,0.0,0.0
2014-05-16,47.49960071389113,47.64696270211538,47.245809929059945,47.60602951049805,8913400,0.0,0.0,0.0
2014-05-19,47.60603973389726,47.93350846016215,47.48323700967105,47.900760650634766,4386100,0.0,0.0,0.0
2014-05-20,47.9007640664794,47.93351187834206,47.458681098346325,47.59785461425781,4611800,0.0,0.0,0.0
2014-05-21,47.761583632207234,48.03993374671386,47.66334333385277,47.999000549316406,3921500,0.0,0.0,0.0
2014-05-22,48.01537610918178,48.441085124403685,47.85982558150177,48.28553771972656,3526100,0.0,0.0,0.0
2014-05-23,48.30191135020829,48.40015165139503,48.14636394641238,48.310096740722656,2796300,0.0,0.0,0.0
2014-05-27,48.57207107543945,48.61300426979765,48.31009176094141,48.57207107543945,3246500,0.0,0.0,0.0
2014-05-28,48.54750603290387,48.6703087323346,48.432891845703125,48.432891845703125,4401700,0.0,0.0,0.0
2014-05-29,48.55570792408288,48.817684173583984,48.55570792408288,48.817684173583984,2682200,0.0,0.0,0.0
2014-05-30,48.71943029277841,48.97322109638616,48.71124490305029,48.94866180419922,7778100,0.0,0.0,0.0
2014-06-02,48.90773826845059,49.07147107936954,48.64575890037328,49.01416397094727,4880300,0.0,0.0,0.0
2014-06-03,48.89955599591443,49.13697297425658,48.801315672222486,49.104225158691406,3054500,0.0,0.0,0.0
2014-06-04,49.06327551268013,49.243385314941406,48.94047280695607,49.243385314941406,3599800,0.0,0.0,0.0
2014-06-05,49.30070495605469,49.45625238294871,48.94867377460734,49.30070495605469,3929800,0.0,0.0,0.0
2014-06-06,49.34163037981469,49.448059193539656,49.15333516968765,49.2515754699707,3950900,0.0,0.0,0.0
2014-06-09,49.21064511533554,49.25157831590184,48.8995471696262,48.99778747558594,5533400,0.0,0.0,0.0
2014-06-10,49.00598211023495,49.161529541015625,48.67851021879801,49.161529541015625,6921400,0.0,0.0,0.0
2014-06-11,48.9568631116517,49.17790618221126,48.932303811479606,49.104225158691406,5901200,0.0,0.0,0.0
2014-06-12,48.99777025938288,49.09601365382613,48.7439826312426,48.85859680175781,4305300,0.0,0.0,0.0
2014-06-13,48.89955058042687,48.94048378384831,48.68669604883343,48.817684173583984,2950700,0.0,0.0,0.0
2014-06-16,49.03872680449352,49.284329145946096,48.75218813696284,48.915924072265625,9021700,0.0,0.0,0.0
2014-06-17,48.93230207246675,49.01416848546664,48.74400682416422,48.8913688659668,3728200,0.0,0.0,0.0
2014-06-18,48.84223481746561,49.29250622133159,48.77674232819551,49.28432083129883,5374200,0.0,0.0,0.0
2014-06-19,49.25975314898422,49.44805145263672,49.22700846935114,49.44805145263672,4313800,0.0,0.0,0.0
2014-06-20,49.60090855037978,49.8720848470272,49.55160234429279,49.863868713378906,4426700,0.0,0.0,0.0
2014-06-23,49.89674277714112,49.93782971753157,49.63378259696306,49.67486953735352,3406700,0.0,0.0,0.0
2014-06-24,49.83920940058248,50.1021695225482,49.65020387410844,49.70772933959961,4868300,0.0,0.0,0.0
2014-06-25,49.68308116864468,50.282959221228296,49.65021036541842,50.250091552734375,20099100,0.0,0.0,0.0
2014-06-26,50.37334493111182,50.406215729488615,49.89673089357576,50.31582260131836,11236400,0.0,0.0,0.0
2014-06-27,50.16789840494391,50.30759770634607,50.01176684194744,50.18433380126953,4840900,0.0,0.0,0.0
2014-06-30,50.21721472223136,50.33225938498278,49.92959993062085,49.98712539672852,6434500,0.0,0.0,0.0
2014-07-01,50.184345910713176,50.71848544862385,50.12682357705905,50.619873046875,8145300,0.0,0.0,0.0
2014-07-02,50.60344334494979,51.00609970092773,50.52948560725739,51.00609970092773,4036600,0.0,0.0,0.0
2014-07-03,51.1129233302348,51.22796799231853,50.89105013847392,51.21153259277344,2468600,0.0,0.0,0.0
2014-07-07,51.00610750279576,51.21976461535788,50.784234255780966,50.825321197509766,3900300,0.0,0.0,0.0
2014-07-08,50.74314556123834,50.76779709847754,50.17613826160841,50.34870529174805,7145400,0.0,0.0,0.0
2014-07-09,50.48838587387483,50.61164979134751,50.21720964405923,50.56234359741211,5879900,0.0,0.0,0.0
2014-07-10,50.1596989067457,50.63631301930541,49.97069648842613,50.52948760986328,4726600,0.0,0.0,0.0
2014-07-11,50.603450534601336,50.68562441716479,50.32405494525983,50.63631820678711,3779600,0.0,0.0,0.0
2014-07-14,50.93214689607671,50.93214689607671,50.67740285607904,50.80066680908203,4078700,0.0,0.0,0.0
2014-07-15,50.83352545729503,50.866396254865535,50.25008290671158,50.36512756347656,5498900,0.0,0.0,0.0
2014-07-16,50.52948836151079,50.56235603081832,49.97891336540516,50.20078659057617,5279000,0.0,0.0,0.0
2014-07-17,50.00355695528297,50.422651803365206,49.59268137427084,49.650203704833984,7321900,0.0,0.0,0.0
2014-07-18,49.83100756682873,50.554149722591234,49.715962865061904,50.4637565612793,8938700,0.0,0.0,0.0
2014-07-21,50.31582693069017,50.34047846422795,50.08573759171855,50.25830459594727,3731900,0.0,0.0,0.0
2014-07-22,50.51303785467349,50.83352026139868,50.48838319164977,50.69382095336914,5640400,0.0,0.0,0.0
2014-07-23,51.07184195730863,51.178667363880535,50.866404142733344,51.10470962524414,7264400,0.0,0.0,0.0
2014-07-24,51.21975605294178,51.27727838869263,50.94857664034591,50.99788284301758,6107400,0.0,0.0,0.0
2014-07-25,50.8910537210733,50.9074891217754,50.55413584351052,50.80887985229492,4129300,0.0,0.0,0.0
2014-07-28,50.82529876289731,50.98964959199973,50.58699335216671,50.85816955566406,7004900,0.0,0.0,0.0
2014-07-29,51.014309260584014,51.08826384947025,50.80065222136275,50.899261474609375,5321800,0.0,0.0,0.0
2014-07-30,51.15401582924583,51.34301824248722,50.84174947336636,51.10470962524414,7752700,0.0,0.0,0.0
2014-07-31,50.64452592536796,50.7513513213902,50.05286407470703,50.05286407470703,8415200,0.0,0.0,0.0
2014-08-01,49.9378129745311,50.34868851014376,49.71593980913247,50.09394454956055,16923800,0.0,0.0,0.0
2014-08-04,50.200784830784,50.40622264673341,49.855647669928224,50.307613372802734,9208900,0.0,0.0,0.0
2014-08-05,50.09397224126887,50.258323173312654,49.65844493587613,49.82279586791992,10309500,0.0,0.0,0.0
2014-08-06,49.60912000260644,50.00356020988333,49.4283368668121,49.79812240600586,9568000,0.0,0.0,0.0
2014-08-07,49.90495138532059,49.96247372013899,49.06676476188255,49.15715789794922,10947000,0.0,0.0,0.0
2014-08-08,49.2228995718212,49.77347138723344,49.05854870007367,49.7406005859375,5472600,0.0,0.0,0.0
2014-08-11,49.937823223140114,50.08573869709551,49.6912984781252,49.71595001220703,4700600,0.0,0.0,0.0
2014-08-12,49.66665026843585,49.79813035852488,49.53517017834682,49.67486953735352,2878500,0.0,0.0,0.0
2014-08-13,49.87207884732882,50.32404451192295,49.85564344727703,50.27473831176758,4751900,0.0,0.0,0.0
2014-08-14,50.36514425890166,50.86641311645508,50.20900948605089,50.86641311645508,4797400,0.0,0.0,0.0
2014-08-15,51.11293980197951,51.170462151558624,50.44732001219307,50.91571807861328,7777600,0.0,0.0,0.0
2014-08-18,51.17045773418698,51.38411170921784,51.10471612049584,51.31015396118164,7448800,0.0,0.0,0.0
2014-08-19,51.38411165336552,51.679942645188746,51.20332848537674,51.647071838378906,3874500,0.0,0.0,0.0
2014-08-20,51.54846183037464,51.72924813056287,51.40876560548927,51.63885498046875,4513800,0.0,0.0,0.0
2014-08-21,51.71281051635742,51.868942137741854,51.66350430894168,51.71281051635742,3125900,0.0,0.0,0.0
2014-08-22,51.79497933081674,51.91002400214156,51.638847724694806,51.76211166381836,3248900,0.0,0.0,0.0
2014-08-25,52.07437054888887,52.26337294103603,51.94289048762423,52.15654754638672,4863000,0.0,0.0,0.0
2014-08-26,52.230505874028765,52.3784213364844,52.12367734342593,52.345550537109375,3601300,0.0,0.0,0.0
2014-08-27,52.4688178099558,52.493472479896674,52.23051232189794,52.30447006225586,4151700,0.0,0.0,0.0
2014-08-28,52.156552458091866,52.40307720433737,52.09903012179232,52.28803253173828,3466000,0.0,0.0,0.0
2014-08-29,52.37019936797388,52.52633095485388,52.23871931198762,52.477027893066406,4139100,0.0,0.0,0.0
2014-09-02,52.58386120198087,52.63316740298578,52.312681798552,52.4523811340332,5076800,0.0,0.0,0.0
2014-09-03,52.78108986275855,52.92900535063438,52.56743276483457,52.690696716308594,5421900,0.0,0.0,0.0
2014-09-04,52.80573468586039,52.93721161977675,52.3208982102248,52.42772674560547,6231400,0.0,0.0,0.0
2014-09-05,52.44416929608267,52.740000274557296,51.89359741315796,52.731781005859375,6349400,0.0,0.0,0.0
2014-09-08,52.63318387435152,52.838621740731554,52.5345714414813,52.74000930786133,7204800,0.0,0.0,0.0
2014-09-09,52.81395064849471,52.830389184572105,52.46881662444417,52.60029983520508,6667300,0.0,0.0,0.0
2014-09-10,52.67425039729827,53.0358229296816,52.567424998850505,52.9700813293457,7039600,0.0,0.0,0.0
2014-09-11,52.76465554094149,52.89613877154212,52.559217695227126,52.82217788696289,6360300,0.0,0.0,0.0
2014-09-12,52.79752067400277,52.822172209724506,52.2880357491149,52.43595123291016,7340200,0.0,0.0,0.0
2014-09-15,52.43594873312068,52.4934710702174,52.11546311035458,52.29624938964844,6082500,0.0,0.0,0.0
2014-09-16,52.22230096415645,53.052268500798704,52.15656248206508,53.01118469238281,6907900,0.0,0.0,0.0
2014-09-17,52.97830674567571,53.25769917533479,52.666037242568734,53.05226135253906,6704300,0.0,0.0,0.0
2014-09-18,53.22483230328863,53.47136021664145,53.12622615351972,53.44670867919922,5460700,0.0,0.0,0.0
2014-09-19,53.73616093302016,53.85985792055029,53.43102701622216,53.50524520874024,6833500,0.0,0.0,0.0
2014-09-22,53.38979203418712,53.43927712243825,53.01043991391688,53.216609954833984,4005700,0.0,0.0,0.0
2014-09-23,52.72180573743888,53.13414583978337,52.63933897533211,52.90323638916016,7833900,0.0,0.0,0.0
2014-09-24,53.03518154387771,53.82687377929688,53.01869070830695,53.82687377929688,8120900,0.0,0.0,0.0
2014-09-25,53.76090355473105,53.77739439012069,52.94446563720703,52.94446563720703,11661500,0.0,0.0,0.0
2014-09-26,53.19188374011392,53.19188374011392,52.65584024251009,53.10941696166992,6513000,0.0,0.0,0.0
2014-09-29,52.66407656125842,53.17538053561031,52.62284318162494,52.99394989013672,10284100,0.0,0.0,0.0
2014-09-30,53.1011607786059,53.20012467362888,52.66408125292365,52.70531463623047,7580800,0.0,0.0,0.0
2014-10-01,52.862004840448186,52.862004840448186,51.9795971900032,52.15278244018555,11141700,0.0,0.0,0.0
2014-10-02,52.15278350798691,52.276483665329145,51.600246071626735,52.04557418823242,7225200,0.0,0.0,0.0
2014-10-03,52.48265694455936,53.18363398334847,52.44966897555835,53.1176643371582,11383100,0.0,0.0,0.0
2014-10-06,53.34856290204017,53.52999354848105,52.65582827852141,52.87024688720703,8287500,0.0,0.0,0.0
2014-10-07,52.76304052089519,52.78778306690912,52.029075622558594,52.029075622558594,11281800,0.0,0.0,0.0
2014-10-08,52.13628077931246,53.39804041881251,52.00433207940333,53.35680389404297,11412300,0.0,0.0,0.0
2014-10-09,53.27434899682982,53.33207636927288,52.21875916254994,52.251747131347656,15686000,0.0,0.0,0.0
2014-10-10,52.194004498109294,52.829005409317645,51.93010711669922,51.93010711669922,15606800,0.0,0.0,0.0
2014-10-13,51.95485794688996,51.979597348746296,50.643616168108416,50.70134353637695,17937500,0.0,0.0,0.0
2014-10-14,51.00647396201592,51.17965921137272,49.97562361398888,50.32199096679688,19321000,0.0,0.0,0.0
2014-10-15,49.75295697823472,50.1323091076095,48.82931290770665,49.909645080566406,32120100,0.0,0.0,0.0
2014-10-16,49.23342133118437,50.23952929676626,49.02725122774214,49.65400695800781,30185000,0.0,0.0,0.0
2014-10-17,50.132313920281966,50.767318100015565,50.01685918685868,50.4456901550293,15704700,0.0,0.0,0.0
2014-10-20,50.2807556796323,51.097187362672045,50.2807556796323,51.05595397949219,9848900,0.0,0.0,0.0
2014-10-21,51.48480220165213,52.441431424878445,51.43532024072606,52.40844345092773,14961400,0.0,0.0,0.0
2014-10-22,52.42493032813677,52.55687906013866,51.99609616265417,52.14453887939453,13813800,0.0,0.0,0.0
2014-10-23,52.55687384128211,53.32382989888645,52.55687384128211,53.035186767578125,11165000,0.0,0.0,0.0
2014-10-24,53.18362638223008,53.80213655602373,53.06817165313346,53.77739715576172,9703500,0.0,0.0,0.0
2014-10-27,53.785661413310585,53.89286760966343,53.59598213627267,53.83514022827149,9110800,0.0,0.0,0.0
2014-10-28,54.263960253406914,54.263960253406914,53.75265625892128,54.23097229003906,8770600,0.0,0.0,0.0
2014-10-29,54.214470263673,54.404149462946194,53.89284551466158,54.255706787109375,10162400,0.0,0.0,0.0
2014-10-30,54.17324530372549,55.28656233493508,54.12376021242434,55.25357437133789,11630600,0.0,0.0,0.0
2014-10-31,55.962806723405606,56.07001289938808,55.29481768110817,55.47624206542969,11388000,0.0,0.0,0.0
2014-11-03,55.55871056831422,55.63292877055894,55.1463704443476,55.542213439941406,8680700,0.0,0.0,0.0
2014-11-04,55.52573666720439,55.698918808117455,55.21235406685569,55.55047607421875,5716000,0.0,0.0,0.0
2014-11-05,56.05352736517623,56.07001820465253,55.36079256274204,55.49274444580078,6592100,0.0,0.0,0.0
2014-11-06,55.56695507028996,55.95455580906065,55.56695507028996,55.83085250854492,7962400,0.0,0.0,0.0
2014-11-07,55.83085075873646,55.88033585247856,55.10513439923296,55.278316497802734,13895600,0.0,0.0,0.0
2014-11-10,55.40200899657444,55.86382783608522,55.18759041031166,55.839088439941406,5455300,0.0,0.0,0.0
2014-11-11,55.96280224584652,56.25143907486829,55.82260811343752,56.04526901245117,9777500,0.0,0.0,0.0
2014-11-12,55.83085483113779,56.053522039691416,55.74013949310654,55.96280670166016,3879900,0.0,0.0,0.0
2014-11-13,56.04526930598183,56.24319080523178,55.65766857991788,55.92156600952149,5216600,0.0,0.0,0.0
2014-11-14,55.90507925382935,55.90507925382935,55.23709021271665,55.45975112915039,6331800,0.0,0.0,0.0
2014-11-17,55.34427576337973,55.88031902619727,55.34427576337973,55.731876373291016,8587200,0.0,0.0,0.0
2014-11-18,55.77310371909631,56.672008151900336,55.72362493461843,56.63077163696289,8240100,0.0,0.0,0.0
2014-11-19,56.56484427417545,56.59783225607418,56.16900107501905,56.31744384765625,6253600,0.0,0.0,0.0
2014-11-20,56.07000232170215,56.30091175983313,55.89682024310391,56.078250885009766,9041600,0.0,0.0,0.0
2014-11-21,56.63905235970034,56.75450711691336,56.18547560506894,56.342166900634766,8098700,0.0,0.0,0.0
2014-11-24,56.56479572978651,56.63902019831215,56.44934103813224,56.63077163696289,5020100,0.0,0.0,0.0
2014-11-25,56.74624351075919,56.87819536506554,56.4823460939572,56.70501327514648,5510200,0.0,0.0,0.0
2014-11-26,56.894685091792006,57.0761157420209,56.67202420675419,57.05137634277344,5325900,0.0,0.0,0.0
2014-11-28,57.10910142315991,57.71936298351999,57.10910142315991,57.40598678588867,4395500,0.0,0.0,0.0
2014-12-01,57.19982454384749,57.6781406147745,57.12560004713961,57.26580047607422,8537400,0.0,0.0,0.0
2014-12-02,57.47197162837284,57.98326938323643,57.47197162837284,57.90080261230469,7444800,0.0,0.0,0.0
2014-12-03,58.03272210406972,58.082200880663386,57.76882480922383,57.991485595703125,6577000,0.0,0.0,0.0
2014-12-04,57.89256310958989,58.23068510269098,57.69464157001079,57.91730880737305,4235400,0.0,0.0,0.0
2014-12-05,57.95852736621874,58.42859486031405,57.90079999998988,58.37911605834961,8325100,0.0,0.0,0.0
2014-12-08,58.30489442899389,58.90691381366209,58.30489442899389,58.58528900146485,5942800,0.0,0.0,0.0
2014-12-09,57.90905957884991,58.3956180022089,57.570937589617614,58.337890625,9776300,0.0,0.0,0.0
2014-12-10,58.29665992404314,58.32964789530656,57.39775500959854,57.43899154663086,9011200,0.0,0.0,0.0
2014-12-11,57.65338980940869,58.28014216615859,57.47195917757741,57.60390472412109,7383300,0.0,0.0,0.0
2014-12-12,57.282298566833866,57.61217197792792,56.67203684598767,56.72151565551758,10438600,0.0,0.0,0.0
2014-12-15,57.05962200516888,57.07611283989182,56.00403241221275,56.20195388793945,17776200,0.0,0.0,0.0
2014-12-16,55.96281630262488,56.919442360784565,55.51748810092875,55.55047607421875,14735600,0.0,0.0,0.0
2014-12-17,55.616434759024045,56.72975177181584,55.509222306154136,56.58955764770508,17776200,0.0,0.0,0.0
2014-12-18,57.25753478793938,58.14819073120375,57.13383152496222,58.13994216918945,16048100,0.0,0.0,0.0
2014-12-19,58.35515926807227,58.71108460557373,57.95784476675214,58.28066635131836,17822000,0.0,0.0,0.0
2014-12-22,57.94129030853539,58.04062050821441,57.436372844924485,57.72607803344727,9896600,0.0,0.0,0.0
2014-12-23,57.8585258686574,57.89990872094602,56.10373000203171,56.40171432495117,22190400,0.0,0.0,0.0
2014-12-24,56.443112598592336,57.13840525417928,56.393444326692325,56.81558990478516,4519100,0.0,0.0,0.0
2014-12-26,57.03907259934363,57.37843977729553,57.00596252818485,57.221168518066406,4242800,0.0,0.0,0.0
2014-12-29,57.16323264105532,57.50260616479398,57.09701880785101,57.41983413696289,5225900,0.0,0.0,0.0
2014-12-30,57.32878005439906,57.46121402907674,57.10528864417336,57.1715087890625,4965100,0.0,0.0,0.0
2014-12-31,57.33705794009179,57.65987959638745,56.59210334662829,56.60037612915039,7863600,0.0,0.0,0.0
2015-01-02,56.8735512613092,57.40330003993496,56.575566783944254,56.80733108520508,7516800,0.0,0.0,0.0
2015-01-05,56.550726354496376,57.014254879623415,56.41001324009746,56.517616271972656,10784800,0.0,0.0,0.0
2015-01-06,56.70797341558289,57.18805361910609,55.979564541782494,56.32721710205078,13344500,0.0,0.0,0.0
2015-01-07,56.70799985732017,57.66816702717197,56.58383862183773,57.651615142822266,14146400,0.0,0.0,0.0
2015-01-08,58.22272264655538,58.70280919051502,58.12339875132246,58.63658905029297,22138400,0.0,0.0,0.0
2015-01-09,58.68626144700144,58.75248159188818,57.91646962921966,58.1151237487793,9724300,0.0,0.0,0.0
2015-01-12,58.56209529259609,58.76902849150986,57.98268486167757,58.139949798583984,11972100,0.0,0.0,0.0
2015-01-13,58.686271473196896,59.00908684079509,57.39500368770244,57.88336944580078,14219800,0.0,0.0,0.0
2015-01-14,57.32876149988533,57.94128185411553,57.17149028544976,57.79228973388672,12548000,0.0,0.0,0.0
2015-01-15,58.007520751761255,58.115123750880656,57.13839871661793,57.1715087890625,16382800,0.0,0.0,0.0
2015-01-16,57.08047102215676,58.355180691528645,57.06391913961259,58.24757766723633,13759300,0.0,0.0,0.0
2015-01-20,58.33862880898447,58.487621012290326,57.56883681108789,58.24757766723633,10387200,0.0,0.0,0.0
2015-01-21,58.18964496053536,58.58695334966172,57.89993329604796,58.363468170166016,8391000,0.0,0.0,0.0
2015-01-22,58.620052659146126,59.06702925107788,57.80887151487699,59.05875015258789,11497400,0.0,0.0,0.0
2015-01-23,58.97595547032086,59.03389650730176,58.694529380727744,58.7193603515625,6815600,0.0,0.0,0.0
2015-01-26,58.7773300651201,59.05875629201685,58.42140457427261,59.0256462097168,7871700,0.0,0.0,0.0
2015-01-27,58.49588722420881,59.01736303474442,58.35517413553468,58.60349655151367,10040100,0.0,0.0,0.0
2015-01-28,58.711091275174695,58.926303584300456,57.6681461164427,57.75919723510742,11005400,0.0,0.0,0.0
2015-01-29,57.75921187830521,58.297239629970925,57.29568338584346,58.24757766723633,12120000,0.0,0.0,0.0
2015-01-30,57.99922089984111,58.37997712404908,57.25426032417408,57.337032318115234,13886500,0.0,0.0,0.0
2015-02-02,57.444650249556815,57.68469348872458,56.65002762081144,57.65986251831055,18042300,0.0,0.0,0.0
2015-02-03,57.94130522594507,58.07374552628148,57.17151334676776,58.04890823364258,17432800,0.0,0.0,0.0
2015-02-04,57.35360567482182,57.63503179167287,57.00595941926464,57.32049560546875,15184800,0.0,0.0,0.0
2015-02-05,57.68470659142689,58.3386163262912,57.68470659142689,58.28894805908203,10801400,0.0,0.0,0.0
2015-02-06,58.28894575364738,58.52898903784525,57.60192597285008,57.75919723510742,11886100,0.0,0.0,0.0
2015-02-09,57.49433372631029,57.65988411624696,56.94803322727341,57.08046722412109,8139000,0.0,0.0,0.0
2015-02-10,57.54399313725753,58.09857902510705,57.41155914627503,58.0406379699707,8629000,0.0,0.0,0.0
2015-02-11,58.09028886631731,58.41310415705327,57.76747357558135,58.09856796264648,8088100,0.0,0.0,0.0
2015-02-12,58.37171003553254,58.47104023775033,57.81713061545738,58.30549621582031,10124100,0.0,0.0,0.0
2015-02-13,58.34686924203713,58.58691245399815,58.081995062476445,58.53725051879883,8592300,0.0,0.0,0.0
2015-02-17,58.5952033678724,58.984238779004976,58.53726232675264,58.95940780639648,8381700,0.0,0.0,0.0
2015-02-18,58.95115326086853,59.05875629201685,58.66144793462115,59.0256462097168,7780900,0.0,0.0,0.0
2015-02-19,58.95941399350167,59.22428825428744,58.86008377754432,59.12495803833008,5383600,0.0,0.0,0.0
2015-02-20,59.0421976983481,59.77060048085984,58.93458836432697,59.74576950073242,8213700,0.0,0.0,0.0
2015-02-23,59.83679581140547,60.2092729889779,59.72919283713101,60.01889801025391,8577500,0.0,0.0,0.0
2015-02-24,60.10169879456767,60.13480887522216,59.72094233969427,59.944427490234375,8052200,0.0,0.0,0.0
2015-02-25,59.89475139108838,60.10168461001416,59.67953907517737,59.91958236694336,9629700,0.0,0.0,0.0
2015-02-26,59.91958472855474,60.10996607611426,59.63815857097214,60.08512878417969,4424900,0.0,0.0,0.0
2015-02-27,60.06027288028688,60.13477209496904,59.76228865175484,59.7953987121582,6745300,0.0,0.0,0.0
2015-03-02,59.98581160192933,60.35001614325675,59.87820227011806,60.333457946777344,6769900,0.0,0.0,0.0
2015-03-03,60.3003378557875,60.30861695265242,59.48916318584119,59.787147521972656,10144000,0.0,0.0,0.0
2015-03-04,59.61332377814401,60.15963055179025,59.265677457697045,60.07685852050781,9153500,0.0,0.0,0.0
2015-03-05,60.1513401643763,60.56520655821144,60.07684724473397,60.29205322265625,6252100,0.0,0.0,0.0
2015-03-06,60.010612480838375,60.14305272583645,59.03388777682217,59.1083869934082,12314900,0.0,0.0,0.0
2015-03-09,59.29050441340696,59.53054770841276,58.951137213640685,59.47260665893555,10306300,0.0,0.0,0.0
2015-03-10,58.951130233776965,59.21600447361154,58.76902800980944,58.81041717529297,12323900,0.0,0.0,0.0
2015-03-11,59.12495952435949,59.19117966999541,58.73592406262426,58.77731323242188,7525100,0.0,0.0,0.0
2015-03-12,59.05046418250072,59.55538177490234,58.99252313001698,59.55538177490234,7574200,0.0,0.0,0.0
2015-03-13,59.47260134229982,59.82852670444158,59.04218305824708,59.439491271972656,6480400,0.0,0.0,0.0
2015-03-16,59.95269423697209,60.76387525812208,59.73748191460971,60.75559616088867,13635100,0.0,0.0,0.0
2015-03-17,60.54037124403837,60.705915263662334,60.20927688969089,60.58176040649414,10142500,0.0,0.0,0.0
2015-03-18,60.4493154502654,61.62469431769197,60.21755131472765,61.36809921264648,12886900,0.0,0.0,0.0
2015-03-19,61.36812697003519,61.80682447002999,61.26052394846538,61.72405242919922,9403900,0.0,0.0,0.0
2015-03-20,62.5856095599996,63.09193925838456,61.82196705293992,62.17058563232422,9544300,0.0,0.0,0.0
2015-03-23,61.97971811598421,62.3283369556628,61.755607814124346,61.99632263183594,4667800,0.0,0.0,0.0
2015-03-24,62.07100191620187,62.23701535193858,61.448465780910574,61.45676803588867,8467700,0.0,0.0,0.0
2015-03-25,61.63107766952181,61.93819777743472,60.319600018778125,60.336204528808594,15039100,0.0,0.0,0.0
2015-03-26,59.99586244710089,60.69310599064526,59.69704469026232,60.195072174072266,18253800,0.0,0.0,0.0
2015-03-27,60.36110146355838,60.8591290786087,60.26149340744243,60.62671661376953,8841600,0.0,0.0,0.0
2015-03-30,61.11644304894285,61.33225734127321,61.041741755115886,61.24095153808594,8008200,0.0,0.0,0.0
2015-03-31,61.00023943092312,61.56467245085213,60.17849349975586,60.17849349975586,8442900,0.0,0.0,0.0
2015-04-01,60.20337466126626,60.435787065766654,59.19071518500335,59.57253646850586,21829300,0.0,0.0,0.0
2015-04-02,59.63064899639115,60.02907484763664,59.46464191915124,59.755157470703125,7560100,0.0,0.0,0.0
2015-04-06,59.42315870365125,60.17020348981679,59.34845739141789,59.84648513793945,5746200,0.0,0.0,0.0
2015-04-07,59.99586252457387,60.43578690805346,59.9377594236004,59.9875602722168,5599300,0.0,0.0,0.0
2015-04-08,60.12039636996123,60.75953075059969,60.04568873272178,60.49391555786133,12577100,0.0,0.0,0.0
2015-04-09,60.51051113411444,61.050043695782826,60.42750758603425,60.95043563842773,8181400,0.0,0.0,0.0
2015-04-10,61.00852947484711,61.55636420781727,60.76781478909632,61.47335433959961,5084300,0.0,0.0,0.0
2015-04-13,61.51487660302298,61.78879404667316,61.11645065473494,61.141357421875,6814800,0.0,0.0,0.0
2015-04-14,61.20774885213012,61.30735690999756,60.74292391427841,61.24095153808594,5878700,0.0,0.0,0.0
2015-04-15,61.58127417307885,61.69748040726537,61.28245633295216,61.39866256713867,6254600,0.0,0.0,0.0
2015-04-16,61.465078961724174,61.61448790858175,61.27416506688606,61.36547088623047,4439500,0.0,0.0,0.0
2015-04-17,60.97531606084807,61.13302718338371,60.4440859281375,60.83420944213867,12115400,0.0,0.0,0.0
2015-04-20,61.14133413217931,61.37374654149879,61.05002835240906,61.20773315429688,6659500,0.0,0.0,0.0
2015-04-21,61.51488242933553,61.797095822662975,61.48998199260266,61.6144905090332,6577200,0.0,0.0,0.0
2015-04-22,61.75558956984446,61.846895381752816,61.39866857768418,61.71408462524414,6078200,0.0,0.0,0.0
2015-04-23,61.6227843534105,62.104213889888285,61.33226871338632,61.94650268554688,10532500,0.0,0.0,0.0
2015-04-24,61.82199920381164,62.02951127556712,61.48167636640502,61.747291564941406,10397200,0.0,0.0,0.0
2015-04-27,61.89668924861552,61.95479236482531,60.543713066721935,60.62671661376953,17847700,0.0,0.0,0.0
2015-04-28,60.80100577557627,61.033418163251135,59.92945298903293,60.925514221191406,15798400,0.0,0.0,0.0
2015-04-29,60.50221589427893,60.93384452676383,59.970985525655614,60.36941146850586,13661300,0.0,0.0,0.0
2015-04-30,60.11208812142716,60.41090597506389,59.20733863824627,59.52275466918945,14554400,0.0,0.0,0.0
2015-05-01,59.92945508601782,60.361083534885005,59.92115916671244,60.327880859375,11508300,0.0,0.0,0.0
2015-05-04,60.56030027674392,60.95042384326511,60.41919363903816,60.70970916748047,8561700,0.0,0.0,0.0
2015-05-05,60.58521355227411,60.59351580706569,59.88797613613914,59.94607925415039,11373800,0.0,0.0,0.0
2015-05-06,60.10378480659871,60.13698115712856,59.28203264378781,59.713661193847656,10152200,0.0,0.0,0.0
2015-05-07,59.63064932629334,60.20338451163857,59.539349866241125,59.995872497558594,9019700,0.0,0.0,0.0
2015-05-08,60.61010484777759,61.13303916381886,60.56030399206469,60.96702575683594,11222400,0.0,0.0,0.0
2015-05-11,61.182855768931255,61.29075976167332,60.94214101641533,61.000244140625,7980700,0.0,0.0,0.0
2015-05-12,60.56031418717284,60.85913203728304,60.3279017110349,60.61011505126953,7019800,0.0,0.0,0.0
2015-05-13,60.80931293589655,61.12472886852109,60.56859827701344,60.6765022277832,6005800,0.0,0.0,0.0
2015-05-14,61.00023376777996,61.53976630527612,60.75122313469562,61.51486587524414,6894400,0.0,0.0,0.0
2015-05-15,61.62275782991286,61.7140636107303,61.44844852092408,61.63936233520508,3872300,0.0,0.0,0.0
2015-05-18,61.597882453234206,62.07931197826761,61.5646797619113,62.00460433959961,6792200,0.0,0.0,0.0
2015-05-19,62.0875891783209,62.45280596995489,61.9298780413742,62.29510116577149,5869200,0.0,0.0,0.0
2015-05-20,62.403001772793495,62.64371642525831,62.12908444418565,62.37810134887695,10577000,0.0,0.0,0.0
2015-05-21,62.36149918720904,62.45280496684181,62.153987203091496,62.38640594482422,4537900,0.0,0.0,0.0
2015-05-22,62.2785210139622,62.53583395253691,62.18721519715845,62.23702239990234,4612300,0.0,0.0,0.0
2015-05-26,62.0460951316199,62.11250049911586,61.48166217343305,61.60617065429688,9533800,0.0,0.0,0.0
2015-05-27,61.82197220664886,62.38640504865109,61.65595882208167,62.31999969482422,13043700,0.0,0.0,0.0
2015-05-28,62.311710371147214,62.53582057085854,62.06269340901072,62.36151123046875,5766400,0.0,0.0,0.0
2015-05-29,62.26189949083037,62.768229254987375,62.01288256877292,62.20379638671875,9839200,0.0,0.0,0.0
2015-06-01,62.560737777177046,62.693542201792994,62.037803335944574,62.45282745361328,7466700,0.0,0.0,0.0
2015-06-02,62.25361265865058,62.32831395411378,61.8053858875765,62.04610061645508,5722400,0.0,0.0,0.0
2015-06-03,62.25360590514531,62.3117090173462,61.98799077326059,62.16230010986328,5357600,0.0,0.0,0.0
2015-06-04,61.929899807234456,62.17891681279991,61.514875686469054,61.730690002441406,6479500,0.0,0.0,0.0
2015-06-05,61.64766166429836,61.7472697032704,61.20773724117487,61.70576477050781,7772200,0.0,0.0,0.0
2015-06-08,61.72238083848179,61.85518524922432,61.39866256713867,61.39866256713867,6736600,0.0,0.0,0.0
2015-06-09,61.59788679114476,61.59788679114476,61.14136400202819,61.38207244873047,8297500,0.0,0.0,0.0
2015-06-10,61.52314887199491,62.21208377403774,61.40694267970998,62.13738250732422,7728800,0.0,0.0,0.0
2015-06-11,62.61882545991027,62.66032406178521,62.22870187225513,62.56072235107422,4912000,0.0,0.0,0.0
2015-06-12,62.25360126063339,62.34490704910343,61.70576652981319,61.78877639770508,6330600,0.0,0.0,0.0
2015-06-15,61.3986623088616,61.98799573197551,61.083239960740926,61.86348724365234,7150200,0.0,0.0,0.0
2015-06-16,61.830262971904375,62.20378830646976,61.6974586080848,62.17058563232422,6041400,0.0,0.0,0.0
2015-06-17,62.24531216668696,62.38642517227784,61.83859032563888,62.22871398925781,5132100,0.0,0.0,0.0
2015-06-18,62.34488951112093,63.31604389773209,62.31998909086352,63.1085319519043,9511200,0.0,0.0,0.0
2015-06-19,63.16770486138597,63.30930397284176,63.0177876043979,63.05942916870117,10327400,0.0,0.0,0.0
2015-06-22,63.52586497608316,63.85070481247905,63.47589254952128,63.55085754394531,6635000,0.0,0.0,0.0
2015-06-23,63.642459101091575,63.84235510288795,63.4508875982097,63.6757698059082,4631600,0.0,0.0,0.0
2015-06-24,63.592504822366905,63.65080811011592,63.03445816040039,63.03445816040039,7294400,0.0,0.0,0.0
2015-06-25,63.22599875387608,63.68409397468208,63.05941347438227,63.38424682617188,9232500,0.0,0.0,0.0
2015-06-26,63.47587370574472,63.717417620056544,63.06775084929062,63.29263305664063,6147500,0.0,0.0,0.0
2015-06-29,62.74292778704472,63.06776122587275,61.71011784117986,61.74343490600586,13675900,0.0,0.0,0.0
2015-06-30,62.4097584472956,62.42641380107176,61.7600916221676,61.95998764038086,8722200,0.0,0.0,0.0
2015-07-01,62.60129554406594,62.68458497630909,62.25980061091976,62.62628173828125,7756500,0.0,0.0,0.0
2015-07-02,62.76790854133222,62.80955645738984,62.20986205180708,62.33479309082031,5678800,0.0,0.0,0.0
2015-07-06,61.7517603347363,62.70127435781229,61.7517603347363,62.30980682373047,9352600,0.0,0.0,0.0
2015-07-07,62.39309069983464,62.609642028808594,61.54352167067085,62.609642028808594,10653300,0.0,0.0,0.0
2015-07-08,62.10990251750328,62.30147400920647,61.51853904553622,61.535194396972656,13074900,0.0,0.0,0.0
2015-07-09,62.201515161494406,62.35976957621798,61.83503392932536,61.868350982666016,6654600,0.0,0.0,0.0
2015-07-10,62.64294873477007,62.77621693480868,62.28479839038823,62.70125198364258,8059500,0.0,0.0,0.0
2015-07-13,63.15100927592784,63.3675668779186,62.9760995662886,63.23429870605469,7815100,0.0,0.0,0.0
2015-07-14,63.26763818162915,63.950621918154624,63.1260454647518,63.867332458496094,5831800,0.0,0.0,0.0
2015-07-15,64.06724053915792,64.35043238100485,63.76739334406335,63.95063400268555,6994900,0.0,0.0,0.0
2015-07-16,64.18383890878974,64.34209334011415,64.00059827348333,64.25047302246094,5109200,0.0,0.0,0.0
2015-07-17,64.17549792712273,64.1921532739732,63.85066464963214,64.1088638305664,3877900,0.0,0.0,0.0
2015-07-20,64.1921860069788,64.46704702949842,64.12555187644426,64.31712341308594,3874800,0.0,0.0,0.0
2015-07-21,64.29212590990849,64.45870485240489,63.74240396142757,64.03392028808594,8140200,0.0,0.0,0.0
2015-07-22,63.8589977677094,64.23380984551119,63.759052963958034,64.17550659179688,5765400,0.0,0.0,0.0
2015-07-23,64.29213250098739,64.42539439773034,63.82569997593711,63.94230651855469,5677400,0.0,0.0,0.0
2015-07-24,63.30096927458777,63.34261719094247,62.226517849351104,62.34312438964844,13229700,0.0,0.0,0.0
2015-07-27,62.1931849888086,62.409742660599086,61.95997196745495,62.28480529785156,11037000,0.0,0.0,0.0
2015-07-28,62.63463278602441,63.42589861421683,62.31813026749487,63.40923690795898,11445100,0.0,0.0,0.0
2015-07-29,63.68411896831853,63.80905638832749,63.251009780812765,63.517539978027344,9367000,0.0,0.0,0.0
2015-07-30,63.45921274731903,63.57581926743336,62.934477052225766,63.42589569091797,5381100,0.0,0.0,0.0
2015-07-31,63.66742740405676,64.07555014638142,63.62577950287816,63.7923583984375,7910300,0.0,0.0,0.0
2015-08-03,63.85900764851786,64.05057914297964,63.30929207909451,63.74240112304688,8447800,0.0,0.0,0.0
2015-08-04,64.05890948533155,64.09222018841848,63.50918756571239,63.709083557128906,10778700,0.0,0.0,0.0
2015-08-05,64.10055661157756,64.35043138849564,63.99228093068882,64.24214935302734,5391200,0.0,0.0,0.0
2015-08-06,64.3004452313458,64.3587484919829,62.78455410020276,62.84285736083984,13360200,0.0,0.0,0.0
2015-08-07,62.82620513026983,62.94281165733571,62.07658720300403,62.73458480834961,10863600,0.0,0.0,0.0
2015-08-10,62.94282473335483,63.51753298941422,62.94282473335483,63.242671966552734,7951100,0.0,0.0,0.0
2015-08-11,62.809542074768025,63.0427551002962,62.39308842787391,62.709590911865234,7914900,0.0,0.0,0.0
2015-08-12,62.23483747790856,62.81787007423048,61.55185371311199,62.75123596191406,9665900,0.0,0.0,0.0
2015-08-13,62.80121350937018,63.03442654339049,62.45971845628432,62.609642028808594,6329300,0.0,0.0,0.0
2015-08-14,62.43473776064136,62.81787440098231,62.30147588140844,62.7845573425293,5504000,0.0,0.0,0.0
2015-08-17,62.57631867078186,63.43421846606354,62.32645031145982,63.41755676269531,5796000,0.0,0.0,0.0
2015-08-18,63.35091774760983,63.66742654129207,63.22598675492205,63.325931549072266,5465900,0.0,0.0,0.0
2015-08-19,62.98445574511821,63.50085423232205,62.61797447968677,63.06774520874024,10070300,0.0,0.0,0.0
2015-08-20,62.6013144519441,62.84285197202946,61.60182189941406,61.60182189941406,12992900,0.0,0.0,0.0
2015-08-21,60.98547847639313,61.51020783036704,59.71113122061442,59.71945571899414,24008300,0.0,0.0,0.0
2015-08-24,56.12963857238103,59.19473857158798,47.16755484635184,57.17910385131836,33675700,0.0,0.0,0.0
2015-08-25,58.9698416902581,59.41960605783553,56.52109209893454,56.6043815612793,17883700,0.0,0.0,0.0
2015-08-26,58.17025949015391,59.05314580286029,56.77930542472641,58.99484252929688,26115600,0.0,0.0,0.0
2015-08-27,59.7610857475914,60.22751170044941,58.87820623551671,60.14422225952149,18689700,0.0,0.0,0.0
2015-08-28,59.84439882280451,60.16923221891345,59.3280002723644,59.8027572631836,10045600,0.0,0.0,0.0
2015-08-31,59.53623775842863,60.052636401019896,58.56173104162188,58.71165466308594,15143100,0.0,0.0,0.0
2015-09-01,57.17075729370117,58.10361576926195,56.904227208480734,57.17075729370117,21723600,0.0,0.0,0.0
2015-09-02,58.12028429864927,58.34517288208008,57.39565884101202,58.34517288208008,12491700,0.0,0.0,0.0
2015-09-03,58.67832636140688,59.00315975328557,57.79544651215502,57.92871475219727,14080100,0.0,0.0,0.0
2015-09-04,57.045820435719634,57.69548712708608,56.78762120058131,57.20407485961914,16587900,0.0,0.0,0.0
2015-09-08,58.25353766895203,58.88654263158774,57.90371177903637,58.803253173828125,11697400,0.0,0.0,0.0
2015-09-09,59.48624315224331,59.52789106279328,57.745469790012685,57.89539337158203,12424000,0.0,0.0,0.0
2015-09-10,57.92037005220359,58.894869994877325,57.737129443240406,58.45343017578125,17313700,0.0,0.0,0.0
2015-09-11,58.211889827319546,58.853231997394026,58.04531091161564,58.82823944091797,7633000,0.0,0.0,0.0
2015-09-14,58.84490406684324,58.95317973196876,58.37847164147331,58.6450080871582,6232200,0.0,0.0,0.0
2015-09-15,58.93652107036993,59.62782928514713,58.7199633977064,59.486236572265625,8414600,0.0,0.0,0.0
2015-09-16,59.511240550887024,59.76111535203072,59.06147607615664,59.65283966064453,12003400,0.0,0.0,0.0
2015-09-17,59.594522111646334,61.01879288598556,59.594522111646334,60.19421005249024,19149000,0.0,0.0,0.0
2015-09-18,59.36748160690516,59.910834964495656,59.19193785339648,59.275535583496094,23716000,0.0,0.0,0.0
2015-09-21,59.68512058716888,59.82722648347507,58.09685983416617,58.48974609375,23860100,0.0,0.0,0.0
2015-09-22,57.68725504026416,58.23060821573451,57.47827354028396,58.13029479980469,29234000,0.0,0.0,0.0
2015-09-23,58.18046453156822,58.61514974411785,57.77086246319767,58.07179641723633,9578700,0.0,0.0,0.0
2015-09-24,57.59532736721871,57.82102467782934,56.83463131984821,57.47829818725586,20064500,0.0,0.0,0.0
2015-09-25,57.93805488188741,58.11359865493454,55.46371358268981,55.90675354003906,30973700,0.0,0.0,0.0
2015-09-28,55.555669475621805,55.67269866498745,53.27359071657297,53.7417106628418,66470200,0.0,0.0,0.0
2015-09-29,53.88380250801224,55.15441391340938,53.56615284546837,54.23488998413086,31776000,0.0,0.0,0.0
2015-09-30,55.03737480940302,55.52221350839192,54.65284954463574,55.3633918762207,26565600,0.0,0.0,0.0
2015-10-01,55.49715292512255,55.96526966608788,54.962160541844376,55.92347717285156,19853100,0.0,0.0,0.0
2015-10-02,55.19621205106196,57.09376830573292,54.937076941327305,57.08540725708008,23741800,0.0,0.0,0.0
2015-10-05,57.57861215166095,57.69564134561372,56.67581642368424,57.23588562011719,18389800,0.0,0.0,0.0
2015-10-06,57.051970785216,57.21915349654561,55.09590627669075,55.89003372192383,30431600,0.0,0.0,0.0
2015-10-07,56.29964598431409,57.06034212658458,55.61418654004123,56.78448486328125,27466100,0.0,0.0,0.0
2015-10-08,56.45846666904062,57.13556497439993,55.89839754293818,56.95166015625,23182700,0.0,0.0,0.0
2015-10-09,57.04361107802493,57.45321957235618,56.79283700513234,57.21080017089844,13890000,0.0,0.0,0.0
2015-10-12,56.96001206906339,57.54515787148968,56.884781770584695,57.36125946044922,11074500,0.0,0.0,0.0
2015-10-13,57.102097039055344,57.83771592368639,56.58382705500193,56.64234161376953,17273300,0.0,0.0,0.0
2015-10-14,56.94327681686267,57.41139329821985,56.37484692766807,56.533668518066406,21786200,0.0,0.0,0.0
2015-10-15,56.2243976345635,57.795936584472656,56.16588305604589,57.795936584472656,22133300,0.0,0.0,0.0
2015-10-16,57.954771864641344,58.39781178287961,57.81266592437842,58.3142204284668,17657000,0.0,0.0,0.0
2015-10-19,58.12194977734488,58.68201882106745,57.8043001057435,58.523197174072266,15694700,0.0,0.0,0.0
2015-10-20,58.33928471772245,58.52318948465863,57.35289164038216,57.60367202758789,14802000,0.0,0.0,0.0
2015-10-21,57.92969459789526,58.15539189063005,56.14081284287676,57.08540725708008,36068300,0.0,0.0,0.0
2015-10-22,57.168992299524845,57.26094469172041,56.03213215748036,56.74266815185547,35524500,0.0,0.0,0.0
2015-10-23,57.3278244395421,58.255703098320495,57.09376610716759,57.95476913452149,26524200,0.0,0.0,0.0
2015-10-26,57.812654904020334,58.573344375067805,57.620389085670574,58.180458068847656,17831900,0.0,0.0,0.0
2015-10-27,58.339289829606976,59.25044631958008,58.33092878193812,59.25044631958008,25160900,0.0,0.0,0.0
2015-10-28,59.15849256561539,59.77708252665009,58.63186137159884,59.74364471435547,18158000,0.0,0.0,0.0
2015-10-29,60.0863768470236,61.02261654752845,59.76036611814296,60.01114654541016,22780700,0.0,0.0,0.0
2015-10-30,60.1950354640444,60.362218119717205,59.63496017456055,59.63496017456055,12427200,0.0,0.0,0.0
2015-11-02,59.97771512096559,60.94739274027253,59.63498225902066,60.90559387207031,18646600,0.0,0.0,0.0
2015-11-03,60.74675844777563,60.880509707687885,60.26191969701035,60.6882438659668,10428700,0.0,0.0,0.0
2015-11-04,60.9055961212593,60.92231184259036,60.05294764829678,60.42075729370117,11533000,0.0,0.0,0.0
2015-11-05,60.46252810431979,60.47924381789351,59.66003992298909,60.22846984863281,9172000,0.0,0.0,0.0
2015-11-06,59.8606929763866,60.036236763759824,59.28390169100842,59.97772216796875,12661100,0.0,0.0,0.0
2015-11-09,59.86903819545737,59.86903819545737,59.175217901962846,59.5179443359375,15625000,0.0,0.0,0.0
2015-11-10,59.5346641716876,60.0529343269416,59.41763501549407,59.919189453125,9737400,0.0,0.0,0.0
2015-11-11,60.14490316997957,60.14490316997957,59.3173378026351,59.32569885253906,10580900,0.0,0.0,0.0
2015-11-12,59.16687250414904,59.25882492291559,58.297508239746094,58.297508239746094,10870800,0.0,0.0,0.0
2015-11-13,58.18048372674579,58.74891400773455,58.08017662737981,58.1554069519043,18196800,0.0,0.0,0.0
2015-11-16,58.030007620530405,58.88265609741211,58.02165294863253,58.88265609741211,12959800,0.0,0.0,0.0
2015-11-17,58.999666545839375,59.52629770072978,58.69873263515626,59.1334114074707,7882300,0.0,0.0,0.0
2015-11-18,59.16686931997341,60.353883272298646,59.16686931997341,60.28701400756836,12816300,0.0,0.0,0.0
2015-11-19,59.90248029357481,59.97771059753079,59.22537566991405,59.275535583496094,11128000,0.0,0.0,0.0
2015-11-20,59.58482564073301,60.07802547406743,59.58482564073301,59.78544616699219,9224500,0.0,0.0,0.0
2015-11-23,59.66839798121701,60.00276967017212,59.45941647282125,59.63496017456055,10362700,0.0,0.0,0.0
2015-11-24,59.26717018580238,59.87739275403708,59.23373237173856,59.818878173828125,7174700,0.0,0.0,0.0
2015-11-25,59.9777185484957,60.228499016816535,59.85232831433528,60.144901275634766,4594400,0.0,0.0,0.0
2015-11-27,60.30370834090529,60.37058395952849,60.103087862645694,60.26190948486328,2658000,0.0,0.0,0.0
2015-11-30,60.35386347374208,60.36222452069519,59.44270706176758,59.44270706176758,8846100,0.0,0.0,0.0
2015-12-01,59.751998432566886,60.49597212643634,59.6182471997945,60.4458122253418,10659200,0.0,0.0,0.0
2015-12-02,60.512723530109874,60.69662839482795,59.84397972706479,59.93593215942383,9875100,0.0,0.0,0.0
2015-12-03,59.98606458175351,60.06129487684993,58.364365748494976,58.62350082397461,13191400,0.0,0.0,0.0
2015-12-04,58.882654111103626,60.09474476707033,58.74054178467584,60.00279235839844,14929800,0.0,0.0,0.0
2015-12-07,59.87739663782581,60.18669165476956,59.359126430247656,59.66841506958008,8511000,0.0,0.0,0.0
2015-12-08,59.21701754824264,59.9693525130443,59.21701754824264,59.80216979980469,7483600,0.0,0.0,0.0
2015-12-09,59.52632055220817,60.10311183204279,58.966251372503216,59.20030975341797,17593600,0.0,0.0,0.0
2015-12-10,59.20029356694644,60.05293548966653,59.14177898771673,59.643333435058594,9778500,0.0,0.0,0.0
2015-12-11,59.00803802938283,59.25045743637758,58.69038831208552,58.765625,15178300,0.0,0.0,0.0
2015-12-14,58.99130703395378,59.22536533110644,58.23897223767003,59.1501350402832,21091500,0.0,0.0,0.0
2015-12-15,59.7937992493146,60.203401295991945,59.60153979740124,59.919189453125,14006300,0.0,0.0,0.0
2015-12-16,60.42075988060079,60.78856954175286,59.5764724209619,60.69661712646485,15273700,0.0,0.0,0.0
2015-12-17,60.863801964240174,60.863801964240174,59.99443770263111,60.04459762573242,11469100,0.0,0.0,0.0
2015-12-18,59.8876107586966,59.96316616710989,59.16567457222933,59.17406463623047,15159800,0.0,0.0,0.0
2015-12-21,59.5266453086982,59.71132278442383,59.22443648714143,59.71132278442383,6707200,0.0,0.0,0.0
2015-12-22,59.921188910120925,60.19821472715914,59.57701055940616,60.1142692565918,7495800,0.0,0.0,0.0
2015-12-23,60.49200612044395,60.89495320605619,60.433243670940776,60.76063537597656,8091000,0.0,0.0,0.0
2015-12-24,60.559186976559424,61.0125002103772,60.53400397545215,60.81941986083984,2568300,0.0,0.0,0.0
2015-12-28,60.64312886328475,60.69350126715028,60.36610946285298,60.53400039672852,6534700,0.0,0.0,0.0
2015-12-29,60.936935908390026,61.41543847810431,60.81102092123157,61.27272415161133,7243100,0.0,0.0,0.0
2015-12-30,61.20556580714837,61.365060243926784,60.95372304752099,61.01248550415039,8496500,0.0,0.0,0.0
2015-12-31,60.794226791404704,61.07125256696349,60.466835021972656,60.466835021972656,6591700,0.0,0.0,0.0
2016-01-04,59.40910330184245,59.60218361609985,58.77111270826973,59.37553024291992,19666300,0.0,0.0,0.0
2016-01-05,59.54340955103556,59.92116723425307,59.4007016622313,59.66093444824219,14540000,0.0,0.0,0.0
2016-01-06,58.81309334068233,59.58540833893047,58.76272733815947,59.17406463623047,14651700,0.0,0.0,0.0
2016-01-07,58.03239147218967,58.77112704120184,57.8141345128264,57.973628997802734,17850400,0.0,0.0,0.0
2016-01-08,58.31780227171249,58.468906662408266,56.99983868799915,57.10057067871094,17022800,0.0,0.0,0.0
2016-01-11,57.35242181268735,57.37760481403081,55.62312073772664,56.42061233520508,28563800,0.0,0.0,0.0
2016-01-12,56.87391828646062,57.469939392198775,56.210738249325104,57.14254760742188,13727000,0.0,0.0,0.0
2016-01-13,57.25167286697164,57.5203021729159,55.3880606595865,55.44682312011719,16202500,0.0,0.0,0.0
2016-01-14,55.58952050337655,57.30203440597612,55.245335867901744,56.93266677856445,23342300,0.0,0.0,0.0
2016-01-15,55.48877292745535,56.39539891456626,55.3376685962702,56.13516616821289,17882300,0.0,0.0,0.0
2016-01-19,56.74798158523029,56.95784838577081,55.51396377331182,56.12677764892578,13495200,0.0,0.0,0.0
2016-01-20,55.13621221555466,56.78156734590872,54.44784928954299,56.23591232299805,24665600,0.0,0.0,0.0
2016-01-21,56.378636570747126,56.6640524272703,55.53916912738016,56.06803131103516,17102800,0.0,0.0,0.0
2016-01-22,56.85713467106866,57.10897106977847,56.58850533633442,56.95786666870117,11343800,0.0,0.0,0.0
2016-01-25,56.78996442216573,57.167722147285374,56.35343783729737,56.428993225097656,10131900,0.0,0.0,0.0
2016-01-26,56.46259260510863,56.9662718845022,56.02606586623923,56.85714340209961,12449700,0.0,0.0,0.0
2016-01-27,56.75639040212342,57.35241147681205,55.81618462542465,56.21073532104492,15924700,0.0,0.0,0.0
2016-01-28,56.47937306627946,56.51295253524575,54.6073641049677,54.90117645263672,26127300,0.0,0.0,0.0
2016-01-29,54.783626795533465,55.824564245308615,54.62412599106656,55.79938125610352,17578200,0.0,0.0,0.0
2016-02-01,55.42162177655607,56.168753477494434,55.12780953721315,55.883331298828125,16705700,0.0,0.0,0.0
2016-02-02,55.48879466666936,55.63989905705368,54.9095665073862,55.07745742797852,12968700,0.0,0.0,0.0
2016-02-03,55.23696039281126,55.49719325104444,54.2044126183602,55.43843078613281,19453100,0.0,0.0,0.0
2016-02-04,55.27054195006642,55.75743467967575,54.64094127011175,55.13623046875,18958100,0.0,0.0,0.0
2016-02-05,54.834003473451446,54.9851078427923,53.78466935431419,54.06169509887695,16744000,0.0,0.0,0.0
2016-02-08,53.4572860042132,53.683942593766766,52.68497430621801,53.32297134399414,24652800,0.0,0.0,0.0
2016-02-09,52.67657691586593,54.25477324927292,52.6178144567664,53.7175178527832,20741700,0.0,0.0,0.0
2016-02-10,54.07010322125537,55.03548569527164,54.02812728559007,54.19601821899414,14728500,0.0,0.0,0.0
2016-02-11,53.22223614940837,53.75109832271925,52.92002736333695,53.32297134399414,22801100,0.0,0.0,0.0
2016-02-12,53.616792555608335,54.061712543260505,53.163482503627385,54.036529541015625,10316000,0.0,0.0,0.0
2016-02-16,54.61574995308952,55.07745960995183,54.4310660903446,55.052276611328125,17303000,0.0,0.0,0.0
2016-02-17,55.48038397134153,55.81617213104159,55.06065037287306,55.749019622802734,12140000,0.0,0.0,0.0
2016-02-18,55.81617956469497,56.04283932464552,55.2705245330898,55.40484237670898,9722100,0.0,0.0,0.0
2016-02-19,55.13622915051776,55.50559692340814,55.001911267783385,55.34609603881836,8875100,0.0,0.0,0.0
2016-02-22,55.79937805395416,56.14355622771582,55.70703616241737,56.13516616821289,7515700,0.0,0.0,0.0
2016-02-23,55.984083415585104,56.2778957270742,55.65669163926468,55.7154541015625,8211900,0.0,0.0,0.0
2016-02-24,55.39645962595698,55.97569426187987,54.80883492620106,55.90013885498047,11118600,0.0,0.0,0.0
2016-02-25,56.1519841611692,56.63048041064882,55.87495833130491,56.596900939941406,9496400,0.0,0.0,0.0
2016-02-26,56.85711832094206,57.08377165506613,56.44577476680227,56.49614715576172,10365700,0.0,0.0,0.0
2016-02-29,56.32825961117789,56.47096752789222,55.57273769235527,55.59792709350586,11091700,0.0,0.0,0.0
2016-03-01,55.90852331826063,56.806753111942335,55.539162045424725,56.78996658325195,14549100,0.0,0.0,0.0
2016-03-02,56.65564159174607,56.899087857140245,56.53811669184912,56.882301330566406,10923700,0.0,0.0,0.0
2016-03-03,56.73961063023456,56.7899830401579,56.20235189166761,56.72282409667969,10815000,0.0,0.0,0.0
2016-03-04,56.72280478376482,56.949458135046406,56.32825413095319,56.58849334716797,9855700,0.0,0.0,0.0
2016-03-07,56.21913459046255,57.23488940820736,56.21073812289971,57.04180908203125,11082400,0.0,0.0,0.0
2016-03-08,56.70601818915087,56.89069561367568,56.26949161031397,56.34504699707031,8204200,0.0,0.0,0.0
2016-03-09,56.496165557221794,56.68923949646824,56.0596388687338,56.44579315185547,13032500,0.0,0.0,0.0
2016-03-10,56.72280112644994,57.10895528813022,56.04283471182018,56.47935485839844,11287700,0.0,0.0,0.0
2016-03-11,56.84033820671867,57.58746369771563,56.79836867851986,57.57906723022461,10618300,0.0,0.0,0.0
2016-03-14,57.369197753997966,57.56227806970016,57.19291037251049,57.33562469482422,6140900,0.0,0.0,0.0
2016-03-15,56.95786884144978,57.07539377958991,56.2779022129778,56.44579315185547,15226500,0.0,0.0,0.0
2016-03-16,56.336672108913255,56.638880962436296,55.86657229437948,56.31148910522461,16881300,0.0,0.0,0.0
2016-03-17,56.26109209899253,56.26948856476148,55.11942253486068,55.656681060791016,20920400,0.0,0.0,0.0
2016-03-18,55.75527307646017,56.513505633323504,55.65417325967636,56.31130599975586,19524800,0.0,0.0,0.0
2016-03-21,56.36184626322229,56.75781242077984,56.26917305921501,56.63986587524414,12183600,0.0,0.0,0.0
2016-03-22,56.45451328814754,57.381238799183386,56.45451328814754,57.20431900024414,13200200,0.0,0.0,0.0
2016-03-23,57.16220830352584,57.26330811415787,56.749395325088415,56.79994201660156,9105100,0.0,0.0,0.0
2016-03-24,56.54719930447632,56.98528560676915,56.3365795302267,56.77466583251953,8492800,0.0,0.0,0.0
2016-03-28,56.9263169255646,56.98529021001411,56.53035068957247,56.61459732055664,7156300,0.0,0.0,0.0
2016-03-29,56.51349232265154,57.32227138361127,56.31971932635693,57.27172470092773,10455600,0.0,0.0,0.0
2016-03-30,57.55816334230042,57.7098098149768,57.17905037441171,57.28014373779297,7607700,0.0,0.0,0.0
2016-03-31,57.19589891240513,57.53289179861314,57.07795236637303,57.10322570800781,8602700,0.0,0.0,0.0
2016-04-01,56.86732483500808,57.962549958427545,56.757804893707664,57.751930236816406,9120200,0.0,0.0,0.0
2016-04-04,57.88672133814853,58.6533801812153,57.8782947498721,58.4427604675293,17381200,0.0,0.0,0.0
2016-04-05,57.76036364153391,58.02995668990633,57.54974387163029,57.68454360961914,16555000,0.0,0.0,0.0
2016-04-06,57.70138393752352,59.2599687757275,57.70138393752352,59.23469543457031,24546600,0.0,0.0,0.0
2016-04-07,58.81344209142479,59.20940814991836,58.28268276930112,58.585975646972656,19216700,0.0,0.0,0.0
2016-04-08,58.9482540350968,58.97352737555533,58.08050173213033,58.4259147644043,12883800,0.0,0.0,0.0
2016-04-11,58.40065163375397,58.56914488467039,57.85303892686735,57.97941207885742,8695500,0.0,0.0,0.0
2016-04-12,57.97096304017021,58.5775487927524,57.96254288020874,58.45117568969727,13510500,0.0,0.0,0.0
2016-04-13,58.720774984440766,59.03249448195814,58.40906191452711,58.99879455566406,9706200,0.0,0.0,0.0
2016-04-14,58.98193167070826,59.22625124879931,58.81343208533412,59.03247833251953,6655200,0.0,0.0,0.0
2016-04-15,59.17571426997544,59.17571426997544,58.59440821807944,58.9903678894043,7945300,0.0,0.0,0.0
2016-04-18,58.82188846017937,59.60539425304803,58.72921524819237,59.537994384765625,11505400,0.0,0.0,0.0
2016-04-19,59.639091489893566,60.068757596254905,59.42004514168515,59.74861145019531,6655000,0.0,0.0,0.0
2016-04-20,59.76547073597699,60.3552035480106,59.714917618084414,60.06876373291016,10763400,0.0,0.0,0.0
2016-04-21,60.10244983845023,60.55738927781436,60.02662981235859,60.4225959777832,12463100,0.0,0.0,0.0
2016-04-22,60.45628844499838,60.75115477828812,60.18669545061862,60.5489616394043,12052800,0.0,0.0,0.0
2016-04-25,60.32147971868211,60.50682607979308,60.11928661001699,60.31305313110352,8937500,0.0,0.0,0.0
2016-04-26,60.43101360739335,60.43101360739335,59.90867438165988,60.085594177246094,7433500,0.0,0.0,0.0
2016-04-27,60.12772247857559,60.27094235150322,59.76545628801488,60.01819610595703,9121200,0.0,0.0,0.0
2016-04-28,59.67280390364866,60.3130834744786,59.40321081392915,59.73177719116211,19512000,0.0,0.0,0.0
2016-04-29,59.19258563588619,59.31053220020125,58.44277972233803,58.7966194152832,13577900,0.0,0.0,0.0
2016-05-02,58.90614061650079,59.15888693250504,58.661820891724894,59.13361358642578,9074800,0.0,0.0,0.0
2016-05-03,58.922987917429786,59.31052751637559,58.72078831376705,58.94826126098633,9436800,0.0,0.0,0.0
2016-05-04,58.57755560579853,58.67865538552197,58.22371601817217,58.3837890625,11802000,0.0,0.0,0.0
2016-05-05,58.39221589291056,58.71236201813282,58.26584918832758,58.62810897827149,10145200,0.0,0.0,0.0
2016-05-06,58.41748906396175,58.58598871558995,57.80248301143116,58.28269577026367,14164300,0.0,0.0,0.0
2016-05-09,58.28270202770816,59.13360768387458,58.257428684151606,58.94826126098633,13606600,0.0,0.0,0.0
2016-05-10,59.18416127476634,59.45375435015926,59.024088176762255,59.44532775878906,11073000,0.0,0.0,0.0
2016-05-11,59.35263870053576,59.50428516670855,58.7207794960832,58.72920608520508,8452500,0.0,0.0,0.0
2016-05-12,58.85557517933514,59.03249497314832,58.04679622435899,58.3837890625,11322900,0.0,0.0,0.0
2016-05-13,58.31638513897191,58.69549803816678,58.19843861799559,58.248985290527344,11947300,0.0,0.0,0.0
2016-05-16,58.25742218607683,59.16730101825505,58.23214884533929,59.04092788696289,8338100,0.0,0.0,0.0
2016-05-17,58.93140085638818,59.08304732674378,58.21529502377732,58.4259147644043,14920000,0.0,0.0,0.0
2016-05-18,58.33323422267013,58.96509336502714,58.27426095982095,58.67022705078125,11515200,0.0,0.0,0.0
2016-05-19,58.33325392187408,58.60284698988413,57.802494376993394,58.173187255859375,8765700,0.0,0.0,0.0
2016-05-20,58.3922180596754,58.91455735921743,58.36694471782098,58.712364196777344,7925700,0.0,0.0,0.0
2016-05-23,58.628110997989154,58.73763738254024,58.425917836086384,58.476470947265625,5061400,0.0,0.0,0.0
2016-05-24,58.77133044771942,59.41160979020684,58.69550400361192,59.31894302368164,11936400,0.0,0.0,0.0
2016-05-25,59.47900127423014,59.80756748804318,59.4705746866033,59.68962097167969,8949200,0.0,0.0,0.0
2016-05-26,59.71489820138603,59.81599797669234,59.50427849020049,59.69805145263672,5257700,0.0,0.0,0.0
2016-05-27,59.65593184461369,60.10244465559494,59.65593184461369,59.9676513671875,9641300,0.0,0.0,0.0
2016-05-31,60.15301978308767,60.25411317949939,59.849726738639305,60.11089324951172,7669800,0.0,0.0,0.0
2016-06-01,59.92553655239857,60.46472266653901,59.87498986282461,60.32992935180664,9301700,0.0,0.0,0.0
2016-06-02,60.27938126556046,61.10500717163086,60.20355480535094,61.10500717163086,12473100,0.0,0.0,0.0
2016-06-03,60.919663526829645,61.12186314488796,60.41417733689512,60.90281677246094,13896000,0.0,0.0,0.0
2016-06-06,60.911229338417456,61.34088896574802,60.759582873593686,61.23136901855469,9117600,0.0,0.0,0.0
2016-06-07,60.97861965142963,61.037592916535694,60.70060650313179,60.85225296020508,6439100,0.0,0.0,0.0
2016-06-08,60.80172759777597,61.17242053477886,60.66693425643377,61.06290054321289,4621300,0.0,0.0,0.0
2016-06-09,60.928084429596126,61.35775054334956,60.78486453421333,60.96178436279297,9608500,0.0,0.0,0.0
2016-06-10,60.6079595558552,60.64165949730923,60.19514009374824,60.47315979003906,10270900,0.0,0.0,0.0
2016-06-13,60.25409397891861,60.70903340062006,59.976080799771495,59.99292755126953,8538400,0.0,0.0,0.0
2016-06-14,59.84970111646447,60.11086751552929,59.59695487842483,60.085594177246094,8000500,0.0,0.0,0.0
2016-06-15,60.245668815389685,60.37204193774937,59.62222979244294,59.67278289794922,7861100,0.0,0.0,0.0
2016-06-16,59.49586424229373,59.98449713582559,59.2009914752469,59.88340377807617,9341200,0.0,0.0,0.0
2016-06-17,59.972226705445074,59.99760179083519,59.04177033808442,59.26169204711914,10799100,0.0,0.0,0.0
2016-06-20,59.769230663139,60.056823622250384,59.55776297432826,59.633888244628906,7983700,0.0,0.0,0.0
2016-06-21,59.83687664795716,59.896087324110376,59.29552005070491,59.43086242675781,7014900,0.0,0.0,0.0
2016-06-22,59.43085748916776,60.26826739761306,59.380100875625,59.60002899169922,11207600,0.0,0.0,0.0
2016-06-23,60.12446618560653,60.386683929685816,59.84532742053453,60.37822341918945,7626900,0.0,0.0,0.0
2016-06-24,58.66112059964588,59.54928724714979,58.40736330998767,58.62728500366211,22576500,0.0,0.0,0.0
2016-06-27,58.229729281054816,58.4327428725186,57.59532632806173,57.84062957763672,18241500,0.0,0.0,0.0
2016-06-28,58.246640970193965,59.01637974062718,58.23818045853572,58.96562957763672,13652400,0.0,0.0,0.0
2016-06-29,59.3801026771877,60.25980871469529,59.3801026771877,60.09063720703125,8968400,0.0,0.0,0.0
2016-06-30,60.20905362485557,60.69119948106073,59.9130002839364,60.65736389160156,9535200,0.0,0.0,0.0
2016-07-01,60.79272165670443,61.18182135387976,60.59816858137654,61.03802490234375,6793100,0.0,0.0,0.0
2016-07-05,60.67429807774748,61.224108778686166,60.67429807774748,60.97880554199219,8359800,0.0,0.0,0.0
2016-07-06,60.88576774073806,61.79084901141645,60.81809654488836,61.66396713256836,18791500,0.0,0.0,0.0
2016-07-07,62.0361324437262,62.04459295475561,61.29176881011435,61.57090759277344,8022400,0.0,0.0,0.0
2016-07-08,61.87540931937769,62.349094588455664,61.54552044220155,62.33218002319336,11013200,0.0,0.0,0.0
2016-07-11,62.51830311092808,62.67901414675965,62.10382184412014,62.16303253173828,7375100,0.0,0.0,0.0
2016-07-12,62.29837681590799,62.560594661355005,62.24762018678708,62.46754837036133,10237200,0.0,0.0,0.0
2016-07-13,62.662085874211925,62.746671630391525,62.382947070687656,62.44215774536133,6401900,0.0,0.0,0.0
2016-07-14,62.856618359025376,63.1526781194185,62.48443982467992,62.71282196044922,4813200,0.0,0.0,0.0
2016-07-15,62.94967168692428,63.12730369105439,62.585947167949655,62.66207885742188,7131300,0.0,0.0,0.0
2016-07-18,62.67898608451474,62.80586791645571,62.45905800604892,62.68744659423828,3954300,0.0,0.0,0.0
2016-07-19,62.76358400383146,62.915840941018345,62.36603031835172,62.55211639404297,6634700,0.0,0.0,0.0
2016-07-20,62.83973092012564,63.22883064196619,62.755145146417846,63.11886978149414,6855000,0.0,0.0,0.0
2016-07-21,63.118876019048855,63.431844058044014,63.05966532625397,63.304962158203125,9230800,0.0,0.0,0.0
2016-07-22,63.29650303946188,63.507970704471326,63.11041046169662,63.43183898925781,5446500,0.0,0.0,0.0
2016-07-25,63.44875202441881,63.49950219251468,62.97506012609669,63.364166259765625,5868400,0.0,0.0,0.0
2016-07-26,63.11887546635579,63.34725772128439,63.00045408180297,63.25421142578125,6904200,0.0,0.0,0.0
2016-07-27,63.12732021436562,63.643301793861895,63.00889884728259,63.54180145263672,7983100,0.0,0.0,0.0
2016-07-28,63.440278362590696,63.64328544637691,63.16960009971613,63.48257446289063,5470100,0.0,0.0,0.0
2016-07-29,63.36417735771611,63.72789556408036,63.2119203732812,63.609474182128906,4889200,0.0,0.0,0.0
2016-08-01,63.6686548608503,64.28614302150838,63.6686548608503,64.01546478271484,9255100,0.0,0.0,0.0
2016-08-02,64.06625997486846,64.06625997486846,63.38110661295241,63.770206451416016,12149300,0.0,0.0,0.0
2016-08-03,63.72789577134581,63.77019188795803,63.46567791809781,63.592559814453125,9761200,0.0,0.0,0.0
2016-08-04,63.63483883397184,63.73633916100042,63.41491070294392,63.49949645996094,8415500,0.0,0.0,0.0
2016-08-05,63.77865344383816,63.77865344383816,63.2965073925969,63.65177154541016,8244400,0.0,0.0,0.0
2016-08-08,63.60101145721431,63.60101145721431,62.89047680882084,63.11040496826172,6655500,0.0,0.0,0.0
2016-08-09,63.448765016747465,63.48260062023324,63.08504034612717,63.262672424316406,11261100,0.0,0.0,0.0
2016-08-10,63.237274317909815,63.237274317909815,62.88200383736153,63.05118179321289,7031600,0.0,0.0,0.0
2016-08-11,63.22035251463969,63.482576729600325,63.10193117374615,63.4149055480957,6599800,0.0,0.0,0.0
2016-08-12,63.29650754318502,63.321882632234704,63.02582917085265,63.25421142578125,6211900,0.0,0.0,0.0
2016-08-15,63.25419895758434,63.50796270502405,63.25419895758434,63.364166259765625,4122500,0.0,0.0,0.0
2016-08-16,63.271120029778814,63.27957408881432,62.79742813110352,62.79742813110352,6042300,0.0,0.0,0.0
2016-08-17,62.66209097530862,62.97505894399871,62.53520910397046,62.92430877685547,7296300,0.0,0.0,0.0
2016-08-18,62.91582948375802,63.08500741286832,62.75511851795089,62.94966506958008,4180100,0.0,0.0,0.0
2016-08-19,62.822813137031794,62.94124097051454,62.62826649280691,62.89894485473633,4323500,0.0,0.0,0.0
2016-08-22,62.9243110796125,63.26266059773639,62.85663988529166,63.02581787109375,4090200,0.0,0.0,0.0
2016-08-23,63.24571767789359,63.44027068084519,63.05117112842004,63.08500671386719,8557900,0.0,0.0,0.0
2016-08-24,63.05964395933452,63.19497987408826,61.94309523532903,62.09535217285156,8670400,0.0,0.0,0.0
2016-08-25,61.92617161426006,62.179935317309976,61.30022932114375,61.57090759277344,8766500,0.0,0.0,0.0
2016-08-26,61.63860202655581,62.129202142191424,61.43558840613954,61.80777359008789,9974300,0.0,0.0,0.0
2016-08-29,61.83313267961139,62.09535692476008,61.68087573043724,61.94309997558594,7372100,0.0,0.0,0.0
2016-08-30,62.01923660381504,62.01923660381504,61.57938669964487,61.73164367675781,5497900,0.0,0.0,0.0
2016-08-31,61.64701343958442,61.72314510794262,61.30867054658757,61.54551315307617,4756800,0.0,0.0,0.0
2016-09-01,61.54554795734735,61.6216732152777,61.10569162214758,61.38483047485352,9501400,0.0,0.0,0.0
2016-09-02,61.51171389092712,61.63859577745325,61.28332520448391,61.4525032043457,8052300,0.0,0.0,0.0
2016-09-06,61.55399269594965,61.80775642425158,61.46095287928395,61.67242050170898,8735800,0.0,0.0,0.0
2016-09-07,61.62166388396079,61.89234218252565,61.49478201980983,61.67242050170898,7561600,0.0,0.0,0.0
2016-09-08,61.47787181497898,61.77392521670031,61.41866113463471,61.723175048828125,4822200,0.0,0.0,0.0
2016-09-09,61.376372904626166,61.376372904626166,60.47129155833292,60.48821258544922,14135500,0.0,0.0,0.0
2016-09-12,60.14986014729835,61.54554795734735,60.132939120993385,61.38483047485352,13023400,0.0,0.0,0.0
2016-09-13,61.004195046451606,61.004195046451606,60.24291015272048,60.56433868408203,12194200,0.0,0.0,0.0
2016-09-14,60.53896359653784,60.96189893155724,60.319035415353056,60.56433868408203,13108500,0.0,0.0,0.0
2016-09-15,60.45436248943153,61.35944361871164,60.31056606082616,61.19026565551758,9613600,0.0,0.0,0.0
2016-09-16,61.12999182467378,61.3168048990185,60.99413189326572,61.23189163208008,8691000,0.0,0.0,0.0
2016-09-19,61.38474220146146,61.51211534960489,60.93469602602642,61.01111602783203,9919700,0.0,0.0,0.0
2016-09-20,61.27434822400911,61.42718820923464,61.17244842205877,61.19792175292969,5286600,0.0,0.0,0.0
2016-09-21,61.4016954247036,61.92816785028018,61.02807589285807,61.80928802490234,8485900,0.0,0.0,0.0
2016-09-22,62.06404646319813,62.38672592529697,62.03008634152446,62.27633285522461,6501900,0.0,0.0,0.0
2016-09-23,62.18293159776217,62.3357780561976,62.07253852982932,62.081031799316406,5420400,0.0,0.0,0.0
2016-09-26,61.85174468363535,61.9026978104028,61.21488566599431,61.35924530029297,5534100,0.0,0.0,0.0
2016-09-27,61.28283798862461,61.800817336353376,61.14697805789918,61.79232406616211,7839000,0.0,0.0,0.0
2016-09-28,61.85176883760145,61.86026210845692,61.37624932517467,61.69892883300781,6522600,0.0,0.0,0.0
2016-09-29,61.62246527257459,61.69889170735132,60.43366072837149,60.61198043823242,8857900,0.0,0.0,0.0
2016-09-30,60.739385613983465,61.40171816595692,60.7054190115147,61.23189163208008,7453500,0.0,0.0,0.0
2016-10-03,60.96015526550104,61.18093490600586,60.70540902811347,61.18093490600586,9187900,0.0,0.0,0.0
2016-10-04,61.11298506384312,61.36772475336857,60.75634561142898,61.06203842163086,10594600,0.0,0.0,0.0
2016-10-05,61.22340109709765,61.43568751316142,61.129994555752205,61.2998275756836,12842100,0.0,0.0,0.0
2016-10-06,61.09602234226454,61.155462274166254,60.70541614998659,61.07054901123047,9308900,0.0,0.0,0.0
2016-10-07,61.01110870579816,61.31680163326877,60.67144917766785,61.02809524536133,9920400,0.0,0.0,0.0
2016-10-10,61.1384773207256,61.49511688359795,61.1384773207256,61.30830383300781,11039500,0.0,0.0,0.0
2016-10-11,61.01110250558573,61.01110250558573,59.50811783031726,59.7713508605957,12499700,0.0,0.0,0.0
2016-10-12,59.80532849626281,60.04308824213592,59.43170233648094,59.49114227294922,11746400,0.0,0.0,0.0
2016-10-13,59.14297817859375,59.73737736492525,58.94767188681898,59.516597747802734,13623100,0.0,0.0,0.0
2016-10-14,59.65247492858538,59.81381465630576,59.10052902501195,59.11751556396485,8382400,0.0,0.0,0.0
2016-10-17,59.0240913877245,59.14297121098562,58.794818529674856,58.92219161987305,8463000,0.0,0.0,0.0
2016-10-18,59.46565918094509,59.75437202388641,59.32130599870749,59.62699890136719,5495800,0.0,0.0,0.0
2016-10-19,59.70341911713092,59.75437225341401,59.38923942263828,59.40621948242188,5296700,0.0,0.0,0.0
2016-10-20,59.482642601194144,59.87324873890332,59.37224954417982,59.68643569946289,6876000,0.0,0.0,0.0
2016-10-21,59.380736971258045,59.380736971258045,59.041077521913536,59.19392395019531,5511600,0.0,0.0,0.0
2016-10-24,59.4571653009751,59.51660522707789,59.08354568481445,59.08354568481445,7384700,0.0,0.0,0.0
2016-10-25,59.01561133852552,59.19393111335552,58.83729156369554,58.91371154785156,7922100,0.0,0.0,0.0
2016-10-26,58.82030088036644,58.91370739561781,58.31930818807771,58.55706787109375,8073700,0.0,0.0,0.0
2016-10-27,59.0071199820251,59.23639289885546,58.67595374968449,58.828800201416016,6974700,0.0,0.0,0.0
2016-10-28,58.12400248624721,58.2853421921502,57.30033685547303,57.55507659912109,18469300,0.0,0.0,0.0
2016-10-31,57.53811539182396,57.54660218446683,57.172982475682936,57.19845581054688,12689000,0.0,0.0,0.0
2016-11-01,57.23240928975005,57.39374253304098,56.451196966918246,56.89274978637695,14908700,0.0,0.0,0.0
2016-11-02,56.78234828000858,57.2239009834372,56.59553527832031,56.59553527832031,17942900,0.0,0.0,0.0
2016-11-03,56.78237163263543,57.02013137676124,56.00964598575941,56.06059265136719,22074200,0.0,0.0,0.0
2016-11-04,56.21342858517799,56.91822089343199,56.15398866029307,56.4511947631836,21382600,0.0,0.0,0.0
2016-11-07,57.0625756090679,58.047587509096616,57.02861548976066,57.89474105834961,17367800,0.0,0.0,0.0
2016-11-08,57.52110649698097,58.446678334323394,57.444686522085846,58.05607223510742,15943900,0.0,0.0,0.0
2016-11-09,58.0560678772413,60.77333031063211,58.0560678772413,60.10250473022461,49750100,0.0,0.0,0.0
2016-11-10,61.08753389139578,61.20641375196973,60.34028164954068,60.76485443115234,28378900,0.0,0.0,0.0
2016-11-11,60.59504040510825,60.59504040510825,59.59304817474672,59.85628128051758,15866100,0.0,0.0,0.0
2016-11-14,60.11950907691516,60.18743579902692,59.55057662015479,59.6694564819336,17406200,0.0,0.0,0.0
2016-11-15,59.8987114584813,59.8987114584813,59.287325793484,59.83927154541016,10371600,0.0,0.0,0.0
2016-11-16,59.68644111841957,59.97514749397326,59.50812133143647,59.58454132080078,7585000,0.0,0.0,0.0
2016-11-17,59.60153058473731,59.83929031158563,59.45717091189368,59.822303771972656,12856200,0.0,0.0,0.0
2016-11-18,59.873248479968645,60.0345817127702,59.15147613126953,59.1854362487793,12185000,0.0,0.0,0.0
2016-11-21,59.31281851719615,59.45717171351933,59.24488531476168,59.39773178100586,6791800,0.0,0.0,0.0
2016-11-22,59.37226303176404,59.37226303176404,58.14100441533394,58.54010391235352,14522100,0.0,0.0,0.0
2016-11-23,57.563578263503445,58.77785667288705,57.563578263503445,58.76936340332031,13676000,0.0,0.0,0.0
2016-11-25,58.939182977791525,59.04956954315047,58.76935001747198,58.99862289428711,4009300,0.0,0.0,0.0
2016-11-28,58.88823406936116,58.89672733760187,58.46366135584238,58.55706787109375,6507200,0.0,0.0,0.0
2016-11-29,58.69293314954788,59.109012587031245,58.68443988146629,58.939186096191406,7093900,0.0,0.0,0.0
2016-11-30,58.981626924777146,58.99861345732457,58.35326126826588,58.37873458862305,8640700,0.0,0.0,0.0
2016-12-01,58.446687626989295,58.5910408103859,57.784355158730826,57.95418167114258,11360700,0.0,0.0,0.0
2016-12-02,58.05608314449453,58.31931618988459,57.86077681895373,58.09004974365234,7964500,0.0,0.0,0.0
2016-12-05,58.32782642096643,58.41273970432047,57.801353698622194,57.98816680908203,5832100,0.0,0.0,0.0
2016-12-06,58.15800003900888,58.16649331185784,57.818340388209336,58.149513244628906,5490800,0.0,0.0,0.0
2016-12-07,57.69095459218063,57.69095459218063,56.86728231712874,57.64849472045898,12758900,0.0,0.0,0.0
2016-12-08,57.47018560901804,57.81833200371126,57.13901927909139,57.75889205932617,7586600,0.0,0.0,0.0
2016-12-09,57.96267606696307,58.574061889075175,57.96267606696307,58.46366882324219,12100200,0.0,0.0,0.0
2016-12-12,58.46366167828634,58.82879447306493,58.353275104410216,58.74388122558594,15018100,0.0,0.0,0.0
2016-12-13,58.956176890348445,59.30432320351036,58.78635036858164,59.21940994262695,11041400,0.0,0.0,0.0
2016-12-14,59.210917651034144,59.5250973349635,58.70991844496956,58.91371154785156,11682200,0.0,0.0,0.0
2016-12-15,59.15148420858521,59.35527733380118,58.93919781359913,59.29583740234375,8210100,0.0,0.0,0.0
2016-12-16,59.428001944487725,59.59004938145522,59.17213825526368,59.342716217041016,8257100,0.0,0.0,0.0
2016-12-19,59.3853822972562,59.64977662913898,59.01864764957464,59.09540939331055,9318300,0.0,0.0,0.0
2016-12-20,59.12098847138175,59.257450887778056,58.91630135367343,59.0527572631836,4885000,0.0,0.0,0.0
2016-12-21,59.08688467765735,59.1124697591241,58.617809668029466,58.72014999389648,5432300,0.0,0.0,0.0
2016-12-22,58.64338853815024,58.81396006778711,58.40458579390393,58.796905517578125,4458400,0.0,0.0,0.0
2016-12-23,58.8139592671116,59.27451019912544,58.8139592671116,59.24039459228516,4188700,0.0,0.0,0.0
2016-12-27,59.31715498928079,59.70094417047926,59.3000939328042,59.35979461669922,5141200,0.0,0.0,0.0
2016-12-28,59.4195046661841,59.48773588907189,58.89925297871792,58.90778350830078,4558800,0.0,0.0,0.0
2016-12-29,58.94187774960422,59.19774148922294,58.916292677019385,59.01010894775391,5539200,0.0,0.0,0.0
2016-12-30,59.0186472047287,59.07834789079028,58.60927293084552,58.796905517578125,6649000,0.0,0.0,0.0
2017-01-03,59.112455663358375,59.58153706801808,59.03570043726092,59.5644760131836,11792900,0.0,0.0,0.0
2017-01-04,59.65830792856254,60.19562067960006,59.65830792856254,60.033573150634766,9174500,0.0,0.0,0.0
2017-01-05,59.98239494531248,60.35765361019029,59.931218281143934,60.340599060058594,5979300,0.0,0.0,0.0
2017-01-06,60.3576486527733,60.68174364063681,60.14443100576255,60.51116561889648,5769300,0.0,0.0,0.0
2017-01-09,60.51116503190837,60.86937562064512,60.40029419901732,60.76702880859375,5751900,0.0,0.0,0.0
2017-01-10,60.86939189381575,61.32994291084409,60.7329294412646,60.980262756347656,10320500,0.0,0.0,0.0
2017-01-11,61.05701510327255,61.27023279508208,59.74359984778687,60.36619186401367,23742000,0.0,0.0,0.0
2017-01-12,60.06769151175576,60.46001130420312,59.922705035459806,60.42589569091797,9358900,0.0,0.0,0.0
2017-01-13,60.47704498094837,60.69026258727202,60.34058258959644,60.48556900024414,5279000,0.0,0.0,0.0
2017-01-17,60.1103298241178,60.28090136143416,59.68389447393982,60.17855453491211,6038200,0.0,0.0,0.0
2017-01-18,60.2979441460865,60.434406554820455,59.98238621293935,60.10178756713867,6174200,0.0,0.0,0.0
2017-01-19,60.08472545867663,60.22118786501694,59.624181104492266,59.71799087524414,6470700,0.0,0.0,0.0
2017-01-20,59.71799297226441,60.01650286989472,59.51330586245196,59.5644760131836,7006900,0.0,0.0,0.0
2017-01-23,59.487733102400185,59.64978062244577,59.09541334950473,59.317161560058594,10003700,0.0,0.0,0.0
2017-01-24,59.257463645435045,59.300103279574245,58.63486512363717,58.90778350830078,8703500,0.0,0.0,0.0
2017-01-25,58.9589496581028,59.4877318391524,58.924834048981495,59.4621467590332,6553800,0.0,0.0,0.0
2017-01-26,59.33421359171846,59.43656041690927,58.993064014636055,59.00159454345703,6612500,0.0,0.0,0.0
2017-01-27,59.13805561198429,59.530381889216855,59.12100105974648,59.487735748291016,7264900,0.0,0.0,0.0
2017-01-30,59.34272505640512,59.46212639399266,58.95040544620535,59.19773864746094,7281900,0.0,0.0,0.0
2017-01-31,58.88219095377198,60.14443588256837,58.83954481815739,60.14443588256836,14342500,0.0,0.0,0.0
2017-02-01,60.14442891974405,60.66468048095703,60.025027562110175,60.66468048095703,19490500,0.0,0.0,0.0
2017-02-02,60.36618751899068,60.68175202263468,60.17855492260165,60.64763641357422,14539400,0.0,0.0,0.0
2017-02-03,60.843794232193375,60.971726141971786,60.55382130979039,60.91202545166016,15104800,0.0,0.0,0.0
2017-02-06,60.801160667540174,60.980262756347656,60.68175927500185,60.980262756347656,11561600,0.0,0.0,0.0
2017-02-07,61.02288914746365,61.261691855244095,60.83525658938309,61.03994369506836,11278000,0.0,0.0,0.0
2017-02-08,60.71586806013245,61.01437150790905,60.54529001362644,60.94614028930664,6812900,0.0,0.0,0.0
2017-02-09,60.93760230407792,61.34698305871434,60.886432149830746,61.16788101196289,7869200,0.0,0.0,0.0
2017-02-10,61.261715025336684,61.42375606296787,61.11672854176048,61.28730010986328,4440300,0.0,0.0,0.0
2017-02-13,61.34697600481671,61.696649530109575,61.34697600481671,61.662540435791016,6465200,0.0,0.0,0.0
2017-02-14,61.59433336440708,62.14870071411133,61.551687219472846,62.14870071411133,10403000,0.0,0.0,0.0
2017-02-15,62.01223661979763,62.94186919835504,61.95253592259765,62.82246780395508,10091700,0.0,0.0,0.0
2017-02-16,62.83949890241739,62.89919957733402,62.31071684823762,62.737152099609375,11332600,0.0,0.0,0.0
2017-02-17,62.49837272753691,62.856576910736806,62.49837272753691,62.82246780395508,12118400,0.0,0.0,0.0
2017-02-21,62.813916604887154,63.30858307999577,62.813916604887154,63.10388946533203,10651800,0.0,0.0,0.0
2017-02-22,63.027158564911616,63.23184575168718,62.95892733369031,63.01009750366211,6634300,0.0,0.0,0.0
2017-02-23,63.07831851949181,63.581515634646856,63.00156327696444,63.47063827514648,8685600,0.0,0.0,0.0
2017-02-24,63.368305089990926,63.81179505728809,63.34271349937837,63.777679443359375,9103000,0.0,0.0,0.0
2017-02-27,63.82032131085977,64.11882477912307,63.68385886428936,64.08470916748047,8178200,0.0,0.0,0.0
2017-02-28,63.90560931417664,64.16147315697141,63.76914686284935,63.95677947998047,10258600,0.0,0.0,0.0
2017-03-01,64.34056300086584,64.75846779147928,64.15293041943914,64.59642028808594,15196600,0.0,0.0,0.0
2017-03-02,64.49405515365247,64.7243272742127,64.383177849,64.39170837402344,7889300,0.0,0.0,0.0
2017-03-03,64.29794093904661,64.69879133000973,64.27235585143433,64.64762115478516,6635300,0.0,0.0,0.0
2017-03-06,64.55377789380051,64.60494804767427,64.1699822190885,64.40026092529297,5886900,0.0,0.0,0.0
2017-03-07,63.87149568830754,64.27234601794166,63.74356376293036,63.94825744628906,12330600,0.0,0.0,0.0
2017-03-08,63.93972134088612,64.42585740942052,63.89707520051624,64.20410919189453,8130000,0.0,0.0,0.0
2017-03-09,64.19557658185533,64.63907300253351,64.15293694975486,64.55378723144531,8451400,0.0,0.0,0.0
2017-03-10,64.8266791253636,64.89490381023623,64.56228488402552,64.80109405517578,10455800,0.0,0.0,0.0
2017-03-13,64.86083924246148,64.86083924246148,64.49410446864123,64.74996185302734,6898500,0.0,0.0,0.0
2017-03-14,64.57083960445193,64.78405727842261,64.44290769869212,64.51113891601562,7296300,0.0,0.0,0.0
2017-03-15,64.60494198312867,65.45781250435809,64.60494198312867,65.32135009765625,11044900,0.0,0.0,0.0
2017-03-16,65.15931273869985,65.15931273869985,64.44289807753597,64.69023132324219,12129400,0.0,0.0,0.0
2017-03-17,64.53102761557143,64.65086187147683,64.29992055931879,64.33415985107422,10401000,0.0,0.0,0.0
2017-03-20,64.35127829708263,64.44543471981272,64.11160977757963,64.24000549316406,4728300,0.0,0.0,0.0
2017-03-21,64.30847112663575,64.5310232427265,61.911779640458846,63.73497772216797,16650400,0.0,0.0,0.0
2017-03-22,63.82913540309496,63.91473036314457,63.43539336248526,63.75210189819336,9954300,0.0,0.0,0.0
2017-03-23,63.67506344014503,64.00032690858158,63.43539493387841,63.55522918701172,13250500,0.0,0.0,0.0
2017-03-24,63.58947753906251,63.87194683190263,63.32413115938248,63.5894775390625,9229500,0.0,0.0,0.0
2017-03-27,63.13580538693069,63.87193377081433,63.01597114122652,63.76065444946289,6946300,0.0,0.0,0.0
2017-03-28,63.63226651707477,63.88905794949052,63.435398745303104,63.80346298217773,7392300,0.0,0.0,0.0
2017-03-29,63.829163875959296,63.97467602600127,63.67509026695021,63.82060241699219,4357800,0.0,0.0,0.0
2017-03-30,63.74354855322994,63.95753924581874,63.572352080872285,63.82914352416992,7137400,0.0,0.0,0.0
2017-03-31,63.675069012166674,63.82058111363661,63.58091258639729,63.649391174316406,5895400,0.0,0.0,0.0
2017-04-03,63.71786372480512,64.01744935546776,63.452510854380805,63.70074081420898,12354800,0.0,0.0,0.0
2017-04-04,63.68361918604053,63.75209776182793,63.48674491327086,63.66649627685547,5228600,0.0,0.0,0.0
2017-04-05,63.75211959254673,64.12873882739079,63.42684951141214,63.46965026855469,6470100,0.0,0.0,0.0
2017-04-06,63.48676473461035,63.70075545289916,63.29845185763964,63.5809211730957,5253300,0.0,0.0,0.0
2017-04-07,63.62370586836104,63.8548129123639,63.452509418658174,63.69218444824219,5638200,0.0,0.0,0.0
2017-04-10,63.67507506938429,63.88906577912963,63.51244004022481,63.572357177734375,4530000,0.0,0.0,0.0
2017-04-11,63.46962754855922,63.63225600043233,63.13580265987715,63.48674392700195,5472600,0.0,0.0,0.0
2017-04-12,63.41826535227837,63.58946178908733,63.229959067503,63.48674392700195,3782200,0.0,0.0,0.0
2017-04-13,63.40971452656955,63.62370518855408,63.32411956787109,63.32411956787109,6671100,0.0,0.0,0.0
2017-04-17,63.24708209881835,63.57234556725491,63.1957264276118,63.55522918701172,6149900,0.0,0.0,0.0
2017-04-18,63.20429934924494,63.20429934924494,62.62225082856648,62.86191940307617,7519500,0.0,0.0,0.0
2017-04-19,63.06734450288056,63.22997953788224,62.93894876632546,63.05022811889648,5023100,0.0,0.0,0.0
2017-04-20,63.17861679843254,63.57235893156914,62.88759255977964,63.4439697265625,7307300,0.0,0.0,0.0
2017-04-21,63.33268723532763,63.39260437151992,62.9218287387171,63.06734085083008,6763000,0.0,0.0,0.0
2017-04-24,63.675061538033496,63.84625145725955,63.606582958152345,63.69218444824219,5450000,0.0,0.0,0.0
2017-04-25,63.94899494181945,64.14586930521648,63.7692434954897,63.96611785888672,9035700,0.0,0.0,0.0
2017-04-26,64.19720522908999,64.57383092285342,64.14584955465949,64.3170394897461,6240400,0.0,0.0,0.0
2017-04-27,64.33415287866404,64.753572728877,64.20575718111577,64.45398712158203,6962800,0.0,0.0,0.0
2017-04-28,64.50533362079277,64.65940712985817,64.40261577125732,64.62516784667969,5781100,0.0,0.0,0.0
2017-05-01,64.73646687969006,64.89910190814234,64.62519406207849,64.77070617675781,7182000,0.0,0.0,0.0
2017-05-02,64.83061282740513,64.9675699935228,64.45399368153579,64.95044708251953,5243800,0.0,0.0,0.0
2017-05-03,64.75356225087093,64.80491790938962,64.48820944408183,64.63372802734375,8094100,0.0,0.0,0.0
2017-05-04,64.85629367244465,65.06172943115234,64.76214377946705,65.06172943115234,4275400,0.0,0.0,0.0
2017-05-05,65.20724009555568,65.22435647649966,64.76214235576202,65.0274887084961,5720100,0.0,0.0,0.0
2017-05-08,64.9761156014025,65.02747126093246,64.53101145055774,64.62516784667969,6558500,0.0,0.0,0.0
2017-05-09,64.65941526115817,64.82205024408938,64.58237523169947,64.70220947265625,3830200,0.0,0.0,0.0
2017-05-10,64.59948806756695,64.6080495207221,64.24854032343431,64.5138931274414,4314900,0.0,0.0,0.0
2017-05-11,64.41120717128652,64.57384220937912,64.22289429149058,64.54816436767578,6791600,0.0,0.0,0.0
2017-05-12,64.52246171851182,64.61661813173853,64.3940725463633,64.4368667602539,2638000,0.0,0.0,0.0
2017-05-15,64.47108935874611,64.89050911696009,64.41117225042983,64.85626983642578,7320800,0.0,0.0,0.0
2017-05-16,64.78783706619949,64.84775421082459,64.42832766796997,64.60808563232422,5471700,0.0,0.0,0.0
2017-05-17,64.08592442821129,64.26567579676754,63.76065444946289,63.76065444946289,11434000,0.0,0.0,0.0
2017-05-18,63.72640523391095,64.41117784310428,63.72640523391095,64.0431137084961,10690500,0.0,0.0,0.0
2017-05-19,64.1544141646675,64.42832202044096,64.068819184203,64.22289276123047,9209800,0.0,0.0,0.0
2017-05-22,64.16296751414605,64.47111462926314,64.02601686880378,64.39408111572266,4999100,0.0,0.0,0.0
2017-05-23,64.47968988513361,64.74503630697629,64.42832766796997,64.60808563232422,4216100,0.0,0.0,0.0
2017-05-24,64.64231044537328,64.82206838759852,64.48823687380747,64.77070617675781,5186400,0.0,0.0,0.0
2017-05-25,64.91619955218668,65.20723022801216,64.76213255557332,65.0788345336914,4479400,0.0,0.0,0.0
2017-05-26,65.02749348233581,65.21580633893058,64.89053630282044,64.95901489257812,4507400,0.0,0.0,0.0
2017-05-30,64.75358772061838,65.02749555791411,64.75358772061838,64.86486053466797,4651200,0.0,0.0,0.0
2017-05-31,64.9932549710765,65.26716280293198,64.93333783693554,65.12165069580078,5884400,0.0,0.0,0.0
2017-06-01,65.23292726238242,65.89202230634761,65.16444866785753,65.84066009521484,9149900,0.0,0.0,0.0
2017-06-02,66.02893966377758,66.35420302800964,65.96902255640654,66.26860809326172,4833000,0.0,0.0,0.0
2017-06-05,66.26863511714804,66.33711370506144,65.92624870805867,66.080322265625,5558900,0.0,0.0,0.0
2017-06-06,65.95193338591427,66.157362620141,65.80641475329595,65.91769409179688,4316500,0.0,0.0,0.0
2017-06-07,66.00329382335177,66.16592884952252,65.88345955053481,66.09745025634766,4415700,0.0,0.0,0.0
2017-06-08,66.05463836985102,66.21727336861053,65.73793635813234,65.90912628173828,6304400,0.0,0.0,0.0
2017-06-09,65.9946996303857,66.55963794812746,65.90910469661493,66.35420227050781,13419000,0.0,0.0,0.0
2017-06-12,66.30284737325587,66.54251580274001,65.95190618164692,66.26860809326172,7700600,0.0,0.0,0.0
2017-06-13,66.32853096458636,66.49116592607284,66.17445745646114,66.40557098388672,5592500,0.0,0.0,0.0
2017-06-14,66.51685321311803,66.91059522753726,66.49117537985884,66.72228240966797,6782300,0.0,0.0,0.0
2017-06-15,66.4655033887231,66.70517189417693,66.28575200963273,66.65381622314453,8186000,0.0,0.0,0.0
2017-06-16,66.73802177697861,66.90129601472806,66.41146018866294,66.76380157470703,14165200,0.0,0.0,0.0
2017-06-19,66.85832659328493,67.52003205624767,66.82395134689094,67.45987701416016,8294400,0.0,0.0,0.0
2017-06-20,67.45129539953804,68.0528525002167,67.42551559855639,67.6833267211914,7697200,0.0,0.0,0.0
2017-06-21,67.82081172410605,68.56845863039568,67.7778475805957,68.54267883300781,9481200,0.0,0.0,0.0
2017-06-22,68.65441553283098,69.67705820051854,68.62863572715993,69.25596618652344,12341100,0.0,0.0,0.0
2017-06-23,69.17003164176403,69.29893722713771,68.89503611929166,69.15284729003906,8779600,0.0,0.0,0.0
2017-06-26,69.35048357458126,69.35048357458126,68.98095779727194,69.0840835571289,7434400,0.0,0.0,0.0
2017-06-27,69.08408696508134,69.1700218243301,68.43956568610143,68.45675659179688,8428000,0.0,0.0,0.0
2017-06-28,68.68017935209947,68.9895500609619,68.64580410040267,68.81768035888672,8674200,0.0,0.0,0.0
2017-06-29,68.74035207869987,68.80050714553477,67.76927555510494,68.19036102294922,8445800,0.0,0.0,0.0
2017-06-30,68.4567544537451,68.4567544537451,68.09581756591797,68.09581756591797,7817400,0.0,0.0,0.0
2017-07-03,68.3278619827795,68.5341069893349,68.20755184925464,68.21614074707031,5904200,0.0,0.0,0.0
2017-07-05,68.31065491988876,68.70596048747386,68.07003470974209,68.62002563476562,8955500,0.0,0.0,0.0
2017-07-06,68.32786320866978,68.45676879873359,67.6403710992699,67.73490142822266,6367700,0.0,0.0,0.0
2017-07-07,67.97553325675062,68.15599849095828,67.80366347838478,68.07865905761719,4371400,0.0,0.0,0.0
2017-07-10,68.10443058249612,68.1302103904732,67.77787542076813,67.94974517822266,3580000,0.0,0.0,0.0
2017-07-11,67.90675944583319,68.05285591941832,67.52864475175573,67.87239074707031,4117500,0.0,0.0,0.0
2017-07-12,68.2075572572675,68.55989223155166,68.19036634745204,68.33645629882812,8808200,0.0,0.0,0.0
2017-07-13,68.39659118652344,68.61143160093982,67.93254166102409,68.39659118652344,9437700,0.0,0.0,0.0
2017-07-14,68.54267429482155,69.00673028630307,68.40517330931243,68.86063385009766,5750000,0.0,0.0,0.0
2017-07-17,68.94660736452933,68.99816697991149,68.59426584232207,68.6114501953125,5743700,0.0,0.0,0.0
2017-07-18,68.52550860745194,68.73176016160606,68.19895348132329,68.66300964355469,8042700,0.0,0.0,0.0
2017-07-19,68.95520434728178,69.22161102294922,68.95520434728178,69.22161102294922,8177900,0.0,0.0,0.0
2017-07-20,69.38486134417231,69.78876238941511,69.27314668424938,69.67704772949219,8276800,0.0,0.0,0.0
2017-07-21,69.53096459776775,69.7028343307857,69.47939843273431,69.5997085571289,4043600,0.0,0.0,0.0
2017-07-24,69.53955357508259,69.64267934885827,69.27315352167469,69.57392883300781,4476800,0.0,0.0,0.0
2017-07-25,69.73722046142383,69.78878007808588,68.97238888435167,69.07550811767578,8486000,0.0,0.0,0.0
2017-07-26,68.92083767176145,68.98958821317508,68.65443751929921,68.84349822998047,4964100,0.0,0.0,0.0
2017-07-27,68.91221350343992,68.91221350343992,68.087227097926,68.37081146240234,12536800,0.0,0.0,0.0
2017-07-28,68.39659526977634,68.80049632201735,68.1044154358034,68.71456146240234,6426100,0.0,0.0,0.0
2017-07-31,68.80050124335433,68.93800227370149,68.64581586241877,68.65441131591797,5516800,0.0,0.0,0.0
2017-08-01,68.90363409381192,68.90363409381192,68.4137980966023,68.4997329711914,8678800,0.0,0.0,0.0
2017-08-02,68.49112929257623,68.49112929257623,68.10441912515508,68.34503936767578,7718500,0.0,0.0,0.0
2017-08-03,68.37941062898635,68.594251055313,68.15597474981199,68.45675659179688,8003600,0.0,0.0,0.0
2017-08-04,68.77470793537341,68.77470793537341,68.21612158298385,68.30206298828125,3930100,0.0,0.0,0.0
2017-08-07,68.23332545230461,68.45676134699947,68.173170391011,68.44816589355469,4583300,0.0,0.0,0.0
2017-08-08,68.3622116412237,68.48252172969171,67.99268592481245,68.13018035888672,4423300,0.0,0.0,0.0
2017-08-09,67.9669232317195,68.27629401159163,67.8466131013704,68.20755004882812,4886500,0.0,0.0,0.0
2017-08-10,68.00130240831696,68.06145747695656,67.34819210777567,67.35678100585938,7054700,0.0,0.0,0.0
2017-08-11,67.39112917749442,67.88096498420123,67.39112917749442,67.54581451416016,8318600,0.0,0.0,0.0
2017-08-14,67.83803793528503,68.11303351123371,67.83803793528503,68.00131225585938,3955800,0.0,0.0,0.0
2017-08-15,68.08725370042785,68.22474821019634,67.9841279007927,68.00131225585938,4653800,0.0,0.0,0.0
2017-08-16,68.11302160405172,68.31926661085558,68.03567562874369,68.19036102294922,3756900,0.0,0.0,0.0
2017-08-17,67.97551018236776,68.26769657410074,67.31380454822323,67.33958435058594,7133400,0.0,0.0,0.0
2017-08-18,67.0903598226686,67.48566537174003,66.98723407040309,67.03020477294922,8434600,0.0,0.0,0.0
2017-08-21,66.97004051546847,67.41690560102849,66.87551022799096,67.33097076416016,10269000,0.0,0.0,0.0
2017-08-22,67.3481855494714,68.22473168663572,67.30521483759438,68.14739227294922,5455500,0.0,0.0,0.0
2017-08-23,67.91535822470257,67.93254913133542,67.6059874694098,67.63176727294922,5662500,0.0,0.0,0.0
2017-08-24,67.70050881065963,67.9239446723937,67.57160325364347,67.82941436767578,5502800,0.0,0.0,0.0
2017-08-25,67.97551660334877,68.23332776414784,67.79505141335348,67.84661102294922,5476500,0.0,0.0,0.0
2017-08-28,68.0356737508934,68.31926472517792,68.01848939930511,68.20755004882812,7432800,0.0,0.0,0.0
2017-08-29,67.923966253012,68.40520682526784,67.86381118148002,68.33645629882812,4243500,0.0,0.0,0.0
2017-08-30,68.25909330163894,68.86064380922231,68.2419089541689,68.68877410888672,3667900,0.0,0.0,0.0
2017-08-31,68.86065070797338,69.92626393731985,68.86065070797338,69.85751342773438,6987200,0.0,0.0,0.0
2017-09-01,69.96064699450065,70.10673692635542,69.53955499363427,69.80596160888672,6471600,0.0,0.0,0.0
2017-09-05,69.51376055204697,69.92625701229952,69.18720549846995,69.50516510009766,8076900,0.0,0.0,0.0
2017-09-06,69.74580826321191,69.90908255019622,69.43643748436433,69.84033203125,8791000,0.0,0.0,0.0
2017-09-07,69.83173093499491,70.76843200546868,69.81454003005621,70.6137466430664,7251000,0.0,0.0,0.0
2017-09-08,70.5106087610366,71.05200410782604,70.39029868397226,70.93169403076172,4302600,0.0,0.0,0.0
2017-09-11,71.24968754806522,71.49889669190033,71.09500216709965,71.4817123413086,6286200,0.0,0.0,0.0
2017-09-12,71.49890489866776,71.64500139931168,71.36141040892205,71.63640594482422,6984800,0.0,0.0,0.0
2017-09-13,71.5504449984148,71.67935054311461,71.2324788623431,71.36997985839844,5873800,0.0,0.0,0.0
2017-09-14,71.1723597178095,71.57626090195527,71.08642483013014,71.46454620361328,6373800,0.0,0.0,0.0
2017-09-15,71.64134986105543,71.64134986105543,71.15833779512982,71.2359619140625,7091300,0.0,0.0,0.0
2017-09-18,71.31360543905046,71.50336209351856,71.10660117078845,71.2187271118164,7783100,0.0,0.0,0.0
2017-09-19,71.25320262121161,71.33945381944086,70.58043406226096,70.6580581665039,7329200,0.0,0.0,0.0
2017-09-20,70.6839523975249,70.80470542451822,70.21819448229152,70.72708129882812,5101800,0.0,0.0,0.0
2017-09-21,70.68394490414572,70.7615756021524,70.33031295702511,70.36481475830078,4527900,0.0,0.0,0.0
2017-09-22,70.26993644992912,70.45969306667244,70.00255571572482,70.36481475830078,6473300,0.0,0.0,0.0
2017-09-25,70.26993125808738,70.58906138035363,70.05429995145549,70.15779876708984,12439300,0.0,0.0,0.0
2017-09-26,70.3561714858092,70.5545551523934,70.01978722639859,70.04566192626953,4579400,0.0,0.0,0.0
2017-09-27,70.2268101429451,70.2268101429451,69.71792336159066,70.01980590820312,5384700,0.0,0.0,0.0
2017-09-28,69.95943191353805,70.31306388641063,69.85592650217363,70.08018493652344,4229000,0.0,0.0,0.0
2017-09-29,70.08877575418713,70.52865871857058,69.91626682453818,70.4941635131836,6902700,0.0,0.0,0.0
2017-10-02,70.70120384046271,71.21871773324143,70.62357313724551,71.21009063720703,8764900,0.0,0.0,0.0
2017-10-03,71.31357830964387,71.41708369467246,70.91681753785114,71.19282531738281,5141700,0.0,0.0,0.0
2017-10-04,71.2963281914638,71.56370886769021,71.22732460387495,71.53783416748047,3291100,0.0,0.0,0.0
2017-10-05,71.5378654451188,71.59824196552067,71.2618575546321,71.58961486816406,7709600,0.0,0.0,0.0
2017-10-06,71.4602110321522,71.770720628546,71.38258692332626,71.49471282958984,4035900,0.0,0.0,0.0
2017-10-09,71.48609440714215,71.5033485982266,70.93407874226428,71.04621124267578,4558800,0.0,0.0,0.0
2017-10-10,71.07209000338759,71.21009063720703,70.82195686275954,71.21009063720703,4037700,0.0,0.0,0.0
2017-10-11,71.1669463890664,71.4256999654515,71.14969220231423,71.34807586669922,4031600,0.0,0.0,0.0
2017-10-12,71.32221039314562,71.43433629936237,71.18420320345271,71.27045440673828,4731600,0.0,0.0,0.0
2017-10-13,71.03759841679857,71.18422616774119,70.91684537713441,71.08934783935547,5909600,0.0,0.0,0.0
2017-10-16,71.03759173146041,71.31359959336731,70.64945793771668,70.7788314819336,10219700,0.0,0.0,0.0
2017-10-17,70.92545138381799,71.91735011745597,70.92545138381799,71.72760009765625,8437800,0.0,0.0,0.0
2017-10-18,71.9087158815625,72.21922542641221,71.74483401607408,71.83108520507812,6938700,0.0,0.0,0.0
2017-10-19,71.74482483586318,72.28821317954818,71.64131947397615,72.27096557617188,6410400,0.0,0.0,0.0
2017-10-20,72.29687576702612,72.40900169538013,72.09849203781151,72.34862518310547,6343800,0.0,0.0,0.0
2017-10-23,72.44349592260996,72.71950374707538,72.13298629751816,72.16748809814453,7159600,0.0,0.0,0.0
2017-10-24,72.17611792131811,72.18474501693717,71.27046371714708,71.68447875976562,7145500,0.0,0.0,0.0
2017-10-25,71.61547256484224,71.78798156825266,71.3049629392491,71.58097076416016,6819100,0.0,0.0,0.0
2017-10-26,71.07210131986099,71.27910559382354,70.43383430315723,70.86509704589844,13466900,0.0,0.0,0.0
2017-10-27,70.61493756837001,70.92544715395339,70.58043577213355,70.84781646728516,6122000,0.0,0.0,0.0
2017-10-30,70.6149547866819,70.65807710708359,69.93355895109022,70.08881378173828,5884000,0.0,0.0,0.0
2017-10-31,70.04567045407357,70.26130175330931,69.83866624935986,69.95941925048828,6548600,0.0,0.0,0.0
2017-11-01,70.08015520859371,70.42516651957547,69.94214805198364,70.13190460205078,7427800,0.0,0.0,0.0
2017-11-02,70.26130779190439,70.27856198243137,69.65754273437183,69.81279754638672,10200300,0.0,0.0,0.0
2017-11-03,69.73514988725266,70.4337996616481,69.73514988725266,70.39067077636719,6862700,0.0,0.0,0.0
2017-11-06,70.27853893691992,70.35616302720032,70.12328417581567,70.17503356933594,4853200,0.0,0.0,0.0
2017-11-07,70.29580345863394,70.42518355411467,70.07154506517037,70.3216781616211,4439800,0.0,0.0,0.0
2017-11-08,70.2440591660266,70.5631893001589,70.15780137573037,70.48556518554688,6186200,0.0,0.0,0.0
2017-11-09,70.31302749191651,70.56316050450036,70.06290105987549,70.4941635131836,7086400,0.0,0.0,0.0
2017-11-10,70.32166793360422,70.32166793360422,69.59715003316255,70.03703308105469,4826300,0.0,0.0,0.0
2017-11-13,69.80418126723067,70.24407106619105,69.60579752870451,70.10606384277344,4704000,0.0,0.0,0.0
2017-11-14,69.873182388812,69.95080651380809,69.502296214778,69.82142639160156,7430100,0.0,0.0,0.0
2017-11-15,69.56265511853786,69.83866290512113,69.38152562551866,69.62303161621094,4952300,0.0,0.0,0.0
2017-11-16,69.72651515076414,70.43379194079384,69.72651515076414,70.3475341796875,4780500,0.0,0.0,0.0
2017-11-17,70.02841852366076,70.29579921243685,69.95941493283318,70.07154083251953,6129800,0.0,0.0,0.0
2017-11-20,70.06294767097954,70.12332419138794,69.66618015909903,69.77831268310547,4898500,0.0,0.0,0.0
2017-11-21,70.15778532472072,70.55455264378182,70.13191062576978,70.39067077636719,7974500,0.0,0.0,0.0
2017-11-22,70.39068946412111,70.65807019832539,70.25268225901841,70.36481475830078,4853100,0.0,0.0,0.0
2017-11-24,70.45969712685053,70.55457544068948,70.30444230243646,70.52869415283203,1650600,0.0,0.0,0.0
2017-11-27,70.5286890455548,70.7098251447095,70.46831253935177,70.58906555175781,4241400,0.0,0.0,0.0
2017-11-28,70.76155604595147,71.1669438732224,70.57179948165071,71.1065673828125,8290400,0.0,0.0,0.0
2017-11-29,71.1669648913271,71.7189805611168,71.1669648913271,71.46022033691406,8144600,0.0,0.0,0.0
2017-11-30,71.68447785488512,72.21061881172643,71.46884653095165,71.99498748779297,10639600,0.0,0.0,0.0
2017-12-01,71.96047642992836,72.1502330234685,70.87369285454527,71.84835052490234,15315400,0.0,0.0,0.0
2017-12-04,72.26234682562573,72.2796010115368,70.96855926513672,70.96855926513672,9770300,0.0,0.0,0.0
2017-12-05,71.01169835427216,71.36533024974251,70.78743996900755,70.84781646728516,13240800,0.0,0.0,0.0
2017-12-06,70.8909657456255,71.12384471151553,70.47695065226395,70.78746032714844,8533000,0.0,0.0,0.0
2017-12-07,70.74431100178792,70.94269468479605,70.52867971095267,70.8046875,3979200,0.0,0.0,0.0
2017-12-08,71.01170340851974,71.60684133945941,70.95994742020893,71.59822082519531,8444100,0.0,0.0,0.0
2017-12-11,71.6586175178466,71.9432525018446,71.54648499536714,71.9001235961914,6588600,0.0,0.0,0.0
2017-12-12,71.92597795955783,72.2968640693917,71.92597795955783,72.18473815917969,6068600,0.0,0.0,0.0
2017-12-13,72.17610006928908,72.64186440932815,72.15022536937761,72.43486022949219,8459800,0.0,0.0,0.0
2017-12-14,72.49522627590723,72.59010454893969,71.63270130691627,71.70169830322266,6772100,0.0,0.0,0.0
2017-12-15,71.97103324562697,72.51659398365386,71.97103324562697,72.49061584472656,8012200,0.0,0.0,0.0
2017-12-18,72.72443225808139,72.91494081236586,72.47329923720721,72.51659393310547,5655400,0.0,0.0,0.0
2017-12-19,72.6291694043761,72.88030240701711,72.3953529574669,72.42999267578125,4777100,0.0,0.0,0.0
2017-12-20,72.58588285801777,72.69845701028234,72.18753592671386,72.19619750976562,4686700,0.0,0.0,0.0
2017-12-21,72.42133200244889,72.46463330259739,71.97969045381807,72.03164672851562,4304200,0.0,0.0,0.0
2017-12-22,71.92775756219025,72.01436019859578,71.62466815533156,71.79786682128906,7023600,0.0,0.0,0.0
2017-12-26,71.73722162979082,71.91042024576343,71.6592872077419,71.8151626586914,2504100,0.0,0.0,0.0
2017-12-27,71.86712953997474,72.12692419882578,71.85847456303829,71.93640899658203,4053300,0.0,0.0,0.0
2017-12-28,72.0662994921488,72.17021206035335,71.81516644090111,72.04032135009766,5380600,0.0,0.0,0.0
2017-12-29,72.1615395333462,72.27411365713857,71.52071468663473,71.5986557006836,4877200,0.0,0.0,0.0
2018-01-02,71.86710129062583,72.43864667269537,71.7631887534132,72.40400695800781,6708900,0.0,0.0,0.0
2018-01-03,72.3953740780858,73.14877330580546,72.18754231441757,73.09681701660156,7606500,0.0,0.0,0.0
2018-01-04,73.33058848491464,73.46914071911338,73.01883769940603,73.20069122314453,7762500,0.0,0.0,0.0
2018-01-05,73.43451825628478,73.89348292177341,73.29595939515984,73.82420349121094,7579300,0.0,0.0,0.0
2018-01-08,73.73762446593828,73.8328820531582,73.18340210766875,73.55577087402344,5167300,0.0,0.0,0.0
2018-01-09,73.78091275674012,74.57761310855167,73.71163992311176,74.42173767089844,6962900,0.0,0.0,0.0
2018-01-10,74.1706115004001,74.30916378729658,73.73762486771457,74.2918472290039,10835800,0.0,0.0,0.0
2018-01-11,74.42174373770919,74.62957546923876,74.21390539932798,74.61225891113281,4247800,0.0,0.0,0.0
2018-01-12,74.75079793367037,75.27038047373178,74.69018008077738,75.18378448486328,5391700,0.0,0.0,0.0
2018-01-16,75.65140991250219,76.16233086594538,75.43491663931093,75.55615234375,8920000,0.0,0.0,0.0
2018-01-17,75.9025684278266,76.44812928127145,75.71205322625306,76.2835922241211,7214600,0.0,0.0,0.0
2018-01-18,76.29224173792423,76.37883774125233,75.8592551144322,76.3009033203125,7954800,0.0,0.0,0.0
2018-01-19,76.5953248967161,76.6126480601003,76.2056396096345,76.586669921875,4802400,0.0,0.0,0.0
2018-01-22,76.56068309332124,77.13222188995616,76.42212422937928,77.08892059326172,11152500,0.0,0.0,0.0
2018-01-23,77.08029711499186,77.2275110129452,76.64731039852701,76.71658325195312,7637600,0.0,0.0,0.0
2018-01-24,77.09761743315575,77.22751477579494,76.67329228026412,76.94174194335938,8291100,0.0,0.0,0.0
2018-01-25,77.31409599670243,77.67780320096158,77.01966824283134,77.59986877441406,6339300,0.0,0.0,0.0
2018-01-26,77.95491888169039,79.28851864756984,77.93760232152289,79.27120208740234,9784400,0.0,0.0,0.0
2018-01-29,79.06336434164285,79.48768940555195,79.04604117593527,79.05470275878906,12643800,0.0,0.0,0.0
2018-01-30,77.49595664556163,78.03286252461186,77.26214673780665,77.39204406738281,14270600,0.0,0.0,0.0
2018-01-31,77.79037284619085,78.01552111750857,76.0237867547879,76.292236328125,15858400,0.0,0.0,0.0
2018-02-01,75.99781616379886,76.66461267590087,75.80730098695494,76.31822204589844,12848700,0.0,0.0,0.0
2018-02-02,75.69471739870008,76.36151382763244,75.22709109755165,75.2444076538086,10539200,0.0,0.0,0.0
2018-02-05,74.87205036491356,75.33101515460883,71.33022275624484,71.9104232788086,34979800,0.0,0.0,0.0
2018-02-06,70.52488023425056,73.01888140423341,70.49024050325527,72.7071304321289,33313400,0.0,0.0,0.0
2018-02-07,72.49927057851126,73.64235483129728,72.24813758118357,72.6205062866211,17338000,0.0,0.0,0.0
2018-02-08,72.60321052018968,72.83702705037925,70.03992991359914,70.10054779052734,20252500,0.0,0.0,0.0
2018-02-09,70.74135182845248,71.70258259549767,68.89682470997873,71.09639739990234,35535700,0.0,0.0,0.0
2018-02-12,71.555360535165,72.31742115183468,70.914542240389,71.76319885253906,13389200,0.0,0.0,0.0
2018-02-13,71.34753630584287,71.97969969215247,70.90588809367729,71.8151626586914,8415200,0.0,0.0,0.0
2018-02-14,71.35621412898318,72.75908689997013,71.28693466682617,72.62919616699219,10110800,0.0,0.0,0.0
2018-02-15,73.12278127579759,73.46051030519625,72.3866987486376,73.43453216552734,9519100,0.0,0.0,0.0
2018-02-16,73.07083328897325,74.48237416274804,73.07083328897325,73.9627914428711,9323000,0.0,0.0,0.0
2018-02-20,73.60771500043535,73.85018641628187,72.94091860685742,73.14875030517578,8872100,0.0,0.0,0.0
2018-02-21,73.14009268267625,74.11863998011938,72.83700339646387,72.84566497802734,9417400,0.0,0.0,0.0
2018-02-22,73.07949922333064,73.59908197413833,72.55991647252296,72.73310852050781,6316100,0.0,0.0,0.0
2018-02-23,73.1660802937938,73.91947942294134,72.84567440982039,73.89350128173828,5498500,0.0,0.0,0.0
2018-02-26,74.0234103299099,74.91536188916324,74.0234103299099,74.82876586914062,6266100,0.0,0.0,0.0
2018-02-27,74.82874700948865,75.07987342220513,74.04936981201172,74.04936981201172,7460700,0.0,0.0,0.0
2018-02-28,74.29185634700161,74.38711394643173,72.84568240198436,72.86299896240234,6279000,0.0,0.0,0.0
2018-03-01,72.73311014129585,73.10547899892899,71.1570386848412,71.70260620117188,12720300,0.0,0.0,0.0
2018-03-02,71.31288653583357,72.58586810477047,71.30422495454229,72.42999267578125,11206000,0.0,0.0,0.0
2018-03-05,72.1009334351321,73.30463570388697,71.94505798847348,73.08814239501953,11028800,0.0,0.0,0.0
2018-03-06,73.25267965536732,73.37392199795462,72.62052283429824,72.9842300415039,9573300,0.0,0.0,0.0
2018-03-07,72.36074985536766,73.43456184593417,72.33477170519903,73.35662078857422,6868200,0.0,0.0,0.0
2018-03-08,73.55575391015941,73.91079942958142,73.43451821017628,73.85018157958984,6403000,0.0,0.0,0.0
2018-03-09,74.30052675241234,74.94134527360247,74.02341550485554,74.91536712646484,8253100,0.0,0.0,0.0
2018-03-12,74.94133082994534,75.05390498146275,74.50834417616026,74.59494018554688,5760200,0.0,0.0,0.0
2018-03-13,74.88073129585904,75.20979885483511,74.52567898153826,74.69021606445312,6400700,0.0,0.0,0.0
2018-03-14,74.95000954946333,75.12320160783509,74.08403604389751,74.32650756835938,9416400,0.0,0.0,0.0
2018-03-15,74.58626968881539,74.80276298983502,74.10998839068294,74.20524597167969,5883100,0.0,0.0,0.0
2018-03-16,74.19656158724544,74.6050000463669,74.19656158724544,74.20525360107422,7067700,0.0,0.0,0.0
2018-03-19,74.06621219439356,74.16179782324001,72.41508101238394,73.00601196289062,7190200,0.0,0.0,0.0
2018-03-20,73.17112136286616,73.370997896762,72.69316669235113,73.11029052734375,5534400,0.0,0.0,0.0
2018-03-21,73.23195508403248,73.63170816757608,72.73661636667045,72.79744720458984,5498700,0.0,0.0,0.0
2018-03-22,72.09354115452786,72.14567997453008,70.58145570389124,70.70311737060547,14648500,0.0,0.0,0.0
2018-03-23,70.77263557186673,70.92036663888514,69.18233536554902,69.2344741821289,11049000,0.0,0.0,0.0
2018-03-26,70.01657338420847,70.76392718926269,69.21708077463565,70.6683349609375,9183500,0.0,0.0,0.0
2018-03-27,70.92036838855225,71.1289302900803,69.43435240879614,69.83409881591797,10948400,0.0,0.0,0.0
2018-03-28,70.03395659227496,70.88559470715973,69.93837098607264,70.207763671875,10146800,0.0,0.0,0.0
2018-03-29,70.58146903127243,71.25060832454939,70.10350765745686,70.7378921508789,6914900,0.0,0.0,0.0
2018-04-02,70.44241998614841,70.80741166804287,68.42630355643334,69.13021087646484,11364900,0.0,0.0,0.0
2018-04-03,69.50387810917913,70.31206296963693,69.07805564556016,70.18170928955078,8590700,0.0,0.0,0.0
2018-04-04,69.33876045972424,71.38094593920944,69.33876045972424,71.18107604980469,9085800,0.0,0.0,0.0
2018-04-05,71.43310627363857,71.49393712309286,70.85955921165042,71.12895202636719,8031300,0.0,0.0,0.0
2018-04-06,70.53800030868365,70.88560790252878,68.79128358647125,69.4169692993164,12171800,0.0,0.0,0.0
2018-04-09,69.7906465641888,71.07679267722044,69.59077667227103,70.1034927368164,6952600,0.0,0.0,0.0
2018-04-10,70.79871553617987,71.56344702364578,70.55539218244363,71.28536224365234,8097800,0.0,0.0,0.0
2018-04-11,70.75525619060768,71.18107865417109,70.60752511389234,70.70311737060547,6205800,0.0,0.0,0.0
2018-04-12,71.08548379658909,71.51999162754608,71.03333834843117,71.18107604980469,5096900,0.0,0.0,0.0
2018-04-13,71.51999353812825,71.58082437088473,70.76394750524331,71.14631652832031,7837000,0.0,0.0,0.0
2018-04-16,71.66772720344198,71.97188137821644,71.50261209567995,71.71117401123047,7217200,0.0,0.0,0.0
2018-04-17,72.25864960121538,72.42375805936652,71.8849726221423,72.26734161376953,6500900,0.0,0.0,0.0
2018-04-18,72.44984771352811,72.58019477602353,71.98057839835197,72.32818603515625,4704500,0.0,0.0,0.0
2018-04-19,72.197809813027,72.26733264470587,71.45914795910997,71.7198486328125,5833600,0.0,0.0,0.0
2018-04-20,71.78070910271646,71.88499339331037,71.10287778901825,71.33750915527344,5250500,0.0,0.0,0.0
2018-04-23,71.52868607528727,71.8415322836281,71.34619355876582,71.61559295654297,9257300,0.0,0.0,0.0
2018-04-24,71.8415212308791,71.89366667762283,70.53799777335955,71.07678985595703,8904800,0.0,0.0,0.0
2018-04-25,70.98991501968015,71.43310838017436,70.49457619378357,71.39835357666016,8068800,0.0,0.0,0.0
2018-04-26,71.60691524498196,72.58020886083281,71.60691524498196,72.3021240234375,9463300,0.0,0.0,0.0
2018-04-27,72.24994953514442,72.71052669823081,72.09352647692054,72.5975570678711,6663300,0.0,0.0,0.0
2018-04-30,72.91041463310097,72.95386143772515,71.47653747923735,71.4852294921875,7241000,0.0,0.0,0.0
2018-05-01,71.39833877556936,71.6503475141656,70.85085459776552,71.45047760009766,8498000,0.0,0.0,0.0
2018-05-02,71.07679796547758,71.12893678810694,70.31206650330333,70.4684829711914,11594300,0.0,0.0,0.0
2018-05-03,70.14694498324171,70.1556369962405,68.92162972287984,69.83409881591797,13524100,0.0,0.0,0.0
2018-05-04,69.62553504665948,70.62489772262411,69.35613569142987,70.39026641845703,7889500,0.0,0.0,0.0
2018-05-07,70.61622573048095,70.89431052114472,70.10350296109387,70.28599548339844,5886700,0.0,0.0,0.0
2018-05-08,70.11217418841184,70.1730050111447,69.33875088649586,69.75587463378906,9522300,0.0,0.0,0.0
2018-05-09,69.88621747550424,70.45977082684735,69.50385520467023,70.1556167602539,11340200,0.0,0.0,0.0
2018-05-10,70.45108475857818,71.40700046138235,70.41632334374106,71.09415435791016,7845500,0.0,0.0,0.0
2018-05-11,71.15501130253264,72.29342650874213,71.02466423661099,72.15438079833984,10434000,0.0,0.0,0.0
2018-05-14,72.28473943722253,72.93650133165647,72.1370083323664,72.6323471069336,11837600,0.0,0.0,0.0
2018-05-15,72.154371504257,72.24127174703277,71.45916293198736,71.69379425048828,8806800,0.0,0.0,0.0
2018-05-16,71.65903614230501,72.34555936310005,71.65034412860629,72.09354400634766,7013600,0.0,0.0,0.0
2018-05-17,72.0240366252255,72.24129060390567,71.71119036552084,72.11962890625,6610400,0.0,0.0,0.0
2018-05-18,72.17177693564712,72.44986177304244,71.9284469016189,72.3021240234375,5838900,0.0,0.0,0.0
2018-05-21,72.64101290031165,72.78005858272086,72.26734254647882,72.37162017822266,6406500,0.0,0.0,0.0
2018-05-22,72.51935221348052,72.60625908118053,72.11960581630039,72.23258209228516,5770200,0.0,0.0,0.0
2018-05-23,71.92843195991009,72.49329353323643,71.84153170941313,72.46722412109375,8360500,0.0,0.0,0.0
2018-05-24,72.42375849313402,72.545426779432,71.8589036449272,72.18043518066406,7166500,0.0,0.0,0.0
2018-05-25,72.20649601010905,72.52803413770938,71.95448734503513,72.0761489868164,6853300,0.0,0.0,0.0
2018-05-29,71.60690858179149,71.73726228751765,70.8856238228296,71.33750915527344,18236800,0.0,0.0,0.0
2018-05-30,71.82413326948715,72.57148713892889,71.74591842590911,72.4063720703125,13167700,0.0,0.0,0.0
2018-05-31,72.26735478557566,72.32818562441615,71.58951691412776,71.61559295654297,11543500,0.0,0.0,0.0
2018-06-01,71.90235474785005,72.46721625990061,71.82414651990601,72.44114685058594,8037800,0.0,0.0,0.0
2018-06-04,72.52807110398284,72.81484796151616,72.29343971240641,72.71056365966797,7230800,0.0,0.0,0.0
2018-06-05,72.73663624059854,72.89305938514016,72.21522796881513,72.56283569335938,5444400,0.0,0.0,0.0
2018-06-06,72.8148229432586,73.45789267520777,72.51935417124089,73.37968444824219,7218900,0.0,0.0,0.0
2018-06-07,73.59695771448567,73.66647394671224,73.11899632381191,73.47529602050781,7405600,0.0,0.0,0.0
2018-06-08,73.44923100418548,73.95326188639069,73.32756929193816,73.901123046875,6247100,0.0,0.0,0.0
2018-06-11,73.90979880390954,74.39644554584036,73.73599166031667,74.04014587402344,7074400,0.0,0.0,0.0
2018-06-12,74.11833522757958,74.11833522757958,73.66644343988683,73.99667358398438,6829200,0.0,0.0,0.0
2018-06-13,74.12703725133471,74.49202223141742,73.91846872266183,74.0140609741211,10379200,0.0,0.0,0.0
2018-06-14,74.1618006342093,74.43989203798947,73.95323871143817,74.39643859863281,9379800,0.0,0.0,0.0
2018-06-15,74.30572103565781,74.57611182624906,73.96554982987313,74.54122161865234,9349300,0.0,0.0,0.0
2018-06-18,74.08766965481486,74.08766965481486,73.52071537014008,73.82599639892578,7342600,0.0,0.0,0.0
2018-06-19,73.32007732914393,74.04403402916455,73.2066891665219,74.01786804199219,6431700,0.0,0.0,0.0
2018-06-20,74.11383240775329,74.34933300405085,73.95682979201257,74.17488861083984,5900800,0.0,0.0,0.0
2018-06-21,74.10510290616317,74.11382712158957,73.57303889380388,73.74748992919922,7423400,0.0,0.0,0.0
2018-06-22,74.01787751972496,74.36677292082395,73.82598471638921,74.07893371582031,9829800,0.0,0.0,0.0
2018-06-25,73.79981746317036,74.08765666324912,72.84036011753395,73.39859008789062,9925100,0.0,0.0,0.0
2018-06-26,73.45963787318124,73.51196984734047,73.0758523170125,73.17179870605469,5560100,0.0,0.0,0.0
2018-06-27,73.17180691594783,73.54686830029685,72.50018877192224,72.55252075195312,7420500,0.0,0.0,0.0
2018-06-28,72.28210807097602,72.83161365860379,71.77621023527952,72.64844512939453,9026900,0.0,0.0,0.0
2018-06-29,72.87526519996028,73.44221284633332,72.74442856824822,72.79676055908203,6479300,0.0,0.0,0.0
2018-07-02,72.39551866941612,73.06713681819325,72.15129388804262,73.02352905273438,9364700,0.0,0.0,0.0
2018-07-03,73.2851973463026,73.53814634861351,73.00608235317097,73.1979751586914,3023100,0.0,0.0,0.0
2018-07-05,73.53814942184017,74.03532323209032,73.3637050393276,73.95682525634766,7458600,0.0,0.0,0.0
2018-07-06,74.31444284812066,75.15179456909355,74.2272206514522,75.02095794677734,9822500,0.0,0.0,0.0
2018-07-09,75.31750845106106,75.71873584590152,75.29134245971028,75.5704574584961,7874400,0.0,0.0,0.0
2018-07-10,75.71873080855498,75.89318183033195,75.51812045179402,75.85829162597656,6122900,0.0,0.0,0.0
2018-07-11,75.44833963398005,75.52683760238453,75.2041148594426,75.2564468383789,6434500,0.0,0.0,0.0
2018-07-12,75.63152735853744,76.14614968196639,75.5879195832613,76.09381103515625,4461600,0.0,0.0,0.0
2018-07-13,75.92807929152292,76.39908045877164,75.88446486825372,76.23336029052734,6048700,0.0,0.0,0.0
2018-07-16,76.29441984620652,76.29441984620652,75.66640938941572,75.77108001708984,5388500,0.0,0.0,0.0
2018-07-17,75.74490122872325,76.30313787643655,75.71001767695346,76.18974304199219,5849300,0.0,0.0,0.0
2018-07-18,76.20718569331278,76.26824188621937,75.98040269624863,76.25079345703125,7575700,0.0,0.0,0.0
2018-07-19,76.06762718381363,76.22462977813565,75.49195544105027,75.82340240478516,5204000,0.0,0.0,0.0
2018-07-20,75.61406892642832,75.78851329836938,75.45706632983087,75.67512512207031,4822600,0.0,0.0,0.0
2018-07-23,75.6315134080545,75.92807683651755,75.54429121896295,75.8321304321289,3824600,0.0,0.0,0.0
2018-07-24,76.23334765385364,76.65201676748077,76.18100902368107,76.52118682861328,6467100,0.0,0.0,0.0
2018-07-25,76.47759416892058,77.51555634338602,76.3990895286415,77.49810791015625,9285900,0.0,0.0,0.0
2018-07-26,77.36725911482189,77.5504343617962,77.11431676440797,77.28003692626953,5763000,0.0,0.0,0.0
2018-07-27,77.3149526699328,77.3149526699328,76.44271718705482,76.72183227539062,5742900,0.0,0.0,0.0
2018-07-30,76.66076362849567,76.91371267607421,76.53865121306157,76.76543426513672,5531200,0.0,0.0,0.0
2018-07-31,77.04453134183994,77.67254170598241,76.93113651493168,77.56787109375,6719100,0.0,0.0,0.0
2018-08-01,77.52427856711127,77.87317405178472,77.52427856711127,77.58533477783203,5733000,0.0,0.0,0.0
2018-08-02,77.25388266157458,78.03889578695625,77.21899244993236,77.8731689453125,5666200,0.0,0.0,0.0
2018-08-03,77.93422178414428,78.39650542282854,77.82955780836802,78.33544921875,5884800,0.0,0.0,0.0
2018-08-06,78.29183750051318,78.64945049076744,78.0127224881342,78.47500610351562,4751100,0.0,0.0,0.0
2018-08-07,78.48372650146484,78.74539306961391,78.37905588142931,78.48372650146484,5170300,0.0,0.0,0.0
2018-08-08,78.492432512866,78.71921549559444,78.31798815976752,78.60582733154297,5020400,0.0,0.0,0.0
2018-08-09,78.61454685685833,78.83260563099712,78.44010249939754,78.51860046386719,5680300,0.0,0.0,0.0
2018-08-10,78.23077491490238,78.64072651157645,77.9080455047358,78.17843627929688,5389500,0.0,0.0,0.0
2018-08-13,78.26567656627506,78.57967515269699,78.00400331385833,78.20462036132812,6563900,0.0,0.0,0.0
2018-08-14,78.31803476596087,78.7105381213196,78.23953010211144,78.57098388671875,5497700,0.0,0.0,0.0
2018-08-15,78.32672107628026,78.53605565418161,77.94293547127259,78.44010925292969,6840600,0.0,0.0,0.0
2018-08-16,78.66689058320931,79.31234273317223,78.57094418400354,79.20767211914062,6916700,0.0,0.0,0.0
2018-08-17,79.1466232958003,79.69613575236147,78.96345469515549,79.451904296875,5455300,0.0,0.0,0.0
2018-08-20,79.635071672016,79.86184801915886,79.59145725276679,79.71356964111328,8144900,0.0,0.0,0.0
2018-08-21,79.91418665318312,79.94907685765727,79.54784283351759,79.71356964111328,6395900,0.0,0.0,0.0
2018-08-22,79.53041810729171,79.96653577476872,79.43447168807657,79.7920913696289,3954300,0.0,0.0,0.0
2018-08-23,79.74848076688698,79.95781539402287,79.57403635337837,79.76592254638672,6058300,0.0,0.0,0.0
2018-08-24,79.94909358008805,80.14970397949219,79.80080851640058,80.14970397949219,4028900,0.0,0.0,0.0
2018-08-27,80.43753814697266,80.49859435005408,80.09736692200092,80.43753814697266,4671300,0.0,0.0,0.0
2018-08-28,80.55964476625677,80.58581075789391,80.30669575605339,80.48114013671875,4954100,0.0,0.0,0.0
2018-08-29,80.49858048497853,81.09170063616484,80.41135830340353,81.00447845458984,5338500,0.0,0.0,0.0
2018-08-30,80.94343566894531,81.2138264730013,80.76898462227452,80.94343566894531,5266100,0.0,0.0,0.0
2018-08-31,80.75153523864556,80.99576002635327,80.59453263874397,80.92597961425781,5808100,0.0,0.0,0.0
2018-09-04,80.85621232294618,80.90855096782411,80.08864762922025,80.2805404663086,6875500,0.0,0.0,0.0
2018-09-05,80.2194554305434,80.60324096679688,80.07117707503642,80.60324096679688,10218900,0.0,0.0,0.0
2018-09-06,80.59451675334792,80.76896109457672,80.11478483303108,80.60324096679688,5940300,0.0,0.0,0.0
2018-09-07,80.41137470243892,80.80387792688622,80.28926229240521,80.72537994384766,5591100,0.0,0.0,0.0
2018-09-10,80.9259886357834,81.07426703704634,80.43753900591622,80.51603698730469,4234000,0.0,0.0,0.0
2018-09-11,80.37646288355108,80.60324586462899,80.10606548720322,80.44624328613281,5683900,0.0,0.0,0.0
2018-09-12,80.49857777534935,80.99575151368022,80.34157519194876,80.84747314453125,11056600,0.0,0.0,0.0
2018-09-13,81.1964092340815,81.8505859375,81.11791122389347,81.8505859375,10603800,0.0,0.0,0.0
2018-09-14,81.92031794180784,81.92031794180784,81.43186842156706,81.58014678955078,5929000,0.0,0.0,0.0
2018-09-17,81.58016428246711,81.58888849852086,81.18766107020006,81.28360748291016,5543000,0.0,0.0,0.0
2018-09-18,81.28360793358324,81.96395038775266,81.16149552666192,81.7546157836914,5422900,0.0,0.0,0.0
2018-09-19,81.70226866050156,81.87671969129941,81.55399027529317,81.6412124633789,4186600,0.0,0.0,0.0
2018-09-20,81.8767217786945,82.4872837654869,81.82438314080761,82.43495178222656,5083000,0.0,0.0,0.0
2018-09-21,82.65125178292135,82.73006246847754,82.37104863090951,82.54617309570312,8579100,0.0,0.0,0.0
2018-09-24,82.49362315915383,82.87890493330954,82.37979294432098,82.71253204345703,5392600,0.0,0.0,0.0
2018-09-25,82.82634526392437,82.94894036010348,82.37101781744843,82.45858001708984,5215900,0.0,0.0,0.0
2018-09-26,82.61620331888419,83.29044635607397,82.46734689581518,82.64247131347656,10880500,0.0,0.0,0.0
2018-09-27,82.75632640775706,83.29046468389866,82.66000595267776,83.06279754638672,7168800,0.0,0.0,0.0
2018-09-28,82.89641107625998,83.369255047327,82.86138485463627,83.31671905517578,5995800,0.0,0.0,0.0
2018-10-01,83.63195104197372,84.11354657341123,83.48308792517335,83.728271484375,7307100,0.0,0.0,0.0
2018-10-02,83.72826318187357,83.79830893984513,83.47432810259305,83.63194274902344,5572700,0.0,0.0,0.0
2018-10-03,83.91216014091948,84.06101658779038,83.34299567165911,83.4743423461914,6367500,0.0,0.0,0.0
2018-10-04,83.413043129015,83.44806935216488,82.23093649012442,82.65999603271484,10976400,0.0,0.0,0.0
2018-10-05,82.7300631047795,83.15912272322294,82.047061653463,82.56369018554688,12291000,0.0,0.0,0.0
2018-10-08,82.45858068516804,82.76505172667983,81.83688037793908,82.52863311767578,11924000,0.0,0.0,0.0
2018-10-09,82.30974079939179,82.95770922874257,82.05580569100198,82.66875457763672,7463900,0.0,0.0,0.0
2018-10-10,82.65999156803888,82.75631200635631,80.66354372031132,80.71607971191406,22549300,0.0,0.0,0.0
2018-10-11,80.49718084237142,80.6810635163996,77.96659449699342,78.53575897216797,46581800,0.0,0.0,0.0
2018-10-12,79.48143964610915,80.04185257040592,78.82471295293773,79.74413299560547,20797300,0.0,0.0,0.0
2018-10-15,79.61278332130415,79.96303888057962,79.13118777279838,79.1924819946289,13909700,0.0,0.0,0.0
2018-10-16,79.80539171184981,81.50412614014908,79.79663348927824,81.36402130126953,13505900,0.0,0.0,0.0
2018-10-17,81.31150393594154,81.99449848037361,80.89995422825353,81.79310607910156,14232300,0.0,0.0,0.0
2018-10-18,81.74933826416076,81.75809649051811,80.2169759995185,80.86494445800781,14455600,0.0,0.0,0.0
2018-10-19,81.00502990072536,81.28523295173477,80.02431588190858,80.12939453125,11318600,0.0,0.0,0.0
2018-10-22,80.12065522341575,80.2695116680352,79.10491474833636,79.47268676757812,8288300,0.0,0.0,0.0
2018-10-23,78.45691274905788,79.42886835754939,77.82645433483998,79.04358673095703,15424500,0.0,0.0,0.0
2018-10-24,79.00857395273252,79.46390135714769,76.33788368668424,76.4342041015625,17431900,0.0,0.0,0.0
2018-10-25,76.4254593101145,77.95782131358906,75.54106565469296,77.4236831665039,15725100,0.0,0.0,0.0
2018-10-26,76.70564928578438,77.24854556505308,75.61110518444451,76.54803466796875,25507900,0.0,0.0,0.0
2018-10-29,77.432437264215,78.00160159985413,75.66365672821618,76.74068450927734,14024300,0.0,0.0,0.0
2018-10-30,76.74943303753035,77.68636251269805,76.35539315622226,77.56377410888672,15432000,0.0,0.0,0.0
2018-10-31,78.18547441591792,78.5007036489984,77.60755192841472,77.6688461303711,13460700,0.0,0.0,0.0
2018-11-01,77.93154593261619,78.78091328863776,77.90527794108027,78.64956665039062,9668500,0.0,0.0,0.0
2018-11-02,79.41138447787942,79.54272445651435,77.64259705248493,78.15922546386719,12953000,0.0,0.0,0.0
2018-11-05,78.26428663457648,79.20121620929102,78.26428663457648,78.85096740722656,7783500,0.0,0.0,0.0
2018-11-06,78.7458835797201,79.34131585686715,78.63205339459171,79.25375366210938,7980500,0.0,0.0,0.0
2018-11-07,79.98932057389922,81.65302975488493,79.93678456921208,81.58297729492188,13310600,0.0,0.0,0.0
2018-11-08,81.43410624124077,81.92446001200807,81.3202760246181,81.62674713134766,7345600,0.0,0.0,0.0
2018-11-09,81.53041707313474,81.6617637264088,80.99627891557039,81.39031219482422,8486500,0.0,0.0,0.0
2018-11-12,81.26771754367591,81.39030596252651,80.1031275645952,80.2870101928711,8423200,0.0,0.0,0.0
2018-11-13,80.55847467753345,80.88246225243722,79.49019818357071,79.72662353515625,14227000,0.0,0.0,0.0
2018-11-14,80.2169652627712,80.2257234879563,78.71087119821689,79.08739471435547,11664000,0.0,0.0,0.0
2018-11-15,78.52698567433154,79.88422326383154,77.78269689452142,79.78790283203125,15563900,0.0,0.0,0.0
2018-11-16,79.64778759652961,80.97875701888367,79.60400983903985,80.59347534179688,11323200,0.0,0.0,0.0
2018-11-19,80.67231163386114,80.72485431669358,79.21875989985003,79.56901550292969,8821000,0.0,0.0,0.0
2018-11-20,79.06990589621098,79.65658020826802,78.64083959583775,78.82472229003906,11604300,0.0,0.0,0.0
2018-11-21,79.0786323770664,79.08739060179607,78.36061160229846,78.37812805175781,9345100,0.0,0.0,0.0
2018-11-23,77.95782047681219,78.96480254725759,77.91404271409515,78.49195861816406,3939500,0.0,0.0,0.0
2018-11-26,79.12240702968907,79.4639042656415,78.78966801738261,79.25375366210938,7141200,0.0,0.0,0.0
2018-11-27,78.99107996863614,80.07686614990234,78.70211864182993,80.07686614990234,9262000,0.0,0.0,0.0
2018-11-28,80.31327366523847,82.02951811312164,80.29575721749265,82.00325012207031,11870400,0.0,0.0,0.0
2018-11-29,81.81064861717137,82.7563368331375,81.6968183743603,82.27473449707031,8796000,0.0,0.0,0.0
2018-11-30,82.22217861738984,83.94718170166016,82.13461639942348,83.94718170166016,15875900,0.0,0.0,0.0
2018-12-03,83.8946520022095,83.8946520022095,83.06280078201509,83.54440307617188,12158200,0.0,0.0,0.0
2018-12-04,83.52686688748328,83.99095261735134,81.53041908624111,81.67927551269531,15011300,0.0,0.0,0.0
2018-12-06,80.66354015679698,81.372802734375,78.92977902424501,81.372802734375,18492900,0.0,0.0,0.0
2018-12-07,81.14513777128234,81.25897465846484,78.90351309565081,79.29754638671875,14930800,0.0,0.0,0.0
2018-12-10,79.341333471273,79.90173965881812,77.62508868684499,79.6040267944336,15372000,0.0,0.0,0.0
2018-12-11,80.26950632457387,80.80364452495179,79.28004059432678,79.84920501708984,13632300,0.0,0.0,0.0
2018-12-12,80.7335808154306,81.58294821819378,80.4796524295644,80.53218841552734,12581000,0.0,0.0,0.0
2018-12-13,80.75110494435167,81.19768090921237,80.06811033960503,80.61100006103516,11567100,0.0,0.0,0.0
2018-12-14,79.82294781852073,79.89299359219766,77.66012672778598,77.89654541015625,19422700,0.0,0.0,0.0
2018-12-17,77.09096870483542,77.73893725963175,75.82129291707943,76.3466796875,22089500,0.0,0.0,0.0
2018-12-18,77.00338668477572,77.14348488847295,74.954396176084,75.6811752319336,24712500,0.0,0.0,0.0
2018-12-19,75.83002583096976,76.74068746697704,74.01746078369061,74.69170379638672,23075600,0.0,0.0,0.0
2018-12-20,74.35021474411398,74.65668583808036,73.11556546197527,73.64094543457031,25321600,0.0,0.0,0.0
2018-12-21,73.75528480025588,75.00432918036672,72.57661081896862,72.72614288330078,28909200,0.0,0.0,0.0
2018-12-24,72.24237797889742,72.51506168418194,70.94055873706638,70.98453521728516,14235500,0.0,0.0,0.0
2018-12-26,71.24840445827677,74.15111991685933,70.90535712183043,74.08074951171875,20575100,0.0,0.0,0.0
2018-12-27,73.20993150438697,74.94275728916173,72.21596806892312,74.8987808227539,14045700,0.0,0.0,0.0
2018-12-28,75.38257720189229,76.03349345865662,74.67889320148467,74.98675537109375,15770600,0.0,0.0,0.0
2018-12-31,75.40896753612253,76.16542595491295,75.35618637321778,76.09506225585938,10163100,0.0,0.0,0.0
2019-01-02,74.92517503620029,75.49692283997805,74.12472676873314,74.94276428222656,14179900,0.0,0.0,0.0
2019-01-03,75.04832825528061,75.20665833072836,73.22753574307761,73.42105102539062,17668000,0.0,0.0,0.0
2019-01-04,74.28306174151406,76.0246924925684,74.24788324713388,75.61127471923828,16262600,0.0,0.0,0.0
2019-01-07,75.63767980535467,76.61404767179572,75.40898598342478,75.90156555175781,12387200,0.0,0.0,0.0
2019-01-08,76.50846356889339,76.74595526276009,75.64644300971194,76.4908676147461,13371000,0.0,0.0,0.0
2019-01-09,76.8251329903247,77.28253394134829,76.60523049372648,76.83393096923828,11259700,0.0,0.0,0.0
2019-01-10,76.49086488953607,77.03622536353836,76.10383444276734,76.98344421386719,10396800,0.0,0.0,0.0
2019-01-11,76.62282399245105,77.26493550381086,76.48208317791709,77.2385482788086,7187900,0.0,0.0,0.0
2019-01-14,76.77235308480475,76.80753828706794,76.37653130340334,76.38532257080078,5449000,0.0,0.0,0.0
2019-01-15,76.4908820804683,77.77511182959131,76.4732928338848,77.75752258300781,10540600,0.0,0.0,0.0
2019-01-16,77.86307286397184,78.19732895300449,77.56400869051272,77.61678314208984,8288900,0.0,0.0,0.0
2019-01-17,77.40568008529975,78.62833744977577,77.34410765366758,78.3028793334961,8731600,0.0,0.0,0.0
2019-01-18,78.8834071182563,79.27922884382907,78.29407016297587,79.2352523803711,13367500,0.0,0.0,0.0
2019-01-22,78.6811205380414,78.83065935489662,78.14455784168803,78.6899185180664,12244500,0.0,0.0,0.0
2019-01-23,78.83945024571183,79.20889158517211,77.92465494338255,78.77787780761719,7722800,0.0,0.0,0.0
2019-01-24,78.69870221331526,78.76907261895727,77.74872186982175,78.11815643310547,11307000,0.0,0.0,0.0
2019-01-25,78.50516998311959,78.50516998311959,77.98620345319777,78.21489715576172,7241900,0.0,0.0,0.0
2019-01-28,77.67836147893716,77.75752987321411,76.95708150534288,77.32652282714844,7113800,0.0,0.0,0.0
2019-01-29,77.32652417485944,77.76632920815275,77.10662165821279,77.70475006103516,11099200,0.0,0.0,0.0
2019-01-30,77.99501999194551,78.98898362390625,77.80150471100123,78.76908111572266,11706500,0.0,0.0,0.0
2019-01-31,78.68111660430453,79.93895924929456,78.60195492071465,79.75424194335938,13409900,0.0,0.0,0.0
2019-02-01,79.85099507549383,80.00932514462197,79.27924723081489,79.8246078491211,9386500,0.0,0.0,0.0
2019-02-04,79.83339227869256,79.83339227869256,78.91859722464584,79.59589385986328,9308600,0.0,0.0,0.0
2019-02-05,79.72784182545132,80.17644475927558,79.46395616769799,79.48155212402344,8921400,0.0,0.0,0.0
2019-02-06,79.34079344723759,79.8773559091672,79.24403584191326,79.84217071533203,6135900,0.0,0.0,0.0
2019-02-07,79.32324409299856,79.45518695850475,78.54039159145947,78.96260070800781,9511700,0.0,0.0,0.0
2019-02-08,78.65472064685888,79.12091284974855,78.54037376851147,79.11212158203125,7284200,0.0,0.0,0.0
2019-02-11,79.28803488940575,79.34080933528185,78.79545549885316,79.0153579711914,5017400,0.0,0.0,0.0
2019-02-12,79.35839813170841,80.14125032573489,79.2176573408815,80.0972671508789,9093200,0.0,0.0,0.0
2019-02-13,80.25560503275044,80.51069270789976,79.91255771017848,80.27320098876953,6435600,0.0,0.0,0.0
2019-02-14,80.07090854574999,80.81857580926814,79.95656164550597,80.45793914794922,6938600,0.0,0.0,0.0
2019-02-15,81.06483442015121,81.71574372911435,80.45790157033088,81.67176055908203,8234200,0.0,0.0,0.0
2019-02-19,81.45189188517082,81.7949392787386,81.44309390534049,81.47827911376953,6284100,0.0,0.0,0.0
2019-02-20,81.27594373777332,81.4870482026088,80.97687292760727,81.3814926147461,6959900,0.0,0.0,0.0
2019-02-21,81.09126031127482,81.14403477177079,80.30840782975193,80.6690444946289,8368500,0.0,0.0,0.0
2019-02-22,80.82736735095452,81.47827691207222,80.73060970811231,81.40791320800781,6488100,0.0,0.0,0.0
2019-02-25,81.82132677954553,82.0148420711029,81.4606901360096,81.52226257324219,7652600,0.0,0.0,0.0
2019-02-26,81.33753498241578,81.5574374748692,81.13522173656636,81.23197937011719,7288000,0.0,0.0,0.0
2019-02-27,80.95931539483122,81.24079036182195,80.58108277879127,80.853759765625,9827600,0.0,0.0,0.0
2019-02-28,80.70421637045776,81.1440213643022,80.52829705727662,80.61625671386719,9464100,0.0,0.0,0.0
2019-03-01,81.11761608799736,81.87408104595141,81.04724569402718,81.75972747802734,10795200,0.0,0.0,0.0
2019-03-04,82.05001240604672,82.19954448209198,80.09727730652013,80.65143585205078,15208400,0.0,0.0,0.0
2019-03-05,80.68662077490464,80.89772527629019,80.19403465715024,80.60745239257812,13591700,0.0,0.0,0.0
2019-03-06,80.61626715585129,80.72181607307475,79.2088923354343,79.42879486083984,11662400,0.0,0.0,0.0
2019-03-07,79.31440497251789,79.48153296286372,78.53155287703919,78.80422973632812,14430700,0.0,0.0,0.0
2019-03-08,78.38205825622695,78.68112247551674,77.95984244623197,78.63714599609375,11531200,0.0,0.0,0.0
2019-03-11,78.84822244193404,79.60468741166753,78.6195220134148,79.53431701660156,9694300,0.0,0.0,0.0
2019-03-12,79.7366660269451,80.2996160184603,79.62231240589489,80.11489868164062,8981600,0.0,0.0,0.0
2019-03-13,80.35234558759984,81.19677010306582,80.29957115253619,80.97686767578125,10098300,0.0,0.0,0.0
2019-03-14,80.95051962431975,81.05607525640725,80.55469774805393,80.844970703125,9283800,0.0,0.0,0.0
2019-03-15,80.98709888142768,81.3490784740073,80.70457575945728,81.21664428710938,10219400,0.0,0.0,0.0
2019-03-18,81.29611476522783,81.37557124294413,80.8016942056437,81.09304809570312,7183500,0.0,0.0,0.0
2019-03-19,81.3755549105421,81.96708657887343,81.08420107895857,81.73754119873047,11308700,0.0,0.0,0.0
2019-03-20,81.64042120643003,81.73753914785443,80.85465367009203,81.17249298095703,11123700,0.0,0.0,0.0
2019-03-21,80.49269878476169,81.61396755093108,80.37792605280629,81.49036407470703,7398200,0.0,0.0,0.0
2019-03-22,81.1372032992308,81.43738122665616,79.98944910827585,80.00711059570312,12162600,0.0,0.0,0.0
2019-03-25,80.14833389387226,80.21896634103808,79.38905192654192,79.96292877197266,9893300,0.0,0.0,0.0
2019-03-26,80.43087462509232,81.02240634439076,79.94529159982979,80.51033782958984,8107200,0.0,0.0,0.0
2019-03-27,80.41324021485205,80.59864542439433,79.28314746951767,79.83936309814453,10817400,0.0,0.0,0.0
2019-03-28,80.07772893341576,80.26314085483898,79.62746208391141,80.04241943359375,6726800,0.0,0.0,0.0
2019-03-29,80.51916334255947,81.07538557680557,80.34258891841046,81.00475311279297,10120900,0.0,0.0,0.0
2019-04-01,81.49915960329209,81.62276303632305,80.94294415465278,81.12834930419922,9082000,0.0,0.0,0.0
2019-04-02,81.14599873064846,81.26960214531557,80.79284323050774,80.94293212890625,7002200,0.0,0.0,0.0
2019-04-03,81.3049492655441,81.34909624945074,80.59864467422605,80.83702087402344,7398700,0.0,0.0,0.0
2019-04-04,80.90763426122082,81.00475221419018,80.20132310069506,80.66925811767578,9212400,0.0,0.0,0.0
2019-04-05,80.86349277925657,81.36674406202815,80.81052179617868,81.22547912597656,6262000,0.0,0.0,0.0
2019-04-08,81.16365485462404,81.28725827139293,80.63392496334585,81.20780181884766,5961200,0.0,0.0,0.0
2019-04-09,80.92531541759391,81.17252236310823,80.70459396825841,80.99594116210938,7207600,0.0,0.0,0.0
2019-04-10,81.0930552675551,81.24314422932629,80.88116457235557,81.02242279052734,5433400,0.0,0.0,0.0
2019-04-11,81.19897373060371,81.24311396038783,79.67157897939124,80.02473449707031,8534200,0.0,0.0,0.0
2019-04-12,80.33375159437063,80.36023708223466,79.15951897181263,79.29194641113281,11659000,0.0,0.0,0.0
2019-04-15,79.38908842852116,79.67161161120372,79.23899946119569,79.60980987548828,7921900,0.0,0.0,0.0
2019-04-16,80.27196474840049,80.36908271248178,77.8440291181345,77.9764633178711,14857100,0.0,0.0,0.0
2019-04-17,78.24133920905986,78.25899396063639,75.3366442231435,75.73394012451172,34381800,0.0,0.0,0.0
2019-04-18,75.96346974276389,76.32544929755683,74.73625942832322,75.8575210571289,35300900,0.0,0.0,0.0
2019-04-22,75.73392195207889,76.34311514149191,75.49554581563332,75.90167236328125,18717700,0.0,0.0,0.0
2019-04-23,75.87521380150504,77.5085513133593,75.74277957386613,77.10242462158203,30503400,0.0,0.0,0.0
2019-04-24,77.12889472451657,77.28781441878496,76.66979039179309,77.01412200927734,14612800,0.0,0.0,0.0
2019-04-25,76.84635855186453,78.03825268899192,76.5285192171796,77.80870056152344,16166400,0.0,0.0,0.0
2019-04-26,77.91465265427237,78.61213307274116,77.74690223811791,78.58564758300781,11321700,0.0,0.0,0.0
2019-04-29,78.6121474194251,78.75340563574335,78.10890281500221,78.44439697265625,13264400,0.0,0.0,0.0
2019-04-30,78.67395463702904,78.95647782524614,78.11773900469406,78.80638885498047,11750900,0.0,0.0,0.0
2019-05-01,78.91231462395358,79.22132998096482,78.22366491518643,78.66510772705078,25596400,0.0,0.0,0.0
2019-05-02,78.5856378426964,79.08005155212524,78.13536436539137,79.00059509277344,18927500,0.0,0.0,0.0
2019-05-03,79.22132633705013,79.62745289697894,79.0888921524058,79.60096740722656,13624000,0.0,0.0,0.0
2019-05-06,78.44439901669702,80.21017054992997,78.31196480452778,80.00711059570312,25168300,0.0,0.0,0.0
2019-05-07,79.38906510016223,79.77753688815538,78.01176583128763,78.47086334228516,18011600,0.0,0.0,0.0
2019-05-08,78.4355518217193,79.00060479085138,77.99410903100035,78.63861846923828,13783300,0.0,0.0,0.0
2019-05-09,77.94113337240124,78.72690095383682,77.57032306707069,78.47086334228516,15692300,0.0,0.0,0.0
2019-05-10,78.21483037716264,78.70042014100102,76.81987627863883,78.49736022949219,17771800,0.0,0.0,0.0
2019-05-13,77.16419888203541,78.45321098449492,76.72275610437603,77.02293395996094,17436000,0.0,0.0,0.0
2019-05-14,77.37609886531784,77.9499758926944,77.22600991941594,77.41141510009766,13147000,0.0,0.0,0.0
2019-05-15,77.00528955976772,77.90582998340939,76.66096468579738,77.6409683227539,10587700,0.0,0.0,0.0
2019-05-16,77.80870217736434,78.92113987186339,77.75573119911085,78.2501449584961,15124000,0.0,0.0,0.0
2019-05-17,77.60563088952992,78.70040694014435,77.60563088952992,78.08238983154297,13354100,0.0,0.0,0.0
2019-05-20,77.7469116155311,78.2943031676127,77.47321920743192,78.0470962524414,10757400,0.0,0.0,0.0
2019-05-21,78.48853047640551,79.11537843842304,78.43555276048511,78.7798843383789,11690600,0.0,0.0,0.0
2019-05-22,78.55031426974998,79.40671417626747,78.47968182189923,79.23013305664062,9021800,0.0,0.0,0.0
2019-05-23,78.83285560095707,78.95645904541016,78.2942948490333,78.95645904541016,13545300,0.0,0.0,0.0
2019-05-24,79.2301629858885,79.5480023853999,78.87700734911101,79.07124328613281,9986400,0.0,0.0,0.0
2019-05-28,79.14188740962409,79.61864657906574,77.9323313647878,77.941162109375,20796000,0.0,0.0,0.0
2019-05-29,77.56149942619085,77.57033016833057,76.65212832639571,77.19068908691406,16302700,0.0,0.0,0.0
2019-05-30,77.34077993889404,77.73808251442752,77.26132346531703,77.6144790649414,12457600,0.0,0.0,0.0
2019-05-31,77.11122140524566,77.42023673926248,76.60797690660301,77.0582504272461,10712900,0.0,0.0,0.0
2019-06-03,77.12886441482446,77.90580109488499,77.08471745314394,77.24363708496094,19371000,0.0,0.0,0.0
2019-06-04,77.88817832845557,78.65628458434715,77.79106036159148,78.52385711669922,15837200,0.0,0.0,0.0
2019-06-05,79.09771784936197,79.30078450160879,78.55033308709095,79.1153793334961,24291700,0.0,0.0,0.0
2019-06-06,79.23899933972321,79.83936194398878,79.05359413286114,79.52152252197266,18840900,0.0,0.0,0.0
2019-06-07,79.77754814923384,80.54566109231257,79.75106265738336,80.35142517089844,9302700,0.0,0.0,0.0
2019-06-10,80.59862108561194,80.85465869839166,80.298436501846,80.58979034423828,8552800,0.0,0.0,0.0
2019-06-11,80.98710372261733,81.19016365023431,80.25430701574238,80.45736694335938,8317900,0.0,0.0,0.0
2019-06-12,80.47503008967293,80.87232594643459,80.39556687679074,80.84584045410156,5799200,0.0,0.0,0.0
2019-06-13,80.98710880391258,80.98710880391258,80.43088649796981,80.74872589111328,9031800,0.0,0.0,0.0
2019-06-14,80.7840301095623,81.02240625101537,80.50150699500786,80.56330871582031,5056300,0.0,0.0,0.0
2019-06-17,80.64275552276774,80.97825631202488,80.52798283669016,80.92528533935547,4861500,0.0,0.0,0.0
2019-06-18,81.33142189172501,81.89646812292342,81.17250221820781,81.61394500732422,7979600,0.0,0.0,0.0
2019-06-19,81.63160550935974,82.53215263473145,81.57863452641419,82.34674072265625,6988100,0.0,0.0,0.0
2019-06-20,83.02657199569568,83.28260965687643,82.23197351890767,82.70873260498047,9241200,0.0,0.0,0.0
2019-06-21,82.62712585455394,83.26551656085181,82.15720124147909,83.10591888427734,9026100,0.0,0.0,0.0
2019-06-24,82.99954213597671,83.05273912198344,82.5207489680508,82.67147827148438,6493600,0.0,0.0,0.0
2019-06-25,82.7335475224303,83.11480839065163,82.25475433224847,82.33455657958984,14930600,0.0,0.0,0.0
2019-06-26,82.44980903771561,82.45867745626724,81.12869878761776,81.29716491699219,10498400,0.0,0.0,0.0
2019-06-27,81.58089550416015,82.02422173831985,81.4212977892778,81.8646240234375,7416200,0.0,0.0,0.0
2019-06-28,81.90009501826358,82.21042204472701,81.43016350433689,82.13948822021484,9390600,0.0,0.0,0.0
2019-07-01,82.78674033884204,82.822207248017,82.21041490283622,82.5473403930664,7797200,0.0,0.0,0.0
2019-07-02,82.6183072198794,82.9906997680664,82.14838232364951,82.9906997680664,7952500,0.0,0.0,0.0
2019-07-03,83.17686087645767,83.71771939071225,83.16799922283592,83.69998931884766,4066000,0.0,0.0,0.0
2019-07-05,83.34534326171874,83.54927633336744,82.93748388304375,83.1236801147461,5934300,0.0,0.0,0.0
2019-07-08,82.80446454113022,82.83106302997057,82.1217451906186,82.50300598144531,15202000,0.0,0.0,0.0
2019-07-09,82.20154862048054,82.67147334117298,82.19268020180102,82.58280944824219,5537300,0.0,0.0,0.0
2019-07-10,82.7690219294637,83.08821741848205,82.52076027458783,82.8665542602539,5347300,0.0,0.0,0.0
2019-07-11,83.44288133612855,83.47834825384227,82.32569710432671,82.88429260253906,13691700,0.0,0.0,0.0
2019-07-12,82.60941073155377,82.62714756951222,81.3947011516443,81.962158203125,11508200,0.0,0.0,0.0
2019-07-15,82.00648899040999,82.33455285531238,81.73162887620266,82.13948822021484,5811100,0.0,0.0,0.0
2019-07-16,82.07743001642287,82.19269241790191,81.67843905662255,81.73163604736328,9092300,0.0,0.0,0.0
2019-07-17,81.90011048636107,82.17497065248,81.74051273337713,81.74937438964844,9566700,0.0,0.0,0.0
2019-07-18,81.74049397097917,82.34341792556755,81.34149629779215,82.21041870117188,6559500,0.0,0.0,0.0
2019-07-19,82.39661177602083,82.43207868548569,81.28829622257422,81.3592300415039,8105900,0.0,0.0,0.0
2019-07-22,81.44791071277662,81.5011077056229,81.11984680610493,81.19078063964844,5192500,0.0,0.0,0.0
2019-07-23,81.30603010501937,81.82029016942609,80.96910459624684,81.69615936279297,6688600,0.0,0.0,0.0
2019-07-24,81.57202002593944,81.74934779840834,80.8360969174138,81.74048614501953,5430400,0.0,0.0,0.0
2019-07-25,81.51884918134405,81.8291762649632,81.16418675808372,81.34151458740234,6618700,0.0,0.0,0.0
2019-07-26,81.62524107644526,81.7848388245818,81.3237824214223,81.63410949707031,3812400,0.0,0.0,0.0
2019-07-29,81.67844857058184,82.03310423632712,81.54544931361576,81.97103881835938,5887500,0.0,0.0,0.0
2019-07-30,81.3415118639289,81.65183893715768,81.00458629365521,81.61637878417969,7959200,0.0,0.0,0.0
2019-07-31,81.52770334347237,81.86463565867895,80.31299361858855,80.80951690673828,8557400,0.0,0.0,0.0
2019-08-01,80.81837649758481,81.7848244728119,80.42824723401775,80.91590881347656,16422500,0.0,0.0,0.0
2019-08-02,80.80064049936402,81.04890888351943,80.20658494339119,80.7297134399414,15956600,0.0,0.0,0.0
2019-08-05,79.81645342180595,80.1356488563701,78.1938845214967,78.832275390625,17626200,0.0,0.0,0.0
2019-08-06,79.23127461451092,79.86966555061959,78.79681674701231,79.8519287109375,10135900,0.0,0.0,0.0
2019-08-07,79.2046888445739,80.10020321834456,78.20276694486003,79.8785400390625,12452500,0.0,0.0,0.0
2019-08-08,80.12680133808223,81.02231563200935,80.02040058624905,80.94252014160156,12034800,0.0,0.0,0.0
2019-08-09,80.8006467085034,81.55430680880215,80.3395903460284,81.04004669189453,7253100,0.0,0.0,0.0
2019-08-12,80.73860102142487,81.04006648810989,79.94061892085197,80.25094604492188,7097100,0.0,0.0,0.0
2019-08-13,80.22431626936951,81.72275430277209,80.15338245019909,81.29716491699219,12232500,0.0,0.0,0.0
2019-08-14,80.46370474294315,80.65876935193207,78.9918585221148,79.03619384765625,16426100,0.0,0.0,0.0
2019-08-15,79.37313108000767,79.61253105000158,78.79681235032132,79.31106567382812,12315200,0.0,0.0,0.0
2019-08-16,79.85192758591427,80.4991869327448,79.79873059686213,80.28639221191406,10239300,0.0,0.0,0.0
2019-08-19,80.91591650930053,81.26171047503334,80.78291726910584,81.05777740478516,6427200,0.0,0.0,0.0
2019-08-20,81.08435137044886,81.25281747470632,80.30409976976748,80.36616516113281,4708800,0.0,0.0,0.0
2019-08-21,80.9247839369356,81.15531551874201,80.72085761676375,80.96025085449219,5687100,0.0,0.0,0.0
2019-08-22,81.11098346026483,81.29717969596972,80.24206092901942,80.5612564086914,6486900,0.0,0.0,0.0
2019-08-23,80.41938107873138,80.72084645396164,78.30915051060717,78.69927978515625,9822700,0.0,0.0,0.0
2019-08-26,79.32881533546716,79.58594542109479,79.0007514128478,79.52388000488281,8913900,0.0,0.0,0.0
2019-08-27,80.0115116524449,80.2863784997213,79.00072844535379,79.0539321899414,8252000,0.0,0.0,0.0
2019-08-28,78.77907108818297,79.79872278784082,78.66380870164208,79.63025665283203,5691500,0.0,0.0,0.0
2019-08-29,80.2331771850586,80.46370871293064,79.71892391235808,80.2331771850586,4360300,0.0,0.0,0.0
2019-08-30,80.60557057124694,80.76516150453871,79.98490985064454,80.33070373535156,4784100,0.0,0.0,0.0
2019-09-03,79.86080169677734,80.24206259627272,79.57707312724284,79.86080169677734,6437800,0.0,0.0,0.0
2019-09-04,80.3839330548942,80.42826162892867,79.54160897276415,79.91400146484375,9318700,0.0,0.0,0.0
2019-09-05,80.59670052903834,80.88042901242883,80.17110442164228,80.70309448242188,7897400,0.0,0.0,0.0
2019-09-06,80.87156955793964,81.15529807277636,80.75630717412582,80.92476654052734,13166400,0.0,0.0,0.0
2019-09-09,80.99572683578548,81.02232533577369,79.88741090545282,80.18000793457031,10675900,0.0,0.0,0.0
2019-09-10,79.77213910716021,80.41939174620406,78.92981504034408,80.41053009033203,8770700,0.0,0.0,0.0
2019-09-11,80.54349917749522,81.23509371811139,80.34844133563105,81.20848846435547,8124300,0.0,0.0,0.0
2019-09-12,81.57205994991064,81.90898558835207,81.13760195948959,81.18193054199219,9344700,0.0,0.0,0.0
2019-09-13,81.27941119825911,81.79367113350156,80.96908425961968,81.1375503540039,6351000,0.0,0.0,0.0
2019-09-16,80.69425911975202,81.16418393928687,80.5967267876271,80.96025085449219,6668100,0.0,0.0,0.0
2019-09-17,80.91590647501792,81.30602896268877,80.8006373243198,81.08436584472656,3932900,0.0,0.0,0.0
2019-09-18,81.08435451183915,81.18188681128048,80.49916747981173,81.07549285888672,5369800,0.0,0.0,0.0
2019-09-19,81.17303570358102,81.8202882134634,81.02229964374,81.4567642211914,5058600,0.0,0.0,0.0
2019-09-20,81.64373960376099,82.29368732422817,81.63484114202994,81.91084289550781,8935700,0.0,0.0,0.0
2019-09-23,81.67043075178712,81.96423613289355,81.44784700665741,81.47455596923828,4232900,0.0,0.0,0.0
2019-09-24,81.77731120968669,81.83073595670719,80.44180801042324,80.72671508789062,10542600,0.0,0.0,0.0
2019-09-25,80.73559378962385,80.80682223374296,80.21919775883782,80.33494567871094,7956800,0.0,0.0,0.0
2019-09-26,80.60204989806084,80.62875886899171,79.27545226431582,79.88978576660156,10004500,0.0,0.0,0.0
2019-09-27,80.15688524654784,80.27263318184038,79.23984098268444,79.53365325927734,10017300,0.0,0.0,0.0
2019-09-30,79.64047485356724,80.73559005490542,79.58705691930811,80.24590301513672,8031600,0.0,0.0,0.0
2019-10-01,80.45958775936245,80.63765206742518,79.3021493788009,79.46240997314453,13413900,0.0,0.0,0.0
2019-10-02,79.2131231167276,79.37338372299159,77.95774723553995,78.30497741699219,13385000,0.0,0.0,0.0
2019-10-03,78.198152580157,79.03506315970635,77.63723698269203,79.00835418701172,11958800,0.0,0.0,0.0
2019-10-04,79.23982676118776,80.29042248883133,79.19530728749315,80.24590301513672,9146600,0.0,0.0,0.0
2019-10-07,79.91648997868624,80.50410768233087,79.80074205458641,79.97881317138672,8247200,0.0,0.0,0.0
2019-10-08,79.31106562859367,79.34667985368775,78.4385340955857,78.45634460449219,10649300,0.0,0.0,0.0
2019-10-09,78.93709854137624,79.25761286844877,78.6699953439799,79.02613067626953,7350200,0.0,0.0,0.0
2019-10-10,78.79464543071954,79.69388565906472,78.72341700233804,79.41787719726562,8232300,0.0,0.0,0.0
2019-10-11,80.17468148769098,81.02049714741747,80.04112985912415,80.07674407958984,10773200,0.0,0.0,0.0
2019-10-14,80.02331193158325,80.43286523988176,79.9164760728116,80.04112243652344,4915600,0.0,0.0,0.0
2019-10-15,80.92257767350277,81.78620403121933,80.86915972732469,81.50129699707031,12607900,0.0,0.0,0.0
2019-10-16,81.43895917290004,81.81289831444329,81.26088806308067,81.39443969726562,7851500,0.0,0.0,0.0
2019-10-17,81.66154537074917,82.23135935351686,81.62593114773637,81.99987030029297,7536100,0.0,0.0,0.0
2019-10-18,81.76838046610342,82.12451590011143,81.3321181256208,81.69715881347656,6784700,0.0,0.0,0.0
2019-10-21,82.03548852022959,82.16013491048813,81.44787079368488,81.6081314086914,4948400,0.0,0.0,0.0
2019-10-22,82.23136912855107,82.75666369681615,81.75058724980444,81.78620147705078,8702400,0.0,0.0,0.0
2019-10-23,81.92863761125429,82.5340657856802,81.75947855160224,82.2936782836914,5525000,0.0,0.0,0.0
2019-10-24,82.43612996302812,82.52516891402261,81.5814090166834,81.8752212524414,6892300,0.0,0.0,0.0
2019-10-25,81.66154557931695,82.18684008648067,81.44786703341293,81.9642562866211,5536900,0.0,0.0,0.0
2019-10-28,82.17794428499899,82.97924055625326,82.10671583648612,82.8100814819336,6937900,0.0,0.0,0.0
2019-10-29,83.00596122390793,84.11888032499009,82.80118112051241,83.9853286743164,13768400,0.0,0.0,0.0
2019-10-30,84.01203148887207,84.49281332043054,83.68260501371573,84.45719909667969,10179700,0.0,0.0,0.0
2019-10-31,84.29695261404161,84.41269376609071,83.81617070190575,84.3592758178711,9675200,0.0,0.0,0.0
2019-11-01,84.81334044433126,85.17837437592556,84.44829972001787,84.46611022949219,14670800,0.0,0.0,0.0
2019-11-04,84.85784186337526,84.90236133842971,84.17228677947664,84.20790100097656,9878200,0.0,0.0,0.0
2019-11-05,84.33256625637165,84.3414715119195,83.42442038664491,83.61139678955078,13273800,0.0,0.0,0.0
2019-11-06,83.69149071141693,84.0565313250241,83.4332927440961,83.89627075195312,13130200,0.0,0.0,0.0
2019-11-07,84.21678914710115,84.3503407631892,83.83395159648205,84.08324432373047,7827900,0.0,0.0,0.0
2019-11-08,84.02983465224654,84.71539656768802,83.93189723575489,84.69758605957031,7756900,0.0,0.0,0.0
2019-11-11,84.37708892092809,84.55516008933179,84.11889761400361,84.35037994384766,6092500,0.0,0.0,0.0
2019-11-12,84.4839023566651,85.16055897676364,84.36816123183591,84.85784149169922,13801500,0.0,0.0,0.0
2019-11-13,84.62636036475192,85.16056010656175,84.4928087311199,84.95578002929688,6507700,0.0,0.0,0.0
2019-11-14,84.93796693808608,85.08932226955844,84.4482799330667,84.96467590332031,6498800,0.0,0.0,0.0
2019-11-15,85.25851214093622,86.92343484191328,85.1783784299261,86.77207946777344,11337700,0.0,0.0,0.0
2019-11-18,86.69194921430704,87.19053480063076,86.37142796803633,86.47826385498047,11251400,0.0,0.0,0.0
2019-11-19,86.7809652257162,87.19051856575457,86.55838144573549,87.06587219238281,10025800,0.0,0.0,0.0
2019-11-20,86.92342614392861,87.2261436546363,86.43374584258434,86.95014190673828,12305600,0.0,0.0,0.0
2019-11-21,87.0035712319113,87.23506032418919,86.40704817942556,87.17273712158203,9122400,0.0,0.0,0.0
2019-11-22,87.32406863319927,87.60897559477914,87.13709907647979,87.48432922363281,6141800,0.0,0.0,0.0
2019-11-25,87.84049581039184,88.52605109509398,87.70694413882852,88.50824737548828,11726500,0.0,0.0,0.0
2019-11-26,88.49931965183903,88.64176975068104,88.14318421565632,88.43699645996094,11073300,0.0,0.0,0.0
2019-11-27,88.56162500856374,89.02459622746198,88.48149132501923,88.89104461669922,6333200,0.0,0.0,0.0
2019-11-29,88.65959385601528,88.86436717814102,88.4013957950015,88.57946014404297,2392000,0.0,0.0,0.0
2019-12-02,88.75751998932624,88.78422895901116,87.9027989958154,88.18770599365234,6682200,0.0,0.0,0.0
2019-12-03,87.51995235212242,88.06305736428223,87.27955804564199,87.99182891845703,7709700,0.0,0.0,0.0
2019-12-04,88.34797224971724,88.92668474378544,88.25893328811992,88.81094360351562,6237600,0.0,0.0,0.0
2019-12-05,88.86436154629877,88.94449525319254,88.06306523367539,88.81094360351562,7390400,0.0,0.0,0.0
2019-12-06,89.27389877581975,89.70126261877951,89.21157558962955,89.39855194091797,5658500,0.0,0.0,0.0
2019-12-09,89.43416042035005,89.45197092673848,88.77531433105469,88.77531433105469,5148900,0.0,0.0,0.0
2019-12-10,88.7575280953263,89.05133358141164,88.41029787227332,88.97120666503906,6027900,0.0,0.0,0.0
2019-12-11,89.04243210447896,89.27391438353084,88.8732662297942,89.05133056640625,6064300,0.0,0.0,0.0
2019-12-12,89.09583342199608,90.17313808073206,89.0513139497907,89.87932586669922,9769100,0.0,0.0,0.0
2019-12-13,89.79028474980957,90.34229490353852,89.45195989006947,89.8169937133789,6433200,0.0,0.0,0.0
2019-12-16,90.34232319856646,91.11691055554476,90.34232319856646,90.78749084472656,7730300,0.0,0.0,0.0
2019-12-17,90.90321557796317,91.03676720624696,90.56489067333308,90.68953704833984,4643600,0.0,0.0,0.0
2019-12-18,90.72513869512476,90.99223512195748,90.62720130080432,90.81417083740234,5202900,0.0,0.0,0.0
2019-12-19,91.00115275527024,91.26825601116106,90.85870266678832,91.17031860351562,6637200,0.0,0.0,0.0
2019-12-20,91.44030936188936,92.0214233755913,91.44030936188936,91.8157958984375,8586500,0.0,0.0,0.0
2019-12-23,92.03037609920732,92.28070048579043,91.79792910273956,92.18235778808594,4770900,0.0,0.0,0.0
2019-12-24,92.18234403288018,92.29856410335802,91.84261910475708,92.06612396240234,2071800,0.0,0.0,0.0
2019-12-26,92.1823564797796,92.28964128143312,91.70852720892525,92.00355529785156,2910100,0.0,0.0,0.0
2019-12-27,92.20024697915268,92.20918908576888,91.82476035121846,92.03038787841795,3605000,0.0,0.0,0.0
2019-12-30,92.02677166225146,92.22473785730008,91.34289718057671,91.47787475585938,5665100,0.0,0.0,0.0
2019-12-31,91.27989001347038,91.73880406484126,91.12691179777016,91.65782165527344,4746700,0.0,0.0,0.0
2020-01-02,91.93678946088792,92.0447728948212,91.24391463923892,91.90079498291016,6277400,0.0,0.0,0.0
2020-01-03,90.83895979790049,91.62182405654278,90.38903923057012,91.09991455078124,8247500,0.0,0.0,0.0
2020-01-06,90.68600142322296,91.69382610967668,90.65900728376111,91.66683197021484,6441800,0.0,0.0,0.0
2020-01-07,91.41486560846504,91.56784383238588,90.97394533600097,91.48685455322266,6335300,0.0,0.0,0.0
2020-01-08,91.53186101103772,92.49469095768708,91.4958665340772,92.0807647705078,7494700,0.0,0.0,0.0
2020-01-09,92.35972291584258,92.7286611938247,92.16175670475415,92.47669982910156,6660600,0.0,0.0,0.0
2020-01-10,92.82762840291164,92.98059977064946,92.34171329488208,92.5036849975586,9300300,0.0,0.0,0.0
2020-01-13,92.656648006434,92.67464180944408,91.86478336912148,92.1797332763672,7621700,0.0,0.0,0.0
2020-01-14,91.90079527404278,92.75564868192215,91.7388235552521,92.7376480102539,7294900,0.0,0.0,0.0
2020-01-15,92.84563830852616,93.78147421236405,92.7736493470205,93.53851318359376,7521800,0.0,0.0,0.0
2020-01-16,93.92543097180928,94.08740267791735,93.55649961443456,94.0244140625,5479900,0.0,0.0,0.0
2020-01-17,93.79046027108936,94.16839196359348,93.79046027108936,94.0244140625,6533400,0.0,0.0,0.0
2020-01-21,93.8084471439405,94.33935016819116,93.772452671327,94.1233901977539,6644800,0.0,0.0,0.0
2020-01-22,94.33035445086897,94.5553147504092,94.114387620335,94.24037170410156,9431500,0.0,0.0,0.0
2020-01-23,94.07840053585736,94.21337122413564,93.11557072309223,93.7634506225586,8522600,0.0,0.0,0.0
2020-01-24,93.87142070869758,93.91641550856346,91.96375515741146,92.19771575927734,15962700,0.0,0.0,0.0
2020-01-27,91.08191590388364,91.84677945461132,90.95593870095168,91.49584197998048,11762300,0.0,0.0,0.0
2020-01-28,91.7658276206443,92.30573107952276,91.51386626560571,91.94579315185548,8079900,0.0,0.0,0.0
2020-01-29,92.03577728734416,92.35972074054187,91.67583935431944,91.69384002685548,6435700,0.0,0.0,0.0
2020-01-30,91.01895376580978,91.08194238558946,90.24508965694837,91.0279541015625,10989400,0.0,0.0,0.0
2020-01-31,90.66801149371868,90.73999358027866,88.91331683602179,89.21026611328125,14476700,0.0,0.0,0.0
2020-02-03,89.83118332982158,90.66803624356209,89.83118332982158,90.02014923095703,11850600,0.0,0.0,0.0
2020-02-04,91.144930311888,91.97278269847764,91.12692964051952,91.60385131835938,9575100,0.0,0.0,0.0
2020-02-05,92.03577026119969,93.69148188061584,92.02676992561878,93.36753845214844,14131000,0.0,0.0,0.0
2020-02-06,93.7994544005309,93.7994544005309,93.04359101020778,93.44851684570312,6166500,0.0,0.0,0.0
2020-02-07,93.45750449478776,93.53848690479644,92.5756571272036,92.71963500976562,6057200,0.0,0.0,0.0
2020-02-10,92.37770048191956,93.21454620361328,92.30571153857704,93.21454620361328,4010100,0.0,0.0,0.0
2020-02-11,93.53850027751022,93.8534502243306,93.34953442856455,93.7724609375,10277100,0.0,0.0,0.0
2020-02-12,94.12340311532245,94.3393631153982,93.51151072740392,93.88944244384766,4705700,0.0,0.0,0.0
2020-02-13,93.54749993708984,93.83544887605736,93.25955099812236,93.44851684570312,4778500,0.0,0.0,0.0
2020-02-14,93.5474866902222,93.58348116065164,93.06157163728965,93.52049255371094,5114200,0.0,0.0,0.0
2020-02-18,93.52048946792132,93.6374663440248,92.88160308567666,93.1875457763672,8409300,0.0,0.0,0.0
2020-02-19,93.43052572414004,93.75446914793856,93.34054296536144,93.61949157714844,6427900,0.0,0.0,0.0
2020-02-20,93.40351829011188,93.4935010360844,92.17073338803368,93.01658630371094,8080900,0.0,0.0,0.0
2020-02-21,92.6566533831229,93.16056227956744,92.33270998819604,93.0705795288086,6510800,0.0,0.0,0.0
2020-02-24,90.8209430848439,91.4328351766631,89.70514228161171,90.1370620727539,16284500,0.0,0.0,0.0
2020-02-25,90.46103463058296,90.65900079278782,87.09563046883103,87.40157318115234,20301600,0.0,0.0,0.0
2020-02-26,87.88749432888073,88.92231315225226,87.20361991338227,87.39258575439453,13721600,0.0,0.0,0.0
2020-02-27,86.44774608583482,87.59054141922111,84.40510952875285,84.42310333251953,22047900,0.0,0.0,0.0
2020-02-28,82.20049530374484,83.37929198794642,80.96771720765733,83.33429718017578,27750600,0.0,0.0,0.0
2020-03-02,83.36129507074453,87.37458632879175,83.07334613768603,87.23960876464844,22359400,0.0,0.0,0.0
2020-03-03,87.45557217131301,88.98529953074629,83.92818929862136,85.07099151611328,33385500,0.0,0.0,0.0
2020-03-04,87.62652701003033,90.11909079155352,87.44656152963027,89.97511291503906,26418700,0.0,0.0,0.0
2020-03-05,88.04948394159648,89.25527504674763,86.8886876547533,87.88751220703125,17873000,0.0,0.0,0.0
2020-03-06,85.47592562243692,87.73452927264738,85.12498805456589,87.41958618164062,17917700,0.0,0.0,0.0
2020-03-09,82.23650254797501,84.83704356731754,80.99472392444041,82.8753890991211,21968500,0.0,0.0,0.0
2020-03-10,85.26897425181843,85.86286601470546,81.83158032741093,85.7188949584961,26473200,0.0,0.0,0.0
2020-03-11,83.69425284723488,84.288144617706,81.39065413126126,82.44347381591797,23217900,0.0,0.0,0.0
2020-03-12,77.3953360317994,80.7427460697506,74.59682962185863,76.28852844238281,20652200,0.0,0.0,0.0
2020-03-13,79.83394087183642,81.79559566297021,75.73066573139897,81.57963562011719,29162800,0.0,0.0,0.0
2020-03-16,74.25488771239831,78.33117383573384,72.59018297957871,73.53501892089844,21474800,0.0,0.0,0.0
2020-03-17,75.05575790569817,78.78109993035446,74.10192156382813,78.15120697021484,27899700,0.0,0.0,0.0
2020-03-18,74.14694897927116,76.75649098409284,71.91533879759871,75.55970001220703,28931000,0.0,0.0,0.0
2020-03-19,74.71382275409997,75.8206305843778,73.18409527558833,74.01194763183594,27121100,0.0,0.0,0.0
2020-03-20,74.65083791377926,75.4157016917304,70.76352353860037,71.16844940185547,22004900,0.0,0.0,0.0
2020-03-23,70.70909933694048,70.80856282016313,66.49549146934594,67.47203826904297,33633000,0.0,0.0,0.0
2020-03-24,70.66389772759942,72.81591153724476,70.13945512655998,72.6712417602539,16775800,0.0,0.0,0.0
2020-03-25,72.19200893768937,76.03489536126465,71.31493241933764,73.63874816894531,16851800,0.0,0.0,0.0
2020-03-26,74.29880650727888,78.94643737753672,74.1541367428696,78.53050231933594,18822500,0.0,0.0,0.0
2020-03-27,76.26094168334792,78.87411059861248,76.20669138081375,76.84867858886719,13043200,0.0,0.0,0.0
2020-03-30,78.2321184490822,80.6011472650808,78.22308133080936,80.44743347167969,13766700,0.0,0.0,0.0
2020-03-31,80.51976668057222,80.9537828811854,79.24482943182433,80.09478759765625,13584900,0.0,0.0,0.0
2020-04-01,77.41833622763896,78.11457375502502,76.30615670891065,77.047607421875,15255200,0.0,0.0,0.0
2020-04-02,76.65878401991256,79.36236509751315,75.89020828998679,79.18152618408203,13588000,0.0,0.0,0.0
2020-04-03,78.9283954785304,79.67889051899655,77.58112615306007,78.46724700927734,12934200,0.0,0.0,0.0
2020-04-06,80.96283338062317,83.0515528974178,80.60114858544117,82.58136749267578,13472900,0.0,0.0,0.0
2020-04-07,84.67914140849538,84.83285522326054,81.82183876465956,81.9032211303711,16699200,0.0,0.0,0.0
2020-04-08,82.60848207663142,85.77321155711097,81.5776850263031,85.27589416503906,32624300,0.0,0.0,0.0
2020-04-09,86.05352132883064,86.21627913484785,84.96847388775811,85.74609375,12982500,0.0,0.0,0.0
2020-04-13,85.4386734050368,85.73706391518576,83.78397681848196,84.99561309814453,9606600,0.0,0.0,0.0
2020-04-14,86.65934913756216,88.13321357446776,86.3700026607539,87.81674194335938,12830800,0.0,0.0,0.0
2020-04-15,86.65029851110813,87.88002257048996,86.16202511412743,87.3646240234375,11019000,0.0,0.0,0.0
2020-04-16,88.01564305169902,89.49855118628848,87.73534065298745,89.27249908447266,11331600,0.0,0.0,0.0
2020-04-17,91.44260839331751,91.44260839331751,89.86928744421103,91.12613677978516,11504400,0.0,0.0,0.0
2020-04-20,90.25808670418864,91.69578171899504,90.15862322335332,90.40276336669922,10558100,0.0,0.0,0.0
2020-04-21,88.85656853329343,89.36292999727331,87.36462998896843,87.65397644042969,9291400,0.0,0.0,0.0
2020-04-22,88.92892368493378,89.54378587286377,88.37735582964814,88.99221801757812,11994100,0.0,0.0,0.0
2020-04-23,89.4623952439446,90.8639143431976,89.28154939662687,89.48047637939453,16013300,0.0,0.0,0.0
2020-04-24,90.02299968417518,90.86391389904196,89.46239480663978,90.68307495117188,7853300,0.0,0.0,0.0
2020-04-27,91.31602353772097,92.23832016236555,91.1713537506294,91.8495101928711,8022100,0.0,0.0,0.0
2020-04-28,92.46438045903372,92.46438045903372,89.88738713110739,89.99588775634766,11517500,0.0,0.0,0.0
2020-04-29,91.37932373444092,91.37932373444092,90.00492962522381,90.59266662597656,9939900,0.0,0.0,0.0
2020-04-30,90.20385244932652,90.76445736986084,89.70653495669366,90.17672729492188,12768900,0.0,0.0,0.0
2020-05-01,89.14591851340529,89.30867632995489,87.6630170286484,88.45872497558594,10102000,0.0,0.0,0.0
2020-05-04,88.18745343040608,88.61243252690731,87.60876054538073,88.41350555419922,8991300,0.0,0.0,0.0
2020-05-05,89.1911395202069,90.98147565921214,88.96508736065678,90.3304443359375,11498300,0.0,0.0,0.0
2020-05-06,90.80061443316453,90.86390875118948,89.39005140371452,89.43526458740234,9493200,0.0,0.0,0.0
2020-05-07,90.34851340730732,90.35755742407952,89.31771624930671,89.42622375488281,9453900,0.0,0.0,0.0
2020-05-08,90.3846931107448,90.42086228348592,89.61611716104804,89.88738250732422,10374500,0.0,0.0,0.0
2020-05-11,89.51665372592021,91.66866776635312,89.51665372592021,91.43357849121094,15115100,0.0,0.0,0.0
2020-05-12,91.96706150060088,92.0484438668296,90.03205553018897,90.04109954833984,18471000,0.0,0.0,0.0
2020-05-13,89.92351695601496,90.61976124335146,88.35019637072082,89.06452178955078,12667200,0.0,0.0,0.0
2020-05-14,88.24171935736811,90.08630584196504,88.22363821963094,90.04109954833984,12021400,0.0,0.0,0.0
2020-05-15,89.78792695931581,90.8820186620204,89.5799559222758,90.8006362915039,15170200,0.0,0.0,0.0
2020-05-18,92.50054640182306,92.92551866677404,91.4968742620292,91.5511245727539,10557300,0.0,0.0,0.0
2020-05-19,91.26177958454842,91.73196504854072,90.43894639935624,90.44799041748048,10561400,0.0,0.0,0.0
2020-05-20,91.13518095962002,91.47877772655951,90.34851703438034,90.55648803710938,10058000,0.0,0.0,0.0
2020-05-21,90.30331764600054,90.35756795583004,89.36293985042457,89.88738250732422,12259500,0.0,0.0,0.0
2020-05-22,89.89640179180182,90.14957905219678,89.4262164365773,90.0772476196289,10233200,0.0,0.0,0.0
2020-05-26,91.4968700480782,91.57824551041747,89.76982831819417,89.91450500488281,10828800,0.0,0.0,0.0
2020-05-27,90.04111046401825,90.84585571289062,88.6757532974267,90.84585571289062,15551900,0.0,0.0,0.0
2020-05-28,91.5872894513194,92.95264636190316,91.560164297229,92.03034973144533,11707700,0.0,0.0,0.0
2020-05-29,92.42819913651076,93.34145170411983,91.04476115800652,93.14252471923828,19055300,0.0,0.0,0.0
2020-06-01,92.55479741392163,92.66330493475776,91.64154475126988,92.2202377319336,8436200,0.0,0.0,0.0
2020-06-02,92.25640563740728,92.79892943700152,91.7048378198932,92.75372314453124,13162300,0.0,0.0,0.0
2020-06-03,93.0249802862912,93.11540666708837,92.18406599425326,92.5728759765625,10020900,0.0,0.0,0.0
2020-06-04,92.01227884955112,92.654266195974,91.25273995755012,91.8404769897461,10848300,0.0,0.0,0.0
2020-06-05,92.41914059066328,94.0738436336174,91.93991123800244,93.32334899902344,14579500,0.0,0.0,0.0
2020-06-08,92.9526532619366,94.00153172315493,92.72660109631768,93.96536254882812,8191300,0.0,0.0,0.0
2020-06-09,93.7754716315705,94.23661994205467,92.88030706297748,92.98880767822266,10371100,0.0,0.0,0.0
2020-06-10,93.29623573148048,93.60366331816265,92.43724039357346,92.84413146972656,10519700,0.0,0.0,0.0
2020-06-11,92.0393836116274,92.2111854333628,87.37366446217564,87.68109893798828,39561900,0.0,0.0,0.0
2020-06-12,89.51663321380354,89.80597963107736,86.73166963594126,88.25074005126953,19397200,0.0,0.0,0.0
2020-06-15,86.93059843670153,88.95602340061498,86.27956725937433,88.44966888427734,14521800,0.0,0.0,0.0
2020-06-16,90.52935121728711,91.20750754519716,89.13686939615094,90.62881469726562,13272800,0.0,0.0,0.0
2020-06-17,91.08092171110968,91.24367951074557,90.22191953025676,90.53839111328124,9086200,0.0,0.0,0.0
2020-06-18,90.02300889938675,90.43894404091608,89.66133096662344,90.2309799194336,7115200,0.0,0.0,0.0
2020-06-19,91.26178738834663,91.6325093803664,90.15865163405476,91.09902954101562,12177000,0.0,0.0,0.0
2020-06-22,90.72217247727043,90.87653743211555,89.81413355071723,90.7494125366211,6889200,0.0,0.0,0.0
2020-06-23,91.3759624723528,91.92079141694629,90.96734769169548,91.13987731933594,5369900,0.0,0.0,0.0
2020-06-24,90.45886180000772,90.64046685725197,88.11611915149732,88.76082611083984,15739700,0.0,0.0,0.0
2020-06-25,88.67910095291441,89.74150502672136,87.93450224761314,89.63253784179688,10506300,0.0,0.0,0.0
2020-06-26,89.46907384919962,89.69608357963106,88.11609779560854,88.54287719726562,16631400,0.0,0.0,0.0
2020-06-29,89.24207224757411,89.50540439019524,88.55196066442178,89.34195709228516,7490200,0.0,0.0,0.0
2020-06-30,89.36918142030954,91.34870637859244,89.10584932404868,90.86744689941406,9183000,0.0,0.0,0.0
2020-07-01,91.29424284445372,91.94803203972538,90.72218076248494,91.566650390625,10932800,0.0,0.0,0.0
2020-07-02,92.37480914558472,92.7834239183978,92.05698995807712,92.25675964355467,6502400,0.0,0.0,0.0
2020-07-06,93.31917203452528,93.72779377208022,92.74710991529432,93.19204711914062,6374400,0.0,0.0,0.0
2020-07-07,92.51102843339032,93.50079473421972,92.25677857344564,92.38390350341795,5913200,0.0,0.0,0.0
2020-07-08,92.70168950046694,92.98318627499232,91.77549285545868,92.39295959472656,5624900,0.0,0.0,0.0
2020-07-09,92.29308355171092,92.63813587825292,90.5133279402313,91.66653442382812,10521700,0.0,0.0,0.0
2020-07-10,91.73917295258208,91.8299754609779,90.77665389356892,91.44860076904295,10502700,0.0,0.0,0.0
2020-07-13,91.97526885299212,93.66422190519404,91.7300944495309,91.9661865234375,10167200,0.0,0.0,0.0
2020-07-14,91.7482560577356,93.94570864732208,91.57572644087318,93.79134368896484,10889900,0.0,0.0,0.0
2020-07-15,94.48146791022108,95.28053979701896,94.28169820657452,95.00812530517578,9606900,0.0,0.0,0.0
2020-07-16,94.91731458846732,94.92639691815478,94.1818052228998,94.85375213623048,6412200,0.0,0.0,0.0
2020-07-17,95.3531727800024,96.47913914649634,95.216965550944,96.1522445678711,7548600,0.0,0.0,0.0
2020-07-20,96.37017939718532,96.69707400097802,95.81627503674702,96.13409423828124,6776300,0.0,0.0,0.0
2020-07-21,96.46098315858306,96.82419320558526,95.87075644052312,96.07052612304688,7458600,0.0,0.0,0.0
2020-07-22,96.50638705113384,97.09661380650444,96.0069697410418,96.93316650390624,5648400,0.0,0.0,0.0
2020-07-23,97.2418755030453,97.64141480728864,96.17947172889264,96.49728393554688,6970100,0.0,0.0,0.0
2020-07-24,96.34295278863937,96.39743984873898,94.826529065155,95.4349136352539,6241000,0.0,0.0,0.0
2020-07-27,95.3985705711636,96.39741896573376,95.09892298058,96.1522445678711,5934200,0.0,0.0,0.0
2020-07-28,96.1976610912662,96.67892068891236,95.8616841420659,96.04328918457033,6239400,0.0,0.0,0.0
2020-07-29,96.2612114108517,97.44165789385843,96.19764896121124,97.05120086669922,5449800,0.0,0.0,0.0
2020-07-30,96.1159098483704,96.54268921170473,95.34407821976768,96.37924194335938,5349200,0.0,0.0,0.0
2020-07-31,96.07959769427076,96.34292981730012,94.57225666150109,95.82534790039062,6920400,0.0,0.0,0.0
2020-08-03,96.42465985050464,97.13292913431982,96.2521302303695,96.81511688232422,8811800,0.0,0.0,0.0
2020-08-04,96.59719655297948,96.82420632701356,95.78904231164124,96.38835144042967,6092900,0.0,0.0,0.0
2020-08-05,96.91499431491611,97.00579681886184,96.58809975848187,96.83326721191406,4406600,0.0,0.0,0.0
2020-08-06,96.7152437553364,97.12385856770618,95.61651730663324,96.31570434570312,5369700,0.0,0.0,0.0
2020-08-07,96.21581370921116,96.64259315697448,95.94340615993671,96.62443542480467,4274000,0.0,0.0,0.0
2020-08-10,96.64258342671826,96.7243036049364,96.04327440863642,96.29753112792967,4640200,0.0,0.0,0.0
2020-08-11,96.83326359521648,96.92406609577075,95.46212297515062,95.68913269042967,8115900,0.0,0.0,0.0
2020-08-12,96.20673568947014,97.6051166739836,96.17042022350356,97.29638671875,8205500,0.0,0.0,0.0
2020-08-13,97.17831825971476,97.26912769029032,96.51545375434928,97.16924285888672,5323300,0.0,0.0,0.0
2020-08-14,96.98765206296218,97.4144315396466,96.606277311461,96.97857666015624,3826200,0.0,0.0,0.0
2020-08-17,97.15109688903658,97.92292870288536,97.10569909280323,97.5506362915039,4610200,0.0,0.0,0.0
2020-08-18,97.75038618337096,97.913833457822,97.01486998444778,97.52337646484376,4220500,0.0,0.0,0.0
2020-08-19,97.61419646050268,97.88661094267049,96.99672963833868,97.20558166503906,6308100,0.0,0.0,0.0
2020-08-20,96.7787851377905,97.11475508837356,96.64257792073316,96.8968276977539,4938300,0.0,0.0,0.0
2020-08-21,96.7424923936114,97.12386717599702,96.2430680873048,96.99674224853516,6466700,0.0,0.0,0.0
2020-08-24,97.45982732817282,97.49614971943114,95.96156159575902,96.55178833007812,6363200,0.0,0.0,0.0
2020-08-25,97.042134361296,97.24189713005924,96.66983503085255,97.20558166503906,5096500,0.0,0.0,0.0
2020-08-26,97.00580423260192,97.19649158379748,96.04327821941185,97.0875244140625,6995300,0.0,0.0,0.0
2020-08-27,97.2509565544326,98.30428491441424,96.56084510919588,97.85026550292967,7775200,0.0,0.0,0.0
2020-08-28,98.12267927368843,98.12267927368843,97.34176528172812,98.06819915771484,5159600,0.0,0.0,0.0
2020-08-31,97.8593543285755,98.77647560537528,97.7776341486345,98.3042984008789,6721100,0.0,0.0,0.0
2020-09-01,98.1771817428187,98.33154671418862,96.8332809394288,97.42350769042967,10999300,0.0,0.0,0.0
2020-09-02,97.51431067821974,99.63912560652771,97.10569588666988,99.37579345703124,8495800,0.0,0.0,0.0
2020-09-03,99.50291447322236,99.64819710959084,95.97971874809905,96.66983032226562,13337300,0.0,0.0,0.0
2020-09-04,97.00580187863063,97.17832456679012,94.80834930070588,95.9797134399414,14715500,0.0,0.0,0.0
2020-09-08,95.82534771876212,95.8616701075029,94.13639474514552,94.39972686767578,9660200,0.0,0.0,0.0
2020-09-09,95.10800010068584,96.86051559584298,95.08984236945076,96.07052612304688,8200800,0.0,0.0,0.0
2020-09-10,96.34292022728408,96.34292022728408,94.34523753611548,94.5994873046875,9186200,0.0,0.0,0.0
2020-09-11,95.04443127466634,95.42580595511085,94.24535952595588,94.97178649902344,8764300,0.0,0.0,0.0
2020-09-14,95.7436348645172,96.85144355860534,95.55294750488056,96.33385467529295,5846900,0.0,0.0,0.0
2020-09-15,96.83328331217557,97.23282270931172,96.21581648377791,96.46099090576172,5580500,0.0,0.0,0.0
2020-09-16,96.97856032422963,97.16924766785915,96.18856396251827,96.29753112792967,7193300,0.0,0.0,0.0
2020-09-17,95.40765140023656,96.30660801342628,95.0989214851605,95.9797134399414,7597300,0.0,0.0,0.0
2020-09-18,96.09775899370806,96.45189361248995,94.94454570461863,95.8344268798828,8649300,0.0,0.0,0.0
2020-09-21,94.5562869242574,94.5562869242574,92.75121786018342,94.06399536132812,8783000,0.0,0.0,0.0
2020-09-22,93.90904199536884,94.15518436568742,93.0156221866772,93.86345672607422,7833300,0.0,0.0,0.0
2020-09-23,94.25546615174852,94.29193297602345,92.80594640233204,92.89710998535156,7681900,0.0,0.0,0.0
2020-09-24,92.5689082653048,92.89710270271486,91.8669341248808,92.43215942382812,8434600,0.0,0.0,0.0
2020-09-25,92.1130892902225,94.17341962162,92.01280726378268,93.91815185546876,6769000,0.0,0.0,0.0
2020-09-28,94.82069492699765,95.50443225739495,94.5836640382992,94.7659912109375,6511100,0.0,0.0,0.0
2020-09-29,94.9300853913782,95.41326559844772,94.27370341781652,94.64747619628906,5402700,0.0,0.0,0.0
2020-09-30,94.93919064387558,96.93570553261954,94.9209607118663,96.16080474853516,7565500,0.0,0.0,0.0
2020-10-01,96.60752725633932,96.99953693572004,95.42237977300154,95.83262634277344,9113200,0.0,0.0,0.0
2020-10-02,94.92095353252611,95.9146482022368,94.54717387892802,94.9574203491211,8628700,0.0,0.0,0.0
2020-10-05,95.6411633194232,97.00863772578384,95.613807988815,96.90835571289062,6661200,0.0,0.0,0.0
2020-10-06,97.18186027431284,97.2365639879928,95.53177648112398,95.62294006347656,7747200,0.0,0.0,0.0
2020-10-07,96.29758098411897,97.72887111654848,96.27935104560558,97.42803192138672,7873100,0.0,0.0,0.0
2020-10-08,97.99324031501808,98.22115277725295,97.69240115092369,97.9020767211914,5942700,0.0,0.0,0.0
2020-10-09,98.44904119928088,99.07808166715184,98.1937804167636,98.7863540649414,5636300,0.0,0.0,0.0
2020-10-12,99.2330556220496,99.85297761610056,98.9048612160618,99.46096801757812,5065000,0.0,0.0,0.0
2020-10-13,98.86841241845006,99.38805249675424,98.44905436888315,98.70431518554688,6773600,0.0,0.0,0.0
2020-10-14,98.66785131166112,99.0780908996008,97.82001680196176,98.12997436523438,5999900,0.0,0.0,0.0
2020-10-15,96.91745899653556,97.60119614183404,96.75336180345056,97.41886901855467,6197700,0.0,0.0,0.0
2020-10-16,97.73794542662428,99.11453816652995,97.70147861072824,98.38521575927734,7462100,0.0,0.0,0.0
2020-10-19,98.64049784579495,98.94134392549336,96.4981223747952,96.8263168334961,8308500,0.0,0.0,0.0
2020-10-20,97.17272767265814,97.7561898164498,96.78983650935832,96.95393371582033,7421100,0.0,0.0,0.0
2020-10-21,96.94481891031693,97.21831658312848,96.2428517512582,96.47076416015624,5474300,0.0,0.0,0.0
2020-10-22,96.60751598207644,98.10262087422495,96.598397537945,97.92940521240234,6127100,0.0,0.0,0.0
2020-10-23,98.42169778049944,99.00515301430688,97.73796052631867,98.2940673828125,5697900,0.0,0.0,0.0
2020-10-26,97.50092760039408,97.61944650669132,96.27020195998456,97.20008850097656,8135500,0.0,0.0,0.0
2020-10-27,96.8445485533415,97.327721770821,96.47988729032495,96.53458404541016,6893100,0.0,0.0,0.0
2020-10-28,94.93921525669704,95.5135521609022,93.35294645793778,93.4714584350586,11431700,0.0,0.0,0.0
2020-10-29,93.40763283769056,93.81787939965388,92.13132179269738,92.7056655883789,15974200,0.0,0.0,0.0
2020-10-30,92.58713605049704,93.13413140371452,91.44757399018536,92.67830657958984,10741700,0.0,0.0,0.0
2020-11-02,94.04576434911692,94.56540427811584,93.36202723436394,94.34660339355467,10287300,0.0,0.0,0.0
2020-11-03,95.50444206328665,96.76251637646928,95.43150840460856,95.72323608398438,9812900,0.0,0.0,0.0
2020-11-04,98.44903649279829,101.57599483981618,98.2575909150626,99.97149658203124,25531500,0.0,0.0,0.0
2020-11-05,101.34809467314412,101.42102831784416,99.98973857844842,100.17206573486328,12864800,0.0,0.0,0.0
2020-11-06,100.28146788664796,100.89227152176798,99.56126378263998,100.20853424072266,12311200,0.0,0.0,0.0
2020-11-09,103.8551146076467,104.30182789301264,101.0198839632526,101.14751434326172,20443000,0.0,0.0,0.0
2020-11-10,101.61247806453277,101.80392367318004,100.34528549634226,101.43926239013672,12526500,0.0,0.0,0.0
2020-11-11,102.2506275971525,102.2506275971525,100.81933097632574,101.3116226196289,9935400,0.0,0.0,0.0
2020-11-12,101.1202010306098,101.52132919562465,100.26325488990054,100.93787384033205,7856300,0.0,0.0,0.0
2020-11-13,101.43926451235151,102.60618203357036,101.25693734468314,102.21417236328124,6576100,0.0,0.0,0.0
2020-11-16,103.02553026483024,103.1896274822271,101.53042537536348,102.04094696044922,7586000,0.0,0.0,0.0
2020-11-17,101.52130215312462,101.74921455793044,100.89226169015352,101.37543487548828,8898100,0.0,0.0,0.0
2020-11-18,101.59423472488716,101.63070154391325,99.46097102153674,99.48831939697266,9849900,0.0,0.0,0.0
2020-11-19,99.48832433037684,99.5703764160879,98.6769566939829,99.41539764404295,10410900,0.0,0.0,0.0
2020-11-20,99.18746185302734,99.6523980595822,98.84103061441792,99.18746185302734,7674500,0.0,0.0,0.0
2020-11-23,99.67977292022778,99.7344766307915,98.31229839683118,98.93222045898438,7747700,0.0,0.0,0.0
2020-11-24,99.41541345512778,99.89858673619136,98.8866549019376,99.22396087646484,9615900,0.0,0.0,0.0
2020-11-25,99.34247194892384,99.41540559642668,98.4490521553529,98.85929870605467,11671800,0.0,0.0,0.0
2020-11-27,99.2604141402055,99.84386937595578,98.94133814492568,99.77094268798828,4443900,0.0,0.0,0.0
2020-11-30,99.8074096856014,100.13559717037138,99.27865120372832,100.04443359375,12723400,0.0,0.0,0.0
2020-12-01,101.0107785810829,101.98624337601822,100.70993254344836,100.88314819335938,12682400,0.0,0.0,0.0
2020-12-02,100.95609421120942,101.81304722605525,100.89227900512532,101.63983154296876,8552400,0.0,0.0,0.0
2020-12-03,101.60334771431124,101.9133122029452,101.0745962189574,101.5121841430664,9795700,0.0,0.0,0.0
2020-12-04,101.54867013107211,102.6152987221773,101.4210397161708,102.5970687866211,7859600,0.0,0.0,0.0
2020-12-07,102.48764229248538,102.57880585779796,101.59422961495402,101.96800231933594,5803200,0.0,0.0,0.0
2020-12-08,101.72186914066876,102.82496437737096,101.68540232019907,102.74291229248048,7953200,0.0,0.0,0.0
2020-12-09,103.15317192390064,103.16229036901132,101.93155762648978,102.38738250732422,7386400,0.0,0.0,0.0
2020-12-10,102.36915115133294,102.77939075625464,102.00448986066054,102.21417236328124,5411000,0.0,0.0,0.0
2020-12-11,101.79480412480922,102.0409464720589,101.11106688148406,101.8130340576172,5222400,0.0,0.0,0.0
2020-12-14,102.58793130464038,103.09845286951176,100.98342601532858,101.0472412109375,8469300,0.0,0.0,0.0
2020-12-15,101.74921049395138,102.36001404515444,101.21133362331908,102.14122009277344,5007500,0.0,0.0,0.0
2020-12-16,102.05008321503333,102.41473757925938,101.40281267659503,101.84040069580078,5355400,0.0,0.0,0.0
2020-12-17,102.00447778990488,102.99817951551356,101.99535934599982,102.93436431884766,4263700,0.0,0.0,0.0
2020-12-18,103.03465602184548,103.26256846893936,101.9133306771318,103.01642608642578,7876700,0.0,0.0,0.0
2020-12-21,101.49135053186224,102.07721145714297,100.11823767873312,101.98567199707033,6129600,0.0,0.0,0.0
2020-12-22,101.80259512884194,102.04060333336678,101.09773354130505,101.6744384765625,13104100,0.0,0.0,0.0
2020-12-23,102.03143218046864,102.49829247835234,101.67442341856132,101.7476577758789,3920700,0.0,0.0,0.0
2020-12-24,101.79341655766594,102.232815685385,101.65611087776516,102.04058074951172,1674700,0.0,0.0,0.0
2020-12-28,102.5715155765785,102.80036768006572,102.0222649409996,102.29689025878906,4390100,0.0,0.0,0.0
2020-12-29,102.77291793330976,103.24893430470507,102.4342212293691,102.78207397460938,5053300,0.0,0.0,0.0
2020-12-30,102.99262320638422,103.34047595900748,102.65391951124155,102.7637710571289,3563700,0.0,0.0,0.0
2020-12-31,102.77290749996006,104.0087145414628,102.43421083040336,103.84394073486328,5581200,0.0,0.0,0.0
2021-01-04,104.24672360608751,104.2650356882132,101.71104498469673,103.39539337158205,12911800,0.0,0.0,0.0
2021-01-05,103.21230541170668,104.50303471197503,102.77290627135656,104.1460189819336,11081900,0.0,0.0,0.0
2021-01-06,102.6905279307388,105.84868452737489,102.6905279307388,105.57406616210938,17833700,0.0,0.0,0.0
2021-01-07,105.71138910726246,107.10280711822564,105.54661527848928,106.94718933105467,12407100,0.0,0.0,0.0
2021-01-08,107.1394243628736,107.93583236640902,106.44371186498108,107.4598159790039,9350600,0.0,0.0,0.0
2021-01-11,107.48727099324256,108.13721023006542,107.34995831300944,107.96328735351562,6428200,0.0,0.0,0.0
2021-01-12,107.75273203175054,107.87173262066702,106.3063849479388,106.79155731201172,9225500,0.0,0.0,0.0
2021-01-13,106.73662822010446,107.45064572274126,106.34300229121337,107.08448791503906,5259600,0.0,0.0,0.0
2021-01-14,107.25839978086113,107.66118170884972,106.61761669907182,106.74577331542967,5792300,0.0,0.0,0.0
2021-01-15,106.45285458643164,107.32248986197214,106.03176751734794,107.07533264160156,10335200,0.0,0.0,0.0
2021-01-19,107.92667074362996,108.2287572449369,107.31334868389511,107.88089752197266,6194500,0.0,0.0,0.0
2021-01-20,108.0639829444316,108.64984386217417,107.4140367230483,108.47591400146484,6872000,0.0,0.0,0.0
2021-01-21,108.33860122987224,108.44845277086137,107.59712253423166,107.96328735351562,5796200,0.0,0.0,0.0
2021-01-22,107.64288330078124,108.2470562694952,107.5055776115396,107.64288330078124,4796400,0.0,0.0,0.0
2021-01-25,107.7069722472668,108.41183375061512,107.48726916901732,108.3477554321289,6962000,0.0,0.0,0.0
2021-01-26,108.65899437319266,108.92446369634897,107.89005452737145,107.94497680664062,5504000,0.0,0.0,0.0
2021-01-27,106.75493029589065,106.75493029589065,104.4023309834244,104.66779327392578,13096900,0.0,0.0,0.0
2021-01-28,105.55576586611858,107.53305184005782,105.35437485203066,106.1965560913086,12626100,0.0,0.0,0.0
2021-01-29,106.0409171255448,106.79155879904924,104.44810829350362,105.2994384765625,10462400,0.0,0.0,0.0
2021-02-01,106.15992133685032,106.50777404105354,105.53744329816244,105.70221710205078,10105300,0.0,0.0,0.0
2021-02-02,106.53524224766228,107.05702483060014,105.97684248542892,106.00431060791016,11515700,0.0,0.0,0.0
2021-02-03,106.00430441040886,106.05922668413464,104.92412212839008,105.25366973876952,11280300,0.0,0.0,0.0
2021-02-04,105.25368486641943,106.12332025079095,105.02483271432028,105.69307708740234,8451500,0.0,0.0,0.0
2021-02-05,106.416230621951,106.58100441969384,105.62897880873643,105.88529205322266,5557000,0.0,0.0,0.0
2021-02-08,106.26064540444656,106.40710716728468,105.70224552909676,106.01348114013672,6956700,0.0,0.0,0.0
2021-02-09,106.00431644709646,106.26977878958894,105.9036209444904,106.1690902709961,4730300,0.0,0.0,0.0
2021-02-10,106.93803303231272,106.96549417304,105.98600724435832,106.361328125,5406400,0.0,0.0,0.0
2021-02-11,106.7366288581468,106.82816831061956,106.05922852903342,106.56270599365234,4684000,0.0,0.0,0.0
2021-02-12,106.3521600160371,107.47811554619076,106.21484734396772,107.3591079711914,6345300,0.0,0.0,0.0
2021-02-16,107.49642415253174,107.59711964973567,105.9493814991374,106.2972412109375,9531900,0.0,0.0,0.0
2021-02-17,105.94938726018908,106.7366391989474,105.8303866588468,106.68171691894533,5022200,0.0,0.0,0.0
2021-02-18,106.15994988698912,106.4437243539978,105.57408886760808,106.01348114013672,7756600,0.0,0.0,0.0
2021-02-19,106.09585222930748,106.1782356463939,104.64034900466405,104.73189544677734,9390800,0.0,0.0,0.0
2021-02-22,104.2284279101608,104.80513283690838,103.55102747467754,104.4847412109375,7213300,0.0,0.0,0.0
2021-02-23,104.41149414150492,105.05228429950397,103.8256332441424,104.31079864501952,8731500,0.0,0.0,0.0
2021-02-24,104.42980769045867,105.60152950164826,104.10026005806,105.03397369384766,9842000,0.0,0.0,0.0
2021-02-25,104.88751407703607,105.30860117493287,103.45032292273127,103.98125457763672,14494800,0.0,0.0,0.0
2021-02-26,104.34741344329235,104.34741344329235,102.8186829173673,103.08415222167967,14687000,0.0,0.0,0.0
2021-03-01,103.92633966435945,104.91498265158008,103.89887852316112,104.42981719970705,7361800,0.0,0.0,0.0
2021-03-02,104.6495062936563,104.89666353187594,104.02702819353256,104.12772369384766,8456100,0.0,0.0,0.0
2021-03-03,103.74325279893613,103.85309735532798,102.57153097066966,102.80953216552734,14946600,0.0,0.0,0.0
2021-03-04,102.58067871334768,103.25808606114528,100.63086103823186,101.4272689819336,23441700,0.0,0.0,0.0
2021-03-05,102.02227396913652,103.7890126437603,101.19841191088705,103.45946502685548,15645200,0.0,0.0,0.0
2021-03-08,103.54185918726932,104.84173762119852,103.07499888234638,103.20315551757812,12691800,0.0,0.0,0.0
2021-03-09,103.96294504230356,105.45505841142882,103.76155405103248,103.8073272705078,11022300,0.0,0.0,0.0
2021-03-10,104.493889735791,105.08890670351208,104.00872431079188,104.04534149169922,11641100,0.0,0.0,0.0
2021-03-11,104.40233021933356,105.25366030584814,104.25586152384156,104.67694854736328,6549400,0.0,0.0,0.0
2021-03-12,104.45727450145571,105.05229148026504,104.29250067630876,104.90582275390624,7452400,0.0,0.0,0.0
2021-03-15,104.71357407611735,105.65644368053816,104.5945734895442,105.62898254394533,7119100,0.0,0.0,0.0
2021-03-16,105.73884074341312,105.9310756957,105.1804409840981,105.56491088867188,8618600,0.0,0.0,0.0
2021-03-17,105.10720845057904,105.7022253993278,104.54880868157004,105.1804428100586,7524900,0.0,0.0,0.0
2021-03-18,104.6952850600059,105.8212337373232,104.64951183597918,104.96075439453124,8553300,0.0,0.0,0.0
2021-03-19,105.07058264760158,105.958529977381,104.5396440609688,105.33605194091795,12595800,0.0,0.0,0.0
2021-03-22,105.26991362693124,106.32628852145142,104.74632008905634,106.25279998779295,6156800,0.0,0.0,0.0
2021-03-23,106.1242122847717,106.29874582272268,104.91167935558012,105.17807006835938,9170500,0.0,0.0,0.0
2021-03-24,105.23317367003304,105.86700003435462,105.03108369832168,105.05864715576172,12647000,0.0,0.0,0.0
2021-03-25,105.21481341197416,105.701662741698,104.12169411887504,105.49957275390624,11505300,0.0,0.0,0.0
2021-03-26,105.7659584165106,107.63068629226898,105.481199088169,107.4928970336914,8286500,0.0,0.0,0.0
2021-03-29,107.06116881514984,108.36555885978284,107.0244245452408,107.99812316894533,8958900,0.0,0.0,0.0
2021-03-30,107.70417314645694,107.70417314645694,106.77639962868416,107.02442169189452,6865700,0.0,0.0,0.0
2021-03-31,107.25406289355558,107.88788222902792,107.07034155785522,107.23568725585938,8504100,0.0,0.0,0.0
2021-04-01,107.4102216684617,107.51126665187648,106.57430535262164,106.9141845703125,6676400,0.0,0.0,0.0
2021-04-05,107.45615830483872,107.98893268474124,107.28162477914069,107.65824127197266,7190900,0.0,0.0,0.0
2021-04-06,107.79603836425666,108.10836116935285,107.0887304072426,107.24488830566406,5206700,0.0,0.0,0.0
2021-04-07,107.18058364183132,107.54801933680211,106.73047859482492,107.00605010986328,5753200,0.0,0.0,0.0
2021-04-08,107.31836378755486,107.63986736525004,107.02441665819752,107.17138671875,4292400,0.0,0.0,0.0
2021-04-09,107.23569534366874,108.41148394782071,107.17139462338707,108.34718322753906,5919100,0.0,0.0,0.0
2021-04-12,108.19102963786273,108.67787896910096,108.07161601209306,108.4574203491211,8279500,0.0,0.0,0.0
2021-04-13,108.11754737850158,109.21066673852884,108.01650237841903,108.90753173828124,6519600,0.0,0.0,0.0
2021-04-14,108.77891006970653,109.33924787212086,108.70542153634835,108.89833068847656,6226600,0.0,0.0,0.0
2021-04-15,109.33006311582324,111.08456510556964,109.33006311582324,110.7630615234375,8438300,0.0,0.0,0.0
2021-04-16,111.33259569316532,111.71840705383164,110.94679134075244,111.58980560302734,7447400,0.0,0.0,0.0
2021-04-19,111.3785134786491,111.64490416630998,111.04782207384608,111.61734771728516,7094300,0.0,0.0,0.0
2021-04-20,111.10293079513688,112.33383920190768,111.10293079513688,112.04907989501952,8063900,0.0,0.0,0.0
2021-04-21,112.39813530162978,113.4361345133542,112.34302240791492,113.37183380126952,9635900,0.0,0.0,0.0
2021-04-22,113.2799913271498,113.53719420883044,112.43489414212692,112.86663055419922,10030800,0.0,0.0,0.0
2021-04-23,112.81150754470394,113.8678825010768,112.57268030870868,113.61067962646484,4974500,0.0,0.0,0.0
2021-04-26,113.54638000016652,113.55556781956324,113.01359860720036,113.2248764038086,6907100,0.0,0.0,0.0
2021-04-27,112.94011393110137,112.95848957052328,112.38896388874512,112.57268524169922,7034700,0.0,0.0,0.0
2021-04-28,112.3889459548406,112.51754737726102,112.030698134062,112.2327880859375,6788100,0.0,0.0,0.0
2021-04-29,112.35221825155874,112.37977470210342,111.17642963996632,111.78269958496094,8148900,0.0,0.0,0.0
2021-04-30,111.34177067320395,111.99396567228524,111.2499135058303,111.4520034790039,7153400,0.0,0.0,0.0
2021-05-03,112.0582750286698,112.8390715239151,111.90211713127138,112.71965789794922,13179100,0.0,0.0,0.0
2021-05-04,112.55430622354336,112.92174191016858,112.06745691727237,112.8390655517578,16186300,0.0,0.0,0.0
2021-05-05,112.9952355007728,113.3902276551094,112.81151414512024,113.0411605834961,16713700,0.0,0.0,0.0
2021-05-06,112.39814896197952,113.19732105923256,111.81944248288424,113.1881332397461,16115000,0.0,0.0,0.0
2021-05-07,113.45451214097568,114.56599990265876,113.40858005657265,113.96891784667967,7576700,0.0,0.0,0.0
2021-05-10,114.38229709738476,114.9977548900986,114.06998129927156,114.11591339111328,8846700,0.0,0.0,0.0
2021-05-11,113.51884389015834,113.99650546058264,112.62781447184844,112.88501739501952,11357800,0.0,0.0,0.0
2021-05-12,112.27872794816746,112.8390587513923,111.7092023178088,111.8194351196289,10946500,0.0,0.0,0.0
2021-05-13,112.02151988419372,113.34428549436213,111.84699337214552,112.8298797607422,11228000,0.0,0.0,0.0
2021-05-14,113.48209042868667,113.77603760398276,113.11465470750322,113.3994140625,6590400,0.0,0.0,0.0
2021-05-17,113.27080259036563,113.79439616904789,113.11464470036016,113.1881332397461,5997700,0.0,0.0,0.0
2021-05-18,113.15138786514026,113.87707141592116,112.77476436065471,113.2248764038086,9202000,0.0,0.0,0.0
2021-05-19,112.49000557749729,113.10545632325127,111.69083348418424,113.03197479248048,10063000,0.0,0.0,0.0
2021-05-20,112.99523573447657,114.70380580018704,112.99523573447657,114.21694946289062,7522700,0.0,0.0,0.0
2021-05-21,114.59356891614378,115.42948528783016,114.14346387429498,114.23532104492188,8423300,0.0,0.0,0.0
2021-05-24,114.82321201546252,115.05285843949343,114.29961844900212,114.34555053710938,4958800,0.0,0.0,0.0
2021-05-25,114.51090122769408,114.52008203911306,113.8770748271358,114.00567626953124,6798500,0.0,0.0,0.0
2021-05-26,113.97811807788908,114.01486234776269,112.85744237562884,113.34429168701172,6848800,0.0,0.0,0.0
2021-05-27,113.58313229763044,113.67498947333198,113.03198223516796,113.09628295898438,8102900,0.0,0.0,0.0
2021-05-28,113.5280131076298,114.47416234730748,113.46371238340446,113.53720092773438,10059900,0.0,0.0,0.0
2021-06-01,113.6749717890632,113.71171605527822,111.58059767257294,111.67245483398438,13368300,0.0,0.0,0.0
2021-06-02,111.77350706893796,112.05826639027204,111.1856127878435,111.4520034790039,13245100,0.0,0.0,0.0
2021-06-03,111.03864532510696,112.08583254196829,110.79063025090431,111.79188537597656,13244400,0.0,0.0,0.0
2021-06-04,112.37977001883075,112.71046142809162,112.02152216017356,112.1501235961914,11228900,0.0,0.0,0.0
2021-06-07,112.42570459141336,113.5463802799822,112.23280243312324,112.55430603027344,13978500,0.0,0.0,0.0
2021-06-08,112.82987686346364,112.894177578515,111.34176559023634,112.20523834228516,10799500,0.0,0.0,0.0
2021-06-09,112.49001242832853,113.48208674080796,112.49001242832853,113.2891845703125,7965600,0.0,0.0,0.0
2021-06-10,113.56474919753526,115.35599554318895,113.51882411682791,115.2273941040039,9350900,0.0,0.0,0.0
2021-06-11,115.05284291263877,115.1079558043276,113.8311224196898,114.40983581542967,6958100,0.0,0.0,0.0
2021-06-14,114.3455414534988,114.5292557748282,113.70252731234164,114.5108871459961,5156000,0.0,0.0,0.0
2021-06-15,114.63032193449864,114.80485547778696,114.06079621994176,114.54764556884766,5409100,0.0,0.0,0.0
2021-06-16,114.66706549091454,115.24577201384275,113.78522397624864,114.10672760009766,11653200,0.0,0.0,0.0
2021-06-17,113.90463409077084,115.28251272896564,113.88626545922632,114.97937774658205,6527000,0.0,0.0,0.0
2021-06-18,114.12507190945436,114.28123678625862,113.50962124521712,113.66577911376952,11152600,0.0,0.0,0.0
2021-06-21,114.02635481580025,115.243619285686,113.61137397467506,115.0315170288086,6655400,0.0,0.0,0.0
2021-06-22,115.10531819559476,115.4373001288301,114.71800828535429,115.28053283691406,7194000,0.0,0.0,0.0
2021-06-23,115.12373781477258,115.39116804822798,114.75487532024204,114.8009796142578,6506600,0.0,0.0,0.0
2021-06-24,115.474173307105,116.20268873389844,115.26207102918733,115.39117431640624,7029200,0.0,0.0,0.0
2021-06-25,115.3450603814717,116.26723066203556,115.28050874325626,115.91680145263672,8344200,0.0,0.0,0.0
2021-06-28,116.03669016101328,116.23956875205111,115.64938032481432,116.0920181274414,4631400,0.0,0.0,0.0
2021-06-29,116.10123551300204,116.58076094581322,115.95368489638284,116.22111511230467,6165500,0.0,0.0,0.0
2021-06-30,116.10124982929848,116.38712038974774,115.70471629273908,116.14735412597656,8542700,0.0,0.0,0.0
2021-07-01,116.23034909758393,117.26318239875732,116.18423776689887,117.18018341064452,12021000,0.0,0.0,0.0
2021-07-02,117.32772276056797,118.41588392546748,117.12484418202052,118.30521392822266,12327900,0.0,0.0,0.0
2021-07-06,117.95482083651537,118.20379671661637,117.35540866128753,118.194580078125,11413100,0.0,0.0,0.0
2021-07-07,118.20378164079074,118.94152069091795,117.77036751211206,118.94152069091795,18435700,0.0,0.0,0.0
2021-07-08,117.83492802567982,118.37900516353326,117.2170755701373,118.28679656982422,8386600,0.0,0.0,0.0
2021-07-09,118.71097630413534,119.05218887643905,118.4251057684876,118.69254302978516,5224200,0.0,0.0,0.0
2021-07-12,118.69252265492842,119.51325350108212,118.6003000142013,118.92306518554688,9097900,0.0,0.0,0.0
2021-07-13,118.77554308363564,119.19973356186708,118.52655315089812,118.81242370605467,9698800,0.0,0.0,0.0
2021-07-14,119.0798525295382,119.18129182299064,118.48966411432444,118.7017593383789,7487000,0.0,0.0,0.0
2021-07-15,118.065470616757,118.58188376937744,117.5582811377481,118.28679656982422,8750600,0.0,0.0,0.0
2021-07-16,118.59110957142248,119.04296402566658,118.20378565178112,118.60954284667967,6511000,0.0,0.0,0.0
2021-07-19,117.83492523868529,118.39744971045712,116.40556542917436,117.36461639404295,19460400,0.0,0.0,0.0
2021-07-20,117.74271041846175,119.46717150356729,117.74271041846175,118.7939910888672,15053700,0.0,0.0,0.0
2021-07-21,119.27351858868492,119.31041328531056,117.7058316909896,118.9876480102539,8295700,0.0,0.0,0.0
2021-07-22,119.08907355216148,119.86369323730467,118.76630831441734,119.86369323730467,9261100,0.0,0.0,0.0
2021-07-23,120.37089683747352,121.36684252203584,120.22334620171546,121.24695587158205,8303800,0.0,0.0,0.0
2021-07-26,120.90575734292251,121.25618658505942,120.06657893212264,120.46311950683594,6626500,0.0,0.0,0.0
2021-07-27,120.2971275185308,121.02565002441406,119.97437631681868,121.02565002441406,9551600,0.0,0.0,0.0
2021-07-28,120.8504172813233,121.80946817542582,120.54609940220958,121.45905303955078,7432600,0.0,0.0,0.0
2021-07-29,121.85559732789554,121.93858928764762,121.39451212322344,121.75415802001952,5662700,0.0,0.0,0.0
2021-07-30,121.55128019417512,122.31668332744928,121.38529627359232,121.86481475830078,6634400,0.0,0.0,0.0
2021-08-02,122.34432674774764,122.51032471162952,121.67114639765244,122.03079223632812,8366300,0.0,0.0,0.0
2021-08-03,122.08613039354717,123.7644871616276,122.00313844027794,123.72759246826172,7701700,0.0,0.0,0.0
2021-08-04,123.24805496067287,124.004241360814,123.04517636898632,123.20195770263672,8322100,0.0,0.0,0.0
2021-08-05,123.10974466616167,123.1281920135392,121.76336973166676,122.69477081298828,8240900,0.0,0.0,0.0
2021-08-06,122.63945698024789,122.7501129348633,121.8094951070178,122.59334564208984,6923700,0.0,0.0,0.0
2021-08-09,122.76853434729588,123.29416409187516,122.6763116904635,123.0636215209961,9852500,0.0,0.0,0.0
2021-08-10,123.12820791490124,123.3771838162373,122.30747674064853,122.77777862548828,5832600,0.0,0.0,0.0
2021-08-11,122.97143603048868,123.16508394652286,121.4590770443358,121.56051635742188,14512500,0.0,0.0,0.0
2021-08-12,121.6803757366063,122.62099344025562,121.59738378160272,122.5195541381836,8220300,0.0,0.0,0.0
2021-08-13,122.82388030583256,123.31262950199866,122.6763296617663,123.28496551513672,7922900,0.0,0.0,0.0
2021-08-16,123.28492770271453,124.70506352047516,122.8607232489317,124.68663024902344,8404200,0.0,0.0,0.0
2021-08-17,124.35466356882836,126.162109375,124.29010489729302,126.162109375,13874500,0.0,0.0,0.0
2021-08-18,125.99611213597274,126.13443203003528,124.1702051071482,124.24398040771484,12427700,0.0,0.0,0.0
2021-08-19,123.4232858109076,125.4520579235466,123.38640518538496,124.8065414428711,11669200,0.0,0.0,0.0
2021-08-20,124.92639034589014,125.89467180987693,124.49296925316462,125.5165786743164,7252700,0.0,0.0,0.0
2021-08-23,126.2266697066276,126.31887828991768,125.52581130337512,125.56270599365234,8471300,0.0,0.0,0.0
2021-08-24,125.56270035920365,125.58113363231362,124.760402700493,125.12004852294922,6548100,0.0,0.0,0.0
2021-08-25,125.00019558177068,125.06474019018756,124.26245647675896,124.77886962890624,6918500,0.0,0.0,0.0
2021-08-26,124.85262449005054,125.12927836800196,124.05034090807207,124.29010009765624,5972100,0.0,0.0,0.0
2021-08-27,124.566768262515,124.907966777441,123.94891583790738,124.15179443359376,8679200,0.0,0.0,0.0
2021-08-30,124.0411390251669,125.3045220781176,124.03192238653368,124.85265350341795,6417200,0.0,0.0,0.0
2021-08-31,124.88027809766372,125.46124978598378,124.2439784525893,124.68663024902344,9299100,0.0,0.0,0.0
2021-09-01,124.78808467249196,124.89874059943116,123.54314920962092,124.72352600097656,10571100,0.0,0.0,0.0
2021-09-02,125.18462518463748,126.07913155106372,125.04630526042844,126.06068420410156,6847800,0.0,0.0,0.0
2021-09-03,125.93156787291475,126.37420565573515,125.33216283516218,126.19900512695312,5632800,0.0,0.0,0.0
2021-09-07,125.72869639129864,125.93157498471555,124.64054218224628,125.46127319335938,8739100,0.0,0.0,0.0
2021-09-08,125.21228286886816,125.60882341698522,124.88030099626867,125.40594482421876,6986200,0.0,0.0,0.0
2021-09-09,125.23073710573024,125.51660766457606,123.88436219521408,123.95813751220705,8905600,0.0,0.0,0.0
2021-09-10,124.40076344586458,124.51143344637153,122.7593014955612,122.82386016845705,10561600,0.0,0.0,0.0
2021-09-13,123.46938318066776,123.54315849457228,121.44982793503908,122.06768035888672,11676700,0.0,0.0,0.0
2021-09-14,122.63943618491427,122.92530673333374,121.83713843637952,122.04924774169922,10436300,0.0,0.0,0.0
2021-09-15,121.89245971938676,123.41404910991665,121.70802847934722,122.8423080444336,10299900,0.0,0.0,0.0
2021-09-16,122.99907101558075,123.22961357539631,121.68959096437254,122.52875518798828,10525700,0.0,0.0,0.0
2021-09-17,122.42732518320707,122.75009041990651,121.84636745683122,122.64865112304688,13541400,0.0,0.0,0.0
2021-09-20,121.25775144839204,122.4515508604634,120.31381932827736,121.3687973022461,17245000,0.0,0.0,0.0
2021-09-21,121.92403334965894,122.80317915307111,121.53535880880668,121.55387115478516,11741800,0.0,0.0,0.0
2021-09-22,121.9148041005276,122.36825074501024,121.17446546937474,121.75748443603516,11964100,0.0,0.0,0.0
2021-09-23,122.035095897235,123.34919022602558,121.94256239623496,122.63662719726562,10366500,0.0,0.0,0.0
2021-09-24,122.43304297091342,122.88648963785788,121.87778543984746,122.13690185546876,6962600,0.0,0.0,0.0
2021-09-27,121.7852472684713,121.93330369973869,120.13800120904686,120.3971176147461,11631400,0.0,0.0,0.0
2021-09-28,119.6290165072075,119.6290165072075,117.92624047486711,118.33342742919922,17433400,0.0,0.0,0.0
2021-09-29,118.86091759483426,119.82334794310997,118.62029941717654,119.26810455322266,11171400,0.0,0.0,0.0
2021-09-30,119.6660118621862,120.41559951422448,117.70412673628029,117.80592346191406,21653100,0.0,0.0,0.0
2021-10-01,117.96324501599098,118.38893721171652,115.93657370425284,117.83368682861328,23188900,0.0,0.0,0.0
2021-10-04,117.3524701366744,117.95399435497784,115.45536398404596,116.0383758544922,27580700,0.0,0.0,0.0
2021-10-05,116.51033838890022,117.91697318705197,116.35301873878694,116.73243713378906,19151800,0.0,0.0,0.0
2021-10-06,116.08465911896974,116.62139722388288,115.2147622690186,116.51960754394533,21322100,0.0,0.0,0.0
2021-10-07,117.324686881448,118.82386200136872,117.10258817116174,118.06502532958984,15806400,0.0,0.0,0.0
2021-10-08,118.23164522368803,118.45374401680942,117.2321900640518,117.4728012084961,9552300,0.0,0.0,0.0
2021-10-11,117.37098397406638,117.99101348770374,116.51959953202176,116.55661010742188,7843400,0.0,0.0,0.0
2021-10-12,116.92677177394086,117.04708084751182,115.70521811408864,115.99209594726562,13007200,0.0,0.0,0.0
2021-10-13,116.1864336021086,116.70466631877429,115.46460038339268,116.17717742919922,10609000,0.0,0.0,0.0
2021-10-14,117.3802238344468,118.30564347512352,117.3802238344468,117.84293365478516,8857900,0.0,0.0,0.0
2021-10-15,118.45372581779452,118.96270949507478,118.2038655964702,118.42596435546876,8976100,0.0,0.0,0.0
2021-10-18,117.90772688688128,118.02802890565134,117.11186538328384,117.62084197998048,11660700,0.0,0.0,0.0
2021-10-19,118.25939107752244,119.47169575496191,118.25939107752244,119.1663055419922,9487000,0.0,0.0,0.0
2021-10-20,119.87885093381836,121.04488868815788,119.76780509846516,120.86905670166016,13665700,0.0,0.0,0.0
2021-10-21,121.11893118605512,121.43357048553678,120.23977120105695,121.35953521728516,8267500,0.0,0.0,0.0
2021-10-22,121.2485041505374,121.89629517569875,121.06342301774632,121.85002136230467,8009700,0.0,0.0,0.0
2021-10-25,121.90552977680804,122.12763558218606,120.96161187571454,121.99807739257812,10629700,0.0,0.0,0.0
2021-10-26,122.27569809444437,122.95125045872352,121.60939484282176,122.5995864868164,9271600,0.0,0.0,0.0
2021-10-27,122.7939523842241,122.92351058808276,121.5909038508021,121.62791442871094,11851400,0.0,0.0,0.0
2021-10-28,121.8500200814893,123.1178406546061,121.8500200814893,122.64588165283205,9282500,0.0,0.0,0.0
2021-10-29,122.48854178271569,123.99698028584147,122.01658285878496,123.83966064453124,15415100,0.0,0.0,0.0
2021-11-01,123.95072100923277,124.45970468535656,123.2196315142228,123.6916046142578,14356700,0.0,0.0,0.0
2021-11-02,124.17280728534055,125.08897786235892,123.09006794201916,124.4689483642578,20851500,0.0,0.0,0.0
2021-11-03,124.22837076885716,125.24632417253156,123.7656608251542,125.2000503540039,14610000,0.0,0.0,0.0
2021-11-04,124.91315698563368,125.1075013510779,123.47875351355734,124.3394012451172,15818500,0.0,0.0,0.0
2021-11-05,123.21965186905068,123.72863562925424,122.06287701440024,122.95128631591795,14867300,0.0,0.0,0.0
2021-11-08,123.17336537122802,123.83966867219424,122.69214318257826,123.68233489990234,8948800,0.0,0.0,0.0
2021-11-09,123.7193684317508,123.8304142829156,122.98827892282316,123.22889709472656,7287000,0.0,0.0,0.0
2021-11-10,123.19187653454574,124.08028573605564,123.17337830592017,123.58055114746094,8445400,0.0,0.0,0.0
2021-11-11,123.56204227143108,123.64532665542514,122.923500419242,123.2196273803711,8597300,0.0,0.0,0.0
2021-11-12,124.00623054877818,124.11727638584296,123.14559706996025,123.83039855957033,8317600,0.0,0.0,0.0
2021-11-15,124.11729486607464,124.18208102786396,122.9420219267276,123.06231689453124,6268900,0.0,0.0,0.0
2021-11-16,123.03455686651712,124.24685451839706,122.82171427104132,123.58055114746094,6150900,0.0,0.0,0.0
2021-11-17,123.71937522439728,124.23760805266558,123.18263004632354,123.75638580322266,8229000,0.0,0.0,0.0
2021-11-18,123.88593483844043,124.11728977113091,123.376965283149,123.80265045166016,9029300,0.0,0.0,0.0
2021-11-19,124.17280470408755,124.58925485275591,122.94200896767666,123.05305480957033,10166100,0.0,0.0,0.0
2021-11-22,123.22887686449212,123.65456197126316,122.34046783866772,122.49778747558594,11146200,0.0,0.0,0.0
2021-11-23,121.9240284339042,122.75690039918165,121.55386625395468,122.6273422241211,12075200,0.0,0.0,0.0
2021-11-24,122.3960204617976,122.80320744242928,121.97033525170876,122.58111572265624,6760800,0.0,0.0,0.0
2021-11-26,123.02530570075656,123.74713198710336,121.70194809526411,122.12764739990234,11896900,0.0,0.0,0.0
2021-11-29,122.79394420362934,123.28441552276064,122.33123434627647,122.4607925415039,17137100,0.0,0.0,0.0
2021-11-30,121.75748586668377,122.31272925598384,119.87887074323594,120.05470275878906,19467000,0.0,0.0,0.0
2021-12-01,120.62847802731385,122.23869946135324,119.82335318950848,119.84186553955078,22241400,0.0,0.0,0.0
2021-12-02,119.80483624058311,120.91533701624816,119.2310664452091,120.42486572265624,17531100,0.0,0.0,0.0
2021-12-03,121.2670022167008,121.72971210845084,119.64751759557572,120.64697265625,22111900,0.0,0.0,0.0
2021-12-06,120.96163245428266,121.85927670020264,120.7765371912532,121.33179473876952,15230900,0.0,0.0,0.0
2021-12-07,122.15540570740744,123.19187129778892,121.98883693214668,122.89574432373048,11974700,0.0,0.0,0.0
2021-12-08,123.24738954351514,123.90444374726128,122.62736003561098,123.82115936279295,15144700,0.0,0.0,0.0
2021-12-09,123.70087573081504,124.5152497574662,123.60834221374184,124.10806274414062,9095800,0.0,0.0,0.0
2021-12-10,123.7841406652758,124.80210803849728,123.72861773960642,124.5429916381836,8554300,0.0,0.0,0.0
2021-12-13,124.54293705069544,126.06987332048278,124.54293705069544,125.71822357177734,12201800,0.0,0.0,0.0
2021-12-14,125.13520853020869,125.86628362047098,124.58921449007032,125.20924377441406,11070800,0.0,0.0,0.0
2021-12-15,125.47766154174757,127.83748474774224,125.3666156894887,127.77271270751952,14996300,0.0,0.0,0.0
2021-12-16,127.76345504896854,129.17934621020598,127.53210009947504,128.53155517578125,19227500,0.0,0.0,0.0
2021-12-17,127.8837631714012,128.67036152124174,127.13417540005328,127.63389587402344,21504200,0.0,0.0,0.0
2021-12-20,127.37191687584992,127.76208514676212,125.76479215101024,126.86097717285156,16185700,0.0,0.0,0.0
2021-12-21,127.2232493755286,127.4462086992871,126.04344598842556,127.39047241210938,10773400,0.0,0.0,0.0
2021-12-22,127.32542782626751,128.95113556495846,127.10248269413398,128.87681579589844,7246000,0.0,0.0,0.0
2021-12-23,129.211311326114,129.82443909163652,128.83042763767844,129.40640258789062,7743800,0.0,0.0,0.0
2021-12-27,129.87086468395214,130.77197265625,129.73150976062888,130.77197265625,6968900,0.0,0.0,0.0
2021-12-28,130.89271064886492,131.12495464517238,130.0845060777305,130.42822265625,6065900,0.0,0.0,0.0
2021-12-29,130.29816231205405,131.4408129424473,130.20527322160663,131.17140197753906,7103600,0.0,0.0,0.0
2021-12-30,131.4129582685199,131.89601560847868,131.27360335599175,131.44082641601562,7931700,0.0,0.0,0.0
2021-12-31,131.28292049737192,131.78456139730372,130.83700172515304,130.88345336914062,7882800,0.0,0.0,0.0
2022-01-03,130.3260745708696,130.56761747289886,128.4216845590253,129.5364532470703,15122300,0.0,0.0,0.0
2022-01-04,129.24844251458572,129.39706790971138,127.2790036473872,127.82711029052734,14304500,0.0,0.0,0.0
2022-01-05,128.10578276890652,128.87683453810894,126.87025718186322,126.91669464111328,15370700,0.0,0.0,0.0
2022-01-06,126.1270916056995,126.8981434852314,125.22598363655084,125.4489288330078,15182000,0.0,0.0,0.0
2022-01-07,125.15167717476486,125.3839212291754,124.54784830331826,124.8079605102539,9619400,0.0,0.0,0.0
2022-01-10,124.25985857853246,126.16426273342324,123.96259354840782,126.0899429321289,15589900,0.0,0.0,0.0
2022-01-11,126.27572003174808,127.1118070636101,125.4117790247134,127.09322357177734,12168300,0.0,0.0,0.0
2022-01-12,126.368633984521,126.9260253861534,126.18284157566092,126.7309341430664,10831800,0.0,0.0,0.0
2022-01-13,126.5079861971554,126.66592464278564,124.5385609698996,124.7615203857422,13804900,0.0,0.0,0.0
2022-01-14,124.42704200504711,124.67786948256445,123.26582205827022,124.54781341552734,14341800,0.0,0.0,0.0
2022-01-18,123.3215854665318,123.51667669751272,122.4855125910165,122.80136108398438,16471400,0.0,0.0,0.0
2022-01-19,123.03359693289072,123.99972583971844,122.17894062202956,122.29969787597656,14639600,0.0,0.0,0.0
2022-01-20,122.59697737012176,123.85110077840636,121.42647258409308,121.5007781982422,15127800,0.0,0.0,0.0
2022-01-21,121.87237614993964,122.25325975083572,120.0794449158742,120.2745361328125,25804800,0.0,0.0,0.0
2022-01-24,119.18762784291772,120.07943689637564,116.0476843160467,119.87506103515624,37938000,0.0,0.0,0.0
2022-01-25,118.2865309032991,120.12589964943878,117.30181139789144,119.10403442382812,19326800,0.0,0.0,0.0
2022-01-26,119.29910957922176,120.37672526191496,117.55263705514427,118.48161315917967,29557400,0.0,0.0,0.0
2022-01-27,119.05758905877478,120.61826221654287,118.3980097426612,118.7881851196289,18483600,0.0,0.0,0.0
2022-01-28,118.6859974725926,121.25925834517392,117.84991750202484,121.21280670166016,20906800,0.0,0.0,0.0
2022-01-31,120.98984579325511,122.13248236515795,120.74830294834668,121.9095230102539,19044400,0.0,0.0,0.0
2022-02-01,122.34616041106914,122.45764719201412,121.25925997845412,122.23468780517578,14674800,0.0,0.0,0.0
2022-02-02,122.1510636675863,124.17622461526054,121.90023616969246,123.87895965576172,13595200,0.0,0.0,0.0
2022-02-03,123.71172632526904,123.81391424740268,123.11718228059554,123.34942626953124,13805600,0.0,0.0,0.0
2022-02-04,122.2253778024983,123.76746717278782,122.0024184618914,122.90352630615234,12004100,0.0,0.0,0.0
2022-02-07,122.95000783631356,123.37732895757031,122.34616479098692,122.6898956298828,9229200,0.0,0.0,0.0
2022-02-08,122.03958470057228,123.90683571799184,121.76090321294272,123.6931610107422,11071600,0.0,0.0,0.0
2022-02-09,124.2876938205202,124.91012021965896,124.15763774645735,124.64999389648438,10811000,0.0,0.0,0.0
2022-02-10,123.2100743910692,124.2876756291311,122.21606340439642,122.69913482666016,14393300,0.0,0.0,0.0
2022-02-11,122.53192733212298,123.46090332152512,120.85048305931288,120.9991226196289,13072300,0.0,0.0,0.0
2022-02-14,120.74830027434282,120.98054428158116,118.86248006957146,119.76358795166016,14386900,0.0,0.0,0.0
2022-02-15,120.80405475459622,121.5844055094329,120.49750509293528,121.1106185913086,8969900,0.0,0.0,0.0
2022-02-16,120.48822111893791,121.64015681334406,120.1537890899202,121.29644012451172,8779200,0.0,0.0,0.0
2022-02-17,120.8040509641354,120.86908609793592,119.16905806135522,119.34556579589844,11906800,0.0,0.0,0.0
2022-02-18,119.23409426014771,119.87507589519431,118.05429058322954,118.45375061035156,13505600,0.0,0.0,0.0
2022-02-22,118.03571506781844,119.12261553337063,117.36685106208598,118.15648651123048,13682100,0.0,0.0,0.0
2022-02-23,118.76030072234629,119.16905247263465,117.4504481123701,117.56192779541016,12022800,0.0,0.0,0.0
2022-02-24,115.4624298621859,118.27722605624858,115.24876226002648,118.0356903076172,23220000,0.0,0.0,0.0
2022-02-25,118.56519890820806,121.94667791414406,118.4351428411556,121.64939880371094,17012300,0.0,0.0,0.0
2022-02-28,119.6985798873646,120.8690847068442,119.32698093074748,120.72974395751952,17987700,0.0,0.0,0.0
2022-03-01,120.09803537728718,121.08274782696132,119.13190641960249,120.06088256835938,14064200,0.0,0.0,0.0
2022-03-02,120.5903613009276,122.53191756195504,120.43243709632726,121.87235260009766,12395600,0.0,0.0,0.0
2022-03-03,122.41116942816534,123.21008934171712,121.45432529827816,122.4947738647461,11172600,0.0,0.0,0.0
2022-03-04,121.25925022793956,123.21939038257432,120.89695011286727,123.10791778564452,12160400,0.0,0.0,0.0
2022-03-07,122.33685565297804,122.56909966046716,120.41386846694446,120.96197509765624,15704000,0.0,0.0,0.0
2022-03-08,120.16305785902496,121.05486692989898,118.41657834724312,118.49089813232422,21794600,0.0,0.0,0.0
2022-03-09,120.42318013395446,121.35215626292104,119.5313568131242,120.72974395751952,15576500,0.0,0.0,0.0
2022-03-10,119.27124093295652,120.94340074826044,119.14118484593568,120.68328857421876,10708800,0.0,0.0,0.0
2022-03-11,121.00842186899156,121.71445277810906,119.66140935693105,119.7821807861328,9869100,0.0,0.0,0.0
2022-03-14,120.74831310472976,122.36473666988309,120.27454038263949,120.62755584716795,14373200,0.0,0.0,0.0
2022-03-15,121.60297622842891,123.16366358104013,121.3986003349316,123.03360748291016,14374100,0.0,0.0,0.0
2022-03-16,123.65600958019564,124.5292493846202,122.3926015136974,124.51066589355467,13840400,0.0,0.0,0.0
2022-03-17,124.14835494004824,126.53583011920742,123.9811460602102,126.4800796508789,10973100,0.0,0.0,0.0
2022-03-18,126.4057883059485,127.41836888157354,126.02490469216453,127.26044464111328,11364200,0.0,0.0,0.0
2022-03-21,127.200797144775,128.29108798541802,126.56712966922932,127.1635284423828,11473100,0.0,0.0,0.0
2022-03-22,127.2939510711032,127.47099512708868,126.72550755442728,127.19144439697266,8892100,0.0,0.0,0.0
2022-03-23,126.5857468311306,126.81871530551912,124.87110227225511,124.90837097167967,10013400,0.0,0.0,0.0
2022-03-24,125.3743089322385,126.39937591552734,125.10407175624456,126.39937591552734,7189200,0.0,0.0,0.0
2022-03-25,126.82805621090354,127.20080012061912,126.01731616740568,126.9864730834961,7040100,0.0,0.0,0.0
2022-03-28,127.2008003527553,127.94630239281568,126.744176976142,127.90901947021484,8467000,0.0,0.0,0.0
2022-03-29,128.97135478129996,129.48388832065913,127.89970537840512,128.66384887695312,12327700,0.0,0.0,0.0
2022-03-30,128.68248254022245,129.4279846147395,128.2631420668283,128.9154510498047,10752900,0.0,0.0,0.0
2022-03-31,128.64518603062655,129.35340502774972,127.4337471987776,127.65740203857422,15843000,0.0,0.0,0.0
2022-04-01,128.01152570725853,128.71043120112958,127.15420334108892,128.66384887695312,20785700,0.0,0.0,0.0
2022-04-04,128.37497974764656,128.59863466600336,127.29401652376691,127.59220886230467,16769500,0.0,0.0,0.0
2022-04-05,127.2660507994962,129.38139473765995,127.20081278820132,127.8624496459961,15025100,0.0,0.0,0.0
2022-04-06,127.53629861793526,130.1175940328851,127.45243335582396,129.81007385253906,23197800,0.0,0.0,0.0
2022-04-07,129.344112148287,132.64293980346366,129.344112148287,132.30746459960938,18160200,0.0,0.0,0.0
2022-04-08,132.31677769119102,133.64935051787836,132.12107791939434,133.09954833984375,19102700,0.0,0.0,0.0
2022-04-11,132.7174802175444,133.2579687902786,130.25733367018685,130.45303344726562,16570700,0.0,0.0,0.0
2022-04-12,130.1268563607424,130.8909996990392,128.6265389797653,129.1856689453125,14085400,0.0,0.0,0.0
2022-04-13,129.17635592791618,129.94981297398303,128.5054055799851,129.81935119628906,15496400,0.0,0.0,0.0
2022-04-14,129.9405246949044,130.60214733250095,129.10182948679446,129.1950225830078,10993400,0.0,0.0,0.0
2022-04-18,129.06455329675424,129.362759811931,127.2287603180964,127.76924896240234,10125000,0.0,0.0,0.0
2022-04-19,128.10468251909546,129.4465829624286,128.0580859888449,128.98995971679688,11733100,0.0,0.0,0.0
2022-04-20,129.34411233991557,131.22650177651283,129.19500908925528,130.72328186035156,13674800,0.0,0.0,0.0
2022-04-21,131.08670737435594,131.23581061958785,128.989990978312,129.27886962890625,11409700,0.0,0.0,0.0
2022-04-22,128.11400498895185,128.15128790343402,124.43310635307796,124.56356811523438,17525300,0.0,0.0,0.0
2022-04-25,124.20014981526832,125.67251225466438,122.8023389927202,125.40227508544922,16501900,0.0,0.0,0.0
2022-04-26,124.6474543007055,125.31840468153447,123.01667488993716,123.19373321533205,20087700,0.0,0.0,0.0
2022-04-27,123.17509579765256,124.17220778106837,122.31777344273712,122.92350006103516,16726700,0.0,0.0,0.0
2022-04-28,123.79013196078245,125.02952601914691,122.6439309850163,124.61949920654295,15510700,0.0,0.0,0.0
2022-04-29,123.40806628612587,124.05106161751674,121.2274845512716,121.41385650634766,17430200,0.0,0.0,0.0
2022-05-02,121.31134364833598,121.99162186781685,118.70210086137374,120.6590347290039,23615100,0.0,0.0,0.0
2022-05-03,121.03180881475652,122.20596502453344,120.61245410765702,121.04112243652344,13585300,0.0,0.0,0.0
2022-05-04,120.84539819002843,124.17219477394823,119.8296590712934,123.7248992919922,19053500,0.0,0.0,0.0
2022-05-05,123.1191732262684,123.24963500149332,120.07195585795736,121.32066345214844,16119800,0.0,0.0,0.0
2022-05-06,120.1464925177468,121.27406616897356,119.53146656361736,120.93859100341795,21742300,0.0,0.0,0.0
2022-05-09,119.58737765441914,119.61533273349464,117.35087890314266,117.8074951171875,17289800,0.0,0.0,0.0
2022-05-10,119.03755517067742,119.48485771521034,117.13653179826986,118.2268295288086,21850200,0.0,0.0,0.0
2022-05-11,117.6397615785831,120.2956008265902,117.3042863988734,117.4440689086914,19987300,0.0,0.0,0.0
2022-05-12,117.01539951747225,118.65549949057991,116.74515524676,118.58094787597656,17497100,0.0,0.0,0.0
2022-05-13,119.36370927008724,120.21171782394966,118.84186222748434,119.83897399902344,9841500,0.0,0.0,0.0
2022-05-16,119.699191514482,121.54429773028092,119.6712364369143,120.72425842285156,8839800,0.0,0.0,0.0
2022-05-17,121.98231286974672,122.43893629344451,121.07839386359754,122.38302612304688,9058700,0.0,0.0,0.0
2022-05-18,121.553630300781,121.85182254619971,118.84187391702248,119.22394561767578,10005000,0.0,0.0,0.0
2022-05-19,118.27344711795652,120.21174675646606,117.84478592841516,119.4848861694336,9672800,0.0,0.0,0.0
2022-05-20,120.28628213130072,121.19951455226489,118.65550284137409,120.93859100341795,12833700,0.0,0.0,0.0
2022-05-23,121.74932846229524,122.47618902117168,121.49773272833148,122.00093841552734,9196500,0.0,0.0,0.0
2022-05-24,121.6468101251245,122.56937038591587,120.8640394779926,122.3643569946289,9031300,0.0,0.0,0.0
2022-05-25,122.28050611777434,123.12851486138504,121.18088741544284,122.3271026611328,8532400,0.0,0.0,0.0
2022-05-26,122.63461097259764,123.3148749384518,122.28049434030248,122.84893798828124,9090100,0.0,0.0,0.0
2022-05-27,123.06326846708384,124.91770269988444,122.55073496361958,124.8897476196289,13696000,0.0,0.0,0.0
2022-05-31,123.79012332545337,124.01377817652694,122.2245820257394,123.2216796875,11740800,0.0,0.0,0.0
2022-06-01,123.6689749751986,123.68760221283334,120.48195415075364,121.45111083984376,9259900,0.0,0.0,0.0
2022-06-02,121.60954520538208,122.43891241617298,119.43827728965589,122.41095733642578,9575400,0.0,0.0,0.0
2022-06-03,121.5629467391451,122.10343530446936,120.8174447794128,120.9758758544922,5852600,0.0,0.0,0.0
2022-06-06,121.84250015336352,122.09411006241692,120.66834427655743,120.99449157714844,7729000,0.0,0.0,0.0
2022-06-07,120.99450490354936,122.6905222427798,120.55652302888072,122.56937408447266,7219100,0.0,0.0,0.0
2022-06-08,122.2245888159426,122.6718843236723,121.25543196004917,121.60023498535156,5372000,0.0,0.0,0.0
2022-06-09,121.19021729300808,121.60024413062573,118.82325646522024,118.85121154785156,7772900,0.0,0.0,0.0
2022-06-10,117.4440850310268,118.0311702309288,116.48425589995271,116.9408721923828,11289000,0.0,0.0,0.0
2022-06-13,114.62980773173356,115.32871314028392,112.92447682855872,113.39973449707033,14886200,0.0,0.0,0.0
2022-06-14,113.26928681760552,113.55816548067033,111.51735915867236,112.31877136230467,9299500,0.0,0.0,0.0
2022-06-15,112.9338108011554,114.64845552524166,111.72237177375604,113.45565795898438,10301600,0.0,0.0,0.0
2022-06-16,111.37757084512062,111.86214927820696,110.6600310352782,111.78759765625,9383300,0.0,0.0,0.0
2022-06-17,111.8248806717889,113.49293599496588,111.68509814902228,111.72237396240234,13724900,0.0,0.0,0.0
2022-06-21,113.28890408515402,115.24474634322742,112.91458663027773,114.73004913330078,7987200,0.0,0.0,0.0
2022-06-22,114.00013111185764,117.6029905103945,113.94398491613268,116.32093811035156,10188900,0.0,0.0,0.0
2022-06-23,116.8636891082897,119.02541023308906,116.8636891082897,118.93182373046876,11943300,0.0,0.0,0.0
2022-06-24,119.80214077435386,120.92510748677594,118.99734534591369,120.90638732910156,10448100,0.0,0.0,0.0
2022-06-27,120.90637651380514,121.87025749801536,120.52269185193248,121.35556030273438,8963600,0.0,0.0,0.0
2022-06-28,121.59888637644752,122.20715582757076,119.01605445512614,119.24064636230467,7518700,0.0,0.0,0.0
2022-06-29,119.3997418629023,120.87832024824252,119.2125831147333,120.27940368652344,9157700,0.0,0.0,0.0
2022-06-30,119.65239929102324,120.69114663662832,118.74466448093165,120.0080108642578,10697600,0.0,0.0,0.0
2022-07-01,120.05478790700344,121.51466020979002,118.71658947856808,121.35556030273438,9366600,0.0,0.0,0.0
2022-07-05,120.1857978473926,120.68178915526792,118.0708772024892,120.65370178222656,9987000,0.0,0.0,0.0
2022-07-06,120.82215527201312,122.09485455275929,120.6069234590377,121.46786499023438,9033300,0.0,0.0,0.0
2022-07-07,121.29007901141118,122.1416677434392,121.22456559542566,121.98258209228516,6805500,0.0,0.0,0.0
2022-07-08,121.63631859760696,123.56408077320084,121.51467326877312,122.34754180908205,6505800,0.0,0.0,0.0
2022-07-11,121.66437982063684,122.72184731598732,121.53336728593553,122.03871154785156,7027300,0.0,0.0,0.0
2022-07-12,121.65501981568568,122.47853528842764,119.94248974630338,120.48526000976562,9280400,0.0,0.0,0.0
2022-07-13,119.46523103191537,120.27937927482576,119.00668005456544,119.31549835205078,9296500,0.0,0.0,0.0
2022-07-14,117.9492415030377,119.14707460400749,117.19123930562836,118.96926879882812,7784800,0.0,0.0,0.0
2022-07-15,120.7379395039173,121.89833216354904,120.20452214576116,121.8421859741211,9684800,0.0,0.0,0.0
2022-07-18,121.96383844482764,122.07613081712266,118.8663096154898,119.26870727539062,7047700,0.0,0.0,0.0
2022-07-19,120.54140589134956,121.50528682664996,120.01735578430792,121.29940795898438,6585700,0.0,0.0,0.0
2022-07-20,121.13097981500812,121.29006544837269,119.61496840976024,120.1015853881836,7599500,0.0,0.0,0.0
2022-07-21,120.4572042835687,122.00128173828124,120.14838593676689,122.00128173828124,9507700,0.0,0.0,0.0
2022-07-22,122.28201636973012,122.5159683443288,120.75664492597213,121.49594116210938,8657100,0.0,0.0,0.0
2022-07-25,121.58950817107036,122.35687746891392,121.47721579745216,122.1322784423828,5489000,0.0,0.0,0.0
2022-07-26,122.47856161221756,123.51730911429986,122.15102308444568,122.75929260253906,7482400,0.0,0.0,0.0
2022-07-27,122.68442803130408,124.07877273890225,122.1135846102852,123.52664947509766,7680700,0.0,0.0,0.0
2022-07-28,123.68573165659792,125.22045608146895,121.58016382666106,124.3127212524414,11052600,0.0,0.0,0.0
2022-07-29,123.6857157740259,124.12554658436626,123.03065316691062,123.90094757080078,8309500,0.0,0.0,0.0
2022-08-01,123.20845520794433,123.88223794896815,122.7031110125297,122.98385620117188,7665400,0.0,0.0,0.0
2022-08-02,123.283325398357,124.27527938718812,122.47853011470826,122.54402923583984,7935100,0.0,0.0,0.0
2022-08-03,123.20849352042244,124.15365452748514,122.87160204515196,123.66703033447266,6825700,0.0,0.0,0.0
2022-08-04,123.9571128892606,123.98518598214424,122.8622051496218,123.05873107910156,5493000,0.0,0.0,0.0
2022-08-05,122.29137153872615,123.06809382207643,122.00127336961974,123.01194763183594,8883400,0.0,0.0,0.0
2022-08-08,123.24589391245304,124.11620265882937,122.6750505392412,123.30204010009766,7075100,0.0,0.0,0.0
2022-08-09,123.4611145002402,124.05067797549768,122.63761335749724,122.9277114868164,5802500,0.0,0.0,0.0
2022-08-10,124.23784182455904,124.35950141129884,123.54535317214902,124.2659149169922,6736300,0.0,0.0,0.0
2022-08-11,123.89162145970796,125.1081747245117,123.19911839406964,123.46114349365234,8471400,0.0,0.0,0.0
2022-08-12,123.76061870212358,125.09881740378098,123.55473978197658,125.04267120361328,7515500,0.0,0.0,0.0
2022-08-15,124.97715086373432,125.8380924386295,124.52796705928806,125.66963958740234,7486100,0.0,0.0,0.0
2022-08-16,125.3982541884484,125.75386574731236,124.84613097390314,125.3327407836914,7138400,0.0,0.0,0.0
2022-08-17,124.60282135009766,125.3233974612378,124.41566261818092,124.60282135009766,7251800,0.0,0.0,0.0
2022-08-18,124.56538688467316,124.8180590092723,123.38627410203542,124.05068969726562,7053600,0.0,0.0,0.0
2022-08-19,124.05071990076762,124.9865280041582,123.87291407643563,124.38761138916016,5946500,0.0,0.0,0.0
2022-08-22,123.62024857051696,124.01328623626463,122.34754905696832,122.75929260253906,6420400,0.0,0.0,0.0
2022-08-23,122.21652816602544,122.34754071233904,120.70987674377062,121.04676818847656,7501900,0.0,0.0,0.0
2022-08-24,121.16839144657,121.6643684443696,120.75663372478304,121.19646453857422,6719500,0.0,0.0,0.0
2022-08-25,121.711167743015,122.57210925897438,120.85957916509076,122.53468322753906,5636600,0.0,0.0,0.0
2022-08-26,122.5721457234933,122.58151294360988,119.02543916896516,119.1190185546875,9044500,0.0,0.0,0.0
2022-08-29,118.39841756666289,119.02541431333309,117.66848851494773,118.28612518310548,6727700,0.0,0.0,0.0
2022-08-30,118.70723119994608,118.70723119994608,117.20993998140654,117.50003814697266,7910500,0.0,0.0,0.0
2022-08-31,117.883738293807,118.62302749183384,116.7326912792466,116.75141143798828,8954500,0.0,0.0,0.0
2022-09-01,116.5642319890492,118.7259531347317,116.40514635649424,118.6697998046875,11212400,0.0,0.0,0.0
2022-09-02,119.35294984699986,119.46524937414031,116.46129949505512,116.96663665771484,9730300,0.0,0.0,0.0
2022-09-06,117.4251852291319,118.54815191826172,116.75140235979478,117.07893371582033,9663400,0.0,0.0,0.0
2022-09-07,117.05087651974326,119.1845178027128,116.67655185930232,118.98799896240234,9038300,0.0,0.0,0.0
2022-09-08,118.5481486629182,121.0935402310256,118.30483660241715,121.05611419677734,9394800,0.0,0.0,0.0
2022-09-09,121.35554792978569,122.4504556150668,121.13096319786648,122.12291717529295,8880400,0.0,0.0,0.0
2022-09-12,122.59085885021412,123.57346019304111,122.26332030950576,122.93710327148438,7982400,0.0,0.0,0.0
2022-09-13,120.98126236660354,121.25265469482942,118.55752296807668,118.87569427490234,11928500,0.0,0.0,0.0
2022-09-14,119.26871634106034,119.97057227984176,118.15510977315436,118.9411849975586,8080100,0.0,0.0,0.0
2022-09-15,119.45588814673,120.74730056801124,119.33422854191886,119.6056137084961,8624200,0.0,0.0,0.0
2022-09-16,119.23128124439046,119.53073946992264,118.35161958329395,119.26870727539062,10810100,0.0,0.0,0.0
2022-09-19,118.51333622068668,118.6542683703309,116.93491191450669,118.62608337402344,9430100,0.0,0.0,0.0
2022-09-20,117.8274557835715,118.0059631167802,116.5121012419045,117.23554229736328,9010600,0.0,0.0,0.0
2022-09-21,117.7053306814064,118.48514901587632,115.26253308283115,115.29071807861328,11642400,0.0,0.0,0.0
2022-09-22,115.1122048618202,116.6906291565964,114.62364820377113,115.90142059326172,9505600,0.0,0.0,0.0
2022-09-23,115.28130185927104,115.5161863432289,113.87199495552396,115.30949401855467,16611100,0.0,0.0,0.0
2022-09-26,114.6236422614741,115.1779662710639,113.70289181721016,114.21024322509766,10450600,0.0,0.0,0.0
2022-09-27,115.00886275589288,115.75109155014827,113.40224629005512,113.86262512207033,13239900,0.0,0.0,0.0
2022-09-28,115.4598357820714,116.93491030272092,114.71759982774232,116.3523941040039,16360000,0.0,0.0,0.0
2022-09-29,116.0047710982914,116.28662822923596,114.59546393924798,115.37528228759766,10791700,0.0,0.0,0.0
2022-09-30,115.38467223640052,116.18328535913344,113.65592556606212,113.78746032714844,12389800,0.0,0.0,0.0
2022-10-03,114.61423537907508,116.56847608428136,114.26661091647122,116.12689208984376,9326800,0.0,0.0,0.0
2022-10-04,117.0946257599282,118.87035211870662,116.8221588625354,118.82337951660156,13717900,0.0,0.0,0.0
2022-10-05,118.06238189618112,119.83810864471936,117.6207977644511,119.21800994873048,9913400,0.0,0.0,0.0
2022-10-06,118.77640069146156,119.1428199640865,117.38588836665588,117.69593048095705,9399300,0.0,0.0,0.0
2022-10-07,116.8033733615268,117.01007288521454,114.5484805447346,115.20616149902344,10068700,0.0,0.0,0.0
2022-10-10,115.47863471101596,115.63835447237196,114.04113535449078,114.48271942138672,8377800,0.0,0.0,0.0
2022-10-11,114.24782103130224,116.31480896228793,113.95656654085175,115.0934066772461,10792900,0.0,0.0,0.0
2022-10-12,115.4598419887712,116.14570798813196,114.50151623547606,114.52970123291016,9292800,0.0,0.0,0.0
2022-10-13,112.88549157146346,117.75229867395151,112.6975796715356,117.19796752929688,14063600,0.0,0.0,0.0
2022-10-14,117.8838267235458,118.75759729628489,116.0517234358771,116.40875244140624,11442300,0.0,0.0,0.0
2022-10-17,117.15099205395732,118.5133192464811,117.01005992449828,118.27843475341795,8420400,0.0,0.0,0.0
2022-10-18,120.03539945279284,120.07298184003076,118.35362525645962,118.9361343383789,10016700,0.0,0.0,0.0
2022-10-19,118.56971531886327,118.57911270772308,116.24906203801582,117.27315521240234,7676200,0.0,0.0,0.0
2022-10-20,117.06643781840464,117.9214208716105,116.1268997826741,116.27722930908205,7196600,0.0,0.0,0.0
2022-10-21,116.19266813180737,119.20858439159426,115.57257675044596,118.88914489746094,8433100,0.0,0.0,0.0
2022-10-24,119.8850577648746,121.5480370151501,119.8850577648746,121.1816177368164,7411300,0.0,0.0,0.0
2022-10-25,120.81520943736884,122.24331146515428,120.74944922051944,122.10238647460938,7174200,0.0,0.0,0.0
2022-10-26,122.47818607109528,124.6015369949363,122.44061085540308,123.4552993774414,8277100,0.0,0.0,0.0
2022-10-27,123.73716325556236,123.75595803145198,122.61911063765172,122.8070297241211,6496800,0.0,0.0,0.0
2022-10-28,122.9949450648556,124.92100117730163,122.60973097512344,124.82704162597656,6267100,0.0,0.0,0.0
2022-10-31,124.17875998093275,125.21225771716956,123.8968956586668,124.72369384765624,7852800,0.0,0.0,0.0
2022-11-01,124.87399288165022,125.49409137185592,123.4646859509344,124.798828125,8033300,0.0,0.0,0.0
2022-11-02,124.50760316880071,125.926300654334,122.60973203805618,122.67550659179688,10228700,0.0,0.0,0.0
2022-11-03,121.7829057675576,122.83519803120818,120.91853256484534,122.15872955322266,7916600,0.0,0.0,0.0
2022-11-04,123.0794926233826,123.3425621477416,121.17223140367312,122.9009780883789,8082200,0.0,0.0,0.0
2022-11-07,123.09829403383536,124.54517649578592,122.63791517328926,124.21634674072266,6054400,0.0,0.0,0.0
2022-11-08,124.2445341057681,125.79476636855078,123.38955092112836,124.83643341064452,8930700,0.0,0.0,0.0
2022-11-09,124.63912702620016,125.47531535664956,123.34255986852284,123.49288940429688,8963500,0.0,0.0,0.0
2022-11-10,126.33968117083468,126.88461495345346,124.63911961512082,126.63093566894533,12416800,0.0,0.0,0.0
2022-11-11,126.47123144752628,126.490026224741,123.45530766610707,125.08071899414062,10487200,0.0,0.0,0.0
2022-11-14,125.45651280152563,126.6873053349048,125.1464635292968,125.19344329833984,10552600,0.0,0.0,0.0
2022-11-15,125.9920624100851,126.51820144170732,123.9908417097524,125.03372955322266,8184100,0.0,0.0,0.0
2022-11-16,125.34379052816826,126.18936914552052,124.7612671149426,124.97737121582033,6122200,0.0,0.0,0.0
2022-11-17,123.9908496983738,125.42834190817712,123.88749992934548,124.9209976196289,6498700,0.0,0.0,0.0
2022-11-18,125.98264334789953,126.64972161660454,125.56924434602166,126.43363189697266,6720700,0.0,0.0,0.0
2022-11-21,126.17058211823496,127.03496990241264,126.02965711875794,126.4900360107422,7995200,0.0,0.0,0.0
2022-11-22,126.79064329582968,127.6832014797539,126.77184852271856,127.5892562866211,5931100,0.0,0.0,0.0
2022-11-23,127.6080691718035,128.284523401491,127.2886153284184,128.09661865234375,5340600,0.0,0.0,0.0
2022-11-25,128.24695669752396,128.961000526158,128.22816192049785,128.85765075683594,3256000,0.0,0.0,0.0
2022-11-28,128.46302658975534,129.2240500751551,127.63624289925558,127.88990783691406,5026800,0.0,0.0,0.0
2022-11-29,127.61747538269572,127.82417493352224,126.8846367338436,127.57049560546876,5439600,0.0,0.0,0.0
2022-11-30,127.75837466658233,130.6991332273329,127.08190615205685,130.6145782470703,9377400,0.0,0.0,0.0
2022-12-01,131.3662413718289,131.68568092732335,130.285763812411,130.99041748046875,15140200,0.0,0.0,0.0
2022-12-02,129.67504671975507,131.50714306477118,129.67504671975507,131.32862854003906,7779800,0.0,0.0,0.0
2022-12-05,130.4830401210348,130.78368482181162,129.62805711283647,130.06964111328125,6921500,0.0,0.0,0.0
2022-12-06,129.82537396806487,130.2387730455743,128.44426608451562,129.08314514160156,8171500,0.0,0.0,0.0
2022-12-07,129.083123395837,130.52061536833014,129.04554818430907,130.14480590820312,7427000,0.0,0.0,0.0
2022-12-08,130.37028657909767,131.46954430914107,130.1166216433883,131.31922912597656,6765000,0.0,0.0,0.0
2022-12-09,131.1407331646546,131.53533745667897,129.59989121361062,129.63746643066406,6203000,0.0,0.0,0.0
2022-12-12,129.72203237543306,131.01858520507812,129.72203237543306,131.01858520507812,5669700,0.0,0.0,0.0
2022-12-13,132.80369887837114,133.1983031086478,130.51122391905844,131.42257690429688,9886500,0.0,0.0,0.0
2022-12-14,131.3662029819714,132.7379203599787,130.52061022568492,131.6292724609375,10882200,0.0,0.0,0.0
2022-12-15,130.45484228692317,130.78367194802257,128.75426665675036,129.2146453857422,8746700,0.0,0.0,0.0
2022-12-16,128.23756472075354,128.3221197118914,126.63094820806351,127.33560180664062,10843900,0.0,0.0,0.0
2022-12-19,127.29406715173756,127.52991921217904,126.28462781858714,126.860107421875,6801600,0.0,0.0,0.0
2022-12-20,126.90728438651664,127.32238632815208,126.14312599180953,126.8318099975586,4815500,0.0,0.0,0.0
2022-12-21,127.60539856842372,128.89787769875912,127.20916881888336,128.50164794921875,5937500,0.0,0.0,0.0
2022-12-22,127.78466850001536,128.3601482160346,126.6620101691524,128.32241821289062,5483300,0.0,0.0,0.0
2022-12-23,128.19978132217614,128.52053675939516,127.45449493625296,128.3979034423828,3766900,0.0,0.0,0.0
2022-12-27,128.64315235034886,128.74692783592198,127.55823859730376,128.0676727294922,7050500,0.0,0.0,0.0
2022-12-28,128.4922227071089,129.11487571327228,127.19032888863178,127.23748779296876,5054200,0.0,0.0,0.0
2022-12-29,128.02996059112544,129.28468109816154,127.73749189442904,128.62429809570312,6297300,0.0,0.0,0.0
2022-12-30,128.19028839411456,128.3223649431956,126.86007960998592,128.1619873046875,6369500,0.0,0.0,0.0
2023-01-03,128.26580971993675,128.61486621416267,126.822381654425,127.79410552978516,7239200,0.0,0.0,0.0
2023-01-04,128.5111162138051,128.84131497053218,127.30355439905196,128.13375854492188,8469800,0.0,0.0,0.0
2023-01-05,127.28465534877331,127.5959818378062,126.32237478224164,126.82238006591795,6714200,0.0,0.0,0.0
2023-01-06,127.6714321700381,128.3412439240605,126.0487689304741,127.9921875,7175700,0.0,0.0,0.0
2023-01-09,128.12430300489385,128.16204740533934,125.680878503437,125.8506851196289,7719500,0.0,0.0,0.0
2023-01-10,125.8035016223426,127.10539527782456,125.61480844753906,126.90728759765624,7675200,0.0,0.0,0.0
2023-01-11,126.99223132439168,127.64318555703522,126.40732260301236,127.6243133544922,7307200,0.0,0.0,0.0
2023-01-12,127.35071216660184,127.74694198916129,125.98275839446092,127.21863555908205,7580500,0.0,0.0,0.0
2023-01-13,126.52047392159513,128.17143826694686,126.46387173299716,127.78463745117188,6334100,0.0,0.0,0.0
2023-01-17,127.71864458012054,127.9356244997618,127.02051712288954,127.19033813476562,6664100,0.0,0.0,0.0
2023-01-18,127.19033473721788,127.5205190591092,125.2752023310574,125.3978500366211,10629100,0.0,0.0,0.0
2023-01-19,125.0299188548328,126.19975049761454,124.77519454647096,125.69974517822266,9902300,0.0,0.0,0.0
2023-01-20,125.98274674307876,126.42614982630272,125.02048057525884,126.33181762695312,5962200,0.0,0.0,0.0
2023-01-23,126.4072998052574,127.47334153467617,126.124274399247,126.76578521728516,7211000,0.0,0.0,0.0
2023-01-24,126.13370609965985,126.86956353445106,125.11482325257884,125.92615509033205,5754800,0.0,0.0,0.0
2023-01-25,125.08652037893548,125.99219880637916,124.72803496403236,125.96389770507812,5999000,0.0,0.0,0.0
2023-01-26,126.25633211311325,126.36953650047252,125.21857724475984,126.1997299194336,6861100,0.0,0.0,0.0
2023-01-27,126.01106622353416,126.14314282301672,125.18086222948966,125.34123992919922,5854600,0.0,0.0,0.0
2023-01-30,125.10537962968704,125.88841027360158,124.02046580471666,124.20914459228516,7055400,0.0,0.0,0.0
2023-01-31,124.49219162568706,125.83182996429204,124.36954391456302,125.81295776367188,6290600,0.0,0.0,0.0
2023-02-01,125.812928148438,127.18086726833695,124.86951987329832,126.40727996826172,11843000,0.0,0.0,0.0
2023-02-02,125.48272923038868,125.71858129867807,124.6525397387922,125.54877471923828,11274600,0.0,0.0,0.0
2023-02-03,125.63367911238656,126.03935215894656,124.76574522089078,125.18084716796876,10046800,0.0,0.0,0.0
2023-02-06,125.00160451461264,125.26575769705975,124.3129204600376,124.48272705078124,7328300,0.0,0.0,0.0
2023-02-07,124.04877475976537,125.6525661485774,123.61480056513004,125.28463745117188,7551000,0.0,0.0,0.0
2023-02-08,124.83179135021248,125.61480755998846,124.72801586291102,124.91669464111328,5614100,0.0,0.0,0.0
2023-02-09,125.22803321312848,125.70916630336215,123.62422745514397,123.82234954833984,8085700,0.0,0.0,0.0
2023-02-10,123.99214734004931,125.12424882887102,123.8223407538871,124.99217224121094,6198600,0.0,0.0,0.0
2023-02-13,125.01104727154764,126.0393734121244,125.01104727154764,126.0299301147461,6300300,0.0,0.0,0.0
2023-02-14,126.19974474386991,126.42615354518428,124.65255555538648,125.28463745117188,6905900,0.0,0.0,0.0
2023-02-15,124.79404863193908,124.96386961128744,124.23744119042983,124.66197204589844,6491900,0.0,0.0,0.0
2023-02-16,123.52044047474566,124.52046535396664,123.15251181753152,123.41667938232422,8008000,0.0,0.0,0.0
2023-02-17,122.831768232877,124.74688609321564,122.7185638337301,124.52047729492188,10798800,0.0,0.0,0.0
2023-02-21,123.61478275520489,124.12423127530224,122.72797669043862,122.9072265625,9066200,0.0,0.0,0.0
2023-02-22,123.03929732603883,123.33175156862174,122.2374089827094,122.49211883544922,7318900,0.0,0.0,0.0
2023-02-23,122.46383451327598,123.44498724983788,121.92609924413269,122.82233428955078,9955500,0.0,0.0,0.0
2023-02-24,121.78458244905808,122.02043454043604,120.8789184795175,121.2374038696289,9008000,0.0,0.0,0.0
2023-02-27,121.89780238683218,122.23742997741772,120.59589422370934,120.86947631835938,6463900,0.0,0.0,0.0
2023-02-28,120.59587370118648,120.67134808572484,119.86944534586344,119.97322082519533,10282800,0.0,0.0,0.0
2023-03-01,119.39776642093828,120.0392844295488,119.256260917126,119.77513122558594,11101000,0.0,0.0,0.0
2023-03-02,119.23738643475956,120.85062112367528,119.23738643475956,120.510986328125,10203100,0.0,0.0,0.0
2023-03-03,121.06759446234904,121.90722731234736,120.46381369825215,121.86005401611328,10048000,0.0,0.0,0.0
2023-03-06,121.94496466945118,122.36006666892496,121.52043376826929,121.80345916748048,8153400,0.0,0.0,0.0
2023-03-07,122.0487435277563,122.190263428891,119.63362025920031,119.84117126464844,9604400,0.0,0.0,0.0
2023-03-08,119.5958681289276,119.96380399115016,118.71849811391664,119.19963836669922,10793200,0.0,0.0,0.0
2023-03-09,119.66191028179723,119.86003236693516,117.51094042017696,117.99208068847656,13270300,0.0,0.0,0.0
2023-03-10,117.79396455781756,118.7751100838858,116.67130634284472,117.1241455078125,20483200,0.0,0.0,0.0
2023-03-13,116.74679857363014,119.83174111443434,116.60528586310473,118.21851348876952,21294200,0.0,0.0,0.0
2023-03-14,119.02039888355192,119.6430446412809,118.08641945050692,119.27511596679688,14582900,0.0,0.0,0.0
2023-03-15,117.99208807403666,119.3411623713574,117.77510097549305,119.17134857177734,17244600,0.0,0.0,0.0
2023-03-16,118.27508901692926,120.34114808738232,117.9448903877288,120.2845458984375,16011400,0.0,0.0,0.0
2023-03-17,120.1807946718754,120.2751340716982,118.36001618451922,118.73738098144533,15071400,0.0,0.0,0.0
2023-03-20,118.93531544344567,120.42224334778862,118.93531544344567,120.24229431152344,10592100,0.0,0.0,0.0
2023-03-21,120.70636689839029,121.11361504155067,119.9771122923957,120.9715576171875,8816300,0.0,0.0,0.0
2023-03-22,121.03785281294016,121.48298534200846,119.12473095086465,119.1436767578125,10480000,0.0,0.0,0.0
2023-03-23,119.63616315355677,120.35595210057056,118.23446964892028,118.91637420654295,10092300,0.0,0.0,0.0
2023-03-24,118.80272386642234,120.67795410476197,118.35759133968983,120.5643081665039,8163700,0.0,0.0,0.0
2023-03-27,121.41668406751678,121.96599686592644,120.91472856148008,121.05679321289062,9455400,0.0,0.0,0.0
2023-03-28,120.93368096778158,121.36933339798534,120.0339429435571,120.32754516601562,8037400,0.0,0.0,0.0
2023-03-29,120.92420296910166,121.0757333003048,120.13811815046688,120.65901947021484,8183100,0.0,0.0,0.0
2023-03-30,121.31250762939452,121.35039924505412,120.54536860358422,121.31250762939452,6820400,0.0,0.0,0.0
2023-03-31,121.7197584324732,122.6763121463182,121.6534553332736,122.61002349853516,9202500,0.0,0.0,0.0
2023-04-03,122.70472461595106,124.12535668134367,122.36377234220018,123.9832992553711,8937300,0.0,0.0,0.0
2023-04-04,124.11588817280573,124.72202392882625,123.77493590683063,124.00222778320312,9052600,0.0,0.0,0.0
2023-04-05,124.69359583562272,126.36046532980514,124.55152398039694,126.14263916015624,12325800,0.0,0.0,0.0
2023-04-06,126.63516451713336,127.01399400141828,126.0290286714264,126.45521545410156,8276300,0.0,0.0,0.0
2023-04-10,126.11423836290396,126.43624480643076,125.4512796699324,126.36994171142578,8024300,0.0,0.0,0.0
2023-04-11,126.66358132549296,127.26023706572911,126.58781253517016,126.79617309570312,8887500,0.0,0.0,0.0
2023-04-12,127.2886207130534,127.76216471042552,126.6067162007243,126.83402252197266,8988600,0.0,0.0,0.0
2023-04-13,127.3738728633936,128.6240215335955,127.09920924512156,128.48196411132812,9373500,0.0,0.0,0.0
2023-04-14,128.18835817273856,128.46300731610137,126.97608676836428,127.44963073730467,6632100,0.0,0.0,0.0
2023-04-17,127.48750112816052,127.62955853073508,126.6824706431331,127.34544372558594,7187000,0.0,0.0,0.0
2023-04-18,127.60118118187404,127.60118118187404,126.30367505324588,126.4741439819336,7194200,0.0,0.0,0.0
2023-04-19,126.5120316691924,127.05186437801385,126.12372207513454,126.8624496459961,7048100,0.0,0.0,0.0
2023-04-20,126.25632589393176,126.53098956530113,125.74490462348616,126.34156036376952,6672000,0.0,0.0,0.0
2023-04-21,127.032951199947,127.62014128865754,126.63517587036053,127.19395446777344,6535900,0.0,0.0,0.0
2023-04-24,127.32648120860372,127.94208247417566,127.00447483742494,127.90420532226562,6299800,0.0,0.0,0.0
2023-04-25,127.71484558383976,128.1031407507011,126.36050198516672,126.54045104980467,7752000,0.0,0.0,0.0
2023-04-26,125.42284919024384,125.50809808807747,123.99275160069972,124.74095916748048,10128800,0.0,0.0,0.0
2023-04-27,124.79779170454802,125.57439636162373,123.70863181713248,125.39444732666016,10008900,0.0,0.0,0.0
2023-04-28,125.24292347194168,126.82455871228738,125.04402863149323,126.46466064453124,7917300,0.0,0.0,0.0
2023-05-01,126.64459721656718,127.6295622900631,126.39835956104687,127.1181411743164,6793900,0.0,0.0,0.0
2023-05-02,126.9097922856796,127.71482286805816,125.65962918618574,126.56884002685548,14365800,0.0,0.0,0.0
2023-05-03,127.15604301256244,127.76217881807231,126.21843504314016,126.39838409423828,8961500,0.0,0.0,0.0
2023-05-04,125.86799133386268,125.94376010918502,124.86408035081992,125.39444732666016,9625300,0.0,0.0,0.0
2023-05-05,126.21843133624893,126.95715887591167,125.80171027255872,126.52149200439452,7650300,0.0,0.0,0.0
2023-05-08,126.33206061872922,126.36993777797048,125.65962181802152,126.246826171875,5305700,0.0,0.0,0.0
2023-05-09,125.76380664049135,126.36047669298446,125.36603142263452,125.40392303466795,6452700,0.0,0.0,0.0
2023-05-10,125.7637991728322,126.06687424544072,125.01560607087902,125.75433349609376,6556600,0.0,0.0,0.0
2023-05-11,125.48915389048992,125.564922660971,124.57994309613233,125.36602783203124,8764800,0.0,0.0,0.0
2023-05-12,125.55548528626151,125.82066881701444,124.63680860778932,125.19558715820312,6626800,0.0,0.0,0.0
2023-05-15,125.21450942408302,125.29974387478028,124.43789033617674,124.9777374267578,5725600,0.0,0.0,0.0
2023-05-16,124.71254061760555,124.75989790778029,123.90752449029948,123.9359359741211,7106000,0.0,0.0,0.0
2023-05-17,124.1442939747929,124.24847423050034,122.704716200858,124.08747100830078,15512700,0.0,0.0,0.0
2023-05-18,123.8222849216871,123.98328814049462,122.82783967477916,123.78439331054688,12196900,0.0,0.0,0.0
2023-05-19,124.06852661752929,125.1955636371975,124.011703650389,124.36212158203124,9277000,0.0,0.0,0.0
2023-05-22,124.5420524510416,125.35654858124948,124.19163457049868,124.4852294921875,12856100,0.0,0.0,0.0
2023-05-23,123.98329060060294,124.16323962855115,122.8467879179068,123.1214370727539,8723100,0.0,0.0,0.0
2023-05-24,122.88468502023258,122.91309650805444,121.9944198646992,122.27854919433594,7952900,0.0,0.0,0.0
2023-05-25,121.69135498144055,121.85235822401896,120.19495405160768,121.02838897705078,13737000,0.0,0.0,0.0
2023-05-26,120.91473439334952,122.05123720803216,120.55484352136536,120.78214263916016,8794900,0.0,0.0,0.0
2023-05-30,120.17599255885924,121.104141953587,119.73086005453612,120.03392791748048,12114500,0.0,0.0,0.0
2023-05-31,119.70245225344958,121.27462180850752,119.38044580041344,121.0662612915039,15099100,0.0,0.0,0.0
2023-06-01,121.17991186114854,122.09858841631532,120.2422967244882,121.86181640625,9751900,0.0,0.0,0.0
2023-06-02,122.25011289430137,123.6423333206764,121.96598362233227,123.42450714111328,10293000,0.0,0.0,0.0
2023-06-05,123.69916000878555,124.42842179013071,123.5476224656513,123.86962890625,7880200,0.0,0.0,0.0
2023-06-06,124.3716263530611,124.40950352152076,122.29750093299164,122.83733367919922,9413500,0.0,0.0,0.0
2023-06-07,122.7331385263884,122.90362189234096,122.17436003796568,122.35430908203124,7519600,0.0,0.0,0.0
2023-06-08,122.37324192242048,123.31084975584692,121.96598658404515,123.140380859375,6583100,0.0,0.0,0.0
2023-06-09,123.16880810789552,123.94541282136647,122.49636921021384,123.51922607421876,10446100,0.0,0.0,0.0
2023-06-12,123.45293427549572,123.99276695440764,122.96991011648215,123.96435546875,7321100,0.0,0.0,0.0
2023-06-13,123.68971618372056,124.77886175815811,123.56659010174448,124.58944702148438,8362700,0.0,0.0,0.0
2023-06-14,123.9548870608718,124.05906732312776,122.83731566108798,123.31085968017578,12401600,0.0,0.0,0.0
2023-06-15,123.32036451720656,125.39447559717782,123.30141870625054,125.22400665283205,10598600,0.0,0.0,0.0
2023-06-16,125.54599547760913,126.19948857495196,125.08193156027444,125.21452331542967,10535000,0.0,0.0,0.0
2023-06-20,124.0181804158816,125.62535027859128,123.99915661861544,125.0737762451172,8585100,0.0,0.0,0.0
2023-06-21,124.76945668911198,125.52074433562424,124.189354200515,125.09278869628906,9444800,0.0,0.0,0.0
2023-06-22,125.28298170621936,126.12935921193196,125.12131572320727,125.94866943359376,8036400,0.0,0.0,0.0
2023-06-23,125.77749423508068,126.04376934706868,125.18788713152225,125.53024291992188,8096500,0.0,0.0,0.0
2023-06-26,125.21639869814472,125.41611226067656,123.6092290889188,124.81698608398438,7092800,0.0,0.0,0.0
2023-06-27,124.81698374050433,124.95012127605808,123.6662836389374,124.53168487548828,8578200,0.0,0.0,0.0
2023-06-28,124.5031626320782,124.53169106890832,123.7328658158573,124.1322784423828,10897800,0.0,0.0,0.0
2023-06-29,123.8469771584631,125.01670108940095,123.63775895183537,124.94062042236328,7843300,0.0,0.0,0.0
2023-06-30,125.44464768024758,126.51925268618068,125.3685670098525,126.22444915771484,8260900,0.0,0.0,0.0
2023-07-03,125.86308837302668,125.86308837302668,124.65533126983584,125.18788146972656,5240300,0.0,0.0,0.0
2023-07-05,124.92161666436108,125.38760538311912,124.63631774493588,125.12133026123048,7942100,0.0,0.0,0.0
2023-07-06,124.28443819373956,124.58874635301298,123.80894490476568,124.12277221679688,8213100,0.0,0.0,0.0
2023-07-07,123.43807650253616,123.87552225821771,122.6107082065202,122.67728424072266,8749700,0.0,0.0,0.0
2023-07-10,122.68677967996648,123.79943229365024,122.67727503761006,123.64728546142578,7476500,0.0,0.0,0.0
2023-07-11,123.47609057722654,124.07521674919448,123.1337348376596,123.6758041381836,7278300,0.0,0.0,0.0
2023-07-12,123.98965797132377,124.10377173862788,123.14328033837012,123.34297943115234,11900400,0.0,0.0,0.0
2023-07-13,123.65677799864426,123.9706052965368,123.2668700366351,123.3905029296875,7526200,0.0,0.0,0.0
2023-07-14,124.32247590616512,125.64434671834894,124.18933836072588,125.24493408203124,13298600,0.0,0.0,0.0
2023-07-17,124.91210121368958,125.1783763125402,124.20836587478182,124.67435455322266,7905000,0.0,0.0,0.0
2023-07-18,124.72188893056496,126.0723026953844,124.4936614296185,125.59680938720705,8130300,0.0,0.0,0.0
2023-07-19,126.2149656267988,126.96623879239232,125.9581951351298,126.17691802978516,12484000,0.0,0.0,0.0
2023-07-20,127.0232833986412,128.79210449225212,126.92817893707128,128.26907348632812,12650200,0.0,0.0,0.0
2023-07-21,128.39269970320487,129.9618363493799,128.17397684133965,129.5624237060547,11308900,0.0,0.0,0.0
2023-07-24,129.56245961480795,130.1425622003708,129.16304686078394,129.27716064453125,12034000,0.0,0.0,0.0
2023-07-25,128.41171785147938,129.74309327067778,128.2405472308269,129.22006225585938,7802900,0.0,0.0,0.0
2023-07-26,128.6019102897272,129.5528968633631,128.2690736954968,129.13446044921875,8205300,0.0,0.0,0.0
2023-07-27,129.32469794649458,129.79067218355326,128.1549737546256,128.18350219726562,8800800,0.0,0.0,0.0
2023-07-28,128.573393192454,128.78261141797742,127.83162476047272,128.5638885498047,6897600,0.0,0.0,0.0
2023-07-31,128.33564420415425,128.3831964383494,127.09935866960406,127.5748519897461,9735900,0.0,0.0,0.0
2023-08-01,127.28007924529,127.74606803568938,126.59536753776392,126.90919494628906,10555300,0.0,0.0,0.0
2023-08-02,126.93770172521992,127.80310311214748,126.65240281062884,126.99475860595705,13873000,0.0,0.0,0.0
2023-08-03,126.57631945327812,126.73798543037928,126.11033080570168,126.35758209228516,11863400,0.0,0.0,0.0
2023-08-04,126.39562644345357,127.1754278724877,125.59680122027616,125.91061401367188,12631200,0.0,0.0,0.0
2023-08-07,126.29103365491456,127.48927164445593,126.22445762226526,127.36563873291016,8165600,0.0,0.0,0.0
2023-08-08,128.1739686804085,128.50681978410546,127.47023339503092,128.34515380859375,12601200,0.0,0.0,0.0
2023-08-09,128.23103297618576,129.0013298203535,128.1454476625903,128.30711364746094,9833600,0.0,0.0,0.0
2023-08-10,128.62095504310156,129.83821689483665,128.08840479683073,128.22154235839844,9541700,0.0,0.0,0.0
2023-08-11,128.18348234105207,129.17251656905697,127.87917416306136,129.02035522460938,7674400,0.0,0.0,0.0
2023-08-14,129.03939406928336,129.81919565643682,128.92528030309165,129.4102783203125,8723300,0.0,0.0,0.0
2023-08-15,129.08691474295347,129.46730354451265,128.7920967342071,128.93475341796875,9118500,0.0,0.0,0.0
2023-08-16,128.72558114871194,129.14401768625245,127.92675567390258,127.95528411865234,9462400,0.0,0.0,0.0
2023-08-17,127.49879919854762,127.94574961631932,126.88064911099664,126.93770599365234,11163800,0.0,0.0,0.0
2023-08-18,126.69042599125204,127.31808058021949,126.57631225176806,126.9852294921875,9463000,0.0,0.0,0.0
2023-08-21,126.9376802903926,127.27053138636089,126.53826768177254,127.11837005615234,6872400,0.0,0.0,0.0
2023-08-22,126.92818769155404,127.23249586994017,126.6048557173611,126.67141723632812,6939400,0.0,0.0,0.0
2023-08-23,127.43220004088808,127.71749891330956,126.68092703738483,127.05181121826172,7276800,0.0,0.0,0.0
2023-08-24,126.8045515815174,127.80309042803106,125.94866943359376,125.94866943359376,10241700,0.0,0.0,0.0
2023-08-25,126.35758338362868,127.31808912509184,125.92964232094,126.87112426757812,8509100,0.0,0.0,0.0
2023-08-28,127.31808540461188,127.7270026605262,126.69993543354396,127.16592407226562,6768400,0.0,0.0,0.0
2023-08-29,127.33710322733285,128.30711364746094,127.16593260014191,128.30711364746094,10737000,0.0,0.0,0.0
2023-08-30,128.62093814837402,129.01084613850176,128.09789261416654,128.21202087402344,7892700,0.0,0.0,0.0
2023-08-31,128.23103710122365,128.29761313232024,126.65239577101548,126.68093872070312,7540200,0.0,0.0,0.0
2023-09-01,127.66044418168966,127.66044418168966,126.6904338035523,127.02328491210938,10183900,0.0,0.0,0.0
2023-09-05,127.08986534907436,127.18496982593707,125.7109375,125.7109375,11042600,0.0,0.0,0.0
2023-09-06,125.55876479574472,125.68239770231348,124.41758373103976,125.02621459960938,12840000,0.0,0.0,0.0
2023-09-07,125.40662098258709,126.12938021630131,125.31153101192916,125.58731079101562,11055700,0.0,0.0,0.0
2023-09-08,125.32103565572298,125.96771420636696,125.29250721343494,125.58731079101562,8716900,0.0,0.0,0.0
2023-09-11,125.53022438234436,126.69993377376332,125.51120058832448,126.4526824951172,7179000,0.0,0.0,0.0
2023-09-12,126.07231563203138,126.62387515651858,125.38760403712335,126.2910385131836,6941700,0.0,0.0,0.0
2023-09-13,125.98670448237368,126.8140727165951,125.94867140203104,126.31005096435548,6430300,0.0,0.0,0.0
2023-09-14,127.02328471079927,127.09935086775678,126.3290540581552,126.70945739746094,6433300,0.0,0.0,0.0
2023-09-15,126.40515374619916,127.00428002644144,125.62535217736706,125.7109375,9611900,0.0,0.0,0.0
2023-09-18,125.91144290697262,126.03558292141297,125.04249194673862,125.51993560791016,6559400,0.0,0.0,0.0
2023-09-19,125.30986253867545,125.89234440349516,124.7846715834405,125.6249771118164,6252400,0.0,0.0,0.0
2023-09-20,126.17882262329827,126.53212630483851,125.61544254451096,125.6345443725586,6350700,0.0,0.0,0.0
2023-09-21,125.39581483508066,125.60587664903096,124.47911656049624,124.53640747070312,7979500,0.0,0.0,0.0
2023-09-22,124.37408954324457,125.01386238207922,124.13536768231702,124.27859497070312,7790300,0.0,0.0,0.0
2023-09-25,124.15446393712884,124.99475494198006,123.8107038900089,124.9565658569336,6826300,0.0,0.0,0.0
2023-09-26,124.38360896024508,124.78465986008504,123.80112715014874,123.89662170410156,8200700,0.0,0.0,0.0
2023-09-27,124.12582735305668,124.24995281614908,122.36882333639716,123.2759780883789,9888600,0.0,0.0,0.0
2023-09-28,123.48604707929678,124.22129989562583,123.48604707929678,123.86799621582033,9129000,0.0,0.0,0.0
2023-09-29,124.13535033640092,124.24993215109885,122.74120845240554,122.93219757080078,12692700,0.0,0.0,0.0
2023-10-02,122.54071016290914,122.79853385824376,121.32799900233287,122.76033020019533,16035100,0.0,0.0,0.0
2023-10-03,122.1587322323703,122.41654859714252,121.1560976561421,121.67173767089844,11971100,0.0,0.0,0.0
2023-10-04,121.7767837033853,122.35926557507632,121.20385274514187,122.18738555908205,10064300,0.0,0.0,0.0
2023-10-05,122.46431236066245,123.07543973036644,121.76724133432444,122.85581970214844,9609700,0.0,0.0,0.0
2023-10-06,122.51204827380371,124.53640476608165,122.44519916639764,124.1448974609375,10692400,0.0,0.0,0.0
2023-10-09,123.8011444524145,124.68919730293418,123.30461349965056,124.57461547851562,8047600,0.0,0.0,0.0
2023-10-10,124.53642724096596,125.73003662784508,124.1067307757749,125.16665649414062,8154900,0.0,0.0,0.0
2023-10-11,125.31941481791009,125.5199329919856,124.05895658488248,124.61279296875,9591800,0.0,0.0,0.0
2023-10-12,124.70830644163556,124.94702830345304,123.44784801743458,123.54334259033205,10927700,0.0,0.0,0.0
2023-10-13,124.00168075255657,125.03296091301532,123.61973161331656,124.3167953491211,11383800,0.0,0.0,0.0
2023-10-16,124.81333868999796,125.96874428664265,124.70830049299155,125.25257873535156,10545000,0.0,0.0,0.0
2023-10-17,124.65098515282187,125.76821614646414,124.55550516245518,125.08069610595705,9149900,0.0,0.0,0.0
2023-10-18,125.25257787927448,125.60588155296053,123.7724995026372,123.99213409423828,10085700,0.0,0.0,0.0
2023-10-19,123.82978555218848,123.96348376987368,122.00595448729992,122.7698745727539,15492500,0.0,0.0,0.0
2023-10-20,122.5215892607889,123.16136201445536,122.26376560559,122.28286743164062,12296800,0.0,0.0,0.0
2023-10-23,122.1969358217234,122.60753039002095,121.40437756968134,121.51896667480467,12344200,0.0,0.0,0.0
2023-10-24,121.12745988033627,122.27332908082796,121.12745988033627,121.89137268066406,9375900,0.0,0.0,0.0
2023-10-25,121.33752997152428,121.7099354389359,119.90519900910674,120.80279541015624,11427000,0.0,0.0,0.0
2023-10-26,119.80971736446575,120.70731380768798,119.51370461625945,119.60919189453124,14699100,0.0,0.0,0.0
2023-10-27,119.27497049980104,119.42774867226647,117.05962507475358,117.5848159790039,13566100,0.0,0.0,0.0
2023-10-30,118.1959508402197,118.60655267761716,117.34610171157108,118.2436981201172,15224500,0.0,0.0,0.0
2023-10-31,118.66385296026586,119.0744548301026,117.9763401578251,118.9216766357422,13917400,0.0,0.0,0.0
2023-11-01,118.7784602639014,119.75244963233926,118.56838383991622,119.1699676513672,13802600,0.0,0.0,0.0
2023-11-02,119.62828453262716,121.16565372954216,119.31316996265302,121.06061553955078,11894000,0.0,0.0,0.0
2023-11-03,121.89137949595587,122.4165632009849,121.4616757897909,121.6622085571289,11635600,0.0,0.0,0.0
2023-11-06,122.17783368790418,122.66483556215157,121.6812954707088,122.47384643554688,8425100,0.0,0.0,0.0
2023-11-07,122.42610792490564,122.85580429856176,122.10144245252448,122.5597915649414,8241900,0.0,0.0,0.0
2023-11-08,123.07543666001013,123.07543666001013,121.6431055570212,122.3879165649414,10021100,0.0,0.0,0.0
2023-11-09,122.2733311986376,122.41655847661896,119.74287819958757,119.85746002197266,13905500,0.0,0.0,0.0
2023-11-10,120.31579966261968,120.74549603304423,118.97895598710372,120.57361602783205,10401300,0.0,0.0,0.0
2023-11-13,120.69778275702426,121.50943568372352,120.0007116690225,121.27071380615234,11373800,0.0,0.0,0.0
2023-11-14,121.96776332542036,122.90355612550805,121.66219966757356,122.0918960571289,11216900,0.0,0.0,0.0
2023-11-15,122.17783464563446,122.67438015193451,121.88182189567138,122.18738555908205,9262700,0.0,0.0,0.0
2023-11-16,122.55023346731744,122.97038621360988,122.0823407268085,122.71256256103516,7665900,0.0,0.0,0.0
2023-11-17,122.97039119048011,123.1709239440262,122.09189658105232,122.46430206298828,6766100,0.0,0.0,0.0
2023-11-20,121.98686698138978,123.47648901404315,121.9009306111426,123.20912170410156,6910000,0.0,0.0,0.0
2023-11-21,123.62925266153827,124.20219083617803,123.47646720557792,123.95391082763672,8373000,0.0,0.0,0.0
2023-11-22,124.36452786504924,124.8419715176126,124.2021987716286,124.5459442138672,6737700,0.0,0.0,0.0
2023-11-24,124.79421800300815,125.24301617962767,124.78465980536312,125.21437072753906,3708800,0.0,0.0,0.0
2023-11-27,124.94700562477352,125.36714378615662,124.20219471672492,124.43135833740234,10530200,0.0,0.0,0.0
2023-11-28,124.21174822421092,124.48865914469678,123.70565909439476,123.79159545898438,6261300,0.0,0.0,0.0
2023-11-29,123.65791547374025,124.4982210290708,123.60062456231772,123.8297882080078,6979000,0.0,0.0,0.0
2023-11-30,123.9252693626728,125.46263845797682,123.495573003081,125.38624572753906,7743100,0.0,0.0,0.0
2023-12-01,125.2143866196635,126.01648852079389,125.11889205363246,125.88280487060548,9370900,0.0,0.0,0.0
2023-12-04,125.5485675772662,126.36022754225029,125.51037849946088,126.12150573730467,6943900,0.0,0.0,0.0
2023-12-05,125.86368056088996,126.15969326411572,125.17616060546516,125.95917510986328,6581000,0.0,0.0,0.0
2023-12-06,126.2361031666948,126.47482500118946,125.8064067786893,126.05467224121094,6210400,0.0,0.0,0.0
2023-12-07,126.07377397201918,126.37934491374422,125.32896301459498,125.9019012451172,6396700,0.0,0.0,0.0
2023-12-08,125.9878442300265,126.40799701176788,125.35761505741442,126.11198425292967,6007600,0.0,0.0,0.0
2023-12-11,126.78995590338374,127.18146325928817,126.16928488191682,126.94274139404295,9016800,0.0,0.0,0.0
2023-12-12,127.1241370264498,127.6684151513808,126.52255343062188,127.48698425292967,6779000,0.0,0.0,0.0
2023-12-13,126.94273658010636,129.8742333975269,126.77084926702643,129.83604431152344,9074300,0.0,0.0,0.0
2023-12-14,130.27529514736483,130.35168789611876,128.71883842408826,129.20582580566406,10098700,0.0,0.0,0.0
2023-12-15,128.60421217044362,128.852492188882,127.63023763332316,128.10768127441406,8296600,0.0,0.0,0.0
2023-12-18,128.58533682018563,128.71961899980968,127.9810596940474,128.3167724609375,5944300,0.0,0.0,0.0
2023-12-19,128.479838532364,129.24717160632412,128.2784225647919,129.18002319335938,6358200,0.0,0.0,0.0
2023-12-20,129.10332155141307,129.18004169770387,127.30009076465288,127.30967712402344,7299000,0.0,0.0,0.0
2023-12-21,128.07697455432873,128.95940234696872,127.77963650455057,128.86349487304688,5606800,0.0,0.0,0.0
2023-12-22,129.18003807770015,129.90901116800322,128.98820844602244,129.50616455078125,5355100,0.0,0.0,0.0
2023-12-26,129.40063932885417,130.13918404711598,129.23758343122515,129.7938995361328,3688600,0.0,0.0,0.0
2023-12-27,129.64999326038844,130.42691254303395,129.62121955626515,130.34059143066406,5444100,0.0,0.0,0.0
2023-12-28,130.44612625124248,131.11753720922692,130.42693889939687,130.67633056640625,5800200,0.0,0.0,0.0
2023-12-29,130.67634096666117,131.04081286676816,130.2734943598088,130.8106231689453,5590000,0.0,0.0,0.0
2024-01-02,130.48448361131037,133.37157262421917,130.41734983473577,133.1125946044922,11785900,0.0,0.0,0.0
2024-01-03,133.55382291205083,133.83197366222274,132.72894238427185,132.89199829101562,9585000,0.0,0.0,0.0
2024-01-04,133.3044565442792,134.28280680613855,133.0742668137225,133.55384826660156,11649200,0.0,0.0,0.0
2024-01-05,133.24686060136622,133.99500622463216,132.87278778973328,133.43869018554688,9437700,0.0,0.0,0.0
2024-01-08,133.47706346638714,134.64724294381983,132.9303337898359,134.61846923828125,7999400,0.0,0.0,0.0
2024-01-09,134.47459311945752,135.77905483629164,134.15806770629268,134.5992889404297,9201300,0.0,0.0,0.0
2024-01-10,134.67602132151438,135.37620590667578,134.16766632515152,135.21315002441406,9773300,0.0,0.0,0.0
2024-01-11,135.0405290109163,135.27073336000333,134.2827968114578,135.1172637939453,7182300,0.0,0.0,0.0
2024-01-12,134.74318046939828,135.39541875694877,134.3307475075858,134.78155517578125,8026400,0.0,0.0,0.0
2024-01-16,134.44584035129503,134.62808361474197,133.76484299760193,133.97584533691406,7426900,0.0,0.0,0.0
2024-01-17,133.75522118880508,134.3690846652948,133.3331873045322,133.70726013183594,8337200,0.0,0.0,0.0
2024-01-18,132.55629068269974,133.81279155827946,131.9040670301426,133.6881103515625,8929300,0.0,0.0,0.0
2024-01-19,133.76483154296875,134.1101306873883,133.026272193804,133.76483154296875,8842000,0.0,0.0,0.0
2024-01-22,133.87991960044457,134.7048000350326,133.54420683082407,134.34991455078125,7831400,0.0,0.0,0.0
2024-01-23,134.1772782842305,134.34033419760462,133.2948502988552,134.25401306152344,6407400,0.0,0.0,0.0
2024-01-24,134.60888821682352,134.93500001841613,133.0070882830069,133.02627563476562,9104900,0.0,0.0,0.0
2024-01-25,132.55627997972888,132.8536180700139,131.60671828954915,132.82484436035156,10050200,0.0,0.0,0.0
2024-01-26,133.74565173096536,133.8607465737062,133.24688301965242,133.5825958251953,5759100,0.0,0.0,0.0
2024-01-29,133.70728877168182,134.53216936699582,133.62096763204335,134.5225830078125,6229600,0.0,0.0,0.0
2024-01-30,134.7431472819606,135.06927366324155,134.10051014711948,134.82948303222656,5940300,0.0,0.0,0.0
2024-01-31,135.85580228902583,135.96131076993512,134.61848886350884,134.6472625732422,10223100,0.0,0.0,0.0
2024-02-01,134.81030144034418,136.39291381835938,134.15806328558944,136.39291381835938,8503600,0.0,0.0,0.0
2024-02-02,136.34498324191802,136.8245646316337,135.50092994826883,136.1915283203125,10629200,0.0,0.0,0.0
2024-02-05,136.68065853307354,137.45757782934564,135.99006035068533,136.61351013183594,9631700,0.0,0.0,0.0
2024-02-06,137.67820107539563,138.20574346284053,136.98761742852122,138.10023498535156,10159000,0.0,0.0,0.0
2024-02-07,138.44553049117374,139.10735504752935,138.18656711876872,138.47430419921875,7884600,0.0,0.0,0.0
2024-02-08,138.34003607332988,138.34003607332988,137.61107766935243,138.23452758789062,6672400,0.0,0.0,0.0
2024-02-09,138.1769588588405,138.3975621541373,137.67819021952386,138.12899780273438,7447800,0.0,0.0,0.0
2024-02-12,137.94680736809207,138.34965400663964,137.2945690230649,138.311279296875,6645500,0.0,0.0,0.0
2024-02-13,137.61107555792992,138.5702382706021,136.3449737520851,137.02598571777344,11170000,0.0,0.0,0.0
2024-02-14,137.49597528395418,138.2632937152493,137.2274109058687,138.21534729003906,9701100,0.0,0.0,0.0
2024-02-15,138.3112714209655,139.4910375549367,138.10985543099278,139.22247314453125,9294800,0.0,0.0,0.0
2024-02-16,139.4046839431701,140.6132381441342,138.90592994611947,139.67324829101562,8424100,0.0,0.0,0.0
2024-02-20,139.77876638620015,140.21998763699838,138.84837746148978,139.20327758789062,9120400,0.0,0.0,0.0
2024-02-21,138.75249123235454,139.5485980958332,138.3496446211357,139.51022338867188,7213500,0.0,0.0,0.0
2024-02-22,139.69244407865315,141.40933873720974,139.3951060066959,141.15037536621094,9130000,0.0,0.0,0.0
2024-02-23,141.62997823432033,142.21506810987466,141.32303912257797,141.82180786132812,9194600,0.0,0.0,0.0
2024-02-26,141.73545637635718,142.06156813601015,140.9681233969637,141.0928192138672,7248300,0.0,0.0,0.0
2024-02-27,140.40222894767174,141.17914832788205,140.07610253388933,140.74752807617188,7374000,0.0,0.0,0.0
2024-02-28,140.15287178079552,140.3063413502551,139.38555320482493,140.04736328125,8038800,0.0,0.0,0.0
2024-02-29,140.03776513224634,140.26796946705565,138.810037951255,138.9059600830078,9435600,0.0,0.0,0.0
2024-03-01,139.2224703040069,140.4597984741023,138.60860671622433,140.36387634277344,8741400,0.0,0.0,0.0
2024-03-04,139.96101767956733,140.68997605362435,139.81714913062882,140.15284729003906,10657800,0.0,0.0,0.0
2024-03-05,140.20083645552447,140.43104081563283,138.64699727286924,139.10739135742188,9743400,0.0,0.0,0.0
2024-03-06,139.36636264852862,140.57490255001989,139.36636264852862,140.0569610595703,8085300,0.0,0.0,0.0
2024-03-07,140.4022430219573,141.04488028526274,140.21039877026843,140.70916748046875,6438300,0.0,0.0,0.0
2024-03-08,140.57490642650734,141.23673114164467,140.20083349651628,140.45021057128906,7802500,0.0,0.0,0.0
2024-03-11,140.13363773575756,140.6228053092177,139.3567038687458,140.37342834472656,7723800,0.0,0.0,0.0
2024-03-12,140.46937965802596,141.37099497091688,139.99939928455095,141.02569580078125,7143700,0.0,0.0,0.0
2024-03-13,141.5628172712738,141.66832575212828,139.93224363270028,140.47897338867188,7874200,0.0,0.0,0.0
2024-03-14,140.56529919375816,140.67080767812237,139.20328989102282,139.98020935058594,9605700,0.0,0.0,0.0
2024-03-15,139.09776213511824,139.71162560391724,138.93470625199376,139.4238739013672,10570500,0.0,0.0,0.0
2024-03-18,139.9947042895288,140.12948604220284,139.31124799572743,139.4075164794922,6407000,0.0,0.0,0.0
2024-03-19,139.52304727723703,140.41828261520365,139.11874602571888,140.33164978027344,5240200,0.0,0.0,0.0
2024-03-20,139.9947051574182,140.06209603417298,139.23423700959216,140.0139617919922,8268200,0.0,0.0,0.0
2024-03-21,140.3027583582574,140.70705956997912,139.90807811996626,140.19686889648438,8865300,0.0,0.0,0.0
2024-03-22,140.39904430102973,140.75521131285902,139.83108365081517,140.00436401367188,5537200,0.0,0.0,0.0
2024-03-25,140.26427939123394,140.40866745543036,139.59042925562096,139.8118438720703,5253000,0.0,0.0,0.0
2024-03-26,140.0909859147719,140.4856661713194,139.71556229448544,140.322021484375,6942400,0.0,0.0,0.0
2024-03-27,141.51569448165768,142.18954467773438,141.14027079254956,142.18954467773438,8797400,0.0,0.0,0.0
2024-03-28,142.39167208826728,142.6900838734069,142.16063650210558,142.20877075195312,8090200,0.0,0.0,0.0
2024-04-01,142.12212041224942,142.20875323819922,140.4856589385475,140.995849609375,7378300,0.0,0.0,0.0
2024-04-02,139.08986195853316,139.24387098397986,138.07910153239462,138.8010711669922,10776400,0.0,0.0,0.0
2024-04-03,139.04172921327955,139.6674303612834,138.3197595708859,138.6470489501953,8453400,0.0,0.0,0.0
2024-04-04,139.51341270704043,139.6000602311598,136.56777878825832,136.64479064941406,12685700,0.0,0.0,0.0
2024-04-05,136.43299141058174,138.31974500698905,136.31748098028422,137.8673095703125,9073100,0.0,0.0,0.0
2024-04-08,137.7614398250969,137.7614398250969,137.21273582565362,137.4245147705078,9128200,0.0,0.0,0.0
2024-04-09,137.7229439971917,137.99247817085674,136.96246103766393,137.91546630859375,10534400,0.0,0.0,0.0
2024-04-10,136.53890485542036,136.9239641715745,135.82657082542943,136.29824829101562,13052700,0.0,0.0,0.0
2024-04-11,136.7121604261566,136.74103803356715,135.34523315086048,135.73989868164062,8153900,0.0,0.0,0.0
2024-04-12,135.037207552977,135.04682852749752,133.28523543704574,133.71841430664062,13799400,0.0,0.0,0.0
2024-04-15,134.88317135987828,135.3741200967411,133.23708886989297,133.44886779785156,10383600,0.0,0.0,0.0
2024-04-16,134.60400757346042,134.60400757346042,133.41034593713542,133.49697875976562,10170500,0.0,0.0,0.0
2024-04-17,134.2767210440946,134.40185244990332,133.05418177459546,133.26596069335938,8480100,0.0,0.0,0.0
2024-04-18,133.35260088895083,134.04569289985128,133.04456815550034,133.25633239746094,8105800,0.0,0.0,0.0
2024-04-19,133.94941925972648,134.13232057342134,133.27558391072623,133.75689697265625,9668400,0.0,0.0,0.0
2024-04-22,134.17085129074215,135.33562082650772,133.73765772786794,134.26710510253906,8531300,0.0,0.0,0.0
2024-04-23,135.5570322691701,136.26936627614884,134.94093738322653,136.0190887451172,8615500,0.0,0.0,0.0
2024-04-24,135.7206813921736,135.87469043017262,134.9794550607912,135.5955352783203,7378600,0.0,0.0,0.0
2024-04-25,135.5088967294897,135.73029664669784,133.99756651776133,134.69065856933594,9693300,0.0,0.0,0.0
2024-04-26,134.19008873322633,135.0853387527871,134.0938349246621,134.7291717529297,6013800,0.0,0.0,0.0
2024-04-29,134.89281872954362,135.56665415493617,134.5077594232403,135.1815948486328,6388600,0.0,0.0,0.0
2024-04-30,135.63401640679925,135.92280718470448,134.98905865963272,135.0853271484375,9677700,0.0,0.0,0.0
2024-05-01,134.48852386613748,136.5389078516725,134.33450013629587,135.3260040283203,10710200,0.0,0.0,0.0
2024-05-02,136.05756481589802,136.15383329802344,134.49811528732116,135.22970581054688,8425500,0.0,0.0,0.0
2024-05-03,135.81694320334887,135.95171029985406,134.86395255253072,135.56666564941406,8539300,0.0,0.0,0.0
2024-05-06,135.68214711641625,136.1538391976566,135.3837353728084,136.11532592773438,5605100,0.0,0.0,0.0
2024-05-07,136.42339995591905,137.36676961398834,136.40414331720004,137.24163818359375,7720600,0.0,0.0,0.0
2024-05-08,137.52079055849526,137.54004719682385,136.59666286937,136.7699432373047,5461100,0.0,0.0,0.0
2024-05-09,136.9335755004973,138.021347795306,136.9143188639183,137.9443359375,6821800,0.0,0.0,0.0
2024-05-10,138.127211178123,138.70477796982846,138.0309427019185,138.2234649658203,6324900,0.0,0.0,0.0
2024-05-13,138.5026667756315,138.62779819743727,137.8384523262763,138.08872985839844,5351500,0.0,0.0,0.0
2024-05-14,138.28125355409534,138.74332472520186,137.76144184723896,138.67593383789062,6198700,0.0,0.0,0.0
2024-05-15,139.29200736396385,140.88997037158887,139.23425214247305,140.73594665527344,8433700,0.0,0.0,0.0
2024-05-16,140.43754431267192,140.96699169272875,140.17763111000565,140.5723114013672,6740800,0.0,0.0,0.0
2024-05-17,140.543415641036,140.87070500153322,140.004347355862,140.84182739257812,7071600,0.0,0.0,0.0
2024-05-20,140.697450232354,140.88997253645147,140.24501473904422,140.54342651367188,3890000,0.0,0.0,0.0
2024-05-21,140.79367858967464,141.3905167195532,140.4278906845639,140.7840576171875,4048900,0.0,0.0,0.0
2024-05-22,140.40864643166825,141.4579053770836,140.32201360612214,141.0343475341797,6831200,0.0,0.0,0.0
2024-05-23,140.80334340881276,140.81296438329227,139.39790264374048,139.49417114257812,5155900,0.0,0.0,0.0
2024-05-24,139.67708499109656,139.89848493204587,138.9358586114691,139.02249145507812,3949500,0.0,0.0,0.0
2024-05-28,138.71445385364976,138.71445385364976,136.76032366581717,137.337890625,8375100,0.0,0.0,0.0
2024-05-29,136.16348918002703,136.43302337287088,135.68217602301843,136.26937866210938,6838200,0.0,0.0,0.0
2024-05-30,135.72066606785324,136.82768026406444,135.42223962324397,136.3367462158203,7395500,0.0,0.0,0.0
2024-05-31,136.7699265422049,138.40638807610557,136.6062818576658,138.32937622070312,7945900,0.0,0.0,0.0
2024-06-03,138.23310499320658,139.71554262943744,137.99244848360038,139.30162048339844,10303300,0.0,0.0,0.0
2024-06-04,139.1765005177783,140.09099248820596,138.65667413390713,139.70594787597656,6964200,0.0,0.0,0.0
2024-06-05,139.86960060238212,140.49530180531238,139.08987567031136,140.34127807617188,5373400,0.0,0.0,0.0
2024-06-06,140.23536888248248,141.1017412207093,139.75405581297065,140.80332946777344,5425800,0.0,0.0,0.0
2024-06-07,140.6685755666325,141.66007940758053,140.50493087029756,140.9573516845703,5222300,0.0,0.0,0.0
2024-06-10,140.73596174853682,141.51568669930418,140.2257709859727,141.47718811035156,5396700,0.0,0.0,0.0
2024-06-11,141.37129727496747,141.37129727496747,140.28352486895952,140.88998413085938,5194000,0.0,0.0,0.0
2024-06-12,141.49642366932852,141.54454322622266,140.22575009551903,140.591552734375,6522700,0.0,0.0,0.0
2024-06-13,140.0717424327804,140.70707929247175,139.17650705745172,140.47604370117188,4720600,0.0,0.0,0.0
2024-06-14,140.18726092580027,140.46641606627114,139.6096793191918,140.42791748046875,4109600,0.0,0.0,0.0
2024-06-17,139.83108803325078,140.50493817952164,139.5423119002905,140.2835235595703,4542800,0.0,0.0,0.0
2024-06-18,140.43753779392995,140.92847187527966,140.15838265477274,140.46641540527344,4872600,0.0,0.0,0.0
2024-06-20,140.03323150046614,141.1113681211331,139.840709202277,140.928466796875,6653600,0.0,0.0,0.0
2024-06-21,141.11135645891815,141.6215471167838,140.77444613705873,141.32313537597656,8535400,0.0,0.0,0.0
2024-06-24,141.89623326037446,142.6500225905501,141.52899726759904,142.14749145507812,6446100,0.0,0.0,0.0
2024-06-25,142.3117626004877,142.5147126665152,141.36469669983973,141.70294189453125,5171600,0.0,0.0,0.0
2024-06-26,141.4516976727354,141.70297063841187,140.87186760915768,141.200439453125,4572700,0.0,0.0,0.0
2024-06-27,141.30672054934132,141.3647020715344,140.15670453896655,140.96847534179688,4637900,0.0,0.0,0.0
2024-06-28,141.49035009206634,142.07985352595875,140.22437093388706,140.85252380371094,7656800,0.0,0.0,0.0
2024-07-01,141.1327609906426,142.53404992282915,139.78946832661163,140.06005859375,6562000,0.0,0.0,0.0
2024-07-02,139.55754023887488,139.76047556328948,138.7650867921345,139.54786682128906,7536100,0.0,0.0,0.0
2024-07-03,139.7991500030894,139.8088086753208,137.93399403791767,138.48484802246094,7654000,0.0,0.0,0.0
2024-07-05,138.78444988081247,139.6348850387715,138.078983304451,139.5575714111328,4846900,0.0,0.0,0.0
2024-07-08,139.7121780489021,140.09873138398473,139.04536101172968,139.40292358398438,4001500,0.0,0.0,0.0
2024-07-09,139.702496837688,140.1567050914089,138.87139394216288,140.0793914794922,8336700,0.0,0.0,0.0
2024-07-10,140.2340331230142,141.42269869307398,139.92477864354797,141.40338134765625,5342300,0.0,0.0,0.0
2024-07-11,141.41302779904285,142.77565258255672,141.23906848286086,142.3987579345703,7690700,0.0,0.0,0.0
2024-07-12,142.88197160438366,143.88701918668772,142.77566721861507,143.28785705566406,6614600,0.0,0.0,0.0
2024-07-15,143.83867915083738,143.9739742851052,142.5727000917464,142.78530883789062,5804100,0.0,0.0,0.0
2024-07-16,143.6454102748917,144.8534078770238,143.3264971384011,144.8244171142578,7602500,0.0,0.0,0.0
2024-07-17,143.82901975987792,146.24501482119538,143.64540177584763,145.48155212402344,10395500,0.0,0.0,0.0
2024-07-18,144.55382895855007,145.50089496366212,141.9252249579387,142.17648315429688,11033400,0.0,0.0,0.0
2024-07-19,142.89161696280135,143.5874247418949,142.331104321528,142.90127563476562,5985700,0.0,0.0,0.0
2024-07-22,143.62605633447356,143.98363359763016,142.91093130028486,143.7227020263672,5190200,0.0,0.0,0.0
2024-07-23,144.31221785113888,144.399190133736,143.48111496550726,143.6357421875,3553300,0.0,0.0,0.0
2024-07-24,143.71305021818495,145.01767864467396,143.22985122776765,144.8340606689453,6870400,0.0,0.0,0.0
2024-07-25,144.3991752545338,146.43827545300144,143.95464046968985,144.1092529296875,11472800,0.0,0.0,0.0
2024-07-26,144.08997849549044,145.85847423694415,144.0029914498902,144.92108154296875,6028800,0.0,0.0,0.0
2024-07-29,144.94037118340907,145.50088380559131,144.24456342801483,145.00802612304688,8227200,0.0,0.0,0.0
2024-07-30,145.00804526009577,146.03242493904276,144.09962864033054,145.1336669921875,7269400,0.0,0.0,0.0
2024-07-31,145.07566793246875,145.59753112785873,144.04162970555916,144.60214233398438,8417800,0.0,0.0,0.0
2024-08-01,145.34626229002825,146.24502015356182,144.46685126265209,146.0807342529297,10357700,0.0,0.0,0.0
2024-08-02,146.302991759219,146.6702277157731,143.626065186257,145.79080200195312,15742100,0.0,0.0,0.0
2024-08-05,143.5101387860788,143.79038778769464,141.27776120877718,141.89625549316406,17575600,0.0,0.0,0.0
2024-08-06,142.46640295613523,144.3605496781731,142.0121946795768,142.55337524414062,13335600,0.0,0.0,0.0
2024-08-07,142.45674115214428,143.1428755149663,140.649566757841,141.10377502441406,11485000,0.0,0.0,0.0
2024-08-08,143.30717546174176,144.35088723535628,142.65969046947512,144.2252655029297,11479100,0.0,0.0,0.0
2024-08-09,144.47651694882404,145.30761991041237,144.16726247657496,144.9403839111328,8550400,0.0,0.0,0.0
2024-08-12,145.28828476820448,145.28828476820448,143.97398278087704,144.38954162597656,5044300,0.0,0.0,0.0
2024-08-13,144.9596956879643,146.28365618984097,144.79540980237883,146.13870239257812,4815700,0.0,0.0,0.0
2024-08-14,145.95510176335287,146.87317699593092,145.60719786251585,146.6605682373047,4837300,0.0,0.0,0.0
2024-08-15,147.3370443009063,147.81056987935267,146.65089523854058,147.57864379882812,5886800,0.0,0.0,0.0
2024-08-16,147.5303410191225,147.97487589797498,147.11478215821415,147.7332763671875,4562500,0.0,0.0,0.0
2024-08-19,147.7429497979154,148.7673294491672,147.65596275981534,148.6320343017578,4729600,0.0,0.0,0.0
2024-08-20,149.02826581733075,149.99466397133543,148.87363857363425,149.231201171875,4878300,0.0,0.0,0.0
2024-08-21,149.54043340109206,149.869005185492,148.96058869656937,149.48243713378906,5530100,0.0,0.0,0.0
2024-08-22,149.98495640767464,150.12992494541206,148.81562316532882,149.57907104492188,4951800,0.0,0.0,0.0
2024-08-23,149.97531956795711,150.3328821368457,149.4437976776738,150.22657775878906,4069400,0.0,0.0,0.0
2024-08-26,150.37154364499992,150.83541058370065,150.00430766441045,150.14926147460938,4433600,0.0,0.0,0.0
2024-08-27,150.29423803639645,150.79675443589574,149.84968841800026,150.38121032714844,3785400,0.0,0.0,0.0
2024-08-28,150.28457022154404,151.18332816435512,149.84969400550372,150.55516052246094,5150100,0.0,0.0,0.0
2024-08-29,151.15431763828624,151.56020303659747,150.23624246976817,150.87405395507812,4339200,0.0,0.0,0.0
2024-08-30,150.98036309832864,151.99508399920623,150.3232195029803,151.9177703857422,7020600,0.0,0.0,0.0
2024-09-03,151.6085207922072,152.53625460115418,151.21229407881424,151.62783813476562,7674900,0.0,0.0,0.0
2024-09-04,151.4249248876279,154.27579641322728,150.62281267264436,151.366943359375,8235500,0.0,0.0,0.0
2024-09-05,151.20264810199393,151.28962038899778,148.5643707610294,149.28916931152344,7245600,0.0,0.0,0.0
2024-09-06,149.81104590031742,150.42954012878025,148.46775305665295,148.77699279785156,7651800,0.0,0.0,0.0
2024-09-09,149.15387693156444,150.29423434006048,148.58370560034865,149.82069396972656,6169200,0.0,0.0,0.0
2024-09-10,150.02365212768848,150.6131555812238,149.463139438584,150.50685119628906,7337200,0.0,0.0,0.0
2024-09-11,149.96562542562663,150.23623041551895,147.7139311993409,150.06227111816406,6636500,0.0,0.0,0.0
2024-09-12,150.02363986135975,150.73876498693627,148.62235088013892,150.6034698486328,4838100,0.0,0.0,0.0
2024-09-13,150.67112021934634,151.37658665151972,150.46817014501673,150.9127197265625,4358500,0.0,0.0,0.0
2024-09-16,151.7051632243204,152.29466663035268,151.40558218529915,151.95643615722656,4711900,0.0,0.0,0.0
2024-09-17,151.7728261057057,151.81147554183227,149.85936197704348,150.390869140625,6280000,0.0,0.0,0.0
2024-09-18,150.2652391272296,151.70516279406257,149.55975792875523,150.1396026611328,7148900,0.0,0.0,0.0
2024-09-19,151.49257231801104,151.49257231801104,150.28457460154485,150.68080139160156,6717400,0.0,0.0,0.0
2024-09-20,150.18790756925023,150.7387467277389,149.69503518179673,150.06227111816406,8541600,0.0,0.0,0.0
2024-09-23,150.53469713901072,150.5541013341845,149.49678731264413,149.7683868408203,6416400,0.0,0.0,0.0
2024-09-24,149.7004725309231,149.7586703068942,148.75956901655786,149.46766662597656,5341600,0.0,0.0,0.0
2024-09-25,149.92357073452123,150.1369724496789,147.95446701825384,148.01266479492188,5940100,0.0,0.0,0.0
2024-09-26,147.91568315047624,148.69167329177318,147.66347303359785,148.50738525390625,6172900,0.0,0.0,0.0
2024-09-27,148.7013938413765,149.57439021575212,148.4200848133445,148.42979431152344,7312500,0.0,0.0,0.0
2024-09-30,148.2260859449668,149.43858912140433,148.00298950480024,149.39979553222656,7233800,0.0,0.0,0.0
2024-10-01,149.51618518890993,149.71989222696504,148.05148673807108,148.6140899658203,10560200,0.0,0.0,0.0
2024-10-02,148.42976483977066,148.7789662803974,147.3142532483784,148.3133544921875,7158400,0.0,0.0,0.0
2024-10-03,147.94477968391163,148.0805794365816,146.70317771633978,146.9747772216797,5551000,0.0,0.0,0.0
2024-10-04,147.19788739629453,147.45979222986438,146.3539899116481,147.0911865234375,6590100,0.0,0.0,0.0
2024-10-07,147.10086347275083,147.5470711056988,146.16966942295187,146.44126892089844,5922800,0.0,0.0,0.0
2024-10-08,146.82926456978862,147.46946973228376,146.7031743173427,147.23666381835938,4726600,0.0,0.0,0.0
2024-10-09,147.37246632197068,148.85658369951273,147.02327964615245,148.74017333984375,7840000,0.0,0.0,0.0
2024-10-10,148.74018010654797,148.85659047151285,147.8283753864848,148.18728637695312,4385500,0.0,0.0,0.0
2024-10-11,148.65286544770203,149.44827450762517,148.43946373899396,149.27366638183594,9354000,0.0,0.0,0.0
2024-10-14,149.43859611101928,150.3600956079998,148.92449592424916,150.09820556640625,4819800,0.0,0.0,0.0
2024-10-15,148.0902844262339,149.95268750704298,147.9350804692338,148.264892578125,9088600,0.0,0.0,0.0
2024-10-16,148.07087003043688,149.00207890722052,147.67318026948482,148.68197631835938,4510200,0.0,0.0,0.0
2024-10-17,148.18728549448082,148.42978611854016,147.7216736395212,147.8186798095703,5430000,0.0,0.0,0.0
2024-10-18,147.9253774689284,148.89537994413448,147.4985740116676,148.53648376464844,9823900,0.0,0.0,0.0
2024-10-21,148.14847916052213,148.54618374174996,146.64497231029125,146.7904815673828,4825900,0.0,0.0,0.0
2024-10-22,146.01446894131453,146.8486716479378,145.88836388532846,146.5770721435547,5166900,0.0,0.0,0.0
2024-10-23,146.17940098114025,146.40249745334145,145.11240691330298,145.88839721679688,4910200,0.0,0.0,0.0
2024-10-24,145.88836302423778,146.4800651126649,144.88926168164062,144.92807006835938,5066300,0.0,0.0,0.0
2024-10-25,145.42278033690295,145.50038231693304,143.96777651373364,144.13267517089844,5314500,0.0,0.0,0.0
2024-10-28,144.54006687529352,145.00567873102418,144.16176649317703,144.3460693359375,4923500,0.0,0.0,0.0
2024-10-29,144.24907746398918,144.84077957765385,143.88047177975312,143.9483642578125,7342600,0.0,0.0,0.0
2024-10-30,141.75617216522852,143.7252761590362,141.25176669457372,143.67677307128906,9211800,0.0,0.0,0.0
2024-10-31,142.82314431499952,143.4924334706768,142.43513451345416,142.4642333984375,6701100,0.0,0.0,0.0
2024-11-01,143.01716281029277,144.0162641442177,143.00745331316594,143.30816650390625,6896900,0.0,0.0,0.0
2024-11-04,142.95896588075027,143.6476593319606,142.08595479472538,142.3672637939453,5985900,0.0,0.0,0.0
2024-11-05,142.08595776621615,143.4536648021812,141.56216294449715,143.4148712158203,5035300,0.0,0.0,0.0
2024-11-06,146.15026270990518,146.383068618872,142.9298623750404,143.59915161132812,10685600,0.0,0.0,0.0
2024-11-07,144.46247680038817,144.81167832042215,143.76408856138482,144.6370849609375,9381600,0.0,0.0,0.0
2024-11-08,144.83107507125487,146.42187862495376,144.66617641764103,145.6749725341797,8701100,0.0,0.0,0.0
2024-11-11,145.35488496667463,146.082386863803,144.60797887465827,144.82138061523438,6071900,0.0,0.0,0.0
2024-11-12,144.58858850412605,144.83108915968808,142.7746883368631,142.8037872314453,7022300,0.0,0.0,0.0
2024-11-13,142.7455786915803,143.1723821813958,142.27996681120115,142.42547607421875,5981200,0.0,0.0,0.0
2024-11-14,142.18295602837452,142.19265072415993,140.0295494790283,140.18475341796875,7936700,0.0,0.0,0.0
2024-11-15,139.40875338646495,139.53485844138498,137.32325403806792,137.58514404296875,14246100,0.0,0.0,0.0
2024-11-18,137.2262570574395,137.82765388073352,137.07105310269793,137.68215942382812,7933100,0.0,0.0,0.0
2024-11-19,136.4308462236337,137.3620551396445,136.05254583923696,136.97406005859375,6205800,0.0,0.0,0.0
2024-11-20,137.26503500467103,138.78794588504752,137.041938595816,138.5939483642578,9328800,0.0,0.0,0.0
2024-11-21,138.59394531785398,139.90343965519736,137.87613822554175,139.70944213867188,7969600,0.0,0.0,0.0
2024-11-22,140.0004852233694,140.66978942469035,139.62218477928354,139.83558654785156,6330300,0.0,0.0,0.0
2024-11-25,140.46605280716645,141.47486364656854,140.4466486138149,141.02865600585938,6834300,0.0,0.0,0.0
2024-11-26,141.45546576514488,141.94046701313576,140.34966351176823,141.78526306152344,6018400,0.0,0.0,0.0
2024-11-27,141.92105389206114,143.32755446255285,141.92105389206114,142.54185485839844,5952800,0.0,0.0,0.0
2024-11-29,142.53216528205735,143.35665850075804,142.3090688582987,142.98806762695312,3521200,0.0,0.0,0.0
2024-12-02,142.90078382097698,142.95898160623452,141.99867374629213,142.73587036132812,6220800,0.0,0.0,0.0
2024-12-03,142.72616458200244,143.00745878926054,142.33816950970234,142.415771484375,4236200,0.0,0.0,0.0
2024-12-04,142.6679778591154,143.15297913761347,141.96957483399305,142.3381805419922,5597400,0.0,0.0,0.0
2024-12-05,141.70768390001447,141.8628878766139,140.48548588669198,140.7473907470703,8948700,0.0,0.0,0.0
2024-12-06,140.93164720375836,141.09656064256745,139.77735673953265,139.9519500732422,6545200,0.0,0.0,0.0
2024-12-09,140.087760223455,140.7376601267327,139.60275897016743,140.35935974121094,6258600,0.0,0.0,0.0
2024-12-10,140.64067595054573,140.74737682376934,139.31176238383998,139.77737426757812,7200500,0.0,0.0,0.0
2024-12-11,139.21476790197926,139.33116346978397,137.8373660790552,137.87615966796875,6895000,0.0,0.0,0.0
2024-12-12,137.90523560187992,138.2641317435726,136.6830379402059,136.780029296875,5994200,0.0,0.0,0.0
2024-12-13,136.60546193211826,137.20685878135396,135.92646310216432,136.7606658935547,7599400,0.0,0.0,0.0
2024-12-16,136.65395347136456,137.40084472066076,135.0243416161317,135.13104248046875,9476600,0.0,0.0,0.0
2024-12-17,134.53934685822398,136.0331590308889,134.44235548665003,135.0340576171875,10280100,0.0,0.0,0.0
2024-12-18,134.94675267114988,135.83915325855642,133.11344840767092,133.2007598876953,14448100,0.0,0.0,0.0
2024-12-19,132.94852573194063,133.66633283176668,131.87182248273254,132.19192504882812,11929300,0.0,0.0,0.0
2024-12-20,133.3656555916304,135.11164833637682,132.9388521025362,133.8603515625,12098400,0.0,0.0,0.0
2024-12-23,134.07667226198356,135.39209575047465,133.48229109711508,135.1972198486328,8050500,0.0,0.0,0.0
2024-12-24,135.08029004849692,135.75262451171875,134.5053860969401,135.75262451171875,3139300,0.0,0.0,0.0
2024-12-26,135.27516387819097,136.14237421960328,135.12899581080492,136.02545166015625,4720300,0.0,0.0,0.0
2024-12-27,135.2751520357497,136.23005421315196,134.81718556057115,135.39207458496094,5948000,0.0,0.0,0.0
2024-12-30,134.61256334633654,134.61256334633654,133.2289252579262,133.7258758544922,6890300,0.0,0.0,0.0
2024-12-31,134.05717816631145,134.58334458006547,133.28739829387365,134.0474395751953,6626900,0.0,0.0,0.0
2025-01-02,134.719760918904,135.21671156566472,133.60895192625978,134.08641052246094,8973000,0.0,0.0,0.0
2025-01-03,134.3592311588857,135.7818533971213,134.21307795923835,135.40184020996094,8288700,0.0,0.0,0.0
2025-01-06,135.34335920725877,136.45416808896564,135.01206872122336,135.46029663085938,8653300,0.0,0.0,0.0
2025-01-07,135.7915854543266,137.32137671998174,135.7915854543266,136.13262939453125,12639700,0.0,0.0,0.0
2025-01-08,136.3859849016687,137.03882736331764,135.13876126328304,136.83419799804688,7827400,0.0,0.0,0.0
2025-01-10,136.36646717585958,137.34086138914628,135.781839568733,136.0644073486328,10343700,0.0,0.0,0.0
2025-01-13,136.21059304019204,138.18862744385368,136.09367046447818,137.8378448486328,9422200,0.0,0.0,0.0
2025-01-14,137.65270727498324,137.65270727498324,135.32390514841038,136.41522216796875,10277800,0.0,0.0,0.0
2025-01-15,136.79521286983055,137.62345395806045,136.19109317182753,136.97061157226562,11388400,0.0,0.0,0.0
2025-01-16,136.54188676549686,137.72089561791688,136.0059668925432,137.5162811279297,8512100,0.0,0.0,0.0
2025-01-17,137.33115598607583,137.77936910637757,136.59060668945312,136.59060668945312,7668100,0.0,0.0,0.0
2025-01-21,137.3116514162144,138.86093488015365,137.29215936595412,138.8511962890625,7257800,0.0,0.0,0.0
2025-01-22,138.169123188153,138.9778722909265,137.5162807512805,138.5393829345703,8189900,0.0,0.0,0.0
2025-01-23,138.9194017785418,140.41022386048553,138.23731387756197,140.39073181152344,8032900,0.0,0.0,0.0
2025-01-24,139.76713453855422,140.90717419768376,139.6014892754067,140.61485290527344,8127900,0.0,0.0,0.0
2025-01-27,141.38460305057328,143.8010964810083,141.2579270479688,143.77186584472656,12311300,0.0,0.0,0.0
2025-01-28,143.76215167060477,143.95704245650467,142.7292959248851,142.76828002929688,9686400,0.0,0.0,0.0
2025-01-29,142.34926502070215,142.82672359799366,141.57950003698485,141.93028259277344,8159100,0.0,0.0,0.0
2025-01-30,142.50517446324457,143.96676599620093,142.4954358721996,143.5672607421875,7705200,0.0,0.0,0.0
2025-01-31,143.80109459692278,144.78522736435664,143.0605603740288,143.10926818847656,9211800,0.0,0.0,0.0
2025-02-03,142.24206598804045,144.36625314764527,142.20309676066907,143.66468811035156,13001500,0.0,0.0,0.0
2025-02-04,142.08617034906666,143.43082424393978,141.86204897652476,143.27491760253906,11762000,0.0,0.0,0.0
2025-02-05,143.62571721608413,144.91192485870144,143.3334108137415,144.64883422851562,10042300,0.0,0.0,0.0
2025-02-06,144.35649962608605,144.65857432740444,143.13850683522105,143.35287475585938,12422100,0.0,0.0,0.0
2025-02-07,143.55753643765965,144.13242559616208,142.57340339337176,142.68057250976562,11199700,0.0,0.0,0.0
2025-02-10,142.84621531679483,142.89492313903452,141.73540637071778,142.55389404296875,7374300,0.0,0.0,0.0
2025-02-11,142.14466404364094,142.57339997124333,141.71592811603855,142.2908172607422,6634900,0.0,0.0,0.0
2025-02-12,141.94976741163836,142.8559619245461,141.64770753002858,142.08619689941406,7572200,0.0,0.0,0.0
2025-02-13,142.36874184937514,142.9533843358759,141.44307030247896,142.64157104492188,6293100,0.0,0.0,0.0
2025-02-14,142.74876778431323,142.9436436745671,141.09230041503906,141.09230041503906,5299200,0.0,0.0,0.0
2025-02-18,140.23480032828428,141.17996381657042,140.1568470143141,140.81944274902344,11366800,0.0,0.0,0.0
2025-02-19,140.82920880443572,142.6903055097584,140.79997816450518,142.6513214111328,6295900,0.0,0.0,0.0
2025-02-20,142.44672283584785,143.52830123826797,142.35903090626542,143.45034790039062,6264800,0.0,0.0,0.0
2025-02-21,141.75490075372147,143.37239911283493,141.6184861251263,142.68057250976562,8647000,0.0,0.0,0.0
2025-02-24,142.83646290863197,144.42473044257798,142.52466445084735,143.840087890625,7559400,0.0,0.0,0.0
2025-02-25,144.11291991456653,145.27245158200222,143.6354761936775,145.07757568359375,11981300,0.0,0.0,0.0
2025-02-26,144.51241683789064,145.13602859768673,143.57700663223503,144.03497314453125,6566800,0.0,0.0,0.0
2025-02-27,143.77189984360513,145.09707685136243,143.39188661400237,143.45034790039062,7377000,0.0,0.0,0.0
2025-02-28,143.68417036682845,145.34063747664143,142.7390068356618,145.11651611328125,8453700,0.0,0.0,0.0
2025-03-03,145.2042499909439,146.4709656177352,145.14578870892058,145.74990844726562,9459300,0.0,0.0,0.0
2025-03-04,145.9545145005327,146.22735858100538,144.18112461996046,144.39549255371094,10804700,0.0,0.0,0.0
2025-03-05,143.74264032900285,146.0714419335518,143.46981113527062,145.84732055664062,7597700,0.0,0.0,0.0
2025-03-06,145.1847700586319,145.65247522193314,144.14216088193558,145.44786071777344,7122200,0.0,0.0,0.0
2025-03-07,144.8534608554836,146.43197487077288,144.64883150961268,145.45758056640625,8532400,0.0,0.0,0.0
2025-03-10,144.32728367983069,146.07145786001388,143.56725729041284,143.88880920410156,13577800,0.0,0.0,0.0
2025-03-11,143.89853651917295,144.1031658547867,141.5697348431926,142.3200225830078,9411600,0.0,0.0,0.0
2025-03-12,141.9985013145895,142.25185339122672,140.42972563018662,140.89744567871094,7141100,0.0,0.0,0.0
2025-03-13,140.95588959389573,141.35539484390506,139.81584999378535,140.1471405029297,8041600,0.0,0.0,0.0
2025-03-14,140.24456928950846,141.43333156587153,139.7378949410843,141.21896362304688,6761200,0.0,0.0,0.0
2025-03-17,141.01435982909467,143.34316186806942,141.01435982909467,143.01187133789062,6017300,0.0,0.0,0.0
2025-03-18,143.06058568421602,143.29443081277785,142.30054441215654,143.08006286621094,5528000,0.0,0.0,0.0
2025-03-19,143.18726592328636,143.53804853095875,142.16414874523522,143.1580352783203,6156200,0.0,0.0,0.0
2025-03-20,143.1774971536313,143.8595701725457,142.75849988396314,143.24569702148438,8033800,0.0,0.0,0.0
2025-03-21,142.8267146164772,143.09954382403643,141.99847353548023,142.84620666503906,7635300,0.0,0.0,0.0
2025-03-24,143.2228034287923,144.17162391708484,142.91957490841867,143.93685913085938,6500600,0.0,0.0,0.0
2025-03-25,144.2792176076358,144.3672488023369,141.1980063882894,142.09791564941406,6502000,0.0,0.0,0.0
2025-03-26,142.20550748495913,142.7826207455594,141.2371196129008,141.57948303222656,8758600,0.0,0.0,0.0
2025-03-27,141.36430294535074,142.2446448085555,141.30561547788403,141.80447387695312,6264300,0.0,0.0,0.0
2025-03-28,141.68706899974262,142.06855238326065,141.29579442331453,141.36427307128906,6210500,0.0,0.0,0.0
2025-03-31,140.65023617509084,143.41844289669285,140.3470076344013,142.82176208496094,8085600,0.0,0.0,0.0
2025-04-01,142.3033077893054,142.3033077893054,139.77964264327977,140.2100372314453,9906100,0.0,0.0,0.0
2025-04-02,139.6525036322099,141.24690109020108,139.0851666188729,141.1490936279297,6392700,0.0,0.0,0.0
2025-04-03,140.62087193303256,142.01965441991467,139.92638374930254,140.004638671875,10990600,0.0,0.0,0.0
2025-04-04,138.05810844782397,138.61566926207473,132.27715386344713,132.32606506347656,21341100,0.0,0.0,0.0
2025-04-07,128.8340094456345,134.3704073064265,126.8287699112724,131.5337371826172,29940300,0.0,0.0,0.0
2025-04-08,136.38543515758977,136.3952263525428,128.4134024351295,130.07627868652344,20860400,0.0,0.0,0.0
2025-04-09,127.28852431620784,136.19960162889734,126.84833844355786,135.73007202148438,39444700,0.0,0.0,0.0
2025-04-10,134.69320375987775,134.7323386851699,128.46230274837475,131.94456481933594,21957400,0.0,0.0,0.0
2025-04-11,132.19888874020916,134.75189795872248,130.73164240601992,133.88133239746094,10755600,0.0,0.0,0.0
2025-04-14,135.1920810082189,136.00394416184545,133.96937575497245,135.51486206054688,7437200,0.0,0.0,0.0
2025-04-15,135.96483397187745,136.00395397553962,134.29216649747642,134.68344116210938,6239000,0.0,0.0,0.0
2025-04-16,135.104037680167,135.5931197915787,132.67819458673358,133.31399536132812,8150700,0.0,0.0,0.0
2025-04-17,132.38473004788108,133.58788267671994,132.14998020857607,132.53146362304688,9662800,0.0,0.0,0.0
2025-04-21,132.2380328580215,132.40431899638102,128.68729170631403,129.6752471923828,6456000,0.0,0.0,0.0
2025-04-22,130.7218637228967,132.32605242162745,130.23278162053245,132.11085510253906,8012500,0.0,0.0,0.0
2025-04-23,133.5585460410458,134.91819381172016,132.1793457309391,132.7662353515625,9503200,0.0,0.0,0.0
2025-04-24,132.98144033817894,134.53671807184173,132.16956213696795,134.38999938964844,5433000,0.0,0.0,0.0
2025-04-25,134.58560614656324,135.18228689428508,132.91295375458296,135.0355682373047,6438400,0.0,0.0,0.0
2025-04-28,135.2214229168597,136.00394232790458,134.39975365430092,135.5735626220703,5803300,0.0,0.0,0.0
2025-04-29,135.39748668759984,136.9136441817646,134.722551001929,136.23870849609375,7811900,0.0,0.0,0.0
2025-04-30,136.50281595431957,137.71572999979804,135.24097578852852,137.40272521972656,6827800,0.0,0.0,0.0
2025-05-01,135.77897135224686,136.07242359982737,133.49007068720147,133.65635681152344,10363200,0.0,0.0,0.0
2025-05-02,135.7594137749821,135.97461111050515,134.54649962087302,135.50509643554688,9777000,0.0,0.0,0.0
2025-05-05,135.23119484581213,135.65179826947104,134.575826651013,135.12359619140625,5479700,0.0,0.0,0.0
2025-05-06,134.13568325727974,134.19437073069315,131.04468030227528,131.39682006835938,11625900,0.0,0.0,0.0
2025-05-07,131.80761616029304,132.78578028764215,131.4652527454808,132.404296875,6417500,0.0,0.0,0.0
2025-05-08,131.4750612871903,132.37497061202194,130.7707818285217,131.21095275878906,10558100,0.0,0.0,0.0
2025-05-09,131.37721866516998,131.82718072111305,129.72411893823087,129.78280639648438,7555200,0.0,0.0,0.0
2025-05-12,129.9784634163578,133.15749706010055,129.7436986356035,132.9912109375,15211100,0.0,0.0,0.0
2025-05-13,131.01533160166076,131.01533160166076,128.95140428639996,128.9905242919922,17817000,0.0,0.0,0.0
2025-05-14,129.3915570900332,129.6556655989316,125.8701600567244,125.9582061767578,19579500,0.0,0.0,0.0
2025-05-15,125.66475314926306,127.68954523653235,124.56920658322905,127.6113052368164,18792700,0.0,0.0,0.0
2025-05-16,127.84605659214633,130.23277960280203,127.46457315523666,130.18386840820312,12901800,0.0,0.0,0.0
2025-05-19,130.11540042848338,131.50439174126058,129.7534695407481,131.4359130859375,11645200,0.0,0.0,0.0
2025-05-20,131.4652605278584,132.1401962037796,131.25985440729164,131.7587127685547,11644500,0.0,0.0,0.0
2025-05-21,130.6436090951687,131.21094612628497,128.6481606802091,128.70684814453125,16635900,0.0,0.0,0.0
2025-05-22,127.77759574831929,128.37427651446987,127.14178005536463,127.6993408203125,12722600,0.0,0.0,0.0
2025-05-23,127.0928684648701,127.74825161919097,126.72117621499414,127.4939193725586,9127100,0.0,0.0,0.0
2025-05-27,128.5601145631134,129.4991587691081,128.29602097365347,129.27418518066406,12304000,0.0,0.0,0.0
2025-05-28,129.22527226626343,129.68501063149117,128.2666755353125,128.60902404785156,11087500,0.0,0.0,0.0
2025-05-29,128.8046586773396,129.86107783710074,128.42317522455932,129.46981811523438,10670300,0.0,0.0,0.0
2025-05-30,129.18613709752472,130.4283947316127,128.02211945524127,129.74368286132812,11651300,0.0,0.0,0.0
2025-06-02,129.41114846580822,129.88066318180722,128.2471304834409,129.8219757080078,11845000,0.0,0.0,0.0
2025-06-03,129.4795911474868,130.60448893953438,128.8535666527895,130.12518310546875,14304300,0.0,0.0,0.0
2025-06-04,130.5164437355266,131.3968004823124,130.37950134277344,130.37950134277344,9986100,0.0,0.0,0.0
2025-06-05,130.70228851742624,130.98596447833057,129.67522810378068,130.20343017578125,13705000,0.0,0.0,0.0
2025-06-06,130.88813327931655,131.89564108861242,130.8685658185304,131.44569396972656,9153500,0.0,0.0,0.0
2025-06-09,131.41637844122317,131.8663256566606,130.47733415477572,131.22073364257812,9976600,0.0,0.0,0.0
2025-06-10,131.3381003516049,133.11835128571138,131.3185328900697,132.71730041503906,11488000,0.0,0.0,0.0
2025-06-11,132.74666186205832,133.58788361856594,132.3847309812444,132.78578186035156,13644000,0.0,0.0,0.0
2025-06-12,132.79555651739716,133.8519755657015,132.53146294952114,133.8226318359375,9809500,0.0,0.0,0.0
2025-06-13,133.08902256040966,134.3312953099486,132.71731537733464,133.15750122070312,13722800,0.0,0.0,0.0
2025-06-16,133.44116182561706,133.84221274013825,132.13042534584704,132.74667358398438,14171000,0.0,0.0,0.0
2025-06-17,132.14998487751114,132.45321338106015,130.37949519846578,130.55557250976562,13506000,0.0,0.0,0.0
2025-06-18,130.5653620540854,131.19138658733763,129.59698898307462,130.3306121826172,12185300,0.0,0.0,0.0
2025-06-20,130.78054621388554,130.878368600879,129.51872100503377,129.70457458496094,13744900,0.0,0.0,0.0
2025-06-23,129.793037519277,130.46137234433203,128.73157514785166,129.89132690429688,14181600,0.0,0.0,0.0
2025-06-24,130.23528700346986,131.77834309692273,129.73404721989607,131.48348999023438,11272900,0.0,0.0,0.0
2025-06-25,131.22797378182133,131.98474501358547,130.4908484284134,131.6014404296875,11996400,0.0,0.0,0.0
2025-06-26,131.87663283938093,132.8398207666216,131.45402150145483,131.91595458984375,13177700,0.0,0.0,0.0
2025-06-27,132.01425528296713,132.81034833424775,131.40488807339952,131.6309356689453,13818500,0.0,0.0,0.0
2025-06-30,131.6014291018189,132.633407507131,131.50315472793588,132.4761505126953,12407700,0.0,0.0,0.0
2025-07-01,132.26977934678038,135.39518374436676,132.1518440855444,134.36322021484375,21204300,0.0,0.0,0.0
2025-07-02,133.69487376577126,133.95040514181443,132.91844170215936,133.036376953125,13720400,0.0,0.0,0.0
2025-07-03,133.22312540256132,133.56710823654882,132.84964375728845,133.17398071289062,7282700,0.0,0.0,0.0
2025-07-07,133.12484366036136,133.12484366036136,131.35573970870166,132.05355834960938,14052300,0.0,0.0,0.0
2025-07-08,131.95525759111382,133.88161839396255,131.7095491466963,132.653076171875,19485900,0.0,0.0,0.0
2025-07-09,132.9282685470185,133.58676537901533,132.11251471121108,133.16415405273438,13963900,0.0,0.0,0.0
2025-07-10,133.18381140702203,135.26742939492436,132.68257153564392,133.97991943359375,17668300,0.0,0.0,0.0
2025-07-11,133.54746621691055,133.54746621691055,132.04373165003088,132.8693084716797,14246600,0.0,0.0,0.0
2025-07-14,132.3385697357267,132.9872436653449,132.092861277252,132.71205139160156,11095400,0.0,0.0,0.0
2025-07-15,132.90861910719548,133.14450463320588,130.1960030439214,130.3237762451172,17095600,0.0,0.0,0.0
2025-07-16,130.8544884779017,132.1125145127903,130.7168923489874,131.9454345703125,14142100,0.0,0.0,0.0
2025-07-17,131.00191892902052,131.38522353550675,130.009262126801,130.44171142578125,15740900,0.0,0.0,0.0
2025-07-18,130.7857091919242,130.9527891488124,129.39990984750182,129.57681274414062,13245500,0.0,0.0,0.0
2025-07-21,129.64562215115825,130.04858764568272,128.78072352815067,128.83969116210938,9468700,0.0,0.0,0.0
2025-07-22,129.0559007852972,131.5129852264059,129.0559007852972,131.23779296875,16681900,0.0,0.0,0.0
2025-07-23,132.93809910283906,133.97991556513674,132.48600393704675,133.93077087402344,16624000,0.0,0.0,0.0
2025-07-24,133.79317837997718,134.57943347178158,133.2132950040177,133.4295196533203,11054800,0.0,0.0,0.0
2025-07-25,133.91109843272062,134.35337062083426,133.4098586191055,134.13714599609375,9539900,0.0,0.0,0.0
2025-07-28,133.80300513697512,134.04871360938742,132.61376953188332,132.96759033203125,9780300,0.0,0.0,0.0
2025-07-29,131.60144423896537,132.7808568360398,130.6579321575308,132.12234497070312,14967600,0.0,0.0,0.0
2025-07-30,132.5646170172129,132.86929307106504,131.34589780495196,131.88645935058594,11634600,0.0,0.0,0.0
2025-07-31,130.73656054421605,131.4933317971932,127.74873729641304,128.19100952148438,26441600,0.0,0.0,0.0
2025-08-01,128.45637148083213,129.14435212443118,127.63079470851324,128.87899780273438,20736200,0.0,0.0,0.0
2025-08-04,129.1345291704823,130.78569771178076,129.10504535696387,130.72671508789062,11331000,0.0,0.0,0.0
2025-08-05,130.17634968940027,130.66776664934278,129.7733841830021,130.22549438476562,14319200,0.0,0.0,0.0
2025-08-06,129.67509824015238,129.78321056158538,128.1123960459561,128.26963806152344,14342800,0.0,0.0,0.0
2025-08-07,127.54234290403666,128.00427597703228,125.76340867621776,126.79537963867188,24421900,0.0,0.0,0.0
2025-08-08,127.01160073916728,128.20083616990607,127.01160073916728,127.92564392089844,13747100,0.0,0.0,0.0
2025-08-11,128.05340576171875,129.06573834561584,127.90598669442235,128.05340576171875,14474000,0.0,0.0,0.0
2025-08-12,128.10254310528043,128.97726451374626,127.89615642289824,128.93795776367188,17219500,0.0,0.0,0.0
2025-08-13,129.5571554956331,131.08053585030171,129.3900605565534,131.0019073486328,15069900,0.0,0.0,0.0
2025-08-14,130.77585627696882,131.79801177443628,130.13702033869131,131.66041564941406,15464000,0.0,0.0,0.0
2025-08-15,133.1543010207852,134.2550849258062,132.85944792128225,133.8717803955078,13929600,0.0,0.0,0.0
2025-08-18,134.186294512194,134.83496840492654,133.48849092804352,133.55728149414062,12572000,0.0,0.0,0.0
2025-08-19,133.53761681917294,134.86444838047038,133.44916538091388,134.41233825683594,13578200,0.0,0.0,0.0
2025-08-20,134.65805447329174,135.83746703895656,134.65805447329174,135.1396484375,14607000,0.0,0.0,0.0
2025-08-21,134.85462545232875,136.08316763997644,134.58925614067803,134.68753051757812,13218900,0.0,0.0,0.0
2025-08-22,135.43449778016236,136.6335561905969,135.43449778016236,135.7981414794922,11898600,0.0,0.0,0.0
2025-08-25,135.7686536096304,135.88658886062402,133.7636793584745,133.86195373535156,10681000,0.0,0.0,0.0
2025-08-26,134.2452775070565,134.81532296318144,133.99956903442617,134.6973876953125,11397500,0.0,0.0,0.0
2025-08-27,134.63840477118143,135.3460462917419,134.3828583906798,134.61874389648438,8321700,0.0,0.0,0.0
2025-08-28,134.48113992326645,134.50080079681672,133.42950064268786,134.08799743652344,9165700,0.0,0.0,0.0
2025-08-29,134.1961250455585,135.11016830920082,134.02904509346345,135.0708465576172,9655700,0.0,0.0,0.0
2025-09-02,134.5401115848393,135.37552627199457,134.11750027036626,135.1986083984375,13325300,0.0,0.0,0.0
2025-09-03,134.7563171409983,135.39515299005708,133.90125669755182,134.55975341796875,12586000,0.0,0.0,0.0
2025-09-04,134.45167144028957,135.11016830920082,133.74402988032588,135.0708465576172,11778600,0.0,0.0,0.0
2025-09-05,134.92342371804344,136.00454690362622,134.69737614173204,135.53277587890625,14664000,0.0,0.0,0.0
2025-09-08,135.10033800378108,135.50328845599154,134.02903778592207,135.483642578125,15753300,0.0,0.0,0.0
2025-09-09,135.69003676755554,136.58441915603723,135.35587686312968,136.2109375,12249600,0.0,0.0,0.0
2025-09-10,136.13231674813144,136.13231674813144,134.46150213397348,134.9725799560547,13588300,0.0,0.0,0.0
2025-09-11,135.67037977462584,137.59674074365302,135.5229606939995,137.32154846191406,16470800,0.0,0.0,0.0
2025-09-12,136.83993523196304,137.40998059166597,135.72934332138976,135.73916625976562,11345400,0.0,0.0,0.0
2025-09-15,135.88660812817815,136.16180041741842,134.31408290349876,134.57943725585938,11233800,0.0,0.0,0.0
2025-09-16,134.31408290349876,135.03154744352838,134.1961326389279,134.57943725585938,12443800,0.0,0.0,0.0
2025-09-17,134.7760122844751,135.91608816669614,134.4909820662789,134.8448028564453,12501500,0.0,0.0,0.0
2025-09-18,134.844799122541,135.57210155909226,134.54012303327823,135.11016845703125,11472900,0.0,0.0,0.0
2025-09-19,135.45415849735392,135.53277200237164,134.82513048238553,134.93324279785156,11280900,0.0,0.0,0.0
2025-09-22,134.46426995176685,135.5207036058751,134.168068390604,134.89869689941406,9732700,0.0,0.0,0.0
2025-09-23,134.53336652362665,135.6095659626612,134.42475979364832,135.2047576904297,9903000,0.0,0.0,0.0
2025-09-24,135.08630228351956,135.32325149862265,134.43466181110924,134.6617431640625,7471600,0.0,0.0,0.0
2025-09-25,134.4050465963249,134.45440097377454,132.03544892662802,132.43038940429688,14099700,0.0,0.0,0.0
2025-09-26,133.43744899699556,133.90149462591458,132.93391685442813,133.78302001953125,10071000,0.0,0.0,0.0
2025-09-29,133.96071927112078,134.24705296340906,133.0326431664151,134.1779327392578,7735700,0.0,0.0,0.0
2025-09-30,134.03971550407417,137.7323296214248,133.95085955228154,137.40650939941406,19313500,0.0,0.0,0.0
2025-10-01,138.0285294716169,141.9087233058866,137.8310667816164,141.6520233154297,23657900,0.0,0.0,0.0
2025-10-02,140.34873454031546,141.7507542108749,140.34873454031546,141.3755645751953,15176200,0.0,0.0,0.0
2025-10-03,141.7507636593406,144.28819013623996,141.74088073220395,142.98492431640625,15829200,0.0,0.0,0.0
2025-10-06,143.06390782582395,143.22188401721127,142.14569946108304,142.29379272460938,12879900,0.0,0.0,0.0
2025-10-07,142.29378278555433,142.82694862788577,141.46443043685852,142.4023895263672,12478700,0.0,0.0,0.0
2025-10-08,142.7677040206117,143.1330107367254,142.19505169521585,142.6788330078125,8925800,0.0,0.0,0.0
2025-10-09,142.94543530470028,143.40948095778504,142.13583367652285,142.3629150390625,7657000,0.0,0.0,0.0
2025-10-10,142.77758658725182,142.90594412361986,140.14142108593512,140.30926513671875,13350100,0.0,0.0,0.0
2025-10-13,139.93406216251742,141.12873625988252,139.83533835313733,140.15127563476562,8257500,0.0,0.0,0.0
2025-10-14,139.80571774890004,141.04974620084158,139.26268407587267,140.5363311767578,10044700,0.0,0.0,0.0
2025-10-15,140.22040451108248,141.434814405984,139.56876405413513,140.75355529785156,7260600,0.0,0.0,0.0
2025-10-16,141.03988447049912,141.81986736898006,140.16116269428952,140.5166015625,11194100,0.0,0.0,0.0
2025-10-17,139.78597173993398,141.60265257595265,139.59837691325342,141.45455932617188,8160300,0.0,0.0,0.0
2025-10-20,141.89885805114548,143.15276950711285,141.74088187006785,142.95529174804688,8435900,0.0,0.0,0.0
2025-10-21,143.21201227265846,143.7846646518351,142.51100235827923,143.29100036621094,9031800,0.0,0.0,0.0
2025-10-22,144.35730575634636,144.87070572618205,143.6957824076908,144.1104736328125,12705300,0.0,0.0,0.0
2025-10-23,143.67605313212644,144.6534987433019,143.52794481209767,144.189453125,7924900,0.0,0.0,0.0
2025-10-24,144.43628067676846,144.90032628034658,144.03148743858458,144.17958068847656,7007400,0.0,0.0,0.0
2025-10-27,144.23882326098942,144.59426213916043,143.37985224934198,144.51527404785156,6466700,0.0,0.0,0.0
2025-10-28,144.55476026450322,144.68310271698306,143.35021836456482,143.60691833496094,8652700,0.0,0.0,0.0
2025-10-29,143.37985620540303,143.60693755828288,141.7507700903425,142.1555633544922,12425600,0.0,0.0,0.0
2025-10-30,142.13582375173382,143.60693363967556,141.94822891799785,142.4715118408203,10756100,0.0,0.0,0.0
2025-10-31,141.2077245774503,142.65909866010043,140.89177222986845,142.42213439941406,10581100,0.0,0.0,0.0
2025-11-03,142.24442380428263,142.7282051259671,141.0201310443584,142.61959838867188,12279300,0.0,0.0,0.0
2025-11-04,141.94823423672378,143.64644060041786,141.67178343941902,143.26138305664062,14182200,0.0,0.0,0.0
2025-11-05,142.79733804120684,144.4066733899398,142.55050589500573,143.8142852783203,13154600,0.0,0.0,0.0
2025-11-06,143.30084774379992,144.2585575262432,143.10338507086482,144.09071350097656,14395800,0.0,0.0,0.0
2025-11-07,143.9919911728765,144.29806061090108,142.88618802506178,144.28819274902344,14522900,0.0,0.0,0.0
2025-11-10,143.94261715875643,145.56183531607843,143.87351199693285,145.4137420654297,12305900,0.0,0.0,0.0
2025-11-11,145.7297016888633,148.90890086180738,145.7297016888633,148.77066040039062,12659500,0.0,0.0,0.0
2025-11-12,149.07673200308452,151.21923298798376,148.81014909626313,150.883544921875,17847500,0.0,0.0,0.0
2025-11-13,150.11342340480687,152.562009011744,149.93571150042348,150.8045654296875,21807600,0.0,0.0,0.0
2025-11-14,150.2911549487638,150.98228192924117,149.274207734896,149.90609741210938,15468900,0.0,0.0,0.0
2025-11-17,149.42228636949002,151.3772075785094,149.2248236894557,149.77772521972656,17516500,0.0,0.0,0.0
2025-11-18,149.82709606107437,151.1896141773307,149.23469294997938,150.6564483642578,24494200,0.0,0.0,0.0
2025-11-19,150.54785827607898,150.9921531258092,149.64940071433602,150.39976501464844,17352600,0.0,0.0,0.0
2025-11-20,150.55773047936214,151.39695067675405,149.20508017108045,149.50128173828125,25278500,0.0,0.0,0.0
2025-11-21,149.86658997929734,153.7369310496746,149.78761695498878,152.65086364746094,25526100,0.0,0.0,0.0
2025-11-24,153.17414319855084,154.18122248891913,152.52250277152208,153.29261779785156,17928400,0.0,0.0,0.0
2025-11-25,153.79616273058232,156.87662279093058,153.79616273058232,156.75814819335938,17298600,0.0,0.0,0.0
2025-11-26,156.41258239746094,156.93586530804978,156.15588240570867,156.41258239746094,12398900,0.0,0.0,0.0
2025-11-28,156.1953774790845,156.24474692089916,155.1685623903562,155.65234375,8559700,0.0,0.0,0.0
2025-12-01,155.05005997082824,155.85967656680566,153.21362837053312,153.32223510742188,17321200,0.0,0.0,0.0
2025-12-02,153.28274394662705,153.49995741381537,152.1868087496086,152.40402221679688,16150300,0.0,0.0,0.0
2025-12-03,152.71010561764203,153.80604091504392,152.70023775566116,153.1149139404297,12724800,0.0,0.0,0.0
2025-12-04,153.0359270631837,153.06554571479955,151.42657668667576,151.94985961914062,13674600,0.0,0.0,0.0
2025-12-05,152.4928859887262,152.67061295529064,151.0217761446062,151.31796264648438,8868700,0.0,0.0,0.0
2025-12-08,151.4068382367217,151.47594340076856,149.2840728280251,149.5111541748047,10996000,0.0,0.0,0.0
2025-12-09,150.07394285117726,150.74531904831156,147.95119244886558,148.05979919433594,11543300,0.0,0.0,0.0
2025-12-10,148.4744654572457,150.251644714547,147.97091827763128,150.212158203125,15534800,0.0,0.0,0.0
2025-12-11,150.8242945405063,152.34478885005404,150.33063029605725,151.6339111328125,14703000,0.0,0.0,0.0
2025-12-12,151.80176442255694,152.6014981368496,151.46607633157154,152.1078338623047,13175500,0.0,0.0,0.0
2025-12-15,152.51262854769357,154.3293092998927,152.483009899104,154.12197875976562,14681800,0.0,0.0,0.0
2025-12-16,154.06272954619286,154.14171763252514,151.15011354033507,152.11770629882812,12491300,0.0,0.0,0.0
2025-12-17,152.2756592185558,152.81869286699467,151.72275770939484,151.8412322998047,9093300,0.0,0.0,0.0
2025-12-18,151.80175588099354,153.21362839533862,151.73263565503623,151.95973205566406,8876400,0.0,0.0,0.0
2025-12-19,151.9696204115595,153.79618439710313,151.9696204115595,152.97669982910156,8571500,0.0,0.0,0.0
2025-12-22,152.84480488410634,154.05447634644813,152.49777741416443,153.98507690429688,7063700,0.0,0.0,0.0
2025-12-23,153.38022570468698,154.34201382167677,153.33064603409747,153.6776885986328,7465800,0.0,0.0,0.0
2025-12-24,153.8561643677411,154.6196489672487,153.83632947267037,154.4808349609375,3085700,0.0,0.0,0.0
2025-12-26,154.37177675923633,154.7981286913637,154.03465916691334,154.72872924804688,4439100,0.0,0.0,0.0
2025-12-29,154.74854615062046,155.16498815087738,154.36183379724835,154.49073791503906,6357300,0.0,0.0,0.0
2025-12-30,154.34202715755282,154.65930984347617,153.88591533014684,154.36184692382812,4355000,0.0,0.0,0.0
2025-12-31,154.28253297428407,154.52049119919462,153.45955881075338,153.4893035888672,4199500,0.0,0.0,0.0
2026-01-02,153.55870260040638,154.2527877667088,152.2796317562968,154.1932830810547,10998000,0.0,0.0,0.0
2026-01-05,153.28107759547856,154.07430699426243,151.67479903189565,153.72726440429688,17756200,0.0,0.0,0.0
2026-01-06,153.82641526357125,156.9894076715518,153.82641526357125,156.75143432617188,17783800,0.0,0.0,0.0
2026-01-07,157.1976240753231,159.23026960787263,157.1976240753231,158.3081512451172,14505700,0.0,0.0,0.0
2026-01-08,157.80245135923377,159.14102679532996,156.27549738532042,156.7811737060547,17611000,0.0,0.0,0.0
2026-01-09,156.98942578388787,157.58433652158698,155.92847818412153,155.97805786132812,12352000,0.0,0.0,0.0
2026-01-12,155.99787516237012,156.1664339421853,154.68904445379357,156.04745483398438,12250100,0.0,0.0,0.0
2026-01-13,156.31517110304813,156.3350059992967,154.42135457511415,155.4128875732422,11756500,0.0,0.0,0.0
2026-01-14,155.28397553905114,156.65229584829876,155.1550714143852,156.5233917236328,13516800,0.0,0.0,0.0
2026-01-15,155.9780546958966,156.11686871150192,154.05447824422745,155.6310272216797,15303400,0.0,0.0,0.0
2026-01-16,155.31371451007976,155.6409221861264,154.39159616543236,154.4213409423828,11950300,0.0,0.0,0.0
2026-01-20,152.6960731887748,154.5998146233695,151.93258858654514,154.08421325683594,12775200,0.0,0.0,0.0
2026-01-21,153.88590978300917,157.16788140478442,153.83633010992293,156.9199981689453,16393900,0.0,0.0,0.0
2026-01-22,156.3151722891837,157.88179625366485,156.16644839017312,156.9497528076172,10881400,0.0,0.0,0.0
2026-01-23,156.46390425500292,157.03899518787256,155.33355728476735,156.1466064453125,10191300,0.0,0.0,0.0
2026-01-26,156.03753784018966,156.9894161434859,155.57151613633317,156.76136779785156,6810400,0.0,0.0,0.0
2026-01-27,154.48084692874886,155.75991786245092,153.826431507044,154.13380432128906,12697500,0.0,0.0,0.0
2026-01-28,152.9935386033911,153.83633254080652,152.17056443184973,153.00344848632812,11426600,0.0,0.0,0.0
2026-01-29,152.94396055729197,153.36040258896332,152.20031083010903,152.51760864257812,12167300,0.0,0.0,0.0
2026-01-30,152.81504887145817,153.61818811635723,151.99207473186271,153.4298095703125,11863900,0.0,0.0,0.0
2026-02-02,153.2711629732157,154.68904780866626,153.0926791774518,154.37176513671875,11005300,0.0,0.0,0.0
2026-02-03,153.4694621654708,155.78964553720812,152.54734382398215,152.79522705078125,21141900,0.0,0.0,0.0
2026-02-04,153.49920621208452,155.45252724033602,152.92411531309554,154.70887756347656,22951600,0.0,0.0,0.0
2026-02-05,154.14370659022583,155.6409157769138,153.3702970325878,153.52894592285156,21421600,0.0,0.0,0.0
2026-02-06,154.718791007343,156.46389863881592,154.5899020151759,156.37466430664062,13616200,0.0,0.0,0.0
2026-02-09,156.23584556238728,156.8109213275759,154.70887643117376,154.99642944335938,11823000,0.0,0.0,0.0
2026-02-10,155.33355693474832,155.82932341407823,153.92558194900246,154.0148162841797,11103400,0.0,0.0,0.0
2026-02-11,153.86606973584296,155.05592133170367,153.07285551139117,154.92701721191406,11738400,0.0,0.0,0.0
2026-02-12,154.8873667573998,156.08711313868824,154.16353682002935,154.67913818359375,19409100,0.0,0.0,0.0
2026-02-13,155.19473466514884,157.4554284801956,155.19473466514884,156.33499145507812,16647900,0.0,0.0,0.0
2026-02-17,156.69195200389754,157.56450584763596,155.79957839432308,156.03753662109375,14881100,0.0,0.0,0.0
2026-02-18,155.86896977894563,156.46389557431223,155.1550648763423,156.33499145507812,11886300,0.0,0.0,0.0
2026-02-19,155.86897724040887,156.38457861243572,154.86753440418045,155.928466796875,11226900,0.0,0.0,0.0
2026-02-20,155.6706714256079,155.91855466036205,154.5502343630497,155.49220275878906,13368500,0.0,0.0,0.0
2026-02-23,155.7995818340174,157.3364458478158,155.7995818340174,157.1976318359375,17053500,0.0,0.0,0.0
2026-02-24,156.6721239514,157.1579805682645,155.97805387701712,156.53330993652344,12887100,0.0,0.0,0.0
2026-02-25,156.53330700600398,157.8817924665279,156.285423760537,156.49365234375,11011500,0.0,0.0,0.0
2026-02-26,156.73161791067162,156.8307621261717,154.76837181091287,156.0871124267578,15344400,0.0,0.0,0.0
2026-02-27,155.41287154734735,158.8832366829377,155.38312677083815,158.84356689453125,14250100,0.0,0.0,0.0
2026-03-02,157.84212898561964,158.48661933598893,156.65229249977304,157.18771362304688,18641400,0.0,0.0,0.0
2026-03-03,155.3335631178408,156.05737797018827,153.68761470984597,155.4128875732422,21432600,0.0,0.0,0.0
2026-03-04,155.4128878109622,156.24577189956145,154.3519402391378,155.7202606201172,12745700,0.0,0.0,0.0
2026-03-05,153.8165134668342,154.38167938863242,151.4269153937342,152.60684204101562,20476400,0.0,0.0,0.0
2026-03-06,151.4864136906048,151.69464228197066,149.67190644719147,151.40708923339844,18174000,0.0,0.0,0.0
2026-03-09,150.49487511638117,153.24142571862504,149.85038472855302,152.95387268066406,18675700,0.0,0.0,0.0
2026-03-10,153.1026127356828,153.23150173635966,151.7144574708511,151.853271484375,17247500,0.0,0.0,0.0
2026-03-11,151.54589163800463,151.86318944251525,150.65351803960465,151.55581665039062,12503800,0.0,0.0,0.0
2026-03-12,150.66343295433774,151.19886923493416,148.75969145246805,148.8885955810547,15670500,0.0,0.0,0.0
2026-03-13,149.7611294387728,151.01047063310406,148.40273414483946,148.52171325683594,15129300,0.0,0.0,0.0
2026-03-16,149.47359115881417,150.44528920667858,149.10672881136978,149.73138427734375,10896600,0.0,0.0,0.0
2026-03-17,149.93962509202436,150.56429573858244,148.27384174440056,148.3730010986328,11938600,0.0,0.0,0.0
2026-03-18,147.46077357223476,147.78798124361828,145.76524566226414,145.89414978027344,15565400,0.0,0.0,0.0
2026-03-19,145.8941636183525,146.83611693341777,145.06127953742697,145.36865234375,16913000,0.0,0.0,0.0
2026-03-20,145.2397441601134,145.77518043261722,143.4351620351376,144.0994873046875,16582200,0.0,0.0,0.0
2026-03-23,145.91647204185674,146.1255566440883,143.96508664938054,144.13433837890625,21815400,0.0,0.0,0.0
2026-03-24,143.31792783644744,144.66200620688315,142.75043854549617,144.15423583984375,24230900,0.0,0.0,0.0
2026-03-25,145.05029707012915,146.0459062034907,144.71179361081576,145.59788513183594,17743300,0.0,0.0,0.0
2026-03-26,145.11003301987589,146.2649432751889,144.9905647837366,145.10008239746094,13321000,0.0,0.0,0.0
2026-03-27,145.0801559419838,145.15980649117284,142.44179796417288,142.63095092773438,12932200,0.0,0.0,0.0
2026-03-30,143.6663951911265,143.99494801490636,142.80020494960172,143.18850708007812,14799700,0.0,0.0,0.0
2026-03-31,144.17414817952482,146.1056322218664,143.9650787805103,145.96624755859375,17866000,0.0,0.0,0.0
2026-04-01,146.57357416940988,148.10680551211985,146.30475545641258,147.08132934570312,16899200,0.0,0.0,0.0
2026-04-02,146.28484299074975,147.70857195428235,145.62775250706295,146.16537475585938,11087900,0.0,0.0,0.0
2026-04-06,145.6376953125,146.4939197307673,145.1199743361133,145.6376953125,7272600,0.0,0.0,0.0
2026-04-07,146.2649408358723,146.2649408358723,144.24385551867596,145.9264373779297,10263400,0.0,0.0,0.0
2026-04-08,147.54927073931026,149.0426844415134,146.85234738330675,149.0128173828125,8130700,0.0,0.0,0.0
2026-04-09,148.17651183053437,149.56040794335226,147.648840195619,148.67431640625,6406400,0.0,0.0,0.0
2026-04-10,149.12233323958523,149.1820673562837,146.4640587039763,146.66317749023438,6217800,0.0,0.0,0.0
2026-04-13,146.23507169295013,147.39993253464772,145.5978824669329,147.32028198242188,6182800,0.0,0.0,0.0
2026-04-14,146.73286831258991,148.94312164397115,146.59348365168248,148.17649841308594,7722300,0.0,0.0,0.0
2026-04-15,148.20636501257414,148.55483425966253,146.2450139525605,147.12115478515625,6669200,0.0,0.0,0.0
2026-04-16,146.54370264694867,147.54926234685925,145.64764536151975,145.96624755859375,9072300,0.0,0.0,0.0
2026-04-17,146.72290805165431,148.4652239748259,146.7129574297089,148.14663696289062,8338100,0.0,0.0,0.0
2026-04-20,147.79816596386,148.08690110656428,146.50387111207758,146.77268981933594,6325700,0.0,0.0,0.0
2026-04-21,147.63887037977634,147.90768909707796,145.2394639356205,145.27928161621094,8735300,0.0,0.0,0.0
2026-04-22,145.86667775838063,146.9319867435205,145.3688732289034,145.7372589111328,8316900,0.0,0.0,0.0
2026-04-23,145.5580522590992,146.12555675717437,144.5226254447907,145.59788513183594,7612000,0.0,0.0,0.0
2026-04-24,144.60227924250995,144.89099921327448,143.0491161985186,143.5469207763672,7969700,0.0,0.0,0.0
2026-04-27,143.04911341733734,144.57240937238487,142.79026051093317,142.83009338378906,6571900,0.0,0.0,0.0
2026-04-28,143.93521009796157,144.22393004298388,142.65086589422168,143.20840454101562,8612400,0.0,0.0,0.0
2026-04-29,141.63534397582185,142.62100244606387,141.3466240234945,142.21279907226562,11885500,0.0,0.0,0.0
2026-04-30,143.0491138909835,145.64765435310767,143.02921264627946,145.34898376464844,12587800,0.0,0.0,0.0
2026-05-01,145.64765680045647,145.96625902255298,144.51266296987035,144.5226287841797,8865800,0.0,0.0,0.0
2026-05-04,143.92524596033013,144.57240097644222,143.68630950422997,144.09449768066406,10885900,0.0,0.0,0.0
2026-05-05,144.64208612814798,145.02042244044642,143.78586171048605,144.66200256347656,7174900,0.0,0.0,0.0
2026-05-06,144.72173322540192,145.50825769654608,144.26374637450314,144.7615509033203,10613500,0.0,0.0,0.0
2026-05-07,144.54252062492463,145.1996262714032,143.6365278973378,144.0845489501953,7608000,0.0,0.0,0.0
2026-05-08,143.95511572588998,144.43301903066,142.55130325273277,142.85995483398438,10165400,0.0,0.0,0.0
2026-05-11,143.11881545110344,144.3832433265292,142.0435557450473,142.41192626953125,9255700,0.0,0.0,0.0
2026-05-12,143.17854363537103,145.99611923883873,142.56127084872918,145.2095947265625,11897200,0.0,0.0,0.0
2026-05-13,144.68191517831747,146.33461466401417,144.49274702716343,146.06581115722656,15841800,0.0,0.0,0.0
2026-05-14,146.20519548528674,146.75276831091423,145.29918760117917,145.9861602783203,7763800,0.0,0.0,0.0
2026-05-15,146.1155902325834,146.5138429990653,144.2538060236233,144.462890625,9039900,0.0,0.0,0.0
2026-05-18,143.86551014219407,145.14983915388612,143.48717383546503,145.0801544189453,7949200,0.0,0.0,0.0
2026-05-19,144.98059383788097,147.41984831251264,144.21398576073497,146.6731414794922,12388200,0.0,0.0,0.0
2026-05-20,146.8921664749128,147.37006980229577,145.6476550444592,146.48397827148438,10527900,0.0,0.0,0.0
2026-05-21,146.2549698336568,147.64883168034717,145.19962662469027,147.49948120117188,7157000,0.0,0.0,0.0
2026-05-22,148.43535175121383,149.65996183839692,148.34575058145566,149.23184204101562,6915200,0.0,0.0,0.0
2026-05-26,149.29158977029394,149.64005905129824,147.78822541512318,147.85791015625,6590400,0.0,0.0,0.0
2026-05-27,148.03712117758474,149.54048546647863,147.62891779595617,148.1366729736328,10062500,0.0,0.0,0.0
2026-05-28,148.49509926333408,150.68545155587515,148.4552815815561,150.21751403808594,10397400,0.0,0.0,0.0
2026-05-29,150.1876355753122,150.37678853913314,148.44531968785748,148.81369018554688,13195800,0.0,0.0,0.0
2026-06-01,147.86786374403007,148.22628361790495,146.61338658957357,147.1908416748047,12582900,0.0,0.0,0.0
2026-06-02,146.1056409056467,146.62336191076818,144.6719613171809,145.75717163085938,12024300,0.0,0.0,0.0
2026-06-03,145.5182340443289,147.39993469180774,145.4286328686846,146.90213012695312,9836000,0.0,0.0,0.0
2026-06-04,149.71969903944418,151.87020311693655,149.63008267604906,151.4122314453125,14051800,0.0,0.0,0.0
2026-06-05,152.706535739006,154.02073191254732,152.248548847266,152.33815002441406,20723000,0.0,0.0,0.0
2026-06-08,152.56714197648554,153.7917368999195,151.74078461117657,151.97972106933594,10639500,0.0,0.0,0.0
2026-06-09,152.80608614008358,154.29949984604318,152.50740036053372,153.8913116455078,13125500,0.0,0.0,0.0
2026-06-10,154.27959942397948,154.4488511552092,152.14899646645537,152.17886352539062,11712200,0.0,0.0,0.0
2026-06-11,152.78618295395455,154.47871542751025,152.18881140244568,153.4134063720703,10548800,0.0,0.0,0.0
2026-06-12,154.28953846063808,154.4787066142165,152.6965578753566,153.13462829589844,9111000,0.0,0.0,0.0
2026-06-15,153.03508045482914,153.2043321777189,151.10359638264487,152.2186737060547,9525300,0.0,0.0,0.0
2026-06-16,152.92556880815684,153.04503704266804,151.05381877793573,152.26846313476562,8630000,0.0,0.0,0.0
2026-06-17,151.38236078693367,151.90008175243497,149.31149211671723,150.04824829101562,10991400,0.0,0.0,0.0
2026-06-18,150.6057873166077,150.6057873166077,148.13666590059287,148.74398803710938,10879300,0.0,0.0,0.0
2026-06-22,149.3300018310547,150.6199951171875,149.05999755859375,150.05999755859375,11706100,0.0,0.0,0.0
2026-06-23,151.49000549316406,152.42999267578125,151.0,152.17999267578125,9479900,0.0,0.0,0.0
2026-06-24,153.1300048828125,154.6699981689453,152.4600067138672,153.35000610351562,10070100,0.0,0.0,0.0
2026-06-25,153.9499969482422,157.2100067138672,153.58999633789062,155.6300048828125,9419200,0.0,0.0,0.0
2026-06-26,156.32000732421875,160.63999938964844,156.17999267578125,160.33999633789062,16563800,0.0,0.0,0.0
2026-06-29,160.6999969482422,161.08999633789062,159.8800048828125,160.74000549316406,12935000,0.0,0.0,0.0
2026-06-30,161.00999450683594,161.25,157.9600067138672,158.66000366210938,11559400,0.0,0.0,0.0
2026-07-01,159.61000061035156,159.9600067138672,158.5,159.5399932861328,10123700,0.0,0.0,0.0
2026-07-02,160.6699981689453,163.85000610351562,160.3800048828125,163.74000549316406,14719400,0.0,0.0,0.0
2026-07-06,163.1999969482422,163.4499969482422,160.25,161.9600067138672,16123400,0.0,0.0,0.0
2026-07-07,164.75,165.61000061035156,163.8800048828125,164.44000244140625,12143500,0.0,0.0,0.0
2026-07-08,163.4199981689453,163.99000549316406,162.25999450683594,162.3000030517578,9287900,0.0,0.0,0.0
2026-07-09,161.8000030517578,163.4199981689453,161.36000061035156,162.1699981689453,9576400,0.0,0.0,0.0
2026-07-10,162.47999572753906,162.66000366210938,160.24000549316406,160.83999633789062,9497100,0.0,0.0,0.0
2026-07-13,160.97000122070312,162.24000549316406,160.32000732421875,161.41000366210938,6873000,0.0,0.0,0.0
2026-07-14,159.77999877929688,160.0800018310547,157.77999877929688,158.2899932861328,11523000,0.0,0.0,0.0
2026-07-15,157.3800048828125,159.35000610351562,157.25,158.2899932861328,10885300,0.0,0.0,0.0
2026-07-16,160.35000610351562,162.63999938964844,159.94000244140625,161.8000030517578,11819000,0.0,0.0,0.0
2026-07-17,161.80999755859375,164.0,160.8800048828125,161.08999633789062,9166500,0.0,0.0,0.0
2026-07-20,161.0,161.49000549316406,159.17999267578125,159.25,6635300,0.0,0.0,0.0
2026-07-21,157.52999877929688,160.3699951171875,157.22999572753906,160.25,6594900,0.0,0.0,0.0
2026-07-22,160.97000122070312,160.97000122070312,158.9499969482422,159.42999267578125,5599500,0.0,0.0,0.0
2026-07-23,159.89999389648438,161.61000061035156,159.32000732421875,161.44000244140625,6448200,0.0,0.0,0.0
2026-07-24,162.47000122070312,163.25,161.5800018310547,162.57000732421875,7647900,0.0,0.0,0.0
2026-07-27,163.00999450683594,164.57000732421875,162.35000610351562,163.39999389648438,8056000,0.0,0.0,0.0
2026-07-28,165.99000549316406,168.52999877929688,165.75,167.25999450683594,12774800,0.0,0.0,0.0
2026-07-29,167.14999389648438,168.16000366210938,165.77000427246094,166.24000549316406,11656900,0.0,0.0,0.0
2026-07-30,163.25,163.9499969482422,161.86000061035156,163.52000427246094,12475200,0.0,0.0,0.0
2026-07-31,162.30999755859375,163.22999572753906,160.72999572753906,162.5500030517578,9604900,0.0,0.0,0.0
2026-08-03,163.6300048828125,164.72999572753906,161.35000610351562,162.24000549316406,10986300,0.0,0.0,0.0
2026-08-04,162.0,162.49000549316406,160.97000122070312,162.10000610351562,15129600,0.0,0.0,0.0
2026-08-05,163.63999938964844,165.35000610351562,162.6199951171875,164.16000366210938,15216000,0.0,0.0,0.0
2026-08-06,166.13999938964844,167.02000427246094,163.02999877929688,164.4499969482422,9435100,0.0,0.0,0.0
2026-08-07,163.9199981689453,165.77000427246094,162.9199981689453,165.67999267578125,7971800,0.0,0.0,0.0
2026-08-10,165.67999267578125,168.5,165.5500030517578,168.44000244140625,6995900,0.0,0.0,0.0
2026-08-11,168.27999877929688,169.66000366210938,167.63999938964844,168.00999450683594,6680900,0.0,0.0,0.0
2026-08-12,166.4199981689453,168.8800048828125,165.75999450683594,168.44000244140625,7138300,0.0,0.0,0.0
2026-08-13,169.49000549316406,169.7100067138672,167.83999633789062,168.3800048828125,6730100,0.0,0.0,0.0
2026-08-14,167.66000366210938,167.77000427246094,166.4499969482422,167.3699951171875,5023800,0.0,0.0,0.0
2026-08-17,166.4499969482422,167.8699951171875,165.86000061035156,167.0500030517578,7225500,0.0,0.0,0.0
2026-08-18,168.6699981689453,170.3000030517578,168.4499969482422,169.72999572753906,7529600,0.0,0.0,0.0
2026-08-19,172.47000122070312,176.59500122070312,172.2899932861328,175.67999267578125,16022359,0.0,0.0,0.0
