Date,Open,High,Low,Close,Volume,Dividends,Stock Splits,Capital Gains
2014-01-02 00:00:00-05:00,149.05729259632733,149.13021837747158,147.84201950095448,148.19850158691406,119636900,0.0,0.0,0.0
2014-01-03 00:00:00-05:00,148.44963797826006,148.74941371172457,147.96353621672114,148.17417907714844,81390600,0.0,0.0,0.0
2014-01-06 00:00:00-05:00,148.66035247067484,148.71705880238466,147.51799247765643,147.74484252929688,108028200,0.0,0.0,0.0
2014-01-07 00:00:00-05:00,148.33620544756394,148.90333032169139,148.22278047273844,148.6521759033203,86144200,0.0,0.0,0.0
2014-01-08 00:00:00-05:00,148.62786690440757,148.93573998200495,148.17416701893444,148.68458557128906,96582300,0.0,0.0,0.0
2014-01-09 00:00:00-05:00,149.1625704895377,149.1787775868771,148.10123431808,148.7817840576172,90683400,0.0,0.0,0.0
2014-01-10 00:00:00-05:00,149.03296835757862,149.2517209472044,148.27139534083344,149.18690490722656,102026400,0.0,0.0,0.0
2014-01-13 00:00:00-05:00,148.8061530346556,149.2193414779922,146.9184271540029,147.20199584960938,149892000,0.0,0.0,0.0
2014-01-14 00:00:00-05:00,147.68809703327938,148.88717550280379,147.41263807233395,148.80615234375,105016100,0.0,0.0,0.0
2014-01-15 00:00:00-05:00,149.15445452707934,149.83500418177283,148.83848416151508,149.608154296875,98525800,0.0,0.0,0.0
2014-01-16 00:00:00-05:00,149.30034759019586,149.60822072599845,148.93576813918583,149.4137725830078,72290600,0.0,0.0,0.0
2014-01-17 00:00:00-05:00,149.15447312206453,149.4380293323418,148.52253231215244,148.7817840576172,107848700,0.0,0.0,0.0
2014-01-21 00:00:00-05:00,149.6405667703482,149.69728542680332,148.3037718276459,149.21926879882812,88621200,0.0,0.0,0.0
2014-01-22 00:00:00-05:00,149.4704648610254,149.53528089724108,149.0005578702578,149.3165283203125,61270900,0.0,0.0,0.0
2014-01-23 00:00:00-05:00,148.5630772343338,148.5873817066264,147.30730495789385,148.09317016601562,132496900,0.0,0.0,0.0
2014-01-24 00:00:00-05:00,147.12900859439114,147.17761752069785,144.88480171822454,144.93341064453125,208677100,0.0,0.0,0.0
2014-01-27 00:00:00-05:00,145.0711677028252,145.44385681285388,143.49941285328634,144.22047424316406,180843100,0.0,0.0,0.0
2014-01-28 00:00:00-05:00,144.32577868279253,145.26559249430284,144.309571586072,145.07925415039062,110463200,0.0,0.0,0.0
2014-01-29 00:00:00-05:00,143.87211414643215,144.65799163774983,143.3049892460987,143.68577575683594,216597300,0.0,0.0,0.0
2014-01-30 00:00:00-05:00,144.88480979510462,145.67878448129093,144.423000244662,145.20887756347656,118938100,0.0,0.0,0.0
2014-01-31 00:00:00-05:00,143.4102887661334,145.25750244599578,143.33737536460063,144.3582000732422,194677900,0.0,0.0,0.0
2014-02-03 00:00:00-05:00,144.18806858252796,144.51213638599648,140.83391613081236,141.109375,254837100,0.0,0.0,0.0
2014-02-04 00:00:00-05:00,141.7413724706553,142.46243412934248,141.06082239417736,142.0978546142578,165012400,0.0,0.0,0.0
2014-02-05 00:00:00-05:00,141.60357000671317,142.2355108038337,140.73668193369616,141.91954040527344,164230500,0.0,0.0,0.0
2014-02-06 00:00:00-05:00,142.251690746167,143.79103088378906,141.9600248676039,143.79103088378906,132877600,0.0,0.0,0.0
2014-02-07 00:00:00-05:00,144.46355615895635,145.7274381509893,143.9936490968729,145.57350158691406,170787200,0.0,0.0,0.0
2014-02-10 00:00:00-05:00,145.58972686434663,145.88950266006307,145.19274553101138,145.84088134765625,92218800,0.0,0.0,0.0
2014-02-11 00:00:00-05:00,145.9623802155983,147.80959403636945,145.86514997707675,147.43690490722656,117814100,0.0,0.0,0.0
2014-02-12 00:00:00-05:00,147.6556076487537,148.12551449540265,147.21811499146872,147.50978088378906,94717700,0.0,0.0,0.0
2014-02-13 00:00:00-05:00,146.51329949081497,148.42532936929877,146.50520212185364,148.27139282226562,100542200,0.0,0.0,0.0
2014-02-14 00:00:00-05:00,148.1336396770365,149.36511949389333,147.9959102523555,149.08966064453125,96498400,0.0,0.0,0.0
2014-02-18 00:00:00-05:00,149.21932302885187,149.47048984707172,148.7899275342391,149.2679443359375,80460900,0.0,0.0,0.0
2014-02-19 00:00:00-05:00,148.87900661461964,149.84312495724913,148.15794529017805,148.27947998046875,126524300,0.0,0.0,0.0
2014-02-20 00:00:00-05:00,148.48208833746767,149.49481604028315,147.9392677722464,149.154541015625,104998100,0.0,0.0,0.0
2014-02-21 00:00:00-05:00,149.43804435438753,149.79452635733034,148.91143108065475,148.98434448242188,118116400,0.0,0.0,0.0
2014-02-24 00:00:00-05:00,149.3003266619537,150.8153629312274,149.23551062337577,149.8107452392578,114063900,0.0,0.0,0.0
2014-02-25 00:00:00-05:00,149.9322998917876,150.36169542279458,149.25984725433946,149.75405883789062,117085000,0.0,0.0,0.0
2014-02-26 00:00:00-05:00,149.97280414356274,150.36979781010294,149.3408631151256,149.7621612548828,98677200,0.0,0.0,0.0
2014-02-27 00:00:00-05:00,149.5433438462918,150.58847282903034,149.37320024508728,150.5479736328125,93880800,0.0,0.0,0.0
2014-02-28 00:00:00-05:00,150.5236810461113,151.62552886080928,149.92415438675698,150.92877197265625,150842000,0.0,0.0,0.0
2014-03-03 00:00:00-05:00,149.60002445819836,150.24817219751915,148.87086597795619,149.8673858642578,167748500,0.0,0.0,0.0
2014-03-04 00:00:00-05:00,151.33393288178289,152.29805171078817,151.3015310321288,151.97398376464844,167545900,0.0,0.0,0.0
2014-03-05 00:00:00-05:00,152.1035817071545,152.3709432657178,151.8686219909639,152.11167907714844,88376900,0.0,0.0,0.0
2014-03-06 00:00:00-05:00,152.4843540639575,152.80842190710717,152.13596938829565,152.4600372314453,82516500,0.0,0.0,0.0
2014-03-07 00:00:00-05:00,153.09194790216094,153.09194790216094,151.85235845949697,152.52481079101562,114513500,0.0,0.0,0.0
2014-03-10 00:00:00-04:00,152.28991109870154,152.50055396764373,151.56884961523474,152.44384765625,74939200,0.0,0.0,0.0
2014-03-11 00:00:00-04:00,152.67067893018606,152.88943150424993,151.34198111115174,151.6903533935547,99009100,0.0,0.0,0.0
2014-03-12 00:00:00-04:00,150.95309777624945,151.78758414555313,150.61281049881393,151.73086547851562,104824400,0.0,0.0,0.0
2014-03-13 00:00:00-04:00,152.18456682546682,152.30610152925843,149.60819428869675,150.02947998046875,155014300,0.0,0.0,0.0
2014-03-14 00:00:00-04:00,149.7620907964253,150.53176093178521,149.4299133355422,149.608154296875,153919600,0.0,0.0,0.0
2014-03-17 00:00:00-04:00,150.36164263686388,151.3176636232725,150.296826607074,150.961181640625,98359500,0.0,0.0,0.0
2014-03-18 00:00:00-04:00,151.26905653240894,152.24127226630128,151.1070102747654,152.03872680664062,101804600,0.0,0.0,0.0
2014-03-19 00:00:00-04:00,152.05492272348843,152.26557791510368,150.26442776912222,151.22854614257812,176267300,0.0,0.0,0.0
2014-03-20 00:00:00-04:00,150.89640600862262,152.2251040690483,150.6290444500593,152.11167907714844,117241000,0.0,0.0,0.0
2014-03-21 00:00:00-04:00,152.75046482513406,153.816485435852,151.38334541893903,151.5216827392578,163128000,0.825,0.0,0.0
2014-03-24 00:00:00-04:00,152.0424664998827,152.22963968747018,150.23592364051524,150.8950653076172,121411000,0.0,0.0,0.0
2014-03-25 00:00:00-04:00,151.660029533502,152.12387741615595,150.7649034490005,151.6112060546875,103852000,0.0,0.0,0.0
2014-03-26 00:00:00-04:00,152.20525467344078,152.44938449879717,150.48009209698395,150.52078247070312,119843000,0.0,0.0,0.0
2014-03-27 00:00:00-04:00,150.34172170607778,150.82183572631462,149.65002275580326,150.20338439941406,142383000,0.0,0.0,0.0
2014-03-28 00:00:00-04:00,150.63467681564543,151.70069733435002,150.54516297881761,150.94390869140625,101642000,0.0,0.0,0.0
2014-03-31 00:00:00-04:00,151.90415725506446,152.416828609481,150.96834081210383,152.1808319091797,99745000,0.0,0.0,0.0
2014-04-01 00:00:00-04:00,152.6772090689357,153.27939421088394,152.17268329027638,153.18988037109375,89193000,0.0,0.0,0.0
2014-04-02 00:00:00-04:00,153.3851954141977,153.90599985255164,153.1003752485691,153.7025604248047,78774000,0.0,0.0,0.0
2014-04-03 00:00:00-04:00,153.93850806856966,153.9791984278284,153.02710362255414,153.49908447265625,77435000,0.0,0.0,0.0
2014-04-04 00:00:00-04:00,154.33729107895064,154.36983592406241,151.4403156026668,151.68443298339844,169381000,0.0,0.0,0.0
2014-04-07 00:00:00-04:00,151.3182221224456,151.57048498987527,149.69885245722065,150.00807189941406,140803000,0.0,0.0,0.0
2014-04-08 00:00:00-04:00,149.94299048633408,150.8706737747982,149.39777431317123,150.62655639648438,112660000,0.0,0.0,0.0
2014-04-09 00:00:00-04:00,151.03337432180768,152.29468832413113,150.59393838419962,152.24586486816406,100254000,0.0,0.0,0.0
2014-04-10 00:00:00-04:00,152.23774883428374,152.3109840264459,148.86064788679155,149.04782104492188,172959000,0.0,0.0,0.0
2014-04-11 00:00:00-04:00,148.2178410508257,149.25945001234336,147.5424206056769,147.70516967773438,167251000,0.0,0.0,0.0
2014-04-14 00:00:00-04:00,148.86068992537582,149.21874529966686,147.64819890065772,148.86883544921875,132382000,0.0,0.0,0.0
2014-04-15 00:00:00-04:00,149.17806671049902,149.99995751291175,147.70515485128857,149.8941650390625,157093000,0.0,0.0,0.0
2014-04-16 00:00:00-04:00,150.9276690376019,151.47288530563895,150.26038164220893,151.46475219726562,105197000,0.0,0.0,0.0
2014-04-17 00:00:00-04:00,151.26125765007822,152.09942693478808,151.00084927345333,151.67626953125,105255000,0.0,0.0,0.0
2014-04-21 00:00:00-04:00,151.71698355599767,152.254066603841,151.52982276670323,152.20523071289062,68329000,0.0,0.0,0.0
2014-04-22 00:00:00-04:00,152.35981343158943,153.31190821770062,152.27844513166394,152.8968963623047,85790000,0.0,0.0,0.0
2014-04-23 00:00:00-04:00,152.8399781890615,152.92134650942756,152.41682070550357,152.53887939453125,73869000,0.0,0.0,0.0
2014-04-24 00:00:00-04:00,153.28753771894173,153.30381635008726,152.11572461561227,152.84811401367188,88170000,0.0,0.0,0.0
2014-04-25 00:00:00-04:00,152.35164941197166,152.4411632155937,151.25307204178793,151.5948486328125,100380000,0.0,0.0,0.0
2014-04-28 00:00:00-04:00,152.21333422536168,152.73413849914525,150.51258412689148,152.0749969482422,135121000,0.0,0.0,0.0
2014-04-29 00:00:00-04:00,152.56328670990428,153.0189890250075,152.23778860396104,152.7830047607422,84098000,0.0,0.0,0.0
2014-04-30 00:00:00-04:00,152.53075846807263,153.39333971796967,152.31917350091877,153.2387237548828,101508000,0.0,0.0,0.0
2014-05-01 00:00:00-04:00,153.16546053018055,153.66998628214427,152.76671482549432,153.25497436523438,93019000,0.0,0.0,0.0
2014-05-02 00:00:00-04:00,153.23867191772317,153.91409212870016,152.80738143867043,153.0352325439453,98122000,0.0,0.0,0.0
2014-05-05 00:00:00-04:00,152.28662289815043,153.43402429110213,151.86346539679337,153.32823181152344,75883000,0.0,0.0,0.0
2014-05-06 00:00:00-04:00,152.98648374201258,153.09227624143162,151.9611532678898,151.9936981201172,85454000,0.0,0.0,0.0
2014-05-07 00:00:00-04:00,152.5063420703446,152.96204442112963,151.3670737764242,152.88880920410156,106500000,0.0,0.0,0.0
2014-05-08 00:00:00-04:00,152.75045259526684,153.84088485656233,152.23778130687074,152.7260284423828,93618000,0.0,0.0,0.0
2014-05-09 00:00:00-04:00,152.75046377265326,153.01899288750838,152.03435302115395,152.9539031982422,83679000,0.0,0.0,0.0
2014-05-12 00:00:00-04:00,153.63745727644346,154.51631708838772,152.98644862867468,154.4430694580078,86940000,0.0,0.0,0.0
2014-05-13 00:00:00-04:00,154.64651058867025,154.9557424935837,154.42680494598076,154.5814208984375,66454000,0.0,0.0,0.0
2014-05-14 00:00:00-04:00,154.44308450593033,154.516332143447,153.62932672117142,153.8490447998047,72367000,0.0,0.0,0.0
2014-05-15 00:00:00-04:00,153.53976231470514,153.57231956887262,151.7494982610775,152.49815368652344,154956000,0.0,0.0,0.0
2014-05-16 00:00:00-04:00,152.58772446791798,153.09226276021317,151.9448612531172,153.02716064453125,97458000,0.0,0.0,0.0
2014-05-19 00:00:00-04:00,152.73419020646597,153.710696998282,152.59585288251313,153.58863830566406,63839000,0.0,0.0,0.0
2014-05-20 00:00:00-04:00,153.51531911630684,153.53159774005394,152.2295934301776,152.6201934814453,111644000,0.0,0.0,0.0
2014-05-21 00:00:00-04:00,153.05975155295016,153.97930214035193,153.03533980434327,153.90606689453125,89093000,0.0,0.0,0.0
2014-05-22 00:00:00-04:00,153.94670602870124,154.5977148002371,153.6863099702626,154.2803497314453,61549000,0.0,0.0,0.0
2014-05-23 00:00:00-04:00,154.41864674437025,155.00455324402114,154.28030943430772,154.89877319335938,61092800,0.0,0.0,0.0
2014-05-27 00:00:00-04:00,155.4765875210366,155.89974511975788,155.3870736524025,155.85092163085938,72010000,0.0,0.0,0.0
2014-05-28 00:00:00-04:00,155.85080296774794,156.09493264332332,155.4764691429389,155.73687744140625,66723000,0.0,0.0,0.0
2014-05-29 00:00:00-04:00,156.09501519933391,156.56698376025776,155.69626943777257,156.54257202148438,64377000,0.0,0.0,0.0
2014-05-30 00:00:00-04:00,156.39611220937385,156.89250495973772,156.26590798243546,156.7948455810547,76316000,0.0,0.0,0.0
2014-06-02 00:00:00-04:00,157.0145825898573,157.0471398589959,156.21710333340172,156.97389221191406,64656000,0.0,0.0,0.0
2014-06-03 00:00:00-04:00,156.59137255113365,156.9738396251444,156.44490213995806,156.89247131347656,65047000,0.0,0.0,0.0
2014-06-04 00:00:00-04:00,156.6239779847239,157.2993985057916,156.46122889437305,157.2098846435547,55529000,0.0,0.0,0.0
2014-06-05 00:00:00-04:00,157.38883563207312,158.39788695045462,156.81106236352113,158.23513793945312,92103000,0.0,0.0,0.0
2014-06-06 00:00:00-04:00,158.57694952795757,159.03265182595115,158.50371431941352,158.99197387695312,78696000,0.0,0.0,0.0
2014-06-09 00:00:00-04:00,158.9675328549529,159.53716062250513,158.8210500478943,159.15469360351562,65119000,0.0,0.0,0.0
2014-06-10 00:00:00-04:00,158.95940506942534,159.20353483045977,158.61762837075932,159.17098999023438,57129000,0.0,0.0,0.0
2014-06-11 00:00:00-04:00,158.6013513761247,158.7803790415973,158.2595746739376,158.6176300048828,68772000,0.0,0.0,0.0
2014-06-12 00:00:00-04:00,158.43047287734328,158.51998671213835,157.14473434890292,157.49464416503906,106350000,0.0,0.0,0.0
2014-06-13 00:00:00-04:00,157.80385216644697,158.1293626150857,157.29932649224943,157.97474670410156,82017000,0.0,0.0,0.0
2014-06-16 00:00:00-04:00,157.77946712321838,158.4386088198935,157.5923063441892,158.10496520996094,87424000,0.0,0.0,0.0
2014-06-17 00:00:00-04:00,157.8852917627556,158.65835918902116,157.71439716136956,158.54443359375,84834000,0.0,0.0,0.0
2014-06-18 00:00:00-04:00,158.54441653828323,159.7975979514545,158.19449426526288,159.7080841064453,105267000,0.0,0.0,0.0
2014-06-19 00:00:00-04:00,159.84637934386478,159.98472904541995,159.33372056374375,159.88706970214844,85929000,0.0,0.0,0.0
2014-06-20 00:00:00-04:00,160.2853476318007,160.34258962725573,160.01551924563984,160.21176147460938,100587000,0.937,0.0,0.0
2014-06-23 00:00:00-04:00,160.25255565925482,160.3016130694721,159.86825597728316,160.16261291503906,70611000,0.0,0.0,0.0
2014-06-24 00:00:00-04:00,159.87648707044283,160.66961543227083,159.0179446453607,159.1978302001953,96237000,0.0,0.0,0.0
2014-06-25 00:00:00-04:00,158.8625738760735,160.08088730400664,158.82987308554198,159.9173583984375,82782000,0.0,0.0,0.0
2014-06-26 00:00:00-04:00,159.94188715648718,159.95824378998552,158.73175828318043,159.80288696289062,84312000,0.0,0.0,0.0
2014-06-27 00:00:00-04:00,159.42676031407385,160.16265910893665,159.35317417752432,160.1136016845703,71445100,0.0,0.0,0.0
2014-06-30 00:00:00-04:00,160.015427428807,160.39972710890746,159.87642727505076,160.0317840576172,70201200,0.0,0.0,0.0
2014-07-01 00:00:00-04:00,160.42432465971527,161.5935808306111,160.3670951489979,161.1029815673828,90470000,0.0,0.0,0.0
2014-07-02 00:00:00-04:00,161.11926149279643,161.47084789876564,161.0456753812845,161.2664337158203,52475000,0.0,0.0,0.0
2014-07-03 00:00:00-04:00,161.72441940374077,162.13324802220828,161.60177580878423,162.05966186523438,52938800,0.0,0.0,0.0
2014-07-07 00:00:00-04:00,161.74892178491837,161.87973742932755,161.25832256990083,161.4954376220703,61696000,0.0,0.0,0.0
2014-07-08 00:00:00-04:00,161.20107438754272,161.2583163668906,160.0645316437118,160.45701599121094,108143000,0.0,0.0,0.0
2014-07-09 00:00:00-04:00,160.85761277203565,161.32368311935264,160.51419842601626,161.17649841308594,72992000,0.0,0.0,0.0
2014-07-10 00:00:00-04:00,159.62297039085314,160.9639271185345,159.49214230121268,160.5387420654297,99040000,0.0,0.0,0.0
2014-07-11 00:00:00-04:00,160.44063579664575,160.87399294980463,160.08086476916577,160.759521484375,64243000,0.0,0.0,0.0
2014-07-14 00:00:00-04:00,161.57723335944644,161.7816476513097,161.43823313815443,161.56906127929688,58658000,0.0,0.0,0.0
2014-07-15 00:00:00-04:00,161.66709000591572,161.97780355645713,160.55507635163508,161.2664337158203,111307000,0.0,0.0,0.0
2014-07-16 00:00:00-04:00,161.98603162310204,162.10867518468064,161.4218462869287,161.86338806152344,79986400,0.0,0.0,0.0
2014-07-17 00:00:00-04:00,161.3646080550795,161.9778507827125,159.7946956930584,160.02365112304688,145398000,0.0,0.0,0.0
2014-07-18 00:00:00-04:00,160.54696723289518,161.82251023843452,160.45702445807092,161.6589813232422,124330000,0.0,0.0,0.0
2014-07-21 00:00:00-04:00,161.15203104232307,161.48727343976287,160.61237437470638,161.3564453125,67592000,0.0,0.0,0.0
2014-07-22 00:00:00-04:00,161.90430499398323,162.35401896958936,161.78983347987068,162.05966186523438,67678000,0.0,0.0,0.0
2014-07-23 00:00:00-04:00,162.30485534300743,162.59104017928084,161.9777976527959,162.41932678222656,65612000,0.0,0.0,0.0
2014-07-24 00:00:00-04:00,162.5747207385196,162.76277832958417,162.2640071282315,162.4275360107422,56888000,0.0,0.0,0.0
2014-07-25 00:00:00-04:00,161.96964330148987,162.1086434695701,161.3482285836394,161.6671142578125,76837000,0.0,0.0,0.0
2014-07-28 00:00:00-04:00,161.69981542545443,161.96964368523302,160.7676871082436,161.73252868652344,69259000,0.0,0.0,0.0
2014-07-29 00:00:00-04:00,162.03507911564066,162.2640220675247,161.01300791028154,161.03753662109375,80466000,0.0,0.0,0.0
2014-07-30 00:00:00-04:00,161.60993206942808,161.82253091515358,160.39163089058985,161.06210327148438,104222000,0.0,0.0,0.0
2014-07-31 00:00:00-04:00,159.94183081648418,160.0808309611175,157.7832175839436,157.88133239746094,183479000,0.0,0.0,0.0
2014-08-01 00:00:00-04:00,157.44802898109054,158.42921487992484,156.63855654086868,157.3989715576172,189261000,0.0,0.0,0.0
2014-08-04 00:00:00-04:00,157.70150878949482,158.87076484057556,157.03103650667495,158.5355224609375,91340000,0.0,0.0,0.0
2014-08-05 00:00:00-04:00,157.8896078670969,158.2984364607699,156.42599451493078,156.99835205078125,152690000,0.0,0.0,0.0
2014-08-06 00:00:00-04:00,156.26245273262336,157.71788140838956,156.23792401713519,157.0474090576172,94818000,0.0,0.0,0.0
2014-08-07 00:00:00-04:00,157.75873399508706,157.9140908118847,155.8045343828295,156.19700622558594,135733000,0.0,0.0,0.0
2014-08-08 00:00:00-04:00,156.5486302316989,158.11034577443928,156.1316171354197,158.00405883789062,117014000,0.0,0.0,0.0
2014-08-11 00:00:00-04:00,158.600898969965,159.16508418834823,158.38831268212704,158.46189880371094,74544000,0.0,0.0,0.0
2014-08-12 00:00:00-04:00,158.3065639560834,158.74809322325737,157.75873529202562,158.24114990234375,73632000,0.0,0.0,0.0
2014-08-13 00:00:00-04:00,158.86255731738208,159.49215663847684,158.59274151336737,159.31227111816406,69047000,0.0,0.0,0.0
2014-08-14 00:00:00-04:00,159.57397313011776,160.06455993652344,159.42678835467544,160.06455993652344,57371000,0.0,0.0,0.0
2014-08-15 00:00:00-04:00,160.6450266352517,160.79219886518692,158.87888501731578,160.0317840576172,139951000,0.0,0.0,0.0
2014-08-18 00:00:00-04:00,160.91481025472723,161.44628201741824,160.82486753588506,161.37269592285156,75424000,0.0,0.0,0.0
2014-08-19 00:00:00-04:00,161.7652672078942,162.337624645587,161.43820937962872,162.21498107910156,59135000,0.0,0.0,0.0
2014-08-20 00:00:00-04:00,161.99421778358717,162.84458813930624,161.9615169898089,162.64834594726562,72763000,0.0,0.0,0.0
2014-08-21 00:00:00-04:00,162.78733148335488,163.3351601840809,162.65650336711872,163.12257385253906,67791000,0.0,0.0,0.0
2014-08-22 00:00:00-04:00,162.9917384043023,163.2779233361382,162.501151705169,162.8690948486328,76107000,0.0,0.0,0.0
2014-08-25 00:00:00-04:00,163.64590411430171,164.01384734238377,162.83641903135464,163.69496154785156,63855000,0.0,0.0,0.0
2014-08-26 00:00:00-04:00,163.80123901367188,164.20189546138394,163.76035366570835,163.80123901367188,47298000,0.0,0.0,0.0
2014-08-27 00:00:00-04:00,163.88299686555166,163.99748083017533,163.48235289519477,163.73582458496094,47874000,0.0,0.0,0.0
2014-08-28 00:00:00-04:00,163.19609930373332,163.75211235275202,163.0325704574753,163.64581298828125,58330000,0.0,0.0,0.0
2014-08-29 00:00:00-04:00,163.89930919809888,164.12825211255011,163.38419387881018,164.11190795898438,65907000,0.0,0.0,0.0
2014-09-02 00:00:00-04:00,164.32450835053123,164.34903705943867,163.41690869159257,164.0301513671875,72426000,0.0,0.0,0.0
2014-09-03 00:00:00-04:00,164.65975816233868,164.6842868723616,163.71127311993584,163.94021606445312,57462000,0.0,0.0,0.0
2014-09-04 00:00:00-04:00,164.21819454191441,164.82326508689715,163.25336547239246,163.7030792236328,85236000,0.0,0.0,0.0
2014-09-05 00:00:00-04:00,163.67038061822885,164.50439415189038,163.04896586407267,164.43898010253906,102177000,0.0,0.0,0.0
2014-09-08 00:00:00-04:00,164.2836680701248,164.5207956232088,163.5314250122434,164.0138397216797,64146000,0.0,0.0,0.0
2014-09-09 00:00:00-04:00,163.86664598738696,163.98111747085966,162.64016046026978,162.97540283203125,88591000,0.0,0.0,0.0
2014-09-10 00:00:00-04:00,163.06534106999337,163.69494049799076,162.52569689388076,163.58865356445312,67251000,0.0,0.0,0.0
2014-09-11 00:00:00-04:00,162.9345171520805,163.801231593235,162.81186111374646,163.77670288085938,66774400,0.0,0.0,0.0
2014-09-12 00:00:00-04:00,163.61316610769742,163.6295102641915,162.353967376153,162.82003784179688,117409300,0.0,0.0,0.0
2014-09-15 00:00:00-04:00,162.84458771686445,162.97541584455217,162.20681618995812,162.69740295410156,76401000,0.0,0.0,0.0
2014-09-16 00:00:00-04:00,162.39485928485348,164.21823092407925,162.30491651467878,163.9238739013672,116201000,0.0,0.0,0.0
2014-09-17 00:00:00-04:00,164.16091839291602,164.90497641372096,163.32690517097748,164.14456176757812,151266000,0.0,0.0,0.0
2014-09-18 00:00:00-04:00,164.64347968429266,165.0441362656117,164.43089327103024,165.0196075439453,94990000,0.0,0.0,0.0
2014-09-19 00:00:00-04:00,165.54448379590644,165.8566373529881,164.53405540429287,164.87086486816406,121649000,0.939,0.0,0.0
2014-09-22 00:00:00-04:00,164.58334968694203,164.60799305820626,163.25254496478962,163.59756469726562,125553000,0.0,0.0,0.0
2014-09-23 00:00:00-04:00,163.00606091222303,163.68788994021284,162.611754528668,162.66104125976562,111393000,0.0,0.0,0.0
2014-09-24 00:00:00-04:00,162.6857050276994,164.0411529767406,162.25854494810054,163.93435668945312,107276000,0.0,0.0,0.0
2014-09-25 00:00:00-04:00,163.50723724773002,163.5154600631342,161.2317485715374,161.28924560546875,150300000,0.0,0.0,0.0
2014-09-26 00:00:00-04:00,161.5849064808038,162.9732079077673,161.35489337826505,162.5706787109375,103547000,0.0,0.0,0.0
2014-09-29 00:00:00-04:00,161.17418447817954,162.5624860556339,161.05096763659645,162.27496337890625,95112000,0.0,0.0,0.0
2014-09-30 00:00:00-04:00,162.39816768571174,162.8992703220862,161.51096895894517,161.8477783203125,131302000,0.0,0.0,0.0
2014-10-01 00:00:00-04:00,161.58496393156062,161.64247349502955,159.29304236824868,159.6544952392578,177798000,0.0,0.0,0.0
2014-10-02 00:00:00-04:00,159.51477133593158,160.23767679968202,158.01147593664618,159.6790771484375,157285000,0.0,0.0,0.0
2014-10-03 00:00:00-04:00,160.74702079838477,161.78209246427897,160.25414086989917,161.43707275390625,121569000,0.0,0.0,0.0
2014-10-06 00:00:00-04:00,162.11069405069262,162.32428665405547,160.6648952449601,161.24813842773438,104778000,0.0,0.0,0.0
2014-10-07 00:00:00-04:00,160.41840893913346,160.77986168401748,158.7261643015165,158.75901794433594,147913000,0.0,0.0,0.0
2014-10-08 00:00:00-04:00,158.84937444075254,161.76562710804325,158.01968524568244,161.53561401367188,186461000,0.0,0.0,0.0
2014-10-09 00:00:00-04:00,161.28100102449594,161.50280390198415,158.20045425018122,158.33189392089844,210705000,0.0,0.0,0.0
2014-10-10 00:00:00-04:00,158.2908616262221,159.07947480102516,156.4836095212863,156.52467346191406,221909000,0.0,0.0,0.0
2014-10-13 00:00:00-04:00,156.45888238181726,157.0256923137955,153.86300595701567,153.953369140625,230939000,0.0,0.0,0.0
2014-10-14 00:00:00-04:00,154.78305517519757,155.93313317345851,153.64941026492173,154.19158935546875,215847000,0.0,0.0,0.0
2014-10-15 00:00:00-04:00,152.1050310279456,154.183371572418,149.44343496874612,153.14830017089844,380715000,0.0,0.0,0.0
2014-10-16 00:00:00-04:00,150.37993846656482,154.09302692623075,150.2402885456298,153.0168914794922,270391000,0.0,0.0,0.0
2014-10-17 00:00:00-04:00,154.78308125534656,155.87564989713857,154.1258955077184,154.82415771484375,214625000,0.0,0.0,0.0
2014-10-20 00:00:00-04:00,154.54483063223748,156.45065517651102,154.49554390342996,156.3274383544922,130011000,0.0,0.0,0.0
2014-10-21 00:00:00-04:00,157.46112173884418,159.53125276289714,157.29682841133018,159.42446899414062,154949000,0.0,0.0,0.0
2014-10-22 00:00:00-04:00,159.70376238225862,160.1145019516581,158.22509742546504,158.2908172607422,151822000,0.0,0.0,0.0
2014-10-23 00:00:00-04:00,159.8762638860313,161.17420241249158,159.58053089854948,160.13092041015625,154944000,0.0,0.0,0.0
2014-10-24 00:00:00-04:00,160.39371353480973,161.41235161855954,159.76939424560373,161.36305236816406,117927000,0.0,0.0,0.0
2014-10-27 00:00:00-04:00,160.78809963441634,161.3795655851563,160.21306677530146,161.14134216308594,82954000,0.0,0.0,0.0
2014-10-28 00:00:00-04:00,161.68352105068703,162.9978800782127,161.6095784059101,162.9896697998047,106736000,0.0,0.0,0.0
2014-10-29 00:00:00-04:00,163.10467790743206,163.57291447662246,161.66708948159052,162.74322509765625,142557000,0.0,0.0,0.0
2014-10-30 00:00:00-04:00,162.30781908718325,164.25472026722727,162.15994635204947,163.78648376464844,113330000,0.0,0.0,0.0
2014-10-31 00:00:00-04:00,165.7580430801811,165.79090926192782,164.92835374532302,165.6594696044922,146903000,0.0,0.0,0.0
2014-11-03 00:00:00-05:00,165.87307953771372,166.30846251349826,165.3719767213684,165.74986267089844,93600000,0.0,0.0,0.0
2014-11-04 00:00:00-05:00,165.30623181391417,165.61018759726343,164.34510279416602,165.1748046875,93343000,0.0,0.0,0.0
2014-11-05 00:00:00-05:00,166.38238720071865,166.42346366657512,165.48697790502428,166.2180938720703,91709000,0.0,0.0,0.0
2014-11-06 00:00:00-05:00,166.25919465022704,166.97387762848402,165.6430851766181,166.88351440429688,107089000,0.0,0.0,0.0
2014-11-07 00:00:00-05:00,166.89993133584196,167.25317391791833,166.43990497899858,167.03958129882812,89540000,0.0,0.0,0.0
2014-11-10 00:00:00-05:00,167.07241245147236,167.6145790956135,166.86704268989263,167.56529235839844,66319000,0.0,0.0,0.0
2014-11-11 00:00:00-05:00,167.6309950171113,167.83636475765658,167.29418563427126,167.7295684814453,54499400,0.0,0.0,0.0
2014-11-12 00:00:00-05:00,167.0477559622911,167.77887175469928,167.0148897835455,167.54885864257812,90120300,0.0,0.0,0.0
2014-11-13 00:00:00-05:00,167.71311908932574,168.2635083951759,166.93271671639707,167.73776245117188,85357900,0.0,0.0,0.0
2014-11-14 00:00:00-05:00,167.66387832263254,167.98425464921996,167.35171227398692,167.7788848876953,80417500,0.0,0.0,0.0
2014-11-17 00:00:00-05:00,167.4585362615405,168.0582125546518,167.29423039732146,167.8856964111328,80441000,0.0,0.0,0.0
2014-11-18 00:00:00-05:00,167.94318397116785,169.15896949150834,167.94318397116785,168.8550262451172,76068100,0.0,0.0,0.0
2014-11-19 00:00:00-05:00,168.65786870783663,168.85502820048956,167.8281793456274,168.5839385986328,82373000,0.0,0.0,0.0
2014-11-20 00:00:00-05:00,167.79537144056886,168.9865265537353,167.7296515868591,168.87973022460938,72840300,0.0,0.0,0.0
2014-11-21 00:00:00-05:00,170.57192013045926,170.73621344380052,169.2082618136518,169.78329467773438,142327300,0.0,0.0,0.0
2014-11-24 00:00:00-05:00,170.1857134918843,170.36643977969317,169.97213357664114,170.2596435546875,65880800,0.0,0.0,0.0
2014-11-25 00:00:00-05:00,170.4897656382271,170.69513541170875,169.8818791309782,170.13653564453125,79108300,0.0,0.0,0.0
2014-11-26 00:00:00-05:00,170.28434628341694,170.67044234792576,170.0707662937031,170.57186889648438,62167800,0.0,0.0,0.0
2014-11-28 00:00:00-05:00,170.44868515231886,170.76083865403754,169.97222581995615,170.21044921875,57890100,0.0,0.0,0.0
2014-12-01 00:00:00-05:00,169.5532423399224,169.6682488861552,168.7153428751293,169.02749633789062,103968400,0.0,0.0,0.0
2014-12-02 00:00:00-05:00,169.06856420169623,170.3254258698104,169.04392083838204,170.12005615234375,74507200,0.0,0.0,0.0
2014-12-03 00:00:00-05:00,170.29262828920778,170.9908780375887,170.12833496810504,170.7772979736328,68952000,0.0,0.0,0.0
2014-12-04 00:00:00-05:00,170.4897471256687,171.08943582415705,169.79970777004428,170.5883331298828,91316600,0.0,0.0,0.0
2014-12-05 00:00:00-05:00,170.7608947220097,171.25378730622916,170.49802786926404,170.86769104003906,91025500,0.0,0.0,0.0
2014-12-08 00:00:00-05:00,170.47336388561456,170.9662438754724,169.16720245576394,169.72581481933594,108588200,0.0,0.0,0.0
2014-12-09 00:00:00-05:00,167.88569801362604,169.71760563197813,167.50782460578156,169.61080932617188,125180100,0.0,0.0,0.0
2014-12-10 00:00:00-05:00,169.1507451227983,169.20824213513163,166.7027286600397,166.8916778564453,159856400,0.0,0.0,0.0
2014-12-11 00:00:00-05:00,167.48310602224723,169.380720093031,167.34345612686184,167.73776245117188,159012800,0.0,0.0,0.0
2014-12-12 00:00:00-05:00,166.4644893682512,167.43384102078957,164.9940476033174,165.0269012451172,202330200,0.0,0.0,0.0
2014-12-15 00:00:00-05:00,165.92233427661947,166.37415025907953,163.29360383518193,163.89328002929688,189965800,0.0,0.0,0.0
2014-12-16 00:00:00-05:00,163.12929259461615,166.2673356886068,162.53782674348534,162.5789031982422,259543800,0.0,0.0,0.0
2014-12-17 00:00:00-05:00,163.01428833105243,166.21805129068335,162.89105896505168,165.7662353515625,253910100,0.0,0.0,0.0
2014-12-18 00:00:00-05:00,168.18962103416158,174.95038993808632,167.5160022131921,169.8654327392578,257633900,0.0,0.0,0.0
2014-12-19 00:00:00-05:00,170.51387556149317,171.25729490243907,169.83655138396585,170.58822631835938,245084600,1.135,0.0,0.0
2014-12-22 00:00:00-05:00,170.77822482483685,171.37295532226562,170.53868654857624,171.37295532226562,148318900,0.0,0.0,0.0
2014-12-23 00:00:00-05:00,171.95112622110676,172.0006849849126,171.3150926763629,171.6042022705078,122167900,0.0,0.0,0.0
2014-12-24 00:00:00-05:00,171.8271696840752,172.0914872006354,171.57936334708168,171.62066650390625,42963400,0.0,0.0,0.0
2014-12-26 00:00:00-05:00,172.06674758901318,172.5128016194677,172.01718883095307,172.17413330078125,57326700,0.0,0.0,0.0
2014-12-29 00:00:00-05:00,171.99241954537655,172.61192926539766,171.9263369960994,172.40542602539062,79643900,0.0,0.0,0.0
2014-12-30 00:00:00-05:00,171.984215239719,172.1163677737243,171.4059959121055,171.4803466796875,73540800,0.0,0.0,0.0
2014-12-31 00:00:00-05:00,171.80242821879258,171.9676282785882,169.65478962957997,169.7786865234375,130333800,0.0,0.0,0.0
2015-01-02 00:00:00-05:00,170.47254275626065,170.88554919758974,168.6553043312476,169.6878204345703,121465900,0.0,0.0,0.0
2015-01-05 00:00:00-05:00,168.64708148544278,168.81228157325947,166.31773125812248,166.62335205078125,169632600,0.0,0.0,0.0
2015-01-06 00:00:00-05:00,166.92894957322903,167.44934175106874,164.2609313452381,165.0539093017578,209151400,0.0,0.0,0.0
2015-01-07 00:00:00-05:00,166.3754754266989,167.4492944504234,165.92943411737363,167.11062622070312,125346700,0.0,0.0,0.0
2015-01-08 00:00:00-05:00,168.51497665179838,170.29091289197075,168.49846545988177,170.07614135742188,147217800,0.0,0.0,0.0
2015-01-09 00:00:00-05:00,170.48908829723226,170.5056120873232,168.10191108942752,168.71316528320312,158567300,0.0,0.0,0.0
2015-01-12 00:00:00-05:00,168.84530078782205,169.0022452562674,166.78852411875266,167.39151000976562,144396100,0.0,0.0,0.0
2015-01-13 00:00:00-05:00,168.60580720038158,169.72918563555,165.62389909993922,166.92074584960938,214553300,0.0,0.0,0.0
2015-01-14 00:00:00-05:00,164.91348263853635,166.111211515272,164.0213997320499,165.9129638671875,192991100,0.0,0.0,0.0
2015-01-15 00:00:00-05:00,166.54896025835984,166.86283654292797,164.27742512162916,164.39306640625,176613900,0.0,0.0,0.0
2015-01-16 00:00:00-05:00,164.18659841874955,166.70594044959492,164.00487456052744,166.5489959716797,211879600,0.0,0.0,0.0
2015-01-20 00:00:00-05:00,167.18503146744484,167.44936168573867,165.3430259480595,166.90419006347656,130991100,0.0,0.0,0.0
2015-01-21 00:00:00-05:00,166.4416173249317,168.22580840656576,165.97905206760984,167.74671936035156,122942700,0.0,0.0,0.0
2015-01-22 00:00:00-05:00,168.49836906255456,170.37340919341256,167.12718468012818,170.2412567138672,174356000,0.0,0.0,0.0
2015-01-23 00:00:00-05:00,169.98518533689273,170.24125991747914,169.17569624213647,169.307861328125,117516800,0.0,0.0,0.0
2015-01-26 00:00:00-05:00,169.09310423115286,169.795207625169,168.3827326417059,169.704345703125,92009700,0.0,0.0,0.0
2015-01-27 00:00:00-05:00,167.65583025769982,168.60573999976427,166.63983797473307,167.46585083007812,134044600,0.0,0.0,0.0
2015-01-28 00:00:00-05:00,168.64703747352567,168.74615497955716,165.12822736589717,165.31820678710938,168514300,0.0,0.0,0.0
2015-01-29 00:00:00-05:00,165.5164324961827,167.10237540255642,164.11220079216446,166.8463134765625,173585400,0.0,0.0,0.0
2015-01-30 00:00:00-05:00,165.67343415017112,166.99504739330268,164.48397340858196,164.748291015625,197729700,0.0,0.0,0.0
2015-02-02 00:00:00-05:00,165.24387318713673,166.8793751012651,163.43490302874275,166.78851318359375,163107000,0.0,0.0,0.0
2015-02-03 00:00:00-05:00,167.68063958790245,169.20876868484345,167.30893625739085,169.20050048828125,124212900,0.0,0.0,0.0
2015-02-04 00:00:00-05:00,168.44052631630873,169.6465105332436,168.10185804807884,168.55616760253906,134306700,0.0,0.0,0.0
2015-02-05 00:00:00-05:00,169.2169950571287,170.40645559253682,169.14265692465472,170.2577667236328,97953200,0.0,0.0,0.0
2015-02-06 00:00:00-05:00,170.62125595934074,171.18295139519486,169.26659504269838,169.7869873046875,125672000,0.0,0.0,0.0
2015-02-09 00:00:00-05:00,169.1426798861956,169.86130713891177,168.622287680321,169.02703857421875,87219000,0.0,0.0,0.0
2015-02-10 00:00:00-05:00,170.05955750358785,171.08380553916865,169.0683318377307,170.82774353027344,96164200,0.0,0.0,0.0
2015-02-11 00:00:00-05:00,170.6625165467923,171.35636432033186,170.0182275279404,170.9268341064453,91087800,0.0,0.0,0.0
2015-02-12 00:00:00-05:00,171.7197950096614,172.62841410225678,170.9598647703792,172.57058715820312,97545900,0.0,0.0,0.0
2015-02-13 00:00:00-05:00,172.69452848136683,173.3305493595107,172.43845388699384,173.28099060058594,93670400,0.0,0.0,0.0
2015-02-17 00:00:00-05:00,172.9671293090362,173.72707241390395,172.71933547479566,173.55360412597656,76968200,0.0,0.0,0.0
2015-02-18 00:00:00-05:00,173.18190224563585,173.64446754543653,172.91757201491595,173.57012939453125,80652900,0.0,0.0,0.0
2015-02-19 00:00:00-05:00,172.9753918948121,173.80966051892923,172.83497119197804,173.4462127685547,91462500,0.0,0.0,0.0
2015-02-20 00:00:00-05:00,173.03323875472503,174.56136819112083,172.41372886493664,174.48703002929688,140896400,0.0,0.0,0.0
2015-02-23 00:00:00-05:00,174.2391464711458,174.46217346191406,173.85917502776118,174.46217346191406,74411100,0.0,0.0,0.0
2015-02-24 00:00:00-05:00,174.38788888649893,175.1560876554852,174.0905236539817,174.9578399658203,72472300,0.0,0.0,0.0
2015-02-25 00:00:00-05:00,174.83386140539332,175.3129503120881,174.47041377935219,174.80908203125,73061700,0.0,0.0,0.0
2015-02-26 00:00:00-05:00,174.71828719907174,174.87523169819997,173.99964726116664,174.60264587402344,72697900,0.0,0.0,0.0
2015-02-27 00:00:00-05:00,174.50350429733115,174.76783451094943,173.95834528867053,174.00790405273438,108076000,0.0,0.0,0.0
2015-03-02 00:00:00-05:00,174.1070098663145,175.16430544173227,174.05745110558516,175.1064910888672,87491400,0.0,0.0,0.0
2015-03-03 00:00:00-05:00,174.67694218695533,175.15603116282256,173.52878480470744,174.38783264160156,110325800,0.0,0.0,0.0
2015-03-04 00:00:00-05:00,173.7931764722502,173.86752724107197,172.6863217822364,173.6527557373047,114497200,0.0,0.0,0.0
2015-03-05 00:00:00-05:00,173.97484964121526,174.12353853152536,173.33882872209776,173.8426971435547,76873000,0.0,0.0,0.0
2015-03-06 00:00:00-05:00,172.98363319579175,173.41316346565193,171.06728967572505,171.39768981933594,188128000,0.0,0.0,0.0
2015-03-09 00:00:00-04:00,171.5959539499552,172.46325756122909,171.4390094552801,172.1080780029297,89818900,0.0,0.0,0.0
2015-03-10 00:00:00-04:00,170.74515846303427,170.82775220341048,169.27484367841856,169.31614685058594,157121300,0.0,0.0,0.0
2015-03-11 00:00:00-04:00,169.57220721520224,169.74567549502646,168.83705613205854,168.91966247558594,110145700,0.0,0.0,0.0
2015-03-12 00:00:00-04:00,169.5474329380123,171.13337647061587,169.497874171987,171.0673065185547,93993500,0.0,0.0,0.0
2015-03-13 00:00:00-04:00,170.79468838429833,171.75285375539067,168.98571814290895,170.0182342529297,162410900,0.0,0.0,0.0
2015-03-16 00:00:00-04:00,170.74513950639326,172.380641590183,170.0430234693745,172.28977966308594,136099200,0.0,0.0,0.0
2015-03-17 00:00:00-04:00,171.5546219127697,172.15760780310515,170.96814720565243,171.77764892578125,94510400,0.0,0.0,0.0
2015-03-18 00:00:00-04:00,171.30683124757832,174.51176564005567,170.67079772450302,173.8426971435547,228808500,0.0,0.0,0.0
2015-03-19 00:00:00-04:00,173.4296999300412,173.85096203452886,172.6615012642596,173.0497283935547,117917300,0.0,0.0,0.0
2015-03-20 00:00:00-04:00,173.9963762827,175.08328115532012,173.81384128696973,174.57716369628906,177715100,0.931,0.0,0.0
2015-03-23 00:00:00-04:00,174.58551785943564,175.15801303387462,174.23704528808594,174.23704528808594,71784500,0.0,0.0,0.0
2015-03-24 00:00:00-04:00,174.11257043384242,174.5688953590549,173.191602819688,173.2579803466797,77805300,0.0,0.0,0.0
2015-03-25 00:00:00-04:00,173.46540362154204,173.69771863356073,170.67761081709924,170.71908569335938,159521700,0.0,0.0,0.0
2015-03-26 00:00:00-04:00,170.05534076691788,171.22520830472868,169.35838305008411,170.3125457763672,153067200,0.0,0.0,0.0
2015-03-27 00:00:00-04:00,170.19641226043072,170.87675986583287,170.00557209213895,170.70252990722656,118939000,0.0,0.0,0.0
2015-03-30 00:00:00-04:00,171.73137224178052,173.08378784263246,171.71478735039733,172.78509521484375,96180400,0.0,0.0,0.0
2015-03-31 00:00:00-04:00,171.9636618523457,172.66061965410185,171.21693672358907,171.27500915527344,126768700,0.0,0.0,0.0
2015-04-01 00:00:00-04:00,171.24182193973758,171.26671193265366,169.6819815291534,170.66932678222656,137303600,0.0,0.0,0.0
2015-04-02 00:00:00-04:00,170.6029193047295,171.73131187302016,170.4203842819018,171.2832794189453,86900900,0.0,0.0,0.0
2015-04-06 00:00:00-04:00,170.39548636758687,172.950963908092,170.26274398824668,172.43655395507812,114368200,0.0,0.0,0.0
2015-04-07 00:00:00-04:00,172.46143685403993,173.20816176547933,171.94702692216907,171.98020935058594,81236300,0.0,0.0,0.0
2015-04-08 00:00:00-04:00,172.20425493830373,173.0007599290921,171.81429488606952,172.56101989746094,89351900,0.0,0.0,0.0
2015-04-09 00:00:00-04:00,172.3951111403809,173.55668638726806,171.9055910477799,173.32437133789062,85548900,0.0,0.0,0.0
2015-04-10 00:00:00-04:00,173.57325759435778,174.31169017357283,173.37413767380824,174.27020263671875,72722900,0.0,0.0,0.0
2015-04-13 00:00:00-04:00,174.12914439239796,174.75972452913572,173.4321993930522,173.4819793701172,74436600,0.0,0.0,0.0
2015-04-14 00:00:00-04:00,173.28282011283966,173.99636249591538,172.66054522039738,173.81382751464844,75099900,0.0,0.0,0.0
2015-04-15 00:00:00-04:00,174.27851832960081,175.09991337221425,174.195543250851,174.5937957763672,99529300,0.0,0.0,0.0
2015-04-16 00:00:00-04:00,174.26194181977996,175.05015452218305,174.0628092028716,174.54403686523438,68934900,0.0,0.0,0.0
2015-04-17 00:00:00-04:00,173.35755579846713,173.59816327762158,171.7562278847155,172.53614807128906,191113200,0.0,0.0,0.0
2015-04-20 00:00:00-04:00,173.45709394440155,174.44443904955597,173.37413153385023,174.11256408691406,92189500,0.0,0.0,0.0
2015-04-21 00:00:00-04:00,174.7929085814658,174.95055361711223,173.60644358302048,173.90513610839844,72559800,0.0,0.0,0.0
2015-04-22 00:00:00-04:00,174.24532765331014,174.94228541591448,173.324359960795,174.75975036621094,78264600,0.0,0.0,0.0
2015-04-23 00:00:00-04:00,174.36144256472383,175.84661259165944,174.2452850760431,175.19944763183594,102585900,0.0,0.0,0.0
2015-04-24 00:00:00-04:00,175.6143231698028,175.87152817072322,175.1579855906446,175.60601806640625,61327400,0.0,0.0,0.0
2015-04-27 00:00:00-04:00,176.17021507638887,176.29466502117256,174.68504488080637,174.87588500976562,79358100,0.0,0.0,0.0
2015-04-28 00:00:00-04:00,174.8509904598969,175.48155793071655,173.68111036857317,175.43177795410156,86863500,0.0,0.0,0.0
2015-04-29 00:00:00-04:00,174.54402602905753,175.30734868948554,173.9051659940532,174.70997619628906,125684900,0.0,0.0,0.0
2015-04-30 00:00:00-04:00,174.1374314558223,174.52739144939122,172.2623014458399,172.95925903320312,161304900,0.0,0.0,0.0
2015-05-01 00:00:00-04:00,173.73920137750798,174.87589915945125,173.63964141362536,174.83441162109375,103399700,0.0,0.0,0.0
2015-05-04 00:00:00-04:00,175.25753173188116,175.91300183759805,175.14967933819705,175.33221435546875,70927200,0.0,0.0,0.0
2015-05-05 00:00:00-04:00,175.09163686228817,175.4484145411168,173.1833238193558,173.32437133789062,113326200,0.0,0.0,0.0
2015-05-06 00:00:00-04:00,173.87195706754807,174.17894206411373,171.5487941735033,172.61080932617188,135060200,0.0,0.0,0.0
2015-05-07 00:00:00-04:00,172.5112563713364,173.7226241798103,172.17938137022506,173.29946899414062,88244900,0.0,0.0,0.0
2015-05-08 00:00:00-04:00,174.96719142130206,175.7802941151666,174.8842163328538,175.58116149902344,155877300,0.0,0.0,0.0
2015-05-11 00:00:00-04:00,175.53968184520852,175.80517933263093,174.66849408105816,174.7431640625,75708100,0.0,0.0,0.0
2015-05-12 00:00:00-04:00,173.91344347223256,174.7597411434483,173.0920357919156,174.22042846679688,119727600,0.0,0.0,0.0
2015-05-13 00:00:00-04:00,174.62702471566996,175.24929994623557,174.02134703611495,174.253662109375,94667900,0.0,0.0,0.0
2015-05-14 00:00:00-04:00,175.26582296579826,176.16190043598417,174.99202046155673,176.0706329345703,95934000,0.0,0.0,0.0
2015-05-15 00:00:00-04:00,176.26148986816406,176.40253736481634,175.7802622947641,176.26148986816406,76510100,0.0,0.0,0.0
2015-05-18 00:00:00-04:00,176.0955850883532,177.05802775369216,176.02920754932617,176.8091278076172,74549700,0.0,0.0,0.0
2015-05-19 00:00:00-04:00,176.92526494125534,177.19906751059696,176.46892732568597,176.7510223388672,72114600,0.0,0.0,0.0
2015-05-20 00:00:00-04:00,176.85059685814068,177.37331204809766,176.31129677913978,176.6265869140625,76857500,0.0,0.0,0.0
2015-05-21 00:00:00-04:00,176.48553362894427,177.34841625919387,176.319583462163,177.1409912109375,64764600,0.0,0.0,0.0
2015-05-22 00:00:00-04:00,176.7593246131695,177.1741747121736,176.65147219637822,176.7178497314453,57433500,0.0,0.0,0.0
2015-05-26 00:00:00-04:00,176.228282326917,176.65143744720314,174.40294478240588,174.8177947998047,124308600,0.0,0.0,0.0
2015-05-27 00:00:00-04:00,175.2741711023209,176.70954893500715,174.86761343770593,176.47723388671875,93214000,0.0,0.0,0.0
2015-05-28 00:00:00-04:00,176.1701958658901,176.38591330006497,175.58940841986788,176.27806091308594,74974600,0.0,0.0,0.0
2015-05-29 00:00:00-04:00,176.2117246051281,176.2531994850872,174.91739437695398,175.18289184570312,124919600,0.0,0.0,0.0
2015-06-01 00:00:00-04:00,175.84662729540608,176.17850224503937,174.7514171732241,175.53964233398438,93338800,0.0,0.0,0.0
2015-06-02 00:00:00-04:00,175.0833377129909,176.0540854164766,174.46106257022674,175.3654327392578,91531000,0.0,0.0,0.0
2015-06-03 00:00:00-04:00,175.89644040068288,176.45233800913786,175.34054279222792,175.83006286621094,87820900,0.0,0.0,0.0
2015-06-04 00:00:00-04:00,175.12484522024155,175.78030287485055,174.0296347672078,174.3449249267578,151882800,0.0,0.0,0.0
2015-06-05 00:00:00-04:00,174.19548247550782,174.71819743677787,173.39067260126015,174.046142578125,121704700,0.0,0.0,0.0
2015-06-08 00:00:00-04:00,173.93834636683118,174.08769898352278,172.90122113504552,172.97589111328125,89063300,0.0,0.0,0.0
2015-06-09 00:00:00-04:00,172.9510498046875,173.4903626731598,172.32048204394195,172.9510498046875,105034700,0.0,0.0,0.0
2015-06-10 00:00:00-04:00,173.71431032637201,175.40690566336218,173.65623790120128,175.02523803710938,134551300,0.0,0.0,0.0
2015-06-11 00:00:00-04:00,175.46498440269264,175.971102001252,175.23266937321156,175.58944702148438,73876400,0.0,0.0,0.0
2015-06-12 00:00:00-04:00,174.7680918906073,175.46503718871605,173.97157393546635,174.24537658691406,135382400,0.0,0.0,0.0
2015-06-15 00:00:00-04:00,173.1086817875947,173.78073705038958,172.40343142083162,173.49864196777344,124384200,0.0,0.0,0.0
2015-06-16 00:00:00-04:00,173.34920223470553,174.52738728945883,173.17497233718007,174.4444122314453,85308200,0.0,0.0,0.0
2015-06-17 00:00:00-04:00,174.72654724121094,175.33223745113244,173.7060196267391,174.72654724121094,126708600,0.0,0.0,0.0
2015-06-18 00:00:00-04:00,175.3239644513541,177.00825500991627,174.75977433686225,176.5436248779297,165867900,0.0,0.0,0.0
2015-06-19 00:00:00-04:00,176.30183904524156,176.37687224004762,175.3847242582681,175.75990295410156,130478700,1.03,0.0,0.0
2015-06-22 00:00:00-04:00,176.67698711889116,177.24392145490066,176.45187485168697,176.66030883789062,70696000,0.0,0.0,0.0
2015-06-23 00:00:00-04:00,176.8687485589522,177.11887189486686,176.39352567033555,176.78536987304688,68476800,0.0,0.0,0.0
2015-06-24 00:00:00-04:00,176.51862399503057,176.89380272943305,175.47645377624346,175.50146484375,92307300,0.0,0.0,0.0
2015-06-25 00:00:00-04:00,176.0017330705974,176.12678842335905,174.8928622961555,174.9678955078125,97107400,0.0,0.0,0.0
2015-06-26 00:00:00-04:00,175.3263076494394,175.56809817200963,174.384194782506,174.93446350097656,104174800,0.0,0.0,0.0
2015-06-29 00:00:00-04:00,173.45876660249095,174.94281557284336,171.19100380518373,171.2660369873047,202621300,0.0,0.0,0.0
2015-06-30 00:00:00-04:00,172.80011556467298,172.8501504100554,171.14932187749557,171.6245574951172,182925100,0.0,0.0,0.0
2015-07-01 00:00:00-04:00,173.19198460957617,173.44210796677788,172.21651496611176,173.00022888183594,135979900,0.0,0.0,0.0
2015-07-02 00:00:00-04:00,173.47545965044043,173.6422043099479,172.4249441241193,172.84181213378906,104373700,0.0,0.0,0.0
2015-07-06 00:00:00-04:00,171.5578830488215,173.1252982860013,171.3577818024183,172.3499298095703,117975400,0.0,0.0,0.0
2015-07-07 00:00:00-04:00,172.55004903915003,173.55886271395502,170.17389578745733,173.43380737304688,173820200,0.0,0.0,0.0
2015-07-08 00:00:00-04:00,172.09976241238823,172.3832295642684,170.29055704167047,170.5240020751953,164020100,0.0,0.0,0.0
2015-07-09 00:00:00-04:00,172.6166988345158,172.87516768530955,170.72412724140756,170.83250427246094,144113100,0.0,0.0,0.0
2015-07-10 00:00:00-04:00,172.82513914137888,173.40041904782046,170.87419984963972,172.98355102539062,129456900,0.0,0.0,0.0
2015-07-13 00:00:00-04:00,174.24247873239707,175.0011687694546,174.20078939102447,174.89279174804688,106069400,0.0,0.0,0.0
2015-07-14 00:00:00-04:00,174.85107946681126,175.959949648478,174.79271185218707,175.65145874023438,81709600,0.0,0.0,0.0
2015-07-15 00:00:00-04:00,175.69318389756324,176.15174124239255,175.11790402148668,175.5931396484375,97914100,0.0,0.0,0.0
2015-07-16 00:00:00-04:00,176.6436688574949,177.00218200683594,176.40189097866778,177.00218200683594,106683300,0.0,0.0,0.0
2015-07-17 00:00:00-04:00,176.99376406880003,177.2105435146903,176.58524167640402,177.1521759033203,89030000,0.0,0.0,0.0
2015-07-20 00:00:00-04:00,177.37734308080402,177.73584347269255,176.92713121534828,177.2439422607422,70446800,0.0,0.0,0.0
2015-07-21 00:00:00-04:00,177.11052872219872,177.36899756318357,176.24344889766735,176.54359436035156,77965000,0.0,0.0,0.0
2015-07-22 00:00:00-04:00,175.85994547068282,176.56029344734014,175.8266016250339,176.22679138183594,88667900,0.0,0.0,0.0
2015-07-23 00:00:00-04:00,176.36018313968574,176.4602273932913,174.87613400945932,175.23463439941406,90509100,0.0,0.0,0.0
2015-07-24 00:00:00-04:00,175.3346636099752,175.3930185080703,173.08357920770112,173.4170684814453,117755000,0.0,0.0,0.0
2015-07-27 00:00:00-04:00,172.53336273463475,173.0419423003663,171.96641553132218,172.40829467773438,132361100,0.0,0.0,0.0
2015-07-28 00:00:00-04:00,173.24200980610797,174.66770406215596,172.41661925106152,174.52597045898438,123544800,0.0,0.0,0.0
2015-07-29 00:00:00-04:00,174.6509751382141,175.95160097542293,174.50924157613866,175.72650146484375,105791300,0.0,0.0,0.0
2015-07-30 00:00:00-04:00,175.21795021419427,175.9349636396938,174.6009810316665,175.76821899414062,91304400,0.0,0.0,0.0
2015-07-31 00:00:00-04:00,176.26850059816078,176.29351166566732,175.21799759747296,175.50146484375,103266900,0.0,0.0,0.0
2015-08-03 00:00:00-04:00,175.4680839189179,175.52643882350162,173.9590110746571,174.9094696044922,113965700,0.0,0.0,0.0
2015-08-04 00:00:00-04:00,174.83446167232952,175.29301908230389,174.0841042536832,174.5676727294922,81820800,0.0,0.0,0.0
2015-08-05 00:00:00-04:00,175.45974010894733,176.1767535837583,174.85944916623106,175.14292907714844,85786800,0.0,0.0,0.0
2015-08-06 00:00:00-04:00,175.32636070443925,175.43475046954953,173.12529788629934,173.70892333984375,116030800,0.0,0.0,0.0
2015-08-07 00:00:00-04:00,173.55050215836098,173.70056854343548,172.47497551144963,173.3754119873047,117858000,0.0,0.0,0.0
2015-08-10 00:00:00-04:00,174.4842574429596,175.64314989691428,174.4842574429596,175.55978393554688,80270700,0.0,0.0,0.0
2015-08-11 00:00:00-04:00,174.22586194010012,174.64273005734745,173.2170354987672,173.97573852539062,126081400,0.0,0.0,0.0
2015-08-12 00:00:00-04:00,172.6750373934088,174.36752020008473,171.21599961373644,174.18409729003906,172123700,0.0,0.0,0.0
2015-08-13 00:00:00-04:00,174.0257316203212,174.70940132497384,173.42544061392488,173.96737670898438,89383300,0.0,0.0,0.0
2015-08-14 00:00:00-04:00,173.7755643017148,174.67600058360037,173.6338307279643,174.60096740722656,72786500,0.0,0.0,0.0
2015-08-17 00:00:00-04:00,174.00904675741438,175.5764617919922,173.55048941147336,175.5764617919922,79072600,0.0,0.0,0.0
2015-08-18 00:00:00-04:00,175.30131614183904,175.6514837139726,174.83442604566096,175.06787109375,71692700,0.0,0.0,0.0
2015-08-19 00:00:00-04:00,174.32583589007928,175.09287138975742,172.87514356925766,173.68386840820312,172946000,0.0,0.0,0.0
2015-08-20 00:00:00-04:00,172.17478180084714,173.6588305616013,169.99873077406508,170.05709838867188,194327900,0.0,0.0,0.0
2015-08-21 00:00:00-04:00,168.18950679297836,170.03206837076434,164.67948646170058,164.9379425048828,346588500,0.0,0.0,0.0
2015-08-24 00:00:00-04:00,156.31716098493249,164.64617515076566,152.07343524562975,157.9929656982422,507244300,0.0,0.0,0.0
2015-08-25 00:00:00-04:00,162.9370352578318,162.95371354145988,155.8419458295441,156.13375854492188,369833100,0.0,0.0,0.0
2015-08-26 00:00:00-04:00,160.1440002975013,162.4034175624489,157.0508343737949,162.1282958984375,339257000,0.0,0.0,0.0
2015-08-27 00:00:00-04:00,164.26264410364965,166.2636050960368,162.75358421963602,166.1385498046875,274143900,0.0,0.0,0.0
2015-08-28 00:00:00-04:00,165.49658334975751,166.61378645112822,165.01301498010434,166.1468963623047,160414400,0.0,0.0,0.0
2015-08-31 00:00:00-04:00,165.1715029990106,166.02191760821123,164.2543879575387,164.80465698242188,163298800,0.0,0.0,0.0
2015-09-01 00:00:00-04:00,161.01111043486603,162.38678262332616,159.01848167867516,159.8855743408203,256000400,0.0,0.0,0.0
2015-09-02 00:00:00-04:00,162.2617361711984,162.96208425207837,160.42751906427594,162.92039489746094,160269300,0.0,0.0,0.0
2015-09-03 00:00:00-04:00,163.62900898451664,165.1214034229012,162.54516245333764,163.0370635986328,152087800,0.0,0.0,0.0
2015-09-04 00:00:00-04:00,160.78597809066974,161.62804679436817,159.75214096468508,160.56919860839844,207081000,0.0,0.0,0.0
2015-09-08 00:00:00-04:00,163.36224883448918,164.75458655536866,162.72026849359887,164.60450744628906,116025700,0.0,0.0,0.0
2015-09-09 00:00:00-04:00,166.18021600392544,166.30527127786237,162.03654830350857,162.40338134765625,149347700,0.0,0.0,0.0
2015-09-10 00:00:00-04:00,162.21167436195108,164.42941517842976,161.95321823706104,163.28720092773438,158611100,0.0,0.0,0.0
2015-09-11 00:00:00-04:00,162.89530883762922,164.09589045579688,162.18662830079998,164.02919006347656,119691200,0.0,0.0,0.0
2015-09-14 00:00:00-04:00,164.20430715869924,164.25432928458272,162.9370248418414,163.42059326171875,79452000,0.0,0.0,0.0
2015-09-15 00:00:00-04:00,163.92088545325484,165.90518180930275,163.37896197672686,165.4633026123047,113806200,0.0,0.0,0.0
2015-09-16 00:00:00-04:00,165.76337869686665,167.0890157322511,165.42154392267057,166.89724731445312,99581600,0.0,0.0,0.0
2015-09-17 00:00:00-04:00,166.76391586283782,169.15673465108992,166.14694650395336,166.52212524414062,276046600,0.0,0.0,0.0
2015-09-18 00:00:00-04:00,164.0187945909634,166.50785238419843,163.3902416722408,163.80088806152344,223657500,1.033,0.0,0.0
2015-09-21 00:00:00-04:00,164.63060439074857,165.66980383682204,163.59978104771184,164.64736938476562,105726200,0.0,0.0,0.0
2015-09-22 00:00:00-04:00,162.48509755782862,162.971179937286,161.3788384622485,162.51023864746094,153890900,0.0,0.0,0.0
2015-09-23 00:00:00-04:00,162.67782322819664,163.14714054084763,161.67214144566768,162.2504119873047,92790600,0.0,0.0,0.0
2015-09-24 00:00:00-04:00,161.03521979257943,162.12471385357648,159.70269094597663,161.6637725830078,159378800,0.0,0.0,0.0
2015-09-25 00:00:00-04:00,163.12202764694086,163.42373351263564,160.7502868003842,161.62188720703125,155054800,0.0,0.0,0.0
2015-09-28 00:00:00-04:00,160.72514181152218,160.83409505669493,157.25553083417196,157.56561279296875,178515900,0.0,0.0,0.0
2015-09-29 00:00:00-04:00,157.78360098948588,159.01556615014852,156.6605763424698,157.6578826904297,159045600,0.0,0.0,0.0
2015-09-30 00:00:00-04:00,159.54347975454826,160.76706833242253,158.76408031426854,160.59945678710938,163452000,0.0,0.0,0.0
2015-10-01 00:00:00-04:00,160.97654180415807,161.3201536899569,159.08250756457684,161.01844787597656,131079000,0.0,0.0,0.0
2015-10-02 00:00:00-04:00,159.04061688143545,163.44886240141275,158.4958634709605,163.42372131347656,211003300,0.0,0.0,0.0
2015-10-05 00:00:00-04:00,164.64731598970752,166.55811547378664,164.5383627458455,166.3318328857422,126320800,0.0,0.0,0.0
2015-10-06 00:00:00-04:00,166.1977325448011,166.7592381565138,165.09986240936743,165.76193237304688,110274500,0.0,0.0,0.0
2015-10-07 00:00:00-04:00,166.69218957934794,167.4716016642994,165.50213120205433,167.11961364746094,124307300,0.0,0.0,0.0
2015-10-08 00:00:00-04:00,166.73412628130978,168.91311473391343,166.4324203846099,168.628173828125,153055200,0.0,0.0,0.0
2015-10-09 00:00:00-04:00,168.77060480397452,169.2063921622075,168.1001459916969,168.72869873046875,107069200,0.0,0.0,0.0
2015-10-12 00:00:00-04:00,168.80408154982507,169.08902232070022,168.37667039351234,168.8878936767578,56395600,0.0,0.0,0.0
2015-10-13 00:00:00-04:00,168.1588314648313,169.4243260345395,167.6559968652406,167.8236083984375,88038700,0.0,0.0,0.0
2015-10-14 00:00:00-04:00,167.7649864146186,168.34325724309275,166.72578693197545,167.01910400390625,99106200,0.0,0.0,0.0
2015-10-15 00:00:00-04:00,167.68111857892492,169.59191797003,167.31236557573996,169.5835418701172,134142200,0.0,0.0,0.0
2015-10-16 00:00:00-04:00,169.98580024510346,170.37130542131746,169.22315320406815,170.35455322265625,114580100,0.0,0.0,0.0
2015-10-19 00:00:00-04:00,169.7092526096829,170.43836975097656,169.3991706600181,170.43836975097656,76523900,0.0,0.0,0.0
2015-10-20 00:00:00-04:00,170.00258054949444,170.83226203580736,169.75115687960545,170.22047424316406,78448500,0.0,0.0,0.0
2015-10-21 00:00:00-04:00,170.63953499864772,170.79038155042025,168.9969111921257,169.16453552246094,102038000,0.0,0.0,0.0
2015-10-22 00:00:00-04:00,170.1115392319672,172.2318564832243,169.16452830328043,172.0223388671875,174911700,0.0,0.0,0.0
2015-10-23 00:00:00-04:00,173.69008055517259,174.2767272443333,172.8939162778874,173.90797424316406,144442300,0.0,0.0,0.0
2015-10-26 00:00:00-04:00,173.73202980492053,173.79068809444453,173.11185298629266,173.48060607910156,69033000,0.0,0.0,0.0
2015-10-27 00:00:00-04:00,172.8100736935189,173.48053241502902,172.4664618404037,173.1453094482422,77905800,0.0,0.0,0.0
2015-10-28 00:00:00-04:00,173.480587526555,175.13996347879436,172.81851748104603,175.1148223876953,135906700,0.0,0.0,0.0
2015-10-29 00:00:00-04:00,174.6119662542559,175.38298945811434,174.49463691427613,175.0142364501953,90525500,0.0,0.0,0.0
2015-10-30 00:00:00-04:00,175.20706429770482,175.5255352663927,174.10081758680366,174.26004028320312,131076900,0.0,0.0,0.0
2015-11-02 00:00:00-05:00,174.58687106445788,176.51442318688035,174.46115280346794,176.32167053222656,86270800,0.0,0.0,0.0
2015-11-03 00:00:00-05:00,175.9696589159223,177.38600006681244,175.7433763067183,176.83287048339844,95246100,0.0,0.0,0.0
2015-11-04 00:00:00-05:00,177.12618784722594,177.25189329467037,175.76012897461092,176.29649353027344,96224500,0.0,0.0,0.0
2015-11-05 00:00:00-05:00,176.3551115211073,176.81605270300022,175.2321004873585,176.12045288085938,78408700,0.0,0.0,0.0
2015-11-06 00:00:00-05:00,175.77690939553904,176.26299181489833,174.70418019003608,176.0283203125,110471500,0.0,0.0,0.0
2015-11-09 00:00:00-05:00,175.4165194582403,175.56737878519792,173.43867273416632,174.3856964111328,131008700,0.0,0.0,0.0
2015-11-10 00:00:00-05:00,173.90801773697598,174.82152436849697,173.6398418068349,174.78799438476562,75874600,0.0,0.0,0.0
2015-11-11 00:00:00-05:00,175.05615355217398,175.10643573134107,174.03370661597697,174.1007537841797,67846000,0.0,0.0,0.0
2015-11-12 00:00:00-05:00,173.06154914702296,173.53086655626646,171.65359691929243,171.67034912109375,121315200,0.0,0.0,0.0
2015-11-13 00:00:00-05:00,171.25967005237672,171.5278458972901,169.6589527183827,169.7427520751953,153577100,0.0,0.0,0.0
2015-11-16 00:00:00-05:00,169.55839847536257,172.38269144815004,169.44105635054686,172.3240203857422,117645200,0.0,0.0,0.0
2015-11-17 00:00:00-05:00,172.63407275854118,173.5140361752758,171.703814391536,172.19827270507812,121123700,0.0,0.0,0.0
2015-11-18 00:00:00-05:00,172.67602370486216,175.07290561750696,172.63413041421526,174.93043518066406,121342500,0.0,0.0,0.0
2015-11-19 00:00:00-05:00,174.81308872002745,175.1986067021689,174.4862417997517,174.77957153320312,88220500,0.0,0.0,0.0
2015-11-20 00:00:00-05:00,175.53377216841687,176.0952775761728,175.03931390026474,175.41644287109375,94011500,0.0,0.0,0.0
2015-11-23 00:00:00-05:00,175.47517757537733,175.9780121229308,174.75443654807228,175.2153778076172,64931200,0.0,0.0,0.0
2015-11-24 00:00:00-05:00,174.2096590279183,175.852282346992,173.82415387360422,175.45001220703125,98874400,0.0,0.0,0.0
2015-11-25 00:00:00-05:00,175.57583440030163,175.77697599802445,175.16517510043045,175.42498779296875,51980100,0.0,0.0,0.0
2015-11-27 00:00:00-05:00,175.517069100086,175.82716382863123,175.03937564531228,175.6260223388672,37317800,0.0,0.0,0.0
2015-11-30 00:00:00-05:00,175.78529486042987,175.90262422390845,174.78798887689123,174.89694213867188,112822700,0.0,0.0,0.0
2015-12-01 00:00:00-05:00,175.52549796832068,176.68203941900245,175.24893315237756,176.564697265625,97858400,0.0,0.0,0.0
2015-12-02 00:00:00-05:00,176.51439684031868,176.8328677084274,174.51140894509155,174.76283264160156,108441300,0.0,0.0,0.0
2015-12-03 00:00:00-05:00,175.01424632913574,175.28242221225327,171.59491750079425,172.31565856933594,166224200,0.0,0.0,0.0
2015-12-04 00:00:00-05:00,172.31564259922158,175.9696297821189,172.31564259922158,175.67630004882812,192913900,0.0,0.0,0.0
2015-12-07 00:00:00-05:00,175.34947755684817,175.76851278396063,173.6481955578069,174.6119842529297,102027100,0.0,0.0,0.0
2015-12-08 00:00:00-05:00,173.05316968576795,174.56168624677528,172.45813404692703,173.4386749267578,103372400,0.0,0.0,0.0
2015-12-09 00:00:00-05:00,172.8017509958119,174.88853826661926,171.11722117910855,172.08938598632812,162401500,0.0,0.0,0.0
2015-12-10 00:00:00-05:00,172.1564097185433,173.84092651795578,171.92175104363824,172.53353881835938,116128900,0.0,0.0,0.0
2015-12-11 00:00:00-05:00,170.42158522442,171.08365507491644,168.8795262928956,169.1896209716797,211173300,0.0,0.0,0.0
2015-12-14 00:00:00-05:00,169.34893777928676,170.17024341333217,167.57221935379252,170.04452514648438,182385200,0.0,0.0,0.0
2015-12-15 00:00:00-05:00,171.55299458177075,172.73467682022866,170.01932433805825,171.82955932617188,154069600,0.0,0.0,0.0
2015-12-16 00:00:00-05:00,172.9525654775375,174.6454710813745,171.63680174288578,174.34376525878906,197017000,0.0,0.0,0.0
2015-12-17 00:00:00-05:00,174.65386687143496,174.72091403822824,171.6703382828012,171.68710327148438,173092500,0.0,0.0,0.0
2015-12-18 00:00:00-05:00,170.9469351054431,171.0818146567759,168.4683416450139,168.62852478027344,251393500,1.212,0.0,0.0
2015-12-21 00:00:00-05:00,169.80037124585664,170.19660966654243,168.6875281416203,170.01956176757812,99094300,0.0,0.0,0.0
2015-12-22 00:00:00-05:00,170.90474783070158,171.8574076490797,169.91837134677345,171.5623321533203,111026200,0.0,0.0,0.0
2015-12-23 00:00:00-05:00,172.56559014783053,173.7290146149224,172.47285322851093,173.68685913085938,110987200,0.0,0.0,0.0
2015-12-24 00:00:00-05:00,173.43389126673273,173.9481571567803,173.180971296144,173.40016174316406,48539600,0.0,0.0,0.0
2015-12-28 00:00:00-05:00,172.7089222548446,173.04614042610552,171.93331016970558,173.00399780273438,65899900,0.0,0.0,0.0
2015-12-29 00:00:00-05:00,174.09992902631632,175.17904239882662,174.06621236144557,174.85025024414062,92640700,0.0,0.0,0.0
2015-12-30 00:00:00-05:00,174.6058232777152,174.69013426214704,173.46768930813562,173.6110076904297,63317700,0.0,0.0,0.0
2015-12-31 00:00:00-05:00,172.9365444743356,173.57726411896667,171.87428283691406,171.87428283691406,114877900,0.0,0.0,0.0
2016-01-04 00:00:00-05:00,169.02472259585497,169.47996830831684,167.42290449220576,169.47154235839844,222353500,0.0,0.0,0.0
2016-01-05 00:00:00-05:00,169.7918648509552,170.21339382314133,168.65374434447867,169.75814819335938,110845800,0.0,0.0,0.0
2016-01-06 00:00:00-05:00,167.2121593520333,168.66222047693086,166.58830452056264,167.61683654785156,152112600,0.0,0.0,0.0
2016-01-07 00:00:00-05:00,164.67449573783585,166.45334836292668,163.2075704089983,163.5953826904297,213436100,0.0,0.0,0.0
2016-01-08 00:00:00-05:00,164.5565478315544,165.1129693840645,161.513106924341,161.79974365234375,209817200,0.0,0.0,0.0
2016-01-11 00:00:00-05:00,162.7186317529785,163.05586269586863,160.02928734368356,161.9598846435547,187941300,0.0,0.0,0.0
2016-01-12 00:00:00-05:00,163.40157027544498,164.01699924906333,161.14216728137274,163.2666778564453,172330500,0.0,0.0,0.0
2016-01-13 00:00:00-05:00,163.93270144490674,164.27835847235212,158.81534370434633,159.19471740722656,221168900,0.0,0.0,0.0
2016-01-14 00:00:00-05:00,159.80165137355536,162.9293894456111,158.20827221925188,161.80812072753906,240795600,0.0,0.0,0.0
2016-01-15 00:00:00-05:00,157.45800285707142,159.13568064709096,156.4041799782958,158.33477783203125,324846400,0.0,0.0,0.0
2016-01-19 00:00:00-05:00,160.14735061786772,160.27380420958087,156.97744336907945,158.5455322265625,195244400,0.0,0.0,0.0
2016-01-20 00:00:00-05:00,155.99108662216324,158.0734417911493,152.61042724478108,156.51377868652344,286547800,0.0,0.0,0.0
2016-01-21 00:00:00-05:00,156.98585390384602,159.22837866520982,155.66224651680315,157.39051818847656,195772900,0.0,0.0,0.0
2016-01-22 00:00:00-05:00,159.99559332480396,160.82178680616093,159.2368460469932,160.6194610595703,168319600,0.0,0.0,0.0
2016-01-25 00:00:00-05:00,160.11360839355606,160.3075081734972,157.997536987637,158.19143676757812,130371700,0.0,0.0,0.0
2016-01-26 00:00:00-05:00,158.84902781199466,160.62788116564204,158.51180967058326,160.34967041015625,141036800,0.0,0.0,0.0
2016-01-27 00:00:00-05:00,159.82698511645978,161.49623685514294,157.70247471737795,158.60455322265625,185681700,0.0,0.0,0.0
2016-01-28 00:00:00-05:00,160.14728367892937,160.3496093411016,157.78671899592658,159.43067932128906,143798800,0.0,0.0,0.0
2016-01-29 00:00:00-05:00,160.19797742821206,163.45218370516457,160.0799497545009,163.31729125976562,210529300,0.0,0.0,0.0
2016-02-01 00:00:00-05:00,162.31397302549723,164.04224468266708,161.7322608851968,163.25819396972656,136061600,0.0,0.0,0.0
2016-02-02 00:00:00-05:00,161.8334403978046,161.84186634784507,159.79322845197512,160.31593322753906,182564900,0.0,0.0,0.0
2016-02-03 00:00:00-05:00,161.369775492127,161.6817029141604,157.7361966556225,161.27703857421875,205054900,0.0,0.0,0.0
2016-02-04 00:00:00-05:00,160.77960135882586,162.49943406698162,160.1473078410555,161.52992248535156,139531800,0.0,0.0,0.0
2016-02-05 00:00:00-05:00,161.01572450128157,161.58899802448906,157.82052603971346,158.45281982421875,180788300,0.0,0.0,0.0
2016-02-08 00:00:00-05:00,156.6149455486678,156.91000823816955,154.1110613436716,156.3198699951172,191526700,0.0,0.0,0.0
2016-02-09 00:00:00-05:00,154.5831537838088,157.60130371702277,154.44826138293897,156.32827758789062,184513100,0.0,0.0,0.0
2016-02-10 00:00:00-05:00,157.1544756864922,158.7815717708362,156.06692344935064,156.19338989257812,148214100,0.0,0.0,0.0
2016-02-11 00:00:00-05:00,153.72321201774534,155.20700251784558,152.66938938485407,154.16160583496094,219058900,0.0,0.0,0.0
2016-02-12 00:00:00-05:00,155.9320298374662,157.35678720240546,155.0889717482724,157.33993530273438,127632400,0.0,0.0,0.0
2016-02-16 00:00:00-05:00,159.14409084927416,160.02086566659136,158.18300507119434,159.99557495117188,120250700,0.0,0.0,0.0
2016-02-17 00:00:00-05:00,161.15897844483843,162.97998690347998,161.03251202007326,162.60903930664062,136009500,0.0,0.0,0.0
2016-02-18 00:00:00-05:00,162.8788340130157,162.93785425898483,161.63111153758322,161.9430389404297,102343000,0.0,0.0,0.0
2016-02-19 00:00:00-05:00,161.16746278651044,162.01894708663167,160.56045974704102,161.86720275878906,114793000,0.0,0.0,0.0
2016-02-22 00:00:00-05:00,163.44364484690635,164.35414899997147,163.37619866548928,164.21083068847656,103640300,0.0,0.0,0.0
2016-02-23 00:00:00-05:00,163.5532945241324,163.82307932901813,162.01892239045185,162.136962890625,111455300,0.0,0.0,0.0
2016-02-24 00:00:00-05:00,160.71220733876964,163.15707125544148,159.60780302749964,162.8788604736328,150812200,0.0,0.0,0.0
2016-02-25 00:00:00-05:00,163.32567486757412,164.86004709204892,162.56692757101848,164.8516082763672,110728300,0.0,0.0,0.0
2016-02-26 00:00:00-05:00,165.71997983614435,165.81270390168882,164.3120611239384,164.4722442626953,129833700,0.0,0.0,0.0
2016-02-29 00:00:00-05:00,164.48908530726592,165.43330637127323,162.98844274594833,163.18234252929688,125918100,0.0,0.0,0.0
2016-03-01 00:00:00-05:00,164.4047791383236,167.1025757382741,163.93266859254652,167.0182647705078,141799700,0.0,0.0,0.0
2016-03-02 00:00:00-05:00,166.7062909960473,167.81912084968863,166.29318795132278,167.76853942871094,102415000,0.0,0.0,0.0
2016-03-03 00:00:00-05:00,167.59148493822846,168.44298170436377,167.0182117045136,168.42611694335938,95172200,0.0,0.0,0.0
2016-03-04 00:00:00-05:00,168.6200687052301,169.74977648835898,167.79387525766805,168.97415161132812,129293600,0.0,0.0,0.0
2016-03-07 00:00:00-05:00,168.05518624135055,169.51368590949613,167.97931410528602,169.1090087890625,100219000,0.0,0.0,0.0
2016-03-08 00:00:00-05:00,168.03835062068885,168.54417777416353,167.10255559310772,167.26272583007812,123974900,0.0,0.0,0.0
2016-03-09 00:00:00-05:00,168.07209397322683,168.43460284757697,167.288043107976,168.08895874023438,94801200,0.0,0.0,0.0
2016-03-10 00:00:00-05:00,168.5778657850862,169.51366058219767,166.40277482790705,168.22377014160156,156838700,0.0,0.0,0.0
2016-03-11 00:00:00-05:00,169.6738589665338,170.9806015203438,168.2069461885924,170.93844604492188,137964500,0.0,0.0,0.0
2016-03-14 00:00:00-04:00,170.4326625925799,171.17454512106875,170.10387038253248,170.71929931640625,73612000,0.0,0.0,0.0
2016-03-15 00:00:00-04:00,169.75819548969022,170.74457201573492,169.49684951236813,170.44107055664062,93169100,0.0,0.0,0.0
2016-03-16 00:00:00-04:00,169.9604860968941,171.83207575554053,169.9183306270241,171.42739868164062,129303200,0.0,0.0,0.0
2016-03-17 00:00:00-04:00,171.34310356927125,173.02078066833934,170.9468653009185,172.51495361328125,134278500,0.0,0.0,0.0
2016-03-18 00:00:00-04:00,173.01497108735393,173.531889532325,172.70143484267174,173.19293212890625,138372400,1.05,0.0,0.0
2016-03-21 00:00:00-04:00,172.9302388198123,173.66747828660118,172.70143545996896,173.4386749267578,72926700,0.0,0.0,0.0
2016-03-22 00:00:00-04:00,172.66753124752051,173.91321974650177,172.5065348857441,173.345458984375,97471900,0.0,0.0,0.0
2016-03-23 00:00:00-04:00,172.96415303947393,173.1505835166322,172.03200065368247,172.2014923095703,81052500,0.0,0.0,0.0
2016-03-24 00:00:00-04:00,171.17606172988638,172.1590560787583,170.95574076081914,172.12515258789062,84360900,0.0,0.0,0.0
2016-03-28 00:00:00-04:00,172.54037330795157,172.7522248535421,171.77771291598262,172.22683715820312,62408200,0.0,0.0,0.0
2016-03-29 00:00:00-04:00,171.82015774642338,173.9302048376433,171.51509085287833,173.82003784179688,92922900,0.0,0.0,0.0
2016-03-30 00:00:00-04:00,174.81994487938724,175.3029598090337,174.21828063922183,174.58267211914062,86365300,0.0,0.0,0.0
2016-03-31 00:00:00-04:00,174.48940817832624,174.91311126480826,173.99791104636003,174.15892028808594,94584100,0.0,0.0,0.0
2016-04-01 00:00:00-04:00,173.16750911313966,175.53176736306241,172.85395994142385,175.3453369140625,114423500,0.0,0.0,0.0
2016-04-04 00:00:00-04:00,175.2690546011857,175.47243677743458,174.47249057387086,174.77755737304688,63497000,0.0,0.0,0.0
2016-04-05 00:00:00-04:00,173.43865755883377,174.78603056334993,172.7776816347166,173.0319061279297,99662200,0.0,0.0,0.0
2016-04-06 00:00:00-04:00,173.03187289015037,174.9809097231996,172.85391189996736,174.9215850830078,91839800,0.0,0.0,0.0
2016-04-07 00:00:00-04:00,173.83692200157756,174.1928310839261,172.0997365590909,172.82850646972656,113859000,0.0,0.0,0.0
2016-04-08 00:00:00-04:00,174.00641968290486,174.4386052040037,172.7607312933758,173.2946014404297,95040600,0.0,0.0,0.0
2016-04-11 00:00:00-04:00,173.93013874413782,174.6250180994244,172.79461743370686,172.88783264160156,83757500,0.0,0.0,0.0
2016-04-12 00:00:00-04:00,173.05736677253682,174.77760103557026,172.6167117457782,174.49795532226562,115350600,0.0,0.0,0.0
2016-04-13 00:00:00-04:00,175.4131677334125,176.34532017372055,175.2775795729316,176.2605743408203,96336400,0.0,0.0,0.0
2016-04-14 00:00:00-04:00,176.31986770012065,176.76899208786213,175.92158563093162,176.26901245117188,65212900,0.0,0.0,0.0
2016-04-15 00:00:00-04:00,176.26895069962492,176.40453878852895,175.75203242477122,176.0740509033203,75761600,0.0,0.0,0.0
2016-04-18 00:00:00-04:00,176.07410600301003,177.3452156408778,175.4131300257505,177.3113250732422,82531000,0.0,0.0,0.0
2016-04-19 00:00:00-04:00,177.73499977198375,178.12479942403957,177.0570721544678,177.87057495117188,88316100,0.0,0.0,0.0
2016-04-20 00:00:00-04:00,177.91293562839186,178.7349207069673,177.438390207852,178.04005432128906,81100300,0.0,0.0,0.0
2016-04-21 00:00:00-04:00,178.0569857078085,178.16715265097818,176.81129756566278,177.0824737548828,85695000,0.0,0.0,0.0
2016-04-22 00:00:00-04:00,176.7265647043258,177.35363701371045,176.18422525627813,177.0824737548828,99251700,0.0,0.0,0.0
2016-04-25 00:00:00-04:00,176.48082268141187,176.81979294293484,175.87068914106388,176.7774200439453,66166500,0.0,0.0,0.0
2016-04-26 00:00:00-04:00,177.14181523808645,177.54857959028388,176.56558513473195,177.04013061523438,75864200,0.0,0.0,0.0
2016-04-27 00:00:00-04:00,176.65878883136563,177.7943101471621,176.30287974419332,177.40451049804688,77329400,0.0,0.0,0.0
2016-04-28 00:00:00-04:00,176.65032222852545,177.751940069478,175.37921278398585,175.79443359375,97216200,0.0,0.0,0.0
2016-04-29 00:00:00-04:00,175.1758554167909,175.52329515077844,173.74373650434114,174.84536743164062,142424100,0.0,0.0,0.0
2016-05-02 00:00:00-04:00,175.34529776552623,176.41302497381514,174.91312523773163,176.23507690429688,62188000,0.0,0.0,0.0
2016-05-03 00:00:00-04:00,175.00634545912317,175.24361817887922,173.95555703563667,174.70127868652344,106422100,0.0,0.0,0.0
2016-05-04 00:00:00-04:00,173.70980679084445,174.43857666186707,173.22677903580248,173.72674560546875,92243800,0.0,0.0,0.0
2016-05-05 00:00:00-04:00,174.1928530123202,174.54876213947264,173.26918316349162,173.69288635253906,67619200,0.0,0.0,0.0
2016-05-06 00:00:00-04:00,172.92176284461493,174.3708336030968,172.7692358860361,174.32846069335938,89315000,0.0,0.0,0.0
2016-05-09 00:00:00-04:00,174.20135557223787,174.90469156894966,174.02339452280697,174.47251892089844,74374900,0.0,0.0,0.0
2016-05-10 00:00:00-04:00,175.1758363826888,176.65879745012035,175.10804232510174,176.641845703125,77472200,0.0,0.0,0.0
2016-05-11 00:00:00-04:00,176.18422572525807,176.71808283731846,174.9893798828125,174.9893798828125,81727000,0.0,0.0,0.0
2016-05-12 00:00:00-04:00,175.65887101006464,175.82836263828253,174.03185223626025,175.04026794433594,89586300,0.0,0.0,0.0
2016-05-13 00:00:00-04:00,174.7436573056343,175.29446622372728,173.1929022383585,173.51490783691406,96474600,0.0,0.0,0.0
2016-05-16 00:00:00-04:00,173.68444198123657,175.7012606591688,173.6251173196283,175.22671508789062,77486800,0.0,0.0,0.0
2016-05-17 00:00:00-04:00,174.95551118991153,175.2436262299386,173.06578582235952,173.5911865234375,114924900,0.0,0.0,0.0
2016-05-18 00:00:00-04:00,173.2437772589709,174.81995377820982,172.55738010114683,173.64205932617188,120062100,0.0,0.0,0.0
2016-05-19 00:00:00-04:00,172.92172313528684,173.32847452848824,171.83704413315402,173.0403594970703,115430500,0.0,0.0,0.0
2016-05-20 00:00:00-04:00,173.65050185323304,174.65044803642593,173.59965954280523,174.13352966308594,104990400,0.0,0.0,0.0
2016-05-23 00:00:00-04:00,174.15049760539685,174.43014328991345,173.7098555543978,173.8962860107422,58682600,0.0,0.0,0.0
2016-05-24 00:00:00-04:00,174.70977184721838,176.4639092607521,174.684350690245,176.15036010742188,93537800,0.0,0.0,0.0
2016-05-25 00:00:00-04:00,176.82828119514468,177.76043335068047,176.1503535302454,177.34519958496094,76621400,0.0,0.0,0.0
2016-05-26 00:00:00-04:00,177.48078767711476,177.70959101169245,177.08250565893664,177.3960418701172,55280700,0.0,0.0,0.0
2016-05-27 00:00:00-04:00,177.55704249760646,178.16717607316846,177.50620018804196,178.15870666503906,64211200,0.0,0.0,0.0
2016-05-31 00:00:00-04:00,178.42988153996555,178.54004850476804,177.26045662250806,177.8197479248047,109879400,0.0,0.0,0.0
2016-06-01 00:00:00-04:00,177.20957244558164,178.36204534302541,177.01467264884693,178.18409729003906,69936200,0.0,0.0,0.0
2016-06-02 00:00:00-04:00,177.78583423166788,178.74339450363115,177.31128879947488,178.72645568847656,63044700,0.0,0.0,0.0
2016-06-03 00:00:00-04:00,178.16722105071435,178.54008198883983,176.98932650367107,178.19264221191406,101757100,0.0,0.0,0.0
2016-06-06 00:00:00-04:00,178.54846720325298,179.45519795979135,178.38745797131506,179.0992889404297,64887000,0.0,0.0,0.0
2016-06-07 00:00:00-04:00,179.2518157627799,179.93821265201186,179.22639461357807,179.37892150878906,60974800,0.0,0.0,0.0
2016-06-08 00:00:00-04:00,179.51455974679448,180.0908027939479,179.38745396527267,179.96368408203125,66170900,0.0,0.0,0.0
2016-06-09 00:00:00-04:00,179.23491345533657,179.8365776566402,178.96375014559598,179.7179412841797,73786900,0.0,0.0,0.0
2016-06-10 00:00:00-04:00,178.34516695298538,178.6841243604403,177.47232641451623,178.01467895507812,113829200,0.0,0.0,0.0
2016-06-13 00:00:00-04:00,177.41298856148404,178.26886429403115,176.55711282893694,176.641845703125,117751200,0.0,0.0,0.0
2016-06-14 00:00:00-04:00,176.2604972572832,176.88758252746695,175.34529696987707,176.2943878173828,125059300,0.0,0.0,0.0
2016-06-15 00:00:00-04:00,176.29443297815249,177.41301570387913,175.86226034161066,176.04869079589844,109124500,0.0,0.0,0.0
2016-06-16 00:00:00-04:00,176.0487087623838,176.74358833208012,174.2183075318838,176.5740966796875,149533100,0.0,0.0,0.0
2016-06-17 00:00:00-04:00,176.47011618017717,176.49566953304955,175.26054315288454,175.91644287109375,117055700,1.078,0.0,0.0
2016-06-20 00:00:00-04:00,177.8756679387866,178.54859475858052,176.96422142590865,177.04940795898438,82789600,0.0,0.0,0.0
2016-06-21 00:00:00-04:00,177.4326875929435,177.96080760410712,176.98974110100497,177.55194091796875,72461700,0.0,0.0,0.0
2016-06-22 00:00:00-04:00,177.7308159554772,178.45486236220714,177.11750942210634,177.2623291015625,95560500,0.0,0.0,0.0
2016-06-23 00:00:00-04:00,178.71892654071584,179.62184645879435,178.2589531287725,179.57073974609375,102731400,0.0,0.0,0.0
2016-06-24 00:00:00-04:00,173.45470414468605,179.6047957109169,172.67955111125858,173.12249755859375,333444400,0.0,0.0,0.0
2016-06-27 00:00:00-04:00,171.71704230971076,171.72556876131333,169.2127090948055,170.02194213867188,230775800,0.0,0.0,0.0
2016-06-28 00:00:00-04:00,171.62328993578808,173.11396277555616,171.3166367174161,173.08840942382812,159382400,0.0,0.0,0.0
2016-06-29 00:00:00-04:00,174.48539942212344,176.26568575451566,174.3831860051859,176.03570556640625,137328600,0.0,0.0,0.0
2016-06-30 00:00:00-04:00,176.504213883724,178.4889271454984,175.9505275208487,178.4378204345703,165021900,0.0,0.0,0.0
2016-07-01 00:00:00-04:00,178.4378830968603,179.29822302506847,178.27603645699372,178.81268310546875,106055300,0.0,0.0,0.0
2016-07-05 00:00:00-04:00,177.9863405319092,178.0970803915935,176.930100630808,177.5263671875,109803700,0.0,0.0,0.0
2016-07-06 00:00:00-04:00,177.0322909362484,178.71036352526653,176.37639131067235,178.5911102294922,96021500,0.0,0.0,0.0
2016-07-07 00:00:00-04:00,178.77009748323886,179.4345109823379,177.71385704756486,178.48048400878906,85593800,0.0,0.0,0.0
2016-07-08 00:00:00-04:00,179.77518342317939,181.38510989572447,179.54519021349057,181.13807678222656,133971000,0.0,0.0,0.0
2016-07-11 00:00:00-04:00,181.59805826929212,182.34765804487338,181.3936184220505,181.7769317626953,73633900,0.0,0.0,0.0
2016-07-12 00:00:00-04:00,182.7395299662686,183.39542993187803,181.802530015398,183.0972900390625,101275600,0.0,0.0,0.0
2016-07-13 00:00:00-04:00,183.51464757652928,183.52316102982908,182.58617425894235,183.0717010498047,87324100,0.0,0.0,0.0
2016-07-14 00:00:00-04:00,184.3323634575898,184.56235665116716,183.70203003483041,184.09385681152344,91230900,0.0,0.0,0.0
2016-07-15 00:00:00-04:00,184.65611346579453,184.85202691445332,183.40394668964572,183.84689331054688,107155400,0.0,0.0,0.0
2016-07-18 00:00:00-04:00,183.96608149334548,184.5027279208938,183.71053495653027,184.34088134765625,58725900,0.0,0.0,0.0
2016-07-19 00:00:00-04:00,183.9234797281342,184.187539704826,183.67645965247817,184.15347290039062,54345700,0.0,0.0,0.0
2016-07-20 00:00:00-04:00,184.15350877137692,185.15864216846145,184.15350877137692,184.92013549804688,58159500,0.0,0.0,0.0
2016-07-21 00:00:00-04:00,184.8094176802233,185.03088445714766,183.77871787722287,184.22166442871094,67777300,0.0,0.0,0.0
2016-07-22 00:00:00-04:00,184.3409060500352,185.09901931234043,184.07684602574125,185.04791259765625,62787500,0.0,0.0,0.0
2016-07-25 00:00:00-04:00,184.84348897979444,184.89459569896835,183.96612230693654,184.54534912109375,55873100,0.0,0.0,0.0
2016-07-26 00:00:00-04:00,184.4431389683606,184.98829897865974,183.78723906611887,184.6305389404297,70080500,0.0,0.0,0.0
2016-07-27 00:00:00-04:00,185.00529881803118,185.07344542926506,183.66794594313563,184.43458557128906,84083900,0.0,0.0,0.0
2016-07-28 00:00:00-04:00,184.23864234264187,184.9371352956895,183.77866900592056,184.64752197265625,65035700,0.0,0.0,0.0
2016-07-29 00:00:00-04:00,184.38350708685488,185.30345398524094,184.10240714659952,184.94569396972656,79519400,0.0,0.0,0.0
2016-08-01 00:00:00-04:00,185.00528114651027,185.39710787663188,184.3408679974903,184.79232788085938,73311400,0.0,0.0,0.0
2016-08-02 00:00:00-04:00,184.5453241214279,184.69865725581784,182.77356410776096,183.60833740234375,92295500,0.0,0.0,0.0
2016-08-03 00:00:00-04:00,183.54870710658165,184.204606918532,183.25058028125014,184.1449737548828,53993600,0.0,0.0,0.0
2016-08-04 00:00:00-04:00,184.25569483617224,184.65604804440085,182.50096187975078,184.34088134765625,46585500,0.0,0.0,0.0
2016-08-05 00:00:00-04:00,184.34096279225352,185.89125660463847,184.34096279225352,185.84866333007812,71892200,0.0,0.0,0.0
2016-08-08 00:00:00-04:00,186.03604193139208,186.1382683781014,185.47385496387537,185.7379150390625,39906500,0.0,0.0,0.0
2016-08-09 00:00:00-04:00,185.8060830531603,186.3427167201646,185.52498303823305,185.84866333007812,51251700,0.0,0.0,0.0
2016-08-10 00:00:00-04:00,185.9593393883668,186.03599945766584,185.03937956386426,185.3886260986328,57941100,0.0,0.0,0.0
2016-08-11 00:00:00-04:00,185.91674052230485,186.49598024514216,185.65268051536748,186.2489471435547,72504300,0.0,0.0,0.0
2016-08-12 00:00:00-04:00,185.94230799561387,186.30008099732774,185.68677441958778,186.08712768554688,61313500,0.0,0.0,0.0
2016-08-15 00:00:00-04:00,186.45338874073167,186.97299530682014,186.44487528797663,186.62374877929688,49813500,0.0,0.0,0.0
2016-08-16 00:00:00-04:00,186.2063996367809,186.27453326544062,185.66123962402344,185.66123962402344,53213600,0.0,0.0,0.0
2016-08-17 00:00:00-04:00,185.69528553228906,186.14674550776292,184.86051219996892,186.0104522705078,75134300,0.0,0.0,0.0
2016-08-18 00:00:00-04:00,185.98492511942834,186.46193851939626,185.87419822149027,186.42787170410156,52989300,0.0,0.0,0.0
2016-08-19 00:00:00-04:00,185.95942098815613,186.33422104382157,185.47389400523957,186.15533447265625,75443000,0.0,0.0,0.0
2016-08-22 00:00:00-04:00,185.91672008352035,186.37670643015156,185.5504466941994,186.14671325683594,61368800,0.0,0.0,0.0
2016-08-23 00:00:00-04:00,186.76005207653185,187.0581919083206,186.4619122447431,186.52154541015625,53399200,0.0,0.0,0.0
2016-08-24 00:00:00-04:00,186.3767401227276,186.4704400993404,185.15012697348288,185.56752014160156,71728900,0.0,0.0,0.0
2016-08-25 00:00:00-04:00,185.1842117036874,185.85715150928922,185.03089154401502,185.43975830078125,69224800,0.0,0.0,0.0
2016-08-26 00:00:00-04:00,185.627100488644,186.64927356118932,184.20457423805945,185.0904541015625,122506300,0.0,0.0,0.0
2016-08-29 00:00:00-04:00,185.2183016414599,186.2660284494212,185.1842218279096,186.00196838378906,70502200,0.0,0.0,0.0
2016-08-30 00:00:00-04:00,185.91671818652438,186.19781806267832,185.14157816182413,185.69525146484375,58114500,0.0,0.0,0.0
2016-08-31 00:00:00-04:00,185.3631039833095,185.48235733264187,184.39203728227727,185.1671905517578,85269500,0.0,0.0,0.0
2016-09-01 00:00:00-04:00,185.15861927743916,185.46527252972356,184.0171927819061,185.1756591796875,97844200,0.0,0.0,0.0
2016-09-02 00:00:00-04:00,186.02749217457432,186.43635888870114,185.43973896184536,186.0104522705078,79293900,0.0,0.0,0.0
2016-09-06 00:00:00-04:00,186.2916081177802,186.64936822473558,185.57608790386942,186.5727081298828,56702100,0.0,0.0,0.0
2016-09-07 00:00:00-04:00,186.41081159095657,186.7345047905499,185.95083814731663,186.5556182861328,76554900,0.0,0.0,0.0
2016-09-08 00:00:00-04:00,186.22338441350036,186.49597085702842,185.8230311980916,186.1296844482422,74102900,0.0,0.0,0.0
2016-09-09 00:00:00-04:00,184.81790583378086,184.8690125447181,181.649159779297,181.67471313476562,221589100,0.0,0.0,0.0
2016-09-12 00:00:00-04:00,180.91662068590415,184.68163379603857,180.8484740642897,184.28128051757812,168110900,0.0,0.0,0.0
2016-09-13 00:00:00-04:00,183.00357638087698,183.26763643886903,181.0103362679948,181.6321563720703,182828800,0.0,0.0,0.0
2016-09-14 00:00:00-04:00,181.68327923819794,182.88433928383373,181.01035235311795,181.56402587890625,134185500,0.0,0.0,0.0
2016-09-15 00:00:00-04:00,181.40212674735488,183.76163971836084,181.22324027418756,183.37832641601562,134427900,0.0,0.0,0.0
2016-09-16 00:00:00-04:00,182.76365265916039,182.9434427794408,181.98459697339692,182.6694793701172,155236400,1.082,0.0,0.0
2016-09-19 00:00:00-04:00,183.32009404201395,183.96218093967576,182.37836136679343,182.7036895751953,80250500,0.0,0.0,0.0
2016-09-20 00:00:00-04:00,183.55985516954945,183.71394979635636,182.67805663625666,182.71229553222656,69665300,0.0,0.0,0.0
2016-09-21 00:00:00-04:00,183.4143028791124,184.94674482420382,182.72940744279296,184.7669677734375,110284400,0.0,0.0,0.0
2016-09-22 00:00:00-04:00,185.77716455183224,186.23090496857742,185.52889666963492,185.93125915527344,76678700,0.0,0.0,0.0
2016-09-23 00:00:00-04:00,185.5374671479672,185.67444884801776,184.81833281764258,184.91250610351562,73630900,0.0,0.0,0.0
2016-09-26 00:00:00-04:00,184.08206079798262,184.26183783747967,183.2173753018055,183.41429138183594,89827300,0.0,0.0,0.0
2016-09-27 00:00:00-04:00,183.25160245667985,184.6470624255257,182.88346584394623,184.5529022216797,78494800,0.0,0.0,0.0
2016-09-28 00:00:00-04:00,184.77551177596033,185.62307129089558,183.81666606772146,185.46896362304688,87411000,0.0,0.0,0.0
2016-09-29 00:00:00-04:00,185.26349035952774,185.66586590978932,183.24305615132027,183.7909698486328,128070600,0.0,0.0,0.0
2016-09-30 00:00:00-04:00,184.62140374429694,185.879895265527,184.37313586079327,185.17788696289062,117202900,0.0,0.0,0.0
2016-10-03 00:00:00-04:00,184.76696374787355,184.95529725204656,184.09918124112315,184.7327117919922,83512100,0.0,0.0,0.0
2016-10-04 00:00:00-04:00,184.844001895467,185.06658734449323,183.20026080352932,183.7909698486328,119948100,0.0,0.0,0.0
2016-10-05 00:00:00-04:00,184.41599299134825,185.0323976977853,184.3475021280445,184.60433959960938,72816000,0.0,0.0,0.0
2016-10-06 00:00:00-04:00,184.3817010923231,184.95529725204656,183.84235688848102,184.7327117919922,62927400,0.0,0.0,0.0
2016-10-07 00:00:00-04:00,185.00670674603865,185.17792736477304,183.37152175103935,184.09921264648438,89788300,0.0,0.0,0.0
2016-10-10 00:00:00-04:00,185.05801391601562,185.5203107487633,184.91247578231187,185.05801391601562,51855000,0.0,0.0,0.0
2016-10-11 00:00:00-04:00,184.62997321386428,184.69846405905517,181.99313445883374,182.7208251953125,130367400,0.0,0.0,0.0
2016-10-12 00:00:00-04:00,182.85782847749783,183.48280261492656,182.3612795887013,182.9605712890625,73866100,0.0,0.0,0.0
2016-10-13 00:00:00-04:00,181.63357631731463,182.8578159446073,180.82026871823211,182.36126708984375,101357000,0.0,0.0,0.0
2016-10-14 00:00:00-04:00,183.33725813528716,183.79956814610816,182.37841228068805,182.45545959472656,93346200,0.0,0.0,0.0
2016-10-17 00:00:00-04:00,182.4297956281271,182.68663309755578,181.64217030162976,181.82196044921875,58275700,0.0,0.0,0.0
2016-10-18 00:00:00-04:00,183.4143117616483,183.47423309370768,182.58387812767933,182.9605712890625,76869700,0.0,0.0,0.0
2016-10-19 00:00:00-04:00,183.2259466513188,183.75673438142863,182.86637950544184,183.4485321044922,66519200,0.0,0.0,0.0
2016-10-20 00:00:00-04:00,183.09750958176414,183.66254923017698,182.4468661784142,183.1060791015625,73639800,0.0,0.0,0.0
2016-10-21 00:00:00-04:00,183.10612290915276,183.27734352328338,182.14726395608955,183.1917266845703,89089100,0.0,0.0,0.0
2016-10-24 00:00:00-04:00,184.06498324117868,184.33894669592,183.61979915887235,183.97080993652344,60146600,0.0,0.0,0.0
2016-10-25 00:00:00-04:00,183.79098459336805,184.0478220171836,183.1917059799945,183.3543701171875,66542300,0.0,0.0,0.0
2016-10-26 00:00:00-04:00,182.532511363168,183.56840448294915,182.29278684752947,182.9862518310547,75705500,0.0,0.0,0.0
2016-10-27 00:00:00-04:00,183.70541800756126,183.739656908129,182.42124369187502,182.498291015625,77220200,0.0,0.0,0.0
2016-10-28 00:00:00-04:00,182.47258296054287,183.14890892401726,181.24834322181863,181.9589080810547,140623200,0.0,0.0,0.0
2016-10-31 00:00:00-04:00,182.2927681902188,182.51536670410897,181.8047888776386,181.9674530029297,61272500,0.0,0.0,0.0
2016-11-01 00:00:00-04:00,182.2927583487816,182.34413627764692,179.44190380314225,180.64901733398438,122781800,0.0,0.0,0.0
2016-11-02 00:00:00-04:00,180.34083850479635,180.72610117322677,179.12515529623803,179.56178283691406,103330800,0.0,0.0,0.0
2016-11-03 00:00:00-04:00,179.77582014393815,179.98984916370236,178.4659635880447,178.7399139404297,88939300,0.0,0.0,0.0
2016-11-04 00:00:00-04:00,178.85124741387716,179.6902376740761,178.39750685026877,178.5430450439453,109122100,0.0,0.0,0.0
2016-11-07 00:00:00-05:00,178.54302887338312,182.51540735756313,178.54302887338312,182.4811553955078,109794900,0.0,0.0,0.0
2016-11-08 00:00:00-05:00,182.08731064527544,183.86803345879056,181.82191678048162,183.30299377441406,106772100,0.0,0.0,0.0
2016-11-09 00:00:00-05:00,181.8133801094974,185.8628188492065,181.78769767041217,185.2464141845703,258429000,0.0,0.0,0.0
2016-11-10 00:00:00-05:00,186.03402274157074,186.8986952607369,184.2532997663908,185.7086944580078,172113300,0.0,0.0,0.0
2016-11-11 00:00:00-05:00,184.98959378734756,185.52038166177718,184.33895016503715,185.28067016601562,100552700,0.0,0.0,0.0
2016-11-14 00:00:00-05:00,185.80288643230247,186.00835901047284,184.68137636929268,185.4261932373047,94580000,0.0,0.0,0.0
2016-11-15 00:00:00-05:00,185.81138220218224,186.8729705810547,185.60592275441377,186.8729705810547,91652600,0.0,0.0,0.0
2016-11-16 00:00:00-05:00,186.25662452049548,186.75317344713747,186.1367687839471,186.5220184326172,65617700,0.0,0.0,0.0
2016-11-17 00:00:00-05:00,186.6760686915259,187.54074102033763,186.56476944779976,187.48081970214844,69797200,0.0,0.0,0.0
2016-11-18 00:00:00-05:00,187.54934800622104,187.720568602341,186.88156547375317,187.0613555908203,86265800,0.0,0.0,0.0
2016-11-21 00:00:00-05:00,187.63494794012425,188.49962042400998,187.48940978323023,188.47393798828125,72402600,0.0,0.0,0.0
2016-11-22 00:00:00-05:00,188.78215239591617,189.02186385363086,188.11438289752599,188.8420867919922,67429000,0.0,0.0,0.0
2016-11-23 00:00:00-05:00,188.32844998808685,188.99621962146534,188.13154690729507,188.94485473632812,56620200,0.0,0.0,0.0
2016-11-25 00:00:00-05:00,189.28725291578274,189.68105896052663,189.2101925476429,189.64682006835938,37872300,0.0,0.0,0.0
2016-11-28 00:00:00-05:00,189.33858953652754,189.61253982287272,188.65369422572732,188.7564239501953,76572500,0.0,0.0,0.0
2016-11-29 00:00:00-05:00,188.79077945568625,189.57840492298124,188.49113351057136,189.12466430664062,69886700,0.0,0.0,0.0
2016-11-30 00:00:00-05:00,189.74104372210638,189.90370789549405,188.61096403117952,188.6708984375,113291800,0.0,0.0,0.0
2016-12-01 00:00:00-05:00,188.97048639352258,188.97048639352258,187.6178215074796,187.97740173339844,79040500,0.0,0.0,0.0
2016-12-02 00:00:00-05:00,188.0630225212601,188.55957142791652,187.71201178431926,188.0715789794922,74840300,0.0,0.0,0.0
2016-12-05 00:00:00-05:00,188.9019990580523,189.5440860882473,188.70509602651484,189.20164489746094,67837800,0.0,0.0,0.0
2016-12-06 00:00:00-05:00,189.39001699968676,189.83520105835166,188.91059404264573,189.8009490966797,59877400,0.0,0.0,0.0
2016-12-07 00:00:00-05:00,189.6468069632402,192.3435669528581,189.52695125399703,192.2836456298828,110738100,0.0,0.0,0.0
2016-12-08 00:00:00-05:00,192.25796558637467,193.2253677289716,191.99255866812283,192.75450134277344,99714400,0.0,0.0,0.0
2016-12-09 00:00:00-05:00,192.97708833051314,193.93593395913584,192.94283637903837,193.91880798339844,88005800,0.0,0.0,0.0
2016-12-12 00:00:00-05:00,193.82468599748915,194.30412200195045,193.27677219854309,193.69627380371094,102016100,0.0,0.0,0.0
2016-12-13 00:00:00-05:00,194.35546564979694,195.48553202149307,194.33833967139873,194.98898315429688,110477500,0.0,0.0,0.0
2016-12-14 00:00:00-05:00,194.68935787987144,195.39136626171157,192.9428737882111,193.37950134277344,142501800,0.0,0.0,0.0
2016-12-15 00:00:00-05:00,193.61915859978868,195.03174448924327,193.3880036687411,194.17562866210938,124972600,0.0,0.0,0.0
2016-12-16 00:00:00-05:00,194.63119601296233,194.69148365321513,193.47724222226503,193.79586791992188,156420200,1.329,0.0,0.0
2016-12-19 00:00:00-05:00,193.97677116092234,194.63986968501598,193.830375174617,194.2178955078125,90341100,0.0,0.0,0.0
2016-12-20 00:00:00-05:00,194.75184200097368,195.11354171763983,194.5193376492084,194.96713256835938,89838800,0.0,0.0,0.0
2016-12-21 00:00:00-05:00,194.8379146533777,195.010144436063,194.424560546875,194.424560546875,67909000,0.0,0.0,0.0
2016-12-22 00:00:00-05:00,194.27817130921775,194.39873347530573,193.6925742594399,194.08871459960938,56219100,0.0,0.0,0.0
2016-12-23 00:00:00-05:00,194.13175682131336,194.38150117720235,193.94231325723612,194.37289428710938,36697800,0.0,0.0,0.0
2016-12-27 00:00:00-05:00,194.6398577945518,195.25127551528226,194.6226308736002,194.8551483154297,42672500,0.0,0.0,0.0
2016-12-28 00:00:00-05:00,195.1134995195581,195.1307133002148,193.13282409992078,193.24476623535156,64095000,0.0,0.0,0.0
2016-12-29 00:00:00-05:00,193.3136327930532,193.66671234975908,192.7624896651442,193.20169067382812,48696100,0.0,0.0,0.0
2016-12-30 00:00:00-05:00,193.52892088429107,193.61504233520182,191.80659698838423,192.4955291748047,108998300,0.0,0.0,0.0
2017-01-03 00:00:00-05:00,193.79591197608372,194.476237389342,192.79697393302524,193.96815490722656,91366500,0.0,0.0,0.0
2017-01-04 00:00:00-05:00,194.29540986030497,195.26852734369186,194.2868029688766,195.12213134765625,78744400,0.0,0.0,0.0
2017-01-05 00:00:00-05:00,194.85519040871833,195.12214860982965,194.17486485721525,194.96713256835938,78379000,0.0,0.0,0.0
2017-01-06 00:00:00-05:00,195.07904528556946,196.12966407630134,194.5365089692909,195.66464233398438,71559900,0.0,0.0,0.0
2017-01-09 00:00:00-05:00,195.4062733251903,195.54406239938967,194.98429921306328,195.0187530517578,46939700,0.0,0.0,0.0
2017-01-10 00:00:00-05:00,195.0359668308157,195.87129502525147,194.63121963803593,195.0187530517578,63771900,0.0,0.0,0.0
2017-01-11 00:00:00-05:00,194.9326358857143,195.5699005126953,194.2695374492885,195.5699005126953,74650000,0.0,0.0,0.0
2017-01-12 00:00:00-05:00,195.05322197351856,195.26851250549817,193.72703807825238,195.0790557861328,72113200,0.0,0.0,0.0
2017-01-13 00:00:00-05:00,195.25127729217894,195.82825431654757,195.21683659025288,195.52685546875,62717900,0.0,0.0,0.0
2017-01-17 00:00:00-05:00,194.88961929074637,195.29436658409256,194.45043129043768,194.83795166015625,61240800,0.0,0.0,0.0
2017-01-18 00:00:00-05:00,195.0875981072428,195.31150859617858,194.5364550534028,195.26844787597656,54793300,0.0,0.0,0.0
2017-01-19 00:00:00-05:00,195.34596398850047,195.4837530474012,194.11450876783078,194.5450897216797,66608800,0.0,0.0,0.0
2017-01-20 00:00:00-05:00,195.22543385479455,195.75074323022767,194.59678923838771,195.2598876953125,129168600,0.0,0.0,0.0
2017-01-23 00:00:00-05:00,195.25986555738928,195.32014006102685,193.9939564378257,194.75177001953125,75061600,0.0,0.0,0.0
2017-01-24 00:00:00-05:00,194.96711366334637,196.41387296884554,194.85517151455983,196.00051879882812,95555300,0.0,0.0,0.0
2017-01-25 00:00:00-05:00,196.9477557982735,197.6969757080078,196.7841329083282,197.6969757080078,84437700,0.0,0.0,0.0
2017-01-26 00:00:00-05:00,197.55056992098218,197.8175411955517,197.21471724555164,197.49029541015625,59970700,0.0,0.0,0.0
2017-01-27 00:00:00-05:00,197.56781818965763,197.71421417781394,196.99944801896262,197.1802978515625,59711100,0.0,0.0,0.0
2017-01-30 00:00:00-05:00,196.49132894663734,196.51716275501758,194.97568858040952,195.95741271972656,79737300,0.0,0.0,0.0
2017-01-31 00:00:00-05:00,195.46657427051073,196.00050372017813,194.898217258071,195.94021606445312,75880800,0.0,0.0,0.0
2017-02-01 00:00:00-05:00,195.94021401779992,196.8530437527953,195.43213152610113,196.01771545410156,79117700,0.0,0.0,0.0
2017-02-02 00:00:00-05:00,196.01771416236227,196.43108143382898,195.32879499049955,196.1468963623047,69657600,0.0,0.0,0.0
2017-02-03 00:00:00-05:00,197.05115223483276,197.6797969976758,196.7411332994059,197.4989471435547,80563200,0.0,0.0,0.0
2017-02-06 00:00:00-05:00,197.09413011524674,197.49027039160933,196.80994509660826,197.1457977294922,57790100,0.0,0.0,0.0
2017-02-07 00:00:00-05:00,197.53339345823807,197.77451782767443,196.9650232415841,197.15447998046875,57931200,0.0,0.0,0.0
2017-02-08 00:00:00-05:00,197.15442953477168,197.54194980504766,196.61189327221177,197.41278076171875,51566200,0.0,0.0,0.0
2017-02-09 00:00:00-05:00,197.4127730625225,198.88535266019773,197.4127730625225,198.58395385742188,65955200,0.0,0.0,0.0
2017-02-10 00:00:00-05:00,198.92844207107467,199.59154055725963,198.60119627316433,199.3676300048828,66015900,0.0,0.0,0.0
2017-02-13 00:00:00-05:00,199.8584633988888,200.7110184448176,199.83262959206868,200.45266723632812,55182100,0.0,0.0,0.0
2017-02-14 00:00:00-05:00,200.2718463350098,201.26219058701622,199.92738676753206,201.25357055664062,71109000,0.0,0.0,0.0
2017-02-15 00:00:00-05:00,201.03827471556946,202.49364065914128,200.98660709584573,202.30418395996094,86785800,0.0,0.0,0.0
2017-02-16 00:00:00-05:00,202.33005214808165,202.51090198813316,201.38278163151736,202.13198852539062,84722400,0.0,0.0,0.0
2017-02-17 00:00:00-05:00,201.46889815625454,202.45062255859375,201.4516712326226,202.45062255859375,77204100,0.0,0.0,0.0
2017-02-21 00:00:00-05:00,202.82083045154081,203.8283881788995,202.81221042377308,203.65615844726562,88946100,0.0,0.0,0.0
2017-02-22 00:00:00-05:00,203.2515053913428,203.6993002727197,203.08788247148524,203.47540283203125,62115200,0.0,0.0,0.0
2017-02-23 00:00:00-05:00,203.99205730062485,204.00927107949298,202.85531716144558,203.61314392089844,74615900,0.0,0.0,0.0
2017-02-24 00:00:00-05:00,202.7692800843345,203.91461437504424,202.72621934145738,203.87156677246094,82381600,0.0,0.0,0.0
2017-02-27 00:00:00-05:00,203.7854077732879,204.36238482880697,203.53567653504197,204.19015502929688,56515400,0.0,0.0,0.0
2017-02-28 00:00:00-05:00,203.8112526359961,204.05237699644127,203.25150247216814,203.63902282714844,96961900,0.0,0.0,0.0
2017-03-01 00:00:00-05:00,205.29241099116604,206.95446050303505,205.27518407168895,206.4894256591797,149158200,0.0,0.0,0.0
2017-03-02 00:00:00-05:00,206.2999495025957,206.3085695316657,205.1373887832171,205.18905639648438,70246000,0.0,0.0,0.0
2017-03-03 00:00:00-05:00,205.10302302404233,205.48193653776863,204.72410951031603,205.3183135986328,81974300,0.0,0.0,0.0
2017-03-06 00:00:00-05:00,204.52601356749014,205.05992990327823,204.1040393774143,204.7068634033203,55391500,0.0,0.0,0.0
2017-03-07 00:00:00-05:00,204.40541680082913,204.75849638133062,203.8887143347153,204.09539794921875,65103700,0.0,0.0,0.0
2017-03-08 00:00:00-05:00,204.38819704453468,204.6465482866462,203.57870261805394,203.71649169921875,78168800,0.0,0.0,0.0
2017-03-09 00:00:00-05:00,203.83703393035415,204.30206874874492,203.01032580477525,203.97482299804688,90683900,0.0,0.0,0.0
2017-03-10 00:00:00-05:00,204.93074530765566,204.97380604057082,203.74233740870923,204.6896209716797,81991700,0.0,0.0,0.0
2017-03-13 00:00:00-04:00,204.62931534588895,204.8359989615552,204.30208271311278,204.79293823242188,57256800,0.0,0.0,0.0
2017-03-14 00:00:00-04:00,204.2504474886715,204.3021282593268,203.39790530710178,204.0093231201172,59880800,0.0,0.0,0.0
2017-03-15 00:00:00-04:00,204.57768905340063,206.1966781857777,204.34517158134187,205.7747039794922,96081800,0.0,0.0,0.0
2017-03-16 00:00:00-04:00,205.91243981213134,205.98994123600284,205.04267095023275,205.36990356445312,78344000,0.0,0.0,0.0
2017-03-17 00:00:00-04:00,205.632027875245,205.82230883065284,205.00929260253906,205.00929260253906,89002100,1.033,0.0,0.0
2017-03-20 00:00:00-04:00,205.0092647739321,205.29468616829985,204.39518711730236,204.78439331054688,52537000,0.0,0.0,0.0
2017-03-21 00:00:00-04:00,205.38982235241298,205.51090901439778,202.02532881856098,202.15505981445312,131809300,0.0,0.0,0.0
2017-03-22 00:00:00-04:00,202.18966922638143,202.91618921870486,201.56693403368797,202.63076782226562,97569200,0.0,0.0,0.0
2017-03-23 00:00:00-04:00,202.63073209762806,203.54753285927518,202.04260074013908,202.4145050048828,100410300,0.0,0.0,0.0
2017-03-24 00:00:00-04:00,202.7172732379335,203.2881028594989,201.48910466205444,202.26751708984375,112504900,0.0,0.0,0.0
2017-03-27 00:00:00-04:00,200.59822377562864,202.31939645634566,200.321459915953,202.05992126464844,87454500,0.0,0.0,0.0
2017-03-28 00:00:00-04:00,201.75723863446456,203.95410073492422,201.64479629003603,203.53030395507812,93483900,0.0,0.0,0.0
2017-03-29 00:00:00-04:00,203.24484617764165,203.95406426057835,203.0199615290021,203.7205352783203,61950400,0.0,0.0,0.0
2017-03-30 00:00:00-04:00,203.65999883500942,204.5681553695538,203.48701978020478,204.3692169189453,56737900,0.0,0.0,0.0
2017-03-31 00:00:00-04:00,204.03188422367182,204.55947887025005,203.84160332179414,203.8935089111328,73733100,0.0,0.0,0.0
2017-04-03 00:00:00-04:00,203.94538736645,204.14431258756326,202.31071114653665,203.53887939453125,85546500,0.0,0.0,0.0
2017-04-04 00:00:00-04:00,203.2535334549345,203.75518205736938,202.87297153602123,203.66868591308594,56466200,0.0,0.0,0.0
2017-04-05 00:00:00-04:00,204.34326269653357,205.32061345411282,202.85561912820899,203.06320190429688,108800600,0.0,0.0,0.0
2017-04-06 00:00:00-04:00,203.20162468780876,204.15301621103774,202.76051286391876,203.6340789794922,69135800,0.0,0.0,0.0
2017-04-07 00:00:00-04:00,203.383280855039,204.1184585482858,202.94218215756678,203.42652893066406,74412300,0.0,0.0,0.0
2017-04-10 00:00:00-04:00,203.56489403083373,204.34330651252617,203.01999737517406,203.54759216308594,67615300,0.0,0.0,0.0
2017-04-11 00:00:00-04:00,203.16700087724368,203.4091742008586,201.8177457321159,203.30538940429688,88045300,0.0,0.0,0.0
2017-04-12 00:00:00-04:00,203.02859575515922,203.2188766525714,202.18963357951134,202.4145050048828,81864400,0.0,0.0,0.0
2017-04-13 00:00:00-04:00,202.07721959380586,202.81239709117327,201.09986877441406,201.09986877441406,92880400,0.0,0.0,0.0
2017-04-17 00:00:00-04:00,201.61884991623276,202.88162231445312,201.41992462795403,202.88162231445312,68405400,0.0,0.0,0.0
2017-04-18 00:00:00-04:00,202.14640731501228,202.81239052775499,201.59286642580503,202.27613830566406,83225800,0.0,0.0,0.0
2017-04-19 00:00:00-04:00,202.83829258526222,203.21019680916933,201.67930546534396,201.90419006347656,68699900,0.0,0.0,0.0
2017-04-20 00:00:00-04:00,202.5183487901547,203.98870400717547,202.19833682284133,203.54759216308594,92572200,0.0,0.0,0.0
2017-04-21 00:00:00-04:00,203.46975338052528,203.521645786266,202.50105994680993,202.89891052246094,110389800,0.0,0.0,0.0
2017-04-24 00:00:00-04:00,205.13898490980165,205.3379233603899,202.87292893794245,205.13034057617188,119209900,0.0,0.0,0.0
2017-04-25 00:00:00-04:00,205.7703726936147,206.66987167555047,205.68387656955395,206.32391357421875,76698300,0.0,0.0,0.0
2017-04-26 00:00:00-04:00,206.28935434519522,207.17156485058885,206.15097899328634,206.1942138671875,84702500,0.0,0.0,0.0
2017-04-27 00:00:00-04:00,206.51420510170553,206.66988229606818,205.83091999989713,206.36717224121094,57410300,0.0,0.0,0.0
2017-04-28 00:00:00-04:00,206.6266222370468,206.65256843460105,205.7876599895779,205.9174041748047,63532800,0.0,0.0,0.0
2017-05-01 00:00:00-04:00,206.43637084960938,206.86018079937156,206.02121843190722,206.43637084960938,66882500,0.0,0.0,0.0
2017-05-02 00:00:00-04:00,206.5747121383258,206.6957987823536,206.1076674249198,206.51417541503906,57375700,0.0,0.0,0.0
2017-05-03 00:00:00-04:00,206.51419754423213,206.60933800312412,205.58873915342298,206.26336669921875,73137700,0.0,0.0,0.0
2017-05-04 00:00:00-04:00,206.5660888673445,206.6439274612729,205.65793234581244,206.5055389404297,61462700,0.0,0.0,0.0
2017-05-05 00:00:00-04:00,206.87739826509156,207.33579856370548,206.4362866286295,207.31849670410156,62001300,0.0,0.0,0.0
2017-05-08 00:00:00-04:00,207.3618504525365,207.5088833404866,206.86020184793435,207.2840118408203,48385700,0.0,0.0,0.0
2017-05-09 00:00:00-04:00,207.54346036253196,207.7423856326874,206.74773288699615,207.0937042236328,51363200,0.0,0.0,0.0
2017-05-10 00:00:00-04:00,207.05043905844082,207.46559143066406,206.8428562736012,207.46559143066406,54293800,0.0,0.0,0.0
2017-05-11 00:00:00-04:00,207.01586288180906,207.20614381507636,205.96067341458388,207.04180908203125,62358300,0.0,0.0,0.0
2017-05-12 00:00:00-04:00,206.79098702830493,207.0850527749916,206.42772701225834,206.6958465576172,53912700,0.0,0.0,0.0
2017-05-15 00:00:00-04:00,207.11966394959072,207.95862634921738,207.10236208226476,207.83753967285156,61918900,0.0,0.0,0.0
2017-05-16 00:00:00-04:00,208.13156340453983,208.15750960156078,207.25801064410544,207.647216796875,51241800,0.0,0.0,0.0
2017-05-17 00:00:00-04:00,207.64722812837044,207.64722812837044,203.90217285033032,203.9627227783203,172174100,0.0,0.0,0.0
2017-05-18 00:00:00-04:00,203.88488106209277,205.631999962106,203.62540586744421,204.78439331054688,107047700,0.0,0.0,0.0
2017-05-19 00:00:00-04:00,205.26874160827177,206.78233152544618,205.21684920841886,206.11634826660156,115011400,0.0,0.0,0.0
2017-05-22 00:00:00-04:00,206.62662010978983,207.32720702890853,206.55743904866105,207.16287231445312,61010600,0.0,0.0,0.0
2017-05-23 00:00:00-04:00,207.5348112360203,207.78564211492287,207.15424934903544,207.62130737304688,48341700,0.0,0.0,0.0
2017-05-24 00:00:00-04:00,207.85483417668863,208.20943666083193,207.5175071643434,208.10565185546875,46927700,0.0,0.0,0.0
2017-05-25 00:00:00-04:00,208.61593409813327,209.37705782517145,208.4083644980005,209.10028076171875,64071700,0.0,0.0,0.0
2017-05-26 00:00:00-04:00,208.91000654420898,209.22137415187208,208.8321679416575,209.0570526123047,46629900,0.0,0.0,0.0
2017-05-30 00:00:00-04:00,208.73703870247456,209.12624493362787,208.5813614889964,208.87542724609375,35201900,0.0,0.0,0.0
2017-05-31 00:00:00-04:00,209.16942912527443,209.20403284934062,208.13154176000506,208.82347106933594,91796000,0.0,0.0,0.0
2017-06-01 00:00:00-04:00,209.28190858500193,210.5014327244796,208.9964871993291,210.484130859375,68962000,0.0,0.0,0.0
2017-06-02 00:00:00-04:00,210.5360566880442,211.34042857493054,210.24199092185276,211.1847381591797,88666100,0.0,0.0,0.0
2017-06-05 00:00:00-04:00,211.01170509458183,211.29712645256342,210.83006852224628,211.0290069580078,44698800,0.0,0.0,0.0
2017-06-06 00:00:00-04:00,210.46687556555,211.02041659427644,210.2765945996635,210.3544464111328,50375400,0.0,0.0,0.0
2017-06-07 00:00:00-04:00,210.6917141693969,210.96847802447388,210.025730934513,210.7436065673828,54144300,0.0,0.0,0.0
2017-06-08 00:00:00-04:00,210.83875251651543,211.32309917359729,210.3198021282382,210.84739685058594,65950700,0.0,0.0,0.0
2017-06-09 00:00:00-04:00,211.11556689923026,211.91128134020343,209.26466276105234,210.52743530273438,132256400,0.0,0.0,0.0
2017-06-12 00:00:00-04:00,210.28520560176892,210.53602325723256,209.63652423363692,210.484130859375,86108100,0.0,0.0,0.0
2017-06-13 00:00:00-04:00,211.0203777650746,211.56527435779938,210.67441963482645,211.5133819580078,60067000,0.0,0.0,0.0
2017-06-14 00:00:00-04:00,211.78150885516482,211.79015318961186,210.42359609192093,211.24526977539062,78602300,0.0,0.0,0.0
2017-06-15 00:00:00-04:00,209.8960152194408,210.95986231231313,209.61925132681426,210.83877563476562,66464900,0.0,0.0,0.0
2017-06-16 00:00:00-04:00,210.99781733459514,211.04996279608503,210.00701378083883,210.88482666015625,84553100,1.183,0.0,0.0
2017-06-19 00:00:00-04:00,211.71044001182366,212.70124331255076,211.61483560290208,212.64041137695312,65123800,0.0,0.0,0.0
2017-06-20 00:00:00-04:00,212.2841118334075,212.2927983226885,211.18901740229742,211.20639038085938,56906400,0.0,0.0,0.0
2017-06-21 00:00:00-04:00,211.59751403942832,211.7104914506489,210.684928689232,211.1542510986328,55977600,0.0,0.0,0.0
2017-06-22 00:00:00-04:00,211.1629742389999,211.65836943369348,210.8848474012777,211.0586700439453,44148100,0.0,0.0,0.0
2017-06-23 00:00:00-04:00,211.11942961982083,211.64089733628418,210.73701200399373,211.31063842773438,66986800,0.0,0.0,0.0
2017-06-26 00:00:00-04:00,211.9798898399386,212.39707999389566,211.2411404748748,211.44972229003906,56700500,0.0,0.0,0.0
2017-06-27 00:00:00-04:00,211.2324448471982,211.52795786080534,209.7288600990162,209.74624633789062,82247700,0.0,0.0,0.0
2017-06-28 00:00:00-04:00,210.76312587024884,211.82346100773714,210.52845805803364,211.62356567382812,70042600,0.0,0.0,0.0
2017-06-29 00:00:00-04:00,211.77133642732028,211.82348188810502,208.55557148137194,209.76365661621094,106949700,0.0,0.0,0.0
2017-06-30 00:00:00-04:00,210.5719774417054,210.9457087507458,209.96359151493812,210.15480041503906,86820700,0.0,0.0,0.0
2017-07-03 00:00:00-04:00,211.09345208932288,211.52801534658067,210.51113891601562,210.51113891601562,39153800,0.0,0.0,0.0
2017-07-05 00:00:00-04:00,210.8761255787128,211.20638456590143,210.06783119610182,210.997802734375,54427600,0.0,0.0,0.0
2017-07-06 00:00:00-04:00,210.2329855748634,210.3546627410907,208.88583699475083,209.068359375,65400800,0.0,0.0,0.0
2017-07-07 00:00:00-04:00,209.64197067450192,210.57192896378987,209.0770305954212,210.42417907714844,57972300,0.0,0.0,0.0
2017-07-10 00:00:00-04:00,210.42416316812717,211.0238624203301,210.119963666866,210.65013122558594,36663300,0.0,0.0,0.0
2017-07-11 00:00:00-04:00,210.65010394625625,210.80655355178624,209.32904172660182,210.49366760253906,50354600,0.0,0.0,0.0
2017-07-12 00:00:00-04:00,211.45848910877328,212.24069768736183,211.45848910877328,212.0755615234375,59610400,0.0,0.0,0.0
2017-07-13 00:00:00-04:00,212.0841937898011,212.54482964689768,211.85821247452137,212.4318389892578,39471600,0.0,0.0,0.0
2017-07-14 00:00:00-04:00,212.43183455369368,213.77898288163507,212.33623013656714,213.42263793945312,60262700,0.0,0.0,0.0
2017-07-17 00:00:00-04:00,213.34443047246788,213.7268481601751,213.22275332290783,213.39657592773438,33531900,0.0,0.0,0.0
2017-07-18 00:00:00-04:00,212.98808618280643,213.56171271617282,212.64912746069257,213.5095672607422,42742500,0.0,0.0,0.0
2017-07-19 00:00:00-04:00,213.8224585033008,214.6741985738077,213.81375875263902,214.66551208496094,51034300,0.0,0.0,0.0
2017-07-20 00:00:00-04:00,214.9175294927569,215.03920663244577,214.21353938014167,214.76109313964844,47135200,0.0,0.0,0.0
2017-07-21 00:00:00-04:00,214.18751329032523,214.5960037614684,213.96153193754682,214.56993103027344,82340800,0.0,0.0,0.0
2017-07-24 00:00:00-04:00,214.4916447265497,214.65678082310137,214.04839514776342,214.51773071289062,46622300,0.0,0.0,0.0
2017-07-25 00:00:00-04:00,215.26521368818368,215.36951787097334,214.81327752275382,215.03924560546875,54915600,0.0,0.0,0.0
2017-07-26 00:00:00-04:00,215.32602409893403,215.36078331303545,214.78717007857182,215.0478973388672,47575400,0.0,0.0,0.0
2017-07-27 00:00:00-04:00,215.50856694803846,215.54332616544713,213.52694674855073,214.8480224609375,70766600,0.0,0.0,0.0
2017-07-28 00:00:00-04:00,214.37001170050198,214.72635669145512,213.91807554115323,214.5959930419922,50088400,0.0,0.0,0.0
2017-07-31 00:00:00-04:00,214.9957720304814,215.09137645548512,214.26570910962465,214.47430419921875,65838700,0.0,0.0,0.0
2017-08-01 00:00:00-04:00,215.0739934319725,215.10875264770706,214.43083521545947,214.9523162841797,55050400,0.0,0.0,0.0
2017-08-02 00:00:00-04:00,215.08268283502977,215.19567349587365,214.12663861669216,215.05661010742188,47211200,0.0,0.0,0.0
2017-08-03 00:00:00-04:00,214.94363633984614,214.96970906950318,214.36132327447956,214.6394500732422,40856000,0.0,0.0,0.0
2017-08-04 00:00:00-04:00,215.1262288501675,215.36088349358886,214.64820654757213,215.03062438964844,60191800,0.0,0.0,0.0
2017-08-07 00:00:00-04:00,215.10006939833806,215.43032836914062,214.99576522593466,215.43032836914062,31995000,0.0,0.0,0.0
2017-08-08 00:00:00-04:00,215.11742804149972,216.33421271848638,214.52642857179112,214.900146484375,61719400,0.0,0.0,0.0
2017-08-09 00:00:00-04:00,214.21362287600886,214.9436859987051,213.85727780594803,214.89154052734375,62632600,0.0,0.0,0.0
2017-08-10 00:00:00-04:00,214.05713457402004,214.18751149071593,211.80610038765755,211.85824584960938,120479500,0.0,0.0,0.0
2017-08-11 00:00:00-04:00,212.08414637586216,212.76206364651628,211.8494786246938,212.17105102539062,74869900,0.0,0.0,0.0
2017-08-14 00:00:00-04:00,213.4486858455235,214.491634562655,213.41392663507116,214.27435302734375,73291900,0.0,0.0,0.0
2017-08-15 00:00:00-04:00,214.65684253490522,214.67422877685988,213.94416575656814,214.24835205078125,55242700,0.0,0.0,0.0
2017-08-16 00:00:00-04:00,214.76982020562247,215.16962417546023,214.19619361221802,214.6220703125,56715500,0.0,0.0,0.0
2017-08-17 00:00:00-04:00,214.01366523031848,214.3265512292941,211.27590942382812,211.27590942382812,128490400,0.0,0.0,0.0
2017-08-18 00:00:00-04:00,211.1108015904025,212.23198209604297,210.50241575027266,210.9456787109375,136748000,0.0,0.0,0.0
2017-08-21 00:00:00-04:00,210.88482598104898,211.37153463580879,210.18083572957025,211.1107940673828,65469700,0.0,0.0,0.0
2017-08-22 00:00:00-04:00,211.69314287923814,213.47484155193214,211.67575663634727,213.3184051513672,63140100,0.0,0.0,0.0
2017-08-23 00:00:00-04:00,212.3536629833121,212.97943507606757,212.2059130811083,212.55355834960938,50203800,0.0,0.0,0.0
2017-08-24 00:00:00-04:00,212.9359334749582,213.09236983592203,211.84952565110638,212.05812072753906,50741700,0.0,0.0,0.0
2017-08-25 00:00:00-04:00,212.84905815401697,213.46614375669583,212.40580844740558,212.55355834960938,64445900,0.0,0.0,0.0
2017-08-28 00:00:00-04:00,213.0837237566261,213.10979648839782,212.14506562739396,212.562255859375,40565600,0.0,0.0,0.0
2017-08-29 00:00:00-04:00,211.24984420711982,213.0663150587926,211.1368535401398,212.8055877685547,51135700,0.0,0.0,0.0
2017-08-30 00:00:00-04:00,212.78818857668327,214.08319150724105,212.60566622281107,213.81375122070312,62030800,0.0,0.0,0.0
2017-08-31 00:00:00-04:00,214.4308209805419,215.34340615931342,213.84850800748916,215.1000518798828,103803900,0.0,0.0,0.0
2017-09-01 00:00:00-04:00,215.47376752778257,215.83011245528897,215.2564859761538,215.40423583984375,62007000,0.0,0.0,0.0
2017-09-05 00:00:00-04:00,214.9001417922281,215.12612309426453,212.8924623701218,213.85719299316406,91398800,0.0,0.0,0.0
2017-09-06 00:00:00-04:00,214.53508905157224,214.91750666764116,214.00492158598797,214.5872344970703,57916900,0.0,0.0,0.0
2017-09-07 00:00:00-04:00,214.89150580151696,214.90889204310074,214.1527430450965,214.5612335205078,58034700,0.0,0.0,0.0
2017-09-08 00:00:00-04:00,214.27440110391774,214.76980948125174,214.06581927077957,214.30917358398438,63832800,0.0,0.0,0.0
2017-09-11 00:00:00-04:00,215.57809645054567,216.67320415146062,215.56072347185696,216.59498596191406,71364800,0.0,0.0,0.0
2017-09-12 00:00:00-04:00,216.95999602215846,217.3597866815819,216.7774736694203,217.3250274658203,56896000,0.0,0.0,0.0
2017-09-13 00:00:00-04:00,217.03821711288396,217.4640937671046,216.92522645196908,217.4293212890625,59228000,0.0,0.0,0.0
2017-09-14 00:00:00-04:00,217.10774620268882,217.55969557911206,216.93392360000743,217.3597869873047,95446300,0.0,0.0,0.0
2017-09-15 00:00:00-04:00,217.21566977959978,217.7397254791433,217.11086130521687,217.6523895263672,95432400,1.235,0.0,0.0
2017-09-18 00:00:00-04:00,218.0192775480726,218.4647269838403,217.73104085635288,218.1153564453125,46235200,0.0,0.0,0.0
2017-09-19 00:00:00-04:00,218.35995762186798,218.42110480726646,218.01058702072663,218.33375549316406,47108100,0.0,0.0,0.0
2017-09-20 00:00:00-04:00,218.42105066508134,218.525859153917,217.41658711242658,218.4123077392578,59574100,0.0,0.0,0.0
2017-09-21 00:00:00-04:00,218.25513873204213,218.3424747143588,217.6524631452332,217.8271484375,48211400,0.0,0.0,0.0
2017-09-22 00:00:00-04:00,217.5301324086641,218.0367289698389,217.50393028719216,217.8707733154297,51214000,0.0,0.0,0.0
2017-09-25 00:00:00-04:00,217.61746600132773,217.9668498298664,216.68289258120123,217.42530822753906,57064400,0.0,0.0,0.0
2017-09-26 00:00:00-04:00,217.85330171224217,218.09786373210036,217.32050302734459,217.55633544921875,54082000,0.0,0.0,0.0
2017-09-27 00:00:00-04:00,218.25505083053952,218.78784942033215,217.37286846929294,218.40353393554688,81001400,0.0,0.0,0.0
2017-09-28 00:00:00-04:00,218.1240620366598,218.74421000106764,218.03672607545622,218.6656036376953,44778800,0.0,0.0,0.0
2017-09-29 00:00:00-04:00,218.6568890859042,219.51286957913425,218.47347421423493,219.4342498779297,85578000,0.0,0.0,0.0
2017-10-02 00:00:00-04:00,219.66136543656245,220.38632202148438,219.4866668261174,220.38632202148438,59023000,0.0,0.0,0.0
2017-10-03 00:00:00-04:00,220.38628914782512,220.8841427959599,220.30766945379898,220.85794067382812,66810200,0.0,0.0,0.0
2017-10-04 00:00:00-04:00,220.70944693575927,221.36452661284386,220.59589552688965,221.11996459960938,55953600,0.0,0.0,0.0
2017-10-05 00:00:00-04:00,221.4518837893815,222.44760446083976,221.15491750595024,222.43014526367188,63522800,0.0,0.0,0.0
2017-10-06 00:00:00-04:00,221.9847068130884,222.465101340426,221.72268555057047,222.17686462402344,80646000,0.0,0.0,0.0
2017-10-09 00:00:00-04:00,222.40386695568588,222.46500078009493,221.5478867929445,221.80992126464844,35803100,0.0,0.0,0.0
2017-10-10 00:00:00-04:00,222.3777281817695,222.7707733374642,221.83618656529862,222.3951873779297,43057400,0.0,0.0,0.0
2017-10-11 00:00:00-04:00,222.29908992244182,222.7445526123047,222.13314760699538,222.7445526123047,47674300,0.0,0.0,0.0
2017-10-12 00:00:00-04:00,222.4300701751509,222.7794405874073,222.1767652977821,222.41259765625,47065100,0.0,0.0,0.0
2017-10-13 00:00:00-04:00,222.84935102131928,222.9629024198992,222.41263127617069,222.6833953857422,54800400,0.0,0.0,0.0
2017-10-16 00:00:00-04:00,222.91054426948924,223.17256550864792,222.56990333095123,222.98040771484375,38221700,0.0,0.0,0.0
2017-10-17 00:00:00-04:00,222.9280192023774,223.1813241882859,222.70965926924444,223.1376495361328,31561000,0.0,0.0,0.0
2017-10-18 00:00:00-04:00,223.51323082704957,223.55690548088376,223.16386025164232,223.35601806640625,40888300,0.0,0.0,0.0
2017-10-19 00:00:00-04:00,222.57858928408425,223.45202878369093,222.1593420560092,223.41708374023438,61903800,0.0,0.0,0.0
2017-10-20 00:00:00-04:00,224.21196630472966,224.59628187884428,223.3996605089635,224.57005310058594,89176400,0.0,0.0,0.0
2017-10-23 00:00:00-04:00,224.89324417338113,224.9194462959128,223.61800312947534,223.6966094970703,63915300,0.0,0.0,0.0
2017-10-24 00:00:00-04:00,224.12457516951147,224.3254491898928,223.7315167426879,224.08963012695312,66935900,0.0,0.0,0.0
2017-10-25 00:00:00-04:00,223.75776848882185,223.8713199108784,221.85367640356625,222.98040771484375,103715300,0.0,0.0,0.0
2017-10-26 00:00:00-04:00,223.5918279839053,223.86257882405025,223.14636521841157,223.26864624023438,69798000,0.0,0.0,0.0
2017-10-27 00:00:00-04:00,224.01104443027998,225.2513403305325,223.2773584004407,225.09410095214844,85562500,0.0,0.0,0.0
2017-10-30 00:00:00-04:00,224.01102273054096,224.99801359997798,223.95861849457592,224.25558471679688,54285700,0.0,0.0,0.0
2017-10-31 00:00:00-04:00,224.6311978502524,224.85830068394264,224.3080294517007,224.60499572753906,60304800,0.0,0.0,0.0
2017-11-01 00:00:00-04:00,225.38237007095873,225.7229976666513,224.5351325618353,224.90196228027344,54202700,0.0,0.0,0.0
2017-11-02 00:00:00-04:00,224.83212135422747,225.12908766017168,223.76652383042074,224.9893341064453,56449500,0.0,0.0,0.0
2017-11-03 00:00:00-04:00,225.14650410247782,225.7841245724056,224.73598644613577,225.74046325683594,59589700,0.0,0.0,0.0
2017-11-06 00:00:00-05:00,225.60942075481384,226.2208390901341,225.53955732047456,226.08982849121094,49652600,0.0,0.0,0.0
2017-11-07 00:00:00-05:00,226.19462311050214,226.52653437760935,225.4259921035712,225.93260192871094,57502200,0.0,0.0,0.0
2017-11-08 00:00:00-05:00,225.75793755793842,226.41301726687485,225.47843048486277,226.31692504882812,50469600,0.0,0.0,0.0
2017-11-09 00:00:00-05:00,225.1116255581351,225.68809896409653,223.91499076764975,225.49594116210938,95085500,0.0,0.0,0.0
2017-11-10 00:00:00-05:00,225.1116151635526,225.60073924506818,224.79716302242787,225.42604064941406,59984700,0.0,0.0,0.0
2017-11-13 00:00:00-05:00,224.74470620159695,225.86270764857133,224.70976115958797,225.63560485839844,50228600,0.0,0.0,0.0
2017-11-14 00:00:00-05:00,224.83206522794742,225.21638074093954,224.05469127726758,225.111572265625,61315200,0.0,0.0,0.0
2017-11-15 00:00:00-05:00,224.14206074959475,224.6661298286348,223.27736409509808,223.98484802246094,80811500,0.0,0.0,0.0
2017-11-16 00:00:00-05:00,224.9281576360003,226.2558028958665,224.8844963178253,225.88894653320312,67777000,0.0,0.0,0.0
2017-11-17 00:00:00-05:00,225.53954973835357,225.86271808991955,225.14649129953867,225.22509765625,75756800,0.0,0.0,0.0
2017-11-20 00:00:00-05:00,225.46972440635292,225.80160908346332,225.22513571490924,225.6094512939453,48075500,0.0,0.0,0.0
2017-11-21 00:00:00-05:00,226.3780568662347,227.26898226933415,225.57450740471495,227.08554077148438,69176800,0.0,0.0,0.0
2017-11-22 00:00:00-05:00,227.09430631489215,227.22531692979058,226.7187336670959,226.8846893310547,45033400,0.0,0.0,0.0
2017-11-24 00:00:00-05:00,227.3738035315452,227.5135570664607,227.23404999662972,227.40872192382812,27856500,0.0,0.0,0.0
2017-11-27 00:00:00-05:00,227.45240926382237,227.74937552896802,227.09429582945995,227.29519653320312,52274900,0.0,0.0,0.0
2017-11-28 00:00:00-05:00,227.7580990977113,229.62724582071488,227.66200688921438,229.60104370117188,98971700,0.0,0.0,0.0
2017-11-29 00:00:00-05:00,229.73208312406396,230.26489516197006,229.01588288160568,229.46131896972656,77512100,0.0,0.0,0.0
2017-11-30 00:00:00-05:00,230.3784306347225,232.37858806797493,230.29982427167096,231.47023010253906,127894400,0.0,0.0,0.0
2017-12-01 00:00:00-05:00,231.25185497707815,231.73223604917192,227.75809691018895,230.98980712890625,164390900,0.0,0.0,0.0
2017-12-04 00:00:00-05:00,232.60572212855533,233.03369904773825,230.65794202046783,230.7103729248047,94040600,0.0,0.0,0.0
2017-12-05 00:00:00-05:00,229.8805389404297,231.5924728582551,229.74952834944312,229.8805389404297,77994500,0.0,0.0,0.0
2017-12-06 00:00:00-05:00,229.9766138332505,230.35221308301692,229.46128771759268,229.92420959472656,75898600,0.0,0.0,0.0
2017-12-07 00:00:00-05:00,230.649169921875,230.9635953402073,229.6621790444583,230.649169921875,77218600,0.0,0.0,0.0
2017-12-08 00:00:00-05:00,231.6012579582747,231.9156834339006,230.61426690101155,231.90696716308594,76563900,0.0,0.0,0.0
2017-12-11 00:00:00-05:00,232.60572814941406,232.6668753266698,231.88078491496563,232.60572814941406,83077500,0.0,0.0,0.0
2017-12-12 00:00:00-05:00,233.39179273103937,233.48788494970145,232.6406474545075,233.01622009277344,85195800,0.0,0.0,0.0
2017-12-13 00:00:00-05:00,233.26073907462717,233.69745880279135,232.90262569890172,232.98997497558594,102905400,0.0,0.0,0.0
2017-12-14 00:00:00-05:00,233.28699142018422,233.4005428387963,231.98557487973446,232.03797912597656,100666700,0.0,0.0,0.0
2017-12-15 00:00:00-05:00,233.0396690986028,234.43553349269078,232.98699699252464,233.97024536132812,144610300,1.351,0.0,0.0
2017-12-18 00:00:00-05:00,235.36616843754248,235.80512062530684,235.26082419912152,235.45396423339844,83653600,0.0,0.0,0.0
2017-12-19 00:00:00-05:00,235.69965833585582,235.74354281604639,234.4793590051349,234.5496063232422,82382900,0.0,0.0,0.0
2017-12-20 00:00:00-05:00,235.51525847100797,235.56793055919715,234.12818216286044,234.42666625976562,76751500,0.0,0.0,0.0
2017-12-21 00:00:00-05:00,235.05005956036698,235.6207187178105,234.66377957294816,234.9095916748047,67032300,0.0,0.0,0.0
2017-12-22 00:00:00-05:00,234.92716795261202,234.96229162203662,234.31262429947589,234.84815979003906,78720900,0.0,0.0,0.0
2017-12-26 00:00:00-05:00,234.4442802725395,234.78667573304617,234.30383919241618,234.56719970703125,45244400,0.0,0.0,0.0
2017-12-27 00:00:00-05:00,234.73399229080826,235.04126407068716,234.40917207463843,234.6813201904297,57751000,0.0,0.0,0.0
2017-12-28 00:00:00-05:00,235.18175980019154,235.20809585350116,234.7954798239778,235.1641845703125,45116100,0.0,0.0,0.0
2017-12-29 00:00:00-05:00,235.74357739646385,235.76112583281383,234.08435264594527,234.2774658203125,96007400,0.0,0.0,0.0
2018-01-02 00:00:00-05:00,235.13779463458457,235.98936255180203,234.75151474688784,235.95423889160156,86655700,0.0,0.0,0.0
2018-01-03 00:00:00-05:00,236.12108775526218,237.59598705803205,236.12108775526218,237.4467315673828,90070400,0.0,0.0,0.0
2018-01-04 00:00:00-05:00,238.08768409075125,238.93046481346,237.5082639715402,238.44760131835938,80636400,0.0,0.0,0.0
2018-01-05 00:00:00-05:00,239.23764887382802,240.15943743914386,238.7460247334587,240.0365447998047,83524000,0.0,0.0,0.0
2018-01-08 00:00:00-05:00,239.94003509509662,240.63358703131274,239.65033844866002,240.47557067871094,57319200,0.0,0.0,0.0
2018-01-09 00:00:00-05:00,240.89687121980845,241.64309503689753,240.6159354877151,241.01979064941406,57254000,0.0,0.0,0.0
2018-01-10 00:00:00-05:00,240.26485824485925,240.91452568794818,239.59766915107215,240.65113830566406,69574300,0.0,0.0,0.0
2018-01-11 00:00:00-05:00,241.20418164712254,242.4069061279297,241.03737770393656,242.4069061279297,62361500,0.0,0.0,0.0
2018-01-12 00:00:00-05:00,242.67034130166897,244.15397506052784,242.37183023495885,243.98719787597656,90816100,0.0,0.0,0.0
2018-01-16 00:00:00-05:00,245.2425689643196,245.89220956615077,242.45960057454664,243.1531524658203,106555100,0.0,0.0,0.0
2018-01-17 00:00:00-05:00,244.08365705963055,245.85701356015943,243.15308092859505,245.47073364257812,113258800,0.0,0.0,0.0
2018-01-18 00:00:00-05:00,245.35666596416098,245.77804281728476,244.56653078153596,245.0581817626953,100728000,0.0,0.0,0.0
2018-01-19 00:00:00-05:00,245.63751458547583,246.1730499267578,245.05812155478074,246.1730499267578,140920100,0.0,0.0,0.0
2018-01-22 00:00:00-05:00,245.9624951757326,248.1748046875,245.909796261901,248.1748046875,91322400,0.0,0.0,0.0
2018-01-23 00:00:00-05:00,248.21862891691765,248.99118891195354,247.89380864434813,248.7014923095703,97084700,0.0,0.0,0.0
2018-01-24 00:00:00-05:00,249.3423710936975,249.93936638272544,247.42854613851088,248.6049346923828,134816100,0.0,0.0,0.0
2018-01-25 00:00:00-05:00,249.4652317930512,249.56178838394288,247.92011200672914,248.71022033691406,84587300,0.0,0.0,0.0
2018-01-26 00:00:00-05:00,249.5443230492065,251.63373978565417,249.28972327428647,251.58982849121094,107743100,0.0,0.0,0.0
2018-01-29 00:00:00-05:00,251.0191331432591,251.45808522868774,249.76373660889539,249.9217529296875,90118300,0.0,0.0,0.0
2018-01-30 00:00:00-05:00,248.09578914317598,249.97449063019914,246.8842767828493,247.3583526611328,131796400,0.0,0.0,0.0
2018-01-31 00:00:00-05:00,248.20987669807295,248.7102617559007,246.41015692190018,247.481201171875,108364800,0.0,0.0,0.0
2018-02-01 00:00:00-05:00,246.7525738798509,248.49959490497716,246.41017833480868,247.20028686523438,90102500,0.0,0.0,0.0
2018-02-02 00:00:00-05:00,245.88343060768892,246.01513768914108,241.78363242902748,241.81875610351562,173174800,0.0,0.0,0.0
2018-02-05 00:00:00-05:00,240.0628951810938,242.16985973581026,231.1609344386689,231.70523071289062,294681800,0.0,0.0,0.0
2018-02-06 00:00:00-05:00,228.20241370210414,236.7707670349998,227.11382109691172,236.27035522460938,355026800,0.0,0.0,0.0
2018-02-07 00:00:00-05:00,235.7172349914964,239.1059317295895,234.90955148557242,234.98858642578125,167376100,0.0,0.0,0.0
2018-02-08 00:00:00-05:00,235.28707148417266,235.42753934624014,226.13929955438024,226.17442321777344,246449500,0.0,0.0,0.0
2018-02-09 00:00:00-05:00,228.95735588832179,231.42426402168795,222.03948137455444,229.5718994140625,283565300,0.0,0.0,0.0
2018-02-12 00:00:00-05:00,231.61739535676696,234.40915037593444,229.71235872257293,232.9430389404297,143736000,0.0,0.0,0.0
2018-02-13 00:00:00-05:00,231.74031691253185,234.0667571237213,231.16089706515012,233.5224609375,81223600,0.0,0.0,0.0
2018-02-14 00:00:00-05:00,232.03886114791155,237.03413827941714,232.0300735324697,236.6741943359375,120735700,0.0,0.0,0.0
2018-02-15 00:00:00-05:00,238.41240518393013,239.70292518687265,235.9542578113466,239.6941375732422,111200300,0.0,0.0,0.0
2018-02-16 00:00:00-05:00,239.07089448024806,241.70460725988548,239.02698319234702,239.76441955566406,160420100,0.0,0.0,0.0
2018-02-20 00:00:00-05:00,238.81620632418634,240.25598163725283,237.47301437553378,238.26312255859375,86369700,0.0,0.0,0.0
2018-02-21 00:00:00-05:00,238.70214631468968,241.17784258546794,236.98146158652554,237.07801818847656,98883700,0.0,0.0,0.0
2018-02-22 00:00:00-05:00,237.99984336345477,239.71174054605476,236.71811068253444,237.3852996826172,110511300,0.0,0.0,0.0
2018-02-23 00:00:00-05:00,238.60558689681895,241.16905212402344,238.13151113340072,241.16905212402344,92766400,0.0,0.0,0.0
2018-02-26 00:00:00-05:00,242.24010161368724,244.0661573690469,241.65192079774243,243.96957397460938,86491400,0.0,0.0,0.0
2018-02-27 00:00:00-05:00,244.15383660522428,244.86496340027736,240.8616970363692,240.92315673828125,99099200,0.0,0.0,0.0
2018-02-28 00:00:00-05:00,242.02061880237406,242.46835850910344,238.1666333695874,238.482666015625,121907800,0.0,0.0,0.0
2018-03-01 00:00:00-05:00,238.2719705350681,239.8170904251165,233.52250582934735,235.01495361328125,176855100,0.0,0.0,0.0
2018-03-02 00:00:00-05:00,233.34691584624574,236.78831195402194,232.48658691293335,236.2264404296875,139083200,0.0,0.0,0.0
2018-03-05 00:00:00-05:00,235.0412811759298,239.57126967870028,234.93591017599843,238.95672607421875,97307400,0.0,0.0,0.0
2018-03-06 00:00:00-05:00,239.93122003936082,240.01025499813764,238.07006732196808,239.56251525878906,79213200,0.0,0.0,0.0
2018-03-07 00:00:00-05:00,237.40278429089088,239.82578083528867,237.20964436134096,239.47462463378906,87063500,0.0,0.0,0.0
2018-03-08 00:00:00-05:00,240.15066631212258,240.75642231086204,239.15865714072376,240.63352966308594,66901200,0.0,0.0,0.0
2018-03-09 00:00:00-05:00,242.0381499475418,244.8210906982422,241.72209056756208,244.8210906982422,113625300,0.0,0.0,0.0
2018-03-12 00:00:00-04:00,245.11081957380026,245.73412394284,244.1275445405689,244.51382446289062,71924800,0.0,0.0,0.0
2018-03-13 00:00:00-04:00,245.672773365181,246.17318532205582,242.32795961809921,242.9337158203125,91968900,0.0,0.0,0.0
2018-03-14 00:00:00-04:00,243.8905597991625,244.07491217662238,241.1339545863704,241.68701171875,105895100,0.0,0.0,0.0
2018-03-15 00:00:00-04:00,242.19628150832244,242.83713460378348,240.92330935206263,241.42372131347656,83433000,0.0,0.0,0.0
2018-03-16 00:00:00-04:00,241.949962303781,242.7344395738694,241.63266378924382,241.685546875,100343700,1.097,0.0,0.0
2018-03-19 00:00:00-04:00,240.93623544895917,241.86171597010994,236.76710790101043,238.4153594970703,109208400,0.0,0.0,0.0
2018-03-20 00:00:00-04:00,238.8119932303427,239.45543966554663,238.1421052648597,238.82081604003906,59757300,0.0,0.0,0.0
2018-03-21 00:00:00-04:00,238.77675641430042,240.8657182435724,238.15095552635282,238.36248779296875,78709600,0.0,0.0,0.0
2018-03-22 00:00:00-04:00,236.14131191360167,236.98746785600503,232.1308334753327,232.4040985107422,148785900,0.0,0.0,0.0
2018-03-23 00:00:00-04:00,232.8447685244487,233.17088967006566,227.2565412065732,227.45045471191406,183534800,0.0,0.0,0.0
2018-03-26 00:00:00-04:00,231.04667911183574,233.95535498438946,228.64921511489823,233.6732940673828,141956100,0.0,0.0,0.0
2018-03-27 00:00:00-04:00,234.60762172890932,235.13645231917573,228.1467967301256,229.69810485839844,129941400,0.0,0.0,0.0
2018-03-28 00:00:00-04:00,229.83034294898033,231.49624022540982,227.91764906479978,229.01942443847656,146452300,0.0,0.0,0.0
2018-03-29 00:00:00-04:00,230.1564273834921,233.80551974952124,229.0282106570557,231.94570922851562,111601600,0.0,0.0,0.0
2018-04-02 00:00:00-04:00,231.41688855818825,231.92812739453532,224.47130575320918,226.9392852783203,186286300,0.0,0.0,0.0
2018-04-03 00:00:00-04:00,228.1732379441203,230.32390533759397,226.38395605270182,229.84793090820312,119956900,0.0,0.0,0.0
2018-04-04 00:00:00-04:00,226.30467376261734,233.01226968208627,226.17246609052276,232.30714416503906,123715300,0.0,0.0,0.0
2018-04-05 00:00:00-04:00,234.06112092397936,235.02189260297175,232.97699130445676,234.14047241210938,82652600,0.0,0.0,0.0
2018-04-06 00:00:00-04:00,232.18372032516052,233.67329571244264,227.40641101791257,228.92245483398438,179521200,0.0,0.0,0.0
2018-04-09 00:00:00-04:00,230.3768414531003,233.4353712614112,229.1164167597462,230.05072021484375,105442900,0.0,0.0,0.0
2018-04-10 00:00:00-04:00,232.93290306078362,234.4930340065151,231.79589038705828,233.70855712890625,103529000,0.0,0.0,0.0
2018-04-11 00:00:00-04:00,232.22776380815478,234.14045733463442,232.15726203290197,232.48338317871094,91140200,0.0,0.0,0.0
2018-04-12 00:00:00-04:00,233.80550546359493,235.3391678373889,233.6292106832202,234.3960418701172,68890500,0.0,0.0,0.0
2018-04-13 00:00:00-04:00,235.7005753585113,235.81516428659432,232.70375210342695,233.70855712890625,85079200,0.0,0.0,0.0
2018-04-16 00:00:00-04:00,235.33922430803474,236.3969394464726,234.51950987009275,235.6300811767578,63405300,0.0,0.0,0.0
2018-04-17 00:00:00-04:00,237.39287411717692,238.7502686624216,236.88166227221376,238.15090942382812,64682000,0.0,0.0,0.0
2018-04-18 00:00:00-04:00,238.59165531201305,239.1293087659003,237.8688842340687,238.32723999023438,57303900,0.0,0.0,0.0
2018-04-19 00:00:00-04:00,237.67495751316204,237.87769384781993,235.97382294019738,237.00509643554688,77655900,0.0,0.0,0.0
2018-04-20 00:00:00-04:00,236.9345267583543,237.1548817757553,234.1139717760991,234.99539184570312,99953100,0.0,0.0,0.0
2018-04-23 00:00:00-04:00,235.56837191092225,236.1236709422671,233.88485609641046,234.96018981933594,65558000,0.0,0.0,0.0
2018-04-24 00:00:00-04:00,235.98267553861925,236.20303062196353,230.2975036288115,231.79592895507812,112885500,0.0,0.0,0.0
2018-04-25 00:00:00-04:00,231.73419654709733,232.80953030666575,229.91847302010967,232.3688201904297,103840900,0.0,0.0,0.0
2018-04-26 00:00:00-04:00,233.39132969420794,235.55961648075288,232.9506194669287,234.7310791015625,67731900,0.0,0.0,0.0
2018-04-27 00:00:00-04:00,235.33922785351837,235.6389075375341,234.01709735995928,234.95140075683594,57053600,0.0,0.0,0.0
2018-04-30 00:00:00-04:00,235.5683758116827,236.12367485222273,233.0739415341474,233.14447021484375,82182300,0.0,0.0,0.0
2018-05-01 00:00:00-04:00,232.58032548825824,233.66448193214373,231.02901745124638,233.5587158203125,74203400,0.0,0.0,0.0
2018-05-02 00:00:00-04:00,233.36483583662604,234.17572740968185,231.60199532273418,231.9898223876953,86368900,0.0,0.0,0.0
2018-05-03 00:00:00-04:00,231.16126305069108,232.13080372140743,228.3318849297842,231.4785614013672,136311500,0.0,0.0,0.0
2018-05-04 00:00:00-04:00,230.50898174610822,235.15408302694007,230.18286060318687,234.47537231445312,91222100,0.0,0.0,0.0
2018-05-07 00:00:00-04:00,235.2422810006576,236.23826336253111,234.55474733145712,235.2687225341797,55304900,0.0,0.0,0.0
2018-05-08 00:00:00-04:00,234.89851416605737,235.63008119271018,233.70859135993757,235.2687225341797,67499200,0.0,0.0,0.0
2018-05-09 00:00:00-04:00,235.9385486756778,237.86886103281918,235.41851399436158,237.54273986816406,59666100,0.0,0.0,0.0
2018-05-10 00:00:00-04:00,238.2831213529077,240.09004880901813,238.17735523817117,239.76390075683594,72063900,0.0,0.0,0.0
2018-05-11 00:00:00-04:00,239.88727092768787,240.75986812188881,239.37603226329256,240.49545288085938,59871500,0.0,0.0,0.0
2018-05-14 00:00:00-04:00,240.927451634401,241.57969413016048,240.06364994905277,240.6101531982422,54790600,0.0,0.0,0.0
2018-05-15 00:00:00-04:00,239.3849054726918,239.40252419286875,238.00989213222624,238.95301818847656,87036100,0.0,0.0,0.0
2018-05-16 00:00:00-04:00,238.98831440816372,240.41621099844787,238.96184597615334,239.95785522460938,53942600,0.0,0.0,0.0
2018-05-17 00:00:00-04:00,239.69334480659344,240.83038408064448,238.97939679467365,239.7550506591797,56536400,0.0,0.0,0.0
2018-05-18 00:00:00-04:00,239.41139641631585,239.77278199560305,238.80321420956608,239.15577697753906,64368000,0.0,0.0,0.0
2018-05-21 00:00:00-04:00,240.6365285554006,241.49150719389405,240.2487015297659,240.95382690429688,58025900,0.0,0.0,0.0
2018-05-22 00:00:00-04:00,241.473904138964,241.72952356428226,239.95786010756726,240.2839813232422,52966400,0.0,0.0,0.0
2018-05-23 00:00:00-04:00,239.01472187827835,240.971475752457,238.85604580289476,240.94500732421875,64694200,0.0,0.0,0.0
2018-05-24 00:00:00-04:00,240.5484320183078,240.82167017612028,238.67100236063115,240.4514617919922,76043800,0.0,0.0,0.0
2018-05-25 00:00:00-04:00,239.87847900390625,240.5042797541157,239.37606308246154,239.87847900390625,56374800,0.0,0.0,0.0
2018-05-29 00:00:00-04:00,238.2566530507235,239.01468828583364,236.00904266871666,237.11961364746094,115908600,0.0,0.0,0.0
2018-05-30 00:00:00-04:00,238.42419735328477,240.7246914847085,238.35369556292812,240.2839813232422,69678400,0.0,0.0,0.0
2018-05-31 00:00:00-04:00,239.8784920671197,240.17817169479065,238.21262194583,238.81198120117188,93519900,0.0,0.0,0.0
2018-06-01 00:00:00-04:00,240.10773902159661,241.45631118364705,240.03721032489977,241.15663146972656,71258400,0.0,0.0,0.0
2018-06-04 00:00:00-04:00,241.97630799995767,242.55804861167155,241.73833420831608,242.30242919921875,45385200,0.0,0.0,0.0
2018-06-05 00:00:00-04:00,242.43462683786473,242.8577182376583,241.66779553102288,242.4787139892578,51135000,0.0,0.0,0.0
2018-06-06 00:00:00-04:00,243.0869228694796,244.61176284099088,242.46991787253975,244.50599670410156,62732200,0.0,0.0,0.0
2018-06-07 00:00:00-04:00,244.9906544623601,245.28151117310898,243.57155453736442,244.4794158935547,72969400,0.0,0.0,0.0
2018-06-08 00:00:00-04:00,244.02121630582116,245.2551993504634,243.85374429631833,245.2023162841797,72139700,0.0,0.0,0.0
2018-06-11 00:00:00-04:00,245.42267624813843,246.24239069067596,245.30808730263703,245.5284423828125,58892500,0.0,0.0,0.0
2018-06-12 00:00:00-04:00,245.94275327703076,246.20716865915816,245.20236330825594,245.84580993652344,72329000,0.0,0.0,0.0
2018-06-13 00:00:00-04:00,246.08369940431285,246.33931878526906,244.85851245663383,245.06124877929688,79070600,0.0,0.0,0.0
2018-06-14 00:00:00-04:00,245.92509556733162,246.20712963062033,245.0877354919689,245.6782989501953,77097600,0.0,0.0,0.0
2018-06-15 00:00:00-04:00,244.8956187925833,245.70131620768888,243.78889602781166,245.3648681640625,120041600,1.246,0.0,0.0
2018-06-18 00:00:00-04:00,243.91286819163997,244.98419542815554,243.43478334616947,244.8602294921875,52917600,0.0,0.0,0.0
2018-06-19 00:00:00-04:00,242.59362460653927,244.14303644252993,242.17749577551783,243.92169189453125,97531500,0.0,0.0,0.0
2018-06-20 00:00:00-04:00,244.60341697386283,245.00184795767245,244.0013663037661,244.3378143310547,53785500,0.0,0.0,0.0
2018-06-21 00:00:00-04:00,244.32892742841975,244.34665228256307,242.31026648649697,242.8060760498047,71061400,0.0,0.0,0.0
2018-06-22 00:00:00-04:00,244.06333906679495,244.17844254707023,243.0274347639137,243.248779296875,54898500,0.0,0.0,0.0
2018-06-25 00:00:00-04:00,242.09780964362213,242.25717122996454,238.25527161742454,239.93748474121094,137854200,0.0,0.0,0.0
2018-06-26 00:00:00-04:00,240.50405060894605,241.31858309478008,239.75147403733007,240.4686279296875,68547400,0.0,0.0,0.0
2018-06-27 00:00:00-04:00,241.0530927627312,242.47853878629863,238.32611260171515,238.4766387939453,105110700,0.0,0.0,0.0
2018-06-28 00:00:00-04:00,238.423447181038,240.60146947724132,237.71512857523751,239.84005737304688,76650500,0.0,0.0,0.0
2018-06-29 00:00:00-04:00,240.92907811223688,242.29256791699456,240.07026029632775,240.18536376953125,97592500,0.0,0.0,0.0
2018-07-02 00:00:00-04:00,238.61831146819992,240.8583174600272,238.37924203747139,240.6989288330078,63554800,0.0,0.0,0.0
2018-07-03 00:00:00-04:00,241.5930725641536,241.69047818709535,239.42391283727818,239.848876953125,42187100,0.0,0.0,0.0
2018-07-05 00:00:00-04:00,240.97338766695466,241.86760124254315,239.90206063048137,241.8056182861328,56925900,0.0,0.0,0.0
2018-07-06 00:00:00-04:00,241.8321843733216,244.22268900358912,241.45145125988475,243.85084533691406,66493700,0.0,0.0,0.0
2018-07-09 00:00:00-04:00,244.85128879462133,246.09967508683505,244.80703069998145,246.0465545654297,50550400,0.0,0.0,0.0
2018-07-10 00:00:00-04:00,246.4981801075327,247.029412500854,246.20599013238512,246.9320068359375,51966800,0.0,0.0,0.0
2018-07-11 00:00:00-04:00,245.38246904976194,246.17046831634542,244.82467667356698,245.12570190429688,77054700,0.0,0.0,0.0
2018-07-12 00:00:00-04:00,246.38300937889045,247.40118876018292,245.78095877320726,247.3480682373047,60124700,0.0,0.0,0.0
2018-07-13 00:00:00-04:00,247.1710182641425,247.84388725280266,246.71946678285556,247.54286193847656,48216000,0.0,0.0,0.0
2018-07-16 00:00:00-04:00,247.58717813938293,247.72881487718087,246.8788593523983,247.32154846191406,48201000,0.0,0.0,0.0
2018-07-17 00:00:00-04:00,246.5512954082271,248.71162061414097,246.49817487198345,248.32205200195312,52315500,0.0,0.0,0.0
2018-07-18 00:00:00-04:00,248.40164084943382,248.9505708671419,247.9589518648833,248.84432983398438,44593500,0.0,0.0,0.0
2018-07-19 00:00:00-04:00,248.18027247756254,248.56097848294303,247.42769587232033,247.9058074951172,61412100,0.0,0.0,0.0
2018-07-20 00:00:00-04:00,247.7022699136115,248.3309079420703,247.46322750676137,247.62258911132812,82337700,0.0,0.0,0.0
2018-07-23 00:00:00-04:00,247.41892844076798,248.28658171283647,247.07361800177213,248.0829620361328,47047600,0.0,0.0,0.0
2018-07-24 00:00:00-04:00,249.49074848563848,250.17248002160983,248.46370645742684,249.33135986328125,68026900,0.0,0.0,0.0
2018-07-25 00:00:00-04:00,249.08340399758183,251.77496093318197,249.03914590130603,251.45623779296875,78882900,0.0,0.0,0.0
2018-07-26 00:00:00-04:00,250.73903721587038,251.54470734410916,250.6416315946919,250.86297607421875,57919500,0.0,0.0,0.0
2018-07-27 00:00:00-04:00,251.19053593247276,251.28794154370547,248.24223965483606,249.1630401611328,76768700,0.0,0.0,0.0
2018-07-30 00:00:00-04:00,249.24283644941406,249.40219804756535,247.33925162185292,247.8616485595703,63742500,0.0,0.0,0.0
2018-07-31 00:00:00-04:00,248.6230176642827,249.69431758068527,248.24231157277697,249.08340454101562,68570500,0.0,0.0,0.0
2018-08-01 00:00:00-04:00,249.28704229026565,249.79171426487278,248.0209581599443,248.66726684570312,53853300,0.0,0.0,0.0
2018-08-02 00:00:00-04:00,247.36577756551435,250.19010858658837,247.16213089419983,250.02191162109375,63426400,0.0,0.0,0.0
2018-08-03 00:00:00-04:00,250.14587016215646,251.14635172489284,249.96878373668994,251.09323120117188,53935400,0.0,0.0,0.0
2018-08-06 00:00:00-04:00,251.1287207970645,252.32395991882225,250.73915217292347,252.01409912109375,39400900,0.0,0.0,0.0
2018-08-07 00:00:00-04:00,252.67811646394784,253.2270466660811,252.545288108283,252.8463134765625,43196600,0.0,0.0,0.0
2018-08-08 00:00:00-04:00,252.67811058599844,253.13849754684549,252.27967956747327,252.7400665283203,42114600,0.0,0.0,0.0
2018-08-09 00:00:00-04:00,252.80201123908088,253.19157976992932,252.26194356016575,252.39474487304688,35717000,0.0,0.0,0.0
2018-08-10 00:00:00-04:00,250.9604568137881,251.5005245360856,249.99537081693893,250.7036895751953,77076000,0.0,0.0,0.0
2018-08-13 00:00:00-04:00,250.97813090933042,251.58904395946368,249.4729773325625,249.76516723632812,65732900,0.0,0.0,0.0
2018-08-14 00:00:00-04:00,250.49117247783963,251.59789505219464,250.10160397009915,251.35882568359375,43842000,0.0,0.0,0.0
2018-08-15 00:00:00-04:00,250.0130743094144,250.15473804896044,248.0475338300558,249.48184204101562,102925400,0.0,0.0,0.0
2018-08-16 00:00:00-04:00,250.91618119228193,252.36821443698148,250.88075849812859,251.5005340576172,69967900,0.0,0.0,0.0
2018-08-17 00:00:00-04:00,251.2968699173722,252.82858385301807,250.8896035314421,252.38589477539062,65618500,0.0,0.0,0.0
2018-08-20 00:00:00-04:00,252.83740589137912,253.19155169298872,252.38585445806106,252.9259490966797,39807500,0.0,0.0,0.0
2018-08-21 00:00:00-04:00,253.43953001341072,254.37802881887922,252.9614181816964,253.5192108154297,67272000,0.0,0.0,0.0
2018-08-22 00:00:00-04:00,253.11186989649937,253.8910068686637,252.84624028166556,253.36863708496094,44993300,0.0,0.0,0.0
2018-08-23 00:00:00-04:00,253.19155760642926,254.0503753806769,252.71344590231374,253.03219604492188,49204900,0.0,0.0,0.0
2018-08-24 00:00:00-04:00,253.6076470996255,254.6966716405088,253.5545265873472,254.5550079345703,57487400,0.0,0.0,0.0
2018-08-27 00:00:00-04:00,255.75025973945864,256.671060366002,255.5908981943619,256.5648193359375,57072400,0.0,0.0,0.0
2018-08-28 00:00:00-04:00,257.02523321330386,257.13150127415275,256.22839838429445,256.6888122558594,46943500,0.0,0.0,0.0
2018-08-29 00:00:00-04:00,256.9012714179143,258.3001567022933,256.6622290964166,258.0699768066406,61485500,0.0,0.0,0.0
2018-08-30 00:00:00-04:00,257.5918317908462,257.96367535391823,256.4319889781424,257.0251770019531,61229500,0.0,0.0,0.0
2018-08-31 00:00:00-04:00,256.61792892076545,257.4767465699944,256.13098188051356,257.0340576171875,66140800,0.0,0.0,0.0
2018-09-04 00:00:00-04:00,256.61802144760213,256.94560706766003,255.59097946442648,256.5914611816406,57594400,0.0,0.0,0.0
2018-09-05 00:00:00-04:00,256.23728113360505,256.4409278252253,254.89151613831157,255.9008331298828,72452400,0.0,0.0,0.0
2018-09-06 00:00:00-04:00,256.007069863912,256.3080951728007,254.1035123702836,255.13055419921875,65909900,0.0,0.0,0.0
2018-09-07 00:00:00-04:00,254.085789808222,255.60864105884195,253.84672045413873,254.6347198486328,73524800,0.0,0.0,0.0
2018-09-10 00:00:00-04:00,255.64408158618681,255.90971124627146,254.88266933705808,255.07745361328125,50210900,0.0,0.0,0.0
2018-09-11 00:00:00-04:00,254.43110457674317,256.361222382682,254.0858211620934,255.9185333251953,50530500,0.0,0.0,0.0
2018-09-12 00:00:00-04:00,255.92743976826773,256.5826110397569,255.19258769507857,255.98056030273438,59810800,0.0,0.0,0.0
2018-09-13 00:00:00-04:00,257.04295190384914,257.68042515569164,256.75962445423187,257.4944763183594,51034200,0.0,0.0,0.0
2018-09-14 00:00:00-04:00,257.69811887974004,257.8840406945149,256.75962035999163,257.53875732421875,55079900,0.0,0.0,0.0
2018-09-17 00:00:00-04:00,257.4857236145753,257.52111929245183,255.9008888925555,256.17535400390625,68244000,0.0,0.0,0.0
2018-09-18 00:00:00-04:00,256.38773979012984,258.15849572409456,256.36117953190404,257.5653076171875,61930400,0.0,0.0,0.0
2018-09-19 00:00:00-04:00,257.6184687058169,258.2559420232231,257.4945028015122,257.8398132324219,49080600,0.0,0.0,0.0
2018-09-20 00:00:00-04:00,259.0970906351815,260.2480714927518,257.8575395336768,259.9293212890625,100360600,0.0,0.0,0.0
2018-09-21 00:00:00-04:00,260.67028614523076,260.78591073299026,259.5318725103955,259.69195556640625,105479700,1.323,0.0,0.0
2018-09-24 00:00:00-04:00,259.11386434961065,259.2561694492207,258.2511583432966,258.8292541503906,53409600,0.0,0.0,0.0
2018-09-25 00:00:00-04:00,259.2826786788656,259.38940064759277,258.3488343105982,258.5889587402344,44370000,0.0,0.0,0.0
2018-09-26 00:00:00-04:00,258.73122129979305,259.9140924483366,257.39714262575586,257.8151550292969,79739700,0.0,0.0,0.0
2018-09-27 00:00:00-04:00,258.2866480000463,259.6207272917874,258.01094045110614,258.5356750488281,59249500,0.0,0.0,0.0
2018-09-28 00:00:00-04:00,257.913024857578,259.0603403412746,257.87746896148747,258.5622863769531,70091400,0.0,0.0,0.0
2018-10-01 00:00:00-04:00,259.7985457060066,260.5278487801344,258.7935622699914,259.4606018066406,62078900,0.0,0.0,0.0
2018-10-02 00:00:00-04:00,259.3094177246094,260.0209157713873,258.9358907497197,259.3094177246094,47258200,0.0,0.0,0.0
2018-10-03 00:00:00-04:00,260.3587627697148,260.7767751370192,259.09585026723636,259.45159912109375,64694600,0.0,0.0,0.0
2018-10-04 00:00:00-04:00,258.971473535749,259.02483453770105,255.8408438062701,257.4239501953125,111545900,0.0,0.0,0.0
2018-10-05 00:00:00-04:00,257.6461793607619,258.16201119191044,254.56000949174071,255.9830322265625,105951700,0.0,0.0,0.0
2018-10-08 00:00:00-04:00,255.2981877770208,256.33878112479266,253.91965061816597,255.9830322265625,87742200,0.0,0.0,0.0
2018-10-09 00:00:00-04:00,255.6006521845047,256.9080235309674,255.04921007260296,255.60952758789062,74339000,0.0,0.0,0.0
2018-10-10 00:00:00-04:00,255.10257478593394,255.1737408654989,247.14258636020767,247.51611328125,214731000,0.0,0.0,0.0
2018-10-11 00:00:00-04:00,246.43105499541062,248.04974399043707,240.4543801338489,242.06419372558594,274840500,0.0,0.0,0.0
2018-10-12 00:00:00-04:00,246.15537764841622,246.4399877104538,242.2420842920822,245.4261016845703,183186500,0.0,0.0,0.0
2018-10-15 00:00:00-04:00,245.07041161206675,246.39561580429495,243.95867861229885,244.04762268066406,102263700,0.0,0.0,0.0
2018-10-16 00:00:00-04:00,246.0041788161168,249.75738891009476,245.53280531070305,249.3838348388672,118255800,0.0,0.0,0.0
2018-10-17 00:00:00-04:00,249.41941166358663,250.0508681229723,246.85797564445298,249.42831420898438,110626000,0.0,0.0,0.0
2018-10-18 00:00:00-04:00,248.4944520427115,249.09035262690333,244.55447843294348,245.8262939453125,134557500,0.0,0.0,0.0
2018-10-19 00:00:00-04:00,246.47555038751653,248.405502838311,244.9991663473376,245.69288635253906,139901600,0.0,0.0,0.0
2018-10-22 00:00:00-04:00,246.35994223177246,246.68010818995015,244.0564355596308,244.59007263183594,82415800,0.0,0.0,0.0
2018-10-23 00:00:00-04:00,240.97913638494464,244.46551414384803,238.89794935655075,243.34487915039062,146352700,0.0,0.0,0.0
2018-10-24 00:00:00-04:00,243.0959351083187,243.47839182892562,235.42055446462632,235.9719696044922,177806700,0.0,0.0,0.0
2018-10-25 00:00:00-04:00,237.8040420361195,241.74401565139752,236.78125352573443,240.2053680419922,138061500,0.0,0.0,0.0
2018-10-26 00:00:00-04:00,236.5055661327389,241.0236356256426,233.2770902132027,235.98080444335938,201574600,0.0,0.0,0.0
2018-10-29 00:00:00-04:00,239.06692370520128,240.35654414200332,231.1069360307844,234.67335510253906,160749100,0.0,0.0,0.0
2018-10-30 00:00:00-04:00,234.5044631035441,238.46221527012418,234.0152844254869,238.1509246826172,157116000,0.0,0.0,0.0
2018-10-31 00:00:00-04:00,240.71231225043348,243.00694329919477,240.2409387624176,240.6945343017578,128296300,0.0,0.0,0.0
2018-11-01 00:00:00-04:00,241.55726602534855,243.4516627284058,240.4722139163721,243.25599670410156,99495000,0.0,0.0,0.0
2018-11-02 00:00:00-04:00,244.3588166152821,244.78573168928202,239.76958135193883,241.815185546875,122634100,0.0,0.0,0.0
2018-11-05 00:00:00-05:00,242.3043186776565,243.70066118097728,241.33489121602472,243.1492462158203,65622500,0.0,0.0,0.0
2018-11-06 00:00:00-05:00,243.08702778229969,244.84799497942296,243.0247642380611,244.6879119873047,60085900,0.0,0.0,0.0
2018-11-07 00:00:00-05:00,246.85796861882702,250.00640256456597,246.43105358048592,249.92636108398438,102752100,0.0,0.0,0.0
2018-11-08 00:00:00-05:00,249.12588950722693,250.11312204168914,248.3343501125517,249.47276306152344,65584900,0.0,0.0,0.0
2018-11-09 00:00:00-05:00,248.1653839048309,248.35214737217913,245.63062828033082,247.03587341308594,98812600,0.0,0.0,0.0
2018-11-12 00:00:00-05:00,246.52889591785222,246.7690203554735,241.90407807858057,242.41993713378906,99673600,0.0,0.0,0.0
2018-11-13 00:00:00-05:00,242.88242086967105,244.87463683563516,241.2459538773567,241.9663543701172,98176600,0.0,0.0,0.0
2018-11-14 00:00:00-05:00,243.8340486792,244.23425606067528,238.75566264251438,240.3120880126953,125335900,0.0,0.0,0.0
2018-11-15 00:00:00-05:00,239.0491568741506,243.28264272262598,237.4749534984664,242.8201446533203,135101400,0.0,0.0,0.0
2018-11-16 00:00:00-05:00,241.72629445079986,244.35887012888557,241.2104352306737,243.4517059326172,126668000,0.0,0.0,0.0
2018-11-19 00:00:00-05:00,242.84686002553218,243.1403726335023,238.4177346862504,239.33380126953125,103061700,0.0,0.0,0.0
2018-11-20 00:00:00-05:00,236.00743189304094,237.46603781258796,234.04189663297697,234.90460205078125,136021300,0.0,0.0,0.0
2018-11-21 00:00:00-05:00,236.4521591402249,237.5994747294918,235.6962027211134,235.705078125,75563700,0.0,0.0,0.0
2018-11-23 00:00:00-05:00,234.06861109703652,235.527217228284,233.97079166091788,234.13087463378906,42807900,0.0,0.0,0.0
2018-11-26 00:00:00-05:00,236.38100636061282,238.1330978393555,235.98967435527595,237.91075134277344,79981400,0.0,0.0,0.0
2018-11-27 00:00:00-05:00,236.87904876964447,238.711181640625,236.27427284254324,238.711181640625,75502400,0.0,0.0,0.0
2018-11-28 00:00:00-05:00,239.77847091805359,244.2075958251953,238.64893332775299,244.2075958251953,127629600,0.0,0.0,0.0
2018-11-29 00:00:00-05:00,243.43389010233471,245.07035745935582,242.29547684780206,243.67404174804688,82346400,0.0,0.0,0.0
2018-11-30 00:00:00-05:00,243.5227586144501,245.71954294084406,243.20259270869448,245.1592254638672,98204200,0.0,0.0,0.0
2018-12-03 00:00:00-05:00,249.27717163158556,249.38389363655335,246.81358154386612,248.4055633544922,103176300,0.0,0.0,0.0
2018-12-04 00:00:00-05:00,247.57837738663264,248.00529243928708,240.04527685328782,240.3565673828125,177986000,0.0,0.0,0.0
2018-12-06 00:00:00-05:00,236.50556502661695,240.1075678957514,233.41049160957218,239.991943359375,204185400,0.0,0.0,0.0
2018-12-07 00:00:00-05:00,239.65396675054097,241.2192949448085,233.5794717353162,234.41549682617188,161018900,0.0,0.0,0.0
2018-12-10 00:00:00-05:00,234.23758739782187,235.82959594381217,230.01300388121976,234.86016845703125,151445900,0.0,0.0,0.0
2018-12-11 00:00:00-05:00,238.05310632378428,238.23986982038016,233.4460924616727,234.91357421875,121504400,0.0,0.0,0.0
2018-12-12 00:00:00-05:00,237.88409498741427,239.24485459889894,236.0163787982232,236.09642028808594,97976700,0.0,0.0,0.0
2018-12-13 00:00:00-05:00,237.03917653874748,237.90188215211614,234.90465530067445,236.01638793945312,96662700,0.0,0.0,0.0
2018-12-14 00:00:00-05:00,233.87297962557628,234.82462934138096,231.1070016654421,231.65841674804688,116961100,0.0,0.0,0.0
2018-12-17 00:00:00-05:00,230.7067150296598,231.81844749138895,225.48602373208445,227.1136016845703,165492300,0.0,0.0,0.0
2018-12-18 00:00:00-05:00,228.75008575990108,229.41712524737136,225.26368076295105,226.8645782470703,134515100,0.0,0.0,0.0
2018-12-19 00:00:00-05:00,226.9446042655469,230.70670291867975,221.76838525235763,223.46710205078125,214992800,0.0,0.0,0.0
2018-12-20 00:00:00-05:00,222.22205636604153,223.78737133260933,217.58834787805523,219.82960510253906,252053400,0.0,0.0,0.0
2018-12-21 00:00:00-05:00,220.72858607171847,223.38548870397216,214.68121894770843,215.3253173828125,255345600,1.435,0.0,0.0
2018-12-24 00:00:00-05:00,213.84035620425558,215.45060262563953,209.57322025034426,209.63583374023438,147311600,0.0,0.0,0.0
2018-12-26 00:00:00-05:00,211.09399387368785,220.22764587402344,209.11696653417636,220.22764587402344,218485400,0.0,0.0,0.0
2018-12-27 00:00:00-05:00,216.998192653221,222.115175702482,213.7687595647507,221.9183807373047,186267300,0.0,0.0,0.0
2018-12-28 00:00:00-05:00,223.269177638779,224.8973054085378,220.46913912982842,221.63209533691406,153100200,0.0,0.0,0.0
2018-12-31 00:00:00-05:00,223.25131500932955,223.81490460672552,221.38164665156634,223.5733642578125,144299400,0.0,0.0,0.0
2019-01-02 00:00:00-05:00,220.04875178700226,224.7274143179528,220.02191548301792,223.8059844970703,126925200,0.0,0.0,0.0
2019-01-03 00:00:00-05:00,222.06150186504593,222.36566931905944,217.98222086036947,218.46530151367188,144140700,0.0,0.0,0.0
2019-01-04 00:00:00-05:00,221.4890188084166,226.42710333610125,221.11329691449131,225.7830047607422,142628800,0.0,0.0,0.0
2019-01-07 00:00:00-05:00,226.05135993790628,228.967685018204,225.1567801850317,227.56320190429688,103139100,0.0,0.0,0.0
2019-01-08 00:00:00-05:00,229.7459630162037,230.1842983290865,227.22324173305432,229.7012176513672,102512600,0.0,0.0,0.0
2019-01-09 00:00:00-05:00,230.40796876553281,231.61565694335764,229.18239882003667,230.77474975585938,95006600,0.0,0.0,0.0
2019-01-10 00:00:00-05:00,229.2449965104731,231.8392721108213,228.56510722057578,231.5887908935547,96823900,0.0,0.0,0.0
2019-01-11 00:00:00-05:00,230.51532876711232,231.70513525362898,229.93385732577602,231.6782989501953,73858100,0.0,0.0,0.0
2019-01-14 00:00:00-05:00,229.78168990712413,231.06988664202555,229.37914549021824,230.2647705078125,70908200,0.0,0.0,0.0
2019-01-15 00:00:00-05:00,230.64052325623595,233.21691691957597,230.63156872394273,232.90380859375,85208300,0.0,0.0,0.0
2019-01-16 00:00:00-05:00,233.33319843854275,234.35303234522823,233.12746259100066,233.4674072265625,77636700,0.0,0.0,0.0
2019-01-17 00:00:00-05:00,232.59968415725848,236.09749417495806,232.5549387905483,235.23867797851562,96118400,0.0,0.0,0.0
2019-01-18 00:00:00-05:00,237.0457750313044,238.83493470526588,235.2744971259349,238.36973571777344,127900300,0.0,0.0,0.0
2019-01-22 00:00:00-05:00,236.90256551490268,237.1172558730687,233.53893763482677,235.149169921875,115531200,0.0,0.0,0.0
2019-01-23 00:00:00-05:00,236.17800390992494,236.87577500924823,233.18115634601335,235.64125061035156,86030300,0.0,0.0,0.0
2019-01-24 00:00:00-05:00,235.46232565671974,236.34797816335373,234.4514461827318,235.7664794921875,59204100,0.0,0.0,0.0
2019-01-25 00:00:00-05:00,237.60929250091039,238.5844083633359,235.86487852864417,237.76138305664062,96883400,0.0,0.0,0.0
2019-01-28 00:00:00-05:00,235.62335558879,236.0169455325683,234.19202263725006,235.954345703125,85613700,0.0,0.0,0.0
2019-01-29 00:00:00-05:00,236.09749501004995,236.66105730917477,234.80929801123665,235.64125061035156,66136300,0.0,0.0,0.0
2019-01-30 00:00:00-05:00,237.15313294174558,240.2125808598044,236.39273457951535,239.37167358398438,92473700,0.0,0.0,0.0
2019-01-31 00:00:00-05:00,239.3090095010756,241.95695760539888,239.09429182206264,241.473876953125,104012100,0.0,0.0,0.0
2019-02-01 00:00:00-05:00,241.6707188640082,242.61004400064866,240.80297539703585,241.5902099609375,85782500,0.0,0.0,0.0
2019-02-04 00:00:00-05:00,241.63495404193895,243.3525593935762,240.96401914371378,243.28993225097656,60744800,0.0,0.0,0.0
2019-02-05 00:00:00-05:00,243.71931224094328,244.61389200183342,243.21834975887742,244.3097381591797,79552800,0.0,0.0,0.0
2019-02-06 00:00:00-05:00,244.0324162659288,244.52442420548215,243.25413625589732,243.9876708984375,58347800,0.0,0.0,0.0
2019-02-07 00:00:00-05:00,242.37747243464892,242.9231530517658,240.0068412365628,241.6618194580078,95482000,0.0,0.0,0.0
2019-02-08 00:00:00-05:00,240.41835270069902,242.05542193667483,239.59532716485373,241.95703125,75788900,0.0,0.0,0.0
2019-02-11 00:00:00-05:00,242.6100733987666,242.8694819066253,241.56340293120226,242.09120178222656,68021400,0.0,0.0,0.0
2019-02-12 00:00:00-05:00,243.70142775610952,245.5800233927025,243.62984608780823,245.20431518554688,72270200,0.0,0.0,0.0
2019-02-13 00:00:00-05:00,246.0363249000739,246.84144140266025,245.6158712275524,246.0005340576172,65277200,0.0,0.0,0.0
2019-02-14 00:00:00-05:00,244.9179892390793,246.58192140597924,244.10391856876822,245.45474243164062,83234400,0.0,0.0,0.0
2019-02-15 00:00:00-05:00,247.22602816170678,248.16535320937362,247.02029230681626,248.1295623779297,97088700,0.0,0.0,0.0
2019-02-19 00:00:00-05:00,247.3334357653313,249.21203152652333,247.32448123109788,248.5590057373047,59120800,0.0,0.0,0.0
2019-02-20 00:00:00-05:00,248.5231680196707,249.51616561794017,248.02220560446585,249.05992126464844,76610800,0.0,0.0,0.0
2019-02-21 00:00:00-05:00,248.42476708591184,248.78259346762562,247.2170791597752,248.17428588867188,64214700,0.0,0.0,0.0
2019-02-22 00:00:00-05:00,248.7914933018315,249.9097176842972,248.156349496703,249.7129364013672,78114600,0.0,0.0,0.0
2019-02-25 00:00:00-05:00,251.13543991453858,251.6542842748501,249.9724695959429,250.052978515625,69030700,0.0,0.0,0.0
2019-02-26 00:00:00-05:00,249.70397485816096,250.75061756253376,249.4982117494214,249.8739471435547,56844100,0.0,0.0,0.0
2019-02-27 00:00:00-05:00,249.15834287634237,250.1155497637619,248.2279995898932,249.7666778564453,56921600,0.0,0.0,0.0
2019-02-28 00:00:00-05:00,249.5519796714006,249.99034234875845,248.97946278114267,249.30149841308594,69268300,0.0,0.0,0.0
2019-03-01 00:00:00-05:00,250.87591399104352,251.26953121285604,249.42669935637187,250.8580322265625,78880500,0.0,0.0,0.0
2019-03-04 00:00:00-05:00,251.91358133716793,252.15510796316795,247.6553743724362,249.94549560546875,106494600,0.0,0.0,0.0
2019-03-05 00:00:00-05:00,250.07086612193086,250.2676747866207,249.05998649422446,249.6056671142578,59114600,0.0,0.0,0.0
2019-03-06 00:00:00-05:00,249.72193751100994,249.7308920448468,247.77176016313658,248.0937957763672,75039800,0.0,0.0,0.0
2019-03-07 00:00:00-05:00,247.64647052496792,247.78960654387646,245.17744927490716,246.0183563232422,94885100,0.0,0.0,0.0
2019-03-08 00:00:00-05:00,244.16663087774018,245.69635480490905,243.7014591754392,245.52638244628906,85795800,0.0,0.0,0.0
2019-03-11 00:00:00-04:00,246.2420952292,249.24787087242785,246.215258921686,249.08685302734375,65098900,0.0,0.0,0.0
2019-03-12 00:00:00-04:00,249.6413993075936,250.54493350601277,249.45354522192397,250.02606201171875,79667500,0.0,0.0,0.0
2019-03-13 00:00:00-04:00,250.91167447017656,252.61137010400643,250.75062940771232,251.68099975585938,80639200,0.0,0.0,0.0
2019-03-14 00:00:00-04:00,251.70794996595424,252.1284036241185,251.0817603966202,251.5200958251953,67518400,0.0,0.0,0.0
2019-03-15 00:00:00-04:00,252.07078381646642,253.57129671409749,251.88207489205763,252.76263427734375,81309000,1.233,0.0,0.0
2019-03-18 00:00:00-04:00,252.97832411741985,253.9756956908309,252.75369409159345,253.67916870117188,62199800,0.0,0.0,0.0
2019-03-19 00:00:00-04:00,254.73946761602602,255.50318784032194,252.8525697345642,253.74209594726562,90268100,0.0,0.0,0.0
2019-03-20 00:00:00-04:00,253.52644405949383,254.73045774743304,251.87317030498068,252.97833251953125,84609200,0.0,0.0,0.0
2019-03-21 00:00:00-04:00,252.1607035260337,256.239965190846,252.11576106694608,255.8356475830078,79550400,0.0,0.0,0.0
2019-03-22 00:00:00-04:00,254.4789000838068,255.0000297509821,250.84887068471875,250.91177368164062,122659300,0.0,0.0,0.0
2019-03-25 00:00:00-04:00,250.57026199951557,251.75631495200972,249.46509997525595,250.7230224609375,85575200,0.0,0.0,0.0
2019-03-26 00:00:00-04:00,252.47515272202335,253.54439382873687,251.19027556711794,252.5919647216797,68125900,0.0,0.0,0.0
2019-03-27 00:00:00-04:00,252.58299573112288,253.16705578717867,249.7257081273142,251.2711639404297,72224700,0.0,0.0,0.0
2019-03-28 00:00:00-04:00,251.90020913578456,252.67292354704202,250.7501040771837,252.22366333007812,56238500,0.0,0.0,0.0
2019-03-29 00:00:00-04:00,253.73308607221736,254.1374036359353,252.60993602746407,253.81394958496094,82186800,0.0,0.0,0.0
2019-04-01 00:00:00-04:00,255.80866998313059,257.12050158234626,255.53909751491526,256.823974609375,77617900,0.0,0.0,0.0
2019-04-02 00:00:00-04:00,257.0127320980904,257.1834531340026,256.1591269185293,256.9498291015625,40070400,0.0,0.0,0.0
2019-04-03 00:00:00-04:00,258.1627579277011,258.5581088983009,256.7520750289998,257.3540954589844,68243200,0.0,0.0,0.0
2019-04-04 00:00:00-04:00,257.67758476056383,258.2885718276397,256.9857341776094,258.0369873046875,48997500,0.0,0.0,0.0
2019-04-05 00:00:00-04:00,258.7019475798009,259.33988924285876,258.41441453536396,259.2859802246094,58621700,0.0,0.0,0.0
2019-04-08 00:00:00-04:00,258.86372236842993,259.5915216696614,258.2077926312301,259.48370361328125,53566300,0.0,0.0,0.0
2019-04-09 00:00:00-04:00,258.52223568757904,258.84568980097356,257.60575494563386,258.1538391113281,66142300,0.0,0.0,0.0
2019-04-10 00:00:00-04:00,258.5671757249507,259.12428134186337,258.1538640665501,259.034423828125,52601500,0.0,0.0,0.0
2019-04-11 00:00:00-04:00,259.5194802721649,259.5284742454136,258.3963304420864,258.96240234375,55093100,0.0,0.0,0.0
2019-04-12 00:00:00-04:00,260.57083310063365,260.9931386511058,259.0074168766403,260.714599609375,69727800,0.0,0.0,0.0
2019-04-15 00:00:00-04:00,260.78647484201645,260.8853263154702,259.74418819639936,260.54388427734375,49596700,0.0,0.0,0.0
2019-04-16 00:00:00-04:00,261.4244381773299,261.47834719052565,260.12157304356356,260.714599609375,52153200,0.0,0.0,0.0
2019-04-17 00:00:00-04:00,261.8288193872547,261.8557739004012,259.66338209560803,260.07672119140625,58268300,0.0,0.0,0.0
2019-04-18 00:00:00-04:00,260.6606725944999,260.8583481027852,259.36680152584245,260.5887756347656,68708500,0.0,0.0,0.0
2019-04-22 00:00:00-04:00,259.8250957710666,260.96620654252615,259.73523826780877,260.8134460449219,40160100,0.0,0.0,0.0
2019-04-23 00:00:00-04:00,261.1818141622424,263.3921933348262,260.94821758401093,263.1585693359375,52246600,0.0,0.0,0.0
2019-04-24 00:00:00-04:00,263.07766238376894,263.41011037612645,262.43072692651964,262.5744934082031,50392900,0.0,0.0,0.0
2019-04-25 00:00:00-04:00,262.475714273737,263.06874089132936,261.2267854647723,262.4128112792969,57770900,0.0,0.0,0.0
2019-04-26 00:00:00-04:00,262.45776734051964,263.70669621419734,261.68502567610466,263.63482666015625,50916400,0.0,0.0,0.0
2019-04-29 00:00:00-04:00,263.72473307170276,264.56934444677836,263.63487554699253,264.0481872558594,57197700,0.0,0.0,0.0
2019-04-30 00:00:00-04:00,263.706646787458,264.47039433172,262.29599111609195,264.182861328125,81111700,0.0,0.0,0.0
2019-05-01 00:00:00-04:00,264.8118402899683,265.0185097807534,262.1881495792361,262.1971435546875,71671900,0.0,0.0,0.0
2019-05-02 00:00:00-04:00,262.0803330426567,262.99684108288136,260.1395263594633,261.6310729980469,65030200,0.0,0.0,0.0
2019-05-03 00:00:00-04:00,263.1046927620058,264.4704336008856,261.7389245024655,264.19189453125,56543700,0.0,0.0,0.0
2019-05-06 00:00:00-04:00,259.8969517961515,263.54494138916215,259.58246426144535,263.10467529296875,107198100,0.0,0.0,0.0
2019-05-07 00:00:00-04:00,260.70562286447625,261.29864946948265,256.806048601852,258.7109069824219,144729900,0.0,0.0,0.0
2019-05-08 00:00:00-04:00,258.3514709472656,260.0586535717971,257.7584444190409,258.3514709472656,91568300,0.0,0.0,0.0
2019-05-09 00:00:00-04:00,256.2850075426471,258.17187862265826,254.55084216868406,257.56988525390625,103471100,0.0,0.0,0.0
2019-05-10 00:00:00-04:00,256.6353077314568,259.6184010578606,253.652214405053,258.8636474609375,112429300,0.0,0.0,0.0
2019-05-13 00:00:00-04:00,253.76002327203466,254.7214188050858,251.52268988940895,252.35830688476562,127290500,0.0,0.0,0.0
2019-05-14 00:00:00-04:00,253.37358673566888,256.1679975405137,253.24780822384145,254.6405029296875,77003200,0.0,0.0,0.0
2019-05-15 00:00:00-04:00,253.01433551780383,256.7701439026409,252.8076659712132,256.1322021484375,73956400,0.0,0.0,0.0
2019-05-16 00:00:00-04:00,256.83307127105655,259.86108067213627,256.7612017031912,258.50433349609375,76749600,0.0,0.0,0.0
2019-05-17 00:00:00-04:00,256.20396880337756,259.3128398746993,256.1859808567677,256.8329162597656,100353000,0.0,0.0,0.0
2019-05-20 00:00:00-04:00,255.23363545743854,256.9408182840054,254.3890243100717,255.1348114013672,62877600,0.0,0.0,0.0
2019-05-21 00:00:00-04:00,256.8240439532116,257.8124217622232,256.57245936734176,257.43505859375,46847100,0.0,0.0,0.0
2019-05-22 00:00:00-04:00,256.4825295824555,257.59668554101046,256.16804211719005,256.6442565917969,49482500,0.0,0.0,0.0
2019-05-23 00:00:00-04:00,254.42488798262627,254.46980300756655,252.09772482532682,253.50840759277344,98733800,0.0,0.0,0.0
2019-05-24 00:00:00-04:00,254.94609827649518,255.35943728786714,253.46354551492902,254.08352661132812,55268100,0.0,0.0,0.0
2019-05-28 00:00:00-04:00,254.3620029530164,255.31443188239263,251.7023916457386,251.72035217285156,70029400,0.0,0.0,0.0
2019-05-29 00:00:00-04:00,250.60628560292824,251.01060326203879,248.62953008951493,250.03121948242188,104972900,0.0,0.0,0.0
2019-05-30 00:00:00-04:00,250.78596562189657,251.62161026679743,249.6179003033244,250.71409606933594,62523800,0.0,0.0,0.0
2019-05-31 00:00:00-04:00,248.17124628444185,248.997869366568,247.30864730223772,247.33560180664062,86862800,0.0,0.0,0.0
2019-06-03 00:00:00-04:00,247.3715764238145,248.48573261773257,245.37686062526726,246.70668029785156,96428000,0.0,0.0,0.0
2019-06-04 00:00:00-04:00,248.99781165804745,252.19654006890423,248.5485517416839,252.061767578125,77231900,0.0,0.0,0.0
2019-06-05 00:00:00-04:00,253.67916720875505,254.2721937639268,251.87316045778283,254.2452392578125,71169700,0.0,0.0,0.0
2019-06-06 00:00:00-04:00,254.54175190960748,256.5723885707165,253.8948163786434,255.89849853515625,69430400,0.0,0.0,0.0
2019-06-07 00:00:00-04:00,256.913773281898,259.53746330032743,256.7430523173093,258.459228515625,74272200,0.0,0.0,0.0
2019-06-10 00:00:00-04:00,260.0047272218072,261.3075921861058,259.5554672231737,259.64532470703125,60799100,0.0,0.0,0.0
2019-06-11 00:00:00-04:00,261.4603007892035,261.8286972441243,258.93546202655364,259.5823974609375,58641300,0.0,0.0,0.0
2019-06-12 00:00:00-04:00,259.3488670961745,259.9059451972257,258.61207399835774,259.1242370605469,47096300,0.0,0.0,0.0
2019-06-13 00:00:00-04:00,260.03175438157257,260.5529114811726,259.33090968470435,260.1934814453125,48945200,0.0,0.0,0.0
2019-06-14 00:00:00-04:00,259.9059753417969,260.5079685515309,259.1422276479497,259.9059753417969,52324700,0.0,0.0,0.0
2019-06-17 00:00:00-04:00,260.13953327502185,260.7685083224592,259.83403972704474,260.0047607421875,39205700,0.0,0.0,0.0
2019-06-18 00:00:00-04:00,261.81980818690425,263.778575596661,261.4603781786856,262.727294921875,85434800,0.0,0.0,0.0
2019-06-19 00:00:00-04:00,262.8619365918244,263.8503137810163,261.8915473464835,263.3201904296875,78674400,0.0,0.0,0.0
2019-06-20 00:00:00-04:00,265.99799719375125,266.2405878397049,263.38329943802506,265.83624267578125,116570000,0.0,0.0,0.0
2019-06-21 00:00:00-04:00,265.5671482228351,266.8221515056671,265.23308319547755,265.44976806640625,83309500,1.432,0.0,0.0
2019-06-24 00:00:00-04:00,265.6574273212025,265.97341688825486,264.9712218644644,265.1247253417969,47582700,0.0,0.0,0.0
2019-06-25 00:00:00-04:00,265.17894479355795,265.2060304057759,262.4161021312064,262.5244445800781,82028700,0.0,0.0,0.0
2019-06-26 00:00:00-04:00,263.41824118962137,263.92385754593755,262.1542002988309,262.2625427246094,51584900,0.0,0.0,0.0
2019-06-27 00:00:00-04:00,263.02095353294095,263.69812121274236,262.6417550625053,263.1925048828125,40355200,0.0,0.0,0.0
2019-06-28 00:00:00-04:00,264.16764892571615,265.0434536754882,263.6530223625105,264.546875,59350900,0.0,0.0,0.0
2019-07-01 00:00:00-04:00,267.8693630513509,268.0860753593327,265.7475663220263,266.94842529296875,78705600,0.0,0.0,0.0
2019-07-02 00:00:00-04:00,266.9033003429931,267.697847953627,266.0636192538525,267.6436767578125,61504500,0.0,0.0,0.0
2019-07-03 00:00:00-04:00,268.32083097815763,269.8015837345022,268.1763652784644,269.78350830078125,40898900,0.0,0.0,0.0
2019-07-05 00:00:00-04:00,268.5556549615941,269.6391341895929,267.2645286286108,269.4765930175781,51677300,0.0,0.0,0.0
2019-07-08 00:00:00-04:00,268.1674925462859,269.2961055716428,267.4542013991323,267.9959411621094,45841800,0.0,0.0,0.0
2019-07-09 00:00:00-04:00,266.84019265047795,268.6278977139199,266.7860214397084,268.3299560546875,41101300,0.0,0.0,0.0
2019-07-10 00:00:00-04:00,269.39537569112645,270.56011189882554,268.8626737180611,269.612060546875,58448500,0.0,0.0,0.0
2019-07-11 00:00:00-04:00,270.2530867910683,270.48781949375126,269.2418542299152,270.2440490722656,50826100,0.0,0.0,0.0
2019-07-12 00:00:00-04:00,270.7316782304043,271.526226150782,270.42469881644513,271.4539794921875,40326000,0.0,0.0,0.0
2019-07-15 00:00:00-04:00,271.8872615333681,271.8872615333681,271.03854275581523,271.5441589355469,33900000,0.0,0.0,0.0
2019-07-16 00:00:00-04:00,271.45396719521267,271.66164188673037,270.3614776311971,270.66845703125,36650100,0.0,0.0,0.0
2019-07-17 00:00:00-04:00,270.641387055438,270.8039007082595,268.8265686035156,268.8265686035156,36036300,0.0,0.0,0.0
2019-07-18 00:00:00-04:00,268.32991298102115,270.18986439626957,267.88750564607955,269.8106384277344,51392600,0.0,0.0,0.0
2019-07-19 00:00:00-04:00,270.90321089510843,270.9302965017042,268.1403688062337,268.3119201660156,58678600,0.0,0.0,0.0
2019-07-22 00:00:00-04:00,268.70916240503885,269.51274797837686,268.1945358876464,268.97100830078125,43638100,0.0,0.0,0.0
2019-07-23 00:00:00-04:00,270.09063745855633,270.8941955566406,269.25996619761105,270.8941955566406,44564500,0.0,0.0,0.0
2019-07-24 00:00:00-04:00,270.13585444595356,272.1673583984375,270.04555987059155,272.1673583984375,47213200,0.0,0.0,0.0
2019-07-25 00:00:00-04:00,271.71578443902234,271.76995564778645,270.0634799096485,270.8670654296875,55394100,0.0,0.0,0.0
2019-07-26 00:00:00-04:00,271.5533327706519,272.88058279624516,271.4269148853435,272.68194580078125,45084100,0.0,0.0,0.0
2019-07-29 00:00:00-04:00,272.5645593450953,272.68193950616376,271.6345833318975,272.1853332519531,38126500,0.0,0.0,0.0
2019-07-30 00:00:00-04:00,270.78572069130223,271.9233708139945,270.4064947990668,271.5170593261719,45849000,0.0,0.0,0.0
2019-07-31 00:00:00-04:00,271.76085606462857,271.9504828061591,266.53314273076955,268.54656982421875,104245200,0.0,0.0,0.0
2019-08-01 00:00:00-04:00,268.7002079366244,271.652649838183,265.41367341757837,266.2082214355469,142646600,0.0,0.0,0.0
2019-08-02 00:00:00-04:00,265.314361548389,265.55813204796215,262.6508237263318,264.20379638671875,116749700,0.0,0.0,0.0
2019-08-05 00:00:00-04:00,260.1135390496407,260.22188142527705,254.362134992843,256.2582092285156,178745400,0.0,0.0,0.0
2019-08-06 00:00:00-04:00,258.14535837183905,260.0685190404571,256.6736428346704,259.851806640625,120711700,0.0,0.0,0.0
2019-08-07 00:00:00-04:00,256.7819852077057,260.7727722927134,254.6511774136103,260.00531005859375,140572300,0.0,0.0,0.0
2019-08-08 00:00:00-04:00,261.4950072466984,265.1065673828125,260.9442575518692,265.1065673828125,87713900,0.0,0.0,0.0
2019-08-09 00:00:00-04:00,264.1675479475779,264.7634586627928,261.5220868217728,263.30078125,93730000,0.0,0.0,0.0
2019-08-12 00:00:00-04:00,261.80209060429195,263.29185424173795,259.1475906449031,260.09564208984375,65527600,0.0,0.0,0.0
2019-08-13 00:00:00-04:00,259.79769355061575,265.5852247370545,259.4545907653121,264.1405944824219,94299800,0.0,0.0,0.0
2019-08-14 00:00:00-04:00,260.0956003464888,260.70052138237736,256.204145582048,256.3305358886719,135622100,0.0,0.0,0.0
2019-08-15 00:00:00-04:00,257.215365095548,257.9015704661981,254.96717731036955,257.0076904296875,99556600,0.0,0.0,0.0
2019-08-16 00:00:00-04:00,258.660050411632,261.23326599547846,257.0619167770849,260.7998962402344,83018300,0.0,0.0,0.0
2019-08-19 00:00:00-04:00,263.815534727368,264.6190928142968,263.13836696189935,263.9419250488281,53571800,0.0,0.0,0.0
2019-08-20 00:00:00-04:00,263.4362519312439,263.9689538188934,261.79301278192634,261.9194030761719,51596400,0.0,0.0,0.0
2019-08-21 00:00:00-04:00,264.07737857699556,264.4204537634302,263.3911730960728,264.05029296875,49524700,0.0,0.0,0.0
2019-08-22 00:00:00-04:00,264.75453184479977,265.3865385206094,262.1993368727227,263.968994140625,51666400,0.0,0.0,0.0
2019-08-23 00:00:00-04:00,262.6688438924776,264.33015864750445,255.94230050225514,257.18829345703125,149161500,0.0,0.0,0.0
2019-08-26 00:00:00-04:00,259.37328982123614,260.03240966796875,257.84740299073746,260.03240966796875,72423800,0.0,0.0,0.0
2019-08-27 00:00:00-04:00,261.42275210787636,261.79294027724745,258.2535997082941,259.01202392578125,66668900,0.0,0.0,0.0
2019-08-28 00:00:00-04:00,258.35305014787957,260.9985121802663,257.5494645347921,260.83599853515625,59696700,0.0,0.0,0.0
2019-08-29 00:00:00-04:00,263.39109976527214,264.6912637071327,262.3888774311626,264.1675720214844,57899400,0.0,0.0,0.0
2019-08-30 00:00:00-04:00,265.6483989632906,265.6664468507787,263.12031701361735,264.05029296875,62901200,0.0,0.0,0.0
2019-09-03 00:00:00-04:00,262.35290221731935,263.26480289607287,261.1791280213919,262.5063781738281,69101400,0.0,0.0,0.0
2019-09-04 00:00:00-04:00,264.67333545404205,265.5039792871052,263.92392090578846,265.4859313964844,46887300,0.0,0.0,0.0
2019-09-05 00:00:00-04:00,267.96879736456265,269.8106735830968,265.44972592383255,268.8987731933594,83258100,0.0,0.0,0.0
2019-09-06 00:00:00-04:00,269.21478476498777,269.7474866798832,268.53761711069353,269.1064147949219,49584300,0.0,0.0,0.0
2019-09-09 00:00:00-04:00,270.0906013596085,270.18086834097136,268.3028687534425,269.24188232421875,51260300,0.0,0.0,0.0
2019-09-10 00:00:00-04:00,268.48343727792104,269.24188935174453,267.2284341315708,269.1786804199219,57947100,0.0,0.0,0.0
2019-09-11 00:00:00-04:00,269.4857210476575,271.17412182646217,268.83563880380444,271.0928649902344,68821100,0.0,0.0,0.0
2019-09-12 00:00:00-04:00,271.99573701990073,273.088226704919,271.23731237917514,272.0318603515625,72908700,0.0,0.0,0.0
2019-09-13 00:00:00-04:00,272.4742232943265,272.8263637238987,271.4810384912023,271.8512268066406,62104800,0.0,0.0,0.0
2019-09-16 00:00:00-04:00,270.72260415700487,271.89637799232213,270.3704912942259,271.01153564453125,58191200,0.0,0.0,0.0
2019-09-17 00:00:00-04:00,270.8128810983628,271.78799036288956,270.6413297609149,271.6977233886719,41475500,0.0,0.0,0.0
2019-09-18 00:00:00-04:00,271.3095435402211,271.9686634906912,269.2780400199562,271.8603210449219,73375800,0.0,0.0,0.0
2019-09-19 00:00:00-04:00,272.2485052514616,273.24169007108816,271.5081286082832,271.8421936035156,76560500,0.0,0.0,0.0
2019-09-20 00:00:00-04:00,272.4444725268905,272.7256865360811,269.7686626835575,270.55780029296875,89565000,1.384,0.0,0.0
2019-09-23 00:00:00-04:00,269.89550862740805,271.210755806665,269.64153310714704,270.4941711425781,43476800,0.0,0.0,0.0
2019-09-24 00:00:00-04:00,271.5827644184251,271.97279346935863,267.4102840114436,268.37176513671875,94869400,0.0,0.0,0.0
2019-09-25 00:00:00-04:00,268.4534446997761,270.4036179808236,266.97493260928337,269.95916748046875,71854000,0.0,0.0,0.0
2019-09-26 00:00:00-04:00,269.9682417151954,270.1768477756016,267.99085778219984,269.39678955078125,56179700,0.0,0.0,0.0
2019-09-27 00:00:00-04:00,270.1495830366901,270.2584534548734,266.39437020670596,267.9454345703125,84746600,0.0,0.0,0.0
2019-09-30 00:00:00-04:00,268.4624736286267,269.8956158448682,268.4171317139182,269.1881103515625,51662400,0.0,0.0,0.0
2019-10-01 00:00:00-04:00,270.06797514180766,270.7210593029976,265.7685205613803,265.9862060546875,88242400,0.0,0.0,0.0
2019-10-02 00:00:00-04:00,264.4080394421108,264.41711890181637,259.9997403048071,261.2877502441406,122539500,0.0,0.0,0.0
2019-10-03 00:00:00-04:00,261.06090402575535,263.45555541593865,258.34880381994094,263.4283447265625,85278800,0.0,0.0,0.0
2019-10-04 00:00:00-04:00,264.081418140647,267.2470481606347,264.02696908285304,266.9930725097656,65091200,0.0,0.0,0.0
2019-10-07 00:00:00-04:00,266.19483104942367,267.81847578384463,265.55987813972894,265.841064453125,59610500,0.0,0.0,0.0
2019-10-08 00:00:00-04:00,263.99065687623875,264.72537300214316,261.67763808472165,261.71392822265625,95708100,0.0,0.0,0.0
2019-10-09 00:00:00-04:00,263.72761868689645,265.13355020756165,263.10174525349936,264.19927978515625,62359400,0.0,0.0,0.0
2019-10-10 00:00:00-04:00,264.1176650870851,266.8660551651619,263.9544009671046,265.9862060546875,55296300,0.0,0.0,0.0
2019-10-11 00:00:00-04:00,268.7346034051052,270.9750422719158,268.6167088805522,268.7436828613281,98720400,0.0,0.0,0.0
2019-10-14 00:00:00-04:00,268.42617702704035,269.09742004492904,268.0996488139588,268.4443359375,40394800,0.0,0.0,0.0
2019-10-15 00:00:00-04:00,269.4874853651235,271.8458464973218,269.3695631563232,271.10205078125,46754500,0.0,0.0,0.0
2019-10-16 00:00:00-04:00,270.6395373491413,271.35612263116855,270.2313768831355,270.666748046875,48928200,0.0,0.0,0.0
2019-10-17 00:00:00-04:00,271.82763155922663,272.3355827530061,270.77543903460804,271.4648132324219,45736600,0.0,0.0,0.0
2019-10-18 00:00:00-04:00,270.9296954952778,271.5737002063706,269.4239728965291,270.276611328125,64304000,0.0,0.0,0.0
2019-10-21 00:00:00-04:00,271.59188362078226,272.3084410011963,271.15648490964367,272.10888671875,39048600,0.0,0.0,0.0
2019-10-22 00:00:00-04:00,272.6440029315517,272.9342686902184,271.1292286758053,271.2199401855469,48594700,0.0,0.0,0.0
2019-10-23 00:00:00-04:00,270.9659810160959,272.0635156111766,270.7573472991516,272.00909423828125,34352200,0.0,0.0,0.0
2019-10-24 00:00:00-04:00,272.9432805796984,273.0884134231047,271.6280332171942,272.4534606933594,35453100,0.0,0.0,0.0
2019-10-25 00:00:00-04:00,271.8821290723367,274.11351638561285,271.8277076921369,273.56927490234375,45205400,0.0,0.0,0.0
2019-10-28 00:00:00-04:00,274.7846778376868,275.6101055167936,274.7574671529367,275.1112060546875,42147000,0.0,0.0,0.0
2019-10-29 00:00:00-04:00,274.8391882309899,275.9548820296619,274.7121865401747,275.0296630859375,44284900,0.0,0.0,0.0
2019-10-30 00:00:00-04:00,275.22919747728037,276.24510020516715,273.92302891820503,275.87322998046875,49643900,0.0,0.0,0.0
2019-10-31 00:00:00-04:00,275.8640309626855,275.8640309626855,273.6870935348078,275.13836669921875,69053800,0.0,0.0,0.0
2019-11-01 00:00:00-04:00,276.5807027657832,277.7326588147076,276.41741095435447,277.68731689453125,71141500,0.0,0.0,0.0
2019-11-04 00:00:00-05:00,279.2383466387265,279.37440006354313,278.4310501827038,278.8029479980469,60606900,0.0,0.0,0.0
2019-11-05 00:00:00-05:00,279.00248856877056,279.3018337699568,278.2042716072942,278.4945373535156,42933200,0.0,0.0,0.0
2019-11-06 00:00:00-05:00,278.4945130993228,278.83012072860964,277.61466416358525,278.5580139160156,46487100,0.0,0.0,0.0
2019-11-07 00:00:00-05:00,279.8915169388565,280.87112958042934,279.0660889991278,279.5377502441406,54272300,0.0,0.0,0.0
2019-11-08 00:00:00-05:00,279.1929285346173,280.281411106565,278.4945026210623,280.22698974609375,49032100,0.0,0.0,0.0
2019-11-11 00:00:00-05:00,278.84827471069235,279.86417703477946,278.7121936255367,279.69183349609375,35797300,0.0,0.0,0.0
2019-11-12 00:00:00-05:00,280.05472917772806,281.17947453569053,279.5104877305214,280.281494140625,46484600,0.0,0.0,0.0
2019-11-13 00:00:00-05:00,279.29278899604503,280.77130091310977,279.0660240438884,280.3721923828125,53917700,0.0,0.0,0.0
2019-11-14 00:00:00-05:00,280.09092700077474,280.86193315674427,279.4559742414444,280.7802734375,51219900,0.0,0.0,0.0
2019-11-15 00:00:00-05:00,282.1138019169126,282.8575977885821,281.42445511407726,282.812255859375,62023600,0.0,0.0,0.0
2019-11-18 00:00:00-05:00,282.5763015670428,283.25659632840035,282.1227717261377,283.020751953125,49228000,0.0,0.0,0.0
2019-11-19 00:00:00-05:00,283.6194121870548,283.62849164179835,282.2951128139359,282.9391174316406,67804700,0.0,0.0,0.0
2019-11-20 00:00:00-05:00,282.3496028123388,282.86663359563494,280.3359287395858,281.8869934082031,79406200,0.0,0.0,0.0
2019-11-21 00:00:00-05:00,281.9958720828886,282.1047148443882,280.6352822016,281.4334716796875,54664700,0.0,0.0,0.0
2019-11-22 00:00:00-05:00,282.1772789129553,282.31333237035267,281.0525334234393,282.0593566894531,44850200,0.0,0.0,0.0
2019-11-25 00:00:00-05:00,282.98453205746335,284.2453308105469,282.98453205746335,284.2453308105469,48647200,0.0,0.0,0.0
2019-11-26 00:00:00-05:00,284.28162866852205,285.0707663027961,283.96415218727157,284.88934326171875,37569000,0.0,0.0,0.0
2019-11-27 00:00:00-05:00,285.37013629728915,286.1593017578125,285.1524507530205,286.1593017578125,44444600,0.0,0.0,0.0
2019-11-29 00:00:00-05:00,285.59686381058185,285.8417876970087,284.87122697075444,285.0979919433594,36592700,0.0,0.0,0.0
2019-12-02 00:00:00-05:00,285.35186501415745,285.41536582716174,282.24973680572754,282.6760559082031,75767800,0.0,0.0,0.0
2019-12-03 00:00:00-05:00,279.9639253764044,280.86193315674427,278.58520482169314,280.7802734375,73941700,0.0,0.0,0.0
2019-12-04 00:00:00-05:00,281.82347080730165,283.1114801298138,281.4787836789131,282.5128173828125,49080000,0.0,0.0,0.0
2019-12-05 00:00:00-05:00,283.21125441681573,283.2293856451966,281.7145837968173,283.020751953125,40709000,0.0,0.0,0.0
2019-12-06 00:00:00-05:00,284.9256316357635,286.0050350565463,284.9165521793852,285.6059265136719,48927000,0.0,0.0,0.0
2019-12-09 00:00:00-05:00,285.21589807283027,285.88711349587976,284.63536648869166,284.70794677734375,34838500,0.0,0.0,0.0
2019-12-10 00:00:00-05:00,284.6534664265952,285.3156022560636,283.73732732073876,284.3904113769531,52649800,0.0,0.0,0.0
2019-12-11 00:00:00-05:00,284.8440177776958,285.4517600872291,284.3088557612892,285.1977844238281,53429100,0.0,0.0,0.0
2019-12-12 00:00:00-05:00,285.2068112141044,288.4359419435748,284.97099448527933,287.6558837890625,96389600,0.0,0.0,0.0
2019-12-13 00:00:00-05:00,287.42002857849036,289.0527527941986,286.6490222278449,287.8282165527344,81503900,0.0,0.0,0.0
2019-12-16 00:00:00-05:00,289.55153592078653,290.3950946158489,287.76462759098536,289.8055114746094,82749700,0.0,0.0,0.0
2019-12-17 00:00:00-05:00,290.18661712815833,290.4859347171941,289.787508555263,289.869140625,61097700,0.0,0.0,0.0
2019-12-18 00:00:00-05:00,290.25907427433737,290.4858391761142,289.8327551517464,289.8871765136719,48133000,0.0,0.0,0.0
2019-12-19 00:00:00-05:00,290.07766829054526,291.14801972745664,289.8236926929126,291.075439453125,85310500,0.0,0.0,0.0
2019-12-20 00:00:00-05:00,292.10540402145136,293.48180676883163,291.13009972222136,292.3515319824219,147142100,1.57,0.0,0.0
2019-12-23 00:00:00-05:00,293.1354754488179,293.19016437902224,292.6523713537724,292.7982177734375,52990000,0.0,0.0,0.0
2019-12-24 00:00:00-05:00,293.02612879098643,293.0716936318886,292.50655608135855,292.807373046875,20270000,0.0,0.0,0.0
2019-12-26 00:00:00-05:00,293.1900994232719,294.3750908890077,293.18100314849323,294.365966796875,30911200,0.0,0.0,0.0
2019-12-27 00:00:00-05:00,295.0953240109606,295.1500129574212,293.7645132848047,294.2931823730469,42528800,0.0,0.0,0.0
2019-12-30 00:00:00-05:00,294.37518834855865,294.511910689044,292.18751963133974,292.6706237792969,49729100,0.0,0.0,0.0
2019-12-31 00:00:00-05:00,292.1693441370268,293.62778090007464,291.82296227634913,293.38165283203125,57077300,0.0,0.0,0.0
2020-01-02 00:00:00-05:00,294.91290542669935,296.1434618086508,293.99226220909725,296.1252136230469,59151200,0.0,0.0,0.0
2020-01-03 00:00:00-05:00,292.74350507040344,295.0040826655969,292.6888161446402,293.8829040527344,77709700,0.0,0.0,0.0
2020-01-06 00:00:00-05:00,292.1328420420894,295.0861837981025,292.01434006994486,295.004150390625,55653900,0.0,0.0,0.0
2020-01-07 00:00:00-05:00,294.4390032296372,294.91301114756425,293.7280191701127,294.1746826171875,40496400,0.0,0.0,0.0
2020-01-08 00:00:00-05:00,294.3660894233574,296.95480128822834,294.1199891894408,295.74249267578125,68296000,0.0,0.0,0.0
2020-01-09 00:00:00-05:00,297.30119760730037,297.82077038824355,296.71781178644477,297.7478332519531,48473300,0.0,0.0,0.0
2020-01-10 00:00:00-05:00,298.33120751452185,298.48615024274386,296.4261352089056,296.8909912109375,53029300,0.0,0.0,0.0
2020-01-13 00:00:00-05:00,297.5108322451486,298.9418965712198,297.0824170116794,298.93280029296875,47086800,0.0,0.0,0.0
2020-01-14 00:00:00-05:00,298.4952101168568,299.5434516916106,297.9209485381816,298.47698974609375,62832800,0.0,0.0,0.0
2020-01-15 00:00:00-05:00,298.38587734482564,299.90809914567166,298.30384393795646,299.15155029296875,72056600,0.0,0.0,0.0
2020-01-16 00:00:00-05:00,300.5279902633712,301.6400451660156,300.3001103883815,301.6400451660156,54050300,0.0,0.0,0.0
2020-01-17 00:00:00-05:00,302.3510385750234,302.78855014536276,301.5762414127228,302.57891845703125,95846000,0.0,0.0,0.0
2020-01-21 00:00:00-05:00,301.62175645504635,302.7885001455664,301.5488471444855,301.9863586425781,77742400,0.0,0.0,0.0
2020-01-22 00:00:00-05:00,302.84318902456715,303.49038781097767,301.8678844320141,302.0228271484375,48914900,0.0,0.0,0.0
2020-01-23 00:00:00-05:00,301.37561848363805,302.77936593801815,300.2635638696882,302.3691711425781,51963000,0.0,0.0,0.0
2020-01-24 00:00:00-05:00,303.0254945486543,303.1075279519649,298.39496067890184,299.6802062988281,87578400,0.0,0.0,0.0
2020-01-27 00:00:00-05:00,294.4481411214826,296.3532135264237,294.1108833593813,294.8765563964844,84062500,0.0,0.0,0.0
2020-01-28 00:00:00-05:00,296.2985175568416,298.8416646744203,294.9677069156235,297.96661376953125,63834000,0.0,0.0,0.0
2020-01-29 00:00:00-05:00,299.32474201380455,299.5526218615138,297.5199236056963,297.720458984375,53888900,0.0,0.0,0.0
2020-01-30 00:00:00-05:00,295.66042488337473,298.89633550564963,294.9130001022843,298.6866760253906,75491800,0.0,0.0,0.0
2020-01-31 00:00:00-05:00,298.06691244131224,298.2218830146405,292.35169450141586,293.2632141113281,113845600,0.0,0.0,0.0
2020-02-03 00:00:00-05:00,294.73985138812446,297.30121909243115,294.6213493961139,295.44171142578125,69083000,0.0,0.0,0.0
2020-02-04 00:00:00-05:00,299.0421238964606,300.8104734483571,298.723086598825,299.94451904296875,62573200,0.0,0.0,0.0
2020-02-05 00:00:00-05:00,302.870532103236,303.6179846653886,301.41212336008243,303.4083251953125,65951100,0.0,0.0,0.0
2020-02-06 00:00:00-05:00,304.3655387530669,304.62076314998893,303.3537374463372,304.4293518066406,50359700,0.0,0.0,0.0
2020-02-07 00:00:00-05:00,303.3718085617881,304.4382703838826,302.25975409202255,302.8066711425781,64139400,0.0,0.0,0.0
2020-02-10 00:00:00-05:00,301.9225963763189,305.1311348147873,301.88612780958465,305.06732177734375,42070000,0.0,0.0,0.0
2020-02-11 00:00:00-05:00,306.41621721417675,307.2001101681709,305.0671591378866,305.5958557128906,54864500,0.0,0.0,0.0
2020-02-12 00:00:00-05:00,307.0269985310537,307.77445094789596,306.66239641614675,307.5648193359375,43992700,0.0,0.0,0.0
2020-02-13 00:00:00-05:00,306.1429512711381,308.2029944132998,305.86950652543953,307.2367858886719,54501900,0.0,0.0,0.0
2020-02-14 00:00:00-05:00,307.64690946641167,307.8474448392001,306.4528213248784,307.72894287109375,64582200,0.0,0.0,0.0
2020-02-18 00:00:00-05:00,306.73540821888315,307.7927740817303,305.5504162851949,306.9359436035156,57226200,0.0,0.0,0.0
2020-02-19 00:00:00-05:00,307.9021788213364,309.07801894449966,307.61961000252654,308.40350341796875,48814700,0.0,0.0,0.0
2020-02-20 00:00:00-05:00,307.85655491074664,308.67694462905206,304.1557883522253,307.136474609375,74163400,0.0,0.0,0.0
2020-02-21 00:00:00-05:00,305.7874255135602,306.0973387829116,303.1531209980254,303.9735107421875,113788200,0.0,0.0,0.0
2020-02-24 00:00:00-05:00,294.5483543223174,304.0463696689848,292.8164454315438,293.8920593261719,161088400,0.0,0.0,0.0
2020-02-25 00:00:00-05:00,295.2776354317167,295.8883379321786,284.1115213155918,284.986572265625,218913200,0.0,0.0,0.0
2020-02-26 00:00:00-05:00,286.3811587759355,289.9634233462724,283.2090890630601,283.93829345703125,194773800,0.0,0.0,0.0
2020-02-27 00:00:00-05:00,278.4327514100049,283.9930261776727,271.1861877441406,271.1861877441406,284353500,0.0,0.0,0.0
2020-02-28 00:00:00-05:00,263.155638584235,271.5325033532073,260.27523419743306,270.0467224121094,384975800,0.0,0.0,0.0
2020-03-02 00:00:00-05:00,271.8241810091955,281.80532914475464,268.40598340350584,281.74151611328125,238703600,0.0,0.0,0.0
2020-03-03 00:00:00-05:00,282.11520716459734,286.07119736155244,271.24078921564694,273.6745300292969,300139100,0.0,0.0,0.0
2020-03-04 00:00:00-05:00,279.0342862432625,285.3967010302959,276.4911395839047,285.17791748046875,176613400,0.0,0.0,0.0
2020-03-05 00:00:00-05:00,277.9951050161796,281.1762977722977,273.4648539783769,275.69805908203125,186366800,0.0,0.0,0.0
2020-03-06 00:00:00-05:00,267.2118873410211,272.3437456449538,264.5502664620457,271.1405334472656,228667200,0.0,0.0,0.0
2020-03-09 00:00:00-04:00,250.94127750870393,259.04469825650165,249.25498888727407,249.96597290039062,309417300,0.0,0.0,0.0
2020-03-10 00:00:00-04:00,259.45478878594474,262.99145923851665,249.30045348894666,262.90032958984375,276444100,0.0,0.0,0.0
2020-03-11 00:00:00-04:00,255.8634213930666,256.99369617063655,246.9122971935193,250.08436584472656,255316300,0.0,0.0,0.0
2020-03-12 00:00:00-04:00,233.3489770719644,243.06577765843556,225.76512864095778,226.15708923339844,392220700,0.0,0.0,0.0
2020-03-13 00:00:00-04:00,239.81161165387473,247.45927200830852,226.5307825549705,245.49038696289062,329566100,0.0,0.0,0.0
2020-03-16 00:00:00-04:00,219.84023822786799,234.16932404862888,216.35824141554718,218.6279296875,297240000,0.0,0.0,0.0
2020-03-17 00:00:00-04:00,223.35868442017195,233.50391264622428,216.0938883539165,230.4320831298828,262070500,0.0,0.0,0.0
2020-03-18 00:00:00-04:00,215.34648084640503,226.3940926828577,207.84467929166857,218.76467895507812,327597100,0.0,0.0,0.0
2020-03-19 00:00:00-04:00,218.08101328487268,225.49167035009614,211.67303310856974,219.22952270507812,289322000,0.0,0.0,0.0
2020-03-20 00:00:00-04:00,222.3707310405341,224.14947908525951,209.50691583930976,209.781982421875,347158800,1.406,0.0,0.0
2020-03-23 00:00:00-04:00,209.22269612416616,210.58883736917826,200.11807712080454,204.41824340820312,326025200,0.0,0.0,0.0
2020-03-24 00:00:00-04:00,214.93482673177368,223.81022492489032,214.3663660879373,222.93917846679688,235494500,0.0,0.0,0.0
2020-03-25 00:00:00-04:00,224.51626550550066,235.0420516206146,219.8218472180857,226.27667236328125,299430300,0.0,0.0,0.0
2020-03-26 00:00:00-04:00,228.77973377835932,240.95587614121874,228.34879937507776,239.4888916015625,257632800,0.0,0.0,0.0
2020-03-27 00:00:00-04:00,232.21803399813555,239.13129805518238,230.18256074726233,232.35556030273438,224341200,0.0,0.0,0.0
2020-03-30 00:00:00-04:00,234.44604471765408,240.61663876583322,232.45641822635318,239.90147399902344,171369500,0.0,0.0,0.0
2020-03-31 00:00:00-04:00,238.90206639274638,241.44181196172076,234.92281361805342,236.3256378173828,194881100,0.0,0.0,0.0
2020-04-01 00:00:00-04:00,227.36774076850008,236.24314028710725,223.62687128450554,225.68984985351562,189554600,0.0,0.0,0.0
2020-04-02 00:00:00-04:00,224.80964222485147,231.67705936295383,224.25950903784965,230.89772033691406,177660400,0.0,0.0,0.0
2020-04-03 00:00:00-04:00,229.9166909570072,232.26391415318625,224.83718484688495,227.56031799316406,135561200,0.0,0.0,0.0
2020-04-06 00:00:00-04:00,236.40819703837275,244.80681626495058,227.5419743229143,242.8446807861328,188061200,0.0,0.0,0.0
2020-04-07 00:00:00-04:00,251.4174604431951,252.16930817093797,242.8721667882083,243.0922088623047,201427200,0.0,0.0,0.0
2020-04-08 00:00:00-04:00,245.68694732221695,253.05866406664575,243.20221247709344,251.25241088867188,153774500,0.0,0.0,0.0
2020-04-09 00:00:00-04:00,254.50740840247016,257.82653581519105,252.5728060191188,255.07589721679688,189999200,0.0,0.0,0.0
2020-04-13 00:00:00-04:00,254.10397034489313,254.44321124594032,248.85024130979565,252.74697875976562,114839100,0.0,0.0,0.0
2020-04-14 00:00:00-04:00,257.6247131889089,261.2188637812924,252.60938312795597,260.2011413574219,134143400,0.0,0.0,0.0
2020-04-15 00:00:00-04:00,254.49821499657006,260.3387321420968,252.5635849639978,254.67242431640625,121775000,0.0,0.0,0.0
2020-04-16 00:00:00-04:00,255.94684900762073,256.75370726229335,252.83864275488824,255.90101623535156,131798300,0.0,0.0,0.0
2020-04-17 00:00:00-04:00,261.65902364519036,263.4194162623719,258.9267132107058,262.8143005371094,146684800,0.0,0.0,0.0
2020-04-20 00:00:00-04:00,259.1191971166025,262.95177313986176,257.96394844153764,258.1839904785156,100109300,0.0,0.0,0.0
2020-04-21 00:00:00-04:00,253.72809067077185,254.92920065570146,249.40956779759313,250.3448028564453,126385700,0.0,0.0,0.0
2020-04-22 00:00:00-04:00,255.21335676570135,257.6430812956117,253.89304834549813,255.90101623535156,92951600,0.0,0.0,0.0
2020-04-23 00:00:00-04:00,257.17550907621705,260.3387543846184,255.58014778029658,255.88270568847656,104709700,0.0,0.0,0.0
2020-04-24 00:00:00-04:00,257.39554010912246,260.1186727932332,255.35088916404356,259.4493408203125,85063200,0.0,0.0,0.0
2020-04-27 00:00:00-04:00,261.4206455682229,264.3088100325091,260.9622058760842,263.1902160644531,77896600,0.0,0.0,0.0
2020-04-28 00:00:00-04:00,266.8302216256885,267.1786402598977,261.67736409264813,261.9799499511719,105270000,0.0,0.0,0.0
2020-04-29 00:00:00-04:00,267.2978148114988,270.36936598916276,266.27091449702925,268.8381652832031,118745600,0.0,0.0,0.0
2020-04-30 00:00:00-04:00,267.462857175173,268.9390474225819,264.60219818898923,266.3351135253906,122901700,0.0,0.0,0.0
2020-05-01 00:00:00-04:00,261.5947967015309,266.5001059124838,258.1198167734185,259.2842712402344,125180000,0.0,0.0,0.0
2020-05-04 00:00:00-04:00,257.40472721224256,260.3020696248995,255.92856473218876,259.99951171875,80873200,0.0,0.0,0.0
2020-05-05 00:00:00-04:00,262.8142792143297,265.2073206037957,260.12780177122573,262.40167236328125,79569900,0.0,0.0,0.0
2020-05-06 00:00:00-04:00,264.09796681903833,264.48304052192884,260.1920513755059,260.62298583984375,73632600,0.0,0.0,0.0
2020-05-07 00:00:00-04:00,263.8320410550969,265.6933050734505,263.2635803176103,263.7678527832031,75250400,0.0,0.0,0.0
2020-05-08 00:00:00-04:00,266.89437904014466,268.5997890049133,265.7666074831052,268.1321716308594,76452400,0.0,0.0,0.0
2020-05-11 00:00:00-04:00,266.20676247386785,269.56254444611375,265.7850057832069,268.1872253417969,79514200,0.0,0.0,0.0
2020-05-12 00:00:00-04:00,269.37000418111256,269.7825831185984,262.7042730991444,262.8418273925781,95870800,0.0,0.0,0.0
2020-05-13 00:00:00-04:00,262.2825114779081,263.31858964743844,255.7726623265701,258.1932373046875,144721100,0.0,0.0,0.0
2020-05-14 00:00:00-04:00,255.76344816859944,261.4113990670636,250.29882832927197,261.2830505371094,121977900,0.0,0.0,0.0
2020-05-15 00:00:00-04:00,258.899280953549,262.5301162336093,257.9548961111286,262.4842834472656,111146300,0.0,0.0,0.0
2020-05-18 00:00:00-04:00,268.6915353919301,272.0840008493197,268.37064994080464,270.4794616699219,119703800,0.0,0.0,0.0
2020-05-19 00:00:00-04:00,269.88344074536735,271.58882289589167,267.6829359139752,267.7012634277344,95189300,0.0,0.0,0.0
2020-05-20 00:00:00-04:00,271.2312398155431,273.1108311782877,271.00201999174817,272.24896240234375,85861700,0.0,0.0,0.0
2020-05-21 00:00:00-04:00,272.1206276660374,272.92748596370774,269.278296110494,270.369384765625,78293900,0.0,0.0,0.0
2020-05-22 00:00:00-04:00,270.08513201578137,271.05702179895974,268.8473394108852,270.8828125,63958200,0.0,0.0,0.0
2020-05-26 00:00:00-04:00,276.8333877387792,277.07178533427884,270.9011769612808,274.22027587890625,88951400,0.0,0.0,0.0
2020-05-27 00:00:00-04:00,277.00752054474054,278.33700648648875,272.19390507286226,278.3003234863281,104817400,0.0,0.0,0.0
2020-05-28 00:00:00-04:00,279.3272767982314,281.3352447299404,277.1175942986496,277.78692626953125,90405200,0.0,0.0,0.0
2020-05-29 00:00:00-04:00,277.31936982817837,279.61156861200794,274.57790903661964,279.0247802734375,119090800,0.0,0.0,0.0
2020-06-01 00:00:00-04:00,278.3828347935377,280.75754836392883,277.8693847232331,280.15240478515625,55758300,0.0,0.0,0.0
2020-06-02 00:00:00-04:00,281.069313365472,282.5179982006775,279.73985528660774,282.4721374511719,74267200,0.0,0.0,0.0
2020-06-03 00:00:00-04:00,284.45263612777273,287.18494662104723,284.1775835194625,286.23138427734375,92567600,0.0,0.0,0.0
2020-06-04 00:00:00-04:00,285.2503028822557,286.98321817364206,283.3890390401753,285.4795227050781,75794400,0.0,0.0,0.0
2020-06-05 00:00:00-04:00,290.86163222663976,294.56580447547407,290.79744395981476,292.7962341308594,150524700,0.0,0.0,0.0
2020-06-08 00:00:00-04:00,293.60316862277716,296.52801660585413,293.0622130496706,296.3354797363281,73641200,0.0,0.0,0.0
2020-06-09 00:00:00-04:00,293.67644251654445,296.40875303318035,292.814573695221,294.125732421875,77479200,0.0,0.0,0.0
2020-06-10 00:00:00-04:00,294.70338803982554,295.5927621739855,291.7693627776029,292.4845275878906,95000800,0.0,0.0,0.0
2020-06-11 00:00:00-04:00,285.57119193533765,286.2038408309795,275.0729417317749,275.623046875,209243600,0.0,0.0,0.0
2020-06-12 00:00:00-04:00,282.6188812960742,283.38905659074294,273.7801789307393,278.9238586425781,194678900,0.0,0.0,0.0
2020-06-15 00:00:00-04:00,273.24835223856235,282.6555425806839,272.07474788246594,281.52777099609375,135782700,0.0,0.0,0.0
2020-06-16 00:00:00-04:00,289.25711767246935,289.4038217313861,282.0962919334156,286.9465637207031,137627500,0.0,0.0,0.0
2020-06-17 00:00:00-04:00,287.96425988813667,288.2576679504427,285.0210574809537,285.75457763671875,83398900,0.0,0.0,0.0
2020-06-18 00:00:00-04:00,284.2417274083413,286.34136061280276,283.78328781211144,285.8645935058594,80828700,0.0,0.0,0.0
2020-06-19 00:00:00-04:00,289.3235490329569,289.5169330939847,282.2877529407937,284.23089599609375,135549600,1.366,0.0,0.0
2020-06-22 00:00:00-04:00,283.6323733290194,286.45036871018254,282.4904486423991,286.05438232421875,74649400,0.0,0.0,0.0
2020-06-23 00:00:00-04:00,288.6974262655169,289.6275587383942,286.966102816788,287.3713073730469,68471200,0.0,0.0,0.0
2020-06-24 00:00:00-04:00,285.3360276763805,285.95305250280444,278.20816137818287,280.040771484375,132813500,0.0,0.0,0.0
2020-06-25 00:00:00-04:00,279.46987762701843,283.3101028145631,277.45307296151356,283.04302978515625,89468000,0.0,0.0,0.0
2020-06-26 00:00:00-04:00,281.94711324330086,282.15893364058905,275.7401601235611,276.3203125,127961000,0.0,0.0,0.0
2020-06-29 00:00:00-04:00,277.5727536803356,280.5196622715444,275.28887633629,280.38153076171875,79773300,0.0,0.0,0.0
2020-06-30 00:00:00-04:00,279.9486930198918,285.6675903215087,279.792153347328,283.97308349609375,113394800,0.0,0.0,0.0
2020-07-01 00:00:00-04:00,285.08742860608777,287.22395639224413,284.62697148514405,285.9622802734375,72396500,0.0,0.0,0.0
2020-07-02 00:00:00-04:00,289.38803604130976,290.7325908541107,286.8739585501112,287.5370178222656,69344200,0.0,0.0,0.0
2020-07-06 00:00:00-04:00,291.3496151795207,292.55601050927066,290.6036769406393,291.975830078125,61713800,0.0,0.0,0.0
2020-07-07 00:00:00-04:00,290.43785396731937,292.4085952599446,288.5868078840447,288.9643859863281,82910000,0.0,0.0,0.0
2020-07-08 00:00:00-04:00,289.728779659392,291.2851267804882,287.9698584105039,291.17462158203125,54638600,0.0,0.0,0.0
2020-07-09 00:00:00-04:00,291.78247001320926,292.0219167134949,286.10963481375455,289.51702880859375,83354200,0.0,0.0,0.0
2020-07-10 00:00:00-04:00,289.45260741061855,292.74027861578753,288.02520130958993,292.47320556640625,57550400,0.0,0.0,0.0
2020-07-13 00:00:00-04:00,294.8122255722936,297.18817150586733,289.28674115516975,289.9405822753906,102997500,0.0,0.0,0.0
2020-07-14 00:00:00-04:00,288.522406144319,294.4715320808562,287.32522893206374,293.6979675292969,93657000,0.0,0.0,0.0
2020-07-15 00:00:00-04:00,296.9118582248771,297.49203848703377,294.0201750465289,296.3961486816406,87196500,0.0,0.0,0.0
2020-07-16 00:00:00-04:00,294.49912983927373,295.87128286396967,293.85447872341933,295.4200439453125,54622500,0.0,0.0,0.0
2020-07-17 00:00:00-04:00,296.4238694209868,297.0593024720893,294.45309952821765,296.2765197753906,62774900,0.0,0.0,0.0
2020-07-20 00:00:00-04:00,296.0094126786261,299.4168060932532,295.2634745052949,298.6708679199219,56308800,0.0,0.0,0.0
2020-07-21 00:00:00-04:00,300.63245415579655,301.0744749886083,298.32095050262376,299.30633544921875,57292200,0.0,0.0,0.0
2020-07-22 00:00:00-04:00,298.9471708971752,301.32314533336705,298.83666568694713,301.010009765625,57792900,0.0,0.0,0.0
2020-07-23 00:00:00-04:00,300.65084417889534,301.3507479273714,296.05549155599056,297.4184265136719,75738000,0.0,0.0,0.0
2020-07-24 00:00:00-04:00,295.56736989715625,296.52510025578465,294.001804800679,295.5028991699219,73766600,0.0,0.0,0.0
2020-07-27 00:00:00-04:00,296.19352622911754,297.8327517588238,295.4015257035864,297.65777587890625,48293000,0.0,0.0,0.0
2020-07-28 00:00:00-04:00,296.9303522871835,298.04467867981947,295.47532024869815,295.77001953125,57495000,0.0,0.0,0.0
2020-07-29 00:00:00-04:00,296.64482019059875,299.96933442324314,296.60797576059025,299.4075622558594,48454200,0.0,0.0,0.0
2020-07-30 00:00:00-04:00,296.4422441472383,298.7537475391664,294.36099738513786,298.3393249511719,61861700,0.0,0.0,0.0
2020-07-31 00:00:00-04:00,300.1258761780566,300.7981535361253,295.9172923240878,300.69683837890625,84986800,0.0,0.0,0.0
2020-08-03 00:00:00-04:00,302.3545227663099,303.5516998495723,301.8111868221174,302.787353515625,53077900,0.0,0.0,0.0
2020-08-04 00:00:00-04:00,301.9309475225113,303.95697021484375,301.9309475225113,303.95697021484375,41917900,0.0,0.0,0.0
2020-08-05 00:00:00-04:00,305.25535623296946,306.1026094552458,304.98828331124287,305.8447265625,42697700,0.0,0.0,0.0
2020-08-06 00:00:00-04:00,305.26466855525786,308.00897505925286,304.9423429439364,307.8892517089844,43679400,0.0,0.0,0.0
2020-08-07 00:00:00-04:00,306.9222424636981,308.39571060773704,306.0197365507583,308.1102294921875,57308300,0.0,0.0,0.0
2020-08-10 00:00:00-04:00,308.56154419446693,309.2153854806249,306.6276185368531,309.0312194824219,44282100,0.0,0.0,0.0
2020-08-11 00:00:00-04:00,310.20997475019243,310.8454078392464,305.75275309496504,306.4802551269531,69601100,0.0,0.0,0.0
2020-08-12 00:00:00-04:00,308.91143712616207,311.526829875344,308.8838108265044,310.7532653808594,53774400,0.0,0.0,0.0
2020-08-13 00:00:00-04:00,309.98898706045185,311.4993001876827,309.270674942497,310.19158935546875,41816100,0.0,0.0,0.0
2020-08-14 00:00:00-04:00,309.80478873517694,310.7349211885929,309.0772585556513,310.2007751464844,47260400,0.0,0.0,0.0
2020-08-17 00:00:00-04:00,311.2137835316429,311.58214363407274,310.2099903082899,311.1861572265625,35481000,0.0,0.0,0.0
2020-08-18 00:00:00-04:00,311.5820463337453,312.28194998264934,309.98885496076423,311.85833740234375,38733900,0.0,0.0,0.0
2020-08-19 00:00:00-04:00,312.23588712741235,312.75159673010216,309.9980728045905,310.5598449707031,68054200,0.0,0.0,0.0
2020-08-20 00:00:00-04:00,308.8377131218765,312.0056596078708,308.7087997728297,311.52679443359375,42207800,0.0,0.0,0.0
2020-08-21 00:00:00-04:00,311.1953341258538,312.85296841916903,310.85457226958493,312.6319580078125,55106600,0.0,0.0,0.0
2020-08-24 00:00:00-04:00,315.06305671035,315.87346543318415,312.60423235327005,315.7998046875,48588700,0.0,0.0,0.0
2020-08-25 00:00:00-04:00,316.3616627587458,316.9878776871024,315.2013018413242,316.9049987792969,38463400,0.0,0.0,0.0
2020-08-26 00:00:00-04:00,317.4943564112972,320.34916765874164,316.9510204608459,320.0821228027344,50790200,0.0,0.0,0.0
2020-08-27 00:00:00-04:00,320.94789044530484,322.2279468627712,319.1244697936343,320.7821044921875,58034100,0.0,0.0,0.0
2020-08-28 00:00:00-04:00,321.80420702373715,322.9829758804368,320.61622003326073,322.8540344238281,48588900,0.0,0.0,0.0
2020-08-31 00:00:00-04:00,322.64223722364346,323.517088692937,321.4542502514148,321.6844787597656,66099200,0.0,0.0,0.0
2020-09-01 00:00:00-04:00,322.51335702094957,324.81564254170917,321.620069114732,324.71435546875,54908700,0.0,0.0,0.0
2020-09-02 00:00:00-04:00,326.62070244183883,330.37802059599454,325.4787495455929,329.41107177734375,69540000,0.0,0.0,0.0
2020-09-03 00:00:00-04:00,327.7256853866652,328.1953605553692,315.4959476689743,318.07452392578125,148011100,0.0,0.0,0.0
2020-09-04 00:00:00-04:00,318.75596006198134,320.32149696391184,308.38645966468334,315.4775085449219,139156300,0.0,0.0,0.0
2020-09-08 00:00:00-04:00,310.0809566891278,315.5419982728342,306.5538683027617,306.8577575683594,114465300,0.0,0.0,0.0
2020-09-09 00:00:00-04:00,310.8545223596372,315.3762136597868,309.9888609153848,312.9173889160156,91462300,0.0,0.0,0.0
2020-09-10 00:00:00-04:00,314.78688177765224,315.4407229555937,306.5262807206502,307.4840393066406,90569500,0.0,0.0,0.0
2020-09-11 00:00:00-04:00,309.26141246287096,310.32045816888535,304.8225992871863,307.6405944824219,84680200,0.0,0.0,0.0
2020-09-14 00:00:00-04:00,310.79936944297793,313.4608253569491,307.78798968967357,311.6926574707031,65605700,0.0,0.0,0.0
2020-09-15 00:00:00-04:00,314.14218543935834,314.9710024350509,311.70176891157143,313.267333984375,52920900,0.0,0.0,0.0
2020-09-16 00:00:00-04:00,314.50136995908423,315.9287755119788,311.7478178059842,312.02410888671875,82096000,0.0,0.0,0.0
2020-09-17 00:00:00-04:00,307.1800415307334,310.99263860758003,306.65511385712773,309.27972412109375,91523300,0.0,0.0,0.0
2020-09-18 00:00:00-04:00,310.0832931282361,310.19424068358853,303.2412544546544,305.71917724609375,105877900,1.339,0.0,0.0
2020-09-21 00:00:00-04:00,301.14238742219266,302.4645593357365,297.4717223903731,302.3166198730469,99450800,0.0,0.0,0.0
2020-09-22 00:00:00-04:00,303.79605821576513,305.9503654275353,301.2903700074111,305.3955993652344,63612100,0.0,0.0,0.0
2020-09-23 00:00:00-04:00,305.95029107636867,306.2276881483939,297.8138181951708,298.3131103515625,93112200,0.0,0.0,0.0
2020-09-24 00:00:00-04:00,297.00024885781556,302.1595085374378,295.6873034004473,299.10833740234375,76681300,0.0,0.0,0.0
2020-09-25 00:00:00-04:00,298.25762343564503,304.7298270780176,297.38852490576954,303.9439392089844,71069400,0.0,0.0,0.0
2020-09-28 00:00:00-04:00,308.0953240484511,309.7041195983492,307.1059949203024,308.9921875,64584600,0.0,0.0,0.0
2020-09-29 00:00:00-04:00,308.788814611231,309.5284836874694,306.6159979020015,307.3094482421875,51304000,0.0,0.0,0.0
2020-09-30 00:00:00-04:00,307.9752282610911,312.78316294549495,307.7810700245136,309.6395263671875,104081100,0.0,0.0,0.0
2020-10-01 00:00:00-04:00,312.22833451482296,313.1991537202758,309.75041203082435,311.6273498535156,88698700,0.0,0.0,0.0
2020-10-02 00:00:00-04:00,306.68997933659404,311.59960544931795,306.21842407966096,308.6686096191406,89431100,0.0,0.0,0.0
2020-10-05 00:00:00-04:00,310.7212096486976,314.32714558258357,310.67499091510314,314.1422424316406,45713100,0.0,0.0,0.0
2020-10-06 00:00:00-04:00,314.28106640602414,316.370673277185,309.16802502784486,309.6765441894531,90128900,0.0,0.0,0.0
2020-10-07 00:00:00-04:00,312.6259052380061,315.87126190492677,312.598168352672,315.0668640136719,56999600,0.0,0.0,0.0
2020-10-08 00:00:00-04:00,316.99932011187576,317.9239207082548,316.08394633419226,317.85919189453125,45242500,0.0,0.0,0.0
2020-10-09 00:00:00-04:00,319.50501111946494,321.16005424971684,318.8855444605007,320.69775390625,59528600,0.0,0.0,0.0
2020-10-12 00:00:00-04:00,323.2311019429976,327.32707559553944,322.7410647815939,325.8569641113281,80388500,0.0,0.0,0.0
2020-10-13 00:00:00-04:00,325.71829333157706,325.89396970025575,322.76881520469266,323.73040771484375,73255500,0.0,0.0,0.0
2020-10-14 00:00:00-04:00,324.30360807019053,325.39462982999737,320.96581398724754,321.69622802734375,57727900,0.0,0.0,0.0
2020-10-15 00:00:00-04:00,317.79443172197927,321.7794576418191,317.2581758442864,321.2986755371094,60357700,0.0,0.0,0.0
2020-10-16 00:00:00-04:00,322.648589773227,324.30363260576735,320.92884634883575,321.1045227050781,89501900,0.0,0.0,0.0
2020-10-19 00:00:00-04:00,322.36195837394564,322.99067994136914,315.3257621196153,316.2226257324219,68425600,0.0,0.0,0.0
2020-10-20 00:00:00-04:00,317.5633355204922,320.72548220032826,316.8051844221268,317.4893798828125,60051900,0.0,0.0,0.0
2020-10-21 00:00:00-04:00,317.4431044735385,319.6066946596672,316.58323270677243,316.88836669921875,63575000,0.0,0.0,0.0
2020-10-22 00:00:00-04:00,317.1010319977672,319.2091203575822,314.9652067470299,318.6266174316406,55399300,0.0,0.0,0.0
2020-10-23 00:00:00-04:00,319.84705846131055,319.9025322364598,317.258188232449,319.7083740234375,49143900,0.0,0.0,0.0
2020-10-26 00:00:00-04:00,316.333567187947,317.1194832403807,310.31440902526583,313.8001708984375,91473000,0.0,0.0,0.0
2020-10-27 00:00:00-04:00,314.14230712329396,314.475149793473,312.5057460118679,312.7184143066406,65994100,0.0,0.0,0.0
2020-10-28 00:00:00-04:00,307.059827691063,312.7461150486337,301.5399616493468,302.0299987792969,127094300,0.0,0.0,0.0
2020-10-29 00:00:00-04:00,302.26114022168764,308.2617881868608,300.57836060996675,305.09967041015625,90597700,0.0,0.0,0.0
2020-10-30 00:00:00-04:00,303.52783260839107,304.8315226203362,298.2761088587803,301.9190368652344,120287300,0.0,0.0,0.0
2020-11-02 00:00:00-05:00,305.30316162109375,307.3002742972392,302.56632324038145,305.30316162109375,86068300,0.0,0.0,0.0
2020-11-03 00:00:00-05:00,308.5299804346644,312.7461569674992,305.3863439975958,310.69354248046875,93294200,0.0,0.0,0.0
2020-11-04 00:00:00-05:00,315.1593778065313,321.7055664962755,313.9851450876126,317.6373291015625,126959700,0.0,0.0,0.0
2020-11-05 00:00:00-05:00,322.9074612913422,325.63504398286517,322.55610859572175,323.8320617675781,82039700,0.0,0.0,0.0
2020-11-06 00:00:00-05:00,323.5454494007083,325.0063340064699,321.4373613684711,323.75811767578125,74973000,0.0,0.0,0.0
2020-11-09 00:00:00-05:00,336.5268178489835,336.90590740925865,327.3640242503452,327.8263244628906,172304200,0.0,0.0,0.0
2020-11-10 00:00:00-05:00,326.83706430106344,328.39964160698554,324.08177251066513,327.3456115722656,85552000,0.0,0.0,0.0
2020-11-11 00:00:00-05:00,329.52768350264563,330.6002236995473,328.28872195189047,329.77734375,58649000,0.0,0.0,0.0
2020-11-12 00:00:00-05:00,328.76945432758134,329.8235125087104,324.7752013576145,326.5781555175781,67546200,0.0,0.0,0.0
2020-11-13 00:00:00-05:00,328.48279119885393,331.83909534174575,327.9650172049905,331.09942626953125,62892200,0.0,0.0,0.0
2020-11-16 00:00:00-05:00,333.76224964666625,335.4265190156994,332.4770415964014,335.23236083984375,74541100,0.0,0.0,0.0
2020-11-17 00:00:00-05:00,332.82848911220765,334.63147162301595,331.3213855742676,333.4294738769531,66111000,0.0,0.0,0.0
2020-11-18 00:00:00-05:00,333.69759212727365,334.2431030727179,329.3796950886092,329.41668701171875,70591300,0.0,0.0,0.0
2020-11-19 00:00:00-05:00,328.7879664083773,331.173423449706,327.44728430310664,330.8035888671875,59940900,0.0,0.0,0.0
2020-11-20 00:00:00-05:00,330.54466445649757,330.74807768636424,328.46431342145667,328.53826904296875,70417300,0.0,0.0,0.0
2020-11-23 00:00:00-05:00,330.34126910985094,331.7651617960009,328.1129784945893,330.5076904296875,63230600,0.0,0.0,0.0
2020-11-24 00:00:00-05:00,333.0503176608031,336.37888489880055,332.1997010545498,335.8333740234375,62415900,0.0,0.0,0.0
2020-11-25 00:00:00-05:00,335.75017614636334,335.77791303204526,334.22459100072433,335.31561279296875,45330900,0.0,0.0,0.0
2020-11-27 00:00:00-05:00,336.4066780190502,336.7210388362217,335.24167223686067,336.24951171875,28514100,0.0,0.0,0.0
2020-11-30 00:00:00-05:00,335.47285766997896,335.7409997721045,332.08884395768695,334.76092529296875,83872700,0.0,0.0,0.0
2020-12-01 00:00:00-05:00,338.0062793851227,339.9571732876584,337.41452140242126,338.4223327636719,74231400,0.0,0.0,0.0
2020-12-02 00:00:00-05:00,337.3127825968703,339.2914131198718,336.73953476512753,339.1342468261719,45927000,0.0,0.0,0.0
2020-12-03 00:00:00-05:00,339.03252352963375,340.4286793920205,337.94150165059074,339.0417785644531,62882000,0.0,0.0,0.0
2020-12-04 00:00:00-05:00,339.6243537638906,341.9635925292969,339.53188804571107,341.9635925292969,50749900,0.0,0.0,0.0
2020-12-07 00:00:00-05:00,341.19604390236077,341.75080980917244,339.9940746180739,341.2607727050781,48944300,0.0,0.0,0.0
2020-12-08 00:00:00-05:00,339.9940864550397,342.82336164005824,339.9478677180988,342.2593688964844,42458900,0.0,0.0,0.0
2020-12-09 00:00:00-05:00,342.915836132159,343.0730024150456,338.35756246336115,339.189697265625,74098300,0.0,0.0,0.0
2020-12-10 00:00:00-05:00,337.8212640589187,340.1235101648178,336.9521373730438,339.0787353515625,57735400,0.0,0.0,0.0
2020-12-11 00:00:00-05:00,337.38665648334694,339.08791771318033,335.8703266070758,338.68109130859375,57698600,0.0,0.0,0.0
2020-12-14 00:00:00-05:00,340.844683926744,341.9171954938573,336.98908808183313,337.1647644042969,69216200,0.0,0.0,0.0
2020-12-15 00:00:00-05:00,339.6982365511047,341.7231140136719,338.329845795208,341.7231140136719,63865300,0.0,0.0,0.0
2020-12-16 00:00:00-05:00,341.935753088197,343.1747143338236,341.0573713537836,342.2593688964844,58420500,0.0,0.0,0.0
2020-12-17 00:00:00-05:00,343.8959404400441,344.3767225815223,343.07303238358134,344.1733093261719,64119500,0.0,0.0,0.0
2020-12-18 00:00:00-05:00,344.46113944048307,344.6282701572163,340.79338813671035,342.7990417480469,136542300,1.58,0.0,0.0
2020-12-21 00:00:00-05:00,338.8899235370573,351.415944151772,336.1600082036477,341.5733947753906,96386700,0.0,0.0,0.0
2020-12-22 00:00:00-05:00,341.8983673411588,342.0097878229692,339.87415302334546,340.9976806640625,47949000,0.0,0.0,0.0
2020-12-23 00:00:00-05:00,341.96333381663726,343.2075762857532,340.9790818882792,341.3040771484375,46201400,0.0,0.0,0.0
2020-12-24 00:00:00-05:00,341.7776869993081,342.6598131310871,341.19272941054123,342.6319580078125,26457900,0.0,0.0,0.0
2020-12-28 00:00:00-05:00,345.17611443159626,345.96538061700096,344.5540073036612,345.5754089355469,39000400,0.0,0.0,0.0
2020-12-29 00:00:00-05:00,347.09821664709926,347.27464186044676,344.3311518128284,344.9161376953125,53680500,0.0,0.0,0.0
2020-12-30 00:00:00-05:00,345.733259466037,346.4389603203097,345.0182924625775,345.40826416015625,49455300,0.0,0.0,0.0
2020-12-31 00:00:00-05:00,345.2132949330659,347.8875000497571,344.7026082398412,347.1632385253906,78520700,0.0,0.0,0.0
2021-01-04 00:00:00-05:00,348.49100217915696,348.62101162593734,338.75060828235917,342.4369201660156,110210800,0.0,0.0,0.0
2021-01-05 00:00:00-05:00,341.7962685644844,345.8818471316903,341.7498244688002,344.7954406738281,66426200,0.0,0.0,0.0
2021-01-06 00:00:00-05:00,343.29118386394964,350.04170094295614,342.743347597711,346.8567810058594,107997700,0.0,0.0,0.0
2021-01-07 00:00:00-05:00,349.22459781978796,352.75304553896814,349.0481726001441,352.0102233886719,68766800,0.0,0.0,0.0
2021-01-08 00:00:00-05:00,353.3937031789076,354.2293850911422,350.1531015213458,354.0158386230469,71677200,0.0,0.0,0.0
2021-01-11 00:00:00-05:00,350.84954484541544,353.3844459686813,350.72882987062206,351.6295166015625,51034700,0.0,0.0,0.0
2021-01-12 00:00:00-05:00,351.8152146876118,352.71587302635754,349.4659767403623,351.7037658691406,52547700,0.0,0.0,0.0
2021-01-13 00:00:00-05:00,351.62953817301246,353.6444582491231,350.8495663690164,352.65093994140625,45303600,0.0,0.0,0.0
2021-01-14 00:00:00-05:00,353.39372265354797,353.89514316325904,351.0816626236897,351.4159240722656,49989100,0.0,0.0,0.0
2021-01-15 00:00:00-05:00,349.800282405299,350.59881478443,346.9960962553196,348.8531799316406,107160000,0.0,0.0,0.0
2021-01-19 00:00:00-05:00,351.3044700083426,352.13088573862603,349.82809207789774,351.5923156738281,51233300,0.0,0.0,0.0
2021-01-20 00:00:00-05:00,353.876603510318,357.2936593696755,353.4866317659634,356.4579772949219,61836100,0.0,0.0,0.0
2021-01-21 00:00:00-05:00,357.01509447785054,357.4422441883791,355.86371149800453,356.782958984375,47840100,0.0,0.0,0.0
2021-01-22 00:00:00-05:00,354.9350642448892,356.6807271719311,354.5543587480902,355.5200500488281,52860500,0.0,0.0,0.0
2021-01-25 00:00:00-05:00,356.25365943655754,357.27503278883,351.4159360582794,356.9222106933594,70402000,0.0,0.0,0.0
2021-01-26 00:00:00-05:00,357.8693456849632,358.2779063977357,356.1329768241054,356.3651123046875,42665300,0.0,0.0,0.0
2021-01-27 00:00:00-05:00,353.05015999751345,353.14301984374345,345.4268398473695,347.65533447265625,123351100,0.0,0.0,0.0
2021-01-28 00:00:00-05:00,349.465966970764,354.6379514307327,349.0295795422171,350.6452331542969,94198100,0.0,0.0,0.0
2021-01-29 00:00:00-05:00,348.78814770996314,349.75383907984985,341.9540655846165,343.6254577636719,126765100,0.0,0.0,0.0
2021-02-01 00:00:00-05:00,347.0146573120808,350.37597423640665,343.91333096928156,349.3453063964844,75817600,0.0,0.0,0.0
2021-02-02 00:00:00-05:00,352.52090191367535,355.83580306474755,349.42887007201125,354.2851257324219,64450700,0.0,0.0,0.0
2021-02-03 00:00:00-05:00,355.11152644432576,356.2814981741382,353.2915924599428,354.5636901855469,52427100,0.0,0.0,0.0
2021-02-04 00:00:00-05:00,355.5944574086836,358.64007421526856,354.67520984213,358.5936584472656,47142600,0.0,0.0,0.0
2021-02-05 00:00:00-05:00,360.45994861198795,360.7106447040377,358.54715471512554,360.00494384765625,48669800,0.0,0.0,0.0
2021-02-08 00:00:00-05:00,361.45338648457397,362.65121310957915,360.59914406217075,362.60479736328125,38365200,0.0,0.0,0.0
2021-02-09 00:00:00-05:00,361.76912302259905,362.95768361802595,361.3605907389764,362.3634033203125,35551100,0.0,0.0,0.0
2021-02-10 00:00:00-05:00,364.09983025590975,364.24840035419544,359.8099713889872,362.2055969238281,59154400,0.0,0.0,0.0
2021-02-11 00:00:00-05:00,363.28265332168206,363.700508430255,360.3670470571915,362.79052734375,42913300,0.0,0.0,0.0
2021-02-12 00:00:00-05:00,361.9920022182859,364.82404318438233,361.9177030106144,364.5826416015625,50593300,0.0,0.0,0.0
2021-02-16 00:00:00-05:00,365.8083200461877,366.0033342269587,363.55197027023985,364.2669372558594,50972400,0.0,0.0,0.0
2021-02-17 00:00:00-05:00,362.52129645099154,364.6012209832248,361.5091609681263,364.35052490234375,52290600,0.0,0.0,0.0
2021-02-18 00:00:00-05:00,361.7506089186291,363.5426878534969,360.03280086210617,362.79986572265625,59712800,0.0,0.0,0.0
2021-02-19 00:00:00-05:00,364.05341301185115,364.34125872083973,361.71346939446187,362.1591796875,83241000,0.0,0.0,0.0
2021-02-22 00:00:00-05:00,359.4013902770424,361.7784550408201,359.1042500973584,359.37353515625,67414200,0.0,0.0,0.0
2021-02-23 00:00:00-05:00,357.1728812923066,361.15633342710237,353.0315929249602,359.8099365234375,107284100,0.0,0.0,0.0
2021-02-24 00:00:00-05:00,358.7235110381606,364.2019298681405,357.7392590796617,363.7747802734375,72433900,0.0,0.0,0.0
2021-02-25 00:00:00-05:00,362.51194007778116,363.87689740324714,353.57007967389603,355.0093078613281,146670500,0.0,0.0,0.0
2021-02-26 00:00:00-05:00,356.8850154751008,358.0271036542426,351.20234468696304,353.18011474609375,152701600,0.0,0.0,0.0
2021-03-01 00:00:00-05:00,358.0363693607086,362.9855121953321,353.37510050582176,361.7412414550781,105348800,0.0,0.0,0.0
2021-03-02 00:00:00-05:00,361.964195274004,362.19633073939394,358.41715856200267,358.9185791015625,79595300,0.0,0.0,0.0
2021-03-03 00:00:00-05:00,358.22205927444577,359.1877221021597,354.0621828506173,354.1643371582031,119940200,0.0,0.0,0.0
2021-03-04 00:00:00-05:00,353.9786447353223,356.5599893581393,345.30606922791776,349.7816467285156,183433000,0.0,0.0,0.0
2021-03-05 00:00:00-05:00,353.27297148908974,357.26571784913307,346.01179684391315,356.2164611816406,152039600,0.0,0.0,0.0
2021-03-08 00:00:00-05:00,357.1728161894063,359.97700162746855,354.16435046533684,354.4429016113281,123149200,0.0,0.0,0.0
2021-03-09 00:00:00-05:00,358.2778276525571,362.04770476168795,357.77640719038783,359.5035095214844,113633600,0.0,0.0,0.0
2021-03-10 00:00:00-05:00,361.8433957711477,363.43119404918576,360.43202267254077,361.7412414550781,109899400,0.0,0.0,0.0
2021-03-11 00:00:00-05:00,364.201964598063,367.3775617218999,363.7469598417814,365.4090576171875,86245000,0.0,0.0,0.0
2021-03-12 00:00:00-05:00,364.05339494438545,366.0404596864284,363.2455681020347,365.90118408203125,64653600,0.0,0.0,0.0
2021-03-15 00:00:00-04:00,366.15189953144346,368.34327305827475,364.01626458616573,368.0832824707031,73427200,0.0,0.0,0.0
2021-03-16 00:00:00-04:00,368.6960693202915,369.401741761804,366.84825201962127,367.61895751953125,73722500,0.0,0.0,0.0
2021-03-17 00:00:00-04:00,366.33759873657715,369.6710604301495,365.1954821103504,368.8725280761719,97959300,0.0,0.0,0.0
2021-03-18 00:00:00-04:00,366.291148848804,368.37107323916246,362.8276780230335,363.5055236816406,115349100,0.0,0.0,0.0
2021-03-19 00:00:00-04:00,363.20554373191754,364.7799210991891,360.662312193328,362.8329162597656,113624500,1.278,0.0,0.0
2021-03-22 00:00:00-04:00,363.34534370663016,367.1089472702704,363.2894509967949,365.7301940917969,73778600,0.0,0.0,0.0
2021-03-23 00:00:00-04:00,365.09671154896347,366.54065388487237,362.06906667782835,362.8515930175781,90686600,0.0,0.0,0.0
2021-03-24 00:00:00-04:00,364.2489071923662,365.8791772373448,360.9604207531097,361.0069885253906,97588600,0.0,0.0,0.0
2021-03-25 00:00:00-04:00,359.5724129695901,363.82972563036685,357.63470442840975,363.03790283203125,116128600,0.0,0.0,0.0
2021-03-26 00:00:00-04:00,364.18379370268866,369.2888795951097,363.5875952706098,368.8883056640625,114409100,0.0,0.0,0.0
2021-03-29 00:00:00-04:00,367.4162848468423,369.60551031662703,365.935071468474,368.7018737792969,108107600,0.0,0.0,0.0
2021-03-30 00:00:00-04:00,367.43499693096027,368.39452632963565,366.13075792489735,367.7237854003906,76262200,0.0,0.0,0.0
2021-03-31 00:00:00-04:00,368.2919754370403,370.76998933005086,368.26402908759354,369.2142333984375,112734200,0.0,0.0,0.0
2021-04-01 00:00:00-04:00,371.14265609357545,373.25736766767085,370.93770669938243,373.2014465332031,99682900,0.0,0.0,0.0
2021-04-05 00:00:00-04:00,375.8565200890422,379.0984396024881,375.7820059480064,378.55810546875,91684800,0.0,0.0,0.0
2021-04-06 00:00:00-04:00,377.9991469225459,379.3778716395841,377.66376224160524,378.3345031738281,62021000,0.0,0.0,0.0
2021-04-07 00:00:00-04:00,378.16684605543014,379.11705058317233,377.7103794337197,378.7723693847656,55836300,0.0,0.0,0.0
2021-04-08 00:00:00-04:00,380.02062094317336,380.62614416673193,379.08903800549706,380.57025146484375,57863100,0.0,0.0,0.0
2021-04-09 00:00:00-04:00,380.4492124791382,383.5048037222059,380.32810213483407,383.33709716796875,61104600,0.0,0.0,0.0
2021-04-12 00:00:00-04:00,382.74084817389485,383.7469452179368,382.13532496213276,383.476806640625,56704900,0.0,0.0,0.0
2021-04-13 00:00:00-04:00,383.37434940887186,385.2375154018544,382.9923969687516,384.61334228515625,56551000,0.0,0.0,0.0
2021-04-14 00:00:00-04:00,384.58536523914717,385.6380584899132,382.7594706720506,383.2998046875,61659900,0.0,0.0,0.0
2021-04-15 00:00:00-04:00,385.433112724498,387.687555926274,385.38654494981597,387.4173889160156,60229800,0.0,0.0,0.0
2021-04-16 00:00:00-04:00,388.70301638087244,389.3178645876654,387.28702042046496,388.71234130859375,82037300,0.0,0.0,0.0
2021-04-19 00:00:00-04:00,387.78079162080644,388.227933315343,385.4797802188034,386.8026123046875,78498500,0.0,0.0,0.0
2021-04-20 00:00:00-04:00,385.59155703811007,386.6908182521964,382.4986943815011,383.9706115722656,81851800,0.0,0.0,0.0
2021-04-21 00:00:00-04:00,383.3556830388797,387.80864810285476,383.21592286206607,387.60369873046875,66793000,0.0,0.0,0.0
2021-04-22 00:00:00-04:00,387.43601353904774,388.2651075101176,383.0016699793457,384.06365966796875,97582800,0.0,0.0,0.0
2021-04-23 00:00:00-04:00,384.6226532391619,389.6345741269456,384.54813911119874,388.2278747558594,73209200,0.0,0.0,0.0
2021-04-26 00:00:00-04:00,388.8800074072831,389.60664100563645,388.2931055721406,389.0383605957031,52182400,0.0,0.0,0.0
2021-04-27 00:00:00-04:00,389.3364201598553,389.5320730309627,387.81793554032805,388.9544677734375,51303100,0.0,0.0,0.0
2021-04-28 00:00:00-04:00,389.2247259133634,390.34263698563,388.3769818956655,388.8427734375,51238900,0.0,0.0,0.0
2021-04-29 00:00:00-04:00,391.56305202496617,391.9356796138736,387.94850471027235,391.3208312988281,78544300,0.0,0.0,0.0
2021-04-30 00:00:00-04:00,389.057011063111,389.90475500080083,387.8552610382918,388.74957275390625,85527000,0.0,0.0,0.0
2021-05-03 00:00:00-04:00,390.7338109557142,391.11576335825885,389.09424437535307,389.5879821777344,68128300,0.0,0.0,0.0
2021-05-04 00:00:00-04:00,387.6037024349062,388.0974402326931,383.5047433776642,387.1844787597656,101591200,0.0,0.0,0.0
2021-05-05 00:00:00-04:00,388.82414902597037,389.0570447951,386.74670853065714,387.3056640625,60162200,0.0,0.0,0.0
2021-05-06 00:00:00-04:00,387.38015025282107,390.52890537303807,385.3772524687335,390.39849853515625,74321400,0.0,0.0,0.0
2021-05-07 00:00:00-04:00,391.16239525650957,393.8919265936675,390.4823294392389,393.23980712890625,67733800,0.0,0.0,0.0
2021-05-10 00:00:00-04:00,393.59384166171475,393.81741249794896,389.22471484913274,389.3458251953125,81852400,0.0,0.0,0.0
2021-05-11 00:00:00-04:00,384.8369282355566,386.8584473474661,382.0049080638009,385.8709716796875,116888000,0.0,0.0,0.0
2021-05-12 00:00:00-04:00,383.0949159919616,384.3618553205323,376.3595601632733,377.673095703125,134811000,0.0,0.0,0.0
2021-05-13 00:00:00-04:00,379.21952621514686,384.13828367571983,379.17293000396353,382.20989990234375,106394000,0.0,0.0,0.0
2021-05-14 00:00:00-04:00,384.9394270681594,388.9266014154042,384.9114807136324,388.078857421875,82201600,0.0,0.0,0.0
2021-05-17 00:00:00-04:00,386.9703182241895,387.9019013257999,385.07917723544665,387.0914001464844,65129200,0.0,0.0,0.0
2021-05-18 00:00:00-04:00,387.3521831986254,387.59440386559174,383.597905008926,383.75628662109375,59810200,0.0,0.0,0.0
2021-05-19 00:00:00-04:00,379.0797117393857,382.92712508894346,377.5984699667049,382.7501220703125,106467100,0.0,0.0,0.0
2021-05-20 00:00:00-04:00,383.62581816312553,388.1253793888649,383.50473626977606,386.86773681640625,78022200,0.0,0.0,0.0
2021-05-21 00:00:00-04:00,388.3490042918943,389.5880256140857,386.0945893314259,386.5510559082031,76578700,0.0,0.0,0.0
2021-05-24 00:00:00-04:00,388.7868254622032,391.56295289159766,388.544604797389,390.49163818359375,51376700,0.0,0.0,0.0
2021-05-25 00:00:00-04:00,391.57227976579446,391.9262858634761,389.0476977323679,389.6252746582031,57451400,0.0,0.0,0.0
2021-05-26 00:00:00-04:00,390.21217056143115,390.90153289083105,389.1781270673312,390.39849853515625,43088600,0.0,0.0,0.0
2021-05-27 00:00:00-04:00,391.4232522007512,391.9356114927395,390.3239626244938,390.60345458984375,56707700,0.0,0.0,0.0
2021-05-28 00:00:00-04:00,392.16858112969004,392.42942328869543,391.0693197760005,391.3022155761719,58520200,0.0,0.0,0.0
2021-06-01 00:00:00-04:00,393.65898211112926,393.7987138563774,390.51955237272466,390.9573974609375,54216600,0.0,0.0,0.0
2021-06-02 00:00:00-04:00,391.60953690489885,392.4107130596126,390.6034397848831,391.572265625,49097100,0.0,0.0,0.0
2021-06-03 00:00:00-04:00,389.26191717934057,391.2554897851653,387.7993252155161,390.11895751953125,58138800,0.0,0.0,0.0
2021-06-04 00:00:00-04:00,391.9635773504691,393.985125124761,390.1842502722685,393.68701171875,55938800,0.0,0.0,0.0
2021-06-07 00:00:00-04:00,393.6776201553933,393.85462318339853,392.37340976192394,393.30499267578125,51555000,0.0,0.0,0.0
2021-06-08 00:00:00-04:00,394.1620257580678,394.2551897336642,391.5629299457471,393.3888244628906,47134300,0.0,0.0,0.0
2021-06-09 00:00:00-04:00,394.22723105049744,394.301773600504,392.57833960967673,392.8019104003906,48436300,0.0,0.0,0.0
2021-06-10 00:00:00-04:00,394.0223453765083,395.5781015257895,392.7088099094243,394.62786865234375,51020100,0.0,0.0,0.0
2021-06-11 00:00:00-04:00,395.1775688004502,395.39181472194224,393.89197955285624,395.280029296875,45570800,0.0,0.0,0.0
2021-06-14 00:00:00-04:00,395.3917787091995,396.26746903201445,394.1527857880061,396.1650085449219,42358500,0.0,0.0,0.0
2021-06-15 00:00:00-04:00,396.3140447697688,396.3512876197017,394.56266421460623,395.4383544921875,51508500,0.0,0.0,0.0
2021-06-16 00:00:00-04:00,395.5780452993392,395.8016160944157,391.19029786804174,393.2304382324219,80386100,0.0,0.0,0.0
2021-06-17 00:00:00-04:00,392.82060361942723,394.0782178856841,390.63137795315737,393.1000671386719,90949700,0.0,0.0,0.0
2021-06-18 00:00:00-04:00,389.82512979232945,390.5167474088944,387.5913771677302,387.7969970703125,118676300,1.376,0.0,0.0
2021-06-21 00:00:00-04:00,389.5540951870982,393.53563141151994,388.74097097735967,393.34869384765625,72822000,0.0,0.0,0.0
2021-06-22 00:00:00-04:00,393.33932268734105,396.28340358966534,392.6196388178262,395.4515686035156,57700300,0.0,0.0,0.0
2021-06-23 00:00:00-04:00,395.52640432656335,396.33017311106846,394.8908622379778,394.9749755859375,49445400,0.0,0.0,0.0
2021-06-24 00:00:00-04:00,397.115319978314,397.7321512462469,396.86295139148933,397.31158447265625,45110300,0.0,0.0,0.0
2021-06-25 00:00:00-04:00,398.05916806103676,399.1713807602741,397.7320416454971,398.7227478027344,58129500,0.0,0.0,0.0
2021-06-28 00:00:00-04:00,399.2462640059079,399.69486854958024,398.0499376849995,399.5266418457031,53159600,0.0,0.0,0.0
2021-06-29 00:00:00-04:00,399.9098343658785,400.5453764693619,399.2088612604478,399.7416076660156,35970500,0.0,0.0,0.0
2021-06-30 00:00:00-04:00,399.28365252537725,400.75102986074927,399.25561473972493,400.0780944824219,64827900,0.0,0.0,0.0
2021-07-01 00:00:00-04:00,400.83509959729395,402.4520211210759,400.7696685970019,402.2931213378906,53441000,0.0,0.0,0.0
2021-07-02 00:00:00-04:00,403.45209077508554,405.72323677808726,402.37724253484845,405.3680725097656,57697700,0.0,0.0,0.0
2021-07-06 00:00:00-04:00,405.4241415803903,405.6391169295271,401.9005937821132,404.62969970703125,68710400,0.0,0.0,0.0
2021-07-07 00:00:00-04:00,405.31199914635374,406.34009873848606,403.3025486160357,406.0596923828125,63549500,0.0,0.0,0.0
2021-07-08 00:00:00-04:00,400.75094475455643,403.5081166897468,399.57330096190816,402.7510681152344,97595200,0.0,0.0,0.0
2021-07-09 00:00:00-04:00,404.2558779418757,407.3495037546776,402.55484295981864,407.0504150390625,76238600,0.0,0.0,0.0
2021-07-12 00:00:00-04:00,406.9662573135737,408.76076088893643,406.5363351584208,408.5083923339844,52889600,0.0,0.0,0.0
2021-07-13 00:00:00-04:00,407.72328794262097,409.2187027689948,406.85408823599073,407.11578369140625,52911300,0.0,0.0,0.0
2021-07-14 00:00:00-04:00,408.8075027783235,409.29352904474496,406.48028123314407,407.72332763671875,64130400,0.0,0.0,0.0
2021-07-15 00:00:00-04:00,406.38679455738685,407.05972983900836,404.43341971053184,406.3307189941406,55126400,0.0,0.0,0.0
2021-07-16 00:00:00-04:00,407.5083229344722,407.5550430583768,402.7510563008199,403.1435852050781,75874700,0.0,0.0,0.0
2021-07-19 00:00:00-04:00,398.3303448309812,403.209119261047,394.3862012992217,397.1900939941406,147987000,0.0,0.0,0.0
2021-07-20 00:00:00-04:00,397.85360950811923,404.1530401378472,397.0591676686946,402.8819274902344,99608200,0.0,0.0,0.0
2021-07-21 00:00:00-04:00,404.0783031286955,406.2840467930264,402.8352566332123,406.1438293457031,64724400,0.0,0.0,0.0
2021-07-22 00:00:00-04:00,406.3213579405747,407.23730633204167,405.3400070746696,406.9942932128906,47878500,0.0,0.0,0.0
2021-07-23 00:00:00-04:00,408.9196992370157,411.51797198627247,408.2374369376335,411.1815185546875,63766600,0.0,0.0,0.0
2021-07-26 00:00:00-04:00,410.5926462837905,412.20021236866125,410.5459261537889,412.19085693359375,43719200,0.0,0.0,0.0
2021-07-27 00:00:00-04:00,411.1533566719681,411.18139444947093,407.489592116502,410.31219482421875,67397100,0.0,0.0,0.0
2021-07-28 00:00:00-04:00,410.93839316496434,411.51785959844165,408.72332311063053,410.1439514160156,52472400,0.0,0.0,0.0
2021-07-29 00:00:00-04:00,411.0693312306445,412.9198819868287,411.05997579525564,411.8450622558594,47435300,0.0,0.0,0.0
2021-07-30 00:00:00-04:00,409.28412555399376,411.29357581662805,409.1532635675781,409.84490966796875,68951200,0.0,0.0,0.0
2021-08-02 00:00:00-04:00,411.55528082300833,412.1067095157106,408.62988215553224,408.98504638671875,58783300,0.0,0.0,0.0
2021-08-03 00:00:00-04:00,409.7794757496443,412.43382344600275,407.59244339115173,412.31231689453125,58053900,0.0,0.0,0.0
2021-08-04 00:00:00-04:00,411.0318422374195,412.28424381294224,410.0504915209961,410.2841491699219,46732200,0.0,0.0,0.0
2021-08-05 00:00:00-04:00,411.4431375086628,412.96659014888616,411.12536648595767,412.8824768066406,38969700,0.0,0.0,0.0
2021-08-06 00:00:00-04:00,413.2002061526581,413.9852924570962,412.91979985078956,413.564697265625,46930000,0.0,0.0,0.0
2021-08-09 00:00:00-04:00,413.53674814277605,413.8545192015544,412.46192839518204,413.22833251953125,41222600,0.0,0.0,0.0
2021-08-10 00:00:00-04:00,413.6768480634151,414.45260745639985,412.99458596031207,413.7422790527344,43339300,0.0,0.0,0.0
2021-08-11 00:00:00-04:00,414.8077484339359,414.86382398659487,413.6861803354337,414.7703552246094,44034300,0.0,0.0,0.0
2021-08-12 00:00:00-04:00,414.6208676326382,416.1536756754447,413.7236301446858,416.0134582519531,38909400,0.0,0.0,0.0
2021-08-13 00:00:00-04:00,416.4620332334132,416.7891596382073,415.97603560403957,416.7704772949219,39470300,0.0,0.0,0.0
2021-08-16 00:00:00-04:00,415.47142121296486,417.8827560853764,413.91993068902,417.7519226074219,73740000,0.0,0.0,0.0
2021-08-17 00:00:00-04:00,415.2003672937734,415.87330259419554,412.03198379117543,415.0134582519531,92673900,0.0,0.0,0.0
2021-08-18 00:00:00-04:00,414.00406428357036,415.5649103189403,410.22817626839674,410.4711608886719,89351900,0.0,0.0,0.0
2021-08-19 00:00:00-04:00,407.75124723427143,412.30292183175635,407.61105836061705,411.1065673828125,92812200,0.0,0.0,0.0
2021-08-20 00:00:00-04:00,411.4524984131377,414.7049951138694,410.96647217681397,414.37786865234375,72008700,0.0,0.0,0.0
2021-08-23 00:00:00-04:00,416.06015823361497,418.9294809997778,414.4525924726287,418.02288818359375,54973000,0.0,0.0,0.0
2021-08-24 00:00:00-04:00,418.68658447265625,419.2193309044513,418.1725489124351,418.68658447265625,38744700,0.0,0.0,0.0
2021-08-25 00:00:00-04:00,418.87344589815075,420.07909894332823,418.4995708066867,419.5650634765625,40529700,0.0,0.0,0.0
2021-08-26 00:00:00-04:00,419.28461590754796,419.5182735553926,416.9947880722672,417.0882568359375,57829600,0.0,0.0,0.0
2021-08-27 00:00:00-04:00,417.89207569885787,421.1913209422029,417.8360001384459,420.8174743652344,77235100,0.0,0.0,0.0
2021-08-30 00:00:00-04:00,421.4904164695936,423.4531466839395,421.2474033554113,422.6680603027344,48357400,0.0,0.0,0.0
2021-08-31 00:00:00-04:00,422.57464706002395,422.91110047218524,421.4437517278113,422.0419006347656,59300200,0.0,0.0,0.0
2021-09-01 00:00:00-04:00,422.97644169749003,423.49047714229727,422.03245562039876,422.26611328125,48721400,0.0,0.0,0.0
2021-09-02 00:00:00-04:00,423.686814177093,424.36907636322894,422.3689814101181,423.5653076171875,42501000,0.0,0.0,0.0
2021-09-03 00:00:00-04:00,422.4344228744772,423.9765579301553,422.0325099688313,423.4624938964844,47170500,0.0,0.0,0.0
2021-09-07 00:00:00-04:00,423.1166832249812,423.2101520054819,421.27545948751975,421.9483947753906,51671500,0.0,0.0,0.0
2021-09-08 00:00:00-04:00,421.41573537498465,422.144746327745,419.518407287907,421.4344177246094,56181900,0.0,0.0,0.0
2021-09-09 00:00:00-04:00,421.2381203442714,422.98587540724486,419.3875410597101,419.63055419921875,57970400,0.0,0.0,0.0
2021-09-10 00:00:00-04:00,421.5558370150139,421.9764037145198,416.2003928599835,416.3218994140625,89948200,0.0,0.0,0.0
2021-09-13 00:00:00-04:00,419.3127250750678,419.57442052650157,415.07882068151736,417.3873596191406,83738600,0.0,0.0,0.0
2021-09-14 00:00:00-04:00,418.82672304337876,419.03234294728094,414.2470381175579,415.13494873046875,78197100,0.0,0.0,0.0
2021-09-15 00:00:00-04:00,415.55548138185304,419.09773958576324,414.4526240434599,418.6023864746094,78792200,0.0,0.0,0.0
2021-09-16 00:00:00-04:00,418.07903168064803,419.0510271190857,414.99473310868217,417.9388427734375,77786700,0.0,0.0,0.0
2021-09-17 00:00:00-04:00,417.168134146106,417.59004823430996,413.51137369740354,413.86767578125,118425000,1.428,0.0,0.0
2021-09-20 00:00:00-04:00,407.7543985068498,409.3296017705494,402.10987722418974,406.966796875,166445500,0.0,0.0,0.0
2021-09-21 00:00:00-04:00,409.30144322368784,410.59537031179264,406.05726871090457,406.58233642578125,92526100,0.0,0.0,0.0
2021-09-22 00:00:00-04:00,408.85136298150707,412.5831207202877,406.69483696311266,410.5484619140625,102350100,0.0,0.0,0.0
2021-09-23 00:00:00-04:00,412.41443344556274,417.14007227646357,412.18002715493935,415.5367126464844,76396000,0.0,0.0,0.0
2021-09-24 00:00:00-04:00,413.9051347076099,416.9336734105124,413.68947068134617,416.2210693359375,62094800,0.0,0.0,0.0
2021-09-27 00:00:00-04:00,415.1897452245322,416.35239112758217,414.33650299714867,415.0303649902344,61371100,0.0,0.0,0.0
2021-09-28 00:00:00-04:00,412.26433994291904,412.59251441684535,405.93537117136833,406.6667175292969,130436300,0.0,0.0,0.0
2021-09-29 00:00:00-04:00,408.045029638689,409.77964162679973,406.7886155612909,407.3511962890625,82329200,0.0,0.0,0.0
2021-09-30 00:00:00-04:00,408.8232729732289,409.5264917761639,402.0348766187246,402.3724365234375,140506000,0.0,0.0,0.0
2021-10-01 00:00:00-04:00,404.0976283486504,408.8326231008619,400.58153463739126,407.1542663574219,129240100,0.0,0.0,0.0
2021-10-04 00:00:00-04:00,405.9916262485337,406.89173823936943,399.7657824946463,401.9035949707031,128570000,0.0,0.0,0.0
2021-10-05 00:00:00-04:00,403.4037658375677,408.3262970264828,402.6068074886927,406.08538818359375,90682500,0.0,0.0,0.0
2021-10-06 00:00:00-04:00,402.49426854273986,407.97938044868795,400.8721956255004,407.7731018066406,113032200,0.0,0.0,0.0
2021-10-07 00:00:00-04:00,411.04549653422066,414.1302626252565,410.8673454695045,411.29864501953125,72437500,0.0,0.0,0.0
2021-10-08 00:00:00-04:00,412.06743842451107,412.45186810178103,409.92026919841044,410.5484619140625,74557400,0.0,0.0,0.0
2021-10-11 00:00:00-04:00,409.8921065328173,412.79874945849707,407.5105312643394,407.576171875,65233300,0.0,0.0,0.0
2021-10-12 00:00:00-04:00,408.4950853785661,408.89825725037673,405.7853354665387,406.57293701171875,71181200,0.0,0.0,0.0
2021-10-13 00:00:00-04:00,407.5949901170963,408.85140428938456,404.62273464026305,408.0356750488281,72974000,0.0,0.0,0.0
2021-10-14 00:00:00-04:00,411.69235787459854,415.0490712799511,411.2235453911505,414.8990478515625,70236800,0.0,0.0,0.0
2021-10-15 00:00:00-04:00,417.00876339160925,418.42458644967,416.38992739167634,418.05889892578125,66260200,0.0,0.0,0.0
2021-10-18 00:00:00-04:00,416.27732497087453,419.6340094982905,415.6209761000303,419.2964782714844,62213200,0.0,0.0,0.0
2021-10-19 00:00:00-04:00,420.9186558175996,422.59698407803893,420.30917663549167,422.5313720703125,46996800,0.0,0.0,0.0
2021-10-20 00:00:00-04:00,422.99069828398655,424.4909037495053,422.8781878815295,424.19085693359375,49571600,0.0,0.0,0.0
2021-10-21 00:00:00-04:00,423.5908483463569,425.5223536137635,423.1595488456662,425.2973327636719,41305400,0.0,0.0,0.0
2021-10-22 00:00:00-04:00,424.86601382430814,426.30996431243693,422.91573783259383,424.85662841796875,58845100,0.0,0.0,0.0
2021-10-25 00:00:00-04:00,425.9442668817109,427.4632147429343,424.17217058163135,427.1350402832031,45214500,0.0,0.0,0.0
2021-10-26 00:00:00-04:00,428.68217522735085,429.89169091412384,427.1444564431734,427.5195007324219,56075100,0.0,0.0,0.0
2021-10-27 00:00:00-04:00,427.9789361517596,428.6446418796485,425.55046225853243,425.62548828125,72438000,0.0,0.0,0.0
2021-10-28 00:00:00-04:00,427.05073806133873,429.80735826082883,427.04138126749586,429.73236083984375,51437900,0.0,0.0,0.0
2021-10-29 00:00:00-04:00,427.43510150597126,430.8949400235168,427.14444004690756,430.6042785644531,70162400,0.0,0.0,0.0
2021-11-01 00:00:00-04:00,431.5887642564896,431.96383713747196,429.61977470154915,431.3450012207031,48433600,0.0,0.0,0.0
2021-11-02 00:00:00-04:00,431.51381650455664,433.3984520764042,431.38253525829714,433.0890197753906,48908400,0.0,0.0,0.0
2021-11-03 00:00:00-04:00,432.5263728629684,436.1362346004919,432.0856879971298,435.7330627441406,52509800,0.0,0.0,0.0
2021-11-04 00:00:00-04:00,436.3331630823048,437.8708818410705,435.9862464051318,437.7864990234375,52847100,0.0,0.0,0.0
2021-11-05 00:00:00-04:00,440.00869977242445,441.2932415636286,437.7959183013962,439.30548095703125,66390600,0.0,0.0,0.0
2021-11-08 00:00:00-05:00,440.4024705143944,440.89941061596096,438.9960330253521,439.68048095703125,50405200,0.0,0.0,0.0
2021-11-09 00:00:00-05:00,440.0461369788913,440.28054321030675,436.8207049454919,438.2271423339844,51149100,0.0,0.0,0.0
2021-11-10 00:00:00-05:00,436.53936633806717,438.2271082413826,433.2201949615556,434.7016296386719,69429700,0.0,0.0,0.0
2021-11-11 00:00:00-05:00,436.1924978999976,436.2675239203641,434.8235734757579,434.8423156738281,34848500,0.0,0.0,0.0
2021-11-12 00:00:00-05:00,436.1081354103615,438.6772187538003,435.1611250038921,438.1240234375,53466700,0.0,0.0,0.0
2021-11-15 00:00:00-05:00,439.40868649591675,439.56806675569794,437.14900633520267,438.2741394042969,46980500,0.0,0.0,0.0
2021-11-16 00:00:00-05:00,438.01155150607127,441.14321584749956,437.93655408966225,440.0086975097656,48857500,0.0,0.0,0.0
2021-11-17 00:00:00-05:00,439.7461325975495,439.9242836397509,438.3209528739824,438.9397888183594,47858300,0.0,0.0,0.0
2021-11-18 00:00:00-05:00,439.97114731825366,440.69313688366196,437.25204053194824,440.43060302734375,50625600,0.0,0.0,0.0
2021-11-19 00:00:00-05:00,440.3180067810075,441.56506389702315,439.277256897484,439.6429443359375,57315600,0.0,0.0,0.0
2021-11-22 00:00:00-05:00,441.51828711942284,444.0029878555942,438.1990863283232,438.4053649902344,72762000,0.0,0.0,0.0
2021-11-23 00:00:00-05:00,438.0771054886185,439.83984487309516,435.47989482517465,438.9866027832031,73206500,0.0,0.0,0.0
2021-11-24 00:00:00-05:00,436.98945366666055,440.28052618496287,436.17372459112534,440.15863037109375,61858800,0.0,0.0,0.0
2021-11-26 00:00:00-05:00,433.5015889100639,434.9642817891199,429.21663530001194,430.341796875,112669600,0.0,0.0,0.0
2021-11-29 00:00:00-05:00,435.1236348523177,437.4583119148909,432.92959581507233,435.6205749511719,86268800,0.0,0.0,0.0
2021-11-30 00:00:00-05:00,433.18271599479897,435.0860934508205,426.9006175423312,427.1444091796875,148559600,0.0,0.0,0.0
2021-12-01 00:00:00-05:00,432.8452735236711,435.68627648871933,422.20322270380683,422.4001159667969,131939200,0.0,0.0,0.0
2021-12-02 00:00:00-05:00,422.6157168413784,430.43550572803196,422.22190176024696,428.8696594238281,127637800,0.0,0.0,0.0
2021-12-03 00:00:00-05:00,430.5292522904625,431.58874442702455,420.9185967447433,425.1379089355469,137331600,0.0,0.0,0.0
2021-12-06 00:00:00-05:00,427.6789484275413,432.04828489860165,425.26924501380654,430.17303466796875,98977500,0.0,0.0,0.0
2021-12-07 00:00:00-05:00,435.4424103932935,439.633595102183,430.0416814760553,439.0710144042969,95484700,0.0,0.0,0.0
2021-12-08 00:00:00-05:00,439.46481188962696,440.68371284123066,437.71142925167635,440.233642578125,72238800,0.0,0.0,0.0
2021-12-09 00:00:00-05:00,438.9491883572712,440.3368838174408,437.0645813487315,437.261474609375,61272600,0.0,0.0,0.0
2021-12-10 00:00:00-05:00,439.9617692478392,441.52758690349503,437.41142821807136,441.3775634765625,77159800,0.0,0.0,0.0
2021-12-13 00:00:00-05:00,440.86187964178026,441.20879629669554,437.1863772299923,437.4676818847656,87724700,0.0,0.0,0.0
2021-12-14 00:00:00-05:00,434.2048288045905,436.6895297380061,431.5419768029253,434.4579772949219,97264100,0.0,0.0,0.0
2021-12-15 00:00:00-05:00,434.51422720060384,441.49013147147207,432.0013702393154,441.2463684082031,116899300,0.0,0.0,0.0
2021-12-16 00:00:00-05:00,443.09342361388826,443.37469964954175,435.8080595359977,437.35516357421875,116568600,0.0,0.0,0.0
2021-12-17 00:00:00-05:00,434.28120719660683,437.2827414785998,430.9974086651927,432.7004699707031,135511600,1.633,0.0,0.0
2021-12-20 00:00:00-05:00,427.62887521925904,428.4945046145701,424.4862092214544,428.0993347167969,107134800,0.0,0.0,0.0
2021-12-21 00:00:00-05:00,431.5148641473523,435.8430974441347,429.3507618562461,435.70196533203125,69806300,0.0,0.0,0.0
2021-12-22 00:00:00-05:00,435.44794347232624,440.17134685592566,435.25032979357655,440.0584411621094,58890200,0.0,0.0,0.0
2021-12-23 00:00:00-05:00,441.0558940038796,444.29265848850883,440.9524066704167,442.7966003417969,56439700,0.0,0.0,0.0
2021-12-27 00:00:00-05:00,444.17028879957417,449.11011430535285,444.1232543282057,449.0630798339844,56808600,0.0,0.0,0.0
2021-12-28 00:00:00-05:00,449.4958623974338,450.52146074512336,447.9339332846144,448.6960754394531,47274600,0.0,0.0,0.0
2021-12-29 00:00:00-05:00,448.7996209971791,450.28626060152465,447.8022490075834,449.27008056640625,54503000,0.0,0.0,0.0
2021-12-30 00:00:00-05:00,449.6934008752194,450.7001910745442,447.5669435079559,448.0279846191406,55329000,0.0,0.0,0.0
2021-12-31 00:00:00-05:00,447.53874202831184,448.68663568101795,446.6260494189647,446.8988952636719,65237400,0.0,0.0,0.0
2022-01-03 00:00:00-05:00,448.15968997839184,449.61813159778876,445.8544557509341,449.48638916015625,72668200,0.0,0.0,0.0
2022-01-04 00:00:00-05:00,450.9072851460478,451.6223929028808,447.48232558918886,449.3359375,71178700,0.0,0.0,0.0
2022-01-05 00:00:00-05:00,448.9689713732978,449.7405319442751,440.61360498167255,440.70770263671875,104538900,0.0,0.0,0.0
2022-01-06 00:00:00-05:00,440.2466361867598,443.0035221624816,437.9319546066855,440.2936706542969,86858900,0.0,0.0,0.0
2022-01-07 00:00:00-05:00,440.3030723284207,441.479221117935,437.1980222953608,438.5529479980469,85111600,0.0,0.0,0.0
2022-01-10 00:00:00-05:00,435.3631917870125,438.2235646031571,429.6235806846066,438.0071716308594,119362000,0.0,0.0,0.0
2022-01-11 00:00:00-05:00,437.74373029781276,442.09077122122125,434.75158623525874,441.9966735839844,74303100,0.0,0.0,0.0
2022-01-12 00:00:00-05:00,443.72804221308974,445.2429369205549,441.2346123000405,443.19171142578125,67605400,0.0,0.0,0.0
2022-01-13 00:00:00-05:00,444.2926187440994,444.94185525916146,436.0595761258511,437.0851745605469,91173100,0.0,0.0,0.0
2022-01-14 00:00:00-05:00,433.9424425259686,437.6120209390258,432.7286489573756,437.2638854980469,95890900,0.0,0.0,0.0
2022-01-18 00:00:00-05:00,432.578128611285,432.7851319574491,428.4098639787604,429.5201416015625,109709100,0.0,0.0,0.0
2022-01-19 00:00:00-05:00,431.0632487949444,432.455790611051,424.7873060995941,425.0601806640625,109357600,0.0,0.0,0.0
2022-01-20 00:00:00-05:00,426.9420862438029,431.6372638548228,418.2385836592185,420.35565185546875,122379700,0.0,0.0,0.0
2022-01-21 00:00:00-05:00,419.2359139440063,421.58821170548157,412.0755333410702,412.103759765625,202271200,0.0,0.0,0.0
2022-01-24 00:00:00-05:00,406.5052754832323,414.36195566976323,395.90112761933347,413.8538513183594,251783900,0.0,0.0,0.0
2022-01-25 00:00:00-05:00,407.47441758472695,413.7409421509055,401.9135823339121,408.8011169433594,167997300,0.0,0.0,0.0
2022-01-26 00:00:00-05:00,414.6818862839636,417.80574473347866,403.5225703047687,407.7755432128906,186391100,0.0,0.0,0.0
2022-01-27 00:00:00-05:00,412.36723366568094,415.50048178403745,404.07773829561154,405.761962890625,149878300,0.0,0.0,0.0
2022-01-28 00:00:00-05:00,407.11686454826264,415.886237349482,402.54401155859085,415.8392028808594,164457400,0.0,0.0,0.0
2022-01-31 00:00:00-05:00,415.17116710249303,423.6770844746201,413.82565957531546,423.3289489746094,152251400,0.0,0.0,0.0
2022-02-01 00:00:00-05:00,424.053395889453,426.8291186076498,420.5343677869096,426.1893005371094,123155400,0.0,0.0,0.0
2022-02-02 00:00:00-05:00,428.5886396673794,431.05384305532795,426.2833764423959,430.329345703125,117361000,0.0,0.0,0.0
2022-02-03 00:00:00-05:00,424.30745056905977,426.2080966836343,419.3770152968473,420.2144470214844,118024400,0.0,0.0,0.0
2022-02-04 00:00:00-05:00,419.97923360740066,426.0293363499769,417.6080991681987,422.1903991699219,118454400,0.0,0.0,0.0
2022-02-07 00:00:00-05:00,422.95248633834746,424.3450280068108,419.50871953612705,420.8354187011719,84472900,0.0,0.0,0.0
2022-02-08 00:00:00-05:00,420.33680377789557,425.2201762493433,418.91600673505786,424.2980651855469,81012000,0.0,0.0,0.0
2022-02-09 00:00:00-05:00,428.32514818742595,430.82799617234946,428.1275632375704,430.5080871582031,92589900,0.0,0.0,0.0
2022-02-10 00:00:00-05:00,424.67441942143387,430.66806944150386,420.7790293131962,422.7737731933594,140103700,0.0,0.0,0.0
2022-02-11 00:00:00-05:00,422.85849404433793,424.92849902096657,413.0070690365457,414.437255859375,153214600,0.0,0.0,0.0
2022-02-14 00:00:00-05:00,413.9291255162954,415.5098626456239,409.6197001412661,413.082275390625,123006300,0.0,0.0,0.0
2022-02-15 00:00:00-05:00,417.51407522523783,419.91340763201026,416.99655245102997,419.7440490722656,88482700,0.0,0.0,0.0
2022-02-16 00:00:00-05:00,417.7021805621434,421.58818077331404,415.82976087005267,420.2144470214844,84863600,0.0,0.0,0.0
2022-02-17 00:00:00-05:00,417.034070383392,420.18615439880324,410.6358334354908,411.2380065917969,102259100,0.0,0.0,0.0
2022-02-18 00:00:00-05:00,411.49211293034836,412.74355133918664,406.30766852315804,408.5752868652344,132642900,0.0,0.0,0.0
2022-02-22 00:00:00-05:00,406.37352124987865,409.77022506154026,400.6997521061171,404.1905822753906,124391800,0.0,0.0,0.0
2022-02-23 00:00:00-05:00,407.0980794779474,407.6626367061376,396.45628627766916,397.0208435058594,132578000,0.0,0.0,0.0
2022-02-24 00:00:00-05:00,386.7365259239518,403.4284488931798,386.3790008159794,402.99560546875,213942900,0.0,0.0,0.0
2022-02-25 00:00:00-05:00,404.22817407311,411.9719473256861,402.5815659197891,411.88726806640625,121804500,0.0,0.0,0.0
2022-02-28 00:00:00-05:00,406.5053532384751,412.310837799765,405.2539432371121,410.8335876464844,145615000,0.0,0.0,0.0
2022-03-01 00:00:00-05:00,409.3374644946176,411.3416268267393,401.8759540045587,404.576416015625,137785900,0.0,0.0,0.0
2022-03-02 00:00:00-05:00,406.8251817399771,413.740942784039,406.0724579549326,412.0190734863281,117726500,0.0,0.0,0.0
2022-03-03 00:00:00-05:00,414.446680076633,415.04885343146157,408.17073639481583,409.9678955078125,105501700,0.0,0.0,0.0
2022-03-04 00:00:00-05:00,406.2418557535522,407.7661402300269,402.60050312317946,406.6370544433594,113978200,0.0,0.0,0.0
2022-03-07 00:00:00-05:00,406.0536235461076,406.7593128666358,394.5838174926232,394.6496887207031,137896600,0.0,0.0,0.0
2022-03-08 00:00:00-05:00,394.82851645161617,401.97008984857894,390.5943799836052,391.6576232910156,164772700,0.0,0.0,0.0
2022-03-09 00:00:00-05:00,400.02235763522094,404.134169484024,397.8394184443937,402.1582336425781,116990800,0.0,0.0,0.0
2022-03-10 00:00:00-05:00,397.55711352812676,401.2361105228519,395.6000145047704,400.3422546386719,93972700,0.0,0.0,0.0
2022-03-11 00:00:00-05:00,402.82627933719436,403.4378710075181,394.7437877372273,395.25189208984375,95636300,0.0,0.0,0.0
2022-03-14 00:00:00-04:00,396.0234704863825,399.46720926881693,391.22477713105775,392.36328125,95729200,0.0,0.0,0.0
2022-03-15 00:00:00-04:00,394.969610741959,401.62191584683524,393.6993928949382,400.99151611328125,106219100,0.0,0.0,0.0
2022-03-16 00:00:00-04:00,404.4918209284631,409.93972312579916,399.7025163128928,409.8832702636719,144954800,0.0,0.0,0.0
2022-03-17 00:00:00-04:00,407.9731146505722,415.0111999511719,407.5967527483876,415.0111999511719,102676900,0.0,0.0,0.0
2022-03-18 00:00:00-04:00,413.40286121868064,419.8776045343294,412.6666654946888,419.55670166015625,106345500,1.366,0.0,0.0
2022-03-21 00:00:00-04:00,419.3868421211315,421.3877829881189,415.9323761926658,419.4340515136719,88349800,0.0,0.0,0.0
2022-03-22 00:00:00-04:00,420.8214687288552,425.27640505720075,420.8214687288552,424.3420104980469,74650400,0.0,0.0,0.0
2022-03-23 00:00:00-04:00,421.81262323176287,423.3038815953197,418.7923159386595,418.87725830078125,79426100,0.0,0.0,0.0
2022-03-24 00:00:00-04:00,420.8969665486931,425.200884406194,419.7832397355188,425.1914367675781,64736900,0.0,0.0,0.0
2022-03-25 00:00:00-04:00,425.8238060374059,427.54160557531713,423.24710673053914,427.26788330078125,77101300,0.0,0.0,0.0
2022-03-28 00:00:00-04:00,426.6733001787727,430.3070983886719,424.7856157896072,430.3070983886719,68529800,0.0,0.0,0.0
2022-03-29 00:00:00-04:00,434.18629362949696,436.1211874892994,431.50578514438973,435.63037109375,86581500,0.0,0.0,0.0
2022-03-30 00:00:00-04:00,434.4883159212036,435.30003519309184,430.83565120715195,432.9404296875,79666900,0.0,0.0,0.0
2022-03-31 00:00:00-04:00,432.1758685328461,432.9970065427643,425.8238008960685,426.27685546875,121699900,0.0,0.0,0.0
2022-04-01 00:00:00-04:00,427.85312988784034,427.9947004651948,423.9173238184881,427.48504638671875,89048800,0.0,0.0,0.0
2022-04-04 00:00:00-04:00,427.68317979634264,431.25090181901925,426.86204176947047,431.1470642089844,59601000,0.0,0.0,0.0
2022-04-05 00:00:00-04:00,429.6558116325977,432.119225743506,424.5590699380688,425.70111083984375,74214500,0.0,0.0,0.0
2022-04-06 00:00:00-04:00,421.7936733149173,423.7190907497015,418.5657201739074,421.4444274902344,106898000,0.0,0.0,0.0
2022-04-07 00:00:00-04:00,420.5666126114327,425.3802132507673,418.62230012164184,423.5680236816406,78097200,0.0,0.0,0.0
2022-04-08 00:00:00-04:00,422.8129864370016,425.32361011547357,420.89698794603316,422.4354553222656,79272700,0.0,0.0,0.0
2022-04-11 00:00:00-04:00,419.16972953989875,420.0097628914947,414.7148221783834,415.2150573730469,89770500,0.0,0.0,0.0
2022-04-12 00:00:00-04:00,418.1975577653763,420.71762892299597,412.12865978994853,413.67657470703125,84363600,0.0,0.0,0.0
2022-04-13 00:00:00-04:00,413.4311571589825,419.16970449840653,413.25182485427155,418.4146423339844,74070400,0.0,0.0,0.0
2022-04-14 00:00:00-04:00,418.64119283709516,419.7549485147844,413.1008437773758,413.2046813964844,97869500,0.0,0.0,0.0
2022-04-18 00:00:00-04:00,412.2796514632989,415.0545494478205,411.14702946006696,413.37451171875,66002500,0.0,0.0,0.0
2022-04-19 00:00:00-04:00,413.27067735850744,420.7647857423862,413.10079269782085,420.0474853515625,77821000,0.0,0.0,0.0
2022-04-20 00:00:00-04:00,421.82193478222695,422.4354264021452,418.57511557097627,419.73602294921875,65224400,0.0,0.0,0.0
2022-04-21 00:00:00-04:00,423.3509483444846,424.7383973991878,412.55339229515056,413.45947265625,85417300,0.0,0.0,0.0
2022-04-22 00:00:00-04:00,412.37409241070765,413.4783716367902,401.5482213990768,402.1145324707031,132471800,0.0,0.0,0.0
2022-04-25 00:00:00-04:00,399.87760832355883,404.6156854519276,395.31883470061024,404.44580078125,119647700,0.0,0.0,0.0
2022-04-26 00:00:00-04:00,401.9162615672227,402.1144891433886,392.7043824228615,392.7326965332031,103996300,0.0,0.0,0.0
2022-04-27 00:00:00-04:00,393.80869150273776,399.169736833569,391.70394193167726,393.8370056152344,122030000,0.0,0.0,0.0
2022-04-28 00:00:00-04:00,398.57515732733924,405.5124037214935,394.1485348093446,403.78515625,105449100,0.0,0.0,0.0
2022-04-29 00:00:00-04:00,399.8021348013602,401.95409397695,388.11736315002133,388.8630065917969,145491100,0.0,0.0,0.0
2022-05-02 00:00:00-04:00,388.929072135393,392.56287045835074,382.2749671742883,391.2037353515625,158312500,0.0,0.0,0.0
2022-05-03 00:00:00-04:00,391.7039501067172,395.4037953011167,390.1465874755705,392.99700927734375,100028200,0.0,0.0,0.0
2022-05-04 00:00:00-04:00,393.65763595496884,405.53118526756083,390.47689280324255,404.9648742675781,144247900,0.0,0.0,0.0
2022-05-05 00:00:00-04:00,400.7082064100307,401.1329469341785,386.44676416954945,390.57135009765625,172929100,0.0,0.0,0.0
2022-05-06 00:00:00-04:00,388.01350785652954,391.50570647733946,382.9450801949944,388.2400207519531,151770800,0.0,0.0,0.0
2022-05-09 00:00:00-04:00,382.35045035687074,383.5868812355381,374.23340232623997,375.80963134765625,155586100,0.0,0.0,0.0
2022-05-10 00:00:00-04:00,381.7747515433738,383.27545730002635,372.64781289944233,376.6780090332031,132497200,0.0,0.0,0.0
2022-05-11 00:00:00-04:00,375.71521640762944,381.34995466803645,369.9483264327751,370.6939697265625,142361000,0.0,0.0,0.0
2022-05-12 00:00:00-04:00,367.5037946408941,373.57269244374504,363.5207798183708,370.3070068359375,125090800,0.0,0.0,0.0
2022-05-13 00:00:00-04:00,374.43164996045624,380.53831045425517,373.3934177273955,379.1603088378906,104174400,0.0,0.0,0.0
2022-05-16 00:00:00-04:00,377.51804786382434,381.2839693671578,375.27169861489534,377.6218566894531,78622400,0.0,0.0,0.0
2022-05-17 00:00:00-04:00,383.7001932426954,385.6256395203469,379.9720047899369,385.3896789550781,83029700,0.0,0.0,0.0
2022-05-18 00:00:00-04:00,380.84034133335325,381.12348248197793,368.6175728842904,369.85400390625,117674500,0.0,0.0,0.0
2022-05-19 00:00:00-04:00,366.7959211904098,372.0059481432004,365.3707103676318,367.5887451171875,98510700,0.0,0.0,0.0
2022-05-20 00:00:00-04:00,371.1659719805041,374.7336946022532,359.1697448163897,367.749267578125,131432200,0.0,0.0,0.0
2022-05-23 00:00:00-04:00,370.7695124155736,375.3943621595535,368.45711634736125,374.6298522949219,76414900,0.0,0.0,0.0
2022-05-24 00:00:00-04:00,370.5146628553773,372.9592105064328,365.2291411864955,371.7699890136719,91448800,0.0,0.0,0.0
2022-05-25 00:00:00-04:00,370.278726265349,377.01777330975807,369.8823286767236,375.0545654296875,91472900,0.0,0.0,0.0
2022-05-26 00:00:00-04:00,376.28151834129653,384.18147159869255,376.0738719405769,382.5486145019531,82168300,0.0,0.0,0.0
2022-05-27 00:00:00-04:00,385.0026351628093,392.0531368146943,384.80443638650837,391.93988037109375,84768700,0.0,0.0,0.0
2022-05-31 00:00:00-04:00,390.3259307298854,393.0725149914447,387.00361655148845,389.7407531738281,95937000,0.0,0.0,0.0
2022-06-01 00:00:00-04:00,391.8549734040455,392.8648626531449,384.07769419751776,386.58831787109375,86585800,0.0,0.0,0.0
2022-06-02 00:00:00-04:00,386.42789374965014,393.9974979722233,384.18154466114504,393.9503173828125,79609600,0.0,0.0,0.0
2022-06-03 00:00:00-04:00,389.24042605248593,390.78834072255836,386.5127377134241,387.4848937988281,71874300,0.0,0.0,0.0
2022-06-06 00:00:00-04:00,391.48681245747764,393.21403077110097,387.49435013390536,388.66473388671875,57508900,0.0,0.0,0.0
2022-06-07 00:00:00-04:00,385.18200495505744,392.84599895820924,384.7195026936411,392.3929443359375,59272400,0.0,0.0,0.0
2022-06-08 00:00:00-04:00,390.6845741806073,392.4684496696644,387.333946070098,388.12677001953125,64350000,0.0,0.0,0.0
2022-06-09 00:00:00-04:00,386.3523744576506,388.61759004588066,378.8960266113281,378.8960266113281,86289800,0.0,0.0,0.0
2022-06-10 00:00:00-04:00,372.7044332589276,373.55388552538324,367.86251789521714,367.9096984863281,132893900,0.0,0.0,0.0
2022-06-13 00:00:00-04:00,358.5184359528124,360.3683584476511,352.3362527688543,353.9407958984375,170004900,0.0,0.0,0.0
2022-06-14 00:00:00-04:00,355.68689685396777,356.71568127410126,349.7784361620524,352.8742370605469,104011800,0.0,0.0,0.0
2022-06-15 00:00:00-04:00,356.1682429235863,362.3409783554577,351.22251951050276,357.9049377441406,125666800,0.0,0.0,0.0
2022-06-16 00:00:00-04:00,349.70293778443306,350.1087829653544,343.63401132773026,346.0596923828125,134473300,0.0,0.0,0.0
2022-06-17 00:00:00-04:00,346.4739460122469,350.1423885814665,343.30789944734585,346.8056945800781,111113900,1.577,0.0,0.0
2022-06-21 00:00:00-04:00,352.52169557516805,356.9200257502837,352.44584583713896,355.53607177734375,76811900,0.0,0.0,0.0
2022-06-22 00:00:00-04:00,351.3178056312109,358.99595685720385,350.90071887328156,354.8914794921875,90059400,0.0,0.0,0.0
2022-06-23 00:00:00-04:00,357.0243321478926,359.1002487608876,353.46963484148904,358.370361328125,79292100,0.0,0.0,0.0
2022-06-24 00:00:00-04:00,361.53641078181903,369.7738317116263,361.5079743602973,369.76434326171875,98050300,0.0,0.0,0.0
2022-06-27 00:00:00-04:00,370.6838633295004,370.97771602411575,367.2618882407592,368.35198974609375,66009600,0.0,0.0,0.0
2022-06-28 00:00:00-04:00,369.9065529188097,372.68394948048416,360.71172428504013,360.8254699707031,86548900,0.0,0.0,0.0
2022-06-29 00:00:00-04:00,361.3752782573753,362.36109348225904,358.7116273894593,360.5316162109375,65676000,0.0,0.0,0.0
2022-06-30 00:00:00-04:00,356.64519222936855,360.83500878132185,353.1568557172421,357.60260009765625,112508300,0.0,0.0,0.0
2022-07-01 00:00:00-04:00,356.9484798436387,361.82079880218214,354.33221338787916,361.3847351074219,74839700,0.0,0.0,0.0
2022-07-05 00:00:00-04:00,356.30395395124316,362.0862681620961,353.47914368346136,362.0672912597656,81438000,0.0,0.0,0.0
2022-07-06 00:00:00-04:00,362.2094581257224,365.7736442291068,359.8302001680812,363.29010009765625,70426200,0.0,0.0,0.0
2022-07-07 00:00:00-04:00,365.0626968664323,369.52738892243804,363.3090402764563,368.73114013671875,64525900,0.0,0.0,0.0
2022-07-08 00:00:00-04:00,367.10068528955685,370.29519752923926,365.5745491503481,368.42779541015625,72397800,0.0,0.0,0.0
2022-07-11 00:00:00-04:00,365.7547105106273,366.7215778956689,363.5270941091934,364.2190856933594,58366900,0.0,0.0,0.0
2022-07-12 00:00:00-04:00,363.6692331147653,366.0485198112267,359.251925711996,360.99609375,62219200,0.0,0.0,0.0
2022-07-13 00:00:00-04:00,355.56459025701633,362.029407826538,355.1475033861952,359.1003112792969,84224600,0.0,0.0,0.0
2022-07-14 00:00:00-04:00,354.1521096552973,359.3087928722651,351.715979081912,358.2281799316406,89704800,0.0,0.0,0.0
2022-07-15 00:00:00-04:00,362.62649570213034,365.1858892356065,360.7211976903377,365.0721435546875,79060400,0.0,0.0,0.0
2022-07-18 00:00:00-04:00,368.1529146526756,368.82592927824663,360.83497625525047,362.05780029296875,63203600,0.0,0.0,0.0
2022-07-19 00:00:00-04:00,365.97264856832055,372.4090283274704,365.31861090466685,371.84027099609375,78506000,0.0,0.0,0.0
2022-07-20 00:00:00-04:00,372.02988023942527,375.62250240338216,370.6648741646818,374.2100830078125,71843800,0.0,0.0,0.0
2022-07-21 00:00:00-04:00,373.6319110568227,378.0681668690259,371.233676151968,378.0207824707031,64903900,0.0,0.0,0.0
2022-07-22 00:00:00-04:00,378.144036431228,379.33839525665286,372.2953607472214,374.51348876953125,72197300,0.0,0.0,0.0
2022-07-25 00:00:00-04:00,375.139002292695,375.82150523542174,372.7312795602707,374.9683837890625,53631500,0.0,0.0,0.0
2022-07-26 00:00:00-04:00,373.3285714235852,373.537114847819,369.64118001606494,370.5322265625,52946400,0.0,0.0,0.0
2022-07-27 00:00:00-04:00,373.8214115297532,381.8977018374365,373.52755888438156,380.1535339355469,82342100,0.0,0.0,0.0
2022-07-28 00:00:00-04:00,380.9593347805678,385.6135934950256,377.4140966164,384.921630859375,73966600,0.0,0.0,0.0
2022-07-29 00:00:00-04:00,386.3528761831323,391.5190471453721,385.5850639824012,390.533203125,87003700,0.0,0.0,0.0
2022-08-01 00:00:00-04:00,387.8411758992656,391.8793213752261,387.1302364241008,389.3768005371094,69997500,0.0,0.0,0.0
2022-08-02 00:00:00-04:00,387.8127450392465,391.4906766053588,385.63254218875403,386.8079528808594,63435400,0.0,0.0,0.0
2022-08-03 00:00:00-04:00,388.931285023342,394.0310955881913,388.6469207989162,392.86517333984375,67820600,0.0,0.0,0.0
2022-08-04 00:00:00-04:00,392.78929793981433,393.4718009620609,390.9598207163616,392.5997314453125,45656600,0.0,0.0,0.0
2022-08-05 00:00:00-04:00,388.3246175842232,392.5807659148732,388.26774474140564,391.9361877441406,56814900,0.0,0.0,0.0
2022-08-08 00:00:00-04:00,393.62353883393126,395.870103228986,390.3816416917654,391.4812316894531,53886100,0.0,0.0,0.0
2022-08-09 00:00:00-04:00,390.7512597952123,391.25365582181684,388.85542136603334,389.92657470703125,44931800,0.0,0.0,0.0
2022-08-10 00:00:00-04:00,396.96969430070163,398.25887975700465,395.0169826060676,398.1166687011719,68665700,0.0,0.0,0.0
2022-08-11 00:00:00-04:00,400.96042696654627,402.81836986156515,397.37729270930276,398.1166687011719,59489700,0.0,0.0,0.0
2022-08-12 00:00:00-04:00,400.0503354779772,404.96054995020353,399.10241628589347,404.8562927246094,61694500,0.0,0.0,0.0
2022-08-15 00:00:00-04:00,402.6477019536426,407.0460617331619,402.5908291054767,406.5246887207031,54048300,0.0,0.0,0.0
2022-08-16 00:00:00-04:00,405.45355110579476,409.24522847882577,404.64781387838514,407.3209533691406,59289000,0.0,0.0,0.0
2022-08-17 00:00:00-04:00,403.7283584655346,407.13138566830423,402.4297135053033,404.4298095703125,63563400,0.0,0.0,0.0
2022-08-18 00:00:00-04:00,404.628809463559,406.28766820146114,403.33965312992564,405.6051940917969,49023200,0.0,0.0,0.0
2022-08-19 00:00:00-04:00,402.8467196760706,403.1121358999802,399.2825341593999,400.1546325683594,68016900,0.0,0.0,0.0
2022-08-22 00:00:00-04:00,395.329701995395,395.5003494416631,390.92188337608326,391.8224182128906,77695600,0.0,0.0,0.0
2022-08-23 00:00:00-04:00,391.3959168557966,393.78469227238185,390.3247632987665,390.87457275390625,49105200,0.0,0.0,0.0
2022-08-24 00:00:00-04:00,390.6470127203874,393.49077064865355,389.96453858867704,392.12579345703125,49177800,0.0,0.0,0.0
2022-08-25 00:00:00-04:00,393.61404772211625,397.70906652826534,392.5239461830148,397.66168212890625,50942300,0.0,0.0,0.0
2022-08-26 00:00:00-04:00,397.5478603350803,398.088152311537,384.14426851779484,384.2011413574219,103087000,0.0,0.0,0.0
2022-08-29 00:00:00-04:00,381.25313774516417,384.70354880710715,380.3052184856568,381.6607360839844,65370800,0.0,0.0,0.0
2022-08-30 00:00:00-04:00,382.81716425809753,383.0541440516301,375.37599295553645,377.47088623046875,85652400,0.0,0.0,0.0
2022-08-31 00:00:00-04:00,379.10134082789193,380.3431127380741,374.46603071215685,374.5987243652344,76029700,0.0,0.0,0.0
2022-09-01 00:00:00-04:00,372.42798580847113,376.1153764284115,369.7264103214383,375.7741394042969,78740100,0.0,0.0,0.0
2022-09-02 00:00:00-04:00,379.4331384469464,380.64647400085363,370.0013297859772,371.8118591308594,99632100,0.0,0.0,0.0
2022-09-06 00:00:00-04:00,372.6555302445026,373.5939611226999,368.1908383071308,370.4089660644531,76637400,0.0,0.0,0.0
2022-09-07 00:00:00-04:00,370.0960816393788,377.83110568507885,369.8780787401788,377.06329345703125,70964200,0.0,0.0,0.0
2022-09-08 00:00:00-04:00,374.79784580059123,379.9829368756566,373.59396971166063,379.5279541015625,80821700,0.0,0.0,0.0
2022-09-09 00:00:00-04:00,381.7650275183075,386.28662130528346,381.49961125899546,385.42401123046875,76706900,0.0,0.0,0.0
2022-09-12 00:00:00-04:00,387.49049096842776,390.2868647682197,387.18714981782034,389.5664367675781,69256300,0.0,0.0,0.0
2022-09-13 00:00:00-04:00,380.90239200547273,382.10626800654813,371.5085373863549,372.6270751953125,122947100,0.0,0.0,0.0
2022-09-14 00:00:00-04:00,373.9257465690702,375.5656574561683,370.75021096587693,374.0489807128906,85023700,0.0,0.0,0.0
2022-09-15 00:00:00-04:00,372.4943332407687,375.3380909362644,368.53203779447915,369.80224609375,87633800,0.0,0.0,0.0
2022-09-16 00:00:00-04:00,365.62958149307445,367.6378936491365,363.69737257463,366.98114013671875,103084800,1.596,0.0,0.0
2022-09-19 00:00:00-04:00,363.84011191988435,369.8269958496094,363.7639505998914,369.8269958496094,73278500,0.0,0.0,0.0
2022-09-20 00:00:00-04:00,366.5051996914192,367.5141193905518,362.83121456949,365.5819396972656,77274900,0.0,0.0,0.0
2022-09-21 00:00:00-04:00,367.50452437829694,370.55033777024784,359.1952150060502,359.2047424316406,106746600,0.0,0.0,0.0
2022-09-22 00:00:00-04:00,358.4337649769324,360.0708846733697,355.44508694272207,356.1875,89472600,0.0,0.0,0.0
2022-09-23 00:00:00-04:00,352.722940486398,352.7610211494688,345.78424282582023,350.2196960449219,122346900,0.0,0.0,0.0
2022-09-26 00:00:00-04:00,348.75391014864755,352.3707890222306,345.5367765894628,346.7550964355469,92581200,0.0,0.0,0.0
2022-09-27 00:00:00-04:00,350.2862401271678,352.5515599107997,343.48078239742836,345.8698425292969,108294100,0.0,0.0,0.0
2022-09-28 00:00:00-04:00,346.82173847556913,354.36008362291216,345.1275119459914,352.6753845214844,110802200,0.0,0.0,0.0
2022-09-29 00:00:00-04:00,349.1346285560483,349.42016092257757,342.36725004597866,345.308349609375,112952300,0.0,0.0,0.0
2022-09-30 00:00:00-04:00,344.36593839141597,348.2779050009619,339.83532817642805,339.96856689453125,153711200,0.0,0.0,0.0
2022-10-03 00:00:00-04:00,343.6806881754969,350.7907337489844,341.90080218718504,348.9442138671875,89756500,0.0,0.0,0.0
2022-10-04 00:00:00-04:00,354.45525951637643,359.78541969158493,348.90620087696135,359.7568664550781,103602800,0.0,0.0,0.0
2022-10-05 00:00:00-04:00,355.3974984990643,361.1749817964111,353.0750722691506,358.919189453125,88065700,0.0,0.0,0.0
2022-10-06 00:00:00-04:00,357.52004633285617,360.4706728707626,354.7217133827097,355.2166748046875,82333500,0.0,0.0,0.0
2022-10-07 00:00:00-04:00,351.19054873616767,355.3023890964065,343.5474892236813,345.308349609375,107789500,0.0,0.0,0.0
2022-10-10 00:00:00-04:00,346.42192984075376,346.65988314467035,340.43504562807703,342.6717834472656,76042800,0.0,0.0,0.0
2022-10-11 00:00:00-04:00,340.9775545535183,345.5367479558779,338.56946829764377,340.50164794921875,92482800,0.0,0.0,0.0
2022-10-12 00:00:00-04:00,340.91091321016154,342.48139902682294,339.1309983011124,339.37847900390625,76991800,0.0,0.0,0.0
2022-10-13 00:00:00-04:00,332.3826842498608,349.8008834901985,331.3356839052994,348.3350830078125,147254500,0.0,0.0,0.0
2022-10-14 00:00:00-04:00,350.7907254903841,352.4183468938871,339.7592145462475,340.3969421386719,123737000,0.0,0.0,0.0
2022-10-17 00:00:00-04:00,346.46954168027236,350.24824134925336,340.06382821256403,349.1441345214844,93168200,0.0,0.0,0.0
2022-10-18 00:00:00-04:00,357.0536513093477,357.35823847132036,349.81033854515664,353.24639892578125,97162900,0.0,0.0,0.0
2022-10-19 00:00:00-04:00,351.2095432352664,353.93174409065676,347.93530350478727,350.7431640625,79746900,0.0,0.0,0.0
2022-10-20 00:00:00-04:00,350.29587038384494,354.71229832520663,347.040655905769,347.8021240234375,88283100,0.0,0.0,0.0
2022-10-21 00:00:00-04:00,347.5260110650035,356.7395553428867,346.0221590756883,356.254150390625,131038400,0.0,0.0,0.0
2022-10-24 00:00:00-04:00,357.7770190393889,361.74606316639574,355.13095089201244,360.6134033203125,85436900,0.0,0.0,0.0
2022-10-25 00:00:00-04:00,360.53735873384517,366.6860643599622,360.4231457883191,366.3719787597656,78846300,0.0,0.0,0.0
2022-10-26 00:00:00-04:00,363.2310053236107,368.903804746197,362.9740261765085,363.6117248535156,104087300,0.0,0.0,0.0
2022-10-27 00:00:00-04:00,364.61114368478263,366.4481364625134,361.0513420357324,361.6700439453125,81971800,0.0,0.0,0.0
2022-10-28 00:00:00-04:00,361.5652980348159,370.75029017440346,361.3844511918501,370.2743835449219,100302000,0.0,0.0,0.0
2022-10-31 00:00:00-04:00,367.81865891657014,369.6842044707059,366.69552642305183,367.5997314453125,96631300,0.0,0.0,0.0
2022-11-01 00:00:00-04:00,371.34039469961164,371.5783479860967,364.8204688405162,365.9911804199219,85407600,0.0,0.0,0.0
2022-11-02 00:00:00-04:00,365.4010855031739,369.90317244332704,356.7015278683844,356.80621337890625,126990400,0.0,0.0,0.0
2022-11-03 00:00:00-04:00,353.56999750398336,356.1684576069525,351.0191454820897,353.1321716308594,87100100,0.0,0.0,0.0
2022-11-04 00:00:00-04:00,358.8335775577456,360.61346359996287,352.170885136249,358.21490478515625,103505200,0.0,0.0,0.0
2022-11-07 00:00:00-05:00,359.50936758378657,362.23156853069116,357.43442171013305,361.6414489746094,68286900,0.0,0.0,0.0
2022-11-08 00:00:00-05:00,362.74546276276726,366.56224244323937,359.5188315812918,363.59259033203125,84641100,0.0,0.0,0.0
2022-11-09 00:00:00-05:00,361.62234147920316,362.77405623568103,355.60687575970667,356.1018371582031,78495500,0.0,0.0,0.0
2022-11-10 00:00:00-05:00,369.35108918360226,376.00428299719744,367.0572450041489,375.671142578125,141455800,0.0,0.0,0.0
2022-11-11 00:00:00-05:00,376.5277303971915,380.1065568499029,374.6431300540452,379.3070373535156,93839900,0.0,0.0,0.0
2022-11-14 00:00:00-05:00,377.5462448649226,380.89661702699635,375.80441036199727,376.0804443359375,71903500,0.0,0.0,0.0
2022-11-15 00:00:00-05:00,381.8199128900285,382.92401984243446,375.48083260383993,379.2880859375,93194500,0.0,0.0,0.0
2022-11-16 00:00:00-05:00,377.6604299906343,378.61224316456577,375.76633106956126,376.39453125,68508500,0.0,0.0,0.0
2022-11-17 00:00:00-05:00,371.6449453937852,375.91860608551974,371.34038726892305,375.2427978515625,74496300,0.0,0.0,0.0
2022-11-18 00:00:00-05:00,378.5741867367159,378.6408206344442,374.1006819611119,376.94659423828125,92922500,0.0,0.0,0.0
2022-11-21 00:00:00-05:00,375.62359686049797,376.746729530004,373.73899615884227,375.57598876953125,51243200,0.0,0.0,0.0
2022-11-22 00:00:00-05:00,377.51761716325757,380.7918564006526,376.10892338301994,380.6300354003906,60429000,0.0,0.0,0.0
2022-11-23 00:00:00-05:00,380.29692789864373,383.51406095455076,380.06850204043604,383.0286560058594,68261600,0.0,0.0,0.0
2022-11-25 00:00:00-05:00,382.4670560829331,383.4950305265415,382.191051189936,382.9429626464844,30545400,0.0,0.0,0.0
2022-11-28 00:00:00-05:00,379.8591259436192,381.4962458070925,376.0708989562592,376.8323669433594,67881600,0.0,0.0,0.0
2022-11-29 00:00:00-05:00,376.96558433179973,378.1553507626501,374.34809818392904,376.18511962890625,52310000,0.0,0.0,0.0
2022-11-30 00:00:00-05:00,376.4325522787015,388.03515625,374.51942770651925,388.03515625,144566700,0.0,0.0,0.0
2022-12-01 00:00:00-05:00,389.0726695441886,390.24341023181614,385.2463909544575,387.7496643066406,76398200,0.0,0.0,0.0
2022-12-02 00:00:00-05:00,382.8668240269508,388.20648163885994,382.7621385272809,387.3022766113281,85342700,0.0,0.0,0.0
2022-12-05 00:00:00-05:00,384.48494250767516,385.4177008262784,378.98346353454565,380.33502197265625,77289800,0.0,0.0,0.0
2022-12-06 00:00:00-05:00,380.1732617355015,380.7157732131678,372.76815579992063,374.85260009765625,77972200,0.0,0.0,0.0
2022-12-07 00:00:00-05:00,374.005504706076,376.57541212687585,373.0822446819997,374.21490478515625,65927900,0.0,0.0,0.0
2022-12-08 00:00:00-05:00,376.09948257287107,378.2124799961138,374.3195674856605,377.1464538574219,60737900,0.0,0.0,0.0
2022-12-09 00:00:00-05:00,375.90905369871786,378.45990573812827,374.2053001815389,374.32904052734375,81447700,0.0,0.0,0.0
2022-12-12 00:00:00-05:00,375.11908962319546,379.72589111328125,374.45283780553007,379.72589111328125,75405800,0.0,0.0,0.0
2022-12-13 00:00:00-05:00,390.45283160745686,390.7098107273862,379.8401197057134,382.6003723144531,123782500,0.0,0.0,0.0
2022-12-14 00:00:00-05:00,382.25764309363365,385.96020997530553,377.2130453095627,380.1541442871094,108111300,0.0,0.0,0.0
2022-12-15 00:00:00-05:00,375.2999935975968,376.2042279020718,369.19889556417144,370.85504150390625,117705900,0.0,0.0,0.0
2022-12-16 00:00:00-05:00,368.3029384387337,369.641590174743,364.3443519350762,366.47662353515625,119858000,1.781,0.0,0.0
2022-12-19 00:00:00-05:00,366.6678340994925,367.00250429400353,361.70523742151596,363.3689880371094,79878100,0.0,0.0,0.0
2022-12-20 00:00:00-05:00,362.6135820142311,365.4821333274918,361.2940437412651,363.8661804199219,74427200,0.0,0.0,0.0
2022-12-21 00:00:00-05:00,366.45747677877307,370.43520527298585,365.9220161334383,369.3069152832031,78167400,0.0,0.0,0.0
2022-12-22 00:00:00-05:00,366.2662563964438,369.28780122976565,358.3490543275083,364.0383605957031,100120900,0.0,0.0,0.0
2022-12-23 00:00:00-05:00,363.01521636298173,366.2758070046261,361.4662030943732,366.13238525390625,59857300,0.0,0.0,0.0
2022-12-27 00:00:00-05:00,366.01764723973866,366.3618594408892,363.0152157544233,364.68853759765625,51638200,0.0,0.0,0.0
2022-12-28 00:00:00-05:00,364.6215818081712,366.59134742365524,359.92674469166934,360.1562194824219,70911500,0.0,0.0,0.0
2022-12-29 00:00:00-05:00,362.9961017998292,367.5092910145083,362.47018314198056,366.63916015625,66970900,0.0,0.0,0.0
2022-12-30 00:00:00-05:00,363.961883087202,365.8168531569802,361.84869548769285,365.6734313964844,84022200,0.0,0.0,0.0
2023-01-03 00:00:00-05:00,367.52838265402187,369.4981190554035,361.2749320892196,364.1339416503906,74850700,0.0,0.0,0.0
2023-01-04 00:00:00-05:00,366.3905264117615,368.9722345195995,363.34986872415914,366.94512939453125,85934100,0.0,0.0,0.0
2023-01-05 00:00:00-05:00,364.9945163658359,365.1092537639918,362.16422021646383,362.7570495605469,76970500,0.0,0.0,0.0
2023-01-06 00:00:00-05:00,365.8455090657922,372.19458418736764,362.7857380848977,371.0758361816406,104189600,0.0,0.0,0.0
2023-01-09 00:00:00-05:00,373.2655401902277,376.44964922378716,370.6838609207569,370.8655090332031,73978100,0.0,0.0,0.0
2023-01-10 00:00:00-05:00,370.28231970090303,373.5333400416626,369.34524870968306,373.4664001464844,65358100,0.0,0.0,0.0
2023-01-11 00:00:00-05:00,375.0439955334967,378.26633038365287,374.2312334389066,378.1898193359375,68881100,0.0,0.0,0.0
2023-01-12 00:00:00-05:00,379.2895306207411,381.02976337180365,375.2257485082276,379.5668029785156,90157700,0.0,0.0,0.0
2023-01-13 00:00:00-05:00,376.37315440820146,381.6130534140989,376.10542404617286,381.0393371582031,63903900,0.0,0.0,0.0
2023-01-17 00:00:00-05:00,381.0202202604648,382.6935423019026,379.6624261074559,380.34130859375,62677300,0.0,0.0,0.0
2023-01-18 00:00:00-05:00,381.52697849057256,382.58832869980466,374.1356658339176,374.3364562988281,99632300,0.0,0.0,0.0
2023-01-19 00:00:00-05:00,372.2997525257694,373.94439001524745,370.29178966269103,371.611328125,86958900,0.0,0.0,0.0
2023-01-20 00:00:00-05:00,373.00740648744664,378.68714212069887,371.36276874212075,378.5341491699219,91806400,0.0,0.0,0.0
2023-01-23 00:00:00-05:00,379.3372757234957,385.0074392135379,378.3810918291715,383.0759582519531,84178800,0.0,0.0,0.0
2023-01-24 00:00:00-05:00,381.40265563212273,383.57318267652687,380.21699688122226,382.6648254394531,59524900,0.0,0.0,0.0
2023-01-25 00:00:00-05:00,378.6010242444025,383.1428977378186,376.31573073269413,382.8082275390625,84800300,0.0,0.0,0.0
2023-01-26 00:00:00-05:00,385.466459007332,387.1780365308271,382.5022827834098,387.0154724121094,72287400,0.0,0.0,0.0
2023-01-27 00:00:00-05:00,385.97318218490153,390.2760095744735,385.762820567528,387.9046630859375,68346200,0.0,0.0,0.0
2023-01-30 00:00:00-05:00,385.1509087422322,387.37883383343035,382.7413355345612,383.0377502441406,74202000,0.0,0.0,0.0
2023-01-31 00:00:00-05:00,383.5540875652921,388.717475261581,383.2098461559824,388.669677734375,86811800,0.0,0.0,0.0
2023-02-01 00:00:00-05:00,387.4552591361378,395.5445957142965,384.7205872650518,392.8003234863281,101459200,0.0,0.0,0.0
2023-02-02 00:00:00-05:00,396.6824246845757,399.98127069479483,394.78919930515946,398.518310546875,101654500,0.0,0.0,0.0
2023-02-03 00:00:00-05:00,393.55573107794413,398.7000051703591,393.0776391240828,394.2824401855469,94736800,0.0,0.0,0.0
2023-02-06 00:00:00-05:00,391.834637420615,393.2689133762878,390.2186841761235,391.87286376953125,60295300,0.0,0.0,0.0
2023-02-07 00:00:00-05:00,390.9548967397829,398.241013206568,389.7118693730586,396.99798583984375,90990700,0.0,0.0,0.0
2023-02-08 00:00:00-05:00,395.02826801613645,396.3669196696717,391.9684677962696,392.65692138671875,76227500,0.0,0.0,0.0
2023-02-09 00:00:00-05:00,396.2522033663381,396.4051963035193,388.0290153704697,389.2529296875,78694900,0.0,0.0,0.0
2023-02-10 00:00:00-05:00,388.0768126828916,390.5437836705012,387.2640796514173,390.16131591796875,70769700,0.0,0.0,0.0
2023-02-13 00:00:00-05:00,390.81149214644563,394.875273798094,390.3525133608386,394.74139404296875,64913500,0.0,0.0,0.0
2023-02-14 00:00:00-05:00,393.22104214899304,396.864100329501,390.6106788806823,394.5597229003906,88389300,0.0,0.0,0.0
2023-02-15 00:00:00-05:00,392.3700815999979,395.91751581058026,391.5286350725414,395.8410339355469,61555700,0.0,0.0,0.0
2023-02-16 00:00:00-05:00,390.8783796232902,394.81785216860595,390.25686599597043,390.3907165527344,76431500,0.0,0.0,0.0
2023-02-17 00:00:00-05:00,388.26800352329917,389.65448174842203,386.34606468801917,389.4154357910156,89257800,0.0,0.0,0.0
2023-02-21 00:00:00-05:00,385.39953691428894,386.4513451946088,381.34532592151567,381.6034851074219,82655900,0.0,0.0,0.0
2023-02-22 00:00:00-05:00,382.0145561334285,383.55402728513724,379.62409654042705,381.0775146484375,83742300,0.0,0.0,0.0
2023-02-23 00:00:00-05:00,383.9651432768238,384.57711488176614,378.88780991249257,383.1045837402344,96242400,0.0,0.0,0.0
2023-02-24 00:00:00-05:00,378.0942481460913,379.84405183245593,376.3922419822525,379.0121765136719,108194400,0.0,0.0,0.0
2023-02-27 00:00:00-05:00,382.3492579579314,383.7070519585176,379.365968807818,380.30303955078125,80444700,0.0,0.0,0.0
2023-02-28 00:00:00-05:00,379.82492994288907,381.78509520813367,378.7922350201957,378.8974304199219,96438600,0.0,0.0,0.0
2023-03-01 00:00:00-05:00,378.08465625730815,379.3085704071732,376.14360422634064,377.4440002441406,99706800,0.0,0.0,0.0
2023-03-02 00:00:00-05:00,375.4743186281051,381.2209936912257,375.1396483986959,380.3795471191406,85127800,0.0,0.0,0.0
2023-03-03 00:00:00-05:00,382.1962660076362,386.7285976253681,381.54606794616154,386.47998046875,90120000,0.0,0.0,0.0
2023-03-06 00:00:00-05:00,387.3022850157021,389.59714976739536,386.3078747490803,386.7477111816406,72795900,0.0,0.0,0.0
2023-03-07 00:00:00-05:00,386.699921017692,386.93896700217493,380.20742390861926,380.8193664550781,108310600,0.0,0.0,0.0
2023-03-08 00:00:00-05:00,380.9341111603913,382.19625170885286,379.212962662717,381.4408874511719,74746600,0.0,0.0,0.0
2023-03-09 00:00:00-05:00,382.2249589763906,383.88873887527785,373.41851305631604,374.40338134765625,111945300,0.0,0.0,0.0
2023-03-10 00:00:00-05:00,373.8584094364072,375.93334175900225,367.4806778728338,369.0010070800781,189253000,0.0,0.0,0.0
2023-03-13 00:00:00-04:00,365.08059523708437,373.28466995051247,363.97141834242984,368.47503662109375,157790000,0.0,0.0,0.0
2023-03-14 00:00:00-04:00,373.38977088173,376.2105247410941,370.09092512623045,374.5658874511719,149752400,0.0,0.0,0.0
2023-03-15 00:00:00-04:00,368.9818486133687,372.42408758364206,366.8973453679593,372.2232971191406,172996900,0.0,0.0,0.0
2023-03-16 00:00:00-04:00,369.8710404113854,379.0982086417623,369.3642641428275,378.75396728515625,143254200,0.0,0.0,0.0
2023-03-17 00:00:00-04:00,377.4256197444262,378.55821591341066,372.94318572096427,374.3253479003906,140553400,1.506,0.0,0.0
2023-03-20 00:00:00-04:00,375.10277090610924,378.33743311980123,374.4021114765073,377.9246826171875,93055800,0.0,0.0,0.0
2023-03-21 00:00:00-04:00,381.28408976671983,383.3669404738883,379.6907633119906,382.88702392578125,91524200,0.0,0.0,0.0
2023-03-22 00:00:00-04:00,382.71431965042825,386.3232727268631,376.3218267349629,376.3601989746094,111746600,0.0,0.0,0.0
2023-03-23 00:00:00-04:00,379.2204571484992,383.25176789780386,374.6708576136584,377.3775939941406,119351300,0.0,0.0,0.0
2023-03-24 00:00:00-04:00,376.10105243097433,379.94038538264834,373.7590569871103,379.85400390625,107682400,0.0,0.0,0.0
2023-03-27 00:00:00-04:00,382.12883352250185,382.8967177472465,379.671662586895,380.5643005371094,74010400,0.0,0.0,0.0
2023-03-28 00:00:00-04:00,379.8731772141997,380.5642582938647,377.8767370350477,379.71002197265625,62871700,0.0,0.0,0.0
2023-03-29 00:00:00-04:00,383.8660888939379,385.4690232440617,382.6662973806607,385.22906494140625,77497900,0.0,0.0,0.0
2023-03-30 00:00:00-04:00,387.8589693504225,388.1085353397573,385.6225710265115,387.4846496582031,69840000,0.0,0.0,0.0
2023-03-31 00:00:00-04:00,388.4060544634671,393.24362134845586,388.30045759381215,392.9460754394531,112062600,0.0,0.0,0.0
2023-04-03 00:00:00-04:00,392.42779542260035,394.84656445369103,392.03426030988214,394.4434509277344,67391100,0.0,0.0,0.0
2023-04-04 00:00:00-04:00,395.08655642138893,395.37452397054454,390.88248211307797,392.25506591796875,66601500,0.0,0.0,0.0
2023-04-05 00:00:00-04:00,391.5255732993779,392.28384974684195,389.57711302940226,391.22802734375,65200200,0.0,0.0,0.0
2023-04-06 00:00:00-04:00,390.4313411526847,393.0325102209904,389.3851264771968,392.754150390625,63743300,0.0,0.0,0.0
2023-04-10 00:00:00-04:00,390.2778181115092,393.2341211854021,389.6635400091113,393.1573181152344,63681000,0.0,0.0,0.0
2023-04-11 00:00:00-04:00,393.78116601430696,394.6641961280183,392.4949930804865,393.2628479003906,59297900,0.0,0.0,0.0
2023-04-12 00:00:00-04:00,395.32654344418415,395.6145110142537,391.0744888814298,391.65997314453125,86420400,0.0,0.0,0.0
2023-04-13 00:00:00-04:00,392.7445509263928,397.21737725795947,391.60234704835096,396.86224365234375,85814800,0.0,0.0,0.0
2023-04-14 00:00:00-04:00,396.22870868146754,398.41712702758065,393.5891675964206,395.89276123046875,78161500,0.0,0.0,0.0
2023-04-17 00:00:00-04:00,395.80643975007484,397.3325711300684,394.5778543396015,397.3133850097656,66436400,0.0,0.0,0.0
2023-04-18 00:00:00-04:00,398.8874765900454,399.0218673008723,396.1999552913603,397.572509765625,63560000,0.0,0.0,0.0
2023-04-19 00:00:00-04:00,395.66241754419593,398.4075262603893,395.60482989922565,397.50531005859375,55227300,0.0,0.0,0.0
2023-04-20 00:00:00-04:00,394.69301944461137,397.08302413683805,393.79077385332334,395.33612060546875,75840400,0.0,0.0,0.0
2023-04-21 00:00:00-04:00,395.63361128968654,396.10392013942635,393.6947589557848,395.6432189941406,73457400,0.0,0.0,0.0
2023-04-24 00:00:00-04:00,395.44166194381876,396.4782981802782,394.1075090570705,396.05596923828125,64332100,0.0,0.0,0.0
2023-04-25 00:00:00-04:00,394.088292257947,394.6450119030647,389.7114553215701,389.76904296875,97766700,0.0,0.0,0.0
2023-04-26 00:00:00-04:00,390.3833857943013,391.4583943618871,387.56147365849546,388.1181640625,80447000,0.0,0.0,0.0
2023-04-27 00:00:00-04:00,390.65211692803183,396.11357024267807,390.40255091976803,395.8448181152344,92968400,0.0,0.0,0.0
2023-04-28 00:00:00-04:00,394.9617272106124,399.2329963765921,394.904139565875,399.223388671875,89433100,0.0,0.0,0.0
2023-05-01 00:00:00-04:00,398.7819109693187,400.8455465437123,398.58993260769745,398.8203125,62122300,0.0,0.0,0.0
2023-05-02 00:00:00-04:00,398.11008990283216,398.1580991480429,391.43926532897416,394.33795166015625,103998500,0.0,0.0,0.0
2023-05-03 00:00:00-04:00,394.83694265774216,397.2461331896153,391.3911452329056,391.631103515625,91531800,0.0,0.0,0.0
2023-05-04 00:00:00-04:00,390.58489620304397,390.91123595861524,387.52302611509293,388.8572082519531,94901900,0.0,0.0,0.0
2023-05-05 00:00:00-04:00,392.48538864162396,397.1021838881152,392.22624422840113,396.05596923828125,87891800,0.0,0.0,0.0
2023-05-08 00:00:00-04:00,396.3823322476967,396.64147667611564,394.76021173712985,396.16156005859375,50046800,0.0,0.0,0.0
2023-05-09 00:00:00-04:00,394.616172665633,395.53760420625383,394.19384377372745,394.4241943359375,49220100,0.0,0.0,0.0
2023-05-10 00:00:00-04:00,397.25577792419296,397.88927136463667,392.44700411687967,396.26715087890625,96142900,0.0,0.0,0.0
2023-05-11 00:00:00-04:00,395.40334787228096,395.86404911911495,393.5028673537258,395.57611083984375,70157100,0.0,0.0,0.0
2023-05-12 00:00:00-04:00,396.8142503993596,397.0254148728848,392.63897016343816,395.0577392578125,70481500,0.0,0.0,0.0
2023-05-15 00:00:00-04:00,395.66249982833955,396.8238899658133,393.7524408587719,396.4207763671875,54289400,0.0,0.0,0.0
2023-05-16 00:00:00-04:00,395.31692397910456,396.2383850257728,393.7619987390595,393.7716064453125,57705500,0.0,0.0,0.0
2023-05-17 00:00:00-04:00,395.78721992832476,399.1562144912637,394.14591338269895,398.5515441894531,87287000,0.0,0.0,0.0
2023-05-18 00:00:00-04:00,398.23477512417634,402.8131980774416,398.01403224251106,402.390869140625,97177200,0.0,0.0,0.0
2023-05-19 00:00:00-04:00,403.29311788250186,403.82101441184767,400.58638129995114,401.80535888671875,103793300,0.0,0.0,0.0
2023-05-22 00:00:00-04:00,401.8245977682805,403.50430592203884,400.58640469895295,401.96856689453125,60745400,0.0,0.0,0.0
2023-05-23 00:00:00-04:00,400.32722839371974,401.9013689419868,397.0638012887145,397.45733642578125,86383500,0.0,0.0,0.0
2023-05-24 00:00:00-04:00,395.8543837451471,396.2383111304324,393.41639944632345,394.5777893066406,89213700,0.0,0.0,0.0
2023-05-25 00:00:00-04:00,398.0812545290906,399.44423070710803,395.84485582251955,397.994873046875,90961600,0.0,0.0,0.0
2023-05-26 00:00:00-04:00,398.64748907245814,403.8689837488059,398.57071530888675,403.14910888671875,93830000,0.0,0.0,0.0
2023-05-30 00:00:00-04:00,405.0783704702366,405.60626696953454,401.9205113036728,403.30267333984375,72216000,0.0,0.0,0.0
2023-05-31 00:00:00-04:00,401.4790359496369,402.3812815149699,399.50178187032054,401.0663146972656,110811800,0.0,0.0,0.0
2023-06-01 00:00:00-04:00,401.29661257093727,405.9326227931181,400.0488412722422,404.8768005371094,88865000,0.0,0.0,0.0
2023-06-02 00:00:00-04:00,407.4491692853337,411.51885243910056,406.92127277329087,410.7318115234375,91426200,0.0,0.0,0.0
2023-06-05 00:00:00-04:00,411.0774205267335,412.36359368369943,409.24413533747776,409.94482421875,65460200,0.0,0.0,0.0
2023-06-06 00:00:00-04:00,409.53204325524,411.3652988856477,408.8793344192004,410.83740234375,64022200,0.0,0.0,0.0
2023-06-07 00:00:00-04:00,411.2309077542299,412.36350381538136,408.99448016231673,409.41680908203125,85373300,0.0,0.0,0.0
2023-06-08 00:00:00-04:00,409.48405866767195,412.34437231335727,408.71620378018724,411.89324951171875,61952800,0.0,0.0,0.0
2023-06-09 00:00:00-04:00,412.6898813507892,414.63834160760314,411.64366666036057,412.6322937011719,85742800,0.0,0.0,0.0
2023-06-12 00:00:00-04:00,413.6113761039967,416.45247445367045,412.89150113320926,416.37567138671875,76104300,0.0,0.0,0.0
2023-06-13 00:00:00-04:00,417.8345546921649,419.76379931662035,417.1722675057486,419.1207275390625,95899700,0.0,0.0,0.0
2023-06-14 00:00:00-04:00,419.45674831132544,421.42439480568777,416.1741056268984,419.6199035644531,100612100,0.0,0.0,0.0
2023-06-15 00:00:00-04:00,418.8040313332803,426.06997610483035,418.7080714411939,424.82220458984375,110303100,0.0,0.0,0.0
2023-06-16 00:00:00-04:00,426.804818584776,427.37322020593024,422.9030661850773,423.3751220703125,114165800,1.638,0.0,0.0
2023-06-20 00:00:00-04:00,421.4387558395076,422.32506614292663,419.1073181445954,421.1786193847656,76160400,0.0,0.0,0.0
2023-06-21 00:00:00-04:00,420.19591625792975,420.9955241203809,418.43288044222425,419.02056884765625,76982300,0.0,0.0,0.0
2023-06-22 00:00:00-04:00,418.0668439684426,420.6391018260277,417.72964857046975,420.53314208984375,70637200,0.0,0.0,0.0
2023-06-23 00:00:00-04:00,417.0841314152319,419.13617505158805,416.6409763099136,417.3538818359375,92074500,0.0,0.0,0.0
2023-06-26 00:00:00-04:00,416.7855154988048,418.7026693868189,415.40786249787595,415.6487121582031,72823600,0.0,0.0,0.0
2023-06-27 00:00:00-04:00,416.5253768197751,420.82212620155866,416.0725783167209,420.20556640625,72813700,0.0,0.0,0.0
2023-06-28 00:00:00-04:00,419.1265614695,421.4290983033547,418.5100016357142,420.41754150390625,75636000,0.0,0.0,0.0
2023-06-29 00:00:00-04:00,420.00325329466176,422.2383451446893,419.5986423394109,422.0745544433594,67882300,0.0,0.0,0.0
2023-06-30 00:00:00-04:00,425.28264809004037,428.0379537648419,424.9647101118157,427.0552978515625,104964000,0.0,0.0,0.0
2023-07-03 00:00:00-04:00,426.70850932168867,427.82602579498047,426.4291155030701,427.5466613769531,32793400,0.0,0.0,0.0
2023-07-05 00:00:00-04:00,425.7354497315169,427.6429894132442,425.7258063379871,426.9107971191406,58418400,0.0,0.0,0.0
2023-07-06 00:00:00-04:00,423.3366343156822,423.991738320798,421.06299828536083,423.5678405761719,80658300,0.0,0.0,0.0
2023-07-07 00:00:00-04:00,422.57550143257924,426.43873894163033,422.25756345371417,422.4984130859375,86134200,0.0,0.0,0.0
2023-07-10 00:00:00-04:00,422.1420000351028,423.7412452715391,421.57359837767063,423.5678405761719,62443500,0.0,0.0,0.0
2023-07-11 00:00:00-04:00,424.32890870557475,426.7566624993896,423.3558667490492,426.26531982421875,64463800,0.0,0.0,0.0
2023-07-12 00:00:00-04:00,430.0515200243212,431.1016209821125,428.62567949600117,429.6950378417969,91924500,0.0,0.0,0.0
2023-07-13 00:00:00-04:00,431.5061627491208,433.89540150524687,431.0726510840857,433.10540771484375,72425200,0.0,0.0,0.0
2023-07-14 00:00:00-04:00,433.9918445617416,434.83961069702235,432.07466121110787,432.83575439453125,69815800,0.0,0.0,0.0
2023-07-17 00:00:00-04:00,432.6911588627437,435.3886628143162,432.64297129896573,434.33856201171875,52680200,0.0,0.0,0.0
2023-07-18 00:00:00-04:00,434.01109662916457,438.2115006773749,433.5775554716282,437.5660400390625,80668200,0.0,0.0,0.0
2023-07-19 00:00:00-04:00,438.35601441060516,439.724023983291,437.48893213427476,438.5390625,65891700,0.0,0.0,0.0
2023-07-20 00:00:00-04:00,437.5467608684042,438.44271452207744,434.91667207150675,435.62957763671875,70591600,0.0,0.0,0.0
2023-07-21 00:00:00-04:00,437.3444259913096,437.5467608684042,435.61996364299455,435.62957763671875,71275600,0.0,0.0,0.0
2023-07-24 00:00:00-04:00,436.77604624077406,438.3849349409323,435.7452026173443,437.57568359375,54023400,0.0,0.0,0.0
2023-07-25 00:00:00-04:00,437.3059387900186,440.0227007047043,437.2577512159894,438.7702941894531,55191200,0.0,0.0,0.0
2023-07-26 00:00:00-04:00,437.8357951870991,440.26354925381463,436.78569416377627,438.8377380371094,71052900,0.0,0.0,0.0
2023-07-27 00:00:00-04:00,442.2192452897237,442.62388566589414,435.0226560753175,435.9282531738281,92194400,0.0,0.0,0.0
2023-07-28 00:00:00-04:00,439.1941631701477,441.0246146496096,435.92822776892785,440.19610595703125,80011800,0.0,0.0,0.0
2023-07-31 00:00:00-04:00,440.6681750532694,441.39072403261815,439.35793761574195,441.0342712402344,62040400,0.0,0.0,0.0
2023-08-01 00:00:00-04:00,439.56991241987384,440.51405372612544,438.81846261305157,439.7722473144531,55291500,0.0,0.0,0.0
2023-08-02 00:00:00-04:00,436.6604623365917,436.92056940230765,432.903213273274,433.6546630859375,93933400,0.0,0.0,0.0
2023-08-03 00:00:00-04:00,431.64115804128886,434.29050444334024,430.9956679816183,432.411865234375,64276100,0.0,0.0,0.0
2023-08-04 00:00:00-04:00,434.2230692550645,436.32327139401457,429.9359332204392,430.4561767578125,100128900,0.0,0.0,0.0
2023-08-07 00:00:00-04:00,432.28655130575453,434.3674956833761,431.5929031798807,434.2133483886719,58357500,0.0,0.0,0.0
2023-08-08 00:00:00-04:00,431.6795833163524,434.20371206163696,428.97243590614755,432.3250732421875,71361300,0.0,0.0,0.0
2023-08-09 00:00:00-04:00,432.59488283321724,432.7586735355105,428.6738433785323,429.4349365234375,78789600,0.0,0.0,0.0
2023-08-10 00:00:00-04:00,431.7855978075418,435.1671361209915,428.4233462814403,429.58905029296875,93005500,0.0,0.0,0.0
2023-08-11 00:00:00-04:00,427.7200594884635,430.3501481391964,427.1227570858758,429.33856201171875,68690900,0.0,0.0,0.0
2023-08-14 00:00:00-04:00,428.4233935882657,431.70855712890625,428.11509896255956,431.70855712890625,47867400,0.0,0.0,0.0
2023-08-15 00:00:00-04:00,429.9358583347008,430.29234049304716,426.1111649328765,426.6795959472656,75707500,0.0,0.0,0.0
2023-08-16 00:00:00-04:00,426.26534575201464,427.9223925566891,423.44259484772283,423.548583984375,80107200,0.0,0.0,0.0
2023-08-17 00:00:00-04:00,425.01294414487614,425.27305119137833,419.8009540161682,420.3211975097656,95711300,0.0,0.0,0.0
2023-08-18 00:00:00-04:00,417.50808644271694,421.55437270930423,417.1612770258868,420.5235290527344,98852000,0.0,0.0,0.0
2023-08-21 00:00:00-04:00,421.53502982303786,424.0013277942752,419.38666984217986,423.259521484375,68719000,0.0,0.0,0.0
2023-08-22 00:00:00-04:00,425.0321947779214,425.0321947779214,421.55433988295033,422.11309814453125,64994200,0.0,0.0,0.0
2023-08-23 00:00:00-04:00,423.17280782729074,427.431042301619,423.0283039267051,426.814453125,68441000,0.0,0.0,0.0
2023-08-24 00:00:00-04:00,428.4137593836846,428.9243595057039,420.87033128977225,420.8992614746094,88517300,0.0,0.0,0.0
2023-08-25 00:00:00-04:00,422.62369316256587,425.1477928046301,419.0783933508206,423.8664855957031,102325100,0.0,0.0,0.0
2023-08-28 00:00:00-04:00,426.05339622552776,427.1709421526019,423.8664919427265,426.55438232421875,61595400,0.0,0.0,0.0
2023-08-29 00:00:00-04:00,426.4483287798158,432.9994560455783,426.265280717647,432.7200622558594,83081900,0.0,0.0,0.0
2023-08-30 00:00:00-04:00,433.05731299234867,435.1382574911251,432.35402143192493,434.5024108886719,69053900,0.0,0.0,0.0
2023-08-31 00:00:00-04:00,435.1189529964718,436.2557562391773,433.6834985527266,433.8665466308594,66084600,0.0,0.0,0.0
2023-09-01 00:00:00-04:00,436.5833209067049,437.06502016743536,433.2210400744053,434.67578125,58944100,0.0,0.0,0.0
2023-09-05 00:00:00-04:00,434.23266409054196,434.55057269413254,432.72976461783867,432.79718017578125,55166200,0.0,0.0,0.0
2023-09-06 00:00:00-04:00,431.9879277285903,432.093916863234,427.56593166865076,429.8877258300781,70758500,0.0,0.0,0.0
2023-09-07 00:00:00-04:00,426.89156794336543,429.24226303585164,426.5447585365695,428.5679016113281,70355400,0.0,0.0,0.0
2023-09-08 00:00:00-04:00,428.61604594030854,430.74514868706615,428.25959315019446,429.2133483886719,61659700,0.0,0.0,0.0
2023-09-11 00:00:00-04:00,431.83376742594476,432.34436749416994,430.12856253408137,432.0361022949219,60180100,0.0,0.0,0.0
2023-09-12 00:00:00-04:00,430.59102153155527,432.11317840274216,429.0881220484013,429.6661376953125,67565400,0.0,0.0,0.0
2023-09-13 00:00:00-04:00,429.8877204342684,431.3231749266096,428.78943192828973,430.1671142578125,60199300,0.0,0.0,0.0
2023-09-14 00:00:00-04:00,432.63339669886733,434.56980780447236,431.33280276784916,433.87615966796875,83430800,0.0,0.0,0.0
2023-09-15 00:00:00-04:00,432.2935859212208,432.62229333118586,428.21370176743056,428.64874267578125,111848900,1.583,0.0,0.0
2023-09-18 00:00:00-04:00,428.3392962837647,430.1955590603149,427.86557530879384,428.9000549316406,55752200,0.0,0.0,0.0
2023-09-19 00:00:00-04:00,427.981617392204,428.57137880593234,425.3326034960519,428.0106201171875,66514600,0.0,0.0,0.0
2023-09-20 00:00:00-04:00,429.26740761407626,429.6831231095965,423.8726655634097,424.0757141113281,82562600,0.0,0.0,0.0
2023-09-21 00:00:00-04:00,421.2333281262123,421.49435261003185,416.91174575721686,417.0664367675781,104095800,0.0,0.0,0.0
2023-09-22 00:00:00-04:00,418.091288955446,419.6864977783781,415.71294757869936,416.1286926269531,100829700,0.0,0.0,0.0
2023-09-25 00:00:00-04:00,414.920205158679,417.9172517040119,414.485134786977,417.87860107421875,70874500,0.0,0.0,0.0
2023-09-26 00:00:00-04:00,414.84288124552415,415.54865360911657,410.90801075336816,411.7394714355469,96168400,0.0,0.0,0.0
2023-09-27 00:00:00-04:00,412.90925504168933,413.4700137261174,408.2686420542666,411.9037780761719,104705800,0.0,0.0,0.0
2023-09-28 00:00:00-04:00,411.35270706101295,415.964317107926,410.762945679416,414.291748046875,92258300,0.0,0.0,0.0
2023-09-29 00:00:00-04:00,417.3371969608053,417.5112133076614,411.7684378270295,413.28631591796875,115111300,0.0,0.0,0.0
2023-10-02 00:00:00-04:00,412.4548865420046,414.36915501527096,410.3666017087048,413.1219787597656,83798600,0.0,0.0,0.0
2023-10-03 00:00:00-04:00,410.94664397430034,413.1799422139496,406.22867088652805,407.59185791015625,103760600,0.0,0.0,0.0
2023-10-04 00:00:00-04:00,408.0559666596498,411.3043900178651,406.59609392791054,410.5599670410156,87453000,0.0,0.0,0.0
2023-10-05 00:00:00-04:00,410.2699077129364,411.24638199806213,407.18585282564163,410.4052734375,70142700,0.0,0.0,0.0
2023-10-06 00:00:00-04:00,407.95932437186144,416.81518828263125,406.6348172249464,415.2779846191406,113273300,0.0,0.0,0.0
2023-10-09 00:00:00-04:00,413.3830108074734,418.5070521455923,412.8319589906931,417.9366455078125,80374400,0.0,0.0,0.0
2023-10-10 00:00:00-04:00,418.56502711101643,422.70291641435927,418.16863686530417,420.1119079589844,78607300,0.0,0.0,0.0
2023-10-11 00:00:00-04:00,421.17534896503963,422.0841107631383,418.79700772466646,421.832763671875,62451700,0.0,0.0,0.0
2023-10-12 00:00:00-04:00,422.4419089154139,422.8189443567332,416.91182957643576,419.2611389160156,81154200,0.0,0.0,0.0
2023-10-13 00:00:00-04:00,420.75969048751125,421.9585387631344,415.6066757486928,417.1728820800781,95143100,0.0,0.0,0.0
2023-10-16 00:00:00-04:00,419.4158131019472,422.6255856986061,419.1741138914331,421.5621032714844,75433200,0.0,0.0,0.0
2023-10-17 00:00:00-04:00,418.43931518310666,423.59235858221746,418.09128250171426,421.542724609375,75324700,0.0,0.0,0.0
2023-10-18 00:00:00-04:00,419.77352121429993,420.73064064200355,414.8428514424272,415.9256591796875,93559800,0.0,0.0,0.0
2023-10-19 00:00:00-04:00,416.64108906158174,418.44899434083845,411.5944086302288,412.2711486816406,121323000,0.0,0.0,0.0
2023-10-20 00:00:00-04:00,411.8360731446502,412.37747694190307,407.0987456622459,407.2051086425781,123919900,0.0,0.0,0.0
2023-10-23 00:00:00-04:00,405.67757598059893,410.3568982821464,403.9276761980999,406.4993591308594,92035100,0.0,0.0,0.0
2023-10-24 00:00:00-04:00,408.61667642933105,410.7146385432617,406.7700909338865,409.56414794921875,78564200,0.0,0.0,0.0
2023-10-25 00:00:00-04:00,407.8819596802007,407.9109624071266,403.17363397769196,403.68603515625,94223200,0.0,0.0,0.0
2023-10-26 00:00:00-04:00,402.6225823087564,403.47333880031834,397.93361142540357,398.85205078125,115156800,0.0,0.0,0.0
2023-10-27 00:00:00-04:00,400.43765640359646,400.8340467186795,395.62299666658,397.044189453125,107367700,0.0,0.0,0.0
2023-10-30 00:00:00-04:00,399.8284803456642,402.8448816266276,398.5329761803426,401.79107666015625,86562700,0.0,0.0,0.0
2023-10-31 00:00:00-04:00,402.3614742415841,404.6334525608876,400.4568834170143,404.3144226074219,79665200,0.0,0.0,0.0
2023-11-01 00:00:00-04:00,405.28123407598383,409.43844855236455,404.74947812853236,408.6263427734375,98068100,0.0,0.0,0.0
2023-11-02 00:00:00-04:00,412.41622487157895,416.61214954670544,412.3968995543654,416.45745849609375,94938900,0.0,0.0,0.0
2023-11-03 00:00:00-04:00,418.7584345746445,421.80383898984763,418.63274625361095,420.2569580078125,100167800,0.0,0.0,0.0
2023-11-06 00:00:00-05:00,421.01096687249964,421.6683815579989,419.2803924905788,421.2236633300781,67831700,0.0,0.0,0.0
2023-11-07 00:00:00-05:00,421.22369728667144,423.0606052933152,420.0828841514639,422.4225158691406,64256100,0.0,0.0,0.0
2023-11-08 00:00:00-05:00,423.0219303160148,423.544008852029,420.4309219590949,422.7319030761719,61746000,0.0,0.0,0.0
2023-11-09 00:00:00-05:00,423.8727750755541,423.91145521433583,419.00978765036695,419.4351806640625,83174400,0.0,0.0,0.0
2023-11-10 00:00:00-05:00,421.5040718428815,426.2896982135309,419.4254351571336,425.9803161621094,89462200,0.0,0.0,0.0
2023-11-13 00:00:00-05:00,424.64616313137293,426.6764127794683,423.86306009469695,425.57427978515625,52236100,0.0,0.0,0.0
2023-11-14 00:00:00-05:00,431.50076562505876,435.1165763059157,431.2783917339626,433.83074951171875,97176900,0.0,0.0,0.0
2023-11-15 00:00:00-05:00,435.16492211328534,436.3927730128096,433.8984205823122,434.74920654296875,77327600,0.0,0.0,0.0
2023-11-16 00:00:00-05:00,434.30447059030485,435.59997479434537,433.24098818272,435.28094482421875,66665800,0.0,0.0,0.0
2023-11-17 00:00:00-05:00,435.2906316917746,436.43147446982493,434.37219232906403,435.8223876953125,83133200,0.0,0.0,0.0
2023-11-20 00:00:00-05:00,435.57099160312566,440.0182630951851,435.5613141930735,439.1771545410156,69936200,0.0,0.0,0.0
2023-11-21 00:00:00-05:00,438.13299304399567,439.0514618608499,436.9534996970191,438.2200012207031,49244600,0.0,0.0,0.0
2023-11-22 00:00:00-05:00,439.8732451207241,441.22675482120695,438.8194400859089,439.9118957519531,59394900,0.0,0.0,0.0
2023-11-24 00:00:00-05:00,439.9602117787139,440.3759273074353,439.631504418495,440.18255615234375,29737400,0.0,0.0,0.0
2023-11-27 00:00:00-05:00,439.55420100976517,440.3663068584605,439.0031197003399,439.3898620605469,50506000,0.0,0.0,0.0
2023-11-28 00:00:00-05:00,439.00310690168646,441.1203943936042,438.4423777026132,439.82489013671875,62115000,0.0,0.0,0.0
2023-11-29 00:00:00-05:00,441.97114450802434,443.10230972873876,439.1191116939092,439.5154724121094,63146000,0.0,0.0,0.0
2023-11-30 00:00:00-05:00,440.35662667945024,441.59412543023933,438.28766732031204,441.2460632324219,79752700,0.0,0.0,0.0
2023-12-01 00:00:00-05:00,440.6369952391435,444.3881717849613,440.0472633152973,443.8564453125,89183400,0.0,0.0,0.0
2023-12-04 00:00:00-05:00,440.47265370720123,443.8757680204174,439.25448022667734,441.5264587402344,72430900,0.0,0.0,0.0
2023-12-05 00:00:00-05:00,440.14391844231596,442.3965419933345,439.7668535301099,441.4394226074219,69793500,0.0,0.0,0.0
2023-12-06 00:00:00-05:00,443.57609928018036,443.60510200805135,439.2255130737281,439.66058349609375,69124700,0.0,0.0,0.0
2023-12-07 00:00:00-05:00,441.73917136361564,443.6630877368815,441.13976201140014,443.0153503417969,66995400,0.0,0.0,0.0
2023-12-08 00:00:00-05:00,442.27087844484373,445.451648340426,442.02917923250493,444.919921875,83194400,0.0,0.0,0.0
2023-12-11 00:00:00-05:00,444.42680041904015,446.82446698086267,444.2141039538438,446.6504211425781,65002200,0.0,0.0,0.0
2023-12-12 00:00:00-05:00,446.30240990232363,448.78708475043413,445.30661038207074,448.6903991699219,68327600,0.0,0.0,0.0
2023-12-13 00:00:00-05:00,449.067501155131,455.1293368508186,448.7097910080703,454.8779602050781,93278000,0.0,0.0,0.0
2023-12-14 00:00:00-05:00,456.8115200961749,458.00069086527446,453.66943027540754,456.3377990722656,119026000,0.0,0.0,0.0
2023-12-15 00:00:00-05:00,455.7417134699126,456.9163018501235,453.7420397034311,455.5863952636719,141553700,1.906,0.0,0.0
2023-12-18 00:00:00-05:00,457.1881698520897,459.1296032853033,456.13009218585904,458.149169921875,70375300,0.0,0.0,0.0
2023-12-19 00:00:00-05:00,458.69273602664884,461.0127630324847,458.61509172941334,460.9350891113281,55761800,0.0,0.0,0.0
2023-12-20 00:00:00-05:00,460.0808576886502,461.96405036999886,454.1206728290634,454.54779052734375,102921000,0.0,0.0,0.0
2023-12-21 00:00:00-05:00,457.5279117747337,459.12961810798345,455.11083655200457,458.8578186035156,86667500,0.0,0.0,0.0
2023-12-22 00:00:00-05:00,459.98377994700513,461.4592882220052,457.8870580411275,459.7799377441406,67160400,0.0,0.0,0.0
2023-12-26 00:00:00-05:00,460.18765521976536,462.62413389794295,460.109981297383,461.72137451171875,55387000,0.0,0.0,0.0
2023-12-27 00:00:00-05:00,461.5175089754055,462.7017844285322,460.98362668768385,462.5561828613281,68000300,0.0,0.0,0.0
2023-12-28 00:00:00-05:00,462.9153345190397,463.5656980482324,462.31349497002446,462.73089599609375,77158100,0.0,0.0,0.0
2023-12-29 00:00:00-05:00,462.53673484415077,463.060930093317,459.44014657654174,461.39129638671875,122283100,0.0,0.0,0.0
2024-01-02 00:00:00-05:00,458.3335624378489,459.7993540123723,456.7124526493962,458.8092041015625,123623700,0.0,0.0,0.0
2024-01-03 00:00:00-05:00,456.6542463475319,457.39200051317124,454.4604467676884,455.0622863769531,103585900,0.0,0.0,0.0
2024-01-04 00:00:00-05:00,454.5865557790852,457.1686653982138,453.3731600721968,453.596435546875,84232200,0.0,0.0,0.0
2024-01-05 00:00:00-05:00,453.80034274035296,456.66396886840727,452.7713854034213,454.2177734375,86118900,0.0,0.0,0.0
2024-01-08 00:00:00-05:00,454.71284352780606,460.8477805438932,454.58664560952485,460.7021789550781,74879100,0.0,0.0,0.0
2024-01-09 00:00:00-05:00,458.05208481523704,461.02247554943773,457.54732279548995,460.00323486328125,65931400,0.0,0.0,0.0
2024-01-10 00:00:00-05:00,460.275022232607,463.4686883884697,459.99350610212235,462.604736328125,67310600,0.0,0.0,0.0
2024-01-11 00:00:00-05:00,463.6045274671268,464.1190060691037,458.43062113494074,462.4008483886719,77940700,0.0,0.0,0.0
2024-01-12 00:00:00-05:00,463.8472262405501,464.58498035155515,461.3136700813151,462.72119140625,58026400,0.0,0.0,0.0
2024-01-16 00:00:00-05:00,461.3428140279713,462.6532578332319,459.2072255045687,461.0224609375,85014900,0.0,0.0,0.0
2024-01-17 00:00:00-05:00,458.00353981867966,458.94513616011074,456.110630489601,458.45977783203125,68843900,0.0,0.0,0.0
2024-01-18 00:00:00-05:00,460.1294153145847,463.0900892897804,458.58597937392244,462.5367736816406,91856200,0.0,0.0,0.0
2024-01-19 00:00:00-05:00,463.66277131466796,468.5843115147551,462.5852901238366,468.30279541015625,110834500,0.0,0.0,0.0
2024-01-22 00:00:00-05:00,469.83659824827777,471.01115715758357,468.64260604571103,469.2929992675781,75844900,0.0,0.0,0.0
2024-01-23 00:00:00-05:00,469.836566173897,470.9043307691421,468.7493682867175,470.6616516113281,49945300,0.0,0.0,0.0
2024-01-24 00:00:00-05:00,473.525295727068,474.45717543420074,470.68110299788805,471.1761779785156,81765000,0.0,0.0,0.0
2024-01-25 00:00:00-05:00,473.3020267275593,474.01066056996024,471.17618444820096,473.7388610839844,72525000,0.0,0.0,0.0
2024-01-26 00:00:00-05:00,473.3117152908374,474.79691054106985,472.29247468488353,473.1369934082031,76641600,0.0,0.0,0.0
2024-01-29 00:00:00-05:00,473.4476261562877,477.0295728420406,472.9040272208165,476.8839416503906,61322800,0.0,0.0,0.0
2024-01-30 00:00:00-05:00,476.1947836172532,477.2237409528727,475.75794925118413,476.51513671875,58618400,0.0,0.0,0.0
2024-01-31 00:00:00-05:00,474.3115894395865,474.7581108271003,468.72025176527393,468.73968505859375,126011100,0.0,0.0,0.0
2024-02-01 00:00:00-05:00,470.43842101293257,474.90372358641025,469.6327095934461,474.8746032714844,91891600,0.0,0.0,0.0
2024-02-02 00:00:00-05:00,475.31139921660196,481.5239798187347,474.971642466127,479.873779296875,99228200,0.0,0.0,0.0
2024-02-05 00:00:00-05:00,479.2428126687566,479.90289286822576,475.87442477356564,478.12646484375,75757100,0.0,0.0,0.0
2024-02-06 00:00:00-05:00,479.0680669349689,479.84465802363434,477.6411122849623,479.5146179199219,55918600,0.0,0.0,0.0
2024-02-07 00:00:00-05:00,481.756982255993,483.93137810723994,480.854193242822,483.51397705078125,70556500,0.0,0.0,0.0
2024-02-08 00:00:00-05:00,483.51398020972,484.10610316011065,482.69858176017516,483.7275390625,52343600,0.0,0.0,0.0
2024-02-09 00:00:00-05:00,484.23231705115523,486.96002861938376,483.89256027998283,486.5232238769531,63979400,0.0,0.0,0.0
2024-02-12 00:00:00-05:00,486.4940088202494,488.7557652655047,485.5912199471907,486.3095703125,56502300,0.0,0.0,0.0
2024-02-13 00:00:00-05:00,480.04849815534635,482.53353038052535,476.3500701317823,479.6116638183594,113099200,0.0,0.0,0.0
2024-02-14 00:00:00-05:00,482.2423403647749,484.4555731763151,479.92231331563113,483.97021484375,68387800,0.0,0.0,0.0
2024-02-15 00:00:00-05:00,484.66912826614583,487.49391729462275,484.1934569596569,487.3094787597656,61683000,0.0,0.0,0.0
2024-02-16 00:00:00-05:00,487.0085009915144,488.14422275630824,484.14487534292635,484.88262939453125,75532900,0.0,0.0,0.0
2024-02-20 00:00:00-05:00,483.14513661085397,483.8149335308038,479.9709035383399,482.2132568359375,71736700,0.0,0.0,0.0
2024-02-21 00:00:00-05:00,480.9124629140013,482.8053426352379,479.1069145137689,482.6500244140625,59293400,0.0,0.0,0.0
2024-02-22 00:00:00-05:00,489.25094105413393,493.5997329784438,488.2899113619232,492.63873291015625,76402500,0.0,0.0,0.0
2024-02-23 00:00:00-05:00,494.3568250348437,495.1916567031526,492.25038663284334,492.9784240722656,61321800,0.0,0.0,0.0
2024-02-26 00:00:00-05:00,493.4152350521733,493.8520693709636,491.0466841824756,491.1728820800781,50386700,0.0,0.0,0.0
2024-02-27 00:00:00-05:00,491.8620813041637,492.308602616629,489.9691722068436,492.0853271484375,48854500,0.0,0.0,0.0
2024-02-28 00:00:00-05:00,490.5322390639573,492.01743437576624,490.17307863790023,491.4350280761719,56506600,0.0,0.0,0.0
2024-02-29 00:00:00-05:00,493.1920036518268,494.8130838290683,490.5516532421677,493.2016906738281,83924800,0.0,0.0,0.0
2024-03-01 00:00:00-05:00,494.0753617325155,498.25911842016706,493.6676477127876,497.8320007324219,76844800,0.0,0.0,0.0
2024-03-04 00:00:00-05:00,497.03604251314806,499.1424809176813,497.00689257657365,497.298095703125,49799300,0.0,0.0,0.0
2024-03-05 00:00:00-05:00,495.2984852488147,495.7450362651965,490.1245782125844,492.3280944824219,72855600,0.0,0.0,0.0
2024-03-06 00:00:00-05:00,495.59937641592427,497.07488469099843,493.53177482463775,494.82281494140625,68382400,0.0,0.0,0.0
2024-03-07 00:00:00-05:00,498.11356939849594,500.78304025779806,494.8810662776538,499.7346496582031,58652100,0.0,0.0,0.0
2024-03-08 00:00:00-05:00,500.36560770630734,503.04473579557066,496.1623881738849,496.735107421875,86532500,0.0,0.0,0.0
2024-03-11 00:00:00-04:00,495.5314219659159,496.89041928478855,493.6093924281333,496.3079833984375,62557200,0.0,0.0,0.0
2024-03-12 00:00:00-04:00,498.41443934118087,502.2293483869414,495.9002573325016,501.6469421386719,73114400,0.0,0.0,0.0
2024-03-13 00:00:00-04:00,501.9671962175004,502.1419180781509,499.4239237216424,500.8605651855469,55104100,0.0,0.0,0.0
2024-03-14 00:00:00-04:00,501.83132111592977,501.9866689472691,496.8321662856789,499.8705139160156,110171800,0.0,0.0,0.0
2024-03-15 00:00:00-04:00,496.80816405826874,498.2590460217431,494.77306623402836,496.4381408691406,107646300,1.595,0.0,0.0
2024-03-18 00:00:00-04:00,500.498619372016,501.93972478311895,498.9795987021718,499.3885498046875,88893300,0.0,0.0,0.0
2024-03-19 00:00:00-04:00,498.69724067048253,502.4460879024091,497.6942674328087,502.1637268066406,60755300,0.0,0.0,0.0
2024-03-20 00:00:00-04:00,502.2220766323413,506.94465591796825,501.5501987684062,506.8083190917969,69594600,0.0,0.0,0.0
2024-03-21 00:00:00-04:00,509.6419595938359,510.34301859328446,508.20079481953724,508.48321533203125,60256100,0.0,0.0,0.0
2024-03-22 00:00:00-04:00,508.3955803879005,508.8824467519345,507.28551081424,507.5192565917969,79070800,0.0,0.0,0.0
2024-03-25 00:00:00-04:00,506.14624650613894,507.2660628859731,505.961234915521,506.1170654296875,48512100,0.0,0.0,0.0
2024-03-26 00:00:00-04:00,507.5386367689601,507.87947884663447,504.7830162330491,505.1822204589844,65463700,0.0,0.0,0.0
2024-03-27 00:00:00-04:00,508.00609219695343,509.4666912006187,505.8443747669276,509.4277038574219,82999800,0.0,0.0,0.0
2024-03-28 00:00:00-04:00,509.4665980428767,510.8297878712115,509.04790020355074,509.33026123046875,96294900,0.0,0.0,0.0
2024-04-01 00:00:00-04:00,510.07039018205234,510.60593125263364,507.2854696375655,508.4442138671875,62477500,0.0,0.0,0.0
2024-04-02 00:00:00-04:00,504.627181070464,505.3477336967163,502.9134021583385,505.2114562988281,74230300,0.0,0.0,0.0
2024-04-03 00:00:00-04:00,504.12080800253995,507.2660046821648,504.0721332594207,505.76641845703125,59155800,0.0,0.0,0.0
2024-04-04 00:00:00-04:00,509.76853565111946,510.1093183056524,499.2911628340767,499.593017578125,96858100,0.0,0.0,0.0
2024-04-05 00:00:00-04:00,500.9465048519071,506.7694068986325,500.5083132867227,504.81219482421875,74546500,0.0,0.0,0.0
2024-04-08 00:00:00-04:00,505.51336185898396,506.5162756490336,504.2864491311744,505.0946044921875,48401800,0.0,0.0,0.0
2024-04-09 00:00:00-04:00,506.8278303713481,507.0712635271461,500.8393509659492,505.6788330078125,68049200,0.0,0.0,0.0
2024-04-10 00:00:00-04:00,499.9922448100833,502.6018412987628,498.6388015333815,500.6154479980469,82652800,0.0,0.0,0.0
2024-04-11 00:00:00-04:00,502.1344572387197,505.8346295064768,498.6290433917763,504.3935241699219,70099000,0.0,0.0,0.0
2024-04-12 00:00:00-04:00,500.8588329878134,502.270757144988,495.70777921046096,497.4313049316406,92561100,0.0,0.0,0.0
2024-04-15 00:00:00-04:00,501.59888962975333,501.7644075343254,490.3522600316743,491.1994323730469,92101400,0.0,0.0,0.0
2024-04-16 00:00:00-04:00,491.6766166443132,493.19563735543574,489.0183155418661,490.30364990234375,73484000,0.0,0.0,0.0
2024-04-17 00:00:00-04:00,492.7574157801548,492.9229634124424,486.00945537176443,487.4018859863281,75910300,0.0,0.0,0.0
2024-04-18 00:00:00-04:00,488.7943295112607,490.88784877913054,485.46415075166374,486.39892578125,74548100,0.0,0.0,0.0
2024-04-19 00:00:00-04:00,486.32104754330464,487.3142441699,480.8876025986124,482.1534729003906,102212600,0.0,0.0,0.0
2024-04-22 00:00:00-04:00,484.7533807670464,489.1838827819534,482.41642801907807,486.59375,67961000,0.0,0.0,0.0
2024-04-23 00:00:00-04:00,488.5996095177476,492.79639521919916,486.4087108687592,492.3679504394531,64633600,0.0,0.0,0.0
2024-04-24 00:00:00-04:00,493.2539723124738,494.04269332334195,489.9140767019127,492.1341857910156,55928100,0.0,0.0,0.0
2024-04-25 00:00:00-04:00,486.0678327855915,491.02412816029823,484.42222231211605,490.2646179199219,69122400,0.0,0.0,0.0
2024-04-26 00:00:00-04:00,493.0495298783495,496.4868049205615,492.4166096033967,494.90936279296875,64306100,0.0,0.0,0.0
2024-04-29 00:00:00-04:00,496.6913201679961,497.33398732987405,493.9259228058318,496.662109375,46415400,0.0,0.0,0.0
2024-04-30 00:00:00-04:00,495.20145909113546,496.1751917116098,488.7943115234375,488.7943115234375,77483600,0.0,0.0,0.0
2024-05-01 00:00:00-04:00,488.2101273744075,494.84124497607075,486.7397814235659,487.2071838378906,80242800,0.0,0.0,0.0
2024-05-02 00:00:00-04:00,490.90730120185356,492.60161619088024,486.4281251448712,491.7641906738281,62550200,0.0,0.0,0.0
2024-05-03 00:00:00-04:00,497.73318173027803,499.08665465274976,495.20147091341136,497.8597717285156,72756700,0.0,0.0,0.0
2024-05-06 00:00:00-04:00,500.2551653379584,503.0400265445959,499.8169737447077,503.0010986328125,47264700,0.0,0.0,0.0
2024-05-07 00:00:00-04:00,503.9651034446084,504.9485829994704,502.8842743906612,503.55615234375,52561300,0.0,0.0,0.0
2024-05-08 00:00:00-04:00,501.72550045922026,504.14033844049237,501.6086572944442,503.60479736328125,42047200,0.0,0.0,0.0
2024-05-09 00:00:00-04:00,503.7897468150957,506.5454265470516,503.1373626535654,506.5064392089844,43643700,0.0,0.0,0.0
2024-05-10 00:00:00-04:00,508.10342768254765,508.91164241656554,505.94176974404485,507.158935546875,52233200,0.0,0.0,0.0
2024-05-13 00:00:00-04:00,508.8337946620412,508.94089100323504,506.0878611147721,507.22711181640625,36716400,0.0,0.0,0.0
2024-05-14 00:00:00-04:00,507.42184425163964,510.070428158798,506.8863031411852,509.5543212890625,57535900,0.0,0.0,0.0
2024-05-15 00:00:00-04:00,512.01781913004,516.1561825946173,511.3848691803367,515.8640747070312,59504900,0.0,0.0,0.0
2024-05-16 00:00:00-04:00,515.9615398171848,517.5584758697495,514.6567117176663,514.8027954101562,50244800,0.0,0.0,0.0
2024-05-17 00:00:00-04:00,514.9195214966393,515.6108930215729,513.4686694664939,515.542724609375,59187600,0.0,0.0,0.0
2024-05-20 00:00:00-04:00,515.6596602461204,517.5973789121299,515.2701433728218,516.1367797851562,37764200,0.0,0.0,0.0
2024-05-21 00:00:00-04:00,515.3772058901883,517.5583573493641,515.1727006539206,517.4025268554688,33437000,0.0,0.0,0.0
2024-05-22 00:00:00-04:00,516.7113097871478,517.4221156794935,513.7413773413039,515.912841796875,48390000,0.0,0.0,0.0
2024-05-23 00:00:00-04:00,518.9605990872589,519.0676954201629,510.93699174891134,512.1444702148438,57211200,0.0,0.0,0.0
2024-05-24 00:00:00-04:00,513.9847589456947,516.3412347653415,513.0402667962413,515.5330200195312,41291100,0.0,0.0,0.0
2024-05-28 00:00:00-04:00,516.3413100648252,516.5749964273494,513.2642811397658,515.8933715820312,36269600,0.0,0.0,0.0
2024-05-29 00:00:00-04:00,511.8718716025252,513.4590608844294,511.57001679975457,512.2808227539062,45190300,0.0,0.0,0.0
2024-05-30 00:00:00-04:00,510.7422171925198,511.40434819604866,507.63600797436754,508.8823547363281,46377600,0.0,0.0,0.0
2024-05-31 00:00:00-04:00,509.8367164200918,513.6439850215788,504.7440541264526,513.5173950195312,90785800,0.0,0.0,0.0
2024-06-03 00:00:00-04:00,515.1240809646227,515.4064420460951,508.87267437322015,513.9360961914062,46835700,0.0,0.0,0.0
2024-06-04 00:00:00-04:00,512.6313840068518,515.2507275789484,511.17078482758455,514.5106811523438,34632700,0.0,0.0,0.0
2024-06-05 00:00:00-04:00,516.8281493311971,520.6451650598835,514.84169649016,520.6256713867188,47610400,0.0,0.0,0.0
2024-06-06 00:00:00-04:00,520.9275073614583,521.3559521321091,518.6879340097541,520.6159057617188,30808500,0.0,0.0,0.0
2024-06-07 00:00:00-04:00,519.6420681166458,522.787264555686,518.5514924537447,519.98291015625,43224500,0.0,0.0,0.0
2024-06-10 00:00:00-04:00,519.1747009286601,521.9108869486413,518.5807383516342,521.5895385742188,35686100,0.0,0.0,0.0
2024-06-11 00:00:00-04:00,520.0413486344055,522.9041247005574,518.0743898707741,522.845703125,36383400,0.0,0.0,0.0
2024-06-12 00:00:00-04:00,527.4028804771598,529.8274655446977,526.1077992631506,527.1399536132812,63251300,0.0,0.0,0.0
2024-06-13 00:00:00-04:00,528.8828575806059,529.0581223075357,525.4163720846324,528.2012329101562,44760900,0.0,0.0,0.0
2024-06-14 00:00:00-04:00,526.6725282080745,528.5518251182958,525.6695550365463,528.5226440429688,40089900,0.0,0.0,0.0
2024-06-17 00:00:00-04:00,527.8409678567655,534.1215548157255,527.3832826445532,532.7290649414062,55839500,0.0,0.0,0.0
2024-06-18 00:00:00-04:00,532.7874995764366,534.2091705580833,532.3688016931667,534.0825805664062,41376400,0.0,0.0,0.0
2024-06-20 00:00:00-04:00,535.0076850141029,535.669816103357,530.8595742964317,532.6317749023438,70328200,0.0,0.0,0.0
2024-06-21 00:00:00-04:00,531.810221745453,533.0313142277637,530.4621308750893,531.9176635742188,64338600,1.759,0.0,0.0
2024-06-24 00:00:00-04:00,531.7418545665156,534.3012597413704,530.0713785197397,530.1885986328125,45528700,0.0,0.0,0.0
2024-06-25 00:00:00-04:00,531.4097461795637,532.5917853363576,529.8956032092343,532.2303466796875,37936200,0.0,0.0,0.0
2024-06-26 00:00:00-04:00,531.1166134619692,533.6076301716555,530.4719028733521,532.89453125,38550600,0.0,0.0,0.0
2024-06-27 00:00:00-04:00,532.7577451835803,534.3110010096894,532.0153114364416,533.734619140625,35041500,0.0,0.0,0.0
2024-06-28 00:00:00-04:00,534.5063503169283,537.5542520433446,530.3937489459842,531.6343383789062,76144500,0.0,0.0,0.0
2024-07-01 00:00:00-04:00,533.0117876323043,533.2560061424955,529.9737236752046,532.728515625,40297800,0.0,0.0,0.0
2024-07-02 00:00:00-04:00,531.1264605772033,536.3136596679688,531.0776287968915,536.3136596679688,40434800,0.0,0.0,0.0
2024-07-03 00:00:00-04:00,536.0010708200014,539.068469909586,535.9620173191718,538.70703125,32789900,0.0,0.0,0.0
2024-07-05 00:00:00-04:00,539.0097918869257,542.2139076372644,538.3747999305978,541.8134155273438,41488400,0.0,0.0,0.0
2024-07-08 00:00:00-04:00,542.5949943367658,543.3862600338458,541.3739016175886,542.438720703125,36110500,0.0,0.0,0.0
2024-07-09 00:00:00-04:00,543.3958913589794,544.2945986626197,542.6730142045088,542.966064453125,27289700,0.0,0.0,0.0
2024-07-10 00:00:00-04:00,544.1872742397521,548.6808713510104,543.8942239279161,548.3389892578125,38701200,0.0,0.0,0.0
2024-07-11 00:00:00-04:00,548.4561564855596,549.3255886798729,542.9759074999535,543.61083984375,53054200,0.0,0.0,0.0
2024-07-12 00:00:00-04:00,544.7342644743289,550.6345620898736,544.2653840243584,547.0396728515625,53084400,0.0,0.0,0.0
2024-07-15 00:00:00-04:00,549.0325043663784,551.7775178290722,546.6879829958002,548.5440673828125,40584300,0.0,0.0,0.0
2024-07-16 00:00:00-04:00,549.8531491181022,552.090169461466,549.1009369415549,551.797119140625,36475300,0.0,0.0,0.0
2024-07-17 00:00:00-04:00,545.8772131422685,547.5476892504238,543.7378565645935,544.0602416992188,57119000,0.0,0.0,0.0
2024-07-18 00:00:00-04:00,545.5939606590898,546.5806130354061,537.7008012722223,539.8792114257812,56270400,0.0,0.0,0.0
2024-07-19 00:00:00-04:00,539.644738170822,541.2663824595259,535.2390267295067,536.2940673828125,65509100,0.0,0.0,0.0
2024-07-22 00:00:00-04:00,540.211436930268,542.4289604616175,538.277245078338,541.8233032226562,43346700,0.0,0.0,0.0
2024-07-23 00:00:00-04:00,541.7156406949248,543.8647752379528,540.4848296428585,540.9732666015625,34439600,0.0,0.0,0.0
2024-07-24 00:00:00-04:00,536.1670544374522,536.4698829953903,527.7952370228695,528.7135009765625,74515300,0.0,0.0,0.0
2024-07-25 00:00:00-04:00,528.8306910081631,534.7994361794972,525.0209183627663,525.9586791992188,61158300,0.0,0.0,0.0
2024-07-26 00:00:00-04:00,529.7392825093052,534.5357078065754,528.9675138593225,531.8493041992188,53763800,0.0,0.0,0.0
2024-07-29 00:00:00-04:00,533.3927971337158,534.3989464184045,530.1690650137424,532.1619262695312,39515800,0.0,0.0,0.0
2024-07-30 00:00:00-04:00,533.6271909452782,534.6822315404584,526.0661958644091,529.4656982421875,46853600,0.0,0.0,0.0
2024-07-31 00:00:00-04:00,536.2843251839307,540.6998152024645,534.9167372159726,538.072021484375,65663400,0.0,0.0,0.0
2024-08-01 00:00:00-04:00,539.7913062018092,542.0381046138815,526.9551667505608,530.452392578125,76428700,0.0,0.0,0.0
2024-08-02 00:00:00-04:00,523.3603002519518,524.5716145988897,516.3756265717791,520.5762329101562,82789100,0.0,0.0,0.0
2024-08-05 00:00:00-04:00,499.80785259777787,511.4717311244644,498.4695101090915,505.41510009765625,146267400,0.0,0.0,0.0
2024-08-06 00:00:00-04:00,507.2125052074326,517.4990173620844,505.89374911647377,510.0747985839844,84826300,0.0,0.0,0.0
2024-08-07 00:00:00-04:00,516.2485672171777,519.2964689099484,506.06955696870784,506.6654357910156,70698300,0.0,0.0,0.0
2024-08-08 00:00:00-04:00,511.7941139882875,519.0034500456989,509.77203694963987,518.3782958984375,63276600,0.0,0.0,0.0
2024-08-09 00:00:00-04:00,517.5575496711185,522.1488688468696,516.3364573171235,520.6640014648438,45619600,0.0,0.0,0.0
2024-08-12 00:00:00-04:00,521.8559471668351,523.3407552909962,518.6713279832952,520.9376831054688,42542100,0.0,0.0,0.0
2024-08-13 00:00:00-04:00,524.122235093717,529.739260585726,523.8780165940644,529.5047607421875,52333100,0.0,0.0,0.0
2024-08-14 00:00:00-04:00,530.2960214933445,532.3572709257232,527.6291745808618,531.1752319335938,42446900,0.0,0.0,0.0
2024-08-15 00:00:00-04:00,536.7922160560852,540.562935056648,536.1865589989441,540.2796630859375,60846800,0.0,0.0,0.0
2024-08-16 00:00:00-04:00,538.667786928332,542.1845687274085,538.51151333941,541.490966796875,44430700,0.0,0.0,0.0
2024-08-19 00:00:00-04:00,541.9013070349608,546.66845703125,541.0514314058853,546.66845703125,39121800,0.0,0.0,0.0
2024-08-20 00:00:00-04:00,546.2190851764095,547.8700045132335,544.4411674580102,545.7794799804688,33732300,0.0,0.0,0.0
2024-08-21 00:00:00-04:00,546.8247712917706,549.1106230342316,541.9012882335657,547.6550903320312,41514600,0.0,0.0,0.0
2024-08-22 00:00:00-04:00,549.5502187339081,550.155875826028,542.1454973391976,543.3568115234375,56121500,0.0,0.0,0.0
2024-08-23 00:00:00-04:00,546.5902786774961,550.0679473561338,544.4020310704757,549.130126953125,50639400,0.0,0.0,0.0
2024-08-26 00:00:00-04:00,550.1558489432847,550.8689478276912,546.1213548703539,547.8211059570312,35788600,0.0,0.0,0.0
2024-08-27 00:00:00-04:00,546.5512279111676,549.0618012606642,545.4083020191189,548.5733642578125,32693900,0.0,0.0,0.0
2024-08-28 00:00:00-04:00,548.2314695905903,548.661296528156,542.2041141850556,545.3887329101562,41066000,0.0,0.0,0.0
2024-08-29 00:00:00-04:00,547.3522554939839,550.6443160255352,544.294635177053,545.4375610351562,38715200,0.0,0.0,0.0
2024-08-30 00:00:00-04:00,547.8016709409602,551.1523417216108,544.2556134288437,550.6443481445312,62700100,0.0,0.0,0.0
2024-09-03 00:00:00-04:00,547.508549729637,547.8407131286382,536.8020487007664,539.3126220703125,60600100,0.0,0.0,0.0
2024-09-04 00:00:00-04:00,537.4761456891545,541.6083040829072,536.7532683896355,538.2088012695312,47224900,0.0,0.0,0.0
2024-09-05 00:00:00-04:00,538.1501466111926,540.9928237930679,534.4477558926965,536.8997192382812,44264300,0.0,0.0,0.0
2024-09-06 00:00:00-04:00,537.2220554393132,538.8436399407501,526.964879098129,527.8635864257812,68493800,0.0,0.0,0.0
2024-09-09 00:00:00-04:00,532.0543726925215,535.0436043247605,530.1299001804285,533.7736206054688,40445800,0.0,0.0,0.0
2024-09-10 00:00:00-04:00,535.6786451567546,536.4504138231891,530.8138314182086,536.0986938476562,36394600,0.0,0.0,0.0
2024-09-11 00:00:00-04:00,536.0108196239122,542.5167747623394,527.4729497044474,541.5985107421875,75248600,0.0,0.0,0.0
2024-09-12 00:00:00-04:00,542.1749203516514,546.4634120914028,539.9573969973035,546.1605834960938,51819600,0.0,0.0,0.0
2024-09-13 00:00:00-04:00,546.7662020730168,550.0094311099382,546.5122052774053,549.0130004882812,39310500,0.0,0.0,0.0
2024-09-16 00:00:00-04:00,548.7491334077678,550.0874458768798,546.9517188263792,549.82373046875,36656100,0.0,0.0,0.0
2024-09-17 00:00:00-04:00,552.031423916307,553.477237850398,547.8210997398118,550.0484008789062,49321000,0.0,0.0,0.0
2024-09-18 00:00:00-04:00,550.702966140304,555.5385046014119,547.8602888957543,548.4171142578125,59044900,0.0,0.0,0.0
2024-09-19 00:00:00-04:00,557.8049085738365,559.6316584337985,554.9426745171918,557.7755737304688,75315500,0.0,0.0,0.0
2024-09-20 00:00:00-04:00,556.4096807844697,557.8500616857909,553.793383536953,556.8114013671875,77503100,1.746,0.0,0.0
2024-09-23 00:00:00-04:00,557.8794446150124,558.8495067502496,556.6643550711399,558.2027587890625,44116900,0.0,0.0,0.0
2024-09-24 00:00:00-04:00,558.9964868304339,559.8587776289324,556.1744550910837,559.7999877929688,46805700,0.0,0.0,0.0
2024-09-25 00:00:00-04:00,559.6432009533316,560.378103761662,557.4580492681129,558.5653076171875,38428600,0.0,0.0,0.0
2024-09-26 00:00:00-04:00,562.8179934718497,563.1413674659622,558.428192996937,560.7798461914062,48336000,0.0,0.0,0.0
2024-09-27 00:00:00-04:00,561.847824630314,562.6610738881527,558.9375788488986,559.9664306640625,42100900,0.0,0.0,0.0
2024-09-30 00:00:00-04:00,558.9376557740085,562.8179640810873,556.6447925339722,562.21044921875,63557400,0.0,0.0,0.0
2024-10-01 00:00:00-04:00,561.8576982708267,562.5043864049716,554.6066335561335,557.1738891601562,72668800,0.0,0.0,0.0
2024-10-02 00:00:00-04:00,556.2823034605133,558.4282222492225,553.8914170466389,557.4091186523438,38097800,0.0,0.0,0.0
2024-10-03 00:00:00-04:00,555.9392527365582,558.3301388916863,554.106899883147,556.3900146484375,40846500,0.0,0.0,0.0
2024-10-04 00:00:00-04:00,560.8287828388663,561.8184614824812,556.6643337627131,561.4461059570312,42939100,0.0,0.0,0.0
2024-10-07 00:00:00-04:00,559.7999688939893,560.4467168743025,555.22399069742,556.3704223632812,49964700,0.0,0.0,0.0
2024-10-08 00:00:00-04:00,558.9377412468939,562.2301517411685,558.0657019121494,561.6323852539062,37398700,0.0,0.0,0.0
2024-10-09 00:00:00-04:00,561.6224751598685,566.0809331902332,561.0247685875196,565.5223999023438,37912200,0.0,0.0,0.0
2024-10-10 00:00:00-04:00,564.1799758679994,565.9535388259317,562.9257131010544,564.53271484375,44138100,0.0,0.0,0.0
2024-10-11 00:00:00-04:00,564.4542980317323,568.6481717987969,564.3171018304082,567.9132690429688,42268000,0.0,0.0,0.0
2024-10-14 00:00:00-04:00,569.520288010914,573.4888112745962,569.0401610478535,572.5579223632812,36217200,0.0,0.0,0.0
2024-10-15 00:00:00-04:00,572.8224884018784,573.1262458468478,566.8942243784207,568.1093139648438,54203600,0.0,0.0,0.0
2024-10-16 00:00:00-04:00,568.1093193754714,571.097912292803,567.3058184280349,570.5785522460938,30725400,0.0,0.0,0.0
2024-10-17 00:00:00-04:00,574.1157772582931,574.3215715502484,570.4412636582532,570.62744140625,34393700,0.0,0.0,0.0
2024-10-18 00:00:00-04:00,572.3128969974695,573.6063330690159,570.8528997080355,572.8224487304688,37416800,0.0,0.0,0.0
2024-10-21 00:00:00-04:00,572.0973176864316,573.0771881011084,568.912738838732,571.8817749023438,36439000,0.0,0.0,0.0
2024-10-22 00:00:00-04:00,569.3536780068462,572.7342428128154,568.697181591541,571.5780029296875,34183800,0.0,0.0,0.0
2024-10-23 00:00:00-04:00,569.5594810059998,570.0004346494243,562.8571411229607,566.3552856445312,49314600,0.0,0.0,0.0
2024-10-24 00:00:00-04:00,568.3051725972728,568.3835789691921,564.9638411001258,567.580078125,34979900,0.0,0.0,0.0
2024-10-25 00:00:00-04:00,569.8044050522926,572.6950344865168,566.443456997856,567.3840942382812,47268200,0.0,0.0,0.0
2024-10-28 00:00:00-04:00,570.8529569215461,570.9803448675634,568.8344261393737,569.13818359375,30174700,0.0,0.0,0.0
2024-10-29 00:00:00-04:00,568.1778707648036,571.1762720247682,566.7864714367279,570.0592651367188,42899700,0.0,0.0,0.0
2024-10-30 00:00:00-04:00,569.5888588084969,571.5780244818477,567.6291179550885,568.3346557617188,41435800,0.0,0.0,0.0
2024-10-31 00:00:00-04:00,563.974290971045,564.0428890862833,556.9976174444517,557.193603515625,60182500,0.0,0.0,0.0
2024-11-01 00:00:00-04:00,559.8195584319851,563.9643910438907,559.1336371976272,559.545166015625,45667500,0.0,0.0,0.0
2024-11-04 00:00:00-05:00,559.6822611574623,560.9756970155746,556.4585096866238,558.33984375,38217000,0.0,0.0,0.0
2024-11-05 00:00:00-05:00,559.2512590975022,565.1304818819561,559.0357163025479,565.09130859375,39478300,0.0,0.0,0.0
2024-11-06 00:00:00-05:00,577.3397109306703,580.014738259286,573.6064067155438,579.1426391601562,68182000,0.0,0.0,0.0
2024-11-07 00:00:00-05:00,581.1415036340469,584.6396478381987,581.0630972629532,583.6205444335938,47233200,0.0,0.0,0.0
2024-11-08 00:00:00-05:00,584.1693851078007,587.5695668763649,584.1693851078007,586.1487426757812,46444900,0.0,0.0,0.0
2024-11-11 00:00:00-05:00,587.7360051791314,588.0887441353201,584.9825720146739,586.7071533203125,37586800,0.0,0.0,0.0
2024-11-12 00:00:00-05:00,586.6288429184635,587.2265495486535,582.4056036057904,584.8847045898438,43006100,0.0,0.0,0.0
2024-11-13 00:00:00-05:00,585.3451316888757,587.1676761411395,582.9836705187753,585.1687622070312,47388600,0.0,0.0,0.0
2024-11-14 00:00:00-05:00,585.296183408181,585.7763103260314,580.7202054727688,581.4060668945312,38904100,0.0,0.0,0.0
2024-11-15 00:00:00-05:00,577.8491633593196,578.3195418358689,572.1071369723535,573.9591064453125,75988800,0.0,0.0,0.0
2024-11-18 00:00:00-05:00,574.4195277074432,577.6237226660043,573.5572968817456,576.3107299804688,37001700,0.0,0.0,0.0
2024-11-19 00:00:00-05:00,572.9400989259979,579.1426361014928,572.2737941658764,578.4175415039062,49412000,0.0,0.0,0.0
2024-11-20 00:00:00-05:00,578.4959457161364,578.897666302881,572.8616903884546,578.613525390625,50032600,0.0,0.0,0.0
2024-11-21 00:00:00-05:00,581.455141177832,583.1404896221547,575.6249001169805,581.7196655273438,46750300,0.0,0.0,0.0
2024-11-22 00:00:00-05:00,581.7099087255345,584.1498365668012,581.210224996001,583.522705078125,38226400,0.0,0.0,0.0
2024-11-25 00:00:00-05:00,587.451946771504,588.7649396726674,583.2188992835091,585.5020141601562,42441400,0.0,0.0,0.0
2024-11-26 00:00:00-05:00,586.7463470552605,589.2254477201681,586.0310608458545,588.5591430664062,45621300,0.0,0.0,0.0
2024-11-27 00:00:00-05:00,588.3729502321648,588.7550542016285,585.256969810655,586.7757568359375,34000200,0.0,0.0,0.0
2024-11-29 00:00:00-05:00,587.5890586237147,591.2047827973582,587.3147260107087,590.4208984375,30177400,0.0,0.0,0.0
2024-12-02 00:00:00-05:00,590.832500010613,592.1553610993941,590.342564749557,591.479248046875,31746000,0.0,0.0,0.0
2024-12-03 00:00:00-05:00,591.2439261058101,591.9983855319149,590.2150743018244,591.75341796875,26906600,0.0,0.0,0.0
2024-12-04 00:00:00-05:00,593.438872844782,595.6729460981672,592.7725681970518,595.427978515625,42787600,0.0,0.0,0.0
2024-12-05 00:00:00-05:00,595.4279904670244,596.2314913306755,594.0953811448159,594.4481201171875,28762200,0.0,0.0,0.0
2024-12-06 00:00:00-05:00,595.212403953603,596.8095972909788,594.800875182747,595.574951171875,31241500,0.0,0.0,0.0
2024-12-09 00:00:00-05:00,595.4574149257465,595.6239761392873,591.9200973185369,592.5079956054688,34742700,0.0,0.0,0.0
2024-12-10 00:00:00-05:00,593.184106485161,593.6054435570935,590.0093361336401,590.6658325195312,37234500,0.0,0.0,0.0
2024-12-11 00:00:00-05:00,593.5858806768452,596.1825011825678,593.3114882757061,595.2320556640625,28677700,0.0,0.0,0.0
2024-12-12 00:00:00-05:00,594.3698085144841,594.9380902901107,592.1651000976562,592.1651000976562,31543800,0.0,0.0,0.0
2024-12-13 00:00:00-05:00,594.1934650654297,594.9087513561514,590.6757038334936,592.0475463867188,35904700,0.0,0.0,0.0
2024-12-16 00:00:00-05:00,593.8014244521054,595.54562235978,593.0273484159295,594.5755004882812,43695200,0.0,0.0,0.0
2024-12-17 00:00:00-05:00,592.0278303510687,592.9880840930309,590.7540109408761,592.1257934570312,55773500,0.0,0.0,0.0
2024-12-18 00:00:00-05:00,591.822113059209,594.2031909866316,574.0962907751041,574.4784545898438,108248700,0.0,0.0,0.0
2024-12-19 00:00:00-05:00,579.456068103567,581.0630696987981,574.0569733506421,574.3019409179688,85919500,0.0,0.0,0.0
2024-12-20 00:00:00-05:00,571.9778279294948,585.7225012446567,571.132257605004,581.199951171875,125716700,1.966,0.0,0.0
2024-12-23 00:00:00-05:00,580.9443919924163,585.2801382457641,577.7687172457148,584.680419921875,57635800,0.0,0.0,0.0
2024-12-24 00:00:00-05:00,586.0272849416975,591.2184422848073,585.4471892507113,591.1790771484375,33160100,0.0,0.0,0.0
2024-12-26 00:00:00-05:00,589.409327922106,592.3391499159457,588.0132458991934,591.2183837890625,41219100,0.0,0.0,0.0
2024-12-27 00:00:00-05:00,587.4823797773107,587.7183905820746,580.8165297326684,584.9949951171875,64969300,0.0,0.0,0.0
2024-12-30 00:00:00-05:00,577.9948725430215,581.7800467977985,574.5734057798932,578.3192749023438,56578800,0.0,0.0,0.0
2024-12-31 00:00:00-05:00,579.9808236627084,580.698577374324,574.5832389413312,576.21533203125,57052700,0.0,0.0,0.0
2025-01-02 00:00:00-05:00,579.4695486945864,581.180251846637,570.7291685588775,574.7994995117188,50204000,0.0,0.0,0.0
2025-01-03 00:00:00-05:00,577.6408633877121,582.6254735449975,576.5593423217554,581.9864501953125,37888500,0.0,0.0,0.0
2025-01-06 00:00:00-05:00,586.2337670283534,589.6060270134918,583.608664526265,585.3390502929688,47679400,0.0,0.0,0.0
2025-01-07 00:00:00-05:00,587.3644406233403,587.6889029930588,576.9035745975999,578.722412109375,60393100,0.0,0.0,0.0
2025-01-08 00:00:00-05:00,578.7911897402016,580.6395509433228,575.350100693004,579.56787109375,47304700,0.0,0.0,0.0
2025-01-10 00:00:00-05:00,576.0185903209236,576.0874192959229,568.8119506064235,570.7192993164062,73105000,0.0,0.0,0.0
2025-01-13 00:00:00-05:00,566.0788468496604,571.9581742427216,565.6658729466735,571.604248046875,47910100,0.0,0.0,0.0
2025-01-14 00:00:00-05:00,574.5242667122994,575.1535088845837,568.6154150795988,572.3908081054688,48420600,0.0,0.0,0.0
2025-01-15 00:00:00-05:00,580.3937768602567,583.9430001285099,579.2827918470954,582.8025512695312,56900200,0.0,0.0,0.0
2025-01-16 00:00:00-05:00,584.1691475266347,584.346110636513,580.9836915331506,581.6817626953125,43319700,0.0,0.0,0.0
2025-01-17 00:00:00-05:00,586.9121689712896,589.2717368825727,585.5848557638515,587.521728515625,58070600,0.0,0.0,0.0
2025-01-21 00:00:00-05:00,590.5597127423754,592.9094994878243,588.5933760531964,592.899658203125,42532900,0.0,0.0,0.0
2025-01-22 00:00:00-05:00,595.7213382459036,597.5893820777127,595.1707663809229,596.2326049804688,48196000,0.0,0.0,0.0
2025-01-23 00:00:00-05:00,595.6033506126263,599.4868774414062,595.3280946897063,599.4868774414062,41152100,0.0,0.0,0.0
2025-01-24 00:00:00-05:00,599.54587252364,600.4995770008244,596.5865262707722,597.73681640625,34604700,0.0,0.0,0.0
2025-01-27 00:00:00-05:00,584.7983708814467,589.5962372876534,584.6312490621345,589.2816162109375,70361100,0.0,0.0,0.0
2025-01-28 00:00:00-05:00,590.5105900023588,595.1806398263976,587.1973173488781,594.344970703125,44433300,0.0,0.0,0.0
2025-01-29 00:00:00-05:00,593.5583671362218,593.9614997638901,589.1341095636221,591.6805419921875,37177400,0.0,0.0,0.0
2025-01-30 00:00:00-05:00,593.7943615542468,596.3898803192325,590.6088457833347,594.8561401367188,39281300,0.0,0.0,0.0
2025-01-31 00:00:00-05:00,597.2746343159315,599.6932494996803,590.9331879253342,591.6902465820312,66566900,0.0,0.0,0.0
2025-02-03 00:00:00-05:00,582.6943020815504,590.1860392450765,580.5510025263411,587.70849609375,65857200,0.0,0.0,0.0
2025-02-04 00:00:00-05:00,587.7674745011321,592.1622076462813,587.2267439810199,591.6510009765625,33457800,0.0,0.0,0.0
2025-02-05 00:00:00-05:00,590.5301667443101,594.1973649569587,588.5048426365228,594.0498657226562,30653100,0.0,0.0,0.0
2025-02-06 00:00:00-05:00,595.7901006731433,596.2423796576439,592.4866698522919,596.1145629882812,35771500,0.0,0.0,0.0
2025-02-07 00:00:00-05:00,596.6750666805723,597.8941858585465,589.9501686239648,590.6580810546875,50788500,0.0,0.0,0.0
2025-02-10 00:00:00-05:00,593.8631663388722,595.3083949100401,592.5948408497425,594.6693115234375,26048700,0.0,0.0,0.0
2025-02-11 00:00:00-05:00,592.408088766588,595.6623736678141,592.2901133629294,595.1216430664062,30056700,0.0,0.0,0.0
2025-02-12 00:00:00-05:00,589.1144530437037,594.3743794070193,588.4360645213627,593.2044067382812,45076100,0.0,0.0,0.0
2025-02-13 00:00:00-05:00,594.3055902381474,599.6737110792319,593.047165943141,599.4672241210938,40921300,0.0,0.0,0.0
2025-02-14 00:00:00-05:00,599.6735728207366,600.7058873577524,598.8182213465388,599.4376220703125,26910400,0.0,0.0,0.0
2025-02-18 00:00:00-05:00,600.5978525430173,601.1975708007812,598.1399318067746,601.1975708007812,26749000,0.0,0.0,0.0
2025-02-19 00:00:00-05:00,599.8113366176324,602.908280775238,599.3000698962699,602.6133422851562,31011100,0.0,0.0,0.0
2025-02-20 00:00:00-05:00,601.2467721645895,601.3844301402796,596.8028918726411,600.1063232421875,36554000,0.0,0.0,0.0
2025-02-21 00:00:00-05:00,599.8899309928074,600.0275889538111,589.3798596850504,589.8419799804688,76519800,0.0,0.0,0.0
2025-02-24 00:00:00-05:00,591.8870576091449,592.8800672914438,586.4501075695626,587.1580200195312,50737200,0.0,0.0,0.0
2025-02-25 00:00:00-05:00,587.098968367302,587.8265033006376,579.6366946428752,584.2379150390625,58266500,0.0,0.0,0.0
2025-02-26 00:00:00-05:00,585.8994552001853,589.488043359785,581.8979531727184,584.5328369140625,43321600,0.0,0.0,0.0
2025-02-27 00:00:00-05:00,586.8039490929929,587.9542991571739,574.809344386224,575.2025756835938,74196700,0.0,0.0,0.0
2025-02-28 00:00:00-05:00,575.7040488167072,584.7098443771037,572.6365684069419,584.178955078125,88744100,0.0,0.0,0.0
2025-03-03 00:00:00-05:00,586.1453068357338,587.2858157400013,570.1393571070072,573.9442138671875,74249200,0.0,0.0,0.0
2025-03-04 00:00:00-05:00,569.9525173224438,575.5369060706639,562.6180601948478,567.1504516601562,109648200,0.0,0.0,0.0
2025-03-05 00:00:00-05:00,566.9832562516485,575.03540599116,563.4340335479696,573.2460327148438,71230500,0.0,0.0,0.0
2025-03-06 00:00:00-05:00,565.7937090893346,570.4047711019521,560.523941077153,563.0703735351562,80094900,0.0,0.0,0.0
2025-03-07 00:00:00-05:00,561.2907328755356,567.6714847046253,556.1094174114145,566.2261962890625,81158800,0.0,0.0,0.0
2025-03-10 00:00:00-04:00,558.0364891964213,559.9536192631458,546.2384702857362,551.1444702148438,99326600,0.0,0.0,0.0
2025-03-11 00:00:00-04:00,549.9843938775969,554.5266268117218,542.728606721458,546.5629272460938,88102100,0.0,0.0,0.0
2025-03-12 00:00:00-04:00,552.7077615834074,553.6319422779778,544.3705127696392,549.4633178710938,69588200,0.0,0.0,0.0
2025-03-13 00:00:00-04:00,549.0896792735167,549.6992388466521,540.4279685563406,542.138671875,74079400,0.0,0.0,0.0
2025-03-14 00:00:00-04:00,546.7496748611676,554.3397648685512,542.2074423986709,553.3369140625,62660300,0.0,0.0,0.0
2025-03-17 00:00:00-04:00,553.3172227764923,560.1207900872192,552.8846263579363,557.6038818359375,49008700,0.0,0.0,0.0
2025-03-18 00:00:00-04:00,555.2934322950165,555.5097605205915,549.6500559715837,551.5770874023438,66041400,0.0,0.0,0.0
2025-03-19 00:00:00-04:00,553.3566169353411,561.3399385264869,552.1768030039566,557.584228515625,66556000,0.0,0.0,0.0
2025-03-20 00:00:00-04:00,553.8483063542163,560.9664364159598,553.1305525718145,555.971923828125,62958200,0.0,0.0,0.0
2025-03-21 00:00:00-04:00,551.5205903212295,557.052742857906,550.2879327940723,556.1553344726562,83763000,1.696,0.0,0.0
2025-03-24 00:00:00-04:00,562.880651498493,567.1703352751009,562.2890000340255,566.1151733398438,58766800,0.0,0.0,0.0
2025-03-25 00:00:00-04:00,567.3182603575567,568.4128457426297,565.7306119858723,567.47607421875,38355700,0.0,0.0,0.0
2025-03-26 00:00:00-04:00,567.2097618801449,568.3339598573967,559.3207546377017,560.7013549804688,51848300,0.0,0.0,0.0
2025-03-27 00:00:00-04:00,559.3108687859911,562.9792883535321,557.101956447335,559.2122802734375,42164200,0.0,0.0,0.0
2025-03-28 00:00:00-04:00,557.6837393471919,558.4134627917625,547.3688420558537,547.9506225585938,71662700,0.0,0.0,0.0
2025-03-31 00:00:00-04:00,542.201546342058,552.9305994826874,539.282592409213,551.62890625,95328200,0.0,0.0,0.0
2025-04-01 00:00:00-04:00,549.715889513425,555.1297110203275,545.9981756472096,553.18701171875,54609600,0.0,0.0,0.0
2025-04-02 00:00:00-04:00,547.3491617248258,559.5475341360295,547.1125011420022,556.6878051757812,76014500,0.0,0.0,0.0
2025-04-03 00:00:00-04:00,537.5470145495102,540.3673198616506,529.2537231445312,529.2537231445312,125986000,0.0,0.0,0.0
2025-04-04 00:00:00-04:00,516.4044915082214,518.5739803507369,498.05270443606094,498.2696533203125,217965100,0.0,0.0,0.0
2025-04-07 00:00:00-04:00,482.40291724281104,515.9114550791749,475.115432610906,497.3821716308594,256611400,0.0,0.0,0.0
2025-04-08 00:00:00-04:00,514.6196468974629,517.6963548854247,482.3733480760591,489.591796875,165816600,0.0,0.0,0.0
2025-04-09 00:00:00-04:00,486.5939443539347,541.0083618164062,486.20934082523814,541.0083618164062,241867300,0.0,0.0,0.0
2025-04-10 00:00:00-04:00,524.7866027854379,526.0981670837639,502.25365007002944,517.3019409179688,162331200,0.0,0.0,0.0
2025-04-11 00:00:00-04:00,515.7537548286505,528.9875485351057,512.8545420601603,526.5321044921875,97866300,0.0,0.0,0.0
2025-04-14 00:00:00-04:00,536.5018528789103,536.7287027931718,526.4532262576091,531.6402587890625,68034000,0.0,0.0,0.0
2025-04-15 00:00:00-04:00,532.1825399641931,535.6931457102869,529.3622343758641,530.151123046875,56892900,0.0,0.0,0.0
2025-04-16 00:00:00-04:00,524.3033174043071,530.4271798145347,513.0713309693746,518.3668212890625,83484800,0.0,0.0,0.0
2025-04-17 00:00:00-04:00,520.3194209498447,523.8004136549424,516.6411308627585,519.1064453125,79868100,0.0,0.0,0.0
2025-04-21 00:00:00-04:00,513.9293002870572,514.4618467446136,501.40552056556845,506.7503356933594,69368100,0.0,0.0,0.0
2025-04-22 00:00:00-04:00,512.9234746436815,521.9563602525908,511.9866431205122,519.934814453125,75948100,0.0,0.0,0.0
2025-04-23 00:00:00-04:00,532.9320165359907,537.8626460694973,526.4729038847668,527.9915161132812,90590700,0.0,0.0,0.0
2025-04-24 00:00:00-04:00,529.2734571828396,539.8348871004667,528.0211182344198,539.1051635742188,64150400,0.0,0.0,0.0
2025-04-25 00:00:00-04:00,539.0657941930334,543.4047124173812,536.1468396073658,543.0004272460938,61119600,0.0,0.0,0.0
2025-04-28 00:00:00-04:00,543.7400050325934,545.8700106135369,537.4583875113086,543.2074584960938,47613800,0.0,0.0,0.0
2025-04-29 00:00:00-04:00,541.294298062473,547.7435994540236,540.9393072120234,546.6292724609375,47775100,0.0,0.0,0.0
2025-04-30 00:00:00-04:00,539.9729835885655,548.7988227140515,534.0069337400583,546.8462524414062,93101500,0.0,0.0,0.0
2025-05-01 00:00:00-04:00,552.5954041380958,556.2440822591161,550.1202183270924,550.7217407226562,63186100,0.0,0.0,0.0
2025-05-02 00:00:00-04:00,556.894803218062,560.4941864598073,554.5774316657111,558.8966674804688,60717300,0.0,0.0,0.0
2025-05-05 00:00:00-04:00,554.7648117792631,558.7882219920989,553.9068871278389,555.6917724609375,38659200,0.0,0.0,0.0
2025-05-06 00:00:00-04:00,550.1891944565425,555.533979770925,549.2326812616892,551.047119140625,48264700,0.0,0.0,0.0
2025-05-07 00:00:00-04:00,552.3783761794856,555.997440916007,548.3253535066884,553.364501953125,55588000,0.0,0.0,0.0
2025-05-08 00:00:00-04:00,557.3978323656503,562.3974982446085,553.9069681077176,557.2203369140625,65130800,0.0,0.0,0.0
2025-05-09 00:00:00-04:00,558.6205786168767,559.6264462916283,554.9522191721212,556.5103149414062,37603400,0.0,0.0,0.0
2025-05-12 00:00:00-04:00,573.4026196086874,574.9114211824733,569.0340889310521,574.9015502929688,78993600,0.0,0.0,0.0
2025-05-13 00:00:00-04:00,575.3157161654024,580.907093658496,574.7536773375426,578.6981811523438,67947200,0.0,0.0,0.0
2025-05-14 00:00:00-04:00,579.6547240062519,580.8084745781977,577.4161987168885,579.4378051757812,66283500,0.0,0.0,0.0
2025-05-15 00:00:00-04:00,577.4358426248243,582.770756919371,576.9822030720642,582.2678833007812,71268100,0.0,0.0,0.0
2025-05-16 00:00:00-04:00,583.0469103495059,586.2518193704545,581.1042713102905,585.9559936523438,76052100,0.0,0.0,0.0
2025-05-19 00:00:00-04:00,579.9405744991373,587.2773530559552,579.9405744991373,586.596923828125,68168500,0.0,0.0,0.0
2025-05-20 00:00:00-04:00,584.8614155899625,585.8080578995526,581.419785763877,584.6246948242188,60614500,0.0,0.0,0.0
2025-05-21 00:00:00-04:00,580.2759146876367,584.3584902721909,573.7477661832594,574.7733154296875,95197700,0.0,0.0,0.0
2025-05-22 00:00:00-04:00,574.5760350084579,578.4811148637216,573.3433777523152,575.0001220703125,70860400,0.0,0.0,0.0
2025-05-23 00:00:00-04:00,567.988738706783,573.7378691727489,567.6140060747297,571.0753173828125,76029000,0.0,0.0,0.0
2025-05-27 00:00:00-04:00,577.938827709351,583.1061179228353,570.4048112020747,582.9483642578125,72588500,0.0,0.0,0.0
2025-05-28 00:00:00-04:00,583.3526236048898,584.545857588394,578.8460211072919,579.5757446289062,68445500,0.0,0.0,0.0
2025-05-29 00:00:00-04:00,584.8318350718904,584.9699071457442,577.9388245287198,581.8635864257812,69973300,0.0,0.0,0.0
2025-05-30 00:00:00-04:00,580.7591289651484,582.9286180198035,575.1480700909575,581.2127685546875,90601200,0.0,0.0,0.0
2025-06-02 00:00:00-04:00,579.6052986473595,584.5654800276525,576.9427470010985,584.4866333007812,61630500,0.0,0.0,0.0
2025-06-03 00:00:00-04:00,584.121791379625,588.7960181097066,583.6385391723649,587.8197631835938,63606200,0.0,0.0,0.0
2025-06-04 00:00:00-04:00,588.6776647088699,589.6539195966438,587.2280285207049,587.6619262695312,57314200,0.0,0.0,0.0
2025-06-05 00:00:00-04:00,589.3383724752952,590.6893600195378,582.8496477946317,584.8218994140625,92278700,0.0,0.0,0.0
2025-06-06 00:00:00-04:00,590.3540722792903,592.4940086999786,588.5790577947733,590.8274536132812,66588700,0.0,0.0,0.0
2025-06-09 00:00:00-04:00,591.3993476813894,592.9081490758875,590.1864321834666,591.3599243164062,53016400,0.0,0.0,0.0
2025-06-10 00:00:00-04:00,591.8924637491524,595.0973729509094,590.7781968461302,594.7128295898438,66247000,0.0,0.0,0.0
2025-06-11 00:00:00-04:00,595.8073544523882,596.6652790904382,590.9556323288738,593.0166015625,73658200,0.0,0.0,0.0
2025-06-12 00:00:00-04:00,591.6853731206485,595.3734741210938,591.2021810906274,595.3734741210938,64129000,0.0,0.0,0.0
2025-06-13 00:00:00-04:00,590.1963519379123,593.499849631983,587.218232455665,588.7171630859375,89506000,0.0,0.0,0.0
2025-06-16 00:00:00-04:00,592.0700235861916,596.0638215052488,591.8924679557008,594.318359375,79984100,0.0,0.0,0.0
2025-06-17 00:00:00-04:00,591.8826171802143,593.4012293190596,588.4804709653109,589.2398071289062,82209400,0.0,0.0,0.0
2025-06-18 00:00:00-04:00,590.1371267775953,592.8785252065284,588.1944276516227,589.1510009765625,76605000,0.0,0.0,0.0
2025-06-20 00:00:00-04:00,591.8224395288368,592.8906208578056,586.3629131433069,587.7673950195312,94051400,1.761,0.0,0.0
2025-06-23 00:00:00-04:00,588.5189525073708,593.9586781700418,585.403509483969,593.572998046875,87426000,0.0,0.0,0.0
2025-06-24 00:00:00-04:00,597.7072691809916,601.1886530620405,596.7973078378046,600.1304321289062,67735300,0.0,0.0,0.0
2025-06-25 00:00:00-04:00,601.247995602986,601.940336500435,598.903972841808,600.4666748046875,62114800,0.0,0.0,0.0
2025-06-26 00:00:00-04:00,602.3161684365299,605.5997923429508,601.7029677445283,605.1646118164062,78548400,0.0,0.0,0.0
2025-06-27 00:00:00-04:00,606.1635425121184,609.6350865938839,604.1360202356653,608.1712646484375,86258400,0.0,0.0,0.0
2025-06-30 00:00:00-04:00,610.6142811588834,612.4340832221852,608.2998981128763,611.0791015625,92502500,0.0,0.0,0.0
2025-07-01 00:00:00-04:00,609.6053849111585,612.0483479268365,608.7746241554748,610.8812866210938,70030100,0.0,0.0,0.0
2025-07-02 00:00:00-04:00,610.4757300098587,613.6901136433279,609.8526292762224,613.6505737304688,66510400,0.0,0.0,0.0
2025-07-03 00:00:00-04:00,615.628656191773,619.4167005776212,615.6088560521965,618.4869995117188,51065800,0.0,0.0,0.0
2025-07-07 00:00:00-04:00,616.5286747873084,617.1913758193931,611.0988485499288,613.8780517578125,74814500,0.0,0.0,0.0
2025-07-08 00:00:00-04:00,614.5406899285775,615.2923708557059,612.7307881009865,613.5418090820312,59024600,0.0,0.0,0.0
2025-07-09 00:00:00-04:00,615.945166968477,617.8737488887257,614.1055045789822,617.2210083007812,66113300,0.0,0.0,0.0
2025-07-10 00:00:00-04:00,617.3595500232223,620.000273214104,616.1825885407072,618.9617919921875,57529000,0.0,0.0,0.0
2025-07-11 00:00:00-04:00,615.9154056597896,618.0121678287132,614.7187046395575,616.7857666015625,63670200,0.0,0.0,0.0
2025-07-14 00:00:00-04:00,616.3308265898004,618.3089087938923,614.9857451789246,617.9627685546875,51898500,0.0,0.0,0.0
2025-07-15 00:00:00-04:00,620.6431287961128,620.9793689858044,615.242942324076,615.3220825195312,74317300,0.0,0.0,0.0
2025-07-16 00:00:00-04:00,616.9045519994012,617.883693134462,611.2769051241828,617.3792724609375,88987500,0.0,0.0,0.0
2025-07-17 00:00:00-04:00,617.557284919235,621.5134493059918,617.3396644874989,621.1573486328125,68885700,0.0,0.0,0.0
2025-07-18 00:00:00-04:00,622.4036365954075,622.5717567026577,619.5947932954602,620.7025146484375,65621600,0.0,0.0,0.0
2025-07-21 00:00:00-04:00,621.87939453125,624.6189973413707,621.4541141003111,621.87939453125,63375000,0.0,0.0,0.0
2025-07-22 00:00:00-04:00,622.2058050575365,622.828905853138,619.3277216791315,621.9684448242188,60046300,0.0,0.0,0.0
2025-07-23 00:00:00-04:00,624.6288217656338,627.2597045898438,622.8287599296668,627.2597045898438,70511000,0.0,0.0,0.0
2025-07-24 00:00:00-04:00,627.6454884244192,629.1785504969665,627.0421878119985,627.4674682617188,71307100,0.0,0.0,0.0
2025-07-25 00:00:00-04:00,628.1301809903662,630.5928838363332,627.8829206987424,630.1181030273438,56865400,0.0,0.0,0.0
2025-07-28 00:00:00-04:00,630.4938993278172,631.0477599275997,628.5751571845921,629.9598388671875,54917100,0.0,0.0,0.0
2025-07-29 00:00:00-04:00,631.3543820995848,631.6708825055948,627.3883778702398,628.2982788085938,60556300,0.0,0.0,0.0
2025-07-30 00:00:00-04:00,628.9509803708415,630.6917023127537,624.6189756546709,627.5070190429688,80418900,0.0,0.0,0.0
2025-07-31 00:00:00-04:00,632.4522656090571,632.8379457731452,623.8574957354674,625.1531372070312,103385200,0.0,0.0,0.0
2025-08-01 00:00:00-04:00,619.4364414435403,619.476041722763,612.5032535330552,614.9066162109375,140103600,0.0,0.0,0.0
2025-08-04 00:00:00-04:00,618.813325728958,624.3024917393647,618.7243458354196,624.2530517578125,73218000,0.0,0.0,0.0
2025-08-05 00:00:00-04:00,624.8662177521945,625.6772386500149,620.168272806011,621.0880737304688,68051400,0.0,0.0,0.0
2025-08-06 00:00:00-04:00,622.1563552914652,626.4982606508958,621.2464542892866,625.8455200195312,64357500,0.0,0.0,0.0
2025-08-07 00:00:00-04:00,629.2674923107387,629.9993730574174,622.2156245224251,625.3212280273438,74205800,0.0,0.0,0.0
2025-08-08 00:00:00-04:00,627.1114011688534,630.6620853000642,626.7949007710238,630.1972045898438,64051600,0.0,0.0,0.0
2025-08-11 00:00:00-04:00,630.474150672182,631.9478122276477,627.7047873460086,628.9509887695312,58742300,0.0,0.0,0.0
2025-08-12 00:00:00-04:00,631.2949848204768,635.8050095563038,629.8114232578196,635.6467895507812,64730800,0.0,0.0,0.0
2025-08-13 00:00:00-04:00,637.8424936799373,639.10849531226,635.6369512596368,637.82275390625,60092800,0.0,0.0,0.0
2025-08-14 00:00:00-04:00,635.7457174616427,638.5447207235369,635.300697252298,637.882080078125,59327500,0.0,0.0,0.0
2025-08-15 00:00:00-04:00,638.9106535836406,639.0095939138803,635.4787099260534,636.3886108398438,68592500,0.0,0.0,0.0
2025-08-18 00:00:00-04:00,635.8150025688236,636.9425240091701,635.1424618060598,636.2501831054688,43804900,0.0,0.0,0.0
2025-08-19 00:00:00-04:00,636.0721245937336,637.0512656505922,631.4829592777961,632.7984008789062,69750700,0.0,0.0,0.0
2025-08-20 00:00:00-04:00,632.3929060531275,632.6500060324975,626.013578858981,631.1170043945312,88890300,0.0,0.0,0.0
2025-08-21 00:00:00-04:00,629.3071240874224,630.9785456585483,626.864161086776,628.5850830078125,54805800,0.0,0.0,0.0
2025-08-22 00:00:00-04:00,630.7709103705197,639.4151205943501,630.2664897119097,638.2381591796875,84083200,0.0,0.0,0.0
2025-08-25 00:00:00-04:00,636.9820621561176,638.218363635622,635.3105801411765,635.4292602539062,51274300,0.0,0.0,0.0
2025-08-26 00:00:00-04:00,635.1621986940528,638.4359222802034,634.5390979794016,638.0897216796875,51581600,0.0,0.0,0.0
2025-08-27 00:00:00-04:00,637.5062179210042,640.2755208793137,637.3578376120881,639.5436401367188,48341100,0.0,0.0,0.0
2025-08-28 00:00:00-04:00,640.146950913372,642.3623933153343,638.267809046051,641.8085327148438,61519500,0.0,0.0,0.0
2025-08-29 00:00:00-04:00,640.374419619015,640.7404203673219,636.0919150690585,637.98095703125,74522200,0.0,0.0,0.0
2025-09-02 00:00:00-04:00,630.5136938017484,633.4709169972102,627.9619508913343,633.2533569335938,81983500,0.0,0.0,0.0
2025-09-03 00:00:00-04:00,635.6270215222661,637.1501834379544,633.4412793439511,636.685302734375,70820900,0.0,0.0,0.0
2025-09-04 00:00:00-04:00,637.3579030521721,642.0361089027498,636.4579021356687,642.0064086914062,65219200,0.0,0.0,0.0
2025-09-05 00:00:00-04:00,644.3404973975818,645.0625384730564,636.2798483910566,640.14697265625,85178900,0.0,0.0,0.0
2025-09-08 00:00:00-04:00,641.5118230975241,642.718484610511,640.1370415028089,641.7195434570312,63133100,0.0,0.0,0.0
2025-09-09 00:00:00-04:00,641.8580441132016,643.7273464852004,640.1272219983028,643.2031860351562,66133900,0.0,0.0,0.0
2025-09-10 00:00:00-04:00,646.4570213518696,647.3768223058731,643.4997982019892,645.0625,78034500,0.0,0.0,0.0
2025-09-11 00:00:00-04:00,647.0108918753651,651.115436538164,646.4273914384058,650.423095703125,69934400,0.0,0.0,0.0
2025-09-12 00:00:00-04:00,650.3934866540098,651.8869485652141,649.701206088218,650.20556640625,72780100,0.0,0.0,0.0
2025-09-15 00:00:00-04:00,652.4110731340584,653.7956944276398,652.114372883025,653.6671142578125,63772400,0.0,0.0,0.0
2025-09-16 00:00:00-04:00,654.2210123755038,654.5276730798186,651.9858301119879,652.7671508789062,61169000,0.0,0.0,0.0
2025-09-17 00:00:00-04:00,652.7770367516476,654.4682584259048,647.1295902463727,651.9561157226562,101952200,0.0,0.0,0.0
2025-09-18 00:00:00-04:00,654.6363789857319,657.6035020628194,653.0341373534065,655.0023193359375,90459200,0.0,0.0,0.0
2025-09-19 00:00:00-04:00,656.8877828567474,659.0895125014193,654.9438659954435,658.2465209960938,97945600,1.831,0.0,0.0
2025-09-22 00:00:00-04:00,656.7588293222589,661.8069717744121,656.7290467709187,661.3607177734375,69452200,0.0,0.0,0.0
2025-09-23 00:00:00-04:00,661.2416672722171,661.856628548307,656.5406245808955,657.7605590820312,81708900,0.0,0.0,0.0
2025-09-24 00:00:00-04:00,659.0498612769777,659.1490153831234,654.2496039734066,655.6678466796875,68082200,0.0,0.0,0.0
2025-09-25 00:00:00-04:00,652.5338627083877,653.9917550046746,649.0328388399253,652.6429443359375,89622100,0.0,0.0,0.0
2025-09-26 00:00:00-04:00,654.0908804383538,656.9273655696547,652.4742691464395,656.3818969726562,69179200,0.0,0.0,0.0
2025-09-29 00:00:00-04:00,658.9010899003678,659.8135740530697,656.4216318338509,658.2266845703125,73499000,0.0,0.0,0.0
2025-09-30 00:00:00-04:00,657.4827596300943,661.1722242194463,656.173598681204,660.7060546875,86288000,0.0,0.0,0.0
2025-10-01 00:00:00-04:00,657.7208144097488,663.8698820443607,657.6117327913598,662.9574584960938,72545400,0.0,0.0,0.0
2025-10-02 00:00:00-04:00,664.9410037342527,665.0600128657511,661.3011766397112,663.7210693359375,56896000,0.0,0.0,0.0
2025-10-03 00:00:00-04:00,664.4848631838105,667.1527626006609,662.6698828508305,663.7113037109375,70494400,0.0,0.0,0.0
2025-10-06 00:00:00-04:00,666.1014192164715,666.9841207809839,663.9591941673339,666.0914916992188,54623300,0.0,0.0,0.0
2025-10-07 00:00:00-04:00,667.0138910729768,667.4602056461605,662.1839114453724,663.6220092773438,72020100,0.0,0.0,0.0
2025-10-08 00:00:00-04:00,664.7426772273783,667.6783772359653,663.919480237528,667.5791625976562,60702200,0.0,0.0,0.0
2025-10-09 00:00:00-04:00,667.9957845708525,668.4023890582872,663.7112737749407,665.6452026367188,66501900,0.0,0.0,0.0
2025-10-10 00:00:00-04:00,666.6071968358344,668.4122493878771,647.4757221413303,647.6542358398438,159422600,0.0,0.0,0.0
2025-10-13 00:00:00-04:00,655.2216030747315,659.664772492732,654.3488290056752,657.5919189453125,79560500,0.0,0.0,0.0
2025-10-14 00:00:00-04:00,651.7701536094826,660.3590300864076,647.8030207789583,656.78857421875,88779600,0.0,0.0,0.0
2025-10-15 00:00:00-04:00,661.3408732132422,664.7228272522149,653.5156893256119,659.7044067382812,81702600,0.0,0.0,0.0
2025-10-16 00:00:00-04:00,661.3408828539109,663.215367636124,651.7106461582608,655.211669921875,110563300,0.0,0.0,0.0
2025-10-17 00:00:00-04:00,654.0810128478913,660.2895852935891,652.7322022395391,658.9308471679688,96500900,0.0,0.0,0.0
2025-10-20 00:00:00-04:00,661.8367798071084,666.6866142382812,661.7872027532737,665.7840576171875,60493400,0.0,0.0,0.0
2025-10-21 00:00:00-04:00,665.9229005771253,667.4601523988813,664.4748753427003,665.7741088867188,56249000,0.0,0.0,0.0
2025-10-22 00:00:00-04:00,666.4782452803545,666.4782452803545,657.8497201766941,662.312744140625,80564000,0.0,0.0,0.0
2025-10-23 00:00:00-04:00,662.6301900162397,667.1825015615415,662.3128121266341,666.2402954101562,65604500,0.0,0.0,0.0
2025-10-24 00:00:00-04:00,670.9016937183009,672.8951271271609,670.0983517375236,671.6851806640625,74356500,0.0,0.0,0.0
2025-10-27 00:00:00-04:00,677.1201116013259,679.9070199177999,676.5151383891614,679.6094970703125,63339800,0.0,0.0,0.0
2025-10-28 00:00:00-04:00,681.4046232640447,683.2493254549719,679.2028936555786,681.41455078125,61738100,0.0,0.0,0.0
2025-10-29 00:00:00-04:00,683.0608492697363,684.0328379014793,677.2589421639235,681.7418212890625,85657100,0.0,0.0,0.0
2025-10-30 00:00:00-04:00,678.2805836148408,680.3037996369978,674.2440185546875,674.2440185546875,76335800,0.0,0.0,0.0
2025-10-31 00:00:00-04:00,679.4111832231399,679.4508932951077,673.6588524169174,676.4556884765625,87164100,0.0,0.0,0.0
2025-11-03 00:00:00-05:00,680.0359699637585,680.1649066224819,674.3530715971103,677.7251586914062,57315000,0.0,0.0,0.0
2025-11-04 00:00:00-05:00,670.5544968959969,674.3728983771498,669.0371001406891,669.691650390625,78427000,0.0,0.0,0.0
2025-11-05 00:00:00-05:00,669.4337786331213,675.2654684624238,668.6304366940664,672.012451171875,74402400,0.0,0.0,0.0
2025-11-06 00:00:00-05:00,670.9116044462689,671.8141611273297,663.2252840482561,664.80224609375,85035300,0.0,0.0,0.0
2025-11-07 00:00:00-05:00,662.4218719882706,665.5658682287408,655.7769731606511,665.4567260742188,100592400,0.0,0.0,0.0
2025-11-10 00:00:00-05:00,671.6751969912248,676.5746080726943,669.4833950163819,675.8406982421875,75842900,0.0,0.0,0.0
2025-11-11 00:00:00-05:00,674.3630127379913,677.9532631527235,673.1530057317516,677.387939453125,58953400,0.0,0.0,0.0
2025-11-12 00:00:00-05:00,679.1631581075335,679.3318048264125,675.3547447293747,677.7647705078125,62312500,0.0,0.0,0.0
2025-11-13 00:00:00-05:00,674.9085136071693,675.265541055433,665.0105359672095,666.5180053710938,103457800,0.0,0.0,0.0
2025-11-14 00:00:00-05:00,659.9126462553079,670.1081450818862,657.8199984349773,666.4088134765625,96846700,0.0,0.0,0.0
2025-11-17 00:00:00-05:00,664.1972328051172,668.1742931923078,656.7290761218832,660.2003173828125,90456100,0.0,0.0,0.0
2025-11-18 00:00:00-05:00,656.6596108350068,659.6548153709225,650.4708935566339,654.65625,114467500,0.0,0.0,0.0
2025-11-19 00:00:00-05:00,655.3505280387882,661.856623370592,653.3371790986623,657.185302734375,94703000,0.0,0.0,0.0
2025-11-20 00:00:00-05:00,667.3808213360044,670.0090710879778,646.5335791707308,647.1683349609375,165293500,0.0,0.0,0.0
2025-11-21 00:00:00-05:00,649.6675301260088,659.0894699034471,645.5020288545189,653.6148681640625,123956200,0.0,0.0,0.0
2025-11-24 00:00:00-05:00,657.2448196444445,664.5542570793402,656.1538823239337,663.2351684570312,80437900,0.0,0.0,0.0
2025-11-25 00:00:00-05:00,663.1360016067486,670.6537351639657,659.0200771396823,669.4735107421875,81077100,0.0,0.0,0.0
2025-11-26 00:00:00-05:00,672.0620713400136,676.0986363282427,671.1595147067713,674.09521484375,71879600,0.0,0.0,0.0
2025-11-28 00:00:00-05:00,675.2654787466182,678.0523870500939,674.9084513312986,677.7747192382812,49212000,0.0,0.0,0.0
2025-12-01 00:00:00-05:00,673.2323336611282,677.3779800628074,673.1629015749381,674.6803588867188,61201200,0.0,0.0,0.0
2025-12-02 00:00:00-05:00,676.316742094939,678.2011542749951,673.748057660358,675.9299926757812,62953800,0.0,0.0,0.0
2025-12-03 00:00:00-05:00,674.9779023816353,679.2822075879724,674.105128319461,678.2706298828125,57238500,0.0,0.0,0.0
2025-12-04 00:00:00-05:00,679.6690366334618,679.7384687237238,675.7416137771377,678.7665405273438,61970300,0.0,0.0,0.0
2025-12-05 00:00:00-05:00,679.8375623637357,682.7336127271673,678.9549213715281,680.0557861328125,79241000,0.0,0.0,0.0
2025-12-08 00:00:00-05:00,680.9484564225444,680.9980334759979,675.9696853695019,678.0127563476562,55231500,0.0,0.0,0.0
2025-12-09 00:00:00-05:00,677.5367544682442,679.7583392727543,676.9813582671167,677.4276123046875,58310100,0.0,0.0,0.0
2025-12-10 00:00:00-05:00,676.951505843926,683.3088092137841,675.7117769038598,681.9203491210938,85671300,0.0,0.0,0.0
2025-12-11 00:00:00-05:00,679.51034738166,683.5865617528303,676.5647198382891,683.5072021484375,86173700,0.0,0.0,0.0
2025-12-12 00:00:00-05:00,682.5154459360199,683.2196338188487,673.5893968987631,676.1581420898438,113160300,0.0,0.0,0.0
2025-12-15 00:00:00-05:00,680.1054404790556,680.1252955149479,673.6687768311533,675.1365966796875,90811000,0.0,0.0,0.0
2025-12-16 00:00:00-05:00,673.6488975485244,675.4837328267965,669.4338188610296,673.2918701171875,122030600,0.0,0.0,0.0
2025-12-17 00:00:00-05:00,674.3034691132465,674.8489377460819,665.6848710067972,665.8832397460938,110625200,0.0,0.0,0.0
2025-12-18 00:00:00-05:00,672.0322187932205,675.1464323222394,669.3544527925658,670.9114990234375,108650100,0.0,0.0,0.0
2025-12-19 00:00:00-05:00,673.0134542661981,677.4896664833268,672.8940327515619,676.9923095703125,103599500,1.993,0.0,0.0
2025-12-22 00:00:00-05:00,680.3245290528953,681.7370055876305,676.9922622536055,681.2098388671875,69556700,0.0,0.0,0.0
2025-12-23 00:00:00-05:00,680.3046207584179,684.562024812114,680.2548972126992,684.3233032226562,64840000,0.0,0.0,0.0
2025-12-24 00:00:00-05:00,684.313382495532,687.1781631452748,684.164151137988,686.7305297851562,39445600,0.0,0.0,0.0
2025-12-26 00:00:00-05:00,686.989161229118,688.0037280321676,685.6264081645946,686.660888671875,41613300,0.0,0.0,0.0
2025-12-29 00:00:00-05:00,683.9055083361335,685.5567672531378,682.4433081832867,684.2138671875,62559500,0.0,0.0,0.0
2025-12-30 00:00:00-05:00,683.8159723723246,684.9200900521846,682.9505762759469,683.3782958984375,47160700,0.0,0.0,0.0
2025-12-31 00:00:00-05:00,683.5076844111845,683.726492314561,678.1063955310838,678.3152465820312,74144800,0.0,0.0,0.0
2026-01-02 00:00:00-05:00,682.0852055985325,683.2390468658663,676.2263268834449,679.55859375,89377200,0.0,0.0,0.0
2026-01-05 00:00:00-05:00,682.910839643419,685.7855773037328,682.7517121374489,684.0845947265625,71927200,0.0,0.0,0.0
2026-01-06 00:00:00-05:00,684.2934596862484,688.6602678554459,684.1442890432024,688.1529541015625,69273800,0.0,0.0,0.0
2026-01-07 00:00:00-05:00,688.5309418430683,690.2916046822218,685.6761181181482,685.9347534179688,75588300,0.0,0.0,0.0
2026-01-08 00:00:00-05:00,685.1787573638412,686.9692300361542,683.8557710289468,685.8651123046875,64019200,0.0,0.0,0.0
2026-01-09 00:00:00-05:00,686.9791831428475,691.6344363504869,685.5368360184962,690.4010009765625,80125500,0.0,0.0,0.0
2026-01-12 00:00:00-05:00,687.0289310253164,692.410366767912,686.979207477028,691.4852294921875,63976000,0.0,0.0,0.0
2026-01-13 00:00:00-05:00,691.813478661017,692.4103433578374,687.6953490317495,690.1026000976562,78309700,0.0,0.0,0.0
2026-01-14 00:00:00-05:00,687.347202661372,688.0633674208381,682.4134005947378,686.7105712890625,94676700,0.0,0.0,0.0
2026-01-15 00:00:00-05:00,690.8983886882239,691.7737417111902,687.5959315038539,688.5806884765625,77862000,0.0,0.0,0.0
2026-01-16 00:00:00-05:00,689.9931507530615,690.5800586110835,686.4519720383781,688.0037231445312,79289200,0.0,0.0,0.0
2026-01-20 00:00:00-05:00,677.8874730475171,681.1501633341576,672.9934983300664,673.9981689453125,111623300,0.0,0.0,0.0
2026-01-21 00:00:00-05:00,676.0572511802958,685.0991655259935,674.5452667925615,681.77685546875,127844500,0.0,0.0,0.0
2026-01-22 00:00:00-05:00,686.2033478813381,687.476610793547,683.2888434897402,685.3379516601562,77112200,0.0,0.0,0.0
2026-01-23 00:00:00-05:00,684.5123006998919,687.3074439470811,683.5274830754288,685.5865478515625,63059600,0.0,0.0,0.0
2026-01-26 00:00:00-05:00,686.8399658941375,690.4607389282814,686.2729717064406,689.068115234375,60473800,0.0,0.0,0.0
2026-01-27 00:00:00-05:00,690.5104039402848,692.8480177488461,689.9036431059924,691.8134765625,55506100,0.0,0.0,0.0
2026-01-28 00:00:00-05:00,693.3652237572153,694.1510864943795,690.271678492269,691.7438354492188,61172200,0.0,0.0,0.0
2026-01-29 00:00:00-05:00,692.7087686795362,693.375209936545,681.2098793986574,690.3711547851562,97486200,0.0,0.0,0.0
2026-01-30 00:00:00-05:00,688.1330925763239,690.540343876794,683.4877957603626,688.3121337890625,101835100,0.0,0.0,0.0
2026-02-02 00:00:00-05:00,685.9347490634862,693.2458711004026,685.7755608588325,691.73388671875,79286500,0.0,0.0,0.0
2026-02-03 00:00:00-05:00,692.529690413304,693.2757257351432,680.4140840721383,685.885009765625,107904600,0.0,0.0,0.0
2026-02-04 00:00:00-05:00,686.7006659106327,687.7948875474046,678.1561081391175,682.5626831054688,105204600,0.0,0.0,0.0
2026-02-05 00:00:00-05:00,677.3404209861714,680.0758839506523,672.2176206040476,674.0379638671875,113610800,0.0,0.0,0.0
2026-02-06 00:00:00-05:00,677.8576866055596,688.6503070282812,677.2508650473027,686.96923828125,89127600,0.0,0.0,0.0
2026-02-09 00:00:00-05:00,685.7755337993461,692.1914496038428,684.7012866666231,690.2816162109375,73885200,0.0,0.0,0.0
2026-02-10 00:00:00-05:00,691.276360737094,692.8579216647231,688.0037135108784,688.4613037109375,65185700,0.0,0.0,0.0
2026-02-11 00:00:00-05:00,692.7087599208829,693.4547952732178,685.5368515439336,688.3021850585938,76353900,0.0,0.0,0.0
2026-02-12 00:00:00-05:00,690.5701102294341,691.6742279947084,676.7734344520502,677.668701171875,118829000,0.0,0.0,0.0
2026-02-13 00:00:00-05:00,678.0864377658819,682.6522007204912,673.9384983110481,678.1461181640625,96267500,0.0,0.0,0.0
2026-02-17 00:00:00-05:00,676.5446598627462,681.31927396984,672.2077222570326,679.2402954101562,81354700,0.0,0.0,0.0
2026-02-18 00:00:00-05:00,680.4041503420104,685.507036973797,679.2204384959671,682.662109375,73570300,0.0,0.0,0.0
2026-02-19 00:00:00-05:00,680.2251236342836,682.5527199680946,677.9471901363287,680.8616943359375,58649400,0.0,0.0,0.0
2026-02-20 00:00:00-05:00,678.7131823752115,686.4122580979458,678.126274472082,685.7855834960938,100034000,0.0,0.0,0.0
2026-02-23 00:00:00-05:00,684.1940214696967,686.3525334522094,676.7734345413753,678.7827758789062,90558100,0.0,0.0,0.0
2026-02-24 00:00:00-05:00,678.295350173768,684.7112054782021,676.4053697086953,683.7164916992188,73798700,0.0,0.0,0.0
2026-02-25 00:00:00-05:00,686.53156929616,690.0130676270821,686.4519751919497,689.4859008789062,56369500,0.0,0.0,0.0
2026-02-26 00:00:00-05:00,689.615191050754,689.6350440416309,680.7323436648176,685.6561889648438,71671000,0.0,0.0,0.0
2026-02-27 00:00:00-05:00,679.4790749097389,683.2291046432514,678.0367277603054,682.3637084960938,83308900,0.0,0.0,0.0
2026-03-02 00:00:00-05:00,675.1122534180175,684.9797970984218,674.4358553343317,682.7516479492188,87477200,0.0,0.0,0.0
2026-03-03 00:00:00-05:00,671.4915420947397,679.0016196644848,666.1200629162043,676.7337036132812,105003100,0.0,0.0,0.0
2026-03-04 00:00:00-05:00,678.026802327329,683.4579617719511,676.027417786932,681.50830078125,79182200,0.0,0.0,0.0
2026-03-05 00:00:00-05:00,678.4743840881955,681.9061587313661,672.0385544367263,677.7084350585938,106606500,0.0,0.0,0.0
2026-03-06 00:00:00-05:00,669.8501461298736,672.5358853430707,666.2194774432897,668.8256225585938,100687000,0.0,0.0,0.0
2026-03-09 00:00:00-04:00,662.8673051642795,676.3257505242918,658.888450195908,674.6845092773438,102667700,0.0,0.0,0.0
2026-03-10 00:00:00-04:00,674.1374043547928,679.7476047325034,671.1930903760745,673.6002807617188,81505300,0.0,0.0,0.0
2026-03-11 00:00:00-04:00,673.9982140650914,676.4849986405864,669.7806371390539,672.7548217773438,68441700,0.0,0.0,0.0
2026-03-12 00:00:00-04:00,667.6120785283837,668.0995392824933,662.3500644519811,662.5390625,108882200,0.0,0.0,0.0
2026-03-13 00:00:00-04:00,665.7321452917186,668.7859240392634,657.863924887251,658.7890014648438,97200200,0.0,0.0,0.0
2026-03-16 00:00:00-04:00,664.8468199428278,668.5173163233716,663.5934708305671,665.493408203125,82023100,0.0,0.0,0.0
2026-03-17 00:00:00-04:00,668.8355969918504,670.8747480492216,666.1598145596139,667.2440185546875,87128000,0.0,0.0,0.0
2026-03-18 00:00:00-04:00,664.8268919718373,666.1796881508768,657.6948111200146,657.9335327148438,82062600,0.0,0.0,0.0
2026-03-19 00:00:00-04:00,653.497076818377,659.4753162945015,651.7066041735543,656.3121337890625,111272500,0.0,0.0,0.0
2026-03-20 00:00:00-04:00,654.8230422006715,655.0025723674255,643.063298812559,646.9034423828125,163617500,1.797,0.0,0.0
2026-03-23 00:00:00-04:00,656.3790129905765,660.9173090129275,652.2596206790361,653.6959228515625,134802700,0.0,0.0,0.0
2026-03-24 00:00:00-04:00,649.6463809650626,655.3417305137531,648.2100787416998,651.5015869140625,96457500,0.0,0.0,0.0
2026-03-25 00:00:00-04:00,656.9774239230809,659.1917509309695,652.5588148295345,655.1322021484375,90653800,0.0,0.0,0.0
2026-03-26 00:00:00-04:00,650.3844333840033,653.1672421520028,643.1630473705688,643.432373046875,96494400,0.0,0.0,0.0
2026-03-27 00:00:00-04:00,640.8489947137006,641.0085567819559,631.4831091918358,632.4606323242188,103649400,0.0,0.0,0.0
2026-03-30 00:00:00-04:00,638.4651675144013,638.7245091624994,627.6630399662237,630.3460693359375,99275900,0.0,0.0,0.0
2026-03-31 00:00:00-04:00,637.2981538716512,649.865752001465,636.3405988140365,648.6688842773438,152534100,0.0,0.0,0.0
2026-04-01 00:00:00-04:00,652.219751792706,656.8278752918841,651.3220400966815,653.5562744140625,97841500,0.0,0.0,0.0
2026-04-02 00:00:00-04:00,644.7589215344626,656.5086804928782,643.4522901873171,654.144775390625,68358700,0.0,0.0,0.0
2026-04-06 00:00:00-04:00,654.1746977251443,658.0247645183308,653.8356054757206,657.23681640625,39105800,0.0,0.0,0.0
2026-04-07 00:00:00-04:00,654.9626585699763,657.9150134208243,649.386996170508,657.5260009765625,69980400,0.0,0.0,0.0
2026-04-08 00:00:00-04:00,674.6519776493207,675.3402070755335,669.734652974974,674.27294921875,93606100,0.0,0.0,0.0
2026-04-09 00:00:00-04:00,673.1059235004034,679.4096297331154,672.0386657215836,678.162841796875,57134400,0.0,0.0,0.0
2026-04-10 00:00:00-04:00,679.5692561407437,680.2774536083281,676.7066358948267,677.7140502929688,42253500,0.0,0.0,0.0
2026-04-13 00:00:00-04:00,675.669302461078,684.536473353906,674.8414790590384,684.3369750976562,54185800,0.0,0.0,0.0
2026-04-14 00:00:00-04:00,685.9229138241225,692.7952238870419,685.8929616905456,692.675537109375,63480500,0.0,0.0,0.0
2026-04-15 00:00:00-04:00,693.4734516118131,698.480571570673,692.4161778504387,698.1414184570312,58240400,0.0,0.0,0.0
2026-04-16 00:00:00-04:00,699.2585607342904,700.9741726960574,696.7350934539525,699.8569946289062,49972400,0.0,0.0,0.0
2026-04-17 00:00:00-04:00,704.3255249385737,710.5594650064761,703.9464965121796,708.3152465820312,70661900,0.0,0.0,0.0
2026-04-20 00:00:00-04:00,706.9587079747221,708.0857482546458,704.3254772575062,706.8988037109375,43546800,0.0,0.0,0.0
2026-04-21 00:00:00-04:00,708.4548936431559,709.4523240430285,700.8345107773317,702.2708129882812,58941400,0.0,0.0,0.0
2026-04-22 00:00:00-04:00,707.3278031045794,709.6218808832724,706.4001392457644,709.3825073242188,42518500,0.0,0.0,0.0
2026-04-23 00:00:00-04:00,707.6768673789517,710.5295037064266,700.4754491270062,706.6295776367188,56174000,0.0,0.0,0.0
2026-04-24 00:00:00-04:00,708.9236633096505,712.6340752101273,707.1881441382454,712.10546875,45182000,0.0,0.0,0.0
2026-04-27 00:00:00-04:00,711.3374146094498,713.7911152864904,710.4696550399041,713.332275390625,33135900,0.0,0.0,0.0
2026-04-28 00:00:00-04:00,709.9908768700561,711.0481506026886,707.4274735730012,709.8612060546875,43117400,0.0,0.0,0.0
2026-04-29 00:00:00-04:00,709.1729992133655,710.3699278433978,706.5497524472755,709.7515258789062,41859200,0.0,0.0,0.0
2026-04-30 00:00:00-04:00,712.7936806635566,717.9403946619685,708.6244289610544,716.8132934570312,67240900,0.0,0.0,0.0
2026-05-01 00:00:00-04:00,719.3966516418469,723.0073446973263,718.6186267345964,718.7982177734375,43049800,0.0,0.0,0.0
2026-05-04 00:00:00-04:00,718.2196821209096,720.2644021704073,713.152718877996,716.1649780273438,51950600,0.0,0.0,0.0
2026-05-05 00:00:00-04:00,719.9153564929043,723.1769124909786,719.6360467603954,721.9102172851562,36933200,0.0,0.0,0.0
2026-05-06 00:00:00-04:00,726.288861980811,732.7023927493656,725.9497697512824,731.9443359375,53288900,0.0,0.0,0.0
2026-05-07 00:00:00-04:00,733.161188473549,734.238430329629,727.8748196364371,729.7001342773438,51724600,0.0,0.0,0.0
2026-05-08 00:00:00-04:00,733.0415191543954,736.1834492768152,732.6824588199246,735.724609375,47227100,0.0,0.0,0.0
2026-05-11 00:00:00-04:00,734.5576163199453,738.8864300819614,734.5576163199453,737.4002685546875,44024000,0.0,0.0,0.0
2026-05-12 00:00:00-04:00,734.9964788307154,736.9414802248905,729.9494836014034,736.2831420898438,54185300,0.0,0.0,0.0
2026-05-13 00:00:00-04:00,736.5723674930287,741.9983910774667,733.5800764180441,740.4025268554688,44200200,0.0,0.0,0.0
2026-05-14 00:00:00-04:00,741.7391534739264,747.6040491923611,741.649357949993,746.2474975585938,45307600,0.0,0.0,0.0
2026-05-15 00:00:00-04:00,739.8838927249178,741.5496453663399,736.0637780312098,737.2706298828125,60410800,0.0,0.0,0.0
2026-05-18 00:00:00-04:00,737.9289136337939,739.5147938000424,731.5054597381557,736.751953125,47843900,0.0,0.0,0.0
2026-05-19 00:00:00-04:00,732.8919551385734,735.7545755811656,729.650306265128,731.8446044921875,54255900,0.0,0.0,0.0
2026-05-20 00:00:00-04:00,733.8195334397973,739.9636778498481,732.0042028263388,739.3452758789062,45768000,0.0,0.0,0.0
2026-05-21 00:00:00-04:00,736.7419902854853,742.9559620700644,735.1361419849363,740.8114624023438,43332200,0.0,0.0,0.0
2026-05-22 00:00:00-04:00,744.3224328967863,747.015507083493,742.566945697205,743.7239990234375,41762000,0.0,0.0,0.0
2026-05-26 00:00:00-04:00,748.0827892360243,750.1973368284331,746.4469887578754,748.6613159179688,41123600,0.0,0.0,0.0
2026-05-27 00:00:00-04:00,748.9505199197505,749.4492351039673,746.2973210478585,748.5316162109375,42106300,0.0,0.0,0.0
2026-05-28 00:00:00-04:00,748.3221518516883,753.2095851254732,747.3047533704411,752.6609497070312,41562600,0.0,0.0,0.0
2026-05-29 00:00:00-04:00,753.9576670103595,756.1320579864754,752.7507543048832,754.5361328125,55075700,0.0,0.0,0.0
2026-06-01 00:00:00-04:00,753.4189990020213,758.3264003155792,752.7507376917755,756.5908203125,43634900,0.0,0.0,0.0
2026-06-02 00:00:00-04:00,755.0847737682097,758.4461093852723,754.805464031348,757.6182250976562,31581900,0.0,0.0,0.0
2026-06-03 00:00:00-04:00,756.2018667594974,756.8501599793441,751.6336185743088,752.3018798828125,51402500,0.0,0.0,0.0
2026-06-04 00:00:00-04:00,750.1673635570705,756.3614281257201,749.5389775481502,755.1445922851562,49923000,0.0,0.0,0.0
2026-06-05 00:00:00-04:00,750.3768677170906,750.8855669656407,733.6400171295905,735.65478515625,93989400,0.0,0.0,0.0
2026-06-08 00:00:00-04:00,741.4498108327123,743.4247643242134,736.2931129658897,737.3204345703125,49319100,0.0,0.0,0.0
2026-06-09 00:00:00-04:00,741.7191759970133,744.9807928982774,720.7332622187009,735.1560668945312,87683500,0.0,0.0,0.0
2026-06-10 00:00:00-04:00,731.5054857614351,736.4826536495077,723.4661992814284,723.56591796875,60341300,0.0,0.0,0.0
2026-06-11 00:00:00-04:00,726.8873842592473,738.0984921563339,722.5485255148498,735.8642578125,86330500,0.0,0.0,0.0
2026-06-12 00:00:00-04:00,738.8066884479139,742.5270843334097,733.1412911200548,739.843994140625,57079500,0.0,0.0,0.0
2026-06-15 00:00:00-04:00,749.9179969688896,754.7356026867302,749.8282623277308,752.890380859375,60176400,0.0,0.0,0.0
2026-06-16 00:00:00-04:00,752.6111046530555,753.4988323298886,747.9531216783239,748.4019775390625,67093100,0.0,0.0,0.0
2026-06-17 00:00:00-04:00,749.3594421826946,750.217278570044,737.3204502885575,739.0560302734375,85945200,0.0,0.0,0.0
2026-06-18 00:00:00-04:00,747.760009765625,748.22998046875,743.8599853515625,746.739990234375,80875700,1.904,0.0,0.0
2026-06-22 00:00:00-04:00,747.7000122070312,750.1799926757812,743.1300048828125,744.3900146484375,46628100,0.0,0.0,0.0
2026-06-23 00:00:00-04:00,733.8099975585938,739.6300048828125,732.2999877929688,733.5800170898438,66846800,0.0,0.0,0.0
2026-06-24 00:00:00-04:00,735.1699829101562,739.9500122070312,730.8400268554688,733.239990234375,57439500,0.0,0.0,0.0
2026-06-25 00:00:00-04:00,738.9099731445312,739.3699951171875,729.5999755859375,734.2999877929688,53934400,0.0,0.0,0.0
2026-06-26 00:00:00-04:00,728.9500122070312,736.530029296875,716.5800170898438,728.989990234375,71034000,0.0,0.0,0.0
2026-06-29 00:00:00-04:00,736.530029296875,741.5599975585938,732.0900268554688,741.0,58035200,0.0,0.0,0.0
2026-06-30 00:00:00-04:00,741.2899780273438,748.02001953125,740.8900146484375,746.77001953125,55626000,0.0,0.0,0.0
2026-07-01 00:00:00-04:00,745.0,749.4400024414062,742.3800048828125,745.760009765625,47100900,0.0,0.0,0.0
2026-07-02 00:00:00-04:00,747.4000244140625,751.3099975585938,740.030029296875,744.780029296875,57447800,0.0,0.0,0.0
2026-07-06 00:00:00-04:00,748.739990234375,752.4099731445312,747.4099731445312,751.280029296875,50673300,0.0,0.0,0.0
2026-07-07 00:00:00-04:00,750.219970703125,750.9600219726562,745.2100219726562,747.7100219726562,43721500,0.0,0.0,0.0
2026-07-08 00:00:00-04:00,743.1599731445312,746.1500244140625,739.510009765625,745.4000244140625,43767400,0.0,0.0,0.0
2026-07-09 00:00:00-04:00,747.3499755859375,751.969970703125,745.5900268554688,751.7100219726562,41441700,0.0,0.0,0.0
2026-07-10 00:00:00-04:00,752.0499877929688,755.4199829101562,748.0999755859375,754.9500122070312,42191300,0.0,0.0,0.0
2026-07-13 00:00:00-04:00,752.469970703125,753.9099731445312,748.0,749.1699829101562,44013600,0.0,0.0,0.0
2026-07-14 00:00:00-04:00,750.9099731445312,753.3400268554688,748.6599731445312,751.8300170898438,35143100,0.0,0.0,0.0
2026-07-15 00:00:00-04:00,754.239990234375,755.5800170898438,750.2000122070312,754.8099975585938,43844800,0.0,0.0,0.0
2026-07-16 00:00:00-04:00,752.760009765625,754.5700073242188,747.8800048828125,750.719970703125,46409800,0.0,0.0,0.0
2026-07-17 00:00:00-04:00,742.0800170898438,747.2899780273438,740.7999877929688,743.2899780273438,62651000,0.0,0.0,0.0
2026-07-20 00:00:00-04:00,747.0599975585938,748.72998046875,741.510009765625,742.0900268554688,50422300,0.0,0.0,0.0
2026-07-21 00:00:00-04:00,746.2899780273438,749.0399780273438,744.1799926757812,748.280029296875,34324300,0.0,0.0,0.0
2026-07-22 00:00:00-04:00,746.6199951171875,750.02001953125,746.3699951171875,747.4099731445312,32836200,0.0,0.0,0.0
2026-07-23 00:00:00-04:00,739.3699951171875,742.5599975585938,735.2100219726562,738.1799926757812,55437300,0.0,0.0,0.0
2026-07-24 00:00:00-04:00,738.510009765625,743.719970703125,737.2899780273438,738.9299926757812,44782000,0.0,0.0,0.0
2026-07-27 00:00:00-04:00,744.9099731445312,745.530029296875,735.8699951171875,739.0900268554688,41461200,0.0,0.0,0.0
2026-07-28 00:00:00-04:00,739.1900024414062,742.7899780273438,735.97998046875,740.8599853515625,47322200,0.0,0.0,0.0
2026-07-29 00:00:00-04:00,739.969970703125,742.6799926757812,729.0999755859375,729.4600219726562,70697200,0.0,0.0,0.0
2026-07-30 00:00:00-04:00,736.0499877929688,742.4500122070312,734.5900268554688,741.6900024414062,65907594,0.0,0.0,0.0
